"timestamp_ns","yaw_ident_debug.timestamp_us","yaw_ident_debug.sample_seq","yaw_ident_debug.motor_rx_seq","yaw_ident_debug.state","yaw_ident_debug.elapsed_s","yaw_ident_debug.frequency_hz","yaw_ident_debug.position_rad","yaw_ident_debug.gyro_yaw_rad_s","yaw_ident_debug.motor_speed_rad_s","yaw_ident_debug.torque_command_nm","yaw_ident_debug.torque_feedback_nm","ins.quaternion[0]","ins.quaternion[1]","ins.quaternion[2]","ins.quaternion[3]","ins.roll","ins.pitch","ins.yaw","ins.total_yaw","ins.gyro_r","ins.gyro_p","ins.gyro_y","ins.accel[0]","ins.accel[1]","ins.accel[2]","ins.gyro_sample_seq","ins.imu_status"
6433114525,76016120,76001,76001,0,0,0,0.043910980224609375,0,-0.010989189147949219,0,-0.014652252197265625,0,0,0,0,0,0,0,0,0,0,0,0,0,0,0,7
6436867450,76019125,76004,76004,0,0,0,0.043910980224609375,0,0.010989189147949219,0,-0.014652252197265625,0,0,0,0,0,0,0,0,0,0,0,0,0,0,0,7
6440620375,76023121,76008,76008,0,0,0,0.043910980224609375,0,-0.0036630630493164062,0,-0.014652252197265625,0,0,0,0,0,0,0,0,0,0,0,0,0,0,0,7
6444373300,76026122,76011,76011,0,0,0,0.043910980224609375,0,0.010989189147949219,0,-0.0048847198486328125,0,0,0,0,0,0,0,0,0,0,0,0,0,0,0,7
6448126225,76029120,76014,76014,0,0,0,0.043910980224609375,0,-0.0036630630493164062,0,-0.0048847198486328125,0,0,0,0,0,0,0,0,0,0,0,0,0,0,0,7
6451879150,76032134,76017,76017,0,0,0,0.043910980224609375,0,0.0036630630493164062,0,-0.0048847198486328125,0,0,0,0,0,0,0,0,0,0,0,0,0,0,0,7
6455632075,76037120,76022,76022,0,0,0,0.043910980224609375,0,0.010989189147949219,0,-0.014652252197265625,0,0,0,0,0,0,0,0,0,0,0,0,0,0,0,7
6459385000,76041121,76026,76026,0,0,0,0.043910980224609375,0,-0.0036630630493164062,0,-0.014652252197265625,0,0,0,0,0,0,0,0,0,0,0,0,0,0,0,7
6462768741,76046133,76031,76031,0,0,0,0.043910980224609375,0,-0.0036630630493164062,0,-0.014652252197265625,0,0,0,0,0,0,0,0,0,0,0,0,0,0,0,7
6466152478,76049121,76034,76034,0,0,0,0.043910980224609375,0,-0.010989189147949219,0,-0.014652252197265625,0,0,0,0,0,0,0,0,0,0,0,0,0,0,0,7
6469536215,76052123,76037,76037,0,0,0,0.043910980224609375,0,0.0036630630493164062,0,-0.0048847198486328125,0,0,0,0,0,0,0,0,0,0,0,0,0,0,0,7
6472919952,76055131,76040,76040,0,0,0,0.043910980224609375,0,-0.01831531524658203,0,-0.0048847198486328125,0,0,0,0,0,0,0,0,0,0,0,0,0,0,0,7
6476303689,76059130,76044,76044,0,0,0,0.043910980224609375,0,0.010989189147949219,0,-0.0048847198486328125,0,0,0,0,0,0,0,0,0,0,0,0,0,0,0,7
6479687426,76062120,76047,76047,0,0,0,0.043910980224609375,0,0.010989189147949219,0,0.0048847198486328125,0,0,0,0,0,0,0,0,0,0,0,0,0,0,0,7
6483071163,76065129,76050,76050,0,0,0,0.043910980224609375,0,-0.0036630630493164062,0,0.0048847198486328125,0,0,0,0,0,0,0,0,0,0,0,0,0,0,0,7
6486454900,76068122,76053,76053,0,0,0,0.043910980224609375,0,-0.01831531524658203,0,0.0048847198486328125,0,0,0,0,0,0,0,0,0,0,0,0,0,0,0,7
6490459600,76078121,76063,76063,0,0,0,0.043910980224609375,0,-0.0036630630493164062,0,-0.0048847198486328125,0,0,0,0,0,0,0,0,0,0,0,0,0,0,0,7
6494464300,76081121,76066,76066,0,0,0,0.043910980224609375,0,0.0036630630493164062,0,-0.014652252197265625,0,0,0,0,0,0,0,0,0,0,0,0,0,0,0,7
6498469000,76084122,76069,76069,0,0,0,0.043910980224609375,0,0.0036630630493164062,0,-0.0048847198486328125,0,0,0,0,0,0,0,0,0,0,0,0,0,0,0,7
6502473700,76087128,76072,76072,0,0,0,0.043910980224609375,0,-0.0036630630493164062,0,-0.014652252197265625,0,0,0,0,0,0,0,0,0,0,0,0,0,0,0,7
6506478400,76090120,76075,76075,0,0,0,0.043910980224609375,0,-0.010989189147949219,0,-0.0048847198486328125,0,0,0,0,0,0,0,0,0,0,0,0,0,0,0,7
6510483100,76093124,76078,76078,0,0,0,0.043910980224609375,0,-0.010989189147949219,0,-0.0048847198486328125,0,0,0,0,0,0,0,0,0,0,0,0,0,0,0,7
6514487800,76097122,76082,76082,0,0,0,0.043910980224609375,0,0.010989189147949219,0,-0.0048847198486328125,0,0,0,0,0,0,0,0,0,0,0,0,0,0,0,7
6518492500,76100129,76085,76085,0,0,0,0.043910980224609375,0,-0.010989189147949219,0,-0.0048847198486328125,0,0,0,0,0,0,0,0,0,0,0,0,0,0,0,7
6522295666,76106120,76091,76091,0,0,0,0.043910980224609375,0,-0.0036630630493164062,0,-0.014652252197265625,0,0,0,0,0,0,0,0,0,0,0,0,0,0,0,7
6526098828,76109124,76094,76094,0,0,0,0.043910980224609375,0,-0.010989189147949219,0,-0.014652252197265625,0,0,0,0,0,0,0,0,0,0,0,0,0,0,0,7
6529901990,76113123,76098,76098,0,0,0,0.043910980224609375,0,-0.0036630630493164062,0,-0.014652252197265625,0,0,0,0,0,0,0,0,0,0,0,0,0,0,0,7
6533705152,76116133,76101,76101,0,0,0,0.043910980224609375,0,-0.010989189147949219,0,-0.014652252197265625,0,0,0,0,0,0,0,0,0,0,0,0,0,0,0,7
6537508314,76119121,76104,76104,0,0,0,0.043910980224609375,0,-0.01831531524658203,0,-0.014652252197265625,0,0,0,0,0,0,0,0,0,0,0,0,0,0,0,7
6541311476,76123121,76108,76108,0,0,0,0.043910980224609375,0,0.010989189147949219,0,-0.014652252197265625,0,0,0,0,0,0,0,0,0,0,0,0,0,0,0,7
6545114638,76126122,76111,76111,0,0,0,0.043910980224609375,0,-0.010989189147949219,0,-0.014652252197265625,0,0,0,0,0,0,0,0,0,0,0,0,0,0,0,7
6548917800,76131125,76116,76116,0,0,0,0.043910980224609375,0,-0.0036630630493164062,0,-0.0048847198486328125,0,0,0,0,0,0,0,0,0,0,0,0,0,0,0,7
6552491666,76136120,76121,76121,0,0,0,0.043910980224609375,0,0.010989189147949219,0,-0.0048847198486328125,0,0,0,0,0,0,0,0,0,0,0,0,0,0,0,7
6556065528,76139121,76124,76124,0,0,0,0.043910980224609375,0,-0.0036630630493164062,0,-0.0048847198486328125,0,0,0,0,0,0,0,0,0,0,0,0,0,0,0,7
6559639390,76143132,76128,76128,0,0,0,0.043910980224609375,0,-0.010989189147949219,0,-0.0048847198486328125,0,0,0,0,0,0,0,0,0,0,0,0,0,0,0,7
6563213252,76146120,76131,76131,0,0,0,0.043910980224609375,0,-0.0036630630493164062,0,-0.014652252197265625,0,0,0,0,0,0,0,0,0,0,0,0,0,0,0,7
6566787114,76149121,76134,76134,0,0,0,0.043910980224609375,0,0.0036630630493164062,0,0.0048847198486328125,0,0,0,0,0,0,0,0,0,0,0,0,0,0,0,7
6570360976,76152123,76137,76137,0,0,0,0.043910980224609375,0,-0.01831531524658203,0,-0.0048847198486328125,0,0,0,0,0,0,0,0,0,0,0,0,0,0,0,7
6573934838,76156120,76141,76141,0,0,0,0.043910980224609375,0,-0.0036630630493164062,0,-0.0048847198486328125,0,0,0,0,0,0,0,0,0,0,0,0,0,0,0,7
6577508700,76159128,76144,76144,0,0,0,0.043910980224609375,0,0.0036630630493164062,0,-0.0048847198486328125,0,0,0,0,0,0,0,0,0,0,0,0,0,0,0,7
6581299891,76164121,76149,76149,0,0,0,0.043910980224609375,0,0.0036630630493164062,0,-0.014652252197265625,0,0,0,0,0,0,0,0,0,0,0,0,0,0,0,7
6585091078,76167124,76153,76153,0,0,0,0.043910980224609375,0,0.010989189147949219,0,-0.014652252197265625,0,0,0,0,0,0,0,0,0,0,0,0,0,0,0,7
6588882265,76171130,76156,76156,0,0,0,0.043910980224609375,0,-0.010989189147949219,0,-0.014652252197265625,0,0,0,0,0,0,0,0,0,0,0,0,0,0,0,7
6592673452,76175129,76160,76160,0,0,0,0.043910980224609375,0,-0.01831531524658203,0,-0.014652252197265625,0,0,0,0,0,0,0,0,0,0,0,0,0,0,0,7
6596464639,76179121,76164,76164,0,0,0,0.043910980224609375,0,0.0036630630493164062,0,-0.014652252197265625,0,0,0,0,0,0,0,0,0,0,0,0,0,0,0,7
6600255826,76182120,76167,76167,0,0,0,0.043910980224609375,0,-0.01831531524658203,0,-0.014652252197265625,0,0,0,0,0,0,0,0,0,0,0,0,0,0,0,7
6604047013,76186133,76171,76171,0,0,0,0.043910980224609375,0,0.0036630630493164062,0,-0.0048847198486328125,0,0,0,0,0,0,0,0,0,0,0,0,0,0,0,7
6607838200,76190120,76175,76175,0,0,0,0.043910980224609375,0,0.0036630630493164062,0,-0.0048847198486328125,0,0,0,0,0,0,0,0,0,0,0,0,0,0,0,7
6611990525,76198120,76183,76183,0,0,0,0.043910980224609375,0,0.0036630630493164062,0,-0.0048847198486328125,0,0,0,0,0,0,0,0,0,0,0,0,0,0,0,7
6616142850,76202120,76187,76187,0,0,0,0.043910980224609375,0,-0.010989189147949219,0,-0.014652252197265625,0,0,0,0,0,0,0,0,0,0,0,0,0,0,0,7
6620295175,76206120,76191,76191,0,0,0,0.043910980224609375,0,-0.010989189147949219,0,-0.0048847198486328125,0,0,0,0,0,0,0,0,0,0,0,0,0,0,0,7
6624447500,76209125,76194,76194,0,0,0,0.043910980224609375,0,0.0036630630493164062,0,-0.0048847198486328125,0,0,0,0,0,0,0,0,0,0,0,0,0,0,0,7
6628599825,76212120,76197,76197,0,0,0,0.043910980224609375,0,-0.0036630630493164062,0,-0.014652252197265625,0,0,0,0,0,0,0,0,0,0,0,0,0,0,0,7
6632752150,76215133,76200,76200,0,0,0,0.043910980224609375,0,-0.0036630630493164062,0,-0.014652252197265625,0,0,0,0,0,0,0,0,0,0,0,0,0,0,0,7
6636904475,76219120,76204,76204,0,0,0,0.043910980224609375,0,0.0036630630493164062,0,-0.0048847198486328125,0,0,0,0,0,0,0,0,0,0,0,0,0,0,0,7
6641056800,76223121,76208,76208,0,0,0,0.043910980224609375,0,-0.0036630630493164062,0,-0.014652252197265625,0,0,0,0,0,0,0,0,0,0,0,0,0,0,0,7
6644467500,76228133,76213,76213,0,0,0,0.043910980224609375,0,-0.0036630630493164062,0,-0.014652252197265625,0,0,0,0,0,0,0,0,0,0,0,0,0,0,0,7
6647878200,76231121,76216,76216,0,0,0,0.043910980224609375,0,0.0036630630493164062,0,-0.014652252197265625,0,0,0,0,0,0,0,0,0,0,0,0,0,0,0,7
6651288900,76234122,76219,76219,0,0,0,0.043910980224609375,0,0.0036630630493164062,0,-0.014652252197265625,0,0,0,0,0,0,0,0,0,0,0,0,0,0,0,7
6654699600,76237120,76222,76222,0,0,0,0.043910980224609375,0,0.01831531524658203,0,-0.014652252197265625,0,0,0,0,0,0,0,0,0,0,0,0,0,0,0,7
6658110300,76240120,76225,76225,0,0,0,0.043910980224609375,0,0.0036630630493164062,0,-0.0048847198486328125,0,0,0,0,0,0,0,0,0,0,0,0,0,0,0,7
6661521000,76244120,76229,76229,0,0,0,0.043910980224609375,0,0.0036630630493164062,0,-0.0048847198486328125,0,0,0,0,0,0,0,0,0,0,0,0,0,0,0,7
6664931700,76247121,76232,76232,0,0,0,0.043910980224609375,0,-0.0036630630493164062,0,-0.0048847198486328125,0,0,0,0,0,0,0,0,0,0,0,0,0,0,0,7
6668342400,76250130,76235,76235,0,0,0,0.043910980224609375,0,-0.0036630630493164062,0,0.0048847198486328125,0,0,0,0,0,0,0,0,0,0,0,0,0,0,0,7
6672255741,76255137,76240,76240,0,0,0,0.043910980224609375,0,-0.010989189147949219,0,-0.0048847198486328125,0,0,0,0,0,0,0,0,0,0,0,0,0,0,0,7
6676169078,76259125,76244,76244,0,0,0,0.043910980224609375,0,0.0036630630493164062,0,-0.0048847198486328125,0,0,0,0,0,0,0,0,0,0,0,0,0,0,0,7
6680082415,76263122,76248,76248,0,0,0,0.043910980224609375,0,-0.0036630630493164062,0,-0.0048847198486328125,0,0,0,0,0,0,0,0,0,0,0,0,0,0,0,7
6683995752,76266120,76251,76251,0,0,0,0.043910980224609375,0,-0.0036630630493164062,0,-0.0048847198486328125,0,0,0,0,0,0,0,0,0,0,0,0,0,0,0,7
6687909089,76269128,76254,76254,0,0,0,0.043910980224609375,0,-0.0036630630493164062,0,-0.0048847198486328125,0,0,0,0,0,0,0,0,0,0,0,0,0,0,0,7
6691822426,76274120,76259,76259,0,0,0,0.043910980224609375,0,0.010989189147949219,0,-0.0048847198486328125,0,0,0,0,0,0,0,0,0,0,0,0,0,0,0,7
6695735763,76277121,76262,76263,0,0,0,0.043910980224609375,0,-0.0036630630493164062,0,-0.0048847198486328125,0,0,0,0,0,0,0,0,0,0,0,0,0,0,0,7
6699649100,76281121,76266,76266,0,0,0,0.043910980224609375,0,0.0036630630493164062,0,-0.014652252197265625,0,0,0,0,0,0,0,0,0,0,0,0,0,0,0,7
6703583875,76287122,76272,76272,0,0,0,0.043910980224609375,0,-0.0036630630493164062,0,-0.0048847198486328125,0,0,0,0,0,0,0,0,0,0,0,0,0,0,0,7
6707518650,76290120,76275,76275,0,0,0,0.043910980224609375,0,-0.010989189147949219,0,-0.014652252197265625,0,0,0,0,0,0,0,0,0,0,0,0,0,0,0,7
6711453425,76294120,76279,76279,0,0,0,0.043910980224609375,0,-0.0036630630493164062,0,-0.014652252197265625,0,0,0,0,0,0,0,0,0,0,0,0,0,0,0,7
6715388200,76297129,76282,76282,0,0,0,0.043910980224609375,0,-0.0036630630493164062,0,-0.0048847198486328125,0,0,0,0,0,0,0,0,0,0,0,0,0,0,0,7
6719322975,76301123,76286,76286,0,0,0,0.043910980224609375,0,0.0036630630493164062,0,-0.014652252197265625,0,0,0,0,0,0,0,0,0,0,0,0,0,0,0,7
6723257750,76305129,76290,76290,0,0,0,0.043910980224609375,0,0.0036630630493164062,0,-0.014652252197265625,0,0,0,0,0,0,0,0,0,0,0,0,0,0,0,7
6727192525,76309121,76294,76294,0,0,0,0.043910980224609375,0,-0.0036630630493164062,0,-0.0048847198486328125,0,0,0,0,0,0,0,0,0,0,0,0,0,0,0,7
6731127300,76312136,76297,76297,0,0,0,0.043910980224609375,0,0.0036630630493164062,0,-0.0048847198486328125,0,0,0,0,0,0,0,0,0,0,0,0,0,0,0,7
6735367450,76320120,76306,76306,0,0,0,0.043910980224609375,0,0.0036630630493164062,0,-0.014652252197265625,0,0,0,0,0,0,0,0,0,0,0,0,0,0,0,7
6739607600,76323120,76308,76308,0,0,0,0.043910980224609375,0,-0.0036630630493164062,0,-0.014652252197265625,0,0,0,0,0,0,0,0,0,0,0,0,0,0,0,7
6743847750,76327124,76312,76312,0,0,0,0.043910980224609375,0,-0.0036630630493164062,0,-0.014652252197265625,0,0,0,0,0,0,0,0,0,0,0,0,0,0,0,7
6748087900,76330120,76315,76315,0,0,0,0.043910980224609375,0,-0.010989189147949219,0,-0.014652252197265625,0,0,0,0,0,0,0,0,0,0,0,0,0,0,0,7
6752328050,76333124,76318,76318,0,0,0,0.043910980224609375,0,-0.0036630630493164062,0,-0.014652252197265625,0,0,0,0,0,0,0,0,0,0,0,0,0,0,0,7
6756568200,76337123,76322,76322,0,0,0,0.043910980224609375,0,-0.010989189147949219,0,-0.014652252197265625,0,0,0,0,0,0,0,0,0,0,0,0,0,0,0,7
6760808350,76342120,76327,76327,0,0,0,0.043910980224609375,0,-0.010989189147949219,0,-0.014652252197265625,0,0,0,0,0,0,0,0,0,0,0,0,0,0,0,7
6765048500,76346124,76331,76331,0,0,0,0.043910980224609375,0,0.0036630630493164062,0,-0.014652252197265625,0,0,0,0,0,0,0,0,0,0,0,0,0,0,0,7
6768916391,76353128,76338,76338,0,0,0,0.043910980224609375,0,-0.010989189147949219,0,-0.0048847198486328125,0,0,0,0,0,0,0,0,0,0,0,0,0,0,0,7
6772784278,76357121,76342,76342,0,0,0,0.043910980224609375,0,0.0036630630493164062,0,-0.014652252197265625,0,0,0,0,0,0,0,0,0,0,0,0,0,0,0,7
6776652165,76360120,76345,76345,0,0,0,0.043910980224609375,0,0.01831531524658203,0,-0.014652252197265625,0,0,0,0,0,0,0,0,0,0,0,0,0,0,0,7
6780520052,76364122,76349,76349,0,0,0,0.043910980224609375,0,-0.0036630630493164062,0,-0.024419784545898438,0,0,0,0,0,0,0,0,0,0,0,0,0,0,0,7
6784387939,76367128,76352,76352,0,0,0,0.043910980224609375,0,-0.025641441345214844,0,-0.014652252197265625,0,0,0,0,0,0,0,0,0,0,0,0,0,0,0,7
6788255826,76371120,76356,76356,0,0,0,0.043910980224609375,0,-0.0036630630493164062,0,-0.014652252197265625,0,0,0,0,0,0,0,0,0,0,0,0,0,0,0,7
6792123713,76374122,76359,76359,0,0,0,0.043910980224609375,0,-0.025641441345214844,0,-0.014652252197265625,0,0,0,0,0,0,0,0,0,0,0,0,0,0,0,7
6795991600,76377120,76362,76362,0,0,0,0.043910980224609375,0,0.0036630630493164062,0,-0.014652252197265625,0,0,0,0,0,0,0,0,0,0,0,0,0,0,0,7
6799762266,76383128,76368,76368,0,0,0,0.043910980224609375,0,0.010989189147949219,0,-0.014652252197265625,0,0,0,0,0,0,0,0,0,0,0,0,0,0,0,7
6803532928,76386120,76371,76371,0,0,0,0.043910980224609375,0,-0.010989189147949219,0,-0.014652252197265625,0,0,0,0,0,0,0,0,0,0,0,0,0,0,0,7
6807303590,76390120,76375,76375,0,0,0,0.043910980224609375,0,-0.025641441345214844,0,-0.014652252197265625,0,0,0,0,0,0,0,0,0,0,0,0,0,0,0,7
6811074252,76393120,76378,76378,0,0,0,0.043910980224609375,0,-0.0036630630493164062,0,-0.0048847198486328125,0,0,0,0,0,0,0,0,0,0,0,0,0,0,0,7
6814844914,76397125,76382,76382,0,0,0,0.043910980224609375,0,0.0036630630493164062,0,-0.014652252197265625,0,0,0,0,0,0,0,0,0,0,0,0,0,0,0,7
6818615576,76400130,76385,76385,0,0,0,0.043910980224609375,0,-0.010989189147949219,0,-0.0048847198486328125,0,0,0,0,0,0,0,0,0,0,0,0,0,0,0,7
6822386238,76404124,76389,76389,0,0,0,0.043910980224609375,0,0.0036630630493164062,0,-0.014652252197265625,0,0,0,0,0,0,0,0,0,0,0,0,0,0,0,7
6826156900,76408122,76393,76393,0,0,0,0.043910980224609375,0,-0.01831531524658203,0,-0.024419784545898438,0,0,0,0,0,0,0,0,0,0,0,0,0,0,0,7
6829328166,76413121,76398,76398,0,0,0,0.043910980224609375,0,-0.01831531524658203,0,-0.0048847198486328125,0,0,0,0,0,0,0,0,0,0,0,0,0,0,0,7
6832499428,76416122,76401,76401,0,0,0,0.043910980224609375,0,-0.0036630630493164062,0,-0.0048847198486328125,0,0,0,0,0,0,0,0,0,0,0,0,0,0,0,7
6835670690,76418120,76403,76403,0,0,0,0.043910980224609375,0,-0.010989189147949219,0,-0.0048847198486328125,0,0,0,0,0,0,0,0,0,0,0,0,0,0,0,7
6838841952,76421121,76406,76406,0,0,0,0.043910980224609375,0,0.01831531524658203,0,-0.0048847198486328125,0,0,0,0,0,0,0,0,0,0,0,0,0,0,0,7
6842013214,76424135,76409,76409,0,0,0,0.043910980224609375,0,-0.0036630630493164062,0,-0.0048847198486328125,0,0,0,0,0,0,0,0,0,0,0,0,0,0,0,7
6845184476,76427120,76412,76412,0,0,0,0.043910980224609375,0,-0.0036630630493164062,0,-0.014652252197265625,0,0,0,0,0,0,0,0,0,0,0,0,0,0,0,7
6848355738,76429121,76414,76414,0,0,0,0.043910980224609375,0,0.0036630630493164062,0,-0.024419784545898438,0,0,0,0,0,0,0,0,0,0,0,0,0,0,0,7
6851527000,76433124,76418,76418,0,0,0,0.043910980224609375,0,-0.01831531524658203,0,-0.014652252197265625,0,0,0,0,0,0,0,0,0,0,0,0,0,0,0,7
6855885400,76443120,76428,76428,0,0,0,0.043910980224609375,0,-0.010989189147949219,0,-0.0048847198486328125,0,0,0,0,0,0,0,0,0,0,0,0,0,0,0,7
6860243800,76448120,76433,76433,0,0,0,0.043910980224609375,0,0.0036630630493164062,0,-0.0048847198486328125,0,0,0,0,0,0,0,0,0,0,0,0,0,0,0,7
6864602200,76451128,76436,76436,0,0,0,0.043910980224609375,0,0.0036630630493164062,0,-0.014652252197265625,0,0,0,0,0,0,0,0,0,0,0,0,0,0,0,7
6868960600,76455129,76440,76440,0,0,0,0.043910980224609375,0,0.010989189147949219,0,-0.014652252197265625,0,0,0,0,0,0,0,0,0,0,0,0,0,0,0,7
6873319000,76458120,76443,76443,0,0,0,0.043910980224609375,0,0.0036630630493164062,0,-0.0048847198486328125,0,0,0,0,0,0,0,0,0,0,0,0,0,0,0,7
6877677400,76462124,76447,76447,0,0,0,0.043910980224609375,0,-0.0036630630493164062,0,-0.024419784545898438,0,0,0,0,0,0,0,0,0,0,0,0,0,0,0,7
6882035800,76466136,76451,76451,0,0,0,0.043910980224609375,0,-0.01831531524658203,0,-0.014652252197265625,0,0,0,0,0,0,0,0,0,0,0,0,0,0,0,7
6886394200,76469121,76454,76454,0,0,0,0.043910980224609375,0,0.0036630630493164062,0,-0.0048847198486328125,0,0,0,0,0,0,0,0,0,0,0,0,0,0,0,7
6891497700,76474122,76459,76459,0,0,0,0.043910980224609375,0,-0.010989189147949219,0,-0.014652252197265625,0,0,0,0,0,0,0,0,0,0,0,0,0,0,0,7
6896601200,76478124,76463,76463,0,0,0,0.043910980224609375,0,-0.01831531524658203,0,-0.0048847198486328125,0,0,0,0,0,0,0,0,0,0,0,0,0,0,0,7
6901704700,76481125,76466,76466,0,0,0,0.043910980224609375,0,-0.010989189147949219,0,-0.014652252197265625,0,0,0,0,0,0,0,0,0,0,0,0,0,0,0,7
6906808200,76485129,76470,76470,0,0,0,0.043910980224609375,0,0.010989189147949219,0,-0.014652252197265625,0,0,0,0,0,0,0,0,0,0,0,0,0,0,0,7
6911911700,76489121,76474,76474,0,0,0,0.043910980224609375,0,-0.01831531524658203,0,-0.014652252197265625,0,0,0,0,0,0,0,0,0,0,0,0,0,0,0,7
6917015200,76501123,76486,76486,0,0,0,0.043910980224609375,0,-0.010989189147949219,0,-0.0048847198486328125,0,0,0,0,0,0,0,0,0,0,0,0,0,0,0,7
6922118700,76504120,76489,76489,0,0,0,0.043910980224609375,0,-0.010989189147949219,0,-0.014652252197265625,0,0,0,0,0,0,0,0,0,0,0,0,0,0,0,7
6927222200,76509124,76494,76494,0,0,0,0.043910980224609375,0,-0.0036630630493164062,0,-0.014652252197265625,0,0,0,0,0,0,0,0,0,0,0,0,0,0,0,7
6931493635,76515132,76500,76500,0,0,0,0.043910980224609375,0,-0.0036630630493164062,0,-0.014652252197265625,0,0,0,0,0,0,0,0,0,0,0,0,0,0,0,7
6935765068,76519123,76504,76504,0,0,0,0.043910980224609375,0,0.0036630630493164062,0,-0.0048847198486328125,0,0,0,0,0,0,0,0,0,0,0,0,0,0,0,7
6940036501,76524122,76509,76509,0,0,0,0.043910980224609375,0,-0.010989189147949219,0,-0.014652252197265625,0,0,0,0,0,0,0,0,0,0,0,0,0,0,0,7
6944307934,76526120,76511,76511,0,0,0,0.043910980224609375,0,-0.0036630630493164062,0,-0.014652252197265625,0,0,0,0,0,0,0,0,0,0,0,0,0,0,0,7
6948579367,76530120,76515,76515,0,0,0,0.043910980224609375,0,-0.010989189147949219,0,-0.0048847198486328125,0,0,0,0,0,0,0,0,0,0,0,0,0,0,0,7
6952850800,76533121,76518,76518,0,0,0,0.043910980224609375,0,-0.0036630630493164062,0,0.0048847198486328125,0,0,0,0,0,0,0,0,0,0,0,0,0,0,0,7
6956637300,76541120,76526,76526,0,0,0,0.043910980224609375,0,0.01831531524658203,0,-0.014652252197265625,0,0,0,0,0,0,0,0,0,0,0,0,0,0,0,7
6960423800,76544124,76529,76529,0,0,0,0.043910980224609375,0,-0.0036630630493164062,0,-0.024419784545898438,0,0,0,0,0,0,0,0,0,0,0,0,0,0,0,7
6964210300,76548122,76533,76533,0,0,0,0.043910980224609375,0,0.0036630630493164062,0,-0.014652252197265625,0,0,0,0,0,0,0,0,0,0,0,0,0,0,0,7
6967996800,76551124,76536,76536,0,0,0,0.043910980224609375,0,-0.010989189147949219,0,-0.014652252197265625,0,0,0,0,0,0,0,0,0,0,0,0,0,0,0,7
6971783300,76553123,76538,76538,0,0,0,0.043910980224609375,0,-0.010989189147949219,0,-0.014652252197265625,0,0,0,0,0,0,0,0,0,0,0,0,0,0,0,7
6975569800,76557125,76542,76542,0,0,0,0.043910980224609375,0,0.0036630630493164062,0,-0.014652252197265625,0,0,0,0,0,0,0,0,0,0,0,0,0,0,0,7
6979356300,76560120,76545,76545,0,0,0,0.043910980224609375,0,-0.01831531524658203,0,-0.014652252197265625,0,0,0,0,0,0,0,0,0,0,0,0,0,0,0,7
6983138400,76570120,76555,76555,0,0,0,0.043910980224609375,0,0.0036630630493164062,0,-0.014652252197265625,0,0,0,0,0,0,0,0,0,0,0,0,0,0,0,7
6986920500,76573124,76558,76558,0,0,0,0.043910980224609375,0,-0.010989189147949219,0,-0.0048847198486328125,0,0,0,0,0,0,0,0,0,0,0,0,0,0,0,7
6990702600,76576121,76561,76561,0,0,0,0.043910980224609375,0,-0.01831531524658203,0,-0.014652252197265625,0,0,0,0,0,0,0,0,0,0,0,0,0,0,0,7
6994484700,76579125,76564,76564,0,0,0,0.043910980224609375,0,-0.010989189147949219,0,-0.014652252197265625,0,0,0,0,0,0,0,0,0,0,0,0,0,0,0,7
6998266800,76581121,76566,76566,0,0,0,0.043910980224609375,0,0.010989189147949219,0,-0.014652252197265625,0,0,0,0,0,0,0,0,0,0,0,0,0,0,0,7
7002048900,76584120,76569,76569,0,0,0,0.043910980224609375,0,-0.010989189147949219,0,-0.014652252197265625,0,0,0,0,0,0,0,0,0,0,0,0,0,0,0,7
7005831000,76587121,76572,76572,0,0,0,0.043910980224609375,0,-0.010989189147949219,0,-0.014652252197265625,0,0,0,0,0,0,0,0,0,0,0,0,0,0,0,7
7009613100,76591128,76576,76576,0,0,0,0.043910980224609375,0,-0.0036630630493164062,0,-0.0048847198486328125,0,0,0,0,0,0,0,0,0,0,0,0,0,0,0,7
7013618575,76597121,76582,76582,0,0,0,0.04429435729980469,0,0.01831531524658203,0,-0.0048847198486328125,0,0,0,0,0,0,0,0,0,0,0,0,0,0,0,7
7017624050,76601123,76586,76586,0,0,0,0.043910980224609375,0,-0.010989189147949219,0,-0.014652252197265625,0,0,0,0,0,0,0,0,0,0,0,0,0,0,0,7
7021629525,76605137,76590,76590,0,0,0,0.043910980224609375,0,-0.010989189147949219,0,-0.014652252197265625,0,0,0,0,0,0,0,0,0,0,0,0,0,0,0,7
7025635000,76609121,76594,76594,0,0,0,0.043910980224609375,0,-0.010989189147949219,0,-0.014652252197265625,0,0,0,0,0,0,0,0,0,0,0,0,0,0,0,7
7029640475,76612120,76597,76597,0,0,0,0.043910980224609375,0,-0.0036630630493164062,0,-0.014652252197265625,0,0,0,0,0,0,0,0,0,0,0,0,0,0,0,7
7033645950,76616120,76601,76601,0,0,0,0.043910980224609375,0,-0.0036630630493164062,0,-0.0048847198486328125,0,0,0,0,0,0,0,0,0,0,0,0,0,0,0,7
7037651425,76619131,76604,76604,0,0,0,0.043910980224609375,0,-0.01831531524658203,0,-0.0048847198486328125,0,0,0,0,0,0,0,0,0,0,0,0,0,0,0,7
7041656900,76623124,76608,76608,0,0,0,0.043910980224609375,0,-0.0036630630493164062,0,-0.0048847198486328125,0,0,0,0,0,0,0,0,0,0,0,0,0,0,0,7
7046074000,76631124,76616,76616,0,0,0,0.043910980224609375,0,0.0036630630493164062,0,-0.014652252197265625,0,0,0,0,0,0,0,0,0,0,0,0,0,0,0,7
7050491100,76634134,76619,76619,0,0,0,0.043910980224609375,0,0.010989189147949219,0,-0.014652252197265625,0,0,0,0,0,0,0,0,0,0,0,0,0,0,0,7
7054908200,76637121,76622,76622,0,0,0,0.043910980224609375,0,-0.010989189147949219,0,-0.0048847198486328125,0,0,0,0,0,0,0,0,0,0,0,0,0,0,0,7
7059325300,76641120,76626,76627,0,0,0,0.043910980224609375,0,-0.010989189147949219,0,-0.014652252197265625,0,0,0,0,0,0,0,0,0,0,0,0,0,0,0,7
7063742400,76646120,76631,76631,0,0,0,0.043910980224609375,0,0.0036630630493164062,0,-0.014652252197265625,0,0,0,0,0,0,0,0,0,0,0,0,0,0,0,7
7068159500,76650128,76635,76635,0,0,0,0.043910980224609375,0,-0.010989189147949219,0,-0.014652252197265625,0,0,0,0,0,0,0,0,0,0,0,0,0,0,0,7
7072576600,76653121,76638,76638,0,0,0,0.043910980224609375,0,-0.010989189147949219,0,-0.024419784545898438,0,0,0,0,0,0,0,0,0,0,0,0,0,0,0,7
7076497232,76661128,76646,76646,0,0,0,0.043910980224609375,0,-0.0036630630493164062,0,-0.0048847198486328125,0,0,0,0,0,0,0,0,0,0,0,0,0,0,0,7
7080417860,76665133,76650,76650,0,0,0,0.043910980224609375,0,-0.010989189147949219,0,-0.0048847198486328125,0,0,0,0,0,0,0,0,0,0,0,0,0,0,0,7
7084338488,76668120,76653,76653,0,0,0,0.043910980224609375,0,0.0036630630493164062,0,-0.014652252197265625,0,0,0,0,0,0,0,0,0,0,0,0,0,0,0,7
7088259116,76671121,76656,76656,0,0,0,0.043910980224609375,0,-0.010989189147949219,0,-0.0048847198486328125,0,0,0,0,0,0,0,0,0,0,0,0,0,0,0,7
7092179744,76676135,76661,76661,0,0,0,0.043910980224609375,0,-0.010989189147949219,0,-0.014652252197265625,0,0,0,0,0,0,0,0,0,0,0,0,0,0,0,7
7096100372,76679121,76664,76664,0,0,0,0.043910980224609375,0,-0.0036630630493164062,0,-0.014652252197265625,0,0,0,0,0,0,0,0,0,0,0,0,0,0,0,7
7100021000,76682120,76667,76667,0,0,0,0.043910980224609375,0,-0.0036630630493164062,0,-0.0048847198486328125,0,0,0,0,0,0,0,0,0,0,0,0,0,0,0,7
7103674075,76690135,76675,76675,0,0,0,0.043910980224609375,0,-0.0036630630493164062,0,-0.0048847198486328125,0,0,0,0,0,0,0,0,0,0,0,0,0,0,0,7
7107327150,76694124,76679,76679,0,0,0,0.043910980224609375,0,0.0036630630493164062,0,-0.014652252197265625,0,0,0,0,0,0,0,0,0,0,0,0,0,0,0,7
7110980225,76697121,76682,76682,0,0,0,0.043910980224609375,0,-0.0036630630493164062,0,-0.0048847198486328125,0,0,0,0,0,0,0,0,0,0,0,0,0,0,0,7
7114633300,76700129,76685,76685,0,0,0,0.043910980224609375,0,-0.010989189147949219,0,-0.014652252197265625,0,0,0,0,0,0,0,0,0,0,0,0,0,0,0,7
7118286375,76703129,76688,76688,0,0,0,0.043910980224609375,0,0.0036630630493164062,0,-0.014652252197265625,0,0,0,0,0,0,0,0,0,0,0,0,0,0,0,7
7121939450,76706122,76691,76691,0,0,0,0.043910980224609375,0,-0.0036630630493164062,0,-0.0048847198486328125,0,0,0,0,0,0,0,0,0,0,0,0,0,0,0,7
7125592525,76709120,76694,76694,0,0,0,0.043910980224609375,0,0.0036630630493164062,0,-0.0048847198486328125,0,0,0,0,0,0,0,0,0,0,0,0,0,0,0,7
7129245600,76711121,76696,76696,0,0,0,0.043910980224609375,0,0.0036630630493164062,0,-0.0048847198486328125,0,0,0,0,0,0,0,0,0,0,0,0,0,0,0,7
7135940691,76716120,76701,76701,0,0,0,0.043910980224609375,0,-0.01831531524658203,0,-0.014652252197265625,0,0,0,0,0,0,0,0,0,0,0,0,0,0,0,7
7142635778,76729121,76714,76714,0,0,0,0.043910980224609375,0,-0.0036630630493164062,0,-0.014652252197265625,0,0,0,0,0,0,0,0,0,0,0,0,0,0,0,7
7149330865,76748121,76733,76733,0,0,0,0.043910980224609375,0,-0.0036630630493164062,0,-0.0048847198486328125,0,0,0,0,0,0,0,0,0,0,0,0,0,0,0,7
7156025952,76751123,76736,76736,0,0,0,0.043910980224609375,0,-0.010989189147949219,0,-0.0048847198486328125,0,0,0,0,0,0,0,0,0,0,0,0,0,0,0,7
7162721039,76753121,76738,76738,0,0,0,0.043910980224609375,0,-0.0036630630493164062,0,0.0048847198486328125,0,0,0,0,0,0,0,0,0,0,0,0,0,0,0,7
7169416126,76759128,76744,76744,0,0,0,0.043910980224609375,0,-0.010989189147949219,0,-0.014652252197265625,0,0,0,0,0,0,0,0,0,0,0,0,0,0,0,7
7176111213,76762120,76747,76747,0,0,0,0.043910980224609375,0,0.0036630630493164062,0,-0.014652252197265625,0,0,0,0,0,0,0,0,0,0,0,0,0,0,0,7
7182806300,76764123,76750,76750,0,0,0,0.043910980224609375,0,0.0036630630493164062,0,-0.0048847198486328125,0,0,0,0,0,0,0,0,0,0,0,0,0,0,0,7
7186636650,76770120,76755,76755,0,0,0,0.043910980224609375,0,-0.010989189147949219,0,-0.014652252197265625,0,0,0,0,0,0,0,0,0,0,0,0,0,0,0,7
7190467000,76773128,76758,76758,0,0,0,0.043910980224609375,0,0.010989189147949219,0,-0.014652252197265625,0,0,0,0,0,0,0,0,0,0,0,0,0,0,0,7
7194297350,76776124,76761,76761,0,0,0,0.043910980224609375,0,-0.010989189147949219,0,-0.024419784545898438,0,0,0,0,0,0,0,0,0,0,0,0,0,0,0,7
7198127700,76779121,76764,76764,0,0,0,0.043910980224609375,0,-0.0036630630493164062,0,-0.014652252197265625,0,0,0,0,0,0,0,0,0,0,0,0,0,0,0,7
7201662791,76785131,76770,76770,0,0,0,0.043910980224609375,0,0.0036630630493164062,0,-0.0048847198486328125,0,0,0,0,0,0,0,0,0,0,0,0,0,0,0,7
7205197878,76788135,76773,76773,0,0,0,0.043910980224609375,0,0.0036630630493164062,0,-0.014652252197265625,0,0,0,0,0,0,0,0,0,0,0,0,0,0,0,7
7208732965,76791120,76776,76777,0,0,0,0.043910980224609375,0,-0.010989189147949219,0,-0.014652252197265625,0,0,0,0,0,0,0,0,0,0,0,0,0,0,0,7
7212268052,76794120,76779,76779,0,0,0,0.043910980224609375,0,0.0036630630493164062,0,-0.014652252197265625,0,0,0,0,0,0,0,0,0,0,0,0,0,0,0,7
7215803139,76798120,76783,76783,0,0,0,0.043910980224609375,0,-0.0036630630493164062,0,-0.014652252197265625,0,0,0,0,0,0,0,0,0,0,0,0,0,0,0,7
7219338226,76802135,76787,76787,0,0,0,0.043910980224609375,0,-0.0036630630493164062,0,-0.014652252197265625,0,0,0,0,0,0,0,0,0,0,0,0,0,0,0,7
7222873313,76805132,76790,76790,0,0,0,0.043910980224609375,0,-0.010989189147949219,0,-0.014652252197265625,0,0,0,0,0,0,0,0,0,0,0,0,0,0,0,7
7226408400,76808120,76793,76793,0,0,0,0.043910980224609375,0,-0.0036630630493164062,0,-0.0048847198486328125,0,0,0,0,0,0,0,0,0,0,0,0,0,0,0,7
7229709516,76816135,76801,76801,0,0,0,0.043910980224609375,0,0.0036630630493164062,0,-0.0048847198486328125,0,0,0,0,0,0,0,0,0,0,0,0,0,0,0,7
7233010628,76819121,76804,76804,0,0,0,0.043910980224609375,0,-0.010989189147949219,0,-0.0048847198486328125,0,0,0,0,0,0,0,0,0,0,0,0,0,0,0,7
7236311740,76821121,76806,76806,0,0,0,0.043910980224609375,0,0.010989189147949219,0,-0.0048847198486328125,0,0,0,0,0,0,0,0,0,0,0,0,0,0,0,7
7239612852,76823120,76808,76808,0,0,0,0.043910980224609375,0,-0.010989189147949219,0,-0.0048847198486328125,0,0,0,0,0,0,0,0,0,0,0,0,0,0,0,7
7242913964,76826123,76811,76811,0,0,0,0.043910980224609375,0,0.0036630630493164062,0,0.0048847198486328125,0,0,0,0,0,0,0,0,0,0,0,0,0,0,0,7
7246215076,76829128,76814,76814,0,0,0,0.043910980224609375,0,-0.0036630630493164062,0,-0.0048847198486328125,0,0,0,0,0,0,0,0,0,0,0,0,0,0,0,7
7249516188,76832122,76817,76817,0,0,0,0.043910980224609375,0,-0.0036630630493164062,0,-0.0048847198486328125,0,0,0,0,0,0,0,0,0,0,0,0,0,0,0,7
7252817300,76835129,76820,76820,0,0,0,0.043910980224609375,0,-0.010989189147949219,0,-0.0048847198486328125,0,0,0,0,0,0,0,0,0,0,0,0,0,0,0,7
7257243425,76841121,76826,76826,0,0,0,0.043910980224609375,0,-0.0036630630493164062,0,-0.014652252197265625,0,0,0,0,0,0,0,0,0,0,0,0,0,0,0,7
7261669550,76844134,76829,76829,0,0,0,0.043910980224609375,0,-0.010989189147949219,0,-0.014652252197265625,0,0,0,0,0,0,0,0,0,0,0,0,0,0,0,7
7266095675,76847125,76832,76832,0,0,0,0.043910980224609375,0,-0.0036630630493164062,0,-0.014652252197265625,0,0,0,0,0,0,0,0,0,0,0,0,0,0,0,7
7270521800,76850128,76835,76835,0,0,0,0.043910980224609375,0,-0.010989189147949219,0,-0.014652252197265625,0,0,0,0,0,0,0,0,0,0,0,0,0,0,0,7
7274947925,76853121,76839,76839,0,0,0,0.043910980224609375,0,-0.0036630630493164062,0,-0.014652252197265625,0,0,0,0,0,0,0,0,0,0,0,0,0,0,0,7
7279374050,76858135,76843,76843,0,0,0,0.043910980224609375,0,-0.0036630630493164062,0,-0.0048847198486328125,0,0,0,0,0,0,0,0,0,0,0,0,0,0,0,7
7283800175,76867122,76852,76852,0,0,0,0.043910980224609375,0,-0.01831531524658203,0,-0.014652252197265625,0,0,0,0,0,0,0,0,0,0,0,0,0,0,0,7
7288226300,76869121,76854,76854,0,0,0,0.043910980224609375,0,-0.01831531524658203,0,-0.0048847198486328125,0,0,0,0,0,0,0,0,0,0,0,0,0,0,0,7
7291788058,76875129,76860,76860,0,0,0,0.043910980224609375,0,0.0036630630493164062,0,-0.0048847198486328125,0,0,0,0,0,0,0,0,0,0,0,0,0,0,0,7
7295349815,76878120,76863,76863,0,0,0,0.043910980224609375,0,0.0036630630493164062,0,-0.0048847198486328125,0,0,0,0,0,0,0,0,0,0,0,0,0,0,0,7
7298911572,76881121,76866,76866,0,0,0,0.043910980224609375,0,-0.0036630630493164062,0,-0.0048847198486328125,0,0,0,0,0,0,0,0,0,0,0,0,0,0,0,7
7302473329,76883121,76868,76869,0,0,0,0.043910980224609375,0,0.0036630630493164062,0,-0.0048847198486328125,0,0,0,0,0,0,0,0,0,0,0,0,0,0,0,7
7306035086,76886135,76871,76871,0,0,0,0.043910980224609375,0,-0.01831531524658203,0,-0.0048847198486328125,0,0,0,0,0,0,0,0,0,0,0,0,0,0,0,7
7309596843,76891120,76876,76876,0,0,0,0.043910980224609375,0,-0.0036630630493164062,0,-0.0048847198486328125,0,0,0,0,0,0,0,0,0,0,0,0,0,0,0,7
7313158600,76894120,76879,76879,0,0,0,0.043910980224609375,0,-0.0036630630493164062,0,-0.0048847198486328125,0,0,0,0,0,0,0,0,0,0,0,0,0,0,0,7
7316872091,76900145,76885,76885,0,0,0,0.043910980224609375,0,-0.010989189147949219,0,-0.0048847198486328125,0,0,0,0,0,0,0,0,0,0,0,0,0,0,0,7
7320585578,76903121,76888,76888,0,0,0,0.043910980224609375,0,0.010989189147949219,0,-0.0048847198486328125,0,0,0,0,0,0,0,0,0,0,0,0,0,0,0,7
7324299065,76907121,76892,76892,0,0,0,0.043910980224609375,0,0.0036630630493164062,0,-0.0048847198486328125,0,0,0,0,0,0,0,0,0,0,0,0,0,0,0,7
7328012552,76910120,76895,76895,0,0,0,0.043910980224609375,0,-0.010989189147949219,0,-0.0048847198486328125,0,0,0,0,0,0,0,0,0,0,0,0,0,0,0,7
7331726039,76914135,76899,76899,0,0,0,0.043910980224609375,0,-0.010989189147949219,0,-0.014652252197265625,0,0,0,0,0,0,0,0,0,0,0,0,0,0,0,7
7335439526,76917123,76902,76902,0,0,0,0.043910980224609375,0,-0.0036630630493164062,0,-0.014652252197265625,0,0,0,0,0,0,0,0,0,0,0,0,0,0,0,7
7339153013,76920120,76905,76905,0,0,0,0.043910980224609375,0,-0.010989189147949219,0,-0.014652252197265625,0,0,0,0,0,0,0,0,0,0,0,0,0,0,0,7
7342866500,76924120,76909,76909,0,0,0,0.043910980224609375,0,-0.0036630630493164062,0,-0.014652252197265625,0,0,0,0,0,0,0,0,0,0,0,0,0,0,0,7
7348038000,76933121,76918,76918,0,0,0,0.043910980224609375,0,-0.010989189147949219,0,-0.0048847198486328125,0,0,0,0,0,0,0,0,0,0,0,0,0,0,0,7
7353209500,76937121,76923,76923,0,0,0,0.043910980224609375,0,-0.01831531524658203,0,-0.0048847198486328125,0,0,0,0,0,0,0,0,0,0,0,0,0,0,0,7
7358381000,76943125,76928,76928,0,0,0,0.043910980224609375,0,-0.0036630630493164062,0,-0.0048847198486328125,0,0,0,0,0,0,0,0,0,0,0,0,0,0,0,7
7363552500,76946122,76931,76931,0,0,0,0.043910980224609375,0,0.0036630630493164062,0,-0.0048847198486328125,0,0,0,0,0,0,0,0,0,0,0,0,0,0,0,7
7368724000,76952122,76937,76937,0,0,0,0.043910980224609375,0,0.010989189147949219,0,-0.014652252197265625,0,0,0,0,0,0,0,0,0,0,0,0,0,0,0,7
7373895500,76960121,76945,76945,0,0,0,0.043910980224609375,0,-0.010989189147949219,0,-0.0048847198486328125,0,0,0,0,0,0,0,0,0,0,0,0,0,0,0,7
7379067000,76963124,76948,76948,0,0,0,0.043910980224609375,0,-0.0036630630493164062,0,-0.0048847198486328125,0,0,0,0,0,0,0,0,0,0,0,0,0,0,0,7
7384238500,76966120,76951,76951,0,0,0,0.043910980224609375,0,-0.0036630630493164062,0,-0.0048847198486328125,0,0,0,0,0,0,0,0,0,0,0,0,0,0,0,7
7388019700,76971128,76956,76956,0,0,0,0.043910980224609375,0,-0.0036630630493164062,0,-0.0048847198486328125,0,0,0,0,0,0,0,0,0,0,0,0,0,0,0,7
7391800900,76974120,76959,76959,0,0,0,0.043910980224609375,0,-0.0036630630493164062,0,-0.014652252197265625,0,0,0,0,0,0,0,0,0,0,0,0,0,0,0,7
7395582100,76977121,76962,76962,0,0,0,0.043910980224609375,0,-0.0036630630493164062,0,-0.014652252197265625,0,0,0,0,0,0,0,0,0,0,0,0,0,0,0,7
7399363300,76981120,76966,76966,0,0,0,0.043910980224609375,0,0.0036630630493164062,0,-0.014652252197265625,0,0,0,0,0,0,0,0,0,0,0,0,0,0,0,7
7403144500,76984138,76969,76969,0,0,0,0.043910980224609375,0,-0.01831531524658203,0,-0.014652252197265625,0,0,0,0,0,0,0,0,0,0,0,0,0,0,0,7
7406925700,76988123,76973,76973,0,0,0,0.043910980224609375,0,-0.0036630630493164062,0,-0.0048847198486328125,0,0,0,0,0,0,0,0,0,0,0,0,0,0,0,7
7411227925,76994120,76979,76979,0,0,0,0.043910980224609375,0,-0.010989189147949219,0,-0.014652252197265625,0,0,0,0,0,0,0,0,0,0,0,0,0,0,0,7
7415530150,76998135,76983,76983,0,0,0,0.043910980224609375,0,-0.010989189147949219,0,-0.014652252197265625,0,0,0,0,0,0,0,0,0,0,0,0,0,0,0,7
7419832375,77001123,76986,76986,0,0,0,0.043910980224609375,0,-0.010989189147949219,0,-0.014652252197265625,0,0,0,0,0,0,0,0,0,0,0,0,0,0,0,7
7424134600,77006121,76991,76991,0,0,0,0.043910980224609375,0,-0.010989189147949219,0,-0.014652252197265625,0,0,0,0,0,0,0,0,0,0,0,0,0,0,0,7
7428436825,77009121,76994,76994,0,0,0,0.043910980224609375,0,-0.0036630630493164062,0,-0.024419784545898438,0,0,0,0,0,0,0,0,0,0,0,0,0,0,0,7
7432739050,77013128,76998,76998,0,0,0,0.043910980224609375,0,-0.0036630630493164062,0,-0.014652252197265625,0,0,0,0,0,0,0,0,0,0,0,0,0,0,0,7
7437041275,77016120,77001,77001,0,0,0,0.043910980224609375,0,-0.010989189147949219,0,-0.0048847198486328125,0,0,0,0,0,0,0,0,0,0,0,0,0,0,0,7
7441343500,77020120,77005,77006,0,0,0,0.043910980224609375,0,-0.010989189147949219,0,-0.024419784545898438,0,0,0,0,0,0,0,0,0,0,0,0,0,0,0,7
7445039916,77029124,77014,77014,0,0,0,0.043910980224609375,0,0.01831531524658203,0,-0.014652252197265625,0,0,0,0,0,0,0,0,0,0,0,0,0,0,0,7
7448736330,77031120,77016,77016,0,0,0,0.043910980224609375,0,-0.0036630630493164062,0,-0.014652252197265625,0,0,0,0,0,0,0,0,0,0,0,0,0,0,0,7
7452432744,77035129,77020,77020,0,0,0,0.043910980224609375,0,-0.010989189147949219,0,-0.014652252197265625,0,0,0,0,0,0,0,0,0,0,0,0,0,0,0,7
7456129158,77038120,77023,77023,0,0,0,0.043910980224609375,0,-0.010989189147949219,0,-0.0048847198486328125,0,0,0,0,0,0,0,0,0,0,0,0,0,0,0,7
7459825572,77042123,77027,77027,0,0,0,0.043910980224609375,0,0.0036630630493164062,0,-0.014652252197265625,0,0,0,0,0,0,0,0,0,0,0,0,0,0,0,7
7463521986,77045129,77030,77030,0,0,0,0.043910980224609375,0,-0.0036630630493164062,0,-0.014652252197265625,0,0,0,0,0,0,0,0,0,0,0,0,0,0,0,7
7467218400,77048121,77033,77033,0,0,0,0.043910980224609375,0,-0.01831531524658203,0,-0.0048847198486328125,0,0,0,0,0,0,0,0,0,0,0,0,0,0,0,7
7471807925,77059121,77044,77044,0,0,0,0.043910980224609375,0,-0.0036630630493164062,0,-0.014652252197265625,0,0,0,0,0,0,0,0,0,0,0,0,0,0,0,7
7476397450,77062122,77047,77047,0,0,0,0.043910980224609375,0,-0.0036630630493164062,0,-0.0048847198486328125,0,0,0,0,0,0,0,0,0,0,0,0,0,0,0,7
7480986975,77066124,77051,77051,0,0,0,0.043910980224609375,0,-0.010989189147949219,0,-0.014652252197265625,0,0,0,0,0,0,0,0,0,0,0,0,0,0,0,7
7485576500,77069125,77054,77054,0,0,0,0.043910980224609375,0,-0.0036630630493164062,0,-0.0048847198486328125,0,0,0,0,0,0,0,0,0,0,0,0,0,0,0,7
7490166025,77074120,77059,77059,0,0,0,0.043910980224609375,0,0.0036630630493164062,0,-0.014652252197265625,0,0,0,0,0,0,0,0,0,0,0,0,0,0,0,7
7494755550,77077121,77062,77062,0,0,0,0.043910980224609375,0,-0.0036630630493164062,0,-0.0048847198486328125,0,0,0,0,0,0,0,0,0,0,0,0,0,0,0,7
7499345075,77081128,77066,77066,0,0,0,0.043910980224609375,0,-0.010989189147949219,0,-0.014652252197265625,0,0,0,0,0,0,0,0,0,0,0,0,0,0,0,7
7503934600,77084120,77069,77069,0,0,0,0.043910980224609375,0,-0.010989189147949219,0,-0.014652252197265625,0,0,0,0,0,0,0,0,0,0,0,0,0,0,0,7
7508163300,77091122,77076,77076,0,0,0,0.043910980224609375,0,-0.010989189147949219,0,-0.014652252197265625,0,0,0,0,0,0,0,0,0,0,0,0,0,0,0,7
7512392000,77096137,77081,77081,0,0,0,0.043910980224609375,0,-0.0036630630493164062,0,-0.0048847198486328125,0,0,0,0,0,0,0,0,0,0,0,0,0,0,0,7
7516620700,77099123,77085,77085,0,0,0,0.043910980224609375,0,-0.010989189147949219,0,-0.0048847198486328125,0,0,0,0,0,0,0,0,0,0,0,0,0,0,0,7
7520849400,77104122,77089,77089,0,0,0,0.043910980224609375,0,0.0036630630493164062,0,-0.0048847198486328125,0,0,0,0,0,0,0,0,0,0,0,0,0,0,0,7
7525078100,77108124,77093,77093,0,0,0,0.043910980224609375,0,-0.0036630630493164062,0,0.0048847198486328125,0,0,0,0,0,0,0,0,0,0,0,0,0,0,0,7
7529306800,77110134,77095,77095,0,0,0,0.043910980224609375,0,0.0036630630493164062,0,-0.0048847198486328125,0,0,0,0,0,0,0,0,0,0,0,0,0,0,0,7
7533535500,77114120,77099,77099,0,0,0,0.043910980224609375,0,0.010989189147949219,0,-0.0048847198486328125,0,0,0,0,0,0,0,0,0,0,0,0,0,0,0,7
7537773474,77121120,77106,77106,0,0,0,0.043910980224609375,0,-0.010989189147949219,0,0.0048847198486328125,0,0,0,0,0,0,0,0,0,0,0,0,0,0,0,7
7542011445,77125135,77110,77110,0,0,0,0.043910980224609375,0,0.0036630630493164062,0,-0.014652252197265625,0,0,0,0,0,0,0,0,0,0,0,0,0,0,0,7
7546249416,77128122,77113,77113,0,0,0,0.043910980224609375,0,0.0036630630493164062,0,-0.0048847198486328125,0,0,0,0,0,0,0,0,0,0,0,0,0,0,0,7
7550487387,77131120,77116,77117,0,0,0,0.043910980224609375,0,-0.0036630630493164062,0,-0.014652252197265625,0,0,0,0,0,0,0,0,0,0,0,0,0,0,0,7
7554725358,77135129,77120,77120,0,0,0,0.043910980224609375,0,0.0036630630493164062,0,-0.014652252197265625,0,0,0,0,0,0,0,0,0,0,0,0,0,0,0,7
7558963329,77140121,77125,77125,0,0,0,0.043910980224609375,0,-0.0036630630493164062,0,-0.014652252197265625,0,0,0,0,0,0,0,0,0,0,0,0,0,0,0,7
7563201300,77144120,77129,77129,0,0,0,0.043910980224609375,0,-0.0036630630493164062,0,-0.014652252197265625,0,0,0,0,0,0,0,0,0,0,0,0,0,0,0,7
7569083432,77152137,77137,77137,0,0,0,0.043910980224609375,0,-0.0036630630493164062,0,-0.0048847198486328125,0,0,0,0,0,0,0,0,0,0,0,0,0,0,0,7
7574965560,77154120,77139,77139,0,0,0,0.043910980224609375,0,0.0036630630493164062,0,-0.0048847198486328125,0,0,0,0,0,0,0,0,0,0,0,0,0,0,0,7
7580847688,77158124,77143,77143,0,0,0,0.043910980224609375,0,-0.010989189147949219,0,-0.0048847198486328125,0,0,0,0,0,0,0,0,0,0,0,0,0,0,0,7
7586729816,77170122,77155,77155,0,0,0,0.043910980224609375,0,-0.0036630630493164062,0,-0.014652252197265625,0,0,0,0,0,0,0,0,0,0,0,0,0,0,0,7
7592611944,77180135,77165,77165,0,0,0,0.043910980224609375,0,-0.010989189147949219,0,-0.014652252197265625,0,0,0,0,0,0,0,0,0,0,0,0,0,0,0,7
7598494072,77183121,77168,77168,0,0,0,0.043910980224609375,0,0.010989189147949219,0,-0.0048847198486328125,0,0,0,0,0,0,0,0,0,0,0,0,0,0,0,7
7604376200,77186122,77171,77171,0,0,0,0.043910980224609375,0,-0.0036630630493164062,0,-0.014652252197265625,0,0,0,0,0,0,0,0,0,0,0,0,0,0,0,7
7608727000,77194135,77179,77179,0,0,0,0.043910980224609375,0,-0.010989189147949219,0,-0.014652252197265625,0,0,0,0,0,0,0,0,0,0,0,0,0,0,0,7
7613077800,77197120,77182,77182,0,0,0,0.043910980224609375,0,0.0036630630493164062,0,-0.0048847198486328125,0,0,0,0,0,0,0,0,0,0,0,0,0,0,0,7
7617428600,77200133,77185,77185,0,0,0,0.043910980224609375,0,0.0036630630493164062,0,-0.0048847198486328125,0,0,0,0,0,0,0,0,0,0,0,0,0,0,0,7
7621779400,77202120,77187,77188,0,0,0,0.043910980224609375,0,-0.0036630630493164062,0,-0.014652252197265625,0,0,0,0,0,0,0,0,0,0,0,0,0,0,0,7
7626130200,77206120,77191,77191,0,0,0,0.043910980224609375,0,-0.010989189147949219,0,-0.014652252197265625,0,0,0,0,0,0,0,0,0,0,0,0,0,0,0,7
7629441891,77213120,77198,77198,0,0,0,0.043910980224609375,0,0.0036630630493164062,0,-0.0048847198486328125,0,0,0,0,0,0,0,0,0,0,0,0,0,0,0,7
7632753578,77216124,77201,77201,0,0,0,0.043910980224609375,0,-0.01831531524658203,0,-0.0048847198486328125,0,0,0,0,0,0,0,0,0,0,0,0,0,0,0,7
7636065265,77219121,77204,77204,0,0,0,0.043910980224609375,0,0.0036630630493164062,0,-0.0048847198486328125,0,0,0,0,0,0,0,0,0,0,0,0,0,0,0,7
7639376952,77221128,77206,77206,0,0,0,0.043910980224609375,0,-0.010989189147949219,0,-0.014652252197265625,0,0,0,0,0,0,0,0,0,0,0,0,0,0,0,7
7642688639,77226120,77211,77211,0,0,0,0.043910980224609375,0,-0.010989189147949219,0,-0.0048847198486328125,0,0,0,0,0,0,0,0,0,0,0,0,0,0,0,7
7646000326,77229120,77214,77214,0,0,0,0.043910980224609375,0,-0.01831531524658203,0,-0.0048847198486328125,0,0,0,0,0,0,0,0,0,0,0,0,0,0,0,7
7649312013,77232125,77217,77217,0,0,0,0.043910980224609375,0,-0.010989189147949219,0,-0.014652252197265625,0,0,0,0,0,0,0,0,0,0,0,0,0,0,0,7
7652623700,77235137,77220,77220,0,0,0,0.043910980224609375,0,0.0036630630493164062,0,-0.014652252197265625,0,0,0,0,0,0,0,0,0,0,0,0,0,0,0,7
7658679141,77247121,77232,77232,0,0,0,0.043910980224609375,0,-0.010989189147949219,0,-0.014652252197265625,0,0,0,0,0,0,0,0,0,0,0,0,0,0,0,7
7664734578,77251125,77236,77236,0,0,0,0.043910980224609375,0,-0.01831531524658203,0,-0.0048847198486328125,0,0,0,0,0,0,0,0,0,0,0,0,0,0,0,7
7670790015,77260120,77245,77245,0,0,0,0.043910980224609375,0,-0.0036630630493164062,0,-0.0048847198486328125,0,0,0,0,0,0,0,0,0,0,0,0,0,0,0,7
7676845452,77265134,77250,77250,0,0,0,0.043910980224609375,0,0.0036630630493164062,0,0.0048847198486328125,0,0,0,0,0,0,0,0,0,0,0,0,0,0,0,7
7682900889,77271121,77256,77256,0,0,0,0.043910980224609375,0,-0.0036630630493164062,0,-0.0048847198486328125,0,0,0,0,0,0,0,0,0,0,0,0,0,0,0,7
7688956326,77276120,77261,77261,0,0,0,0.043910980224609375,0,0.0036630630493164062,0,-0.0048847198486328125,0,0,0,0,0,0,0,0,0,0,0,0,0,0,0,7
7695011763,77280120,77265,77265,0,0,0,0.043910980224609375,0,0.0036630630493164062,0,-0.0048847198486328125,0,0,0,0,0,0,0,0,0,0,0,0,0,0,0,7
7701067200,77283120,77268,77268,0,0,0,0.043910980224609375,0,-0.0036630630493164062,0,-0.014652252197265625,0,0,0,0,0,0,0,0,0,0,0,0,0,0,0,7
7706307940,77291128,77276,77276,0,0,0,0.043910980224609375,0,0.010989189147949219,0,-0.014652252197265625,0,0,0,0,0,0,0,0,0,0,0,0,0,0,0,7
7711548680,77295133,77280,77280,0,0,0,0.043910980224609375,0,-0.010989189147949219,0,-0.014652252197265625,0,0,0,0,0,0,0,0,0,0,0,0,0,0,0,7
7716789420,77298124,77283,77283,0,0,0,0.043910980224609375,0,0.010989189147949219,0,-0.014652252197265625,0,0,0,0,0,0,0,0,0,0,0,0,0,0,0,7
7722030160,77302122,77287,77287,0,0,0,0.043910980224609375,0,0.0036630630493164062,0,-0.0048847198486328125,0,0,0,0,0,0,0,0,0,0,0,0,0,0,0,7
7727270900,77305136,77290,77290,0,0,0,0.043910980224609375,0,-0.0036630630493164062,0,-0.0048847198486328125,0,0,0,0,0,0,0,0,0,0,0,0,0,0,0,7
7731101135,77316120,77301,77301,0,0,0,0.043910980224609375,0,-0.010989189147949219,0,-0.0048847198486328125,0,0,0,0,0,0,0,0,0,0,0,0,0,0,0,7
7734332286,77319132,77304,77304,0,0,0,0.043910980224609375,0,-0.010989189147949219,0,-0.0048847198486328125,0,0,0,0,0,0,0,0,0,0,0,0,0,0,0,7
7737563437,77321124,77306,77306,0,0,0,0.043910980224609375,0,-0.0036630630493164062,0,-0.0048847198486328125,0,0,0,0,0,0,0,0,0,0,0,0,0,0,0,7
7740794588,77325129,77310,77310,0,0,0,0.043910980224609375,0,-0.0036630630493164062,0,-0.0048847198486328125,0,0,0,0,0,0,0,0,0,0,0,0,0,0,0,7
7744025739,77328120,77313,77313,0,0,0,0.043910980224609375,0,-0.0036630630493164062,0,-0.0048847198486328125,0,0,0,0,0,0,0,0,0,0,0,0,0,0,0,7
7747256890,77333128,77318,77318,0,0,0,0.043910980224609375,0,0.01831531524658203,0,-0.0048847198486328125,0,0,0,0,0,0,0,0,0,0,0,0,0,0,0,7
7750488041,77336122,77321,77321,0,0,0,0.043910980224609375,0,-0.0036630630493164062,0,-0.014652252197265625,0,0,0,0,0,0,0,0,0,0,0,0,0,0,0,7
7753719192,77339121,77324,77324,0,0,0,0.043910980224609375,0,-0.0036630630493164062,0,-0.014652252197265625,0,0,0,0,0,0,0,0,0,0,0,0,0,0,0,7
7756950343,77342120,77327,77327,0,0,0,0.043910980224609375,0,-0.0036630630493164062,0,-0.014652252197265625,0,0,0,0,0,0,0,0,0,0,0,0,0,0,0,7
7760181494,77344122,77329,77329,0,0,0,0.043910980224609375,0,0.0036630630493164062,0,-0.014652252197265625,0,0,0,0,0,0,0,0,0,0,0,0,0,0,0,7
7763412645,77346120,77331,77332,0,0,0,0.043910980224609375,0,-0.010989189147949219,0,-0.014652252197265625,0,0,0,0,0,0,0,0,0,0,0,0,0,0,0,7
7766643796,77348139,77334,77334,0,0,0,0.043910980224609375,0,0.010989189147949219,0,-0.014652252197265625,0,0,0,0,0,0,0,0,0,0,0,0,0,0,0,7
7769874947,77351121,77336,77336,0,0,0,0.043910980224609375,0,0.0036630630493164062,0,-0.014652252197265625,0,0,0,0,0,0,0,0,0,0,0,0,0,0,0,7
7773106098,77354120,77339,77339,0,0,0,0.043910980224609375,0,-0.025641441345214844,0,-0.0048847198486328125,0,0,0,0,0,0,0,0,0,0,0,0,0,0,0,7
7776349166,77360122,77345,77345,0,0,0,0.043910980224609375,0,-0.01831531524658203,0,-0.0048847198486328125,0,0,0,0,0,0,0,0,0,0,0,0,0,0,0,7
7779592228,77365131,77350,77350,0,0,0,0.043910980224609375,0,-0.0036630630493164062,0,-0.014652252197265625,0,0,0,0,0,0,0,0,0,0,0,0,0,0,0,7
7782835290,77367121,77352,77352,0,0,0,0.043910980224609375,0,-0.0036630630493164062,0,-0.014652252197265625,0,0,0,0,0,0,0,0,0,0,0,0,0,0,0,7
7786078352,77370120,77355,77355,0,0,0,0.043910980224609375,0,0.010989189147949219,0,-0.014652252197265625,0,0,0,0,0,0,0,0,0,0,0,0,0,0,0,7
7789321414,77373123,77358,77358,0,0,0,0.043910980224609375,0,-0.01831531524658203,0,-0.014652252197265625,0,0,0,0,0,0,0,0,0,0,0,0,0,0,0,7
7792564476,77377129,77362,77362,0,0,0,0.043910980224609375,0,0.010989189147949219,0,-0.014652252197265625,0,0,0,0,0,0,0,0,0,0,0,0,0,0,0,7
7795807538,77379120,77364,77364,0,0,0,0.043910980224609375,0,0.010989189147949219,0,-0.014652252197265625,0,0,0,0,0,0,0,0,0,0,0,0,0,0,0,7
7799050600,77381123,77367,77367,0,0,0,0.043910980224609375,0,-0.0036630630493164062,0,-0.014652252197265625,0,0,0,0,0,0,0,0,0,0,0,0,0,0,0,7
7801938291,77385133,77370,77370,0,0,0,0.043910980224609375,0,-0.010989189147949219,0,-0.014652252197265625,0,0,0,0,0,0,0,0,0,0,0,0,0,0,0,7
7804825978,77387121,77372,77372,0,0,0,0.043910980224609375,0,0.0036630630493164062,0,-0.014652252197265625,0,0,0,0,0,0,0,0,0,0,0,0,0,0,0,7
7807713665,77390138,77375,77375,0,0,0,0.043910980224609375,0,0.0036630630493164062,0,-0.0048847198486328125,0,0,0,0,0,0,0,0,0,0,0,0,0,0,0,7
7810601352,77393121,77378,77378,0,0,0,0.043910980224609375,0,-0.010989189147949219,0,-0.0048847198486328125,0,0,0,0,0,0,0,0,0,0,0,0,0,0,0,7
7813489039,77395129,77380,77380,0,0,0,0.043910980224609375,0,-0.01831531524658203,0,-0.0048847198486328125,0,0,0,0,0,0,0,0,0,0,0,0,0,0,0,7
7816376726,77397121,77382,77382,0,0,0,0.043910980224609375,0,0.0036630630493164062,0,-0.0048847198486328125,0,0,0,0,0,0,0,0,0,0,0,0,0,0,0,7
7819264413,77401124,77386,77386,0,0,0,0.043910980224609375,0,-0.0036630630493164062,0,-0.0048847198486328125,0,0,0,0,0,0,0,0,0,0,0,0,0,0,0,7
7822152100,77403132,77388,77388,0,0,0,0.043910980224609375,0,-0.0036630630493164062,0,-0.014652252197265625,0,0,0,0,0,0,0,0,0,0,0,0,0,0,0,7
7824580641,77408120,77393,77393,0,0,0,0.043910980224609375,0,-0.0036630630493164062,0,-0.0048847198486328125,0,0,0,0,0,0,0,0,0,0,0,0,0,0,0,7
7827247531,77410122,77395,77395,0,0,0,0.043910980224609375,0,-0.0036630630493164062,0,0.0048847198486328125,0,0,0,0,0,0,0,0,0,0,0,0,0,0,0,7
7829914421,77412120,77397,77397,0,0,0,0.043910980224609375,0,0.0036630630493164062,0,-0.0048847198486328125,0,0,0,0,0,0,0,0,0,0,0,0,0,0,0,7
7832581311,77414124,77399,77399,0,0,0,0.043910980224609375,0,-0.010989189147949219,0,-0.0048847198486328125,0,0,0,0,0,0,0,0,0,0,0,0,0,0,0,7
7835248201,77416120,77401,77401,0,0,0,0.043910980224609375,0,-0.0036630630493164062,0,-0.0048847198486328125,0,0,0,0,0,0,0,0,0,0,0,0,0,0,0,7
7837915091,77418136,77403,77403,0,0,0,0.043910980224609375,0,-0.01831531524658203,0,-0.014652252197265625,0,0,0,0,0,0,0,0,0,0,0,0,0,0,0,7
7840581981,77420120,77405,77405,0,0,0,0.043910980224609375,0,0.01831531524658203,0,-0.014652252197265625,0,0,0,0,0,0,0,0,0,0,0,0,0,0,0,7
7843248871,77424120,77409,77409,0,0,0,0.043910980224609375,0,0.0036630630493164062,0,-0.0048847198486328125,0,0,0,0,0,0,0,0,0,0,0,0,0,0,0,7
7845915761,77429120,77414,77414,0,0,0,0.043910980224609375,0,0.0036630630493164062,0,-0.014652252197265625,0,0,0,0,0,0,0,0,0,0,0,0,0,0,0,7
7848582651,77431130,77416,77416,0,0,0,0.043910980224609375,0,0.0036630630493164062,0,-0.014652252197265625,0,0,0,0,0,0,0,0,0,0,0,0,0,0,0,7
7851249541,77433125,77418,77418,0,0,0,0.043910980224609375,0,0.0036630630493164062,0,-0.014652252197265625,0,0,0,0,0,0,0,0,0,0,0,0,0,0,0,7
7853916431,77436119,77421,77421,0,0,0,0.043910980224609375,0,0.010989189147949219,0,-0.014652252197265625,0,0,0,0,0,0,0,0,0,0,0,0,0,0,0,7
7856583321,77438120,77423,77423,0,0,0,0.043910980224609375,0,-0.010989189147949219,0,-0.0048847198486328125,0,0,0,0,0,0,0,0,0,0,0,0,0,0,0,7
7859250211,77441121,77426,77426,0,0,0,0.043910980224609375,0,0.010989189147949219,0,-0.0048847198486328125,0,0,0,0,0,0,0,0,0,0,0,0,0,0,0,7
7861917101,77445136,77430,77430,0,0,0,0.043910980224609375,0,-0.0036630630493164062,0,-0.0048847198486328125,0,0,0,0,0,0,0,0,0,0,0,0,0,0,0,7
7864583991,77447126,77432,77432,0,0,0,0.043910980224609375,0,-0.010989189147949219,0,-0.0048847198486328125,0,0,0,0,0,0,0,0,0,0,0,0,0,0,0,7
7867520891,77451121,77436,77436,0,0,0,0.043910980224609375,0,-0.0036630630493164062,0,-0.014652252197265625,0,0,0,0,0,0,0,0,0,0,0,0,0,0,0,7
7870377618,77453121,77438,77438,0,0,0,0.043910980224609375,0,-0.010989189147949219,0,-0.0048847198486328125,0,0,0,0,0,0,0,0,0,0,0,0,0,0,0,7
7873234345,77457121,77443,77443,0,0,0,0.043910980224609375,0,-0.010989189147949219,0,-0.014652252197265625,0,0,0,0,0,0,0,0,0,0,0,0,0,0,0,7
7876091072,77460137,77445,77445,0,0,0,0.043910980224609375,0,0.0036630630493164062,0,-0.014652252197265625,0,0,0,0,0,0,0,0,0,0,0,0,0,0,0,7
7878947799,77462120,77447,77447,0,0,0,0.043910980224609375,0,-0.010989189147949219,0,-0.014652252197265625,0,0,0,0,0,0,0,0,0,0,0,0,0,0,0,7
7881804526,77464125,77449,77449,0,0,0,0.043910980224609375,0,-0.0036630630493164062,0,-0.014652252197265625,0,0,0,0,0,0,0,0,0,0,0,0,0,0,0,7
7884661253,77467121,77452,77452,0,0,0,0.043910980224609375,0,-0.0036630630493164062,0,-0.014652252197265625,0,0,0,0,0,0,0,0,0,0,0,0,0,0,0,7
7887517980,77470121,77455,77455,0,0,0,0.043910980224609375,0,-0.01831531524658203,0,-0.0048847198486328125,0,0,0,0,0,0,0,0,0,0,0,0,0,0,0,7
7890374707,77475133,77460,77460,0,0,0,0.043910980224609375,0,0.010989189147949219,0,-0.0048847198486328125,0,0,0,0,0,0,0,0,0,0,0,0,0,0,0,7
7893231434,77477124,77462,77462,0,0,0,0.043910980224609375,0,-0.0036630630493164062,0,-0.0048847198486328125,0,0,0,0,0,0,0,0,0,0,0,0,0,0,0,7
7896088161,77479121,77464,77464,0,0,0,0.043910980224609375,0,-0.010989189147949219,0,-0.0048847198486328125,0,0,0,0,0,0,0,0,0,0,0,0,0,0,0,7
7898944888,77481123,77466,77466,0,0,0,0.043910980224609375,0,-0.010989189147949219,0,-0.014652252197265625,0,0,0,0,0,0,0,0,0,0,0,0,0,0,0,7
7901801615,77484120,77469,77469,0,0,0,0.043910980224609375,0,-0.0036630630493164062,0,-0.0048847198486328125,0,0,0,0,0,0,0,0,0,0,0,0,0,0,0,7
7904658342,77486120,77471,77471,0,0,0,0.043910980224609375,0,-0.0036630630493164062,0,-0.0048847198486328125,0,0,0,0,0,0,0,0,0,0,0,0,0,0,0,7
7907515069,77490120,77475,77475,0,0,0,0.043910980224609375,0,-0.010989189147949219,0,0.0048847198486328125,0,0,0,0,0,0,0,0,0,0,0,0,0,0,0,7
7910371796,77492121,77477,77478,0,0,0,0.043910980224609375,0,0.010989189147949219,0,-0.0048847198486328125,0,0,0,0,0,0,0,0,0,0,0,0,0,0,0,7
7913111275,77497122,77482,77482,0,0,0,0.043910980224609375,0,-0.010989189147949219,0,-0.014652252197265625,0,0,0,0,0,0,0,0,0,0,0,0,0,0,0,7
7915893416,77499121,77484,77484,0,0,0,0.043910980224609375,0,-0.010989189147949219,0,-0.0048847198486328125,0,0,0,0,0,0,0,0,0,0,0,0,0,0,0,7
7918675557,77501135,77486,77486,0,0,0,0.043910980224609375,0,0.010989189147949219,0,-0.0048847198486328125,0,0,0,0,0,0,0,0,0,0,0,0,0,0,0,7
7921457698,77504120,77489,77489,0,0,0,0.043910980224609375,0,-0.010989189147949219,0,-0.0048847198486328125,0,0,0,0,0,0,0,0,0,0,0,0,0,0,0,7
7924239839,77507121,77492,77492,0,0,0,0.043910980224609375,0,0.010989189147949219,0,-0.024419784545898438,0,0,0,0,0,0,0,0,0,0,0,0,0,0,0,7
7927021980,77509121,77494,77495,0,0,0,0.043910980224609375,0,0.0036630630493164062,0,-0.014652252197265625,0,0,0,0,0,0,0,0,0,0,0,0,0,0,0,7
7929804121,77512122,77497,77497,0,0,0,0.043910980224609375,0,-0.010989189147949219,0,-0.024419784545898438,0,0,0,0,0,0,0,0,0,0,0,0,0,0,0,7
7932586262,77514123,77499,77499,0,0,0,0.043910980224609375,0,-0.0036630630493164062,0,-0.024419784545898438,0,0,0,0,0,0,0,0,0,0,0,0,0,0,0,7
7935368403,77518122,77504,77504,0,0,0,0.043910980224609375,0,-0.010989189147949219,0,-0.014652252197265625,0,0,0,0,0,0,0,0,0,0,0,0,0,0,0,7
7938150544,77521120,77506,77506,0,0,0,0.043910980224609375,0,0.010989189147949219,0,-0.014652252197265625,0,0,0,0,0,0,0,0,0,0,0,0,0,0,0,7
7940932685,77524120,77509,77509,0,0,0,0.043910980224609375,0,-0.01831531524658203,0,-0.0048847198486328125,0,0,0,0,0,0,0,0,0,0,0,0,0,0,0,7
7943714826,77527124,77512,77512,0,0,0,0.043910980224609375,0,0.010989189147949219,0,-0.014652252197265625,0,0,0,0,0,0,0,0,0,0,0,0,0,0,0,7
7946496967,77529128,77514,77514,0,0,0,0.043910980224609375,0,-0.0036630630493164062,0,-0.014652252197265625,0,0,0,0,0,0,0,0,0,0,0,0,0,0,0,7
7949279108,77532121,77517,77517,0,0,0,0.043910980224609375,0,-0.010989189147949219,0,-0.0048847198486328125,0,0,0,0,0,0,0,0,0,0,0,0,0,0,0,7
7952061249,77534122,77519,77519,0,0,0,0.043910980224609375,0,0.0036630630493164062,0,-0.0048847198486328125,0,0,0,0,0,0,0,0,0,0,0,0,0,0,0,7
7954843390,77536120,77521,77521,0,0,0,0.043910980224609375,0,-0.010989189147949219,0,-0.014652252197265625,0,0,0,0,0,0,0,0,0,0,0,0,0,0,0,7
7958725291,77545133,77530,77530,0,0,0,0.043910980224609375,0,-0.01831531524658203,0,-0.014652252197265625,0,0,0,0,0,0,0,0,0,0,0,0,0,0,0,7
7962607178,77549121,77534,77534,0,0,0,0.043910980224609375,0,-0.0036630630493164062,0,-0.0048847198486328125,0,0,0,0,0,0,0,0,0,0,0,0,0,0,0,7
7966489065,77552123,77537,77537,0,0,0,0.043910980224609375,0,-0.010989189147949219,0,-0.014652252197265625,0,0,0,0,0,0,0,0,0,0,0,0,0,0,0,7
7970370952,77556124,77541,77541,0,0,0,0.043910980224609375,0,0.010989189147949219,0,-0.024419784545898438,0,0,0,0,0,0,0,0,0,0,0,0,0,0,0,7
7974252839,77560120,77545,77545,0,0,0,0.043910980224609375,0,-0.010989189147949219,0,-0.0048847198486328125,0,0,0,0,0,0,0,0,0,0,0,0,0,0,0,7
7978134726,77563122,77548,77548,0,0,0,0.043910980224609375,0,-0.0036630630493164062,0,-0.014652252197265625,0,0,0,0,0,0,0,0,0,0,0,0,0,0,0,7
7982016613,77566120,77551,77551,0,0,0,0.043910980224609375,0,0.010989189147949219,0,-0.014652252197265625,0,0,0,0,0,0,0,0,0,0,0,0,0,0,0,7
7985898500,77568122,77553,77553,0,0,0,0.043910980224609375,0,-0.010989189147949219,0,-0.0048847198486328125,0,0,0,0,0,0,0,0,0,0,0,0,0,0,0,7
7989205891,77574120,77559,77559,0,0,0,0.043910980224609375,0,-0.0036630630493164062,0,-0.0048847198486328125,0,0,0,0,0,0,0,0,0,0,0,0,0,0,0,7
7992513278,77576123,77561,77561,0,0,0,0.043910980224609375,0,0.0036630630493164062,0,-0.014652252197265625,0,0,0,0,0,0,0,0,0,0,0,0,0,0,0,7
7995820665,77579121,77564,77564,0,0,0,0.043910980224609375,0,-0.0036630630493164062,0,-0.014652252197265625,0,0,0,0,0,0,0,0,0,0,0,0,0,0,0,7
7999128052,77581120,77566,77566,0,0,0,0.043910980224609375,0,0.010989189147949219,0,0.0048847198486328125,0,0,0,0,0,0,0,0,0,0,0,0,0,0,0,7
8002435439,77584122,77569,77569,0,0,0,0.043910980224609375,0,0.010989189147949219,0,0.0048847198486328125,0,0,0,0,0,0,0,0,0,0,0,0,0,0,0,7
8005742826,77588124,77573,77573,0,0,0,0.043910980224609375,0,-0.010989189147949219,0,-0.0048847198486328125,0,0,0,0,0,0,0,0,0,0,0,0,0,0,0,7
8009050213,77591120,77576,77576,0,0,0,0.043910980224609375,0,-0.0036630630493164062,0,-0.0048847198486328125,0,0,0,0,0,0,0,0,0,0,0,0,0,0,0,7
8012357600,77594121,77579,77579,0,0,0,0.043910980224609375,0,0.0036630630493164062,0,-0.0048847198486328125,0,0,0,0,0,0,0,0,0,0,0,0,0,0,0,7
8015950591,77599129,77584,77584,0,0,0,0.043910980224609375,0,-0.0036630630493164062,0,-0.0048847198486328125,0,0,0,0,0,0,0,0,0,0,0,0,0,0,0,7
8019543578,77603120,77588,77588,0,0,0,0.043910980224609375,0,-0.0036630630493164062,0,-0.024419784545898438,0,0,0,0,0,0,0,0,0,0,0,0,0,0,0,7
8023136565,77606123,77591,77591,0,0,0,0.043910980224609375,0,-0.0036630630493164062,0,-0.014652252197265625,0,0,0,0,0,0,0,0,0,0,0,0,0,0,0,7
8026729552,77609125,77594,77594,0,0,0,0.043910980224609375,0,-0.010989189147949219,0,-0.014652252197265625,0,0,0,0,0,0,0,0,0,0,0,0,0,0,0,7
8030322539,77612120,77597,77597,0,0,0,0.043910980224609375,0,-0.0036630630493164062,0,-0.0048847198486328125,0,0,0,0,0,0,0,0,0,0,0,0,0,0,0,7
8033915526,77615133,77600,77600,0,0,0,0.043910980224609375,0,-0.01831531524658203,0,-0.0048847198486328125,0,0,0,0,0,0,0,0,0,0,0,0,0,0,0,7
8037508513,77618122,77603,77603,0,0,0,0.043910980224609375,0,-0.0036630630493164062,0,-0.014652252197265625,0,0,0,0,0,0,0,0,0,0,0,0,0,0,0,7
8041101500,77623121,77608,77608,0,0,0,0.043910980224609375,0,-0.010989189147949219,0,-0.014652252197265625,0,0,0,0,0,0,0,0,0,0,0,0,0,0,0,7
8044581791,77628135,77613,77613,0,0,0,0.043910980224609375,0,-0.0036630630493164062,0,-0.014652252197265625,0,0,0,0,0,0,0,0,0,0,0,0,0,0,0,7
8048062078,77631121,77616,77616,0,0,0,0.043910980224609375,0,0.0036630630493164062,0,-0.014652252197265625,0,0,0,0,0,0,0,0,0,0,0,0,0,0,0,7
8051542365,77635133,77620,77620,0,0,0,0.043910980224609375,0,-0.010989189147949219,0,-0.014652252197265625,0,0,0,0,0,0,0,0,0,0,0,0,0,0,0,7
8055022652,77638124,77623,77623,0,0,0,0.043910980224609375,0,-0.010989189147949219,0,-0.014652252197265625,0,0,0,0,0,0,0,0,0,0,0,0,0,0,0,7
8058502939,77641128,77626,77626,0,0,0,0.043910980224609375,0,0.0036630630493164062,0,-0.0048847198486328125,0,0,0,0,0,0,0,0,0,0,0,0,0,0,0,7
8061983226,77644120,77629,77629,0,0,0,0.043910980224609375,0,-0.0036630630493164062,0,-0.0048847198486328125,0,0,0,0,0,0,0,0,0,0,0,0,0,0,0,7
8065463513,77648120,77633,77633,0,0,0,0.043910980224609375,0,0.010989189147949219,0,-0.0048847198486328125,0,0,0,0,0,0,0,0,0,0,0,0,0,0,0,7
8068943800,77651125,77636,77636,0,0,0,0.043910980224609375,0,-0.010989189147949219,0,-0.0048847198486328125,0,0,0,0,0,0,0,0,0,0,0,0,0,0,0,7
8073222641,77659125,77644,77644,0,0,0,0.043910980224609375,0,0.0036630630493164062,0,-0.0048847198486328125,0,0,0,0,0,0,0,0,0,0,0,0,0,0,0,7
8077501478,77663123,77648,77648,0,0,0,0.043910980224609375,0,-0.0036630630493164062,0,-0.0048847198486328125,0,0,0,0,0,0,0,0,0,0,0,0,0,0,0,7
8081780315,77667125,77652,77652,0,0,0,0.043910980224609375,0,-0.0036630630493164062,0,-0.014652252197265625,0,0,0,0,0,0,0,0,0,0,0,0,0,0,0,7
8086059152,77670135,77655,77655,0,0,0,0.043910980224609375,0,-0.0036630630493164062,0,-0.0048847198486328125,0,0,0,0,0,0,0,0,0,0,0,0,0,0,0,7
8090337989,77674120,77659,77659,0,0,0,0.043910980224609375,0,-0.010989189147949219,0,-0.014652252197265625,0,0,0,0,0,0,0,0,0,0,0,0,0,0,0,7
8094616826,77677120,77663,77663,0,0,0,0.043910980224609375,0,-0.010989189147949219,0,-0.0048847198486328125,0,0,0,0,0,0,0,0,0,0,0,0,0,0,0,7
8098895663,77681121,77666,77666,0,0,0,0.043910980224609375,0,0.0036630630493164062,0,-0.0048847198486328125,0,0,0,0,0,0,0,0,0,0,0,0,0,0,0,7
8103174500,77684136,77669,77669,0,0,0,0.043910980224609375,0,0.01831531524658203,0,-0.014652252197265625,0,0,0,0,0,0,0,0,0,0,0,0,0,0,0,7
8107113950,77691120,77676,77676,0,0,0,0.043910980224609375,0,0.0036630630493164062,0,-0.014652252197265625,0,0,0,0,0,0,0,0,0,0,0,0,0,0,0,7
8111053400,77694120,77679,77679,0,0,0,0.043910980224609375,0,-0.025641441345214844,0,-0.014652252197265625,0,0,0,0,0,0,0,0,0,0,0,0,0,0,0,7
8114992850,77697130,77682,77682,0,0,0,0.043910980224609375,0,0.010989189147949219,0,-0.014652252197265625,0,0,0,0,0,0,0,0,0,0,0,0,0,0,0,7
8118932300,77701127,77686,77686,0,0,0,0.043910980224609375,0,0.0036630630493164062,0,-0.0048847198486328125,0,0,0,0,0,0,0,0,0,0,0,0,0,0,0,7
8122871750,77706120,77691,77691,0,0,0,0.043910980224609375,0,-0.0036630630493164062,0,-0.0048847198486328125,0,0,0,0,0,0,0,0,0,0,0,0,0,0,0,7
8126811200,77709125,77694,77694,0,0,0,0.043910980224609375,0,-0.0036630630493164062,0,-0.014652252197265625,0,0,0,0,0,0,0,0,0,0,0,0,0,0,0,7
8130750650,77712135,77697,77697,0,0,0,0.043910980224609375,0,-0.0036630630493164062,0,-0.0048847198486328125,0,0,0,0,0,0,0,0,0,0,0,0,0,0,0,7
8134690100,77716120,77701,77701,0,0,0,0.043910980224609375,0,-0.0036630630493164062,0,-0.0048847198486328125,0,0,0,0,0,0,0,0,0,0,0,0,0,0,0,7
8138346425,77721123,77706,77706,0,0,0,0.043910980224609375,0,-0.010989189147949219,0,-0.014652252197265625,0,0,0,0,0,0,0,0,0,0,0,0,0,0,0,7
8142002750,77725141,77710,77710,0,0,0,0.043910980224609375,0,-0.0036630630493164062,0,-0.014652252197265625,0,0,0,0,0,0,0,0,0,0,0,0,0,0,0,7
8145659075,77728120,77713,77713,0,0,0,0.043910980224609375,0,-0.0036630630493164062,0,-0.0048847198486328125,0,0,0,0,0,0,0,0,0,0,0,0,0,0,0,7
8149315400,77731121,77716,77716,0,0,0,0.043910980224609375,0,-0.0036630630493164062,0,-0.0048847198486328125,0,0,0,0,0,0,0,0,0,0,0,0,0,0,0,7
8152971725,77734122,77719,77719,0,0,0,0.043910980224609375,0,-0.0036630630493164062,0,-0.0048847198486328125,0,0,0,0,0,0,0,0,0,0,0,0,0,0,0,7
8156628050,77737122,77722,77722,0,0,0,0.043910980224609375,0,-0.0036630630493164062,0,-0.014652252197265625,0,0,0,0,0,0,0,0,0,0,0,0,0,0,0,7
8160284375,77741124,77726,77726,0,0,0,0.043910980224609375,0,0.0036630630493164062,0,-0.014652252197265625,0,0,0,0,0,0,0,0,0,0,0,0,0,0,0,7
8163940700,77745129,77730,77730,0,0,0,0.043910980224609375,0,0.010989189147949219,0,-0.0048847198486328125,0,0,0,0,0,0,0,0,0,0,0,0,0,0,0,7
8168004875,77751125,77736,77736,0,0,0,0.043910980224609375,0,0.0036630630493164062,0,-0.014652252197265625,0,0,0,0,0,0,0,0,0,0,0,0,0,0,0,7
8172069050,77754139,77739,77739,0,0,0,0.043910980224609375,0,-0.0036630630493164062,0,-0.014652252197265625,0,0,0,0,0,0,0,0,0,0,0,0,0,0,0,7
8176133225,77762124,77747,77747,0,0,0,0.043910980224609375,0,-0.0036630630493164062,0,-0.014652252197265625,0,0,0,0,0,0,0,0,0,0,0,0,0,0,0,7
8180197400,77765129,77750,77750,0,0,0,0.043910980224609375,0,-0.010989189147949219,0,-0.0048847198486328125,0,0,0,0,0,0,0,0,0,0,0,0,0,0,0,7
8184261575,77768136,77753,77753,0,0,0,0.043910980224609375,0,-0.0036630630493164062,0,-0.0048847198486328125,0,0,0,0,0,0,0,0,0,0,0,0,0,0,0,7
8188325750,77771123,77756,77756,0,0,0,0.043910980224609375,0,-0.0036630630493164062,0,-0.014652252197265625,0,0,0,0,0,0,0,0,0,0,0,0,0,0,0,7
8192389925,77775132,77760,77760,0,0,0,0.043910980224609375,0,0.0036630630493164062,0,-0.014652252197265625,0,0,0,0,0,0,0,0,0,0,0,0,0,0,0,7
8196454100,77778120,77763,77763,0,0,0,0.043910980224609375,0,-0.0036630630493164062,0,-0.024419784545898438,0,0,0,0,0,0,0,0,0,0,0,0,0,0,0,7
8200868348,77786120,77771,77771,0,0,0,0.043910980224609375,0,-0.0036630630493164062,0,-0.014652252197265625,0,0,0,0,0,0,0,0,0,0,0,0,0,0,0,7
8205282590,77790120,77775,77775,0,0,0,0.043910980224609375,0,-0.010989189147949219,0,-0.014652252197265625,0,0,0,0,0,0,0,0,0,0,0,0,0,0,0,7
8209696832,77793120,77778,77778,0,0,0,0.043910980224609375,0,-0.0036630630493164062,0,-0.014652252197265625,0,0,0,0,0,0,0,0,0,0,0,0,0,0,0,7
8214111074,77798120,77783,77783,0,0,0,0.043910980224609375,0,-0.010989189147949219,0,-0.014652252197265625,0,0,0,0,0,0,0,0,0,0,0,0,0,0,0,7
8218525316,77803120,77788,77788,0,0,0,0.043910980224609375,0,-0.0036630630493164062,0,-0.0048847198486328125,0,0,0,0,0,0,0,0,0,0,0,0,0,0,0,7
8222939558,77806120,77791,77791,0,0,0,0.043910980224609375,0,-0.01831531524658203,0,-0.0048847198486328125,0,0,0,0,0,0,0,0,0,0,0,0,0,0,0,7
8227353800,77809132,77794,77794,0,0,0,0.043910980224609375,0,-0.010989189147949219,0,-0.0048847198486328125,0,0,0,0,0,0,0,0,0,0,0,0,0,0,0,7
8231283190,77814120,77799,77799,0,0,0,0.043910980224609375,0,-0.010989189147949219,0,-0.0048847198486328125,0,0,0,0,0,0,0,0,0,0,0,0,0,0,0,7
8235212575,77818120,77803,77803,0,0,0,0.043910980224609375,0,0.0036630630493164062,0,-0.014652252197265625,0,0,0,0,0,0,0,0,0,0,0,0,0,0,0,7
8239141960,77823128,77808,77808,0,0,0,0.043910980224609375,0,-0.010989189147949219,0,-0.0048847198486328125,0,0,0,0,0,0,0,0,0,0,0,0,0,0,0,7
8243071345,77826120,77811,77811,0,0,0,0.043910980224609375,0,-0.010989189147949219,0,0.0048847198486328125,0,0,0,0,0,0,0,0,0,0,0,0,0,0,0,7
8247000730,77829123,77814,77814,0,0,0,0.043910980224609375,0,0.0036630630493164062,0,0.0048847198486328125,0,0,0,0,0,0,0,0,0,0,0,0,0,0,0,7
8250930115,77833124,77818,77818,0,0,0,0.043910980224609375,0,0.0036630630493164062,0,-0.0048847198486328125,0,0,0,0,0,0,0,0,0,0,0,0,0,0,0,7
8254859500,77836120,77821,77821,0,0,0,0.043910980224609375,0,0.0036630630493164062,0,-0.0048847198486328125,0,0,0,0,0,0,0,0,0,0,0,0,0,0,0,7
8258414066,77842122,77827,77827,0,0,0,0.043910980224609375,0,-0.010989189147949219,0,-0.0048847198486328125,0,0,0,0,0,0,0,0,0,0,0,0,0,0,0,7
8261968628,77846124,77831,77831,0,0,0,0.043910980224609375,0,-0.01831531524658203,0,-0.014652252197265625,0,0,0,0,0,0,0,0,0,0,0,0,0,0,0,7
8265523190,77849125,77834,77834,0,0,0,0.043910980224609375,0,-0.0036630630493164062,0,-0.014652252197265625,0,0,0,0,0,0,0,0,0,0,0,0,0,0,0,7
8269077752,77852137,77837,77837,0,0,0,0.043910980224609375,0,0.0036630630493164062,0,-0.0048847198486328125,0,0,0,0,0,0,0,0,0,0,0,0,0,0,0,7
8272632314,77855129,77840,77840,0,0,0,0.043910980224609375,0,-0.01831531524658203,0,-0.0048847198486328125,0,0,0,0,0,0,0,0,0,0,0,0,0,0,0,7
8276186876,77859121,77844,77844,0,0,0,0.043910980224609375,0,-0.0036630630493164062,0,0.0048847198486328125,0,0,0,0,0,0,0,0,0,0,0,0,0,0,0,7
8279741438,77862123,77847,77847,0,0,0,0.043910980224609375,0,-0.01831531524658203,0,-0.0048847198486328125,0,0,0,0,0,0,0,0,0,0,0,0,0,0,0,7
8283296000,77865137,77850,77850,0,0,0,0.043910980224609375,0,-0.0036630630493164062,0,-0.0048847198486328125,0,0,0,0,0,0,0,0,0,0,0,0,0,0,0,7
8286481866,77870124,77855,77855,0,0,0,0.043910980224609375,0,0.010989189147949219,0,-0.0048847198486328125,0,0,0,0,0,0,0,0,0,0,0,0,0,0,0,7
8289667728,77873120,77858,77858,0,0,0,0.043910980224609375,0,-0.0036630630493164062,0,-0.0048847198486328125,0,0,0,0,0,0,0,0,0,0,0,0,0,0,0,7
8292853590,77876120,77861,77861,0,0,0,0.043910980224609375,0,0.0036630630493164062,0,-0.0048847198486328125,0,0,0,0,0,0,0,0,0,0,0,0,0,0,0,7
8296039452,77879130,77864,77864,0,0,0,0.043910980224609375,0,-0.0036630630493164062,0,-0.0048847198486328125,0,0,0,0,0,0,0,0,0,0,0,0,0,0,0,7
8299225314,77882122,77867,77867,0,0,0,0.043910980224609375,0,0.0036630630493164062,0,-0.014652252197265625,0,0,0,0,0,0,0,0,0,0,0,0,0,0,0,7
8302411176,77884120,77869,77869,0,0,0,0.043910980224609375,0,-0.010989189147949219,0,-0.0048847198486328125,0,0,0,0,0,0,0,0,0,0,0,0,0,0,0,7
8305597038,77887123,77872,77872,0,0,0,0.043910980224609375,0,0.010989189147949219,0,-0.0048847198486328125,0,0,0,0,0,0,0,0,0,0,0,0,0,0,0,7
8308782900,77891124,77876,77876,0,0,0,0.043910980224609375,0,0.0036630630493164062,0,-0.014652252197265625,0,0,0,0,0,0,0,0,0,0,0,0,0,0,0,7
8312142091,77898120,77883,77883,0,0,0,0.043910980224609375,0,-0.010989189147949219,0,-0.0048847198486328125,0,0,0,0,0,0,0,0,0,0,0,0,0,0,0,7
8315501278,77901123,77886,77886,0,0,0,0.043910980224609375,0,-0.010989189147949219,0,-0.0048847198486328125,0,0,0,0,0,0,0,0,0,0,0,0,0,0,0,7
8318860465,77903122,77888,77888,0,0,0,0.043910980224609375,0,-0.010989189147949219,0,-0.014652252197265625,0,0,0,0,0,0,0,0,0,0,0,0,0,0,0,7
8322219652,77907132,77892,77892,0,0,0,0.043910980224609375,0,0.0036630630493164062,0,-0.014652252197265625,0,0,0,0,0,0,0,0,0,0,0,0,0,0,0,7
8325578839,77910120,77895,77895,0,0,0,0.043910980224609375,0,-0.0036630630493164062,0,-0.014652252197265625,0,0,0,0,0,0,0,0,0,0,0,0,0,0,0,7
8328938026,77912124,77897,77897,0,0,0,0.043910980224609375,0,0.0036630630493164062,0,-0.0048847198486328125,0,0,0,0,0,0,0,0,0,0,0,0,0,0,0,7
8332297213,77915129,77900,77900,0,0,0,0.043910980224609375,0,-0.0036630630493164062,0,-0.0048847198486328125,0,0,0,0,0,0,0,0,0,0,0,0,0,0,0,7
8335656400,77918121,77903,77903,0,0,0,0.043910980224609375,0,-0.0036630630493164062,0,-0.014652252197265625,0,0,0,0,0,0,0,0,0,0,0,0,0,0,0,7
8339023425,77924122,77909,77909,0,0,0,0.043910980224609375,0,-0.0036630630493164062,0,-0.014652252197265625,0,0,0,0,0,0,0,0,0,0,0,0,0,0,0,7
8342390450,77927121,77912,77912,0,0,0,0.043910980224609375,0,-0.0036630630493164062,0,-0.014652252197265625,0,0,0,0,0,0,0,0,0,0,0,0,0,0,0,7
8345757475,77929123,77914,77914,0,0,0,0.043910980224609375,0,-0.010989189147949219,0,-0.014652252197265625,0,0,0,0,0,0,0,0,0,0,0,0,0,0,0,7
8349124500,77932123,77917,77917,0,0,0,0.043910980224609375,0,-0.010989189147949219,0,-0.0048847198486328125,0,0,0,0,0,0,0,0,0,0,0,0,0,0,0,7
8352491525,77935136,77920,77920,0,0,0,0.043910980224609375,0,-0.0036630630493164062,0,-0.0048847198486328125,0,0,0,0,0,0,0,0,0,0,0,0,0,0,0,7
8355858550,77940122,77925,77925,0,0,0,0.043910980224609375,0,-0.01831531524658203,0,-0.0048847198486328125,0,0,0,0,0,0,0,0,0,0,0,0,0,0,0,7
8359225575,77943120,77928,77928,0,0,0,0.043910980224609375,0,-0.010989189147949219,0,-0.0048847198486328125,0,0,0,0,0,0,0,0,0,0,0,0,0,0,0,7
8362592600,77945131,77930,77930,0,0,0,0.043910980224609375,0,-0.0036630630493164062,0,-0.0048847198486328125,0,0,0,0,0,0,0,0,0,0,0,0,0,0,0,7
8365897525,77949132,77934,77934,0,0,0,0.043910980224609375,0,0.0036630630493164062,0,-0.014652252197265625,0,0,0,0,0,0,0,0,0,0,0,0,0,0,0,7
8368931210,77951124,77936,77936,0,0,0,0.043910980224609375,0,-0.0036630630493164062,0,-0.014652252197265625,0,0,0,0,0,0,0,0,0,0,0,0,0,0,0,7
8371964895,77955129,77940,77940,0,0,0,0.043910980224609375,0,-0.0036630630493164062,0,-0.014652252197265625,0,0,0,0,0,0,0,0,0,0,0,0,0,0,0,7
8374998580,77958122,77943,77943,0,0,0,0.043910980224609375,0,-0.010989189147949219,0,-0.014652252197265625,0,0,0,0,0,0,0,0,0,0,0,0,0,0,0,7
8378032265,77961122,77946,77946,0,0,0,0.043910980224609375,0,-0.0036630630493164062,0,-0.014652252197265625,0,0,0,0,0,0,0,0,0,0,0,0,0,0,0,7
8381065950,77963128,77948,77948,0,0,0,0.043910980224609375,0,0.010989189147949219,0,-0.0048847198486328125,0,0,0,0,0,0,0,0,0,0,0,0,0,0,0,7
8384099635,77966122,77951,77951,0,0,0,0.043910980224609375,0,-0.025641441345214844,0,-0.0048847198486328125,0,0,0,0,0,0,0,0,0,0,0,0,0,0,0,7
8387133320,77971121,77956,77956,0,0,0,0.043910980224609375,0,0.010989189147949219,0,-0.014652252197265625,0,0,0,0,0,0,0,0,0,0,0,0,0,0,0,7
8390167005,77975129,77960,77960,0,0,0,0.043910980224609375,0,-0.0036630630493164062,0,-0.014652252197265625,0,0,0,0,0,0,0,0,0,0,0,0,0,0,0,7
8393200690,77978139,77963,77963,0,0,0,0.043910980224609375,0,-0.0036630630493164062,0,-0.0048847198486328125,0,0,0,0,0,0,0,0,0,0,0,0,0,0,0,7
8396234375,77980120,77965,77965,0,0,0,0.043910980224609375,0,-0.0036630630493164062,0,-0.0048847198486328125,0,0,0,0,0,0,0,0,0,0,0,0,0,0,0,7
8399268060,77982121,77967,77967,0,0,0,0.043910980224609375,0,0.0036630630493164062,0,-0.0048847198486328125,0,0,0,0,0,0,0,0,0,0,0,0,0,0,0,7
8402301745,77985129,77970,77970,0,0,0,0.043910980224609375,0,0.0036630630493164062,0,-0.014652252197265625,0,0,0,0,0,0,0,0,0,0,0,0,0,0,0,7
8405335430,77988120,77973,77973,0,0,0,0.043910980224609375,0,0.010989189147949219,0,-0.014652252197265625,0,0,0,0,0,0,0,0,0,0,0,0,0,0,0,7
8408369115,77991132,77976,77976,0,0,0,0.043910980224609375,0,-0.0036630630493164062,0,-0.014652252197265625,0,0,0,0,0,0,0,0,0,0,0,0,0,0,0,7
8411402800,77994124,77979,77979,0,0,0,0.043910980224609375,0,-0.010989189147949219,0,-0.0048847198486328125,0,0,0,0,0,0,0,0,0,0,0,0,0,0,0,7
8414509741,77999124,77984,77984,0,0,0,0.043910980224609375,0,-0.0036630630493164062,0,-0.0048847198486328125,0,0,0,0,0,0,0,0,0,0,0,0,0,0,0,7
8417616678,78001123,77986,77986,0,0,0,0.043910980224609375,0,-0.0036630630493164062,0,-0.0048847198486328125,0,0,0,0,0,0,0,0,0,0,0,0,0,0,0,7
8420723615,78004120,77989,77989,0,0,0,0.043910980224609375,0,-0.010989189147949219,0,-0.014652252197265625,0,0,0,0,0,0,0,0,0,0,0,0,0,0,0,7
8423830552,78008120,77993,77993,0,0,0,0.043910980224609375,0,-0.010989189147949219,0,-0.014652252197265625,0,0,0,0,0,0,0,0,0,0,0,0,0,0,0,7
8426937489,78010120,77995,77995,0,0,0,0.043910980224609375,0,0.010989189147949219,0,-0.014652252197265625,0,0,0,0,0,0,0,0,0,0,0,0,0,0,0,7
8430044426,78013121,77998,77998,0,0,0,0.043910980224609375,0,-0.010989189147949219,0,-0.014652252197265625,0,0,0,0,0,0,0,0,0,0,0,0,0,0,0,7
8433151363,78016122,78001,78001,0,0,0,0.043910980224609375,0,-0.0036630630493164062,0,-0.0048847198486328125,0,0,0,0,0,0,0,0,0,0,0,0,0,0,0,7
8436258300,78018121,78003,78003,0,0,0,0.043910980224609375,0,0.010989189147949219,0,0.0048847198486328125,0,0,0,0,0,0,0,0,0,0,0,0,0,0,0,7
8439672975,78027123,78012,78012,0,0,0,0.043910980224609375,0,0.0036630630493164062,0,-0.014652252197265625,0,0,0,0,0,0,0,0,0,0,0,0,0,0,0,7
8443087650,78029121,78014,78015,0,0,0,0.043910980224609375,0,-0.0036630630493164062,0,-0.014652252197265625,0,0,0,0,0,0,0,0,0,0,0,0,0,0,0,7
8446502325,78032122,78017,78017,0,0,0,0.043910980224609375,0,0.0036630630493164062,0,-0.014652252197265625,0,0,0,0,0,0,0,0,0,0,0,0,0,0,0,7
8449917000,78035133,78020,78020,0,0,0,0.043910980224609375,0,-0.0036630630493164062,0,-0.014652252197265625,0,0,0,0,0,0,0,0,0,0,0,0,0,0,0,7
8453331675,78037121,78022,78022,0,0,0,0.043910980224609375,0,-0.010989189147949219,0,-0.014652252197265625,0,0,0,0,0,0,0,0,0,0,0,0,0,0,0,7
8456746350,78040122,78025,78025,0,0,0,0.043910980224609375,0,-0.010989189147949219,0,-0.014652252197265625,0,0,0,0,0,0,0,0,0,0,0,0,0,0,0,7
8460161025,78042120,78027,78027,0,0,0,0.043910980224609375,0,0.0036630630493164062,0,-0.014652252197265625,0,0,0,0,0,0,0,0,0,0,0,0,0,0,0,7
8463575700,78046120,78031,78031,0,0,0,0.043910980224609375,0,-0.0036630630493164062,0,-0.0048847198486328125,0,0,0,0,0,0,0,0,0,0,0,0,0,0,0,7
8466610366,78050128,78035,78035,0,0,0,0.043910980224609375,0,-0.0036630630493164062,0,-0.0048847198486328125,0,0,0,0,0,0,0,0,0,0,0,0,0,0,0,7
8469645028,78052126,78037,78037,0,0,0,0.043910980224609375,0,0.0036630630493164062,0,-0.0048847198486328125,0,0,0,0,0,0,0,0,0,0,0,0,0,0,0,7
8472679690,78054120,78039,78039,0,0,0,0.043910980224609375,0,0.010989189147949219,0,-0.014652252197265625,0,0,0,0,0,0,0,0,0,0,0,0,0,0,0,7
8475714352,78059121,78044,78044,0,0,0,0.043910980224609375,0,-0.0036630630493164062,0,-0.014652252197265625,0,0,0,0,0,0,0,0,0,0,0,0,0,0,0,7
8478749014,78061130,78046,78046,0,0,0,0.043910980224609375,0,0.0036630630493164062,0,-0.014652252197265625,0,0,0,0,0,0,0,0,0,0,0,0,0,0,0,7
8481783676,78064120,78049,78049,0,0,0,0.043910980224609375,0,-0.0036630630493164062,0,-0.0048847198486328125,0,0,0,0,0,0,0,0,0,0,0,0,0,0,0,7
8484818338,78067120,78052,78052,0,0,0,0.043910980224609375,0,0.010989189147949219,0,-0.014652252197265625,0,0,0,0,0,0,0,0,0,0,0,0,0,0,0,7
8487853000,78069122,78054,78054,0,0,0,0.043910980224609375,0,-0.010989189147949219,0,-0.024419784545898438,0,0,0,0,0,0,0,0,0,0,0,0,0,0,0,7
8490881350,78076136,78061,78061,0,0,0,0.043910980224609375,0,-0.0036630630493164062,0,-0.0048847198486328125,0,0,0,0,0,0,0,0,0,0,0,0,0,0,0,7
8493909700,78078124,78063,78063,0,0,0,0.043910980224609375,0,-0.010989189147949219,0,-0.0048847198486328125,0,0,0,0,0,0,0,0,0,0,0,0,0,0,0,7
8496938050,78081124,78066,78066,0,0,0,0.043910980224609375,0,-0.010989189147949219,0,-0.014652252197265625,0,0,0,0,0,0,0,0,0,0,0,0,0,0,0,7
8499966400,78083120,78068,78068,0,0,0,0.043910980224609375,0,-0.01831531524658203,0,-0.0048847198486328125,0,0,0,0,0,0,0,0,0,0,0,0,0,0,0,7
8502994750,78086123,78071,78071,0,0,0,0.043910980224609375,0,0.0036630630493164062,0,-0.0048847198486328125,0,0,0,0,0,0,0,0,0,0,0,0,0,0,0,7
8506023100,78090136,78075,78075,0,0,0,0.043910980224609375,0,0.0036630630493164062,0,-0.014652252197265625,0,0,0,0,0,0,0,0,0,0,0,0,0,0,0,7
8509051450,78092120,78077,78077,0,0,0,0.043910980224609375,0,0.010989189147949219,0,-0.014652252197265625,0,0,0,0,0,0,0,0,0,0,0,0,0,0,0,7
8512079800,78094124,78079,78079,0,0,0,0.043910980224609375,0,-0.010989189147949219,0,-0.0048847198486328125,0,0,0,0,0,0,0,0,0,0,0,0,0,0,0,7
8515911000,78099125,78084,78084,0,0,0,0.043910980224609375,0,0.0036630630493164062,0,-0.0048847198486328125,0,0,0,0,0,0,0,0,0,0,0,0,0,0,0,7
8519742200,78104135,78089,78089,0,0,0,0.043910980224609375,0,0.010989189147949219,0,-0.014652252197265625,0,0,0,0,0,0,0,0,0,0,0,0,0,0,0,7
8523573400,78107125,78092,78092,0,0,0,0.043910980224609375,0,0.0036630630493164062,0,-0.0048847198486328125,0,0,0,0,0,0,0,0,0,0,0,0,0,0,0,7
8527404600,78110123,78095,78095,0,0,0,0.043910980224609375,0,-0.0036630630493164062,0,-0.014652252197265625,0,0,0,0,0,0,0,0,0,0,0,0,0,0,0,7
8531235800,78113121,78098,78098,0,0,0,0.043910980224609375,0,-0.0036630630493164062,0,-0.014652252197265625,0,0,0,0,0,0,0,0,0,0,0,0,0,0,0,7
8535067000,78116120,78101,78101,0,0,0,0.043910980224609375,0,0.0036630630493164062,0,-0.0048847198486328125,0,0,0,0,0,0,0,0,0,0,0,0,0,0,0,7
8538898200,78121120,78106,78106,0,0,0,0.043910980224609375,0,-0.01831531524658203,0,-0.0048847198486328125,0,0,0,0,0,0,0,0,0,0,0,0,0,0,0,7
8542729400,78124120,78109,78109,0,0,0,0.043910980224609375,0,0.0036630630493164062,0,-0.0048847198486328125,0,0,0,0,0,0,0,0,0,0,0,0,0,0,0,7
8545835375,78131132,78116,78116,0,0,0,0.043910980224609375,0,0.0036630630493164062,0,0.0048847198486328125,0,0,0,0,0,0,0,0,0,0,0,0,0,0,0,7
8548941350,78133124,78118,78118,0,0,0,0.043910980224609375,0,-0.0036630630493164062,0,-0.0048847198486328125,0,0,0,0,0,0,0,0,0,0,0,0,0,0,0,7
8552047325,78136124,78121,78121,0,0,0,0.043910980224609375,0,-0.010989189147949219,0,-0.014652252197265625,0,0,0,0,0,0,0,0,0,0,0,0,0,0,0,7
8555153300,78139123,78124,78124,0,0,0,0.043910980224609375,0,-0.0036630630493164062,0,-0.014652252197265625,0,0,0,0,0,0,0,0,0,0,0,0,0,0,0,7
8558259275,78141120,78126,78126,0,0,0,0.043910980224609375,0,-0.010989189147949219,0,-0.014652252197265625,0,0,0,0,0,0,0,0,0,0,0,0,0,0,0,7
8561365250,78144123,78129,78129,0,0,0,0.043910980224609375,0,0.0036630630493164062,0,-0.014652252197265625,0,0,0,0,0,0,0,0,0,0,0,0,0,0,0,7
8564471225,78146134,78131,78131,0,0,0,0.043910980224609375,0,-0.010989189147949219,0,-0.014652252197265625,0,0,0,0,0,0,0,0,0,0,0,0,0,0,0,7
8567577200,78149121,78134,78134,0,0,0,0.043910980224609375,0,-0.0036630630493164062,0,-0.0048847198486328125,0,0,0,0,0,0,0,0,0,0,0,0,0,0,0,7
8570814316,78154120,78139,78139,0,0,0,0.043910980224609375,0,-0.01831531524658203,0,-0.0048847198486328125,0,0,0,0,0,0,0,0,0,0,0,0,0,0,0,7
8574051428,78157124,78142,78142,0,0,0,0.043910980224609375,0,-0.01831531524658203,0,-0.014652252197265625,0,0,0,0,0,0,0,0,0,0,0,0,0,0,0,7
8577288540,78159128,78144,78144,0,0,0,0.043910980224609375,0,0.0036630630493164062,0,-0.0048847198486328125,0,0,0,0,0,0,0,0,0,0,0,0,0,0,0,7
8580525652,78162120,78147,78147,0,0,0,0.043910980224609375,0,-0.0036630630493164062,0,-0.0048847198486328125,0,0,0,0,0,0,0,0,0,0,0,0,0,0,0,7
8583762764,78164122,78150,78150,0,0,0,0.043910980224609375,0,0.0036630630493164062,0,-0.0048847198486328125,0,0,0,0,0,0,0,0,0,0,0,0,0,0,0,7
8586999876,78168122,78153,78153,0,0,0,0.043910980224609375,0,-0.0036630630493164062,0,-0.0048847198486328125,0,0,0,0,0,0,0,0,0,0,0,0,0,0,0,7
8590236988,78171121,78157,78157,0,0,0,0.043910980224609375,0,-0.0036630630493164062,0,-0.0048847198486328125,0,0,0,0,0,0,0,0,0,0,0,0,0,0,0,7
8593474100,78175133,78160,78160,0,0,0,0.043910980224609375,0,-0.0036630630493164062,0,0.0048847198486328125,0,0,0,0,0,0,0,0,0,0,0,0,0,0,0,7
8597037941,78181125,78166,78166,0,0,0,0.043910980224609375,0,-0.0036630630493164062,0,-0.014652252197265625,0,0,0,0,0,0,0,0,0,0,0,0,0,0,0,7
8600601778,78184120,78169,78169,0,0,0,0.043910980224609375,0,-0.010989189147949219,0,-0.014652252197265625,0,0,0,0,0,0,0,0,0,0,0,0,0,0,0,7
8604165615,78187128,78172,78172,0,0,0,0.043910980224609375,0,-0.010989189147949219,0,-0.0048847198486328125,0,0,0,0,0,0,0,0,0,0,0,0,0,0,0,7
8607729452,78191120,78176,78176,0,0,0,0.043910980224609375,0,0.0036630630493164062,0,-0.014652252197265625,0,0,0,0,0,0,0,0,0,0,0,0,0,0,0,7
8611293289,78195129,78180,78180,0,0,0,0.043910980224609375,0,-0.01831531524658203,0,-0.014652252197265625,0,0,0,0,0,0,0,0,0,0,0,0,0,0,0,7
8614857126,78198122,78183,78183,0,0,0,0.043910980224609375,0,-0.010989189147949219,0,-0.014652252197265625,0,0,0,0,0,0,0,0,0,0,0,0,0,0,0,7
8618420963,78201132,78186,78186,0,0,0,0.043910980224609375,0,-0.010989189147949219,0,-0.014652252197265625,0,0,0,0,0,0,0,0,0,0,0,0,0,0,0,7
8621984800,78204120,78189,78189,0,0,0,0.043910980224609375,0,-0.010989189147949219,0,-0.014652252197265625,0,0,0,0,0,0,0,0,0,0,0,0,0,0,0,7
8624826675,78209121,78194,78194,0,0,0,0.043910980224609375,0,-0.010989189147949219,0,-0.0048847198486328125,0,0,0,0,0,0,0,0,0,0,0,0,0,0,0,7
8627668550,78212120,78197,78197,0,0,0,0.043910980224609375,0,-0.0036630630493164062,0,-0.0048847198486328125,0,0,0,0,0,0,0,0,0,0,0,0,0,0,0,7
8630510425,78215141,78200,78200,0,0,0,0.043910980224609375,0,-0.010989189147949219,0,-0.0048847198486328125,0,0,0,0,0,0,0,0,0,0,0,0,0,0,0,7
8633352300,78217125,78202,78202,0,0,0,0.043910980224609375,0,-0.0036630630493164062,0,-0.0048847198486328125,0,0,0,0,0,0,0,0,0,0,0,0,0,0,0,7
8636194175,78219123,78204,78204,0,0,0,0.043910980224609375,0,-0.0036630630493164062,0,-0.0048847198486328125,0,0,0,0,0,0,0,0,0,0,0,0,0,0,0,7
8639036050,78221121,78206,78206,0,0,0,0.043910980224609375,0,-0.010989189147949219,0,-0.014652252197265625,0,0,0,0,0,0,0,0,0,0,0,0,0,0,0,7
8641877925,78224120,78209,78209,0,0,0,0.043910980224609375,0,-0.0036630630493164062,0,-0.014652252197265625,0,0,0,0,0,0,0,0,0,0,0,0,0,0,0,7
8644719800,78226120,78211,78211,0,0,0,0.043910980224609375,0,-0.0036630630493164062,0,-0.014652252197265625,0,0,0,0,0,0,0,0,0,0,0,0,0,0,0,7
8648125166,78232121,78217,78217,0,0,0,0.043910980224609375,0,0.0036630630493164062,0,-0.014652252197265625,0,0,0,0,0,0,0,0,0,0,0,0,0,0,0,7
8651530528,78235131,78220,78220,0,0,0,0.043910980224609375,0,-0.0036630630493164062,0,-0.014652252197265625,0,0,0,0,0,0,0,0,0,0,0,0,0,0,0,7
8654935890,78239124,78224,78224,0,0,0,0.043910980224609375,0,-0.0036630630493164062,0,-0.0048847198486328125,0,0,0,0,0,0,0,0,0,0,0,0,0,0,0,7
8658341252,78242120,78227,78227,0,0,0,0.043910980224609375,0,0.010989189147949219,0,-0.0048847198486328125,0,0,0,0,0,0,0,0,0,0,0,0,0,0,0,7
8661746614,78245133,78230,78230,0,0,0,0.043910980224609375,0,-0.0036630630493164062,0,-0.0048847198486328125,0,0,0,0,0,0,0,0,0,0,0,0,0,0,0,7
8665151976,78248122,78233,78233,0,0,0,0.043910980224609375,0,-0.01831531524658203,0,-0.0048847198486328125,0,0,0,0,0,0,0,0,0,0,0,0,0,0,0,7
8668557338,78250128,78235,78235,0,0,0,0.043910980224609375,0,0.0036630630493164062,0,-0.014652252197265625,0,0,0,0,0,0,0,0,0,0,0,0,0,0,0,7
8671962700,78253121,78238,78238,0,0,0,0.043910980224609375,0,0.0036630630493164062,0,-0.014652252197265625,0,0,0,0,0,0,0,0,0,0,0,0,0,0,0,7
8676295241,78262120,78247,78247,0,0,0,0.043910980224609375,0,-0.010989189147949219,0,-0.0048847198486328125,0,0,0,0,0,0,0,0,0,0,0,0,0,0,0,7
8680627778,78266120,78251,78251,0,0,0,0.043910980224609375,0,-0.010989189147949219,0,-0.014652252197265625,0,0,0,0,0,0,0,0,0,0,0,0,0,0,0,7
8684960315,78269121,78254,78254,0,0,0,0.043910980224609375,0,0.0036630630493164062,0,-0.014652252197265625,0,0,0,0,0,0,0,0,0,0,0,0,0,0,0,7
8689292852,78273128,78258,78258,0,0,0,0.043910980224609375,0,-0.0036630630493164062,0,-0.0048847198486328125,0,0,0,0,0,0,0,0,0,0,0,0,0,0,0,7
8693625389,78277123,78262,78262,0,0,0,0.043910980224609375,0,-0.010989189147949219,0,-0.014652252197265625,0,0,0,0,0,0,0,0,0,0,0,0,0,0,0,7
8697957926,78280121,78265,78265,0,0,0,0.043910980224609375,0,-0.0036630630493164062,0,-0.014652252197265625,0,0,0,0,0,0,0,0,0,0,0,0,0,0,0,7
8702290463,78283120,78268,78268,0,0,0,0.043910980224609375,0,-0.0036630630493164062,0,-0.014652252197265625,0,0,0,0,0,0,0,0,0,0,0,0,0,0,0,7
8706623000,78287125,78272,78272,0,0,0,0.043910980224609375,0,-0.010989189147949219,0,-0.014652252197265625,0,0,0,0,0,0,0,0,0,0,0,0,0,0,0,7
8710331825,78294120,78279,78279,0,0,0,0.043910980224609375,0,-0.0036630630493164062,0,-0.014652252197265625,0,0,0,0,0,0,0,0,0,0,0,0,0,0,0,7
8714040650,78298120,78283,78283,0,0,0,0.043910980224609375,0,-0.0036630630493164062,0,-0.0048847198486328125,0,0,0,0,0,0,0,0,0,0,0,0,0,0,0,7
8717749475,78302124,78287,78287,0,0,0,0.043910980224609375,0,-0.01831531524658203,0,0.0048847198486328125,0,0,0,0,0,0,0,0,0,0,0,0,0,0,0,7
8721458300,78305130,78290,78290,0,0,0,0.043910980224609375,0,0.010989189147949219,0,0.0048847198486328125,0,0,0,0,0,0,0,0,0,0,0,0,0,0,0,7
8725167125,78308120,78293,78293,0,0,0,0.043910980224609375,0,0.0036630630493164062,0,-0.014652252197265625,0,0,0,0,0,0,0,0,0,0,0,0,0,0,0,7
8728875950,78311121,78296,78296,0,0,0,0.043910980224609375,0,-0.010989189147949219,0,-0.014652252197265625,0,0,0,0,0,0,0,0,0,0,0,0,0,0,0,7
8732584775,78314137,78299,78299,0,0,0,0.043910980224609375,0,0.010989189147949219,0,-0.014652252197265625,0,0,0,0,0,0,0,0,0,0,0,0,0,0,0,7
8736293600,78318124,78303,78303,0,0,0,0.043910980224609375,0,0.0036630630493164062,0,-0.024419784545898438,0,0,0,0,0,0,0,0,0,0,0,0,0,0,0,7
8740307916,78323120,78308,78308,0,0,0,0.043910980224609375,0,-0.0036630630493164062,0,-0.014652252197265625,0,0,0,0,0,0,0,0,0,0,0,0,0,0,0,7
8744322228,78327128,78312,78312,0,0,0,0.043910980224609375,0,-0.0036630630493164062,0,-0.0048847198486328125,0,0,0,0,0,0,0,0,0,0,0,0,0,0,0,7
8748336540,78330122,78315,78315,0,0,0,0.043910980224609375,0,0.0036630630493164062,0,-0.014652252197265625,0,0,0,0,0,0,0,0,0,0,0,0,0,0,0,7
8752350852,78334120,78319,78319,0,0,0,0.043910980224609375,0,-0.0036630630493164062,0,-0.014652252197265625,0,0,0,0,0,0,0,0,0,0,0,0,0,0,0,7
8756365164,78337121,78322,78322,0,0,0,0.043910980224609375,0,-0.0036630630493164062,0,-0.0048847198486328125,0,0,0,0,0,0,0,0,0,0,0,0,0,0,0,7
8760379476,78342135,78327,78327,0,0,0,0.043910980224609375,0,0.0036630630493164062,0,-0.014652252197265625,0,0,0,0,0,0,0,0,0,0,0,0,0,0,0,7
8764393788,78346120,78331,78331,0,0,0,0.043910980224609375,0,-0.0036630630493164062,0,-0.014652252197265625,0,0,0,0,0,0,0,0,0,0,0,0,0,0,0,7
8768408100,78350128,78335,78335,0,0,0,0.043910980224609375,0,-0.0036630630493164062,0,-0.014652252197265625,0,0,0,0,0,0,0,0,0,0,0,0,0,0,0,7
8772531448,78355140,78340,78340,0,0,0,0.043910980224609375,0,-0.0036630630493164062,0,-0.014652252197265625,0,0,0,0,0,0,0,0,0,0,0,0,0,0,0,7
8776654790,78358120,78343,78343,0,0,0,0.043910980224609375,0,-0.01831531524658203,0,-0.014652252197265625,0,0,0,0,0,0,0,0,0,0,0,0,0,0,0,7
8780778132,78362120,78347,78347,0,0,0,0.043910980224609375,0,0.0036630630493164062,0,-0.0048847198486328125,0,0,0,0,0,0,0,0,0,0,0,0,0,0,0,7
8784901474,78365129,78350,78350,0,0,0,0.043910980224609375,0,-0.010989189147949219,0,-0.014652252197265625,0,0,0,0,0,0,0,0,0,0,0,0,0,0,0,7
8789024816,78368124,78354,78354,0,0,0,0.043910980224609375,0,-0.0036630630493164062,0,-0.0048847198486328125,0,0,0,0,0,0,0,0,0,0,0,0,0,0,0,7
8793148158,78372122,78357,78357,0,0,0,0.043910980224609375,0,-0.0036630630493164062,0,-0.014652252197265625,0,0,0,0,0,0,0,0,0,0,0,0,0,0,0,7
8797271500,78378120,78363,78363,0,0,0,0.043910980224609375,0,-0.010989189147949219,0,-0.0048847198486328125,0,0,0,0,0,0,0,0,0,0,0,0,0,0,0,7
8801096732,78387121,78372,78372,0,0,0,0.043910980224609375,0,-0.010989189147949219,0,-0.0048847198486328125,0,0,0,0,0,0,0,0,0,0,0,0,0,0,0,7
8804921960,78390120,78375,78375,0,0,0,0.043910980224609375,0,-0.010989189147949219,0,-0.0048847198486328125,0,0,0,0,0,0,0,0,0,0,0,0,0,0,0,7
8808747188,78393122,78378,78378,0,0,0,0.043910980224609375,0,-0.0036630630493164062,0,-0.014652252197265625,0,0,0,0,0,0,0,0,0,0,0,0,0,0,0,7
8812572416,78396121,78381,78381,0,0,0,0.043910980224609375,0,-0.025641441345214844,0,-0.014652252197265625,0,0,0,0,0,0,0,0,0,0,0,0,0,0,0,7
8816397644,78399125,78384,78384,0,0,0,0.043910980224609375,0,0.0036630630493164062,0,-0.014652252197265625,0,0,0,0,0,0,0,0,0,0,0,0,0,0,0,7
8820222872,78402120,78387,78387,0,0,0,0.043910980224609375,0,-0.0036630630493164062,0,-0.014652252197265625,0,0,0,0,0,0,0,0,0,0,0,0,0,0,0,7
8824048100,78406120,78391,78391,0,0,0,0.043910980224609375,0,-0.0036630630493164062,0,-0.014652252197265625,0,0,0,0,0,0,0,0,0,0,0,0,0,0,0,7
8827627650,78411128,78396,78396,0,0,0,0.043910980224609375,0,-0.0036630630493164062,0,-0.0048847198486328125,0,0,0,0,0,0,0,0,0,0,0,0,0,0,0,7
8831207200,78414120,78399,78399,0,0,0,0.043910980224609375,0,0.0036630630493164062,0,-0.014652252197265625,0,0,0,0,0,0,0,0,0,0,0,0,0,0,0,7
8834786750,78418124,78403,78403,0,0,0,0.043910980224609375,0,0.0036630630493164062,0,-0.0048847198486328125,0,0,0,0,0,0,0,0,0,0,0,0,0,0,0,7
8838366300,78421121,78406,78406,0,0,0,0.043910980224609375,0,-0.0036630630493164062,0,-0.014652252197265625,0,0,0,0,0,0,0,0,0,0,0,0,0,0,0,7
8841945850,78425136,78410,78410,0,0,0,0.043910980224609375,0,0.010989189147949219,0,-0.014652252197265625,0,0,0,0,0,0,0,0,0,0,0,0,0,0,0,7
8845525400,78428121,78413,78413,0,0,0,0.043910980224609375,0,0.0036630630493164062,0,-0.014652252197265625,0,0,0,0,0,0,0,0,0,0,0,0,0,0,0,7
8849104950,78431120,78416,78416,0,0,0,0.043910980224609375,0,-0.010989189147949219,0,-0.014652252197265625,0,0,0,0,0,0,0,0,0,0,0,0,0,0,0,7
8852684500,78434124,78419,78419,0,0,0,0.043910980224609375,0,0.0036630630493164062,0,-0.014652252197265625,0,0,0,0,0,0,0,0,0,0,0,0,0,0,0,7
8856302650,78441125,78426,78426,0,0,0,0.043910980224609375,0,-0.010989189147949219,0,-0.014652252197265625,0,0,0,0,0,0,0,0,0,0,0,0,0,0,0,7
8859920800,78444120,78429,78429,0,0,0,0.043910980224609375,0,0.010989189147949219,0,-0.014652252197265625,0,0,0,0,0,0,0,0,0,0,0,0,0,0,0,7
8863538950,78447125,78432,78432,0,0,0,0.043910980224609375,0,-0.010989189147949219,0,-0.014652252197265625,0,0,0,0,0,0,0,0,0,0,0,0,0,0,0,7
8867157100,78450128,78435,78435,0,0,0,0.043910980224609375,0,0.0036630630493164062,0,-0.0048847198486328125,0,0,0,0,0,0,0,0,0,0,0,0,0,0,0,7
8870775250,78452122,78437,78437,0,0,0,0.043910980224609375,0,-0.010989189147949219,0,-0.014652252197265625,0,0,0,0,0,0,0,0,0,0,0,0,0,0,0,7
8874393400,78457121,78443,78443,0,0,0,0.043910980224609375,0,0.0036630630493164062,0,-0.0048847198486328125,0,0,0,0,0,0,0,0,0,0,0,0,0,0,0,7
8878011550,78460121,78445,78445,0,0,0,0.043910980224609375,0,-0.010989189147949219,0,0.0048847198486328125,0,0,0,0,0,0,0,0,0,0,0,0,0,0,0,7
8881629700,78463124,78448,78448,0,0,0,0.043910980224609375,0,-0.010989189147949219,0,-0.0048847198486328125,0,0,0,0,0,0,0,0,0,0,0,0,0,0,0,7
8889399066,78471124,78456,78456,0,0,0,0.043910980224609375,0,0.0036630630493164062,0,-0.0048847198486328125,0,0,0,0,0,0,0,0,0,0,0,0,0,0,0,7
8897168428,78486120,78471,78471,0,0,0,0.043910980224609375,0,-0.0036630630493164062,0,-0.0048847198486328125,0,0,0,0,0,0,0,0,0,0,0,0,0,0,0,7
8904937790,78501123,78486,78486,0,0,0,0.043910980224609375,0,-0.010989189147949219,0,-0.014652252197265625,0,0,0,0,0,0,0,0,0,0,0,0,0,0,0,7
8912707152,78506120,78491,78491,0,0,0,0.043910980224609375,0,0.0036630630493164062,0,-0.014652252197265625,0,0,0,0,0,0,0,0,0,0,0,0,0,0,0,7
8920476514,78510134,78495,78495,0,0,0,0.043910980224609375,0,-0.010989189147949219,0,-0.014652252197265625,0,0,0,0,0,0,0,0,0,0,0,0,0,0,0,7
8928245876,78513124,78498,78498,0,0,0,0.043910980224609375,0,0.0036630630493164062,0,-0.0048847198486328125,0,0,0,0,0,0,0,0,0,0,0,0,0,0,0,7
8936015238,78516120,78501,78501,0,0,0,0.043910980224609375,0,-0.0036630630493164062,0,-0.0048847198486328125,0,0,0,0,0,0,0,0,0,0,0,0,0,0,0,7
8943784600,78521124,78506,78506,0,0,0,0.043910980224609375,0,-0.010989189147949219,0,-0.014652252197265625,0,0,0,0,0,0,0,0,0,0,0,0,0,0,0,7
8949051900,78537129,78522,78522,0,0,0,0.043910980224609375,0,0.010989189147949219,0,-0.0048847198486328125,0,0,0,0,0,0,0,0,0,0,0,0,0,0,0,7
8954319200,78540120,78525,78525,0,0,0,0.043910980224609375,0,-0.0036630630493164062,0,-0.014652252197265625,0,0,0,0,0,0,0,0,0,0,0,0,0,0,0,7
8959586500,78543121,78528,78528,0,0,0,0.043910980224609375,0,-0.025641441345214844,0,-0.014652252197265625,0,0,0,0,0,0,0,0,0,0,0,0,0,0,0,7
8964853800,78546122,78531,78531,0,0,0,0.043910980224609375,0,-0.0036630630493164062,0,-0.014652252197265625,0,0,0,0,0,0,0,0,0,0,0,0,0,0,0,7
8968333758,78551129,78536,78536,0,0,0,0.043910980224609375,0,-0.0036630630493164062,0,-0.0048847198486328125,0,0,0,0,0,0,0,0,0,0,0,0,0,0,0,7
8971813715,78554121,78539,78539,0,0,0,0.043910980224609375,0,-0.0036630630493164062,0,-0.014652252197265625,0,0,0,0,0,0,0,0,0,0,0,0,0,0,0,7
8975293672,78557120,78542,78542,0,0,0,0.043910980224609375,0,-0.01831531524658203,0,-0.014652252197265625,0,0,0,0,0,0,0,0,0,0,0,0,0,0,0,7
8978773629,78560120,78545,78545,0,0,0,0.043910980224609375,0,-0.010989189147949219,0,-0.014652252197265625,0,0,0,0,0,0,0,0,0,0,0,0,0,0,0,7
8982253586,78564121,78549,78549,0,0,0,0.043910980224609375,0,-0.0036630630493164062,0,-0.014652252197265625,0,0,0,0,0,0,0,0,0,0,0,0,0,0,0,7
8985733543,78567127,78552,78552,0,0,0,0.043910980224609375,0,-0.0036630630493164062,0,-0.014652252197265625,0,0,0,0,0,0,0,0,0,0,0,0,0,0,0,7
8989213500,78570120,78555,78555,0,0,0,0.043910980224609375,0,0.0036630630493164062,0,-0.0048847198486328125,0,0,0,0,0,0,0,0,0,0,0,0,0,0,0,7
8993320800,78582120,78567,78567,0,0,0,0.043910980224609375,0,-0.0036630630493164062,0,-0.014652252197265625,0,0,0,0,0,0,0,0,0,0,0,0,0,0,0,7
8997428100,78585129,78570,78570,0,0,0,0.043910980224609375,0,-0.0036630630493164062,0,-0.0048847198486328125,0,0,0,0,0,0,0,0,0,0,0,0,0,0,0,7
9001535400,78588120,78573,78573,0,0,0,0.043910980224609375,0,-0.0036630630493164062,0,-0.014652252197265625,0,0,0,0,0,0,0,0,0,0,0,0,0,0,0,7
9005642700,78590120,78575,78575,0,0,0,0.043910980224609375,0,0.0036630630493164062,0,-0.014652252197265625,0,0,0,0,0,0,0,0,0,0,0,0,0,0,0,7
9009750000,78594134,78579,78579,0,0,0,0.043910980224609375,0,-0.0036630630493164062,0,-0.014652252197265625,0,0,0,0,0,0,0,0,0,0,0,0,0,0,0,7
9013857300,78599121,78584,78584,0,0,0,0.043910980224609375,0,0.010989189147949219,0,-0.014652252197265625,0,0,0,0,0,0,0,0,0,0,0,0,0,0,0,7
9017964600,78601123,78586,78586,0,0,0,0.043910980224609375,0,-0.0036630630493164062,0,-0.014652252197265625,0,0,0,0,0,0,0,0,0,0,0,0,0,0,0,7
9022071900,78604122,78589,78589,0,0,0,0.043910980224609375,0,-0.01831531524658203,0,-0.024419784545898438,0,0,0,0,0,0,0,0,0,0,0,0,0,0,0,7
9025042716,78608140,78593,78593,0,0,0,0.043910980224609375,0,0.0036630630493164062,0,-0.024419784545898438,0,0,0,0,0,0,0,0,0,0,0,0,0,0,0,7
9028013530,78611120,78596,78596,0,0,0,0.043910980224609375,0,-0.010989189147949219,0,-0.024419784545898438,0,0,0,0,0,0,0,0,0,0,0,0,0,0,0,7
9030984344,78613120,78598,78598,0,0,0,0.043910980224609375,0,-0.01831531524658203,0,-0.014652252197265625,0,0,0,0,0,0,0,0,0,0,0,0,0,0,0,7
9033955158,78615129,78600,78600,0,0,0,0.043910980224609375,0,0.0036630630493164062,0,-0.014652252197265625,0,0,0,0,0,0,0,0,0,0,0,0,0,0,0,7
9036925972,78618120,78603,78603,0,0,0,0.043910980224609375,0,0.0036630630493164062,0,-0.014652252197265625,0,0,0,0,0,0,0,0,0,0,0,0,0,0,0,7
9039896786,78620122,78605,78605,0,0,0,0.043910980224609375,0,-0.01831531524658203,0,-0.0048847198486328125,0,0,0,0,0,0,0,0,0,0,0,0,0,0,0,7
9042867600,78625131,78610,78610,0,0,0,0.043910980224609375,0,0.010989189147949219,0,-0.014652252197265625,0,0,0,0,0,0,0,0,0,0,0,0,0,0,0,7
9045759950,78629124,78614,78614,0,0,0,0.043910980224609375,0,-0.0036630630493164062,0,-0.0048847198486328125,0,0,0,0,0,0,0,0,0,0,0,0,0,0,0,7
9048652300,78631121,78616,78616,0,0,0,0.043910980224609375,0,-0.010989189147949219,0,-0.0048847198486328125,0,0,0,0,0,0,0,0,0,0,0,0,0,0,0,7
9051544650,78633122,78618,78618,0,0,0,0.043910980224609375,0,0.01831531524658203,0,-0.014652252197265625,0,0,0,0,0,0,0,0,0,0,0,0,0,0,0,7
9054437000,78634119,78620,78620,0,0,0,0.043910980224609375,0,-0.010989189147949219,0,-0.014652252197265625,0,0,0,0,0,0,0,0,0,0,0,0,0,0,0,7
9057329350,78636135,78621,78621,0,0,0,0.043910980224609375,0,0.0036630630493164062,0,-0.0048847198486328125,0,0,0,0,0,0,0,0,0,0,0,0,0,0,0,7
9060221700,78644120,78629,78629,0,0,0,0.043910980224609375,0,-0.0036630630493164062,0,-0.0048847198486328125,0,0,0,0,0,0,0,0,0,0,0,0,0,0,0,7
9063114050,78646120,78631,78631,0,0,0,0.043910980224609375,0,-0.010989189147949219,0,-0.0048847198486328125,0,0,0,0,0,0,0,0,0,0,0,0,0,0,0,7
9066006400,78648120,78633,78633,0,0,0,0.043910980224609375,0,-0.010989189147949219,0,-0.0048847198486328125,0,0,0,0,0,0,0,0,0,0,0,0,0,0,0,7
9069209966,78653121,78638,78639,0,0,0,0.043910980224609375,0,-0.0036630630493164062,0,-0.014652252197265625,0,0,0,0,0,0,0,0,0,0,0,0,0,0,0,7
9072051854,78657121,78642,78642,0,0,0,0.043910980224609375,0,-0.0036630630493164062,0,-0.014652252197265625,0,0,0,0,0,0,0,0,0,0,0,0,0,0,0,7
9074893742,78659121,78644,78644,0,0,0,0.043910980224609375,0,0.0036630630493164062,0,-0.014652252197265625,0,0,0,0,0,0,0,0,0,0,0,0,0,0,0,7
9077735630,78661121,78646,78646,0,0,0,0.043910980224609375,0,0.010989189147949219,0,-0.0048847198486328125,0,0,0,0,0,0,0,0,0,0,0,0,0,0,0,7
9080577518,78664135,78649,78649,0,0,0,0.043910980224609375,0,-0.010989189147949219,0,-0.0048847198486328125,0,0,0,0,0,0,0,0,0,0,0,0,0,0,0,7
9083419406,78668120,78653,78653,0,0,0,0.043910980224609375,0,0.010989189147949219,0,-0.014652252197265625,0,0,0,0,0,0,0,0,0,0,0,0,0,0,0,7
9086261294,78671121,78656,78656,0,0,0,0.043910980224609375,0,0.0036630630493164062,0,-0.014652252197265625,0,0,0,0,0,0,0,0,0,0,0,0,0,0,0,7
9089103182,78674124,78659,78659,0,0,0,0.043910980224609375,0,0.010989189147949219,0,-0.014652252197265625,0,0,0,0,0,0,0,0,0,0,0,0,0,0,0,7
9091945070,78677129,78662,78662,0,0,0,0.043910980224609375,0,0.0036630630493164062,0,-0.014652252197265625,0,0,0,0,0,0,0,0,0,0,0,0,0,0,0,7
9094786958,78679129,78664,78664,0,0,0,0.043910980224609375,0,-0.010989189147949219,0,-0.0048847198486328125,0,0,0,0,0,0,0,0,0,0,0,0,0,0,0,7
9097628846,78682120,78667,78667,0,0,0,0.043910980224609375,0,-0.010989189147949219,0,-0.0048847198486328125,0,0,0,0,0,0,0,0,0,0,0,0,0,0,0,7
9100470734,78684120,78669,78669,0,0,0,0.043910980224609375,0,0.0036630630493164062,0,-0.014652252197265625,0,0,0,0,0,0,0,0,0,0,0,0,0,0,0,7
9103312622,78687124,78672,78672,0,0,0,0.043910980224609375,0,-0.0036630630493164062,0,-0.0048847198486328125,0,0,0,0,0,0,0,0,0,0,0,0,0,0,0,7
9106154510,78690120,78675,78675,0,0,0,0.043910980224609375,0,-0.01831531524658203,0,-0.0048847198486328125,0,0,0,0,0,0,0,0,0,0,0,0,0,0,0,7
9108996398,78692134,78678,78678,0,0,0,0.043910980224609375,0,0.0036630630493164062,0,-0.0048847198486328125,0,0,0,0,0,0,0,0,0,0,0,0,0,0,0,7
9111838286,78694120,78680,78680,0,0,0,0.043910980224609375,0,-0.010989189147949219,0,-0.0048847198486328125,0,0,0,0,0,0,0,0,0,0,0,0,0,0,0,7
9114311375,78698120,78683,78683,0,0,0,0.043910980224609375,0,-0.0036630630493164062,0,-0.0048847198486328125,0,0,0,0,0,0,0,0,0,0,0,0,0,0,0,7
9116784450,78701123,78686,78686,0,0,0,0.043910980224609375,0,0.0036630630493164062,0,-0.0048847198486328125,0,0,0,0,0,0,0,0,0,0,0,0,0,0,0,7
9119257525,78703124,78688,78688,0,0,0,0.043910980224609375,0,0.0036630630493164062,0,-0.0048847198486328125,0,0,0,0,0,0,0,0,0,0,0,0,0,0,0,7
9121730600,78705137,78690,78690,0,0,0,0.043910980224609375,0,0.010989189147949219,0,0.0048847198486328125,0,0,0,0,0,0,0,0,0,0,0,0,0,0,0,7
9124203675,78708124,78693,78693,0,0,0,0.043910980224609375,0,-0.01831531524658203,0,-0.0048847198486328125,0,0,0,0,0,0,0,0,0,0,0,0,0,0,0,7
9126676750,78710120,78695,78695,0,0,0,0.043910980224609375,0,-0.010989189147949219,0,-0.014652252197265625,0,0,0,0,0,0,0,0,0,0,0,0,0,0,0,7
9129149825,78712122,78697,78697,0,0,0,0.043910980224609375,0,-0.010989189147949219,0,-0.014652252197265625,0,0,0,0,0,0,0,0,0,0,0,0,0,0,0,7
9131622900,78714120,78699,78699,0,0,0,0.043910980224609375,0,-0.010989189147949219,0,-0.014652252197265625,0,0,0,0,0,0,0,0,0,0,0,0,0,0,0,7
9134131725,78717121,78702,78702,0,0,0,0.043910980224609375,0,-0.01831531524658203,0,-0.014652252197265625,0,0,0,0,0,0,0,0,0,0,0,0,0,0,0,7
9136620303,78719129,78704,78704,0,0,0,0.043910980224609375,0,0.0036630630493164062,0,-0.014652252197265625,0,0,0,0,0,0,0,0,0,0,0,0,0,0,0,7
9139108881,78722120,78707,78707,0,0,0,0.043910980224609375,0,-0.025641441345214844,0,-0.014652252197265625,0,0,0,0,0,0,0,0,0,0,0,0,0,0,0,7
9141597459,78724124,78710,78710,0,0,0,0.043910980224609375,0,-0.0036630630493164062,0,-0.0048847198486328125,0,0,0,0,0,0,0,0,0,0,0,0,0,0,0,7
9144086037,78727121,78712,78712,0,0,0,0.043910980224609375,0,-0.01831531524658203,0,-0.0048847198486328125,0,0,0,0,0,0,0,0,0,0,0,0,0,0,0,7
9146574615,78729121,78714,78714,0,0,0,0.043910980224609375,0,0.0036630630493164062,0,-0.0048847198486328125,0,0,0,0,0,0,0,0,0,0,0,0,0,0,0,7
9149063193,78731120,78716,78716,0,0,0,0.043910980224609375,0,-0.010989189147949219,0,-0.014652252197265625,0,0,0,0,0,0,0,0,0,0,0,0,0,0,0,7
9151551771,78734134,78719,78719,0,0,0,0.043910980224609375,0,-0.025641441345214844,0,-0.014652252197265625,0,0,0,0,0,0,0,0,0,0,0,0,0,0,0,7
9154040349,78737124,78722,78722,0,0,0,0.043910980224609375,0,-0.01831531524658203,0,-0.014652252197265625,0,0,0,0,0,0,0,0,0,0,0,0,0,0,0,7
9156528927,78740120,78725,78725,0,0,0,0.043910980224609375,0,0.010989189147949219,0,-0.014652252197265625,0,0,0,0,0,0,0,0,0,0,0,0,0,0,0,7
9159017505,78742120,78727,78727,0,0,0,0.043910980224609375,0,-0.010989189147949219,0,-0.0048847198486328125,0,0,0,0,0,0,0,0,0,0,0,0,0,0,0,7
9161506083,78744120,78729,78729,0,0,0,0.043910980224609375,0,0.0036630630493164062,0,-0.0048847198486328125,0,0,0,0,0,0,0,0,0,0,0,0,0,0,0,7
9163994661,78746120,78731,78731,0,0,0,0.043910980224609375,0,-0.0036630630493164062,0,-0.0048847198486328125,0,0,0,0,0,0,0,0,0,0,0,0,0,0,0,7
9166483239,78750128,78735,78735,0,0,0,0.043910980224609375,0,0.0036630630493164062,0,-0.014652252197265625,0,0,0,0,0,0,0,0,0,0,0,0,0,0,0,7
9168971817,78751121,78736,78737,0,0,0,0.043910980224609375,0,-0.010989189147949219,0,-0.0048847198486328125,0,0,0,0,0,0,0,0,0,0,0,0,0,0,0,7
9171460395,78753125,78738,78738,0,0,0,0.043910980224609375,0,-0.0036630630493164062,0,-0.0048847198486328125,0,0,0,0,0,0,0,0,0,0,0,0,0,0,0,7
9174658800,78759121,78744,78744,0,0,0,0.043910980224609375,0,-0.010989189147949219,0,-0.014652252197265625,0,0,0,0,0,0,0,0,0,0,0,0,0,0,0,7
9177857200,78761132,78746,78746,0,0,0,0.043910980224609375,0,0.0036630630493164062,0,-0.014652252197265625,0,0,0,0,0,0,0,0,0,0,0,0,0,0,0,7
9181055600,78764121,78750,78750,0,0,0,0.043910980224609375,0,-0.010989189147949219,0,-0.0048847198486328125,0,0,0,0,0,0,0,0,0,0,0,0,0,0,0,7
9184254000,78767121,78752,78752,0,0,0,0.043910980224609375,0,-0.010989189147949219,0,-0.0048847198486328125,0,0,0,0,0,0,0,0,0,0,0,0,0,0,0,7
9187452400,78770122,78755,78755,0,0,0,0.043910980224609375,0,0.010989189147949219,0,-0.014652252197265625,0,0,0,0,0,0,0,0,0,0,0,0,0,0,0,7
9190650800,78773120,78758,78758,0,0,0,0.043910980224609375,0,-0.010989189147949219,0,-0.014652252197265625,0,0,0,0,0,0,0,0,0,0,0,0,0,0,0,7
9193849200,78776134,78761,78761,0,0,0,0.043910980224609375,0,-0.0036630630493164062,0,-0.0048847198486328125,0,0,0,0,0,0,0,0,0,0,0,0,0,0,0,7
9197047600,78779120,78764,78764,0,0,0,0.043910980224609375,0,-0.010989189147949219,0,-0.014652252197265625,0,0,0,0,0,0,0,0,0,0,0,0,0,0,0,7
9200596775,78784120,78769,78769,0,0,0,0.043910980224609375,0,0.0036630630493164062,0,-0.014652252197265625,0,0,0,0,0,0,0,0,0,0,0,0,0,0,0,7
9204145950,78788120,78773,78773,0,0,0,0.043910980224609375,0,-0.0036630630493164062,0,-0.014652252197265625,0,0,0,0,0,0,0,0,0,0,0,0,0,0,0,7
9207695125,78791124,78776,78776,0,0,0,0.043910980224609375,0,-0.010989189147949219,0,-0.0048847198486328125,0,0,0,0,0,0,0,0,0,0,0,0,0,0,0,7
9211244300,78795133,78780,78780,0,0,0,0.043910980224609375,0,0.010989189147949219,0,-0.014652252197265625,0,0,0,0,0,0,0,0,0,0,0,0,0,0,0,7
9214793475,78798120,78783,78783,0,0,0,0.043910980224609375,0,-0.010989189147949219,0,-0.0048847198486328125,0,0,0,0,0,0,0,0,0,0,0,0,0,0,0,7
9218342650,78800130,78786,78786,0,0,0,0.043910980224609375,0,-0.010989189147949219,0,-0.014652252197265625,0,0,0,0,0,0,0,0,0,0,0,0,0,0,0,7
9221891825,78803132,78788,78788,0,0,0,0.043910980224609375,0,-0.0036630630493164062,0,-0.014652252197265625,0,0,0,0,0,0,0,0,0,0,0,0,0,0,0,7
9225441000,78807123,78792,78792,0,0,0,0.043910980224609375,0,-0.0036630630493164062,0,-0.014652252197265625,0,0,0,0,0,0,0,0,0,0,0,0,0,0,0,7
9228594766,78812120,78797,78797,0,0,0,0.043910980224609375,0,-0.010989189147949219,0,-0.0048847198486328125,0,0,0,0,0,0,0,0,0,0,0,0,0,0,0,7
9231748528,78816120,78801,78801,0,0,0,0.043910980224609375,0,0.010989189147949219,0,-0.0048847198486328125,0,0,0,0,0,0,0,0,0,0,0,0,0,0,0,7
9234902290,78819128,78804,78804,0,0,0,0.043910980224609375,0,-0.010989189147949219,0,-0.0048847198486328125,0,0,0,0,0,0,0,0,0,0,0,0,0,0,0,7
9238056052,78823122,78808,78808,0,0,0,0.043910980224609375,0,-0.010989189147949219,0,-0.014652252197265625,0,0,0,0,0,0,0,0,0,0,0,0,0,0,0,7
9241209814,78826120,78811,78811,0,0,0,0.043910980224609375,0,-0.01831531524658203,0,-0.0048847198486328125,0,0,0,0,0,0,0,0,0,0,0,0,0,0,0,7
9244363576,78828122,78813,78813,0,0,0,0.043910980224609375,0,0.010989189147949219,0,-0.014652252197265625,0,0,0,0,0,0,0,0,0,0,0,0,0,0,0,7
9247517338,78831128,78816,78816,0,0,0,0.043910980224609375,0,-0.0036630630493164062,0,-0.014652252197265625,0,0,0,0,0,0,0,0,0,0,0,0,0,0,0,7
9250671100,78833125,78818,78818,0,0,0,0.043910980224609375,0,-0.0036630630493164062,0,-0.014652252197265625,0,0,0,0,0,0,0,0,0,0,0,0,0,0,0,7
9253928516,78838120,78823,78823,0,0,0,0.043910980224609375,0,-0.025641441345214844,0,-0.014652252197265625,0,0,0,0,0,0,0,0,0,0,0,0,0,0,0,7
9257185928,78841120,78826,78826,0,0,0,0.043910980224609375,0,-0.0036630630493164062,0,-0.0048847198486328125,0,0,0,0,0,0,0,0,0,0,0,0,0,0,0,7
9260443340,78844122,78829,78829,0,0,0,0.043910980224609375,0,0.010989189147949219,0,-0.0048847198486328125,0,0,0,0,0,0,0,0,0,0,0,0,0,0,0,7
9263700752,78847125,78832,78832,0,0,0,0.043910980224609375,0,-0.0036630630493164062,0,-0.0048847198486328125,0,0,0,0,0,0,0,0,0,0,0,0,0,0,0,7
9266958164,78849121,78834,78834,0,0,0,0.043910980224609375,0,-0.0036630630493164062,0,-0.0048847198486328125,0,0,0,0,0,0,0,0,0,0,0,0,0,0,0,7
9270215576,78852124,78837,78837,0,0,0,0.043910980224609375,0,-0.01831531524658203,0,-0.0048847198486328125,0,0,0,0,0,0,0,0,0,0,0,0,0,0,0,7
9273472988,78855129,78840,78840,0,0,0,0.043910980224609375,0,-0.010989189147949219,0,-0.0048847198486328125,0,0,0,0,0,0,0,0,0,0,0,0,0,0,0,7
9276730400,78858120,78843,78843,0,0,0,0.043910980224609375,0,-0.0036630630493164062,0,-0.0048847198486328125,0,0,0,0,0,0,0,0,0,0,0,0,0,0,0,7
9280031541,78867121,78852,78852,0,0,0,0.043910980224609375,0,0.0036630630493164062,0,-0.0048847198486328125,0,0,0,0,0,0,0,0,0,0,0,0,0,0,0,7
9283332678,78869124,78854,78854,0,0,0,0.043910980224609375,0,0.0036630630493164062,0,-0.0048847198486328125,0,0,0,0,0,0,0,0,0,0,0,0,0,0,0,7
9286633815,78872120,78857,78857,0,0,0,0.043910980224609375,0,-0.0036630630493164062,0,-0.0048847198486328125,0,0,0,0,0,0,0,0,0,0,0,0,0,0,0,7
9289934952,78875133,78860,78860,0,0,0,0.043910980224609375,0,-0.010989189147949219,0,-0.014652252197265625,0,0,0,0,0,0,0,0,0,0,0,0,0,0,0,7
9293236089,78877125,78862,78862,0,0,0,0.043910980224609375,0,-0.01831531524658203,0,-0.014652252197265625,0,0,0,0,0,0,0,0,0,0,0,0,0,0,0,7
9296537226,78879121,78864,78864,0,0,0,0.043910980224609375,0,0.010989189147949219,0,-0.014652252197265625,0,0,0,0,0,0,0,0,0,0,0,0,0,0,0,7
9299838363,78882124,78867,78867,0,0,0,0.043910980224609375,0,-0.010989189147949219,0,-0.0048847198486328125,0,0,0,0,0,0,0,0,0,0,0,0,0,0,0,7
9303139500,78885129,78870,78870,0,0,0,0.043910980224609375,0,-0.010989189147949219,0,-0.0048847198486328125,0,0,0,0,0,0,0,0,0,0,0,0,0,0,0,7
9306786925,78891121,78876,78876,0,0,0,0.043910980224609375,0,-0.0036630630493164062,0,-0.0048847198486328125,0,0,0,0,0,0,0,0,0,0,0,0,0,0,0,7
9310434350,78893121,78878,78878,0,0,0,0.043910980224609375,0,-0.0036630630493164062,0,-0.014652252197265625,0,0,0,0,0,0,0,0,0,0,0,0,0,0,0,7
9314081775,78896122,78881,78881,0,0,0,0.043910980224609375,0,-0.0036630630493164062,0,-0.014652252197265625,0,0,0,0,0,0,0,0,0,0,0,0,0,0,0,7
9317729200,78901130,78886,78886,0,0,0,0.043910980224609375,0,-0.0036630630493164062,0,-0.014652252197265625,0,0,0,0,0,0,0,0,0,0,0,0,0,0,0,7
9321376625,78904120,78889,78889,0,0,0,0.043910980224609375,0,-0.010989189147949219,0,-0.014652252197265625,0,0,0,0,0,0,0,0,0,0,0,0,0,0,0,7
9325024050,78907121,78892,78892,0,0,0,0.043910980224609375,0,-0.010989189147949219,0,-0.024419784545898438,0,0,0,0,0,0,0,0,0,0,0,0,0,0,0,7
9328671475,78910122,78895,78895,0,0,0,0.043910980224609375,0,-0.0036630630493164062,0,-0.014652252197265625,0,0,0,0,0,0,0,0,0,0,0,0,0,0,0,7
9332318900,78914120,78899,78899,0,0,0,0.043910980224609375,0,0.0036630630493164062,0,-0.024419784545898438,0,0,0,0,0,0,0,0,0,0,0,0,0,0,0,7
9335293066,78919125,78904,78904,0,0,0,0.043910980224609375,0,0.0036630630493164062,0,-0.014652252197265625,0,0,0,0,0,0,0,0,0,0,0,0,0,0,0,7
9338267228,78921120,78906,78907,0,0,0,0.043910980224609375,0,0.0036630630493164062,0,-0.014652252197265625,0,0,0,0,0,0,0,0,0,0,0,0,0,0,0,7
9341241390,78924120,78909,78909,0,0,0,0.043910980224609375,0,-0.0036630630493164062,0,-0.0048847198486328125,0,0,0,0,0,0,0,0,0,0,0,0,0,0,0,7
9344215552,78927124,78912,78912,0,0,0,0.043910980224609375,0,-0.0036630630493164062,0,-0.0048847198486328125,0,0,0,0,0,0,0,0,0,0,0,0,0,0,0,7
9347189714,78930135,78915,78915,0,0,0,0.043910980224609375,0,0.0036630630493164062,0,-0.014652252197265625,0,0,0,0,0,0,0,0,0,0,0,0,0,0,0,7
9350163876,78933121,78918,78918,0,0,0,0.043910980224609375,0,-0.0036630630493164062,0,-0.014652252197265625,0,0,0,0,0,0,0,0,0,0,0,0,0,0,0,7
9353138038,78935133,78920,78920,0,0,0,0.043910980224609375,0,-0.0036630630493164062,0,-0.014652252197265625,0,0,0,0,0,0,0,0,0,0,0,0,0,0,0,7
9356112200,78937121,78923,78923,0,0,0,0.043910980224609375,0,-0.0036630630493164062,0,-0.014652252197265625,0,0,0,0,0,0,0,0,0,0,0,0,0,0,0,7
9359177991,78943128,78928,78928,0,0,0,0.043910980224609375,0,-0.010989189147949219,0,-0.0048847198486328125,0,0,0,0,0,0,0,0,0,0,0,0,0,0,0,7
9362243778,78946120,78931,78931,0,0,0,0.043910980224609375,0,-0.0036630630493164062,0,-0.0048847198486328125,0,0,0,0,0,0,0,0,0,0,0,0,0,0,0,7
9365309565,78948124,78933,78933,0,0,0,0.043910980224609375,0,-0.0036630630493164062,0,-0.014652252197265625,0,0,0,0,0,0,0,0,0,0,0,0,0,0,0,7
9368375352,78950128,78935,78936,0,0,0,0.043910980224609375,0,-0.0036630630493164062,0,-0.0048847198486328125,0,0,0,0,0,0,0,0,0,0,0,0,0,0,0,7
9371441139,78953120,78938,78938,0,0,0,0.043910980224609375,0,0.0036630630493164062,0,-0.014652252197265625,0,0,0,0,0,0,0,0,0,0,0,0,0,0,0,7
9374506926,78956124,78941,78941,0,0,0,0.043910980224609375,0,-0.0036630630493164062,0,-0.0048847198486328125,0,0,0,0,0,0,0,0,0,0,0,0,0,0,0,7
9377572713,78960123,78945,78945,0,0,0,0.043910980224609375,0,0.010989189147949219,0,-0.0048847198486328125,0,0,0,0,0,0,0,0,0,0,0,0,0,0,0,7
9380638500,78963121,78948,78948,0,0,0,0.043910980224609375,0,-0.0036630630493164062,0,-0.014652252197265625,0,0,0,0,0,0,0,0,0,0,0,0,0,0,0,7
9384649591,78969125,78954,78954,0,0,0,0.043910980224609375,0,-0.0036630630493164062,0,-0.014652252197265625,0,0,0,0,0,0,0,0,0,0,0,0,0,0,0,7
9388660678,78972135,78957,78957,0,0,0,0.043910980224609375,0,-0.01831531524658203,0,-0.014652252197265625,0,0,0,0,0,0,0,0,0,0,0,0,0,0,0,7
9392671765,78976120,78961,78961,0,0,0,0.043910980224609375,0,-0.0036630630493164062,0,-0.014652252197265625,0,0,0,0,0,0,0,0,0,0,0,0,0,0,0,7
9396682852,78979120,78964,78964,0,0,0,0.043910980224609375,0,-0.0036630630493164062,0,-0.014652252197265625,0,0,0,0,0,0,0,0,0,0,0,0,0,0,0,7
9400693939,78982120,78967,78967,0,0,0,0.043910980224609375,0,-0.0036630630493164062,0,-0.014652252197265625,0,0,0,0,0,0,0,0,0,0,0,0,0,0,0,7
9404705026,78989122,78974,78974,0,0,0,0.043910980224609375,0,-0.0036630630493164062,0,-0.0048847198486328125,0,0,0,0,0,0,0,0,0,0,0,0,0,0,0,7
9408716113,78992121,78977,78977,0,0,0,0.043910980224609375,0,-0.0036630630493164062,0,-0.014652252197265625,0,0,0,0,0,0,0,0,0,0,0,0,0,0,0,7
9412727200,78995129,78980,78980,0,0,0,0.043910980224609375,0,-0.010989189147949219,0,-0.0048847198486328125,0,0,0,0,0,0,0,0,0,0,0,0,0,0,0,7
9416394391,78999129,78984,78984,0,0,0,0.043910980224609375,0,-0.010989189147949219,0,-0.0048847198486328125,0,0,0,0,0,0,0,0,0,0,0,0,0,0,0,7
9420061578,79001127,78986,78986,0,0,0,0.043910980224609375,0,0.0036630630493164062,0,-0.0048847198486328125,0,0,0,0,0,0,0,0,0,0,0,0,0,0,0,7
9423728765,79006124,78991,78991,0,0,0,0.043910980224609375,0,-0.010989189147949219,0,-0.014652252197265625,0,0,0,0,0,0,0,0,0,0,0,0,0,0,0,7
9427395952,79009121,78994,78994,0,0,0,0.043910980224609375,0,0.0036630630493164062,0,-0.0048847198486328125,0,0,0,0,0,0,0,0,0,0,0,0,0,0,0,7
9431063139,79012122,78997,78997,0,0,0,0.043910980224609375,0,0.010989189147949219,0,-0.014652252197265625,0,0,0,0,0,0,0,0,0,0,0,0,0,0,0,7
9434730326,79014139,78999,79000,0,0,0,0.043910980224609375,0,0.0036630630493164062,0,-0.014652252197265625,0,0,0,0,0,0,0,0,0,0,0,0,0,0,0,7
9438397513,79017121,79002,79002,0,0,0,0.043910980224609375,0,-0.010989189147949219,0,-0.014652252197265625,0,0,0,0,0,0,0,0,0,0,0,0,0,0,0,7
9442064700,79024120,79009,79009,0,0,0,0.043910980224609375,0,-0.01831531524658203,0,-0.014652252197265625,0,0,0,0,0,0,0,0,0,0,0,0,0,0,0,7
9444920716,79029124,79014,79014,0,0,0,0.043910980224609375,0,-0.0036630630493164062,0,-0.014652252197265625,0,0,0,0,0,0,0,0,0,0,0,0,0,0,0,7
9447776728,79031123,79016,79016,0,0,0,0.043910980224609375,0,-0.0036630630493164062,0,-0.014652252197265625,0,0,0,0,0,0,0,0,0,0,0,0,0,0,0,7
9450632740,79034120,79019,79019,0,0,0,0.043910980224609375,0,-0.0036630630493164062,0,-0.014652252197265625,0,0,0,0,0,0,0,0,0,0,0,0,0,0,0,7
9453488752,79036120,79021,79021,0,0,0,0.043910980224609375,0,-0.01831531524658203,0,-0.014652252197265625,0,0,0,0,0,0,0,0,0,0,0,0,0,0,0,7
9456344764,79039124,79024,79024,0,0,0,0.043910980224609375,0,-0.010989189147949219,0,-0.014652252197265625,0,0,0,0,0,0,0,0,0,0,0,0,0,0,0,7
9459200776,79042135,79027,79027,0,0,0,0.043910980224609375,0,0.010989189147949219,0,-0.014652252197265625,0,0,0,0,0,0,0,0,0,0,0,0,0,0,0,7
9462056788,79044121,79029,79029,0,0,0,0.043910980224609375,0,-0.0036630630493164062,0,-0.014652252197265625,0,0,0,0,0,0,0,0,0,0,0,0,0,0,0,7
9464912800,79046120,79031,79031,0,0,0,0.043910980224609375,0,-0.0036630630493164062,0,-0.0048847198486328125,0,0,0,0,0,0,0,0,0,0,0,0,0,0,0,7
9468297975,79052123,79037,79037,0,0,0,0.043910980224609375,0,0.010989189147949219,0,-0.014652252197265625,0,0,0,0,0,0,0,0,0,0,0,0,0,0,0,7
9471683150,79054120,79039,79039,0,0,0,0.043910980224609375,0,-0.0036630630493164062,0,-0.0048847198486328125,0,0,0,0,0,0,0,0,0,0,0,0,0,0,0,7
9475068325,79058120,79043,79043,0,0,0,0.043910980224609375,0,0.0036630630493164062,0,-0.0048847198486328125,0,0,0,0,0,0,0,0,0,0,0,0,0,0,0,7
9478453500,79061120,79046,79046,0,0,0,0.043910980224609375,0,-0.0036630630493164062,0,-0.0048847198486328125,0,0,0,0,0,0,0,0,0,0,0,0,0,0,0,7
9481838675,79065129,79050,79051,0,0,0,0.043910980224609375,0,-0.0036630630493164062,0,-0.0048847198486328125,0,0,0,0,0,0,0,0,0,0,0,0,0,0,0,7
9485223850,79068123,79053,79053,0,0,0,0.043910980224609375,0,-0.0036630630493164062,0,-0.0048847198486328125,0,0,0,0,0,0,0,0,0,0,0,0,0,0,0,7
9488609025,79071124,79056,79056,0,0,0,0.043910980224609375,0,-0.0036630630493164062,0,-0.0048847198486328125,0,0,0,0,0,0,0,0,0,0,0,0,0,0,0,7
9491994200,79074120,79059,79059,0,0,0,0.043910980224609375,0,0.010989189147949219,0,-0.014652252197265625,0,0,0,0,0,0,0,0,0,0,0,0,0,0,0,7
9495505716,79082120,79067,79067,0,0,0,0.043910980224609375,0,0.0036630630493164062,0,-0.0048847198486328125,0,0,0,0,0,0,0,0,0,0,0,0,0,0,0,7
9499017228,79085137,79070,79070,0,0,0,0.043910980224609375,0,-0.01831531524658203,0,-0.014652252197265625,0,0,0,0,0,0,0,0,0,0,0,0,0,0,0,7
9502528740,79087120,79072,79072,0,0,0,0.043910980224609375,0,-0.0036630630493164062,0,-0.024419784545898438,0,0,0,0,0,0,0,0,0,0,0,0,0,0,0,7
9506040252,79091121,79076,79076,0,0,0,0.043910980224609375,0,0.0036630630493164062,0,-0.014652252197265625,0,0,0,0,0,0,0,0,0,0,0,0,0,0,0,7
9509551764,79094121,79079,79079,0,0,0,0.043910980224609375,0,-0.010989189147949219,0,-0.014652252197265625,0,0,0,0,0,0,0,0,0,0,0,0,0,0,0,7
9513063276,79097130,79082,79082,0,0,0,0.043910980224609375,0,-0.010989189147949219,0,-0.014652252197265625,0,0,0,0,0,0,0,0,0,0,0,0,0,0,0,7
9516574788,79100129,79085,79085,0,0,0,0.043910980224609375,0,0.0036630630493164062,0,-0.014652252197265625,0,0,0,0,0,0,0,0,0,0,0,0,0,0,0,7
9520086300,79102121,79087,79087,0,0,0,0.043910980224609375,0,0.0036630630493164062,0,-0.014652252197265625,0,0,0,0,0,0,0,0,0,0,0,0,0,0,0,7
9523796575,79107121,79092,79092,0,0,0,0.043910980224609375,0,-0.0036630630493164062,0,-0.014652252197265625,0,0,0,0,0,0,0,0,0,0,0,0,0,0,0,7
9527506850,79111128,79096,79096,0,0,0,0.043910980224609375,0,-0.0036630630493164062,0,-0.0048847198486328125,0,0,0,0,0,0,0,0,0,0,0,0,0,0,0,7
9531217125,79114124,79099,79099,0,0,0,0.043910980224609375,0,-0.0036630630493164062,0,-0.0048847198486328125,0,0,0,0,0,0,0,0,0,0,0,0,0,0,0,7
9534927400,79118123,79103,79103,0,0,0,0.043910980224609375,0,-0.010989189147949219,0,-0.0048847198486328125,0,0,0,0,0,0,0,0,0,0,0,0,0,0,0,7
9538637675,79121120,79106,79106,0,0,0,0.043910980224609375,0,0.0036630630493164062,0,-0.0048847198486328125,0,0,0,0,0,0,0,0,0,0,0,0,0,0,0,7
9542347950,79125137,79111,79111,0,0,0,0.043910980224609375,0,0.0036630630493164062,0,-0.0048847198486328125,0,0,0,0,0,0,0,0,0,0,0,0,0,0,0,7
9546058225,79129121,79114,79114,0,0,0,0.043910980224609375,0,0.0036630630493164062,0,-0.0048847198486328125,0,0,0,0,0,0,0,0,0,0,0,0,0,0,0,7
9549768500,79132121,79117,79117,0,0,0,0.043910980224609375,0,-0.0036630630493164062,0,-0.0048847198486328125,0,0,0,0,0,0,0,0,0,0,0,0,0,0,0,7
9552596766,79136120,79121,79121,0,0,0,0.043910980224609375,0,-0.0036630630493164062,0,-0.014652252197265625,0,0,0,0,0,0,0,0,0,0,0,0,0,0,0,7
9555425028,79139129,79124,79124,0,0,0,0.043910980224609375,0,-0.01831531524658203,0,-0.014652252197265625,0,0,0,0,0,0,0,0,0,0,0,0,0,0,0,7
9558253290,79142122,79127,79127,0,0,0,0.043910980224609375,0,0.010989189147949219,0,-0.014652252197265625,0,0,0,0,0,0,0,0,0,0,0,0,0,0,0,7
9561081552,79144120,79129,79129,0,0,0,0.043910980224609375,0,-0.0036630630493164062,0,-0.014652252197265625,0,0,0,0,0,0,0,0,0,0,0,0,0,0,0,7
9563909814,79146120,79131,79131,0,0,0,0.043910980224609375,0,-0.010989189147949219,0,-0.014652252197265625,0,0,0,0,0,0,0,0,0,0,0,0,0,0,0,7
9566738076,79149121,79134,79134,0,0,0,0.043910980224609375,0,-0.010989189147949219,0,-0.014652252197265625,0,0,0,0,0,0,0,0,0,0,0,0,0,0,0,7
9569566338,79151124,79136,79136,0,0,0,0.043910980224609375,0,-0.0036630630493164062,0,-0.014652252197265625,0,0,0,0,0,0,0,0,0,0,0,0,0,0,0,7
9572394600,79154135,79139,79139,0,0,0,0.043910980224609375,0,-0.01831531524658203,0,-0.014652252197265625,0,0,0,0,0,0,0,0,0,0,0,0,0,0,0,7
9575314175,79159124,79144,79144,0,0,0,0.043910980224609375,0,-0.0036630630493164062,0,-0.014652252197265625,0,0,0,0,0,0,0,0,0,0,0,0,0,0,0,7
9578233750,79161120,79146,79146,0,0,0,0.043910980224609375,0,-0.0036630630493164062,0,-0.0048847198486328125,0,0,0,0,0,0,0,0,0,0,0,0,0,0,0,7
9581153325,79163122,79148,79148,0,0,0,0.043910980224609375,0,-0.0036630630493164062,0,-0.014652252197265625,0,0,0,0,0,0,0,0,0,0,0,0,0,0,0,7
9584072900,79165129,79150,79150,0,0,0,0.043910980224609375,0,-0.0036630630493164062,0,-0.0048847198486328125,0,0,0,0,0,0,0,0,0,0,0,0,0,0,0,7
9586992475,79167132,79152,79152,0,0,0,0.043910980224609375,0,-0.010989189147949219,0,-0.014652252197265625,0,0,0,0,0,0,0,0,0,0,0,0,0,0,0,7
9589912050,79171123,79156,79156,0,0,0,0.043910980224609375,0,-0.010989189147949219,0,-0.014652252197265625,0,0,0,0,0,0,0,0,0,0,0,0,0,0,0,7
9592831625,79174120,79159,79159,0,0,0,0.043910980224609375,0,-0.01831531524658203,0,-0.014652252197265625,0,0,0,0,0,0,0,0,0,0,0,0,0,0,0,7
9595751200,79177121,79163,79163,0,0,0,0.043910980224609375,0,0.010989189147949219,0,-0.0048847198486328125,0,0,0,0,0,0,0,0,0,0,0,0,0,0,0,7
9599859125,79185129,79170,79170,0,0,0,0.043910980224609375,0,-0.0036630630493164062,0,-0.014652252197265625,0,0,0,0,0,0,0,0,0,0,0,0,0,0,0,7
9603967050,79188124,79173,79173,0,0,0,0.043910980224609375,0,0.0036630630493164062,0,-0.014652252197265625,0,0,0,0,0,0,0,0,0,0,0,0,0,0,0,7
9608074975,79191120,79176,79176,0,0,0,0.043910980224609375,0,-0.0036630630493164062,0,-0.0048847198486328125,0,0,0,0,0,0,0,0,0,0,0,0,0,0,0,7
9612182900,79194121,79180,79180,0,0,0,0.043910980224609375,0,-0.010989189147949219,0,-0.0048847198486328125,0,0,0,0,0,0,0,0,0,0,0,0,0,0,0,7
9616290825,79198120,79183,79183,0,0,0,0.043910980224609375,0,0.01831531524658203,0,-0.014652252197265625,0,0,0,0,0,0,0,0,0,0,0,0,0,0,0,7
9620398750,79201126,79186,79186,0,0,0,0.043910980224609375,0,0.0036630630493164062,0,-0.0048847198486328125,0,0,0,0,0,0,0,0,0,0,0,0,0,0,0,7
9624506675,79208120,79193,79193,0,0,0,0.043910980224609375,0,-0.0036630630493164062,0,-0.014652252197265625,0,0,0,0,0,0,0,0,0,0,0,0,0,0,0,7
9628614600,79211124,79196,79196,0,0,0,0.043910980224609375,0,-0.0036630630493164062,0,-0.0048847198486328125,0,0,0,0,0,0,0,0,0,0,0,0,0,0,0,7
9632382466,79216120,79201,79201,0,0,0,0.043910980224609375,0,-0.010989189147949219,0,-0.0048847198486328125,0,0,0,0,0,0,0,0,0,0,0,0,0,0,0,7
9636150328,79221123,79206,79206,0,0,0,0.043910980224609375,0,-0.010989189147949219,0,-0.014652252197265625,0,0,0,0,0,0,0,0,0,0,0,0,0,0,0,7
9639918190,79224135,79209,79209,0,0,0,0.043910980224609375,0,-0.0036630630493164062,0,-0.014652252197265625,0,0,0,0,0,0,0,0,0,0,0,0,0,0,0,7
9643686052,79227120,79213,79213,0,0,0,0.043910980224609375,0,0.010989189147949219,0,-0.014652252197265625,0,0,0,0,0,0,0,0,0,0,0,0,0,0,0,7
9647453914,79231121,79216,79216,0,0,0,0.043910980224609375,0,-0.010989189147949219,0,-0.014652252197265625,0,0,0,0,0,0,0,0,0,0,0,0,0,0,0,7
9651221776,79234122,79219,79219,0,0,0,0.043910980224609375,0,-0.01831531524658203,0,-0.014652252197265625,0,0,0,0,0,0,0,0,0,0,0,0,0,0,0,7
9654989638,79237128,79222,79222,0,0,0,0.043910980224609375,0,0.0036630630493164062,0,-0.014652252197265625,0,0,0,0,0,0,0,0,0,0,0,0,0,0,0,7
9658757500,79240120,79225,79225,0,0,0,0.043910980224609375,0,-0.010989189147949219,0,-0.0048847198486328125,0,0,0,0,0,0,0,0,0,0,0,0,0,0,0,7
9662634775,79246124,79231,79231,0,0,0,0.043910980224609375,0,0.0036630630493164062,0,0.0048847198486328125,0,0,0,0,0,0,0,0,0,0,0,0,0,0,0,7
9666512050,79250129,79235,79235,0,0,0,0.043910980224609375,0,-0.010989189147949219,0,-0.014652252197265625,0,0,0,0,0,0,0,0,0,0,0,0,0,0,0,7
9670389325,79254124,79239,79239,0,0,0,0.043910980224609375,0,-0.0036630630493164062,0,-0.014652252197265625,0,0,0,0,0,0,0,0,0,0,0,0,0,0,0,7
9674266600,79259124,79244,79244,0,0,0,0.043910980224609375,0,-0.01831531524658203,0,-0.0048847198486328125,0,0,0,0,0,0,0,0,0,0,0,0,0,0,0,7
9678143875,79263122,79248,79248,0,0,0,0.043910980224609375,0,-0.010989189147949219,0,-0.0048847198486328125,0,0,0,0,0,0,0,0,0,0,0,0,0,0,0,7
9682021150,79266135,79251,79251,0,0,0,0.043910980224609375,0,0.0036630630493164062,0,-0.0048847198486328125,0,0,0,0,0,0,0,0,0,0,0,0,0,0,0,7
9685898425,79269121,79254,79254,0,0,0,0.043910980224609375,0,-0.0036630630493164062,0,-0.014652252197265625,0,0,0,0,0,0,0,0,0,0,0,0,0,0,0,7
9689775700,79272120,79257,79257,0,0,0,0.043910980224609375,0,-0.01831531524658203,0,-0.014652252197265625,0,0,0,0,0,0,0,0,0,0,0,0,0,0,0,7
9693980275,79282120,79267,79267,0,0,0,0.043910980224609375,0,-0.0036630630493164062,0,-0.014652252197265625,0,0,0,0,0,0,0,0,0,0,0,0,0,0,0,7
9698184850,79285129,79270,79270,0,0,0,0.043910980224609375,0,-0.0036630630493164062,0,-0.014652252197265625,0,0,0,0,0,0,0,0,0,0,0,0,0,0,0,7
9702389425,79288124,79273,79273,0,0,0,0.043910980224609375,0,0.0036630630493164062,0,-0.014652252197265625,0,0,0,0,0,0,0,0,0,0,0,0,0,0,0,7
9706594000,79294135,79279,79279,0,0,0,0.043910980224609375,0,-0.0036630630493164062,0,-0.0048847198486328125,0,0,0,0,0,0,0,0,0,0,0,0,0,0,0,7
9710798575,79296125,79281,79281,0,0,0,0.043910980224609375,0,-0.010989189147949219,0,-0.0048847198486328125,0,0,0,0,0,0,0,0,0,0,0,0,0,0,0,7
9715003150,79299121,79284,79284,0,0,0,0.043910980224609375,0,0.0036630630493164062,0,-0.0048847198486328125,0,0,0,0,0,0,0,0,0,0,0,0,0,0,0,7
9719207725,79301123,79286,79286,0,0,0,0.043910980224609375,0,0.0036630630493164062,0,-0.014652252197265625,0,0,0,0,0,0,0,0,0,0,0,0,0,0,0,7
9723412300,79304124,79289,79289,0,0,0,0.043910980224609375,0,0.010989189147949219,0,-0.014652252197265625,0,0,0,0,0,0,0,0,0,0,0,0,0,0,0,7
9727773832,79313121,79298,79298,0,0,0,0.043910980224609375,0,-0.01831531524658203,0,-0.014652252197265625,0,0,0,0,0,0,0,0,0,0,0,0,0,0,0,7
9732135360,79317124,79302,79302,0,0,0,0.043910980224609375,0,0.0036630630493164062,0,-0.024419784545898438,0,0,0,0,0,0,0,0,0,0,0,0,0,0,0,7
9736496888,79320120,79305,79305,0,0,0,0.043910980224609375,0,0.0036630630493164062,0,-0.0048847198486328125,0,0,0,0,0,0,0,0,0,0,0,0,0,0,0,7
9740858416,79324120,79309,79309,0,0,0,0.043910980224609375,0,-0.010989189147949219,0,-0.0048847198486328125,0,0,0,0,0,0,0,0,0,0,0,0,0,0,0,7
9745219944,79327121,79312,79312,0,0,0,0.043910980224609375,0,0.0036630630493164062,0,-0.0048847198486328125,0,0,0,0,0,0,0,0,0,0,0,0,0,0,0,7
9749581472,79330120,79315,79315,0,0,0,0.043910980224609375,0,0.0036630630493164062,0,-0.0048847198486328125,0,0,0,0,0,0,0,0,0,0,0,0,0,0,0,7
9753943000,79334120,79319,79319,0,0,0,0.043910980224609375,0,-0.010989189147949219,0,-0.014652252197265625,0,0,0,0,0,0,0,0,0,0,0,0,0,0,0,7
9758038175,79341124,79326,79326,0,0,0,0.043910980224609375,0,-0.0036630630493164062,0,-0.0048847198486328125,0,0,0,0,0,0,0,0,0,0,0,0,0,0,0,7
9762133350,79344120,79329,79329,0,0,0,0.043910980224609375,0,-0.0036630630493164062,0,-0.0048847198486328125,0,0,0,0,0,0,0,0,0,0,0,0,0,0,0,7
9766228525,79347121,79332,79332,0,0,0,0.043910980224609375,0,-0.01831531524658203,0,-0.014652252197265625,0,0,0,0,0,0,0,0,0,0,0,0,0,0,0,7
9770323700,79352123,79337,79337,0,0,0,0.043910980224609375,0,0.0036630630493164062,0,-0.014652252197265625,0,0,0,0,0,0,0,0,0,0,0,0,0,0,0,7
9774418875,79355129,79340,79341,0,0,0,0.043910980224609375,0,0.010989189147949219,0,-0.014652252197265625,0,0,0,0,0,0,0,0,0,0,0,0,0,0,0,7
9778514050,79359120,79344,79344,0,0,0,0.043910980224609375,0,-0.0036630630493164062,0,-0.014652252197265625,0,0,0,0,0,0,0,0,0,0,0,0,0,0,0,7
9782609225,79363128,79348,79348,0,0,0,0.043910980224609375,0,0.0036630630493164062,0,-0.0048847198486328125,0,0,0,0,0,0,0,0,0,0,0,0,0,0,0,7
9786704400,79367121,79352,79352,0,0,0,0.043910980224609375,0,-0.025641441345214844,0,0.0048847198486328125,0,0,0,0,0,0,0,0,0,0,0,0,0,0,0,7
9791242458,79374122,79359,79359,0,0,0,0.043910980224609375,0,-0.0036630630493164062,0,-0.0048847198486328125,0,0,0,0,0,0,0,0,0,0,0,0,0,0,0,7
9795780515,79378135,79363,79363,0,0,0,0.043910980224609375,0,-0.0036630630493164062,0,-0.0048847198486328125,0,0,0,0,0,0,0,0,0,0,0,0,0,0,0,7
9800318572,79382120,79367,79367,0,0,0,0.043910980224609375,0,-0.0036630630493164062,0,-0.014652252197265625,0,0,0,0,0,0,0,0,0,0,0,0,0,0,0,7
9804856629,79385129,79370,79370,0,0,0,0.043910980224609375,0,-0.0036630630493164062,0,-0.0048847198486328125,0,0,0,0,0,0,0,0,0,0,0,0,0,0,0,7
9809394686,79389121,79374,79374,0,0,0,0.043910980224609375,0,-0.0036630630493164062,0,-0.014652252197265625,0,0,0,0,0,0,0,0,0,0,0,0,0,0,0,7
9813932743,79392137,79377,79377,0,0,0,0.043910980224609375,0,-0.0036630630493164062,0,-0.014652252197265625,0,0,0,0,0,0,0,0,0,0,0,0,0,0,0,7
9818470800,79400131,79385,79385,0,0,0,0.043910980224609375,0,0.0036630630493164062,0,-0.014652252197265625,0,0,0,0,0,0,0,0,0,0,0,0,0,0,0,7
9822188416,79406134,79391,79391,0,0,0,0.043910980224609375,0,-0.0036630630493164062,0,-0.014652252197265625,0,0,0,0,0,0,0,0,0,0,0,0,0,0,0,7
9825906030,79409121,79394,79394,0,0,0,0.043910980224609375,0,-0.0036630630493164062,0,-0.0048847198486328125,0,0,0,0,0,0,0,0,0,0,0,0,0,0,0,7
9829623644,79412124,79397,79397,0,0,0,0.043910980224609375,0,-0.0036630630493164062,0,-0.0048847198486328125,0,0,0,0,0,0,0,0,0,0,0,0,0,0,0,7
9833341258,79415129,79400,79400,0,0,0,0.043910980224609375,0,-0.0036630630493164062,0,-0.0048847198486328125,0,0,0,0,0,0,0,0,0,0,0,0,0,0,0,7
9837058872,79418120,79403,79403,0,0,0,0.043910980224609375,0,-0.010989189147949219,0,-0.014652252197265625,0,0,0,0,0,0,0,0,0,0,0,0,0,0,0,7
9840776486,79423121,79408,79408,0,0,0,0.043910980224609375,0,-0.0036630630493164062,0,-0.0048847198486328125,0,0,0,0,0,0,0,0,0,0,0,0,0,0,0,7
9844494100,79426120,79411,79411,0,0,0,0.043910980224609375,0,-0.0036630630493164062,0,-0.0048847198486328125,0,0,0,0,0,0,0,0,0,0,0,0,0,0,0,7
9848978416,79434135,79419,79419,0,0,0,0.043910980224609375,0,-0.0036630630493164062,0,-0.014652252197265625,0,0,0,0,0,0,0,0,0,0,0,0,0,0,0,7
9853462728,79437123,79422,79422,0,0,0,0.043910980224609375,0,-0.0036630630493164062,0,-0.0048847198486328125,0,0,0,0,0,0,0,0,0,0,0,0,0,0,0,7
9857947040,79441124,79426,79426,0,0,0,0.043910980224609375,0,-0.0036630630493164062,0,-0.014652252197265625,0,0,0,0,0,0,0,0,0,0,0,0,0,0,0,7
9862431352,79446120,79431,79431,0,0,0,0.043910980224609375,0,-0.010989189147949219,0,-0.014652252197265625,0,0,0,0,0,0,0,0,0,0,0,0,0,0,0,7
9866915664,79451121,79436,79436,0,0,0,0.043910980224609375,0,0.0036630630493164062,0,-0.0048847198486328125,0,0,0,0,0,0,0,0,0,0,0,0,0,0,0,7
9871399976,79455129,79440,79440,0,0,0,0.043910980224609375,0,-0.0036630630493164062,0,-0.014652252197265625,0,0,0,0,0,0,0,0,0,0,0,0,0,0,0,7
9875884288,79459121,79444,79444,0,0,0,0.043910980224609375,0,-0.0036630630493164062,0,-0.0048847198486328125,0,0,0,0,0,0,0,0,0,0,0,0,0,0,0,7
9880368600,79462138,79447,79447,0,0,0,0.043910980224609375,0,-0.010989189147949219,0,-0.0048847198486328125,0,0,0,0,0,0,0,0,0,0,0,0,0,0,0,7
9884784058,79468120,79453,79453,0,0,0,0.043910980224609375,0,0.010989189147949219,0,-0.0048847198486328125,0,0,0,0,0,0,0,0,0,0,0,0,0,0,0,7
9889199515,79472120,79457,79458,0,0,0,0.043910980224609375,0,-0.0036630630493164062,0,-0.014652252197265625,0,0,0,0,0,0,0,0,0,0,0,0,0,0,0,7
9893614972,79478124,79463,79463,0,0,0,0.043910980224609375,0,-0.0036630630493164062,0,-0.0048847198486328125,0,0,0,0,0,0,0,0,0,0,0,0,0,0,0,7
9898030429,79481121,79466,79466,0,0,0,0.043910980224609375,0,0.0036630630493164062,0,-0.0048847198486328125,0,0,0,0,0,0,0,0,0,0,0,0,0,0,0,7
9902445886,79486123,79471,79471,0,0,0,0.043910980224609375,0,-0.0036630630493164062,0,-0.014652252197265625,0,0,0,0,0,0,0,0,0,0,0,0,0,0,0,7
9906861343,79490137,79475,79475,0,0,0,0.043910980224609375,0,-0.010989189147949219,0,-0.014652252197265625,0,0,0,0,0,0,0,0,0,0,0,0,0,0,0,7
9911276800,79493120,79478,79478,0,0,0,0.043910980224609375,0,-0.0036630630493164062,0,-0.0048847198486328125,0,0,0,0,0,0,0,0,0,0,0,0,0,0,0,7
9915148890,79499125,79484,79484,0,0,0,0.043910980224609375,0,-0.0036630630493164062,0,-0.0048847198486328125,0,0,0,0,0,0,0,0,0,0,0,0,0,0,0,7
9918405183,79503130,79488,79488,0,0,0,0.043910980224609375,0,-0.0036630630493164062,0,-0.014652252197265625,0,0,0,0,0,0,0,0,0,0,0,0,0,0,0,7
9921661476,79506120,79491,79492,0,0,0,0.043910980224609375,0,-0.0036630630493164062,0,-0.014652252197265625,0,0,0,0,0,0,0,0,0,0,0,0,0,0,0,7
9924917769,79509121,79494,79494,0,0,0,0.043910980224609375,0,-0.010989189147949219,0,-0.014652252197265625,0,0,0,0,0,0,0,0,0,0,0,0,0,0,0,7
9928174062,79512121,79497,79498,0,0,0,0.043910980224609375,0,-0.0036630630493164062,0,-0.014652252197265625,0,0,0,0,0,0,0,0,0,0,0,0,0,0,0,7
9931430355,79516120,79501,79501,0,0,0,0.043910980224609375,0,-0.010989189147949219,0,-0.0048847198486328125,0,0,0,0,0,0,0,0,0,0,0,0,0,0,0,7
9934686648,79520124,79505,79505,0,0,0,0.043910980224609375,0,0.0036630630493164062,0,-0.0048847198486328125,0,0,0,0,0,0,0,0,0,0,0,0,0,0,0,7
9937942941,79525129,79511,79511,0,0,0,0.043910980224609375,0,-0.010989189147949219,0,-0.0048847198486328125,0,0,0,0,0,0,0,0,0,0,0,0,0,0,0,7
9941199234,79528124,79513,79513,0,0,0,0.043910980224609375,0,-0.010989189147949219,0,0.0048847198486328125,0,0,0,0,0,0,0,0,0,0,0,0,0,0,0,7
9944455527,79530120,79516,79516,0,0,0,0.043910980224609375,0,0.010989189147949219,0,-0.0048847198486328125,0,0,0,0,0,0,0,0,0,0,0,0,0,0,0,7
9947711820,79533125,79518,79518,0,0,0,0.043910980224609375,0,-0.010989189147949219,0,0.0048847198486328125,0,0,0,0,0,0,0,0,0,0,0,0,0,0,0,7
9950968113,79536124,79521,79521,0,0,0,0.043910980224609375,0,0.0036630630493164062,0,-0.0048847198486328125,0,0,0,0,0,0,0,0,0,0,0,0,0,0,0,7
9954224406,79539121,79524,79524,0,0,0,0.043910980224609375,0,-0.010989189147949219,0,-0.0048847198486328125,0,0,0,0,0,0,0,0,0,0,0,0,0,0,0,7
9957480699,79541120,79526,79526,0,0,0,0.043910980224609375,0,0.010989189147949219,0,-0.0048847198486328125,0,0,0,0,0,0,0,0,0,0,0,0,0,0,0,7
9960736992,79543120,79528,79528,0,0,0,0.043910980224609375,0,-0.025641441345214844,0,-0.014652252197265625,0,0,0,0,0,0,0,0,0,0,0,0,0,0,0,7
9964671791,79550128,79535,79535,0,0,0,0.043910980224609375,0,-0.0036630630493164062,0,-0.014652252197265625,0,0,0,0,0,0,0,0,0,0,0,0,0,0,0,7
9968606578,79554120,79539,79539,0,0,0,0.043910980224609375,0,-0.0036630630493164062,0,-0.014652252197265625,0,0,0,0,0,0,0,0,0,0,0,0,0,0,0,7
9972541365,79558120,79543,79543,0,0,0,0.043910980224609375,0,0.010989189147949219,0,-0.014652252197265625,0,0,0,0,0,0,0,0,0,0,0,0,0,0,0,7
9976476152,79561126,79546,79546,0,0,0,0.043910980224609375,0,-0.010989189147949219,0,-0.0048847198486328125,0,0,0,0,0,0,0,0,0,0,0,0,0,0,0,7
9980410939,79565133,79550,79550,0,0,0,0.043910980224609375,0,0.0036630630493164062,0,-0.014652252197265625,0,0,0,0,0,0,0,0,0,0,0,0,0,0,0,7
9984345726,79568120,79553,79553,0,0,0,0.043910980224609375,0,-0.0036630630493164062,0,-0.014652252197265625,0,0,0,0,0,0,0,0,0,0,0,0,0,0,0,7
9988280513,79571121,79556,79556,0,0,0,0.043910980224609375,0,-0.0036630630493164062,0,-0.014652252197265625,0,0,0,0,0,0,0,0,0,0,0,0,0,0,0,7
9992215300,79575133,79560,79560,0,0,0,0.043910980224609375,0,0.010989189147949219,0,-0.014652252197265625,0,0,0,0,0,0,0,0,0,0,0,0,0,0,0,7
9996535450,79578123,79563,79563,0,0,0,0.043910980224609375,0,-0.01831531524658203,0,-0.014652252197265625,0,0,0,0,0,0,0,0,0,0,0,0,0,0,0,7
10000855600,79583120,79568,79568,0,0,0,0.043910980224609375,0,0.0036630630493164062,0,-0.014652252197265625,0,0,0,0,0,0,0,0,0,0,0,0,0,0,0,7
10005175750,79587128,79572,79572,0,0,0,0.043910980224609375,0,0.0036630630493164062,0,-0.014652252197265625,0,0,0,0,0,0,0,0,0,0,0,0,0,0,0,7
10009495900,79592120,79577,79577,0,0,0,0.043910980224609375,0,-0.0036630630493164062,0,-0.014652252197265625,0,0,0,0,0,0,0,0,0,0,0,0,0,0,0,7
10013816050,79596121,79581,79581,0,0,0,0.043910980224609375,0,-0.010989189147949219,0,-0.0048847198486328125,0,0,0,0,0,0,0,0,0,0,0,0,0,0,0,7
10018136200,79600129,79585,79585,0,0,0,0.043910980224609375,0,-0.025641441345214844,0,-0.0048847198486328125,0,0,0,0,0,0,0,0,0,0,0,0,0,0,0,7
10022456350,79605129,79590,79590,0,0,0,0.043910980224609375,0,-0.0036630630493164062,0,-0.0048847198486328125,0,0,0,0,0,0,0,0,0,0,0,0,0,0,0,7
10026776500,79608121,79593,79593,0,0,0,0.043910980224609375,0,0.010989189147949219,0,-0.0048847198486328125,0,0,0,0,0,0,0,0,0,0,0,0,0,0,0,7
10031191716,79613121,79598,79599,0,0,0,0.043910980224609375,0,-0.0036630630493164062,0,0.0048847198486328125,0,0,0,0,0,0,0,0,0,0,0,0,0,0,0,7
10035606930,79618120,79603,79603,0,0,0,0.043910980224609375,0,0.010989189147949219,0,0.0048847198486328125,0,0,0,0,0,0,0,0,0,0,0,0,0,0,0,7
10040022144,79622120,79607,79607,0,0,0,0.043910980224609375,0,-0.010989189147949219,0,-0.0048847198486328125,0,0,0,0,0,0,0,0,0,0,0,0,0,0,0,7
10044437358,79626120,79611,79611,0,0,0,0.043910980224609375,0,-0.010989189147949219,0,-0.0048847198486328125,0,0,0,0,0,0,0,0,0,0,0,0,0,0,0,7
10048852572,79629129,79614,79614,0,0,0,0.043910980224609375,0,-0.0036630630493164062,0,-0.014652252197265625,0,0,0,0,0,0,0,0,0,0,0,0,0,0,0,7
10053267786,79633120,79618,79618,0,0,0,0.043910980224609375,0,-0.010989189147949219,0,-0.014652252197265625,0,0,0,0,0,0,0,0,0,0,0,0,0,0,0,7
10057683000,79637121,79622,79622,0,0,0,0.043910980224609375,0,-0.010989189147949219,0,-0.0048847198486328125,0,0,0,0,0,0,0,0,0,0,0,0,0,0,0,7
10061447200,79645133,79630,79630,0,0,0,0.043910980224609375,0,-0.010989189147949219,0,-0.0048847198486328125,0,0,0,0,0,0,0,0,0,0,0,0,0,0,0,7
10065211400,79648122,79633,79633,0,0,0,0.043910980224609375,0,-0.0036630630493164062,0,-0.014652252197265625,0,0,0,0,0,0,0,0,0,0,0,0,0,0,0,7
10068975600,79652127,79637,79637,0,0,0,0.043910980224609375,0,-0.010989189147949219,0,-0.0048847198486328125,0,0,0,0,0,0,0,0,0,0,0,0,0,0,0,7
10072739800,79657132,79642,79642,0,0,0,0.043910980224609375,0,0.0036630630493164062,0,-0.014652252197265625,0,0,0,0,0,0,0,0,0,0,0,0,0,0,0,7
10076504000,79659125,79644,79644,0,0,0,0.043910980224609375,0,0.01831531524658203,0,-0.0048847198486328125,0,0,0,0,0,0,0,0,0,0,0,0,0,0,0,7
10080268200,79662120,79647,79647,0,0,0,0.043910980224609375,0,-0.010989189147949219,0,-0.0048847198486328125,0,0,0,0,0,0,0,0,0,0,0,0,0,0,0,7
10084032400,79666120,79651,79651,0,0,0,0.043910980224609375,0,0.0036630630493164062,0,-0.014652252197265625,0,0,0,0,0,0,0,0,0,0,0,0,0,0,0,7
10087890375,79674120,79659,79659,0,0,0,0.043910980224609375,0,-0.010989189147949219,0,0.0048847198486328125,0,0,0,0,0,0,0,0,0,0,0,0,0,0,0,7
10091748350,79677123,79662,79662,0,0,0,0.043910980224609375,0,-0.010989189147949219,0,-0.0048847198486328125,0,0,0,0,0,0,0,0,0,0,0,0,0,0,0,7
10095606325,79679121,79664,79664,0,0,0,0.043910980224609375,0,-0.01831531524658203,0,-0.0048847198486328125,0,0,0,0,0,0,0,0,0,0,0,0,0,0,0,7
10099464300,79682120,79667,79667,0,0,0,0.043910980224609375,0,0.010989189147949219,0,-0.014652252197265625,0,0,0,0,0,0,0,0,0,0,0,0,0,0,0,7
10103322275,79684120,79669,79669,0,0,0,0.043910980224609375,0,0.0036630630493164062,0,-0.014652252197265625,0,0,0,0,0,0,0,0,0,0,0,0,0,0,0,7
10107180250,79688120,79673,79673,0,0,0,0.043910980224609375,0,0.010989189147949219,0,-0.014652252197265625,0,0,0,0,0,0,0,0,0,0,0,0,0,0,0,7
10111038225,79692121,79677,79677,0,0,0,0.043910980224609375,0,0.0036630630493164062,0,-0.024419784545898438,0,0,0,0,0,0,0,0,0,0,0,0,0,0,0,7
10114896200,79695129,79680,79680,0,0,0,0.043910980224609375,0,-0.0036630630493164062,0,-0.014652252197265625,0,0,0,0,0,0,0,0,0,0,0,0,0,0,0,7
10118995900,79705129,79690,79690,0,0,0,0.043910980224609375,0,-0.0036630630493164062,0,-0.014652252197265625,0,0,0,0,0,0,0,0,0,0,0,0,0,0,0,7
10123095600,79713128,79698,79698,0,0,0,0.043910980224609375,0,-0.010989189147949219,0,-0.014652252197265625,0,0,0,0,0,0,0,0,0,0,0,0,0,0,0,7
10127195300,79716120,79701,79701,0,0,0,0.043910980224609375,0,-0.01831531524658203,0,-0.0048847198486328125,0,0,0,0,0,0,0,0,0,0,0,0,0,0,0,7
10131295000,79719121,79704,79704,0,0,0,0.043910980224609375,0,0.010989189147949219,0,-0.0048847198486328125,0,0,0,0,0,0,0,0,0,0,0,0,0,0,0,7
10135394700,79721121,79706,79706,0,0,0,0.043910980224609375,0,0.010989189147949219,0,-0.0048847198486328125,0,0,0,0,0,0,0,0,0,0,0,0,0,0,0,7
10139494400,79724120,79709,79709,0,0,0,0.043910980224609375,0,-0.0036630630493164062,0,-0.014652252197265625,0,0,0,0,0,0,0,0,0,0,0,0,0,0,0,7
10143594100,79727131,79712,79712,0,0,0,0.043910980224609375,0,-0.010989189147949219,0,-0.0048847198486328125,0,0,0,0,0,0,0,0,0,0,0,0,0,0,0,7
10147693800,79729125,79715,79715,0,0,0,0.043910980224609375,0,-0.010989189147949219,0,-0.0048847198486328125,0,0,0,0,0,0,0,0,0,0,0,0,0,0,0,7
10151015132,79734120,79719,79719,0,0,0,0.043910980224609375,0,0.0036630630493164062,0,-0.014652252197265625,0,0,0,0,0,0,0,0,0,0,0,0,0,0,0,7
10154336460,79737121,79722,79722,0,0,0,0.043910980224609375,0,-0.010989189147949219,0,-0.0048847198486328125,0,0,0,0,0,0,0,0,0,0,0,0,0,0,0,7
10157657788,79740120,79725,79725,0,0,0,0.043910980224609375,0,0.0036630630493164062,0,-0.014652252197265625,0,0,0,0,0,0,0,0,0,0,0,0,0,0,0,7
10160979116,79743126,79728,79728,0,0,0,0.043910980224609375,0,-0.010989189147949219,0,-0.0048847198486328125,0,0,0,0,0,0,0,0,0,0,0,0,0,0,0,7
10164300444,79747125,79732,79732,0,0,0,0.043910980224609375,0,-0.0036630630493164062,0,-0.0048847198486328125,0,0,0,0,0,0,0,0,0,0,0,0,0,0,0,7
10167621772,79750128,79735,79735,0,0,0,0.043910980224609375,0,-0.0036630630493164062,0,-0.0048847198486328125,0,0,0,0,0,0,0,0,0,0,0,0,0,0,0,7
10170943100,79753121,79738,79738,0,0,0,0.043910980224609375,0,-0.010989189147949219,0,-0.0048847198486328125,0,0,0,0,0,0,0,0,0,0,0,0,0,0,0,7
10173981500,79757124,79743,79743,0,0,0,0.043910980224609375,0,0.0036630630493164062,0,-0.0048847198486328125,0,0,0,0,0,0,0,0,0,0,0,0,0,0,0,7
10177019900,79760124,79745,79745,0,0,0,0.043910980224609375,0,0.0036630630493164062,0,-0.014652252197265625,0,0,0,0,0,0,0,0,0,0,0,0,0,0,0,7
10180058300,79763121,79748,79748,0,0,0,0.043910980224609375,0,-0.010989189147949219,0,-0.014652252197265625,0,0,0,0,0,0,0,0,0,0,0,0,0,0,0,7
10183096700,79766120,79751,79751,0,0,0,0.043910980224609375,0,-0.0036630630493164062,0,-0.0048847198486328125,0,0,0,0,0,0,0,0,0,0,0,0,0,0,0,7
10186135100,79769130,79754,79754,0,0,0,0.043910980224609375,0,-0.0036630630493164062,0,-0.0048847198486328125,0,0,0,0,0,0,0,0,0,0,0,0,0,0,0,7
10189173500,79771125,79756,79756,0,0,0,0.043910980224609375,0,0.01831531524658203,0,-0.014652252197265625,0,0,0,0,0,0,0,0,0,0,0,0,0,0,0,7
10192211900,79774120,79759,79759,0,0,0,0.043910980224609375,0,0.0036630630493164062,0,-0.0048847198486328125,0,0,0,0,0,0,0,0,0,0,0,0,0,0,0,7
10195250300,79777122,79762,79762,0,0,0,0.043910980224609375,0,-0.010989189147949219,0,-0.014652252197265625,0,0,0,0,0,0,0,0,0,0,0,0,0,0,0,7
10198789450,79785135,79770,79770,0,0,0,0.043910980224609375,0,-0.010989189147949219,0,-0.014652252197265625,0,0,0,0,0,0,0,0,0,0,0,0,0,0,0,7
10202328600,79788121,79773,79773,0,0,0,0.043910980224609375,0,0.0036630630493164062,0,-0.0048847198486328125,0,0,0,0,0,0,0,0,0,0,0,0,0,0,0,7
10205867750,79791120,79776,79776,0,0,0,0.043910980224609375,0,-0.0036630630493164062,0,-0.014652252197265625,0,0,0,0,0,0,0,0,0,0,0,0,0,0,0,7
10209406900,79794124,79779,79779,0,0,0,0.043910980224609375,0,0.0036630630493164062,0,-0.014652252197265625,0,0,0,0,0,0,0,0,0,0,0,0,0,0,0,7
10212946050,79797133,79782,79782,0,0,0,0.043910980224609375,0,-0.0036630630493164062,0,-0.014652252197265625,0,0,0,0,0,0,0,0,0,0,0,0,0,0,0,7
10216485200,79800131,79785,79785,0,0,0,0.043910980224609375,0,-0.01831531524658203,0,-0.0048847198486328125,0,0,0,0,0,0,0,0,0,0,0,0,0,0,0,7
10220024350,79803121,79788,79788,0,0,0,0.043910980224609375,0,-0.010989189147949219,0,-0.0048847198486328125,0,0,0,0,0,0,0,0,0,0,0,0,0,0,0,7
10223563500,79806122,79791,79791,0,0,0,0.043910980224609375,0,0.0036630630493164062,0,-0.0048847198486328125,0,0,0,0,0,0,0,0,0,0,0,0,0,0,0,7
10226923916,79810124,79795,79795,0,0,0,0.043910980224609375,0,-0.0036630630493164062,0,-0.0048847198486328125,0,0,0,0,0,0,0,0,0,0,0,0,0,0,0,7
10230284328,79813125,79798,79798,0,0,0,0.043910980224609375,0,0.0036630630493164062,0,-0.0048847198486328125,0,0,0,0,0,0,0,0,0,0,0,0,0,0,0,7
10233644740,79816120,79801,79801,0,0,0,0.043910980224609375,0,-0.010989189147949219,0,-0.014652252197265625,0,0,0,0,0,0,0,0,0,0,0,0,0,0,0,7
10237005152,79819121,79804,79804,0,0,0,0.043910980224609375,0,-0.0036630630493164062,0,-0.0048847198486328125,0,0,0,0,0,0,0,0,0,0,0,0,0,0,0,7
10240365564,79821121,79806,79806,0,0,0,0.043910980224609375,0,0.0036630630493164062,0,-0.0048847198486328125,0,0,0,0,0,0,0,0,0,0,0,0,0,0,0,7
10243725976,79827127,79812,79812,0,0,0,0.043910980224609375,0,-0.0036630630493164062,0,-0.014652252197265625,0,0,0,0,0,0,0,0,0,0,0,0,0,0,0,7
10247086388,79830122,79815,79815,0,0,0,0.043910980224609375,0,-0.0036630630493164062,0,-0.0048847198486328125,0,0,0,0,0,0,0,0,0,0,0,0,0,0,0,7
10250446800,79832122,79817,79817,0,0,0,0.043910980224609375,0,-0.010989189147949219,0,-0.0048847198486328125,0,0,0,0,0,0,0,0,0,0,0,0,0,0,0,7
10253408550,79837121,79822,79822,0,0,0,0.043910980224609375,0,0.010989189147949219,0,-0.014652252197265625,0,0,0,0,0,0,0,0,0,0,0,0,0,0,0,7
10256370300,79840135,79825,79825,0,0,0,0.043910980224609375,0,-0.0036630630493164062,0,-0.014652252197265625,0,0,0,0,0,0,0,0,0,0,0,0,0,0,0,7
10259332050,79842120,79827,79827,0,0,0,0.043910980224609375,0,-0.0036630630493164062,0,-0.014652252197265625,0,0,0,0,0,0,0,0,0,0,0,0,0,0,0,7
10262293800,79845130,79830,79830,0,0,0,0.043910980224609375,0,-0.0036630630493164062,0,-0.014652252197265625,0,0,0,0,0,0,0,0,0,0,0,0,0,0,0,7
10265255550,79848120,79833,79833,0,0,0,0.043910980224609375,0,-0.01831531524658203,0,-0.0048847198486328125,0,0,0,0,0,0,0,0,0,0,0,0,0,0,0,7
10268217300,79850128,79835,79835,0,0,0,0.043910980224609375,0,0.0036630630493164062,0,-0.0048847198486328125,0,0,0,0,0,0,0,0,0,0,0,0,0,0,0,7
10271179050,79853128,79838,79838,0,0,0,0.043910980224609375,0,-0.0036630630493164062,0,-0.014652252197265625,0,0,0,0,0,0,0,0,0,0,0,0,0,0,0,7
10274140800,79856120,79841,79841,0,0,0,0.043910980224609375,0,-0.0036630630493164062,0,-0.014652252197265625,0,0,0,0,0,0,0,0,0,0,0,0,0,0,0,7
10291289750,79861121,79846,79846,0,0,0,0.043910980224609375,0,-0.010989189147949219,0,-0.0048847198486328125,0,0,0,0,0,0,0,0,0,0,0,0,0,0,0,7
10308494118,79864124,79849,79849,0,0,0,0.043910980224609375,0,-0.010989189147949219,0,-0.014652252197265625,0,0,0,0,0,0,0,0,0,0,0,0,0,0,0,7
10325698486,79867130,79852,79852,0,0,0,0.043910980224609375,0,-0.010989189147949219,0,-0.014652252197265625,0,0,0,0,0,0,0,0,0,0,0,0,0,0,0,7
10342902854,79871121,79856,79856,0,0,0,0.043910980224609375,0,-0.010989189147949219,0,-0.014652252197265625,0,0,0,0,0,0,0,0,0,0,0,0,0,0,0,7
10360107222,79910138,79895,79895,0,0,0,0.043910980224609375,0,-0.0036630630493164062,0,-0.014652252197265625,0,0,0,0,0,0,0,0,0,0,0,0,0,0,0,7
10377311590,79973120,79958,79958,0,0,0,0.043910980224609375,0,-0.010989189147949219,0,-0.014652252197265625,0,0,0,0,0,0,0,0,0,0,0,0,0,0,0,7
10394515958,79977121,79962,79962,0,0,0,0.043910980224609375,0,-0.0036630630493164062,0,-0.014652252197265625,0,0,0,0,0,0,0,0,0,0,0,0,0,0,0,7
10411720326,79980137,79965,79965,0,0,0,0.043910980224609375,0,-0.0036630630493164062,0,-0.014652252197265625,0,0,0,0,0,0,0,0,0,0,0,0,0,0,0,7
10428924694,80009127,79994,79994,0,0,0,0.043910980224609375,0,0.0036630630493164062,0,-0.0048847198486328125,0,0,0,0,0,0,0,0,0,0,0,0,0,0,0,7
10431995250,80016120,80001,80001,0,0,0,0.043910980224609375,0,0.0036630630493164062,0,-0.014652252197265625,0,0,0,0,0,0,0,0,0,0,0,0,0,0,0,7
10434624227,80018120,80003,80003,0,0,0,0.043910980224609375,0,0.010989189147949219,0,-0.014652252197265625,0,0,0,0,0,0,0,0,0,0,0,0,0,0,0,7
10437253204,80021132,80006,80006,0,0,0,0.043910980224609375,0,-0.010989189147949219,0,-0.014652252197265625,0,0,0,0,0,0,0,0,0,0,0,0,0,0,0,7
10439882181,80023124,80008,80009,0,0,0,0.043910980224609375,0,-0.010989189147949219,0,-0.024419784545898438,0,0,0,0,0,0,0,0,0,0,0,0,0,0,0,7
10442511158,80027121,80012,80012,0,0,0,0.043910980224609375,0,-0.0036630630493164062,0,-0.014652252197265625,0,0,0,0,0,0,0,0,0,0,0,0,0,0,0,7
10445140135,80029125,80014,80014,0,0,0,0.043910980224609375,0,0.0036630630493164062,0,-0.0048847198486328125,0,0,0,0,0,0,0,0,0,0,0,0,0,0,0,7
10447769112,80032121,80017,80017,0,0,0,0.043910980224609375,0,-0.010989189147949219,0,-0.0048847198486328125,0,0,0,0,0,0,0,0,0,0,0,0,0,0,0,7
10450398089,80034124,80019,80019,0,0,0,0.043910980224609375,0,0.0036630630493164062,0,-0.0048847198486328125,0,0,0,0,0,0,0,0,0,0,0,0,0,0,0,7
10453027066,80037129,80022,80022,0,0,0,0.043910980224609375,0,-0.0036630630493164062,0,0.0048847198486328125,0,0,0,0,0,0,0,0,0,0,0,0,0,0,0,7
10455656043,80039121,80024,80024,0,0,0,0.043910980224609375,0,0.0036630630493164062,0,-0.0048847198486328125,0,0,0,0,0,0,0,0,0,0,0,0,0,0,0,7
10458285020,80041122,80026,80026,0,0,0,0.043910980224609375,0,-0.010989189147949219,0,-0.0048847198486328125,0,0,0,0,0,0,0,0,0,0,0,0,0,0,0,7
10460913997,80043121,80028,80028,0,0,0,0.043910980224609375,0,0.0036630630493164062,0,-0.014652252197265625,0,0,0,0,0,0,0,0,0,0,0,0,0,0,0,7
10464047550,80048120,80033,80033,0,0,0,0.04429435729980469,0,0.01831531524658203,0,-0.014652252197265625,0,0,0,0,0,0,0,0,0,0,0,0,0,0,0,7
10467181100,80051125,80036,80036,0,0,0,0.043910980224609375,0,-0.01831531524658203,0,-0.0048847198486328125,0,0,0,0,0,0,0,0,0,0,0,0,0,0,0,7
10470314650,80053121,80038,80038,0,0,0,0.043910980224609375,0,0.0036630630493164062,0,-0.0048847198486328125,0,0,0,0,0,0,0,0,0,0,0,0,0,0,0,7
10473448200,80056120,80041,80041,0,0,0,0.043910980224609375,0,-0.0036630630493164062,0,-0.014652252197265625,0,0,0,0,0,0,0,0,0,0,0,0,0,0,0,7
10476581750,80060120,80045,80045,0,0,0,0.043910980224609375,0,0.0036630630493164062,0,-0.014652252197265625,0,0,0,0,0,0,0,0,0,0,0,0,0,0,0,7
10479715300,80063132,80048,80048,0,0,0,0.043910980224609375,0,-0.0036630630493164062,0,-0.014652252197265625,0,0,0,0,0,0,0,0,0,0,0,0,0,0,0,7
10482848850,80066124,80051,80051,0,0,0,0.043910980224609375,0,-0.010989189147949219,0,-0.0048847198486328125,0,0,0,0,0,0,0,0,0,0,0,0,0,0,0,7
10485982400,80068120,80053,80053,0,0,0,0.043910980224609375,0,-0.010989189147949219,0,-0.014652252197265625,0,0,0,0,0,0,0,0,0,0,0,0,0,0,0,7
10489280316,80073120,80058,80058,0,0,0,0.043910980224609375,0,-0.0036630630493164062,0,-0.014652252197265625,0,0,0,0,0,0,0,0,0,0,0,0,0,0,0,7
10492578228,80075131,80060,80060,0,0,0,0.043910980224609375,0,-0.0036630630493164062,0,-0.014652252197265625,0,0,0,0,0,0,0,0,0,0,0,0,0,0,0,7
10495876140,80078135,80063,80063,0,0,0,0.043910980224609375,0,0.010989189147949219,0,-0.014652252197265625,0,0,0,0,0,0,0,0,0,0,0,0,0,0,0,7
10499174052,80081121,80066,80066,0,0,0,0.043910980224609375,0,-0.010989189147949219,0,-0.014652252197265625,0,0,0,0,0,0,0,0,0,0,0,0,0,0,0,7
10502471964,80083122,80068,80068,0,0,0,0.043910980224609375,0,-0.01831531524658203,0,-0.014652252197265625,0,0,0,0,0,0,0,0,0,0,0,0,0,0,0,7
10505769876,80086120,80071,80071,0,0,0,0.043910980224609375,0,0.010989189147949219,0,-0.014652252197265625,0,0,0,0,0,0,0,0,0,0,0,0,0,0,0,7
10509067788,80089120,80074,80074,0,0,0,0.043910980224609375,0,0.0036630630493164062,0,-0.014652252197265625,0,0,0,0,0,0,0,0,0,0,0,0,0,0,0,7
10512365700,80093125,80078,80078,0,0,0,0.043910980224609375,0,-0.010989189147949219,0,-0.014652252197265625,0,0,0,0,0,0,0,0,0,0,0,0,0,0,0,7
10516595666,80100133,80085,80085,0,0,0,0.043910980224609375,0,-0.010989189147949219,0,-0.014652252197265625,0,0,0,0,0,0,0,0,0,0,0,0,0,0,0,7
10520825628,80103121,80088,80088,0,0,0,0.043910980224609375,0,-0.0036630630493164062,0,-0.0048847198486328125,0,0,0,0,0,0,0,0,0,0,0,0,0,0,0,7
10525055590,80107125,80092,80092,0,0,0,0.043910980224609375,0,0.010989189147949219,0,-0.0048847198486328125,0,0,0,0,0,0,0,0,0,0,0,0,0,0,0,7
10529285552,80110120,80095,80095,0,0,0,0.043910980224609375,0,-0.010989189147949219,0,-0.014652252197265625,0,0,0,0,0,0,0,0,0,0,0,0,0,0,0,7
10533515514,80113124,80098,80098,0,0,0,0.043910980224609375,0,0.0036630630493164062,0,-0.0048847198486328125,0,0,0,0,0,0,0,0,0,0,0,0,0,0,0,7
10537745476,80116124,80101,80101,0,0,0,0.043910980224609375,0,0.010989189147949219,0,-0.014652252197265625,0,0,0,0,0,0,0,0,0,0,0,0,0,0,0,7
10541975438,80119129,80104,80104,0,0,0,0.043910980224609375,0,-0.0036630630493164062,0,-0.014652252197265625,0,0,0,0,0,0,0,0,0,0,0,0,0,0,0,7
10546205400,80123121,80108,80108,0,0,0,0.043910980224609375,0,-0.010989189147949219,0,-0.014652252197265625,0,0,0,0,0,0,0,0,0,0,0,0,0,0,0,7
10550825400,80137124,80122,80122,0,0,0,0.043910980224609375,0,0.0036630630493164062,0,0.0048847198486328125,0,0,0,0,0,0,0,0,0,0,0,0,0,0,0,7
10555445400,80141122,80126,80126,0,0,0,0.043910980224609375,0,0.0036630630493164062,0,-0.014652252197265625,0,0,0,0,0,0,0,0,0,0,0,0,0,0,0,7
10560065400,80144120,80129,80129,0,0,0,0.043910980224609375,0,0.0036630630493164062,0,-0.0048847198486328125,0,0,0,0,0,0,0,0,0,0,0,0,0,0,0,7
10564685400,80147128,80132,80132,0,0,0,0.043910980224609375,0,-0.0036630630493164062,0,-0.014652252197265625,0,0,0,0,0,0,0,0,0,0,0,0,0,0,0,7
10569305400,80152122,80137,80137,0,0,0,0.043910980224609375,0,-0.010989189147949219,0,-0.0048847198486328125,0,0,0,0,0,0,0,0,0,0,0,0,0,0,0,7
10573925400,80157123,80142,80142,0,0,0,0.043910980224609375,0,0.010989189147949219,0,-0.014652252197265625,0,0,0,0,0,0,0,0,0,0,0,0,0,0,0,7
10578545400,80160120,80145,80145,0,0,0,0.043910980224609375,0,-0.01831531524658203,0,-0.0048847198486328125,0,0,0,0,0,0,0,0,0,0,0,0,0,0,0,7
10582052248,80165129,80150,80150,0,0,0,0.043910980224609375,0,-0.0036630630493164062,0,-0.0048847198486328125,0,0,0,0,0,0,0,0,0,0,0,0,0,0,0,7
10585559090,80169121,80154,80154,0,0,0,0.043910980224609375,0,-0.010989189147949219,0,-0.0048847198486328125,0,0,0,0,0,0,0,0,0,0,0,0,0,0,0,7
10589065932,80173120,80158,80158,0,0,0,0.043910980224609375,0,-0.01831531524658203,0,-0.014652252197265625,0,0,0,0,0,0,0,0,0,0,0,0,0,0,0,7
10592572774,80176134,80162,80162,0,0,0,0.043910980224609375,0,-0.010989189147949219,0,-0.014652252197265625,0,0,0,0,0,0,0,0,0,0,0,0,0,0,0,7
10596079616,80180120,80165,80165,0,0,0,0.043910980224609375,0,-0.0036630630493164062,0,-0.0048847198486328125,0,0,0,0,0,0,0,0,0,0,0,0,0,0,0,7
10599586458,80182124,80167,80167,0,0,0,0.043910980224609375,0,-0.0036630630493164062,0,-0.0048847198486328125,0,0,0,0,0,0,0,0,0,0,0,0,0,0,0,7
10603093300,80185129,80170,80170,0,0,0,0.043910980224609375,0,-0.01831531524658203,0,-0.014652252197265625,0,0,0,0,0,0,0,0,0,0,0,0,0,0,0,7
10606808025,80190135,80175,80175,0,0,0,0.043910980224609375,0,-0.0036630630493164062,0,-0.0048847198486328125,0,0,0,0,0,0,0,0,0,0,0,0,0,0,0,7
10610522750,80193121,80178,80178,0,0,0,0.043910980224609375,0,-0.010989189147949219,0,-0.0048847198486328125,0,0,0,0,0,0,0,0,0,0,0,0,0,0,0,7
10614237475,80196121,80181,80181,0,0,0,0.043910980224609375,0,-0.025641441345214844,0,-0.014652252197265625,0,0,0,0,0,0,0,0,0,0,0,0,0,0,0,7
10617952200,80199123,80184,80184,0,0,0,0.043910980224609375,0,0.010989189147949219,0,-0.0048847198486328125,0,0,0,0,0,0,0,0,0,0,0,0,0,0,0,7
10621666925,80203133,80188,80188,0,0,0,0.043910980224609375,0,0.0036630630493164062,0,-0.0048847198486328125,0,0,0,0,0,0,0,0,0,0,0,0,0,0,0,7
10625381650,80206120,80191,80191,0,0,0,0.043910980224609375,0,-0.010989189147949219,0,-0.0048847198486328125,0,0,0,0,0,0,0,0,0,0,0,0,0,0,0,7
10629096375,80209121,80194,80194,0,0,0,0.043910980224609375,0,0.0036630630493164062,0,-0.0048847198486328125,0,0,0,0,0,0,0,0,0,0,0,0,0,0,0,7
10632811100,80213120,80198,80198,0,0,0,0.043910980224609375,0,-0.010989189147949219,0,-0.014652252197265625,0,0,0,0,0,0,0,0,0,0,0,0,0,0,0,7
10636633591,80219125,80204,80204,0,0,0,0.043910980224609375,0,0.0036630630493164062,0,-0.014652252197265625,0,0,0,0,0,0,0,0,0,0,0,0,0,0,0,7
10640456078,80222120,80207,80207,0,0,0,0.043910980224609375,0,0.0036630630493164062,0,-0.014652252197265625,0,0,0,0,0,0,0,0,0,0,0,0,0,0,0,7
10644278565,80226120,80211,80211,0,0,0,0.043910980224609375,0,-0.010989189147949219,0,-0.014652252197265625,0,0,0,0,0,0,0,0,0,0,0,0,0,0,0,7
10648101052,80229125,80214,80214,0,0,0,0.043910980224609375,0,-0.0036630630493164062,0,-0.024419784545898438,0,0,0,0,0,0,0,0,0,0,0,0,0,0,0,7
10651923539,80233126,80218,80219,0,0,0,0.043910980224609375,0,-0.0036630630493164062,0,-0.014652252197265625,0,0,0,0,0,0,0,0,0,0,0,0,0,0,0,7
10655746026,80237125,80222,80222,0,0,0,0.043910980224609375,0,-0.010989189147949219,0,-0.0048847198486328125,0,0,0,0,0,0,0,0,0,0,0,0,0,0,0,7
10659568513,80241122,80226,80226,0,0,0,0.043910980224609375,0,-0.010989189147949219,0,-0.014652252197265625,0,0,0,0,0,0,0,0,0,0,0,0,0,0,0,7
10663391000,80244122,80229,80230,0,0,0,0.043910980224609375,0,-0.0036630630493164062,0,-0.0048847198486328125,0,0,0,0,0,0,0,0,0,0,0,0,0,0,0,7
10667527966,80254120,80239,80239,0,0,0,0.043910980224609375,0,0.010989189147949219,0,-0.014652252197265625,0,0,0,0,0,0,0,0,0,0,0,0,0,0,0,7
10671664928,80257122,80242,80242,0,0,0,0.043910980224609375,0,-0.01831531524658203,0,-0.014652252197265625,0,0,0,0,0,0,0,0,0,0,0,0,0,0,0,7
10675801890,80261129,80246,80246,0,0,0,0.043910980224609375,0,0.0036630630493164062,0,-0.0048847198486328125,0,0,0,0,0,0,0,0,0,0,0,0,0,0,0,7
10679938852,80264121,80249,80249,0,0,0,0.043910980224609375,0,0.0036630630493164062,0,-0.014652252197265625,0,0,0,0,0,0,0,0,0,0,0,0,0,0,0,7
10684075814,80267121,80252,80252,0,0,0,0.043910980224609375,0,-0.0036630630493164062,0,-0.014652252197265625,0,0,0,0,0,0,0,0,0,0,0,0,0,0,0,7
10688212776,80271120,80256,80256,0,0,0,0.043910980224609375,0,-0.010989189147949219,0,-0.0048847198486328125,0,0,0,0,0,0,0,0,0,0,0,0,0,0,0,7
10692349738,80274139,80259,80259,0,0,0,0.043910980224609375,0,-0.010989189147949219,0,-0.0048847198486328125,0,0,0,0,0,0,0,0,0,0,0,0,0,0,0,7
10696486700,80278122,80263,80263,0,0,0,0.043910980224609375,0,-0.0036630630493164062,0,-0.014652252197265625,0,0,0,0,0,0,0,0,0,0,0,0,0,0,0,7
10700475775,80283120,80268,80269,0,0,0,0.043910980224609375,0,-0.010989189147949219,0,-0.0048847198486328125,0,0,0,0,0,0,0,0,0,0,0,0,0,0,0,7
10704464850,80287133,80272,80272,0,0,0,0.043910980224609375,0,0.01831531524658203,0,-0.014652252197265625,0,0,0,0,0,0,0,0,0,0,0,0,0,0,0,7
10708453925,80291122,80276,80276,0,0,0,0.043910980224609375,0,-0.01831531524658203,0,-0.0048847198486328125,0,0,0,0,0,0,0,0,0,0,0,0,0,0,0,7
10712443000,80294122,80279,80279,0,0,0,0.043910980224609375,0,-0.0036630630493164062,0,-0.014652252197265625,0,0,0,0,0,0,0,0,0,0,0,0,0,0,0,7
10716432075,80298123,80283,80283,0,0,0,0.043910980224609375,0,-0.0036630630493164062,0,-0.014652252197265625,0,0,0,0,0,0,0,0,0,0,0,0,0,0,0,7
10720421150,80302137,80287,80287,0,0,0,0.043910980224609375,0,-0.010989189147949219,0,0.0048847198486328125,0,0,0,0,0,0,0,0,0,0,0,0,0,0,0,7
10724410225,80307122,80292,80292,0,0,0,0.043910980224609375,0,-0.0036630630493164062,0,0.0048847198486328125,0,0,0,0,0,0,0,0,0,0,0,0,0,0,0,7
10728399300,80310120,80295,80295,0,0,0,0.043910980224609375,0,-0.0036630630493164062,0,-0.0048847198486328125,0,0,0,0,0,0,0,0,0,0,0,0,0,0,0,7
10732289716,80316138,80301,80301,0,0,0,0.043910980224609375,0,-0.010989189147949219,0,-0.014652252197265625,0,0,0,0,0,0,0,0,0,0,0,0,0,0,0,7
10736180128,80319124,80304,80304,0,0,0,0.043910980224609375,0,-0.0036630630493164062,0,-0.0048847198486328125,0,0,0,0,0,0,0,0,0,0,0,0,0,0,0,7
10740070540,80323122,80308,80308,0,0,0,0.043910980224609375,0,0.010989189147949219,0,-0.014652252197265625,0,0,0,0,0,0,0,0,0,0,0,0,0,0,0,7
10743960952,80326120,80311,80311,0,0,0,0.043910980224609375,0,-0.01831531524658203,0,-0.014652252197265625,0,0,0,0,0,0,0,0,0,0,0,0,0,0,0,7
10747851364,80329128,80314,80314,0,0,0,0.043910980224609375,0,0.010989189147949219,0,-0.014652252197265625,0,0,0,0,0,0,0,0,0,0,0,0,0,0,0,7
10751741776,80333121,80318,80318,0,0,0,0.043910980224609375,0,-0.0036630630493164062,0,-0.0048847198486328125,0,0,0,0,0,0,0,0,0,0,0,0,0,0,0,7
10755632188,80337120,80322,80322,0,0,0,0.043910980224609375,0,-0.0036630630493164062,0,-0.014652252197265625,0,0,0,0,0,0,0,0,0,0,0,0,0,0,0,7
10759522600,80341121,80326,80326,0,0,0,0.043910980224609375,0,-0.01831531524658203,0,-0.014652252197265625,0,0,0,0,0,0,0,0,0,0,0,0,0,0,0,7
10763231850,80347121,80332,80332,0,0,0,0.043910980224609375,0,0.010989189147949219,0,-0.0048847198486328125,0,0,0,0,0,0,0,0,0,0,0,0,0,0,0,7
10766941100,80350128,80335,80335,0,0,0,0.043910980224609375,0,-0.0036630630493164062,0,-0.014652252197265625,0,0,0,0,0,0,0,0,0,0,0,0,0,0,0,7
10770650350,80354120,80339,80339,0,0,0,0.043910980224609375,0,-0.0036630630493164062,0,-0.014652252197265625,0,0,0,0,0,0,0,0,0,0,0,0,0,0,0,7
10774359600,80357131,80342,80342,0,0,0,0.043910980224609375,0,-0.0036630630493164062,0,-0.014652252197265625,0,0,0,0,0,0,0,0,0,0,0,0,0,0,0,7
10778068850,80360122,80346,80346,0,0,0,0.043910980224609375,0,0.0036630630493164062,0,-0.014652252197265625,0,0,0,0,0,0,0,0,0,0,0,0,0,0,0,7
10781778100,80364122,80349,80349,0,0,0,0.043910980224609375,0,0.0036630630493164062,0,-0.0048847198486328125,0,0,0,0,0,0,0,0,0,0,0,0,0,0,0,7
10785487350,80367121,80352,80352,0,0,0,0.043910980224609375,0,-0.010989189147949219,0,-0.0048847198486328125,0,0,0,0,0,0,0,0,0,0,0,0,0,0,0,7
10789196600,80370120,80355,80355,0,0,0,0.043910980224609375,0,0.0036630630493164062,0,-0.014652252197265625,0,0,0,0,0,0,0,0,0,0,0,0,0,0,0,7
10792988525,80379120,80364,80364,0,0,0,0.043910980224609375,0,-0.0036630630493164062,0,-0.014652252197265625,0,0,0,0,0,0,0,0,0,0,0,0,0,0,0,7
10796780450,80383120,80368,80368,0,0,0,0.043910980224609375,0,0.0036630630493164062,0,-0.014652252197265625,0,0,0,0,0,0,0,0,0,0,0,0,0,0,0,7
10800572375,80386137,80371,80371,0,0,0,0.043910980224609375,0,-0.01831531524658203,0,-0.0048847198486328125,0,0,0,0,0,0,0,0,0,0,0,0,0,0,0,7
10804364300,80388120,80374,80374,0,0,0,0.043910980224609375,0,-0.010989189147949219,0,-0.0048847198486328125,0,0,0,0,0,0,0,0,0,0,0,0,0,0,0,7
10808156225,80391121,80376,80376,0,0,0,0.043910980224609375,0,0.0036630630493164062,0,-0.0048847198486328125,0,0,0,0,0,0,0,0,0,0,0,0,0,0,0,7
10811948150,80394122,80379,80379,0,0,0,0.043910980224609375,0,-0.010989189147949219,0,-0.014652252197265625,0,0,0,0,0,0,0,0,0,0,0,0,0,0,0,7
10815740075,80397121,80382,80382,0,0,0,0.043910980224609375,0,-0.0036630630493164062,0,-0.0048847198486328125,0,0,0,0,0,0,0,0,0,0,0,0,0,0,0,7
10819532000,80402122,80387,80387,0,0,0,0.043910980224609375,0,-0.0036630630493164062,0,-0.0048847198486328125,0,0,0,0,0,0,0,0,0,0,0,0,0,0,0,7
10822698400,80407123,80392,80392,0,0,0,0.043910980224609375,0,-0.0036630630493164062,0,-0.014652252197265625,0,0,0,0,0,0,0,0,0,0,0,0,0,0,0,7
10825864800,80409121,80394,80394,0,0,0,0.043910980224609375,0,-0.01831531524658203,0,-0.0048847198486328125,0,0,0,0,0,0,0,0,0,0,0,0,0,0,0,7
10829031200,80412120,80397,80397,0,0,0,0.043910980224609375,0,-0.010989189147949219,0,-0.014652252197265625,0,0,0,0,0,0,0,0,0,0,0,0,0,0,0,7
10832197600,80415134,80400,80400,0,0,0,0.043910980224609375,0,-0.0036630630493164062,0,-0.014652252197265625,0,0,0,0,0,0,0,0,0,0,0,0,0,0,0,7
10835364000,80418121,80403,80403,0,0,0,0.043910980224609375,0,-0.0036630630493164062,0,-0.0048847198486328125,0,0,0,0,0,0,0,0,0,0,0,0,0,0,0,7
10838530400,80421120,80406,80406,0,0,0,0.043910980224609375,0,0.010989189147949219,0,-0.0048847198486328125,0,0,0,0,0,0,0,0,0,0,0,0,0,0,0,7
10841696800,80424120,80409,80409,0,0,0,0.043910980224609375,0,-0.0036630630493164062,0,-0.014652252197265625,0,0,0,0,0,0,0,0,0,0,0,0,0,0,0,7
10844863200,80427132,80412,80412,0,0,0,0.043910980224609375,0,-0.010989189147949219,0,-0.014652252197265625,0,0,0,0,0,0,0,0,0,0,0,0,0,0,0,7
10848566000,80433121,80418,80418,0,0,0,0.043910980224609375,0,-0.010989189147949219,0,-0.014652252197265625,0,0,0,0,0,0,0,0,0,0,0,0,0,0,0,7
10852268800,80437121,80422,80422,0,0,0,0.043910980224609375,0,-0.010989189147949219,0,-0.0048847198486328125,0,0,0,0,0,0,0,0,0,0,0,0,0,0,0,7
10855971600,80441128,80426,80426,0,0,0,0.043910980224609375,0,-0.010989189147949219,0,-0.014652252197265625,0,0,0,0,0,0,0,0,0,0,0,0,0,0,0,7
10859674400,80444122,80429,80429,0,0,0,0.043910980224609375,0,-0.010989189147949219,0,-0.014652252197265625,0,0,0,0,0,0,0,0,0,0,0,0,0,0,0,7
10863377200,80447121,80432,80432,0,0,0,0.043910980224609375,0,-0.010989189147949219,0,-0.014652252197265625,0,0,0,0,0,0,0,0,0,0,0,0,0,0,0,7
10867080000,80449121,80434,80435,0,0,0,0.043910980224609375,0,-0.01831531524658203,0,-0.014652252197265625,0,0,0,0,0,0,0,0,0,0,0,0,0,0,0,7
10870782800,80452125,80437,80437,0,0,0,0.043910980224609375,0,0.0036630630493164062,0,-0.0048847198486328125,0,0,0,0,0,0,0,0,0,0,0,0,0,0,0,7
10874485600,80456139,80441,80441,0,0,0,0.043910980224609375,0,0.0036630630493164062,0,-0.014652252197265625,0,0,0,0,0,0,0,0,0,0,0,0,0,0,0,7
10878039991,80461124,80446,80446,0,0,0,0.043910980224609375,0,-0.010989189147949219,0,-0.0048847198486328125,0,0,0,0,0,0,0,0,0,0,0,0,0,0,0,7
10881594378,80463120,80448,80449,0,0,0,0.043910980224609375,0,0.010989189147949219,0,-0.0048847198486328125,0,0,0,0,0,0,0,0,0,0,0,0,0,0,0,7
10885148765,80467121,80452,80452,0,0,0,0.043910980224609375,0,0.0036630630493164062,0,-0.0048847198486328125,0,0,0,0,0,0,0,0,0,0,0,0,0,0,0,7
10888703152,80470135,80455,80455,0,0,0,0.043910980224609375,0,0.0036630630493164062,0,-0.014652252197265625,0,0,0,0,0,0,0,0,0,0,0,0,0,0,0,7
10892257539,80474120,80459,80459,0,0,0,0.043910980224609375,0,-0.01831531524658203,0,-0.014652252197265625,0,0,0,0,0,0,0,0,0,0,0,0,0,0,0,7
10895811926,80477124,80462,80462,0,0,0,0.043910980224609375,0,-0.010989189147949219,0,-0.0048847198486328125,0,0,0,0,0,0,0,0,0,0,0,0,0,0,0,7
10899366313,80480121,80465,80465,0,0,0,0.043910980224609375,0,-0.0036630630493164062,0,-0.0048847198486328125,0,0,0,0,0,0,0,0,0,0,0,0,0,0,0,7
10902920700,80485137,80470,80470,0,0,0,0.043910980224609375,0,-0.025641441345214844,0,-0.014652252197265625,0,0,0,0,0,0,0,0,0,0,0,0,0,0,0,7
10908696525,80494122,80479,80479,0,0,0,0.043910980224609375,0,-0.0036630630493164062,0,-0.014652252197265625,0,0,0,0,0,0,0,0,0,0,0,0,0,0,0,7
10914472350,80498139,80483,80483,0,0,0,0.043910980224609375,0,-0.010989189147949219,0,-0.014652252197265625,0,0,0,0,0,0,0,0,0,0,0,0,0,0,0,7
10920248175,80502122,80487,80487,0,0,0,0.043910980224609375,0,0.0036630630493164062,0,-0.014652252197265625,0,0,0,0,0,0,0,0,0,0,0,0,0,0,0,7
10926024000,80507121,80492,80492,0,0,0,0.043910980224609375,0,-0.010989189147949219,0,-0.0048847198486328125,0,0,0,0,0,0,0,0,0,0,0,0,0,0,0,7
10931799825,80514123,80499,80499,0,0,0,0.043910980224609375,0,-0.010989189147949219,0,-0.014652252197265625,0,0,0,0,0,0,0,0,0,0,0,0,0,0,0,7
10937575650,80520120,80505,80505,0,0,0,0.043910980224609375,0,-0.0036630630493164062,0,-0.014652252197265625,0,0,0,0,0,0,0,0,0,0,0,0,0,0,0,7
10943351475,80525137,80510,80510,0,0,0,0.043910980224609375,0,0.0036630630493164062,0,-0.014652252197265625,0,0,0,0,0,0,0,0,0,0,0,0,0,0,0,7
10949127300,80530120,80515,80515,0,0,0,0.043910980224609375,0,-0.0036630630493164062,0,-0.014652252197265625,0,0,0,0,0,0,0,0,0,0,0,0,0,0,0,7
10954837885,80536120,80521,80521,0,0,0,0.043910980224609375,0,0.0036630630493164062,0,-0.014652252197265625,0,0,0,0,0,0,0,0,0,0,0,0,0,0,0,7
10960548468,80542120,80527,80527,0,0,0,0.043910980224609375,0,0.0036630630493164062,0,-0.0048847198486328125,0,0,0,0,0,0,0,0,0,0,0,0,0,0,0,7
10966259051,80548124,80533,80533,0,0,0,0.043910980224609375,0,-0.0036630630493164062,0,-0.014652252197265625,0,0,0,0,0,0,0,0,0,0,0,0,0,0,0,7
10971969634,80553128,80538,80538,0,0,0,0.043910980224609375,0,0.010989189147949219,0,-0.024419784545898438,0,0,0,0,0,0,0,0,0,0,0,0,0,0,0,7
10977680217,80558120,80543,80543,0,0,0,0.043910980224609375,0,-0.010989189147949219,0,-0.024419784545898438,0,0,0,0,0,0,0,0,0,0,0,0,0,0,0,7
10983390800,80563120,80548,80548,0,0,0,0.043910980224609375,0,-0.0036630630493164062,0,-0.014652252197265625,0,0,0,0,0,0,0,0,0,0,0,0,0,0,0,7
10988007580,80572124,80557,80558,0,0,0,0.043910980224609375,0,-0.0036630630493164062,0,-0.0048847198486328125,0,0,0,0,0,0,0,0,0,0,0,0,0,0,0,7
10992624360,80577124,80563,80563,0,0,0,0.043910980224609375,0,-0.0036630630493164062,0,-0.014652252197265625,0,0,0,0,0,0,0,0,0,0,0,0,0,0,0,7
10997241140,80582134,80567,80567,0,0,0,0.043910980224609375,0,-0.0036630630493164062,0,-0.014652252197265625,0,0,0,0,0,0,0,0,0,0,0,0,0,0,0,7
11001857920,80585132,80570,80570,0,0,0,0.043910980224609375,0,-0.01831531524658203,0,-0.014652252197265625,0,0,0,0,0,0,0,0,0,0,0,0,0,0,0,7
11006474700,80588120,80573,80573,0,0,0,0.043910980224609375,0,0.010989189147949219,0,-0.014652252197265625,0,0,0,0,0,0,0,0,0,0,0,0,0,0,0,7
11010637250,80594120,80579,80579,0,0,0,0.043910980224609375,0,-0.0036630630493164062,0,-0.0048847198486328125,0,0,0,0,0,0,0,0,0,0,0,0,0,0,0,7
11014799800,80597127,80582,80582,0,0,0,0.043910980224609375,0,0.0036630630493164062,0,-0.014652252197265625,0,0,0,0,0,0,0,0,0,0,0,0,0,0,0,7
11018962350,80601127,80586,80586,0,0,0,0.043910980224609375,0,-0.010989189147949219,0,-0.0048847198486328125,0,0,0,0,0,0,0,0,0,0,0,0,0,0,0,7
11023124900,80604120,80589,80589,0,0,0,0.043910980224609375,0,-0.010989189147949219,0,-0.014652252197265625,0,0,0,0,0,0,0,0,0,0,0,0,0,0,0,7
11027287450,80608121,80593,80593,0,0,0,0.043910980224609375,0,0.0036630630493164062,0,-0.014652252197265625,0,0,0,0,0,0,0,0,0,0,0,0,0,0,0,7
11031450000,80612120,80597,80597,0,0,0,0.043910980224609375,0,-0.0036630630493164062,0,-0.014652252197265625,0,0,0,0,0,0,0,0,0,0,0,0,0,0,0,7
11038147758,80631121,80616,80616,0,0,0,0.043910980224609375,0,0.0036630630493164062,0,-0.0048847198486328125,0,0,0,0,0,0,0,0,0,0,0,0,0,0,0,7
11044845515,80638135,80623,80623,0,0,0,0.043910980224609375,0,0.010989189147949219,0,-0.0048847198486328125,0,0,0,0,0,0,0,0,0,0,0,0,0,0,0,7
11051543272,80642120,80627,80627,0,0,0,0.043910980224609375,0,-0.0036630630493164062,0,-0.0048847198486328125,0,0,0,0,0,0,0,0,0,0,0,0,0,0,0,7
11058241029,80647123,80632,80632,0,0,0,0.043910980224609375,0,0.0036630630493164062,0,-0.0048847198486328125,0,0,0,0,0,0,0,0,0,0,0,0,0,0,0,7
11064938786,80651132,80636,80636,0,0,0,0.04429435729980469,0,0.01831531524658203,0,-0.014652252197265625,0,0,0,0,0,0,0,0,0,0,0,0,0,0,0,7
11071636543,80657121,80642,80642,0,0,0,0.043910980224609375,0,-0.0036630630493164062,0,-0.014652252197265625,0,0,0,0,0,0,0,0,0,0,0,0,0,0,0,7
11078334300,80660120,80645,80645,0,0,0,0.043910980224609375,0,-0.010989189147949219,0,-0.0048847198486328125,0,0,0,0,0,0,0,0,0,0,0,0,0,0,0,7
11083501480,80666134,80651,80651,0,0,0,0.043910980224609375,0,-0.0036630630493164062,0,-0.014652252197265625,0,0,0,0,0,0,0,0,0,0,0,0,0,0,0,7
11088668660,80670120,80655,80655,0,0,0,0.043910980224609375,0,0.0036630630493164062,0,-0.0048847198486328125,0,0,0,0,0,0,0,0,0,0,0,0,0,0,0,7
11093835840,80675129,80660,80660,0,0,0,0.043910980224609375,0,-0.0036630630493164062,0,-0.014652252197265625,0,0,0,0,0,0,0,0,0,0,0,0,0,0,0,7
11099003020,80680138,80665,80665,0,0,0,0.043910980224609375,0,0.0036630630493164062,0,-0.014652252197265625,0,0,0,0,0,0,0,0,0,0,0,0,0,0,0,7
11104170200,80685129,80670,80670,0,0,0,0.043910980224609375,0,-0.0036630630493164062,0,-0.014652252197265625,0,0,0,0,0,0,0,0,0,0,0,0,0,0,0,7
11108420435,80693132,80678,80678,0,0,0,0.043910980224609375,0,-0.0036630630493164062,0,-0.0048847198486328125,0,0,0,0,0,0,0,0,0,0,0,0,0,0,0,7
11112670668,80697123,80682,80682,0,0,0,0.043910980224609375,0,0.0036630630493164062,0,-0.014652252197265625,0,0,0,0,0,0,0,0,0,0,0,0,0,0,0,7
11116920901,80702121,80687,80687,0,0,0,0.043910980224609375,0,-0.0036630630493164062,0,-0.0048847198486328125,0,0,0,0,0,0,0,0,0,0,0,0,0,0,0,7
11121171134,80704121,80689,80689,0,0,0,0.043910980224609375,0,-0.0036630630493164062,0,-0.0048847198486328125,0,0,0,0,0,0,0,0,0,0,0,0,0,0,0,7
11125421367,80708135,80693,80693,0,0,0,0.043910980224609375,0,-0.0036630630493164062,0,-0.014652252197265625,0,0,0,0,0,0,0,0,0,0,0,0,0,0,0,7
11129671600,80711120,80696,80696,0,0,0,0.043910980224609375,0,-0.0036630630493164062,0,-0.014652252197265625,0,0,0,0,0,0,0,0,0,0,0,0,0,0,0,7
11134938848,80721130,80706,80706,0,0,0,0.043910980224609375,0,0.0036630630493164062,0,-0.0048847198486328125,0,0,0,0,0,0,0,0,0,0,0,0,0,0,0,7
11140206090,80727121,80712,80712,0,0,0,0.043910980224609375,0,0.0036630630493164062,0,-0.014652252197265625,0,0,0,0,0,0,0,0,0,0,0,0,0,0,0,7
11145473332,80731121,80716,80716,0,0,0,0.043910980224609375,0,-0.0036630630493164062,0,-0.014652252197265625,0,0,0,0,0,0,0,0,0,0,0,0,0,0,0,7
11150740574,80734122,80719,80719,0,0,0,0.043910980224609375,0,0.0036630630493164062,0,-0.014652252197265625,0,0,0,0,0,0,0,0,0,0,0,0,0,0,0,7
11156007816,80738124,80723,80723,0,0,0,0.043910980224609375,0,-0.01831531524658203,0,-0.024419784545898438,0,0,0,0,0,0,0,0,0,0,0,0,0,0,0,7
11161275058,80743120,80728,80728,0,0,0,0.043910980224609375,0,-0.0036630630493164062,0,-0.0048847198486328125,0,0,0,0,0,0,0,0,0,0,0,0,0,0,0,7
11166542300,80747121,80732,80732,0,0,0,0.043910980224609375,0,0.010989189147949219,0,-0.0048847198486328125,0,0,0,0,0,0,0,0,0,0,0,0,0,0,0,7
11171733150,80757121,80742,80742,0,0,0,0.043910980224609375,0,-0.0036630630493164062,0,-0.014652252197265625,0,0,0,0,0,0,0,0,0,0,0,0,0,0,0,7
11176924000,80761120,80746,80746,0,0,0,0.043910980224609375,0,-0.010989189147949219,0,-0.014652252197265625,0,0,0,0,0,0,0,0,0,0,0,0,0,0,0,7
11182114850,80765133,80750,80751,0,0,0,0.043910980224609375,0,0.010989189147949219,0,-0.014652252197265625,0,0,0,0,0,0,0,0,0,0,0,0,0,0,0,7
11187305700,80771122,80756,80756,0,0,0,0.043910980224609375,0,-0.010989189147949219,0,-0.024419784545898438,0,0,0,0,0,0,0,0,0,0,0,0,0,0,0,7
11192496550,80775133,80760,80760,0,0,0,0.043910980224609375,0,0.0036630630493164062,0,-0.014652252197265625,0,0,0,0,0,0,0,0,0,0,0,0,0,0,0,7
11197687400,80779126,80764,80764,0,0,0,0.043910980224609375,0,-0.010989189147949219,0,-0.0048847198486328125,0,0,0,0,0,0,0,0,0,0,0,0,0,0,0,7
11202639750,80786120,80771,80771,0,0,0,0.043910980224609375,0,0.0036630630493164062,0,-0.014652252197265625,0,0,0,0,0,0,0,0,0,0,0,0,0,0,0,7
11207592100,80790120,80775,80775,0,0,0,0.043910980224609375,0,0.010989189147949219,0,-0.014652252197265625,0,0,0,0,0,0,0,0,0,0,0,0,0,0,0,7
11212544450,80793124,80779,80779,0,0,0,0.043910980224609375,0,-0.010989189147949219,0,-0.014652252197265625,0,0,0,0,0,0,0,0,0,0,0,0,0,0,0,7
11217496800,80798120,80783,80783,0,0,0,0.043910980224609375,0,-0.0036630630493164062,0,-0.014652252197265625,0,0,0,0,0,0,0,0,0,0,0,0,0,0,0,7
11222449150,80803120,80788,80788,0,0,0,0.043910980224609375,0,-0.010989189147949219,0,-0.0048847198486328125,0,0,0,0,0,0,0,0,0,0,0,0,0,0,0,7
11227401500,80808122,80793,80793,0,0,0,0.043910980224609375,0,-0.010989189147949219,0,-0.014652252197265625,0,0,0,0,0,0,0,0,0,0,0,0,0,0,0,7
11231968435,80814120,80799,80799,0,0,0,0.043910980224609375,0,0.0036630630493164062,0,-0.014652252197265625,0,0,0,0,0,0,0,0,0,0,0,0,0,0,0,7
11236535368,80818120,80803,80803,0,0,0,0.043910980224609375,0,0.0036630630493164062,0,-0.0048847198486328125,0,0,0,0,0,0,0,0,0,0,0,0,0,0,0,7
11241102301,80821126,80806,80806,0,0,0,0.043910980224609375,0,-0.0036630630493164062,0,-0.0048847198486328125,0,0,0,0,0,0,0,0,0,0,0,0,0,0,0,7
11245669234,80825133,80810,80810,0,0,0,0.043910980224609375,0,-0.0036630630493164062,0,0.0048847198486328125,0,0,0,0,0,0,0,0,0,0,0,0,0,0,0,7
11250236167,80828120,80813,80813,0,0,0,0.043910980224609375,0,0.0036630630493164062,0,-0.0048847198486328125,0,0,0,0,0,0,0,0,0,0,0,0,0,0,0,7
11254803100,80833132,80818,80818,0,0,0,0.043910980224609375,0,0.010989189147949219,0,-0.014652252197265625,0,0,0,0,0,0,0,0,0,0,0,0,0,0,0,7
11260478348,80843121,80828,80828,0,0,0,0.043910980224609375,0,-0.0036630630493164062,0,-0.0048847198486328125,0,0,0,0,0,0,0,0,0,0,0,0,0,0,0,7
11266153590,80847129,80832,80832,0,0,0,0.043910980224609375,0,0.0036630630493164062,0,-0.0048847198486328125,0,0,0,0,0,0,0,0,0,0,0,0,0,0,0,7
11271828832,80852123,80837,80837,0,0,0,0.043910980224609375,0,-0.0036630630493164062,0,-0.014652252197265625,0,0,0,0,0,0,0,0,0,0,0,0,0,0,0,7
11277504074,80856120,80841,80841,0,0,0,0.043910980224609375,0,-0.0036630630493164062,0,0.0048847198486328125,0,0,0,0,0,0,0,0,0,0,0,0,0,0,0,7
11283179316,80863125,80848,80848,0,0,0,0.043910980224609375,0,0.0036630630493164062,0,-0.0048847198486328125,0,0,0,0,0,0,0,0,0,0,0,0,0,0,0,7
11288854558,80868120,80853,80853,0,0,0,0.043910980224609375,0,-0.01831531524658203,0,-0.0048847198486328125,0,0,0,0,0,0,0,0,0,0,0,0,0,0,0,7
11294529800,80873121,80859,80859,0,0,0,0.043910980224609375,0,0.0036630630493164062,0,-0.014652252197265625,0,0,0,0,0,0,0,0,0,0,0,0,0,0,0,7
11300311320,80887123,80872,80872,0,0,0,0.043910980224609375,0,0.010989189147949219,0,-0.0048847198486328125,0,0,0,0,0,0,0,0,0,0,0,0,0,0,0,7
11306092840,80892120,80877,80877,0,0,0,0.043910980224609375,0,0.0036630630493164062,0,-0.024419784545898438,0,0,0,0,0,0,0,0,0,0,0,0,0,0,0,7
11311874360,80896125,80881,80881,0,0,0,0.043910980224609375,0,-0.010989189147949219,0,-0.0048847198486328125,0,0,0,0,0,0,0,0,0,0,0,0,0,0,0,7
11317655880,80901123,80886,80886,0,0,0,0.043910980224609375,0,0.0036630630493164062,0,-0.014652252197265625,0,0,0,0,0,0,0,0,0,0,0,0,0,0,0,7
11323437400,80904139,80889,80889,0,0,0,0.043910980224609375,0,-0.010989189147949219,0,-0.0048847198486328125,0,0,0,0,0,0,0,0,0,0,0,0,0,0,0,7
11327538900,80912124,80897,80897,0,0,0,0.043910980224609375,0,-0.010989189147949219,0,-0.0048847198486328125,0,0,0,0,0,0,0,0,0,0,0,0,0,0,0,7
11331640400,80915129,80900,80900,0,0,0,0.043910980224609375,0,-0.0036630630493164062,0,-0.014652252197265625,0,0,0,0,0,0,0,0,0,0,0,0,0,0,0,7
11335741900,80919125,80904,80904,0,0,0,0.043910980224609375,0,-0.0036630630493164062,0,-0.014652252197265625,0,0,0,0,0,0,0,0,0,0,0,0,0,0,0,7
11339843400,80923121,80908,80908,0,0,0,0.043910980224609375,0,-0.010989189147949219,0,-0.014652252197265625,0,0,0,0,0,0,0,0,0,0,0,0,0,0,0,7
11343944900,80926120,80911,80911,0,0,0,0.043910980224609375,0,0.010989189147949219,0,-0.0048847198486328125,0,0,0,0,0,0,0,0,0,0,0,0,0,0,0,7
11348046400,80929123,80914,80914,0,0,0,0.043910980224609375,0,-0.010989189147949219,0,-0.014652252197265625,0,0,0,0,0,0,0,0,0,0,0,0,0,0,0,7
11351740774,80935129,80920,80920,0,0,0,0.043910980224609375,0,-0.010989189147949219,0,-0.014652252197265625,0,0,0,0,0,0,0,0,0,0,0,0,0,0,0,7
11355435145,80939121,80924,80924,0,0,0,0.043910980224609375,0,-0.0036630630493164062,0,-0.014652252197265625,0,0,0,0,0,0,0,0,0,0,0,0,0,0,0,7
11359129516,80942120,80927,80927,0,0,0,0.043910980224609375,0,-0.0036630630493164062,0,-0.0048847198486328125,0,0,0,0,0,0,0,0,0,0,0,0,0,0,0,7
11362823887,80945138,80930,80930,0,0,0,0.043910980224609375,0,0.0036630630493164062,0,-0.0048847198486328125,0,0,0,0,0,0,0,0,0,0,0,0,0,0,0,7
11366518258,80948120,80933,80934,0,0,0,0.043910980224609375,0,-0.0036630630493164062,0,-0.0048847198486328125,0,0,0,0,0,0,0,0,0,0,0,0,0,0,0,7
11370212629,80951121,80937,80937,0,0,0,0.043910980224609375,0,0.0036630630493164062,0,-0.0048847198486328125,0,0,0,0,0,0,0,0,0,0,0,0,0,0,0,7
11373907000,80955129,80940,80940,0,0,0,0.043910980224609375,0,-0.0036630630493164062,0,-0.0048847198486328125,0,0,0,0,0,0,0,0,0,0,0,0,0,0,0,7
11377842766,80962124,80947,80947,0,0,0,0.043910980224609375,0,-0.010989189147949219,0,-0.0048847198486328125,0,0,0,0,0,0,0,0,0,0,0,0,0,0,0,7
11381778528,80966122,80951,80951,0,0,0,0.043910980224609375,0,-0.010989189147949219,0,-0.014652252197265625,0,0,0,0,0,0,0,0,0,0,0,0,0,0,0,7
11385714290,80969120,80954,80954,0,0,0,0.043910980224609375,0,0.0036630630493164062,0,-0.014652252197265625,0,0,0,0,0,0,0,0,0,0,0,0,0,0,0,7
11389650052,80972120,80957,80957,0,0,0,0.043910980224609375,0,-0.0036630630493164062,0,-0.0048847198486328125,0,0,0,0,0,0,0,0,0,0,0,0,0,0,0,7
11393585814,80975133,80961,80961,0,0,0,0.043910980224609375,0,-0.010989189147949219,0,-0.0048847198486328125,0,0,0,0,0,0,0,0,0,0,0,0,0,0,0,7
11397521576,80979121,80964,80964,0,0,0,0.043910980224609375,0,0.0036630630493164062,0,-0.0048847198486328125,0,0,0,0,0,0,0,0,0,0,0,0,0,0,0,7
11401457338,80982122,80967,80967,0,0,0,0.043910980224609375,0,0.0036630630493164062,0,-0.0048847198486328125,0,0,0,0,0,0,0,0,0,0,0,0,0,0,0,7
11405393100,80986120,80971,80971,0,0,0,0.043910980224609375,0,0.0036630630493164062,0,-0.0048847198486328125,0,0,0,0,0,0,0,0,0,0,0,0,0,0,0,7
11409315525,80996121,80981,80981,0,0,0,0.043910980224609375,0,-0.0036630630493164062,0,-0.0048847198486328125,0,0,0,0,0,0,0,0,0,0,0,0,0,0,0,7
11413237950,81000129,80985,80985,0,0,0,0.043910980224609375,0,-0.01831531524658203,0,-0.0048847198486328125,0,0,0,0,0,0,0,0,0,0,0,0,0,0,0,7
11417160375,81003126,80988,80988,0,0,0,0.043910980224609375,0,-0.0036630630493164062,0,-0.0048847198486328125,0,0,0,0,0,0,0,0,0,0,0,0,0,0,0,7
11421082800,81006120,80991,80991,0,0,0,0.043910980224609375,0,-0.01831531524658203,0,-0.0048847198486328125,0,0,0,0,0,0,0,0,0,0,0,0,0,0,0,7
11425005225,81009120,80994,80994,0,0,0,0.043910980224609375,0,0.0036630630493164062,0,-0.0048847198486328125,0,0,0,0,0,0,0,0,0,0,0,0,0,0,0,7
11428927650,81012125,80997,80997,0,0,0,0.043910980224609375,0,-0.010989189147949219,0,-0.0048847198486328125,0,0,0,0,0,0,0,0,0,0,0,0,0,0,0,7
11432850075,81015137,81000,81000,0,0,0,0.043910980224609375,0,0.0036630630493164062,0,-0.0048847198486328125,0,0,0,0,0,0,0,0,0,0,0,0,0,0,0,7
11436772500,81018120,81003,81003,0,0,0,0.043910980224609375,0,-0.010989189147949219,0,-0.014652252197265625,0,0,0,0,0,0,0,0,0,0,0,0,0,0,0,7
11440138375,81024122,81009,81009,0,0,0,0.043910980224609375,0,-0.0036630630493164062,0,-0.0048847198486328125,0,0,0,0,0,0,0,0,0,0,0,0,0,0,0,7
11443504250,81026120,81011,81011,0,0,0,0.043910980224609375,0,-0.010989189147949219,0,-0.0048847198486328125,0,0,0,0,0,0,0,0,0,0,0,0,0,0,0,7
11446870125,81029128,81014,81014,0,0,0,0.043910980224609375,0,-0.0036630630493164062,0,-0.014652252197265625,0,0,0,0,0,0,0,0,0,0,0,0,0,0,0,7
11450236000,81032123,81017,81017,0,0,0,0.043910980224609375,0,-0.0036630630493164062,0,-0.0048847198486328125,0,0,0,0,0,0,0,0,0,0,0,0,0,0,0,7
11453601875,81035129,81020,81020,0,0,0,0.043910980224609375,0,-0.0036630630493164062,0,-0.0048847198486328125,0,0,0,0,0,0,0,0,0,0,0,0,0,0,0,7
11456967750,81039121,81024,81024,0,0,0,0.043910980224609375,0,0.0036630630493164062,0,-0.0048847198486328125,0,0,0,0,0,0,0,0,0,0,0,0,0,0,0,7
11460333625,81042120,81027,81027,0,0,0,0.043910980224609375,0,-0.0036630630493164062,0,-0.014652252197265625,0,0,0,0,0,0,0,0,0,0,0,0,0,0,0,7
11463699500,81045135,81030,81030,0,0,0,0.043910980224609375,0,-0.010989189147949219,0,-0.014652252197265625,0,0,0,0,0,0,0,0,0,0,0,0,0,0,0,7
11467399216,81051120,81036,81036,0,0,0,0.043910980224609375,0,-0.010989189147949219,0,-0.014652252197265625,0,0,0,0,0,0,0,0,0,0,0,0,0,0,0,7
11471098928,81054120,81039,81039,0,0,0,0.043910980224609375,0,-0.0036630630493164062,0,-0.0048847198486328125,0,0,0,0,0,0,0,0,0,0,0,0,0,0,0,7
11474798640,81058135,81043,81043,0,0,0,0.043910980224609375,0,0.0036630630493164062,0,-0.014652252197265625,0,0,0,0,0,0,0,0,0,0,0,0,0,0,0,7
11478498352,81061123,81046,81046,0,0,0,0.043910980224609375,0,-0.0036630630493164062,0,-0.014652252197265625,0,0,0,0,0,0,0,0,0,0,0,0,0,0,0,7
11482198064,81064121,81049,81049,0,0,0,0.043910980224609375,0,-0.0036630630493164062,0,-0.014652252197265625,0,0,0,0,0,0,0,0,0,0,0,0,0,0,0,7
11485897776,81068120,81053,81053,0,0,0,0.043910980224609375,0,-0.0036630630493164062,0,-0.024419784545898438,0,0,0,0,0,0,0,0,0,0,0,0,0,0,0,7
11489597488,81071129,81057,81057,0,0,0,0.043910980224609375,0,0.0036630630493164062,0,-0.014652252197265625,0,0,0,0,0,0,0,0,0,0,0,0,0,0,0,7
11493297200,81075129,81060,81060,0,0,0,0.043910980224609375,0,-0.0036630630493164062,0,-0.0048847198486328125,0,0,0,0,0,0,0,0,0,0,0,0,0,0,0,7
11496569575,81080120,81065,81065,0,0,0,0.043910980224609375,0,-0.010989189147949219,0,-0.0048847198486328125,0,0,0,0,0,0,0,0,0,0,0,0,0,0,0,7
11499841950,81083120,81068,81068,0,0,0,0.043910980224609375,0,0.0036630630493164062,0,-0.0048847198486328125,0,0,0,0,0,0,0,0,0,0,0,0,0,0,0,7
11503114325,81086138,81071,81071,0,0,0,0.043910980224609375,0,-0.010989189147949219,0,-0.014652252197265625,0,0,0,0,0,0,0,0,0,0,0,0,0,0,0,7
11506386700,81089121,81074,81074,0,0,0,0.04429435729980469,0,0.010989189147949219,0,-0.014652252197265625,0,0,0,0,0,0,0,0,0,0,0,0,0,0,0,7
11509659075,81092120,81077,81077,0,0,0,0.043910980224609375,0,-0.025641441345214844,0,-0.014652252197265625,0,0,0,0,0,0,0,0,0,0,0,0,0,0,0,7
11512931450,81094123,81079,81079,0,0,0,0.043910980224609375,0,-0.0036630630493164062,0,-0.014652252197265625,0,0,0,0,0,0,0,0,0,0,0,0,0,0,0,7
11516203825,81098122,81083,81083,0,0,0,0.043910980224609375,0,-0.010989189147949219,0,-0.0048847198486328125,0,0,0,0,0,0,0,0,0,0,0,0,0,0,0,7
11519476200,81101127,81086,81086,0,0,0,0.043910980224609375,0,0.010989189147949219,0,-0.014652252197265625,0,0,0,0,0,0,0,0,0,0,0,0,0,0,0,7
11524022000,81111123,81096,81096,0,0,0,0.043910980224609375,0,-0.01831531524658203,0,-0.014652252197265625,0,0,0,0,0,0,0,0,0,0,0,0,0,0,0,7
11528567800,81114135,81099,81099,0,0,0,0.043910980224609375,0,-0.0036630630493164062,0,-0.0048847198486328125,0,0,0,0,0,0,0,0,0,0,0,0,0,0,0,7
11533113600,81117121,81102,81102,0,0,0,0.043910980224609375,0,-0.0036630630493164062,0,-0.014652252197265625,0,0,0,0,0,0,0,0,0,0,0,0,0,0,0,7
11537659400,81120120,81105,81105,0,0,0,0.043910980224609375,0,-0.010989189147949219,0,-0.0048847198486328125,0,0,0,0,0,0,0,0,0,0,0,0,0,0,0,7
11542205200,81123124,81108,81108,0,0,0,0.043910980224609375,0,-0.0036630630493164062,0,-0.0048847198486328125,0,0,0,0,0,0,0,0,0,0,0,0,0,0,0,7
11546751000,81126120,81111,81111,0,0,0,0.043910980224609375,0,-0.0036630630493164062,0,-0.0048847198486328125,0,0,0,0,0,0,0,0,0,0,0,0,0,0,0,7
11551296800,81130119,81115,81115,0,0,0,0.043910980224609375,0,-0.010989189147949219,0,-0.0048847198486328125,0,0,0,0,0,0,0,0,0,0,0,0,0,0,0,7
11555842600,81135129,81120,81120,0,0,0,0.043910980224609375,0,-0.025641441345214844,0,-0.0048847198486328125,0,0,0,0,0,0,0,0,0,0,0,0,0,0,0,7
11562676448,81162120,81147,81147,0,0,0,0.043910980224609375,0,0.010989189147949219,0,-0.014652252197265625,0,0,0,0,0,0,0,0,0,0,0,0,0,0,0,7
11569510290,81169130,81154,81154,0,0,0,0.043910980224609375,0,-0.0036630630493164062,0,-0.014652252197265625,0,0,0,0,0,0,0,0,0,0,0,0,0,0,0,7
11576344132,81174120,81159,81159,0,0,0,0.043910980224609375,0,0.0036630630493164062,0,-0.014652252197265625,0,0,0,0,0,0,0,0,0,0,0,0,0,0,0,7
11583177974,81177122,81162,81162,0,0,0,0.043910980224609375,0,-0.0036630630493164062,0,-0.014652252197265625,0,0,0,0,0,0,0,0,0,0,0,0,0,0,0,7
11590011816,81180120,81165,81165,0,0,0,0.043910980224609375,0,-0.010989189147949219,0,-0.024419784545898438,0,0,0,0,0,0,0,0,0,0,0,0,0,0,0,7
11596845658,81182120,81167,81167,0,0,0,0.043910980224609375,0,0.0036630630493164062,0,-0.014652252197265625,0,0,0,0,0,0,0,0,0,0,0,0,0,0,0,7
11603679500,81185134,81170,81170,0,0,0,0.043910980224609375,0,-0.0036630630493164062,0,-0.0048847198486328125,0,0,0,0,0,0,0,0,0,0,0,0,0,0,0,7
11607948375,81191120,81176,81176,0,0,0,0.043910980224609375,0,-0.0036630630493164062,0,-0.014652252197265625,0,0,0,0,0,0,0,0,0,0,0,0,0,0,0,7
11612217250,81194124,81179,81179,0,0,0,0.043910980224609375,0,-0.010989189147949219,0,-0.014652252197265625,0,0,0,0,0,0,0,0,0,0,0,0,0,0,0,7
11616486125,81198137,81183,81183,0,0,0,0.043910980224609375,0,-0.010989189147949219,0,-0.014652252197265625,0,0,0,0,0,0,0,0,0,0,0,0,0,0,0,7
11620755000,81202124,81187,81187,0,0,0,0.043910980224609375,0,-0.010989189147949219,0,-0.014652252197265625,0,0,0,0,0,0,0,0,0,0,0,0,0,0,0,7
11625940632,81210124,81195,81195,0,0,0,0.043910980224609375,0,-0.0036630630493164062,0,-0.014652252197265625,0,0,0,0,0,0,0,0,0,0,0,0,0,0,0,7
11631126260,81214122,81199,81199,0,0,0,0.043910980224609375,0,0.0036630630493164062,0,-0.0048847198486328125,0,0,0,0,0,0,0,0,0,0,0,0,0,0,0,7
11636311888,81218120,81203,81203,0,0,0,0.043910980224609375,0,-0.0036630630493164062,0,-0.0048847198486328125,0,0,0,0,0,0,0,0,0,0,0,0,0,0,0,7
11641497516,81221121,81206,81207,0,0,0,0.043910980224609375,0,-0.0036630630493164062,0,-0.0048847198486328125,0,0,0,0,0,0,0,0,0,0,0,0,0,0,0,7
11646683144,81225136,81210,81210,0,0,0,0.043910980224609375,0,0.0036630630493164062,0,-0.014652252197265625,0,0,0,0,0,0,0,0,0,0,0,0,0,0,0,7
11651868772,81230120,81215,81215,0,0,0,0.043910980224609375,0,-0.010989189147949219,0,-0.014652252197265625,0,0,0,0,0,0,0,0,0,0,0,0,0,0,0,7
11657054400,81234120,81219,81220,0,0,0,0.043910980224609375,0,-0.01831531524658203,0,-0.014652252197265625,0,0,0,0,0,0,0,0,0,0,0,0,0,0,0,7
11662896735,81255133,81240,81240,0,0,0,0.043910980224609375,0,-0.0036630630493164062,0,-0.0048847198486328125,0,0,0,0,0,0,0,0,0,0,0,0,0,0,0,7
11668739068,81258121,81243,81243,0,0,0,0.043910980224609375,0,-0.0036630630493164062,0,-0.014652252197265625,0,0,0,0,0,0,0,0,0,0,0,0,0,0,0,7
11674581401,81262119,81247,81247,0,0,0,0.043910980224609375,0,-0.01831531524658203,0,-0.014652252197265625,0,0,0,0,0,0,0,0,0,0,0,0,0,0,0,7
11680423734,81265129,81250,81250,0,0,0,0.043910980224609375,0,0.0036630630493164062,0,-0.024419784545898438,0,0,0,0,0,0,0,0,0,0,0,0,0,0,0,7
11686266067,81269125,81254,81254,0,0,0,0.043910980224609375,0,-0.0036630630493164062,0,-0.014652252197265625,0,0,0,0,0,0,0,0,0,0,0,0,0,0,0,7
11692108400,81273124,81258,81258,0,0,0,0.043910980224609375,0,-0.010989189147949219,0,-0.014652252197265625,0,0,0,0,0,0,0,0,0,0,0,0,0,0,0,7
11696408035,81280120,81265,81265,0,0,0,0.043910980224609375,0,-0.010989189147949219,0,-0.0048847198486328125,0,0,0,0,0,0,0,0,0,0,0,0,0,0,0,7
11700707668,81284120,81269,81269,0,0,0,0.043910980224609375,0,0.0036630630493164062,0,-0.0048847198486328125,0,0,0,0,0,0,0,0,0,0,0,0,0,0,0,7
11705007301,81287121,81272,81272,0,0,0,0.043910980224609375,0,-0.0036630630493164062,0,-0.0048847198486328125,0,0,0,0,0,0,0,0,0,0,0,0,0,0,0,7
11709306934,81291120,81276,81276,0,0,0,0.043910980224609375,0,-0.0036630630493164062,0,-0.014652252197265625,0,0,0,0,0,0,0,0,0,0,0,0,0,0,0,7
11713606567,81295137,81280,81280,0,0,0,0.043910980224609375,0,0.0036630630493164062,0,-0.014652252197265625,0,0,0,0,0,0,0,0,0,0,0,0,0,0,0,7
11717906200,81299120,81284,81284,0,0,0,0.043910980224609375,0,0.010989189147949219,0,-0.014652252197265625,0,0,0,0,0,0,0,0,0,0,0,0,0,0,0,7
11721980590,81305129,81290,81290,0,0,0,0.043910980224609375,0,-0.0036630630493164062,0,-0.014652252197265625,0,0,0,0,0,0,0,0,0,0,0,0,0,0,0,7
11726054975,81309128,81294,81294,0,0,0,0.043910980224609375,0,0.010989189147949219,0,-0.014652252197265625,0,0,0,0,0,0,0,0,0,0,0,0,0,0,0,7
11730129360,81312120,81297,81297,0,0,0,0.043910980224609375,0,-0.0036630630493164062,0,-0.014652252197265625,0,0,0,0,0,0,0,0,0,0,0,0,0,0,0,7
11734203745,81315129,81300,81300,0,0,0,0.043910980224609375,0,-0.010989189147949219,0,-0.014652252197265625,0,0,0,0,0,0,0,0,0,0,0,0,0,0,0,7
11738278130,81320120,81305,81305,0,0,0,0.043910980224609375,0,-0.010989189147949219,0,-0.0048847198486328125,0,0,0,0,0,0,0,0,0,0,0,0,0,0,0,7
11742352515,81324135,81309,81309,0,0,0,0.043910980224609375,0,0.0036630630493164062,0,-0.014652252197265625,0,0,0,0,0,0,0,0,0,0,0,0,0,0,0,7
11746426900,81327121,81312,81312,0,0,0,0.043910980224609375,0,-0.010989189147949219,0,-0.0048847198486328125,0,0,0,0,0,0,0,0,0,0,0,0,0,0,0,7
11750429348,81333120,81318,81318,0,0,0,0.043910980224609375,0,-0.0036630630493164062,0,-0.0048847198486328125,0,0,0,0,0,0,0,0,0,0,0,0,0,0,0,7
11754431790,81337128,81322,81322,0,0,0,0.043910980224609375,0,0.0036630630493164062,0,-0.0048847198486328125,0,0,0,0,0,0,0,0,0,0,0,0,0,0,0,7
11758434232,81341121,81326,81326,0,0,0,0.043910980224609375,0,-0.0036630630493164062,0,0.0048847198486328125,0,0,0,0,0,0,0,0,0,0,0,0,0,0,0,7
11762436674,81344120,81329,81329,0,0,0,0.043910980224609375,0,0.0036630630493164062,0,-0.0048847198486328125,0,0,0,0,0,0,0,0,0,0,0,0,0,0,0,7
11766439116,81347124,81332,81332,0,0,0,0.043910980224609375,0,0.01831531524658203,0,-0.014652252197265625,0,0,0,0,0,0,0,0,0,0,0,0,0,0,0,7
11770441558,81351130,81336,81336,0,0,0,0.043910980224609375,0,-0.010989189147949219,0,-0.0048847198486328125,0,0,0,0,0,0,0,0,0,0,0,0,0,0,0,7
11774444000,81356120,81341,81341,0,0,0,0.043910980224609375,0,0.010989189147949219,0,-0.0048847198486328125,0,0,0,0,0,0,0,0,0,0,0,0,0,0,0,7
11778697650,81365136,81350,81350,0,0,0,0.043910980224609375,0,-0.0036630630493164062,0,-0.014652252197265625,0,0,0,0,0,0,0,0,0,0,0,0,0,0,0,7
11782951300,81369121,81354,81354,0,0,0,0.043910980224609375,0,-0.0036630630493164062,0,-0.014652252197265625,0,0,0,0,0,0,0,0,0,0,0,0,0,0,0,7
11787204950,81373120,81358,81358,0,0,0,0.043910980224609375,0,0.010989189147949219,0,-0.014652252197265625,0,0,0,0,0,0,0,0,0,0,0,0,0,0,0,7
11791458600,81376123,81361,81361,0,0,0,0.043910980224609375,0,-0.010989189147949219,0,-0.014652252197265625,0,0,0,0,0,0,0,0,0,0,0,0,0,0,0,7
11795712250,81379129,81364,81364,0,0,0,0.043910980224609375,0,0.0036630630493164062,0,-0.0048847198486328125,0,0,0,0,0,0,0,0,0,0,0,0,0,0,0,7
11799965900,81383120,81368,81368,0,0,0,0.043910980224609375,0,-0.0036630630493164062,0,-0.014652252197265625,0,0,0,0,0,0,0,0,0,0,0,0,0,0,0,7
11804219550,81386120,81371,81371,0,0,0,0.043910980224609375,0,-0.0036630630493164062,0,-0.0048847198486328125,0,0,0,0,0,0,0,0,0,0,0,0,0,0,0,7
11808473200,81390120,81375,81375,0,0,0,0.043910980224609375,0,-0.010989189147949219,0,-0.014652252197265625,0,0,0,0,0,0,0,0,0,0,0,0,0,0,0,7
11812615750,81395133,81380,81380,0,0,0,0.043910980224609375,0,-0.01831531524658203,0,-0.0048847198486328125,0,0,0,0,0,0,0,0,0,0,0,0,0,0,0,7
11816758300,81399121,81384,81384,0,0,0,0.043910980224609375,0,-0.0036630630493164062,0,-0.0048847198486328125,0,0,0,0,0,0,0,0,0,0,0,0,0,0,0,7
11820900850,81403121,81388,81388,0,0,0,0.043910980224609375,0,-0.010989189147949219,0,-0.014652252197265625,0,0,0,0,0,0,0,0,0,0,0,0,0,0,0,7
11825043400,81407128,81392,81392,0,0,0,0.043910980224609375,0,-0.01831531524658203,0,0.0048847198486328125,0,0,0,0,0,0,0,0,0,0,0,0,0,0,0,7
11829185950,81411121,81396,81396,0,0,0,0.043910980224609375,0,0.01831531524658203,0,-0.0048847198486328125,0,0,0,0,0,0,0,0,0,0,0,0,0,0,0,7
11833328500,81415129,81400,81400,0,0,0,0.043910980224609375,0,0.0036630630493164062,0,-0.0048847198486328125,0,0,0,0,0,0,0,0,0,0,0,0,0,0,0,7
11837471050,81418124,81403,81403,0,0,0,0.043910980224609375,0,0.0036630630493164062,0,-0.014652252197265625,0,0,0,0,0,0,0,0,0,0,0,0,0,0,0,7
11841613600,81422136,81407,81407,0,0,0,0.043910980224609375,0,0.0036630630493164062,0,-0.014652252197265625,0,0,0,0,0,0,0,0,0,0,0,0,0,0,0,7
11845312290,81429121,81414,81414,0,0,0,0.043910980224609375,0,0.010989189147949219,0,-0.014652252197265625,0,0,0,0,0,0,0,0,0,0,0,0,0,0,0,7
11849010975,81433121,81418,81418,0,0,0,0.043910980224609375,0,-0.01831531524658203,0,-0.0048847198486328125,0,0,0,0,0,0,0,0,0,0,0,0,0,0,0,7
11852709660,81436134,81421,81421,0,0,0,0.043910980224609375,0,-0.010989189147949219,0,-0.014652252197265625,0,0,0,0,0,0,0,0,0,0,0,0,0,0,0,7
11856408345,81439121,81424,81424,0,0,0,0.043910980224609375,0,0.0036630630493164062,0,-0.0048847198486328125,0,0,0,0,0,0,0,0,0,0,0,0,0,0,0,7
11860107030,81443121,81428,81428,0,0,0,0.043910980224609375,0,-0.010989189147949219,0,-0.014652252197265625,0,0,0,0,0,0,0,0,0,0,0,0,0,0,0,7
11863805715,81447124,81432,81432,0,0,0,0.043910980224609375,0,-0.0036630630493164062,0,-0.014652252197265625,0,0,0,0,0,0,0,0,0,0,0,0,0,0,0,7
11867504400,81449128,81434,81434,0,0,0,0.043910980224609375,0,-0.0036630630493164062,0,-0.014652252197265625,0,0,0,0,0,0,0,0,0,0,0,0,0,0,0,7
11871799700,81454120,81439,81439,0,0,0,0.043910980224609375,0,0.0036630630493164062,0,-0.014652252197265625,0,0,0,0,0,0,0,0,0,0,0,0,0,0,0,7
11876095000,81458120,81443,81443,0,0,0,0.043910980224609375,0,0.010989189147949219,0,-0.0048847198486328125,0,0,0,0,0,0,0,0,0,0,0,0,0,0,0,7
11880390300,81461120,81446,81446,0,0,0,0.043910980224609375,0,-0.010989189147949219,0,-0.0048847198486328125,0,0,0,0,0,0,0,0,0,0,0,0,0,0,0,7
11884685600,81463132,81448,81448,0,0,0,0.043910980224609375,0,-0.010989189147949219,0,-0.0048847198486328125,0,0,0,0,0,0,0,0,0,0,0,0,0,0,0,7
11888980900,81466120,81451,81452,0,0,0,0.043910980224609375,0,-0.0036630630493164062,0,-0.0048847198486328125,0,0,0,0,0,0,0,0,0,0,0,0,0,0,0,7
11893276200,81470120,81455,81455,0,0,0,0.043910980224609375,0,-0.010989189147949219,0,-0.0048847198486328125,0,0,0,0,0,0,0,0,0,0,0,0,0,0,0,7
11897571500,81474120,81459,81459,0,0,0,0.043910980224609375,0,-0.0036630630493164062,0,-0.014652252197265625,0,0,0,0,0,0,0,0,0,0,0,0,0,0,0,7
11901866800,81484123,81469,81469,0,0,0,0.043910980224609375,0,0.0036630630493164062,0,-0.014652252197265625,0,0,0,0,0,0,0,0,0,0,0,0,0,0,0,7
11907106858,81495129,81480,81480,0,0,0,0.043910980224609375,0,0.010989189147949219,0,0.0048847198486328125,0,0,0,0,0,0,0,0,0,0,0,0,0,0,0,7
11912346915,81499121,81484,81484,0,0,0,0.043910980224609375,0,0.010989189147949219,0,-0.0048847198486328125,0,0,0,0,0,0,0,0,0,0,0,0,0,0,0,7
11917586972,81502120,81487,81488,0,0,0,0.043910980224609375,0,-0.0036630630493164062,0,-0.014652252197265625,0,0,0,0,0,0,0,0,0,0,0,0,0,0,0,7
11922827029,81507124,81493,81493,0,0,0,0.043910980224609375,0,-0.0036630630493164062,0,-0.0048847198486328125,0,0,0,0,0,0,0,0,0,0,0,0,0,0,0,7
11928067086,81511121,81496,81496,0,0,0,0.043910980224609375,0,-0.010989189147949219,0,0.0048847198486328125,0,0,0,0,0,0,0,0,0,0,0,0,0,0,0,7
11933307143,81514120,81499,81499,0,0,0,0.043910980224609375,0,-0.010989189147949219,0,-0.0048847198486328125,0,0,0,0,0,0,0,0,0,0,0,0,0,0,0,7
11938547200,81518120,81503,81503,0,0,0,0.043910980224609375,0,-0.0036630630493164062,0,-0.0048847198486328125,0,0,0,0,0,0,0,0,0,0,0,0,0,0,0,7
11942237348,81527121,81512,81512,0,0,0,0.043910980224609375,0,0.0036630630493164062,0,-0.0048847198486328125,0,0,0,0,0,0,0,0,0,0,0,0,0,0,0,7
11945927490,81530120,81515,81515,0,0,0,0.043910980224609375,0,-0.010989189147949219,0,-0.0048847198486328125,0,0,0,0,0,0,0,0,0,0,0,0,0,0,0,7
11949617632,81533130,81518,81518,0,0,0,0.043910980224609375,0,-0.010989189147949219,0,-0.024419784545898438,0,0,0,0,0,0,0,0,0,0,0,0,0,0,0,7
11953307774,81536120,81521,81521,0,0,0,0.043910980224609375,0,0.010989189147949219,0,-0.014652252197265625,0,0,0,0,0,0,0,0,0,0,0,0,0,0,0,7
11956997916,81540120,81525,81525,0,0,0,0.043910980224609375,0,0.01831531524658203,0,-0.0048847198486328125,0,0,0,0,0,0,0,0,0,0,0,0,0,0,0,7
11960688058,81542124,81528,81528,0,0,0,0.043910980224609375,0,-0.0036630630493164062,0,-0.014652252197265625,0,0,0,0,0,0,0,0,0,0,0,0,0,0,0,7
11964378200,81546122,81531,81531,0,0,0,0.043910980224609375,0,0.0036630630493164062,0,-0.014652252197265625,0,0,0,0,0,0,0,0,0,0,0,0,0,0,0,7
11968147266,81552122,81537,81537,0,0,0,0.043910980224609375,0,0.010989189147949219,0,-0.014652252197265625,0,0,0,0,0,0,0,0,0,0,0,0,0,0,0,7
11971916328,81555133,81540,81541,0,0,0,0.043910980224609375,0,-0.0036630630493164062,0,-0.014652252197265625,0,0,0,0,0,0,0,0,0,0,0,0,0,0,0,7
11975685390,81559121,81544,81544,0,0,0,0.043910980224609375,0,-0.010989189147949219,0,-0.0048847198486328125,0,0,0,0,0,0,0,0,0,0,0,0,0,0,0,7
11979454452,81563128,81548,81548,0,0,0,0.043910980224609375,0,-0.010989189147949219,0,-0.014652252197265625,0,0,0,0,0,0,0,0,0,0,0,0,0,0,0,7
11983223514,81567122,81552,81552,0,0,0,0.043910980224609375,0,0.010989189147949219,0,-0.014652252197265625,0,0,0,0,0,0,0,0,0,0,0,0,0,0,0,7
11986992576,81570120,81555,81555,0,0,0,0.043910980224609375,0,-0.0036630630493164062,0,-0.0048847198486328125,0,0,0,0,0,0,0,0,0,0,0,0,0,0,0,7
11990761638,81574120,81559,81559,0,0,0,0.043910980224609375,0,-0.0036630630493164062,0,-0.0048847198486328125,0,0,0,0,0,0,0,0,0,0,0,0,0,0,0,7
11994530700,81576140,81561,81561,0,0,0,0.043910980224609375,0,-0.010989189147949219,0,-0.0048847198486328125,0,0,0,0,0,0,0,0,0,0,0,0,0,0,0,7
11998496241,81584120,81570,81570,0,0,0,0.043910980224609375,0,0.010989189147949219,0,-0.014652252197265625,0,0,0,0,0,0,0,0,0,0,0,0,0,0,0,7
12002461778,81588120,81573,81573,0,0,0,0.043910980224609375,0,-0.0036630630493164062,0,-0.014652252197265625,0,0,0,0,0,0,0,0,0,0,0,0,0,0,0,7
12006427315,81591126,81576,81576,0,0,0,0.043910980224609375,0,0.010989189147949219,0,-0.014652252197265625,0,0,0,0,0,0,0,0,0,0,0,0,0,0,0,7
12010392852,81594120,81579,81579,0,0,0,0.043910980224609375,0,-0.0036630630493164062,0,-0.0048847198486328125,0,0,0,0,0,0,0,0,0,0,0,0,0,0,0,7
12014358389,81598120,81583,81583,0,0,0,0.043910980224609375,0,-0.010989189147949219,0,-0.0048847198486328125,0,0,0,0,0,0,0,0,0,0,0,0,0,0,0,7
12018323926,81601123,81586,81586,0,0,0,0.043910980224609375,0,-0.01831531524658203,0,-0.0048847198486328125,0,0,0,0,0,0,0,0,0,0,0,0,0,0,0,7
12022289463,81604137,81589,81589,0,0,0,0.043910980224609375,0,0.0036630630493164062,0,-0.014652252197265625,0,0,0,0,0,0,0,0,0,0,0,0,0,0,0,7
12026255000,81608125,81593,81593,0,0,0,0.043910980224609375,0,0.010989189147949219,0,-0.024419784545898438,0,0,0,0,0,0,0,0,0,0,0,0,0,0,0,7
12029466900,81615129,81600,81600,0,0,0,0.043910980224609375,0,0.010989189147949219,0,-0.0048847198486328125,0,0,0,0,0,0,0,0,0,0,0,0,0,0,0,7
12032678800,81618134,81603,81603,0,0,0,0.043910980224609375,0,0.0036630630493164062,0,-0.0048847198486328125,0,0,0,0,0,0,0,0,0,0,0,0,0,0,0,7
12035890700,81620122,81605,81605,0,0,0,0.043910980224609375,0,-0.0036630630493164062,0,-0.0048847198486328125,0,0,0,0,0,0,0,0,0,0,0,0,0,0,0,7
12039102600,81623120,81608,81608,0,0,0,0.043910980224609375,0,-0.0036630630493164062,0,-0.0048847198486328125,0,0,0,0,0,0,0,0,0,0,0,0,0,0,0,7
12042314500,81626120,81611,81611,0,0,0,0.043910980224609375,0,-0.01831531524658203,0,-0.0048847198486328125,0,0,0,0,0,0,0,0,0,0,0,0,0,0,0,7
12045526400,81629124,81614,81614,0,0,0,0.043910980224609375,0,-0.0036630630493164062,0,-0.014652252197265625,0,0,0,0,0,0,0,0,0,0,0,0,0,0,0,7
12048738300,81632136,81617,81617,0,0,0,0.043910980224609375,0,-0.010989189147949219,0,-0.014652252197265625,0,0,0,0,0,0,0,0,0,0,0,0,0,0,0,7
12051950200,81634120,81619,81619,0,0,0,0.043910980224609375,0,-0.01831531524658203,0,-0.024419784545898438,0,0,0,0,0,0,0,0,0,0,0,0,0,0,0,7
12055941616,81639121,81624,81624,0,0,0,0.043910980224609375,0,-0.0036630630493164062,0,-0.014652252197265625,0,0,0,0,0,0,0,0,0,0,0,0,0,0,0,7
12059933028,81643121,81628,81628,0,0,0,0.043910980224609375,0,-0.0036630630493164062,0,-0.014652252197265625,0,0,0,0,0,0,0,0,0,0,0,0,0,0,0,7
12063924440,81646136,81631,81631,0,0,0,0.043910980224609375,0,0.0036630630493164062,0,-0.0048847198486328125,0,0,0,0,0,0,0,0,0,0,0,0,0,0,0,7
12067915852,81649122,81634,81634,0,0,0,0.043910980224609375,0,-0.010989189147949219,0,-0.014652252197265625,0,0,0,0,0,0,0,0,0,0,0,0,0,0,0,7
12071907264,81652123,81637,81637,0,0,0,0.043910980224609375,0,-0.010989189147949219,0,-0.014652252197265625,0,0,0,0,0,0,0,0,0,0,0,0,0,0,0,7
12075898676,81657121,81642,81642,0,0,0,0.043910980224609375,0,0.0036630630493164062,0,-0.0048847198486328125,0,0,0,0,0,0,0,0,0,0,0,0,0,0,0,7
12079890088,81660134,81645,81645,0,0,0,0.043910980224609375,0,-0.01831531524658203,0,-0.0048847198486328125,0,0,0,0,0,0,0,0,0,0,0,0,0,0,0,7
12083881500,81665129,81650,81650,0,0,0,0.043910980224609375,0,-0.010989189147949219,0,-0.0048847198486328125,0,0,0,0,0,0,0,0,0,0,0,0,0,0,0,7
12087357016,81671121,81656,81656,0,0,0,0.043910980224609375,0,-0.01831531524658203,0,-0.0048847198486328125,0,0,0,0,0,0,0,0,0,0,0,0,0,0,0,7
12090832528,81676120,81661,81661,0,0,0,0.043910980224609375,0,0.010989189147949219,0,-0.0048847198486328125,0,0,0,0,0,0,0,0,0,0,0,0,0,0,0,7
12094308040,81678122,81663,81663,0,0,0,0.043910980224609375,0,-0.010989189147949219,0,-0.014652252197265625,0,0,0,0,0,0,0,0,0,0,0,0,0,0,0,7
12097783552,81681120,81666,81666,0,0,0,0.043910980224609375,0,0.0036630630493164062,0,-0.014652252197265625,0,0,0,0,0,0,0,0,0,0,0,0,0,0,0,7
12101259064,81684120,81669,81669,0,0,0,0.043910980224609375,0,-0.0036630630493164062,0,-0.014652252197265625,0,0,0,0,0,0,0,0,0,0,0,0,0,0,0,7
12104734576,81687132,81672,81672,0,0,0,0.043910980224609375,0,0.0036630630493164062,0,-0.014652252197265625,0,0,0,0,0,0,0,0,0,0,0,0,0,0,0,7
12108210088,81691123,81676,81676,0,0,0,0.043910980224609375,0,-0.0036630630493164062,0,-0.0048847198486328125,0,0,0,0,0,0,0,0,0,0,0,0,0,0,0,7
12111685600,81694120,81679,81679,0,0,0,0.043910980224609375,0,0.0036630630493164062,0,-0.0048847198486328125,0,0,0,0,0,0,0,0,0,0,0,0,0,0,0,7
12115691916,81699123,81684,81684,0,0,0,0.043910980224609375,0,-0.0036630630493164062,0,-0.014652252197265625,0,0,0,0,0,0,0,0,0,0,0,0,0,0,0,7
12119698228,81707123,81692,81692,0,0,0,0.043910980224609375,0,-0.010989189147949219,0,0.0048847198486328125,0,0,0,0,0,0,0,0,0,0,0,0,0,0,0,7
12123704540,81710120,81695,81695,0,0,0,0.043910980224609375,0,-0.010989189147949219,0,-0.0048847198486328125,0,0,0,0,0,0,0,0,0,0,0,0,0,0,0,7
12127710852,81713121,81698,81698,0,0,0,0.043910980224609375,0,-0.0036630630493164062,0,-0.0048847198486328125,0,0,0,0,0,0,0,0,0,0,0,0,0,0,0,7
12131717164,81716138,81701,81701,0,0,0,0.043910980224609375,0,-0.0036630630493164062,0,-0.0048847198486328125,0,0,0,0,0,0,0,0,0,0,0,0,0,0,0,7
12135723476,81719121,81704,81704,0,0,0,0.043910980224609375,0,-0.010989189147949219,0,-0.014652252197265625,0,0,0,0,0,0,0,0,0,0,0,0,0,0,0,7
12139729788,81723121,81708,81708,0,0,0,0.043910980224609375,0,-0.010989189147949219,0,-0.0048847198486328125,0,0,0,0,0,0,0,0,0,0,0,0,0,0,0,7
12143736100,81726120,81711,81711,0,0,0,0.043910980224609375,0,0.0036630630493164062,0,-0.0048847198486328125,0,0,0,0,0,0,0,0,0,0,0,0,0,0,0,7
12147905900,81736123,81721,81721,0,0,0,0.043910980224609375,0,-0.0036630630493164062,0,-0.0048847198486328125,0,0,0,0,0,0,0,0,0,0,0,0,0,0,0,7
12152075700,81739120,81724,81724,0,0,0,0.043910980224609375,0,0.010989189147949219,0,-0.014652252197265625,0,0,0,0,0,0,0,0,0,0,0,0,0,0,0,7
12156245500,81742120,81727,81727,0,0,0,0.043910980224609375,0,0.0036630630493164062,0,-0.0048847198486328125,0,0,0,0,0,0,0,0,0,0,0,0,0,0,0,7
12160415300,81744135,81730,81730,0,0,0,0.043910980224609375,0,-0.0036630630493164062,0,-0.014652252197265625,0,0,0,0,0,0,0,0,0,0,0,0,0,0,0,7
12164585100,81747121,81732,81732,0,0,0,0.043910980224609375,0,0.0036630630493164062,0,-0.024419784545898438,0,0,0,0,0,0,0,0,0,0,0,0,0,0,0,7
12168754900,81751121,81736,81736,0,0,0,0.043910980224609375,0,-0.01831531524658203,0,-0.014652252197265625,0,0,0,0,0,0,0,0,0,0,0,0,0,0,0,7
12172924700,81754120,81739,81739,0,0,0,0.043910980224609375,0,-0.0036630630493164062,0,-0.014652252197265625,0,0,0,0,0,0,0,0,0,0,0,0,0,0,0,7
12176463675,81760120,81745,81745,0,0,0,0.043910980224609375,0,-0.0036630630493164062,0,-0.0048847198486328125,0,0,0,0,0,0,0,0,0,0,0,0,0,0,0,7
12180002650,81763121,81748,81748,0,0,0,0.043910980224609375,0,0.0036630630493164062,0,0.0048847198486328125,0,0,0,0,0,0,0,0,0,0,0,0,0,0,0,7
12183541625,81767121,81752,81752,0,0,0,0.043910980224609375,0,-0.01831531524658203,0,-0.0048847198486328125,0,0,0,0,0,0,0,0,0,0,0,0,0,0,0,7
12187080600,81770122,81755,81755,0,0,0,0.043910980224609375,0,-0.010989189147949219,0,-0.0048847198486328125,0,0,0,0,0,0,0,0,0,0,0,0,0,0,0,7
12190619575,81774124,81759,81759,0,0,0,0.043910980224609375,0,-0.010989189147949219,0,-0.0048847198486328125,0,0,0,0,0,0,0,0,0,0,0,0,0,0,0,7
12194158550,81777121,81762,81762,0,0,0,0.043910980224609375,0,0.0036630630493164062,0,-0.0048847198486328125,0,0,0,0,0,0,0,0,0,0,0,0,0,0,0,7
12197697525,81781121,81766,81766,0,0,0,0.043910980224609375,0,0.0036630630493164062,0,-0.014652252197265625,0,0,0,0,0,0,0,0,0,0,0,0,0,0,0,7
12201236500,81783121,81768,81768,0,0,0,0.043910980224609375,0,-0.010989189147949219,0,-0.014652252197265625,0,0,0,0,0,0,0,0,0,0,0,0,0,0,0,7
12207611391,81788120,81773,81773,0,0,0,0.043910980224609375,0,-0.010989189147949219,0,-0.0048847198486328125,0,0,0,0,0,0,0,0,0,0,0,0,0,0,0,7
12212751100,81816120,81801,81801,0,0,0,0.043910980224609375,0,0.010989189147949219,0,-0.0048847198486328125,0,0,0,0,0,0,0,0,0,0,0,0,0,0,0,7
12217890809,81818120,81803,81803,0,0,0,0.043910980224609375,0,0.0036630630493164062,0,-0.014652252197265625,0,0,0,0,0,0,0,0,0,0,0,0,0,0,0,7
12223030518,81821120,81806,81806,0,0,0,0.043910980224609375,0,-0.0036630630493164062,0,-0.014652252197265625,0,0,0,0,0,0,0,0,0,0,0,0,0,0,0,7
12228170227,81826120,81811,81811,0,0,0,0.043910980224609375,0,-0.0036630630493164062,0,-0.014652252197265625,0,0,0,0,0,0,0,0,0,0,0,0,0,0,0,7
12233309936,81829124,81814,81814,0,0,0,0.043910980224609375,0,0.0036630630493164062,0,-0.014652252197265625,0,0,0,0,0,0,0,0,0,0,0,0,0,0,0,7
12238449645,81832126,81817,81817,0,0,0,0.043910980224609375,0,-0.010989189147949219,0,-0.024419784545898438,0,0,0,0,0,0,0,0,0,0,0,0,0,0,0,7
12243589354,81834120,81819,81819,0,0,0,0.043910980224609375,0,-0.025641441345214844,0,-0.014652252197265625,0,0,0,0,0,0,0,0,0,0,0,0,0,0,0,7
12248729063,81841130,81826,81826,0,0,0,0.043910980224609375,0,-0.01831531524658203,0,-0.014652252197265625,0,0,0,0,0,0,0,0,0,0,0,0,0,0,0,7
12253868772,81844122,81829,81829,0,0,0,0.043910980224609375,0,-0.0036630630493164062,0,-0.014652252197265625,0,0,0,0,0,0,0,0,0,0,0,0,0,0,0,7
12259008481,81846120,81831,81831,0,0,0,0.043910980224609375,0,-0.010989189147949219,0,-0.014652252197265625,0,0,0,0,0,0,0,0,0,0,0,0,0,0,0,7
12264148190,81849120,81834,81834,0,0,0,0.043910980224609375,0,-0.01831531524658203,0,-0.0048847198486328125,0,0,0,0,0,0,0,0,0,0,0,0,0,0,0,7
12269287899,81851121,81836,81836,0,0,0,0.043910980224609375,0,0.010989189147949219,0,-0.014652252197265625,0,0,0,0,0,0,0,0,0,0,0,0,0,0,0,7
12272384125,81858120,81843,81843,0,0,0,0.043910980224609375,0,-0.010989189147949219,0,-0.014652252197265625,0,0,0,0,0,0,0,0,0,0,0,0,0,0,0,7
12275480350,81861124,81846,81846,0,0,0,0.043910980224609375,0,0.010989189147949219,0,-0.014652252197265625,0,0,0,0,0,0,0,0,0,0,0,0,0,0,0,7
12278576575,81863120,81848,81848,0,0,0,0.043910980224609375,0,-0.0036630630493164062,0,-0.0048847198486328125,0,0,0,0,0,0,0,0,0,0,0,0,0,0,0,7
12281672800,81865131,81850,81850,0,0,0,0.043910980224609375,0,-0.0036630630493164062,0,-0.0048847198486328125,0,0,0,0,0,0,0,0,0,0,0,0,0,0,0,7
12284769025,81868120,81853,81853,0,0,0,0.043910980224609375,0,-0.010989189147949219,0,-0.014652252197265625,0,0,0,0,0,0,0,0,0,0,0,0,0,0,0,7
12287865250,81870137,81855,81855,0,0,0,0.043910980224609375,0,-0.01831531524658203,0,-0.0048847198486328125,0,0,0,0,0,0,0,0,0,0,0,0,0,0,0,7
12290961475,81873122,81858,81858,0,0,0,0.043910980224609375,0,0.0036630630493164062,0,-0.0048847198486328125,0,0,0,0,0,0,0,0,0,0,0,0,0,0,0,7
12294057700,81876120,81861,81861,0,0,0,0.043910980224609375,0,-0.01831531524658203,0,-0.014652252197265625,0,0,0,0,0,0,0,0,0,0,0,0,0,0,0,7
12297513250,81880120,81865,81866,0,0,0,0.043910980224609375,0,0.0036630630493164062,0,-0.014652252197265625,0,0,0,0,0,0,0,0,0,0,0,0,0,0,0,7
12300968800,81884134,81870,81870,0,0,0,0.043910980224609375,0,0.01831531524658203,0,-0.014652252197265625,0,0,0,0,0,0,0,0,0,0,0,0,0,0,0,7
12304424350,81888120,81873,81873,0,0,0,0.043910980224609375,0,-0.010989189147949219,0,-0.014652252197265625,0,0,0,0,0,0,0,0,0,0,0,0,0,0,0,7
12307879900,81891121,81876,81876,0,0,0,0.043910980224609375,0,-0.010989189147949219,0,-0.014652252197265625,0,0,0,0,0,0,0,0,0,0,0,0,0,0,0,7
12311335450,81894122,81879,81879,0,0,0,0.043910980224609375,0,-0.0036630630493164062,0,-0.0048847198486328125,0,0,0,0,0,0,0,0,0,0,0,0,0,0,0,7
12314791000,81897128,81882,81882,0,0,0,0.043910980224609375,0,-0.0036630630493164062,0,-0.014652252197265625,0,0,0,0,0,0,0,0,0,0,0,0,0,0,0,7
12318246550,81901124,81886,81886,0,0,0,0.043910980224609375,0,-0.0036630630493164062,0,-0.014652252197265625,0,0,0,0,0,0,0,0,0,0,0,0,0,0,0,7
12321702100,81903125,81888,81888,0,0,0,0.043910980224609375,0,-0.010989189147949219,0,-0.0048847198486328125,0,0,0,0,0,0,0,0,0,0,0,0,0,0,0,7
12324957166,81909121,81894,81894,0,0,0,0.043910980224609375,0,0.0036630630493164062,0,-0.014652252197265625,0,0,0,0,0,0,0,0,0,0,0,0,0,0,0,7
12328212228,81911132,81896,81896,0,0,0,0.043910980224609375,0,-0.0036630630493164062,0,-0.014652252197265625,0,0,0,0,0,0,0,0,0,0,0,0,0,0,0,7
12331467290,81914120,81899,81899,0,0,0,0.043910980224609375,0,-0.01831531524658203,0,-0.014652252197265625,0,0,0,0,0,0,0,0,0,0,0,0,0,0,0,7
12334722352,81917121,81902,81902,0,0,0,0.043910980224609375,0,-0.0036630630493164062,0,-0.014652252197265625,0,0,0,0,0,0,0,0,0,0,0,0,0,0,0,7
12337977414,81920120,81905,81905,0,0,0,0.043910980224609375,0,-0.0036630630493164062,0,-0.014652252197265625,0,0,0,0,0,0,0,0,0,0,0,0,0,0,0,7
12341232476,81923122,81908,81908,0,0,0,0.043910980224609375,0,0.01831531524658203,0,-0.0048847198486328125,0,0,0,0,0,0,0,0,0,0,0,0,0,0,0,7
12344487538,81926134,81911,81911,0,0,0,0.043910980224609375,0,-0.0036630630493164062,0,-0.0048847198486328125,0,0,0,0,0,0,0,0,0,0,0,0,0,0,0,7
12347742600,81929121,81914,81914,0,0,0,0.043910980224609375,0,-0.01831531524658203,0,-0.0048847198486328125,0,0,0,0,0,0,0,0,0,0,0,0,0,0,0,7
12350738141,81934120,81919,81919,0,0,0,0.043910980224609375,0,-0.010989189147949219,0,-0.0048847198486328125,0,0,0,0,0,0,0,0,0,0,0,0,0,0,0,7
12353733678,81936120,81922,81922,0,0,0,0.043910980224609375,0,-0.010989189147949219,0,-0.014652252197265625,0,0,0,0,0,0,0,0,0,0,0,0,0,0,0,7
12356729215,81939130,81924,81924,0,0,0,0.043910980224609375,0,-0.0036630630493164062,0,-0.014652252197265625,0,0,0,0,0,0,0,0,0,0,0,0,0,0,0,7
12359724752,81943121,81928,81928,0,0,0,0.043910980224609375,0,-0.0036630630493164062,0,-0.014652252197265625,0,0,0,0,0,0,0,0,0,0,0,0,0,0,0,7
12362720289,81946120,81931,81931,0,0,0,0.043910980224609375,0,0.0036630630493164062,0,-0.014652252197265625,0,0,0,0,0,0,0,0,0,0,0,0,0,0,0,7
12365715826,81948124,81933,81933,0,0,0,0.043910980224609375,0,-0.0036630630493164062,0,-0.014652252197265625,0,0,0,0,0,0,0,0,0,0,0,0,0,0,0,7
12368711363,81951121,81936,81936,0,0,0,0.043910980224609375,0,-0.010989189147949219,0,-0.014652252197265625,0,0,0,0,0,0,0,0,0,0,0,0,0,0,0,7
12371706900,81953132,81938,81938,0,0,0,0.043910980224609375,0,-0.01831531524658203,0,-0.014652252197265625,0,0,0,0,0,0,0,0,0,0,0,0,0,0,0,7
12375707241,81961124,81946,81946,0,0,0,0.043910980224609375,0,-0.0036630630493164062,0,-0.0048847198486328125,0,0,0,0,0,0,0,0,0,0,0,0,0,0,0,7
12379707578,81964125,81949,81949,0,0,0,0.043910980224609375,0,-0.0036630630493164062,0,-0.0048847198486328125,0,0,0,0,0,0,0,0,0,0,0,0,0,0,0,7
12383707915,81967128,81952,81952,0,0,0,0.043910980224609375,0,-0.0036630630493164062,0,-0.014652252197265625,0,0,0,0,0,0,0,0,0,0,0,0,0,0,0,7
12387708252,81971120,81956,81956,0,0,0,0.043910980224609375,0,-0.01831531524658203,0,-0.014652252197265625,0,0,0,0,0,0,0,0,0,0,0,0,0,0,0,7
12391708589,81975129,81960,81960,0,0,0,0.043910980224609375,0,0.0036630630493164062,0,-0.014652252197265625,0,0,0,0,0,0,0,0,0,0,0,0,0,0,0,7
12395708926,81978120,81963,81963,0,0,0,0.043910980224609375,0,0.0036630630493164062,0,-0.014652252197265625,0,0,0,0,0,0,0,0,0,0,0,0,0,0,0,7
12399709263,81982139,81967,81967,0,0,0,0.043910980224609375,0,0.010989189147949219,0,-0.014652252197265625,0,0,0,0,0,0,0,0,0,0,0,0,0,0,0,7
12403709600,81985132,81970,81970,0,0,0,0.043910980224609375,0,-0.010989189147949219,0,-0.014652252197265625,0,0,0,0,0,0,0,0,0,0,0,0,0,0,0,7
12407355891,81992121,81977,81977,0,0,0,0.043910980224609375,0,-0.0036630630493164062,0,-0.014652252197265625,0,0,0,0,0,0,0,0,0,0,0,0,0,0,0,7
12411002178,81995136,81980,81980,0,0,0,0.043910980224609375,0,-0.0036630630493164062,0,-0.014652252197265625,0,0,0,0,0,0,0,0,0,0,0,0,0,0,0,7
12414648465,81998124,81983,81983,0,0,0,0.043910980224609375,0,-0.010989189147949219,0,-0.014652252197265625,0,0,0,0,0,0,0,0,0,0,0,0,0,0,0,7
12418294752,82001123,81986,81986,0,0,0,0.043910980224609375,0,0.0036630630493164062,0,-0.024419784545898438,0,0,0,0,0,0,0,0,0,0,0,0,0,0,0,7
12421941039,82004120,81989,81989,0,0,0,0.043910980224609375,0,0.0036630630493164062,0,-0.014652252197265625,0,0,0,0,0,0,0,0,0,0,0,0,0,0,0,7
12425587326,82008120,81993,81993,0,0,0,0.043910980224609375,0,-0.0036630630493164062,0,-0.0048847198486328125,0,0,0,0,0,0,0,0,0,0,0,0,0,0,0,7
12429233613,82011128,81996,81996,0,0,0,0.043910980224609375,0,0.010989189147949219,0,-0.0048847198486328125,0,0,0,0,0,0,0,0,0,0,0,0,0,0,0,7
12432879900,82014124,81999,81999,0,0,0,0.043910980224609375,0,-0.010989189147949219,0,-0.0048847198486328125,0,0,0,0,0,0,0,0,0,0,0,0,0,0,0,7
12436622775,82019125,82005,82005,0,0,0,0.043910980224609375,0,-0.010989189147949219,0,-0.0048847198486328125,0,0,0,0,0,0,0,0,0,0,0,0,0,0,0,7
12440365650,82024135,82009,82009,0,0,0,0.043910980224609375,0,-0.0036630630493164062,0,-0.014652252197265625,0,0,0,0,0,0,0,0,0,0,0,0,0,0,0,7
12444108525,82027125,82012,82012,0,0,0,0.043910980224609375,0,-0.010989189147949219,0,-0.014652252197265625,0,0,0,0,0,0,0,0,0,0,0,0,0,0,0,7
12447851400,82030120,82015,82015,0,0,0,0.043910980224609375,0,0.0036630630493164062,0,0.0048847198486328125,0,0,0,0,0,0,0,0,0,0,0,0,0,0,0,7
12451594275,82033121,82018,82018,0,0,0,0.043910980224609375,0,0.0036630630493164062,0,-0.0048847198486328125,0,0,0,0,0,0,0,0,0,0,0,0,0,0,0,7
12455337150,82037128,82022,82022,0,0,0,0.043910980224609375,0,0.0036630630493164062,0,-0.0048847198486328125,0,0,0,0,0,0,0,0,0,0,0,0,0,0,0,7
12459080025,82040124,82026,82026,0,0,0,0.043910980224609375,0,0.0036630630493164062,0,-0.014652252197265625,0,0,0,0,0,0,0,0,0,0,0,0,0,0,0,7
12462822900,82044122,82029,82029,0,0,0,0.043910980224609375,0,-0.01831531524658203,0,-0.014652252197265625,0,0,0,0,0,0,0,0,0,0,0,0,0,0,0,7
12466428666,82050128,82035,82035,0,0,0,0.043910980224609375,0,-0.01831531524658203,0,-0.014652252197265625,0,0,0,0,0,0,0,0,0,0,0,0,0,0,0,7
12470034428,82053124,82038,82038,0,0,0,0.043910980224609375,0,-0.0036630630493164062,0,-0.0048847198486328125,0,0,0,0,0,0,0,0,0,0,0,0,0,0,0,7
12473640190,82056124,82041,82041,0,0,0,0.043910980224609375,0,-0.0036630630493164062,0,0.0048847198486328125,0,0,0,0,0,0,0,0,0,0,0,0,0,0,0,7
12477245952,82059121,82044,82044,0,0,0,0.043910980224609375,0,-0.0036630630493164062,0,-0.0048847198486328125,0,0,0,0,0,0,0,0,0,0,0,0,0,0,0,7
12480851714,82063120,82048,82048,0,0,0,0.043910980224609375,0,-0.0036630630493164062,0,-0.024419784545898438,0,0,0,0,0,0,0,0,0,0,0,0,0,0,0,7
12484457476,82066134,82051,82051,0,0,0,0.043910980224609375,0,0.0036630630493164062,0,-0.0048847198486328125,0,0,0,0,0,0,0,0,0,0,0,0,0,0,0,7
12488063238,82070120,82055,82055,0,0,0,0.043910980224609375,0,-0.0036630630493164062,0,-0.014652252197265625,0,0,0,0,0,0,0,0,0,0,0,0,0,0,0,7
12491669000,82073122,82058,82058,0,0,0,0.043910980224609375,0,-0.0036630630493164062,0,-0.014652252197265625,0,0,0,0,0,0,0,0,0,0,0,0,0,0,0,7
12495765691,82082120,82067,82067,0,0,0,0.043910980224609375,0,-0.0036630630493164062,0,-0.0048847198486328125,0,0,0,0,0,0,0,0,0,0,0,0,0,0,0,7
12499862378,82086120,82071,82071,0,0,0,0.043910980224609375,0,-0.0036630630493164062,0,-0.0048847198486328125,0,0,0,0,0,0,0,0,0,0,0,0,0,0,0,7
12503959065,82089123,82075,82075,0,0,0,0.043910980224609375,0,0.010989189147949219,0,-0.0048847198486328125,0,0,0,0,0,0,0,0,0,0,0,0,0,0,0,7
12508055752,82093132,82078,82078,0,0,0,0.043910980224609375,0,-0.0036630630493164062,0,-0.0048847198486328125,0,0,0,0,0,0,0,0,0,0,0,0,0,0,0,7
12512152439,82098124,82083,82083,0,0,0,0.043910980224609375,0,0.0036630630493164062,0,-0.014652252197265625,0,0,0,0,0,0,0,0,0,0,0,0,0,0,0,7
12516249126,82101127,82086,82086,0,0,0,0.043910980224609375,0,-0.0036630630493164062,0,-0.024419784545898438,0,0,0,0,0,0,0,0,0,0,0,0,0,0,0,7
12520345813,82103121,82088,82088,0,0,0,0.043910980224609375,0,-0.0036630630493164062,0,-0.014652252197265625,0,0,0,0,0,0,0,0,0,0,0,0,0,0,0,7
12524442500,82106124,82091,82091,0,0,0,0.043910980224609375,0,0.01831531524658203,0,-0.024419784545898438,0,0,0,0,0,0,0,0,0,0,0,0,0,0,0,7
12527800125,82111121,82096,82096,0,0,0,0.043910980224609375,0,0.010989189147949219,0,-0.014652252197265625,0,0,0,0,0,0,0,0,0,0,0,0,0,0,0,7
12531157750,82115129,82100,82100,0,0,0,0.043910980224609375,0,0.0036630630493164062,0,-0.014652252197265625,0,0,0,0,0,0,0,0,0,0,0,0,0,0,0,7
12534515375,82118122,82103,82103,0,0,0,0.043910980224609375,0,-0.01831531524658203,0,-0.014652252197265625,0,0,0,0,0,0,0,0,0,0,0,0,0,0,0,7
12537873000,82121128,82106,82106,0,0,0,0.043910980224609375,0,0.010989189147949219,0,-0.014652252197265625,0,0,0,0,0,0,0,0,0,0,0,0,0,0,0,7
12541230625,82124120,82109,82109,0,0,0,0.043910980224609375,0,-0.010989189147949219,0,-0.0048847198486328125,0,0,0,0,0,0,0,0,0,0,0,0,0,0,0,7
12544588250,82127125,82112,82112,0,0,0,0.043910980224609375,0,-0.010989189147949219,0,-0.0048847198486328125,0,0,0,0,0,0,0,0,0,0,0,0,0,0,0,7
12547945875,82130124,82115,82115,0,0,0,0.043910980224609375,0,-0.010989189147949219,0,0.0048847198486328125,0,0,0,0,0,0,0,0,0,0,0,0,0,0,0,7
12551303500,82133121,82118,82118,0,0,0,0.043910980224609375,0,0.010989189147949219,0,-0.0048847198486328125,0,0,0,0,0,0,0,0,0,0,0,0,0,0,0,7
12554573600,82138124,82123,82123,0,0,0,0.043910980224609375,0,0.0036630630493164062,0,-0.014652252197265625,0,0,0,0,0,0,0,0,0,0,0,0,0,0,0,7
12557779626,82141120,82126,82126,0,0,0,0.043910980224609375,0,-0.0036630630493164062,0,-0.0048847198486328125,0,0,0,0,0,0,0,0,0,0,0,0,0,0,0,7
12560985652,82144120,82129,82129,0,0,0,0.043910980224609375,0,-0.0036630630493164062,0,-0.014652252197265625,0,0,0,0,0,0,0,0,0,0,0,0,0,0,0,7
12564191678,82147123,82132,82132,0,0,0,0.043910980224609375,0,-0.0036630630493164062,0,-0.014652252197265625,0,0,0,0,0,0,0,0,0,0,0,0,0,0,0,7
12567397704,82150142,82135,82135,0,0,0,0.043910980224609375,0,-0.01831531524658203,0,-0.014652252197265625,0,0,0,0,0,0,0,0,0,0,0,0,0,0,0,7
12570603730,82153120,82138,82138,0,0,0,0.043910980224609375,0,-0.0036630630493164062,0,-0.014652252197265625,0,0,0,0,0,0,0,0,0,0,0,0,0,0,0,7
12573809756,82156124,82141,82141,0,0,0,0.043910980224609375,0,-0.0036630630493164062,0,-0.0048847198486328125,0,0,0,0,0,0,0,0,0,0,0,0,0,0,0,7
12577015782,82159125,82144,82144,0,0,0,0.043910980224609375,0,-0.0036630630493164062,0,-0.014652252197265625,0,0,0,0,0,0,0,0,0,0,0,0,0,0,0,7
12580221808,82164139,82149,82149,0,0,0,0.043910980224609375,0,0.0036630630493164062,0,-0.024419784545898438,0,0,0,0,0,0,0,0,0,0,0,0,0,0,0,7
12583427834,82166120,82151,82152,0,0,0,0.043910980224609375,0,-0.01831531524658203,0,-0.014652252197265625,0,0,0,0,0,0,0,0,0,0,0,0,0,0,0,7
12586633860,82169120,82154,82154,0,0,0,0.043910980224609375,0,-0.0036630630493164062,0,-0.014652252197265625,0,0,0,0,0,0,0,0,0,0,0,0,0,0,0,7
12589839886,82173121,82158,82158,0,0,0,0.043910980224609375,0,0.0036630630493164062,0,-0.014652252197265625,0,0,0,0,0,0,0,0,0,0,0,0,0,0,0,7
12593045912,82176122,82161,82161,0,0,0,0.043910980224609375,0,-0.0036630630493164062,0,-0.014652252197265625,0,0,0,0,0,0,0,0,0,0,0,0,0,0,0,7
12596251938,82179124,82164,82164,0,0,0,0.043910980224609375,0,-0.0036630630493164062,0,-0.0048847198486328125,0,0,0,0,0,0,0,0,0,0,0,0,0,0,0,7
12599457964,82181121,82166,82166,0,0,0,0.043910980224609375,0,0.010989189147949219,0,-0.0048847198486328125,0,0,0,0,0,0,0,0,0,0,0,0,0,0,0,7
12602663990,82184122,82169,82169,0,0,0,0.043910980224609375,0,-0.010989189147949219,0,-0.0048847198486328125,0,0,0,0,0,0,0,0,0,0,0,0,0,0,0,7
12606281300,82193129,82178,82178,0,0,0,0.043910980224609375,0,-0.0036630630493164062,0,-0.0048847198486328125,0,0,0,0,0,0,0,0,0,0,0,0,0,0,0,7
12609898600,82196125,82181,82181,0,0,0,0.043910980224609375,0,-0.0036630630493164062,0,-0.0048847198486328125,0,0,0,0,0,0,0,0,0,0,0,0,0,0,0,7
12613515900,82199121,82184,82184,0,0,0,0.043910980224609375,0,-0.0036630630493164062,0,0.0048847198486328125,0,0,0,0,0,0,0,0,0,0,0,0,0,0,0,7
12617133200,82202120,82187,82187,0,0,0,0.043910980224609375,0,0.0036630630493164062,0,-0.0048847198486328125,0,0,0,0,0,0,0,0,0,0,0,0,0,0,0,7
12620750500,82205138,82190,82190,0,0,0,0.043910980224609375,0,-0.010989189147949219,0,-0.0048847198486328125,0,0,0,0,0,0,0,0,0,0,0,0,0,0,0,7
12624367800,82208120,82193,82193,0,0,0,0.043910980224609375,0,-0.010989189147949219,0,-0.0048847198486328125,0,0,0,0,0,0,0,0,0,0,0,0,0,0,0,7
12627985100,82211121,82196,82196,0,0,0,0.043910980224609375,0,0.01831531524658203,0,0.0048847198486328125,0,0,0,0,0,0,0,0,0,0,0,0,0,0,0,7
12631602400,82213122,82198,82198,0,0,0,0.043910980224609375,0,0.0036630630493164062,0,-0.0048847198486328125,0,0,0,0,0,0,0,0,0,0,0,0,0,0,0,7
12635065466,82218122,82203,82203,0,0,0,0.043910980224609375,0,0.01831531524658203,0,-0.0048847198486328125,0,0,0,0,0,0,0,0,0,0,0,0,0,0,0,7
12638528528,82221126,82206,82206,0,0,0,0.043910980224609375,0,-0.010989189147949219,0,-0.0048847198486328125,0,0,0,0,0,0,0,0,0,0,0,0,0,0,0,7
12641991590,82224120,82209,82209,0,0,0,0.043910980224609375,0,-0.010989189147949219,0,-0.014652252197265625,0,0,0,0,0,0,0,0,0,0,0,0,0,0,0,7
12645454652,82227121,82212,82212,0,0,0,0.043910980224609375,0,-0.0036630630493164062,0,-0.024419784545898438,0,0,0,0,0,0,0,0,0,0,0,0,0,0,0,7
12648917714,82230124,82215,82215,0,0,0,0.043910980224609375,0,0.010989189147949219,0,-0.014652252197265625,0,0,0,0,0,0,0,0,0,0,0,0,0,0,0,7
12652380776,82233129,82218,82218,0,0,0,0.043910980224609375,0,0.0036630630493164062,0,-0.014652252197265625,0,0,0,0,0,0,0,0,0,0,0,0,0,0,0,7
12655843838,82237121,82222,82222,0,0,0,0.043910980224609375,0,0.0036630630493164062,0,-0.0048847198486328125,0,0,0,0,0,0,0,0,0,0,0,0,0,0,0,7
12659306900,82241120,82226,82226,0,0,0,0.043910980224609375,0,-0.010989189147949219,0,-0.0048847198486328125,0,0,0,0,0,0,0,0,0,0,0,0,0,0,0,7
12662334716,82246124,82231,82231,0,0,0,0.043910980224609375,0,0.0036630630493164062,0,-0.014652252197265625,0,0,0,0,0,0,0,0,0,0,0,0,0,0,0,7
12665362528,82249125,82234,82234,0,0,0,0.043910980224609375,0,0.0036630630493164062,0,-0.014652252197265625,0,0,0,0,0,0,0,0,0,0,0,0,0,0,0,7
12668390340,82252123,82237,82237,0,0,0,0.043910980224609375,0,-0.025641441345214844,0,-0.0048847198486328125,0,0,0,0,0,0,0,0,0,0,0,0,0,0,0,7
12671418152,82254124,82239,82239,0,0,0,0.043910980224609375,0,-0.010989189147949219,0,-0.0048847198486328125,0,0,0,0,0,0,0,0,0,0,0,0,0,0,0,7
12674445964,82257121,82242,82242,0,0,0,0.043910980224609375,0,-0.0036630630493164062,0,-0.014652252197265625,0,0,0,0,0,0,0,0,0,0,0,0,0,0,0,7
12677473776,82260120,82245,82245,0,0,0,0.043910980224609375,0,-0.010989189147949219,0,-0.014652252197265625,0,0,0,0,0,0,0,0,0,0,0,0,0,0,0,7
12680501588,82263127,82248,82248,0,0,0,0.043910980224609375,0,-0.0036630630493164062,0,-0.014652252197265625,0,0,0,0,0,0,0,0,0,0,0,0,0,0,0,7
12683529400,82266120,82251,82251,0,0,0,0.043910980224609375,0,0.0036630630493164062,0,-0.024419784545898438,0,0,0,0,0,0,0,0,0,0,0,0,0,0,0,7
12687629891,82270120,82255,82255,0,0,0,0.043910980224609375,0,0.0036630630493164062,0,-0.0048847198486328125,0,0,0,0,0,0,0,0,0,0,0,0,0,0,0,7
12691730378,82273121,82258,82258,0,0,0,0.043910980224609375,0,-0.0036630630493164062,0,-0.014652252197265625,0,0,0,0,0,0,0,0,0,0,0,0,0,0,0,7
12695830865,82275141,82260,82260,0,0,0,0.043910980224609375,0,-0.0036630630493164062,0,-0.014652252197265625,0,0,0,0,0,0,0,0,0,0,0,0,0,0,0,7
12699931352,82286120,82271,82271,0,0,0,0.043910980224609375,0,-0.0036630630493164062,0,-0.0048847198486328125,0,0,0,0,0,0,0,0,0,0,0,0,0,0,0,7
12704031839,82288124,82273,82274,0,0,0,0.043910980224609375,0,0.0036630630493164062,0,-0.014652252197265625,0,0,0,0,0,0,0,0,0,0,0,0,0,0,0,7
12708132326,82291125,82276,82276,0,0,0,0.043910980224609375,0,0.0036630630493164062,0,-0.024419784545898438,0,0,0,0,0,0,0,0,0,0,0,0,0,0,0,7
12712232813,82294120,82279,82279,0,0,0,0.043910980224609375,0,-0.0036630630493164062,0,-0.014652252197265625,0,0,0,0,0,0,0,0,0,0,0,0,0,0,0,7
12716333300,82297121,82282,82282,0,0,0,0.043910980224609375,0,-0.0036630630493164062,0,-0.014652252197265625,0,0,0,0,0,0,0,0,0,0,0,0,0,0,0,7
12720493890,82306120,82291,82291,0,0,0,0.043910980224609375,0,0.0036630630493164062,0,-0.014652252197265625,0,0,0,0,0,0,0,0,0,0,0,0,0,0,0,7
12724654475,82310120,82295,82295,0,0,0,0.043910980224609375,0,-0.010989189147949219,0,-0.014652252197265625,0,0,0,0,0,0,0,0,0,0,0,0,0,0,0,7
12728815060,82313122,82298,82298,0,0,0,0.043910980224609375,0,-0.010989189147949219,0,-0.0048847198486328125,0,0,0,0,0,0,0,0,0,0,0,0,0,0,0,7
12732975645,82316122,82301,82301,0,0,0,0.043910980224609375,0,-0.0036630630493164062,0,-0.0048847198486328125,0,0,0,0,0,0,0,0,0,0,0,0,0,0,0,7
12737136230,82319125,82304,82304,0,0,0,0.043910980224609375,0,0.010989189147949219,0,-0.0048847198486328125,0,0,0,0,0,0,0,0,0,0,0,0,0,0,0,7
12741296815,82323121,82308,82308,0,0,0,0.043910980224609375,0,-0.0036630630493164062,0,-0.0048847198486328125,0,0,0,0,0,0,0,0,0,0,0,0,0,0,0,7
12745457400,82326120,82312,82312,0,0,0,0.043910980224609375,0,-0.0036630630493164062,0,-0.024419784545898438,0,0,0,0,0,0,0,0,0,0,0,0,0,0,0,7
12749027641,82332136,82317,82317,0,0,0,0.043910980224609375,0,-0.0036630630493164062,0,-0.0048847198486328125,0,0,0,0,0,0,0,0,0,0,0,0,0,0,0,7
12752597878,82335129,82320,82320,0,0,0,0.043910980224609375,0,-0.01831531524658203,0,-0.0048847198486328125,0,0,0,0,0,0,0,0,0,0,0,0,0,0,0,7
12756168115,82339121,82324,82324,0,0,0,0.043910980224609375,0,0.0036630630493164062,0,0.0048847198486328125,0,0,0,0,0,0,0,0,0,0,0,0,0,0,0,7
12759738352,82342122,82327,82327,0,0,0,0.043910980224609375,0,-0.0036630630493164062,0,-0.0048847198486328125,0,0,0,0,0,0,0,0,0,0,0,0,0,0,0,7
12763308589,82345138,82330,82330,0,0,0,0.043910980224609375,0,0.0036630630493164062,0,-0.0048847198486328125,0,0,0,0,0,0,0,0,0,0,0,0,0,0,0,7
12766878826,82348120,82333,82333,0,0,0,0.043910980224609375,0,-0.0036630630493164062,0,-0.0048847198486328125,0,0,0,0,0,0,0,0,0,0,0,0,0,0,0,7
12770449063,82352123,82337,82337,0,0,0,0.043910980224609375,0,-0.01831531524658203,0,-0.014652252197265625,0,0,0,0,0,0,0,0,0,0,0,0,0,0,0,7
12774019300,82356120,82341,82341,0,0,0,0.043910980224609375,0,-0.010989189147949219,0,-0.0048847198486328125,0,0,0,0,0,0,0,0,0,0,0,0,0,0,0,7
12777481891,82360135,82345,82345,0,0,0,0.043910980224609375,0,-0.010989189147949219,0,-0.014652252197265625,0,0,0,0,0,0,0,0,0,0,0,0,0,0,0,7
12780944478,82364121,82349,82349,0,0,0,0.043910980224609375,0,-0.010989189147949219,0,-0.0048847198486328125,0,0,0,0,0,0,0,0,0,0,0,0,0,0,0,7
12784407065,82367125,82352,82352,0,0,0,0.043910980224609375,0,-0.010989189147949219,0,-0.0048847198486328125,0,0,0,0,0,0,0,0,0,0,0,0,0,0,0,7
12787869652,82370124,82355,82355,0,0,0,0.043910980224609375,0,0.010989189147949219,0,-0.014652252197265625,0,0,0,0,0,0,0,0,0,0,0,0,0,0,0,7
12791332239,82374137,82359,82359,0,0,0,0.043910980224609375,0,0.0036630630493164062,0,-0.014652252197265625,0,0,0,0,0,0,0,0,0,0,0,0,0,0,0,7
12794794826,82377121,82362,82362,0,0,0,0.043910980224609375,0,0.0036630630493164062,0,-0.014652252197265625,0,0,0,0,0,0,0,0,0,0,0,0,0,0,0,7
12798257413,82380120,82365,82365,0,0,0,0.043910980224609375,0,-0.010989189147949219,0,-0.014652252197265625,0,0,0,0,0,0,0,0,0,0,0,0,0,0,0,7
12801720000,82383124,82368,82368,0,0,0,0.043910980224609375,0,0.0036630630493164062,0,-0.014652252197265625,0,0,0,0,0,0,0,0,0,0,0,0,0,0,0,7
12805580391,82389125,82374,82374,0,0,0,0.043910980224609375,0,-0.010989189147949219,0,-0.014652252197265625,0,0,0,0,0,0,0,0,0,0,0,0,0,0,0,7
12809440778,82392122,82377,82377,0,0,0,0.043910980224609375,0,-0.010989189147949219,0,-0.014652252197265625,0,0,0,0,0,0,0,0,0,0,0,0,0,0,0,7
12813301165,82396125,82381,82381,0,0,0,0.043910980224609375,0,-0.01831531524658203,0,-0.014652252197265625,0,0,0,0,0,0,0,0,0,0,0,0,0,0,0,7
12817161552,82399125,82384,82384,0,0,0,0.043910980224609375,0,-0.010989189147949219,0,-0.024419784545898438,0,0,0,0,0,0,0,0,0,0,0,0,0,0,0,7
12821021939,82404124,82389,82389,0,0,0,0.043910980224609375,0,0.010989189147949219,0,-0.014652252197265625,0,0,0,0,0,0,0,0,0,0,0,0,0,0,0,7
12824882326,82407121,82392,82392,0,0,0,0.043910980224609375,0,-0.025641441345214844,0,-0.024419784545898438,0,0,0,0,0,0,0,0,0,0,0,0,0,0,0,7
12828742713,82410120,82395,82395,0,0,0,0.043910980224609375,0,0.010989189147949219,0,-0.024419784545898438,0,0,0,0,0,0,0,0,0,0,0,0,0,0,0,7
12832603100,82414120,82399,82399,0,0,0,0.043910980224609375,0,-0.01831531524658203,0,-0.0048847198486328125,0,0,0,0,0,0,0,0,0,0,0,0,0,0,0,7
12836769025,82423121,82408,82408,0,0,0,0.043910980224609375,0,-0.010989189147949219,0,-0.024419784545898438,0,0,0,0,0,0,0,0,0,0,0,0,0,0,0,7
12840934950,82426120,82411,82411,0,0,0,0.043910980224609375,0,0.010989189147949219,0,-0.014652252197265625,0,0,0,0,0,0,0,0,0,0,0,0,0,0,0,7
12845100875,82430135,82415,82415,0,0,0,0.043910980224609375,0,-0.01831531524658203,0,-0.0048847198486328125,0,0,0,0,0,0,0,0,0,0,0,0,0,0,0,7
12849266800,82433124,82418,82418,0,0,0,0.043910980224609375,0,-0.010989189147949219,0,-0.0048847198486328125,0,0,0,0,0,0,0,0,0,0,0,0,0,0,0,7
12853432725,82437122,82422,82422,0,0,0,0.043910980224609375,0,-0.0036630630493164062,0,-0.0048847198486328125,0,0,0,0,0,0,0,0,0,0,0,0,0,0,0,7
12857598650,82441124,82426,82426,0,0,0,0.043910980224609375,0,-0.0036630630493164062,0,-0.0048847198486328125,0,0,0,0,0,0,0,0,0,0,0,0,0,0,0,7
12861764575,82444135,82429,82429,0,0,0,0.043910980224609375,0,-0.01831531524658203,0,-0.0048847198486328125,0,0,0,0,0,0,0,0,0,0,0,0,0,0,0,7
12865930500,82447121,82432,82432,0,0,0,0.043910980224609375,0,0.010989189147949219,0,-0.0048847198486328125,0,0,0,0,0,0,0,0,0,0,0,0,0,0,0,7
12869260066,82452123,82437,82438,0,0,0,0.043910980224609375,0,-0.010989189147949219,0,-0.014652252197265625,0,0,0,0,0,0,0,0,0,0,0,0,0,0,0,7
12872589628,82456120,82441,82441,0,0,0,0.043910980224609375,0,-0.0036630630493164062,0,-0.014652252197265625,0,0,0,0,0,0,0,0,0,0,0,0,0,0,0,7
12875919190,82459125,82444,82444,0,0,0,0.043910980224609375,0,0.0036630630493164062,0,-0.024419784545898438,0,0,0,0,0,0,0,0,0,0,0,0,0,0,0,7
12879248752,82462123,82447,82447,0,0,0,0.043910980224609375,0,-0.0036630630493164062,0,-0.024419784545898438,0,0,0,0,0,0,0,0,0,0,0,0,0,0,0,7
12882578314,82465129,82450,82450,0,0,0,0.043910980224609375,0,0.0036630630493164062,0,-0.014652252197265625,0,0,0,0,0,0,0,0,0,0,0,0,0,0,0,7
12885907876,82468120,82453,82453,0,0,0,0.043910980224609375,0,0.0036630630493164062,0,-0.014652252197265625,0,0,0,0,0,0,0,0,0,0,0,0,0,0,0,7
12889237438,82471128,82456,82456,0,0,0,0.043910980224609375,0,-0.01831531524658203,0,-0.0048847198486328125,0,0,0,0,0,0,0,0,0,0,0,0,0,0,0,7
12892567000,82474122,82459,82459,0,0,0,0.043910980224609375,0,-0.010989189147949219,0,-0.0048847198486328125,0,0,0,0,0,0,0,0,0,0,0,0,0,0,0,7
12896394116,82479122,82464,82464,0,0,0,0.043910980224609375,0,-0.010989189147949219,0,-0.0048847198486328125,0,0,0,0,0,0,0,0,0,0,0,0,0,0,0,7
12900221228,82482122,82467,82467,0,0,0,0.043910980224609375,0,0.010989189147949219,0,-0.014652252197265625,0,0,0,0,0,0,0,0,0,0,0,0,0,0,0,7
12904048340,82487126,82472,82472,0,0,0,0.043910980224609375,0,-0.010989189147949219,0,-0.014652252197265625,0,0,0,0,0,0,0,0,0,0,0,0,0,0,0,7
12907875452,82490122,82475,82475,0,0,0,0.043910980224609375,0,0.0036630630493164062,0,-0.014652252197265625,0,0,0,0,0,0,0,0,0,0,0,0,0,0,0,7
12911702564,82493121,82478,82478,0,0,0,0.043910980224609375,0,-0.010989189147949219,0,-0.014652252197265625,0,0,0,0,0,0,0,0,0,0,0,0,0,0,0,7
12915529676,82496121,82481,82481,0,0,0,0.043910980224609375,0,-0.0036630630493164062,0,-0.014652252197265625,0,0,0,0,0,0,0,0,0,0,0,0,0,0,0,7
12919356788,82500144,82485,82485,0,0,0,0.043910980224609375,0,0.0036630630493164062,0,-0.014652252197265625,0,0,0,0,0,0,0,0,0,0,0,0,0,0,0,7
12923183900,82504124,82489,82489,0,0,0,0.043910980224609375,0,-0.010989189147949219,0,-0.014652252197265625,0,0,0,0,0,0,0,0,0,0,0,0,0,0,0,7
12926612891,82510120,82495,82495,0,0,0,0.043910980224609375,0,0.0036630630493164062,0,-0.014652252197265625,0,0,0,0,0,0,0,0,0,0,0,0,0,0,0,7
12930041878,82513128,82498,82498,0,0,0,0.043910980224609375,0,-0.010989189147949219,0,-0.0048847198486328125,0,0,0,0,0,0,0,0,0,0,0,0,0,0,0,7
12933470865,82516122,82501,82502,0,0,0,0.043910980224609375,0,-0.010989189147949219,0,-0.014652252197265625,0,0,0,0,0,0,0,0,0,0,0,0,0,0,0,7
12936899852,82520124,82505,82505,0,0,0,0.043910980224609375,0,-0.010989189147949219,0,-0.024419784545898438,0,0,0,0,0,0,0,0,0,0,0,0,0,0,0,7
12940328839,82524121,82509,82509,0,0,0,0.043910980224609375,0,-0.0036630630493164062,0,-0.014652252197265625,0,0,0,0,0,0,0,0,0,0,0,0,0,0,0,7
12943757826,82527128,82512,82512,0,0,0,0.043910980224609375,0,-0.0036630630493164062,0,-0.014652252197265625,0,0,0,0,0,0,0,0,0,0,0,0,0,0,0,7
12947186813,82530120,82515,82515,0,0,0,0.043910980224609375,0,0.0036630630493164062,0,-0.024419784545898438,0,0,0,0,0,0,0,0,0,0,0,0,0,0,0,7
12950615800,82533124,82518,82518,0,0,0,0.043910980224609375,0,-0.0036630630493164062,0,-0.014652252197265625,0,0,0,0,0,0,0,0,0,0,0,0,0,0,0,7
12954351191,82540122,82525,82525,0,0,0,0.043910980224609375,0,-0.0036630630493164062,0,-0.0048847198486328125,0,0,0,0,0,0,0,0,0,0,0,0,0,0,0,7
12958086578,82543125,82528,82528,0,0,0,0.043910980224609375,0,-0.0036630630493164062,0,-0.0048847198486328125,0,0,0,0,0,0,0,0,0,0,0,0,0,0,0,7
12961821965,82545131,82530,82530,0,0,0,0.043910980224609375,0,-0.0036630630493164062,0,-0.014652252197265625,0,0,0,0,0,0,0,0,0,0,0,0,0,0,0,7
12965557352,82548122,82533,82533,0,0,0,0.043910980224609375,0,0.0036630630493164062,0,-0.0048847198486328125,0,0,0,0,0,0,0,0,0,0,0,0,0,0,0,7
12969292739,82552123,82537,82537,0,0,0,0.043910980224609375,0,0.010989189147949219,0,-0.014652252197265625,0,0,0,0,0,0,0,0,0,0,0,0,0,0,0,7
12973028126,82556135,82541,82541,0,0,0,0.043910980224609375,0,-0.010989189147949219,0,-0.0048847198486328125,0,0,0,0,0,0,0,0,0,0,0,0,0,0,0,7
12976763513,82559121,82544,82544,0,0,0,0.043910980224609375,0,-0.010989189147949219,0,-0.0048847198486328125,0,0,0,0,0,0,0,0,0,0,0,0,0,0,0,7
12980498900,82562124,82547,82547,0,0,0,0.043910980224609375,0,-0.0036630630493164062,0,0.0048847198486328125,0,0,0,0,0,0,0,0,0,0,0,0,0,0,0,7
12984032850,82568120,82553,82553,0,0,0,0.043910980224609375,0,-0.010989189147949219,0,-0.014652252197265625,0,0,0,0,0,0,0,0,0,0,0,0,0,0,0,7
12987566800,82571125,82556,82556,0,0,0,0.043910980224609375,0,-0.0036630630493164062,0,-0.0048847198486328125,0,0,0,0,0,0,0,0,0,0,0,0,0,0,0,7
12991100750,82574122,82559,82559,0,0,0,0.043910980224609375,0,-0.0036630630493164062,0,-0.0048847198486328125,0,0,0,0,0,0,0,0,0,0,0,0,0,0,0,7
12994634700,82577122,82563,82563,0,0,0,0.043910980224609375,0,0.0036630630493164062,0,-0.0048847198486328125,0,0,0,0,0,0,0,0,0,0,0,0,0,0,0,7
12998168650,82580120,82565,82565,0,0,0,0.043910980224609375,0,0.0036630630493164062,0,-0.0048847198486328125,0,0,0,0,0,0,0,0,0,0,0,0,0,0,0,7
13001702600,82584135,82569,82569,0,0,0,0.043910980224609375,0,-0.0036630630493164062,0,-0.0048847198486328125,0,0,0,0,0,0,0,0,0,0,0,0,0,0,0,7
13005236550,82587121,82572,82572,0,0,0,0.043910980224609375,0,-0.01831531524658203,0,-0.0048847198486328125,0,0,0,0,0,0,0,0,0,0,0,0,0,0,0,7
13008770500,82590122,82575,82575,0,0,0,0.043910980224609375,0,-0.0036630630493164062,0,-0.0048847198486328125,0,0,0,0,0,0,0,0,0,0,0,0,0,0,0,7
13012407816,82595131,82580,82580,0,0,0,0.043910980224609375,0,0.0036630630493164062,0,0.0048847198486328125,0,0,0,0,0,0,0,0,0,0,0,0,0,0,0,7
13016045128,82598136,82583,82583,0,0,0,0.043910980224609375,0,-0.0036630630493164062,0,0.0048847198486328125,0,0,0,0,0,0,0,0,0,0,0,0,0,0,0,7
13019682440,82601123,82586,82586,0,0,0,0.043910980224609375,0,-0.010989189147949219,0,-0.0048847198486328125,0,0,0,0,0,0,0,0,0,0,0,0,0,0,0,7
13023319752,82603122,82588,82588,0,0,0,0.04352760314941406,0,-0.010989189147949219,0,-0.014652252197265625,0,0,0,0,0,0,0,0,0,0,0,0,0,0,0,7
13026957064,82608121,82593,82593,0,0,0,0.043910980224609375,0,-0.0036630630493164062,0,-0.014652252197265625,0,0,0,0,0,0,0,0,0,0,0,0,0,0,0,7
13030594376,82611130,82596,82596,0,0,0,0.043910980224609375,0,0.010989189147949219,0,-0.0048847198486328125,0,0,0,0,0,0,0,0,0,0,0,0,0,0,0,7
13034231688,82616120,82601,82601,0,0,0,0.043910980224609375,0,-0.010989189147949219,0,-0.0048847198486328125,0,0,0,0,0,0,0,0,0,0,0,0,0,0,0,7
13037869000,82619123,82604,82604,0,0,0,0.043910980224609375,0,-0.0036630630493164062,0,-0.0048847198486328125,0,0,0,0,0,0,0,0,0,0,0,0,0,0,0,7
13041414991,82624122,82609,82609,0,0,0,0.043910980224609375,0,-0.0036630630493164062,0,-0.014652252197265625,0,0,0,0,0,0,0,0,0,0,0,0,0,0,0,7
13044960978,82629121,82614,82614,0,0,0,0.043910980224609375,0,0.0036630630493164062,0,-0.014652252197265625,0,0,0,0,0,0,0,0,0,0,0,0,0,0,0,7
13048506965,82632122,82617,82617,0,0,0,0.043910980224609375,0,-0.010989189147949219,0,-0.014652252197265625,0,0,0,0,0,0,0,0,0,0,0,0,0,0,0,7
13052052952,82635129,82620,82620,0,0,0,0.043910980224609375,0,0.01831531524658203,0,-0.0048847198486328125,0,0,0,0,0,0,0,0,0,0,0,0,0,0,0,7
13055598939,82638120,82623,82623,0,0,0,0.043910980224609375,0,-0.0036630630493164062,0,-0.0048847198486328125,0,0,0,0,0,0,0,0,0,0,0,0,0,0,0,7
13059144926,82641124,82626,82626,0,0,0,0.043910980224609375,0,-0.0036630630493164062,0,-0.014652252197265625,0,0,0,0,0,0,0,0,0,0,0,0,0,0,0,7
13062690913,82644124,82629,82629,0,0,0,0.043910980224609375,0,-0.010989189147949219,0,-0.014652252197265625,0,0,0,0,0,0,0,0,0,0,0,0,0,0,0,7
13066236900,82648122,82633,82633,0,0,0,0.043910980224609375,0,-0.010989189147949219,0,-0.014652252197265625,0,0,0,0,0,0,0,0,0,0,0,0,0,0,0,7
13070668050,82657125,82642,82642,0,0,0,0.043910980224609375,0,0.010989189147949219,0,-0.0048847198486328125,0,0,0,0,0,0,0,0,0,0,0,0,0,0,0,7
13075099200,82661122,82646,82646,0,0,0,0.043910980224609375,0,-0.010989189147949219,0,-0.0048847198486328125,0,0,0,0,0,0,0,0,0,0,0,0,0,0,0,7
13079530350,82664121,82649,82649,0,0,0,0.043910980224609375,0,0.0036630630493164062,0,-0.0048847198486328125,0,0,0,0,0,0,0,0,0,0,0,0,0,0,0,7
13083961500,82668135,82653,82653,0,0,0,0.043910980224609375,0,-0.0036630630493164062,0,-0.0048847198486328125,0,0,0,0,0,0,0,0,0,0,0,0,0,0,0,7
13088392650,82673124,82658,82658,0,0,0,0.043910980224609375,0,-0.0036630630493164062,0,-0.014652252197265625,0,0,0,0,0,0,0,0,0,0,0,0,0,0,0,7
13092823800,82676120,82661,82661,0,0,0,0.043910980224609375,0,-0.0036630630493164062,0,-0.014652252197265625,0,0,0,0,0,0,0,0,0,0,0,0,0,0,0,7
13097254950,82679121,82664,82664,0,0,0,0.043910980224609375,0,-0.010989189147949219,0,-0.014652252197265625,0,0,0,0,0,0,0,0,0,0,0,0,0,0,0,7
13101686100,82683124,82668,82668,0,0,0,0.043910980224609375,0,-0.010989189147949219,0,-0.014652252197265625,0,0,0,0,0,0,0,0,0,0,0,0,0,0,0,7
13105806658,82690122,82676,82676,0,0,0,0.043910980224609375,0,-0.0036630630493164062,0,-0.014652252197265625,0,0,0,0,0,0,0,0,0,0,0,0,0,0,0,7
13109927215,82694124,82679,82679,0,0,0,0.043910980224609375,0,-0.0036630630493164062,0,-0.0048847198486328125,0,0,0,0,0,0,0,0,0,0,0,0,0,0,0,7
13114047772,82697125,82682,82682,0,0,0,0.043910980224609375,0,-0.010989189147949219,0,-0.014652252197265625,0,0,0,0,0,0,0,0,0,0,0,0,0,0,0,7
13118168329,82700130,82686,82686,0,0,0,0.043910980224609375,0,-0.0036630630493164062,0,-0.0048847198486328125,0,0,0,0,0,0,0,0,0,0,0,0,0,0,0,7
13122288886,82706122,82691,82691,0,0,0,0.043910980224609375,0,-0.010989189147949219,0,-0.014652252197265625,0,0,0,0,0,0,0,0,0,0,0,0,0,0,0,7
13126409443,82710135,82695,82695,0,0,0,0.04352760314941406,0,-0.010989189147949219,0,-0.014652252197265625,0,0,0,0,0,0,0,0,0,0,0,0,0,0,0,7
13130530000,82712120,82697,82697,0,0,0,0.043910980224609375,0,0.0036630630493164062,0,-0.024419784545898438,0,0,0,0,0,0,0,0,0,0,0,0,0,0,0,7
13134126774,82716120,82701,82701,0,0,0,0.043910980224609375,0,0.0036630630493164062,0,-0.014652252197265625,0,0,0,0,0,0,0,0,0,0,0,0,0,0,0,7
13137723545,82719122,82704,82704,0,0,0,0.043910980224609375,0,-0.0036630630493164062,0,-0.0048847198486328125,0,0,0,0,0,0,0,0,0,0,0,0,0,0,0,7
13141320316,82723132,82708,82708,0,0,0,0.043910980224609375,0,0.01831531524658203,0,0.0048847198486328125,0,0,0,0,0,0,0,0,0,0,0,0,0,0,0,7
13144917087,82726120,82711,82711,0,0,0,0.043910980224609375,0,-0.010989189147949219,0,-0.0048847198486328125,0,0,0,0,0,0,0,0,0,0,0,0,0,0,0,7
13148513858,82730120,82715,82715,0,0,0,0.043910980224609375,0,-0.0036630630493164062,0,-0.0048847198486328125,0,0,0,0,0,0,0,0,0,0,0,0,0,0,0,7
13152110629,82735131,82720,82720,0,0,0,0.043910980224609375,0,0.0036630630493164062,0,-0.0048847198486328125,0,0,0,0,0,0,0,0,0,0,0,0,0,0,0,7
13155707400,82737129,82722,82722,0,0,0,0.043910980224609375,0,0.0036630630493164062,0,-0.014652252197265625,0,0,0,0,0,0,0,0,0,0,0,0,0,0,0,7
13159286516,82742120,82727,82727,0,0,0,0.043910980224609375,0,-0.010989189147949219,0,-0.014652252197265625,0,0,0,0,0,0,0,0,0,0,0,0,0,0,0,7
13162865628,82745129,82730,82730,0,0,0,0.043910980224609375,0,-0.010989189147949219,0,-0.014652252197265625,0,0,0,0,0,0,0,0,0,0,0,0,0,0,0,7
13166444740,82749121,82734,82734,0,0,0,0.043910980224609375,0,-0.0036630630493164062,0,-0.014652252197265625,0,0,0,0,0,0,0,0,0,0,0,0,0,0,0,7
13170023852,82753124,82738,82738,0,0,0,0.043910980224609375,0,0.010989189147949219,0,-0.014652252197265625,0,0,0,0,0,0,0,0,0,0,0,0,0,0,0,7
13173602964,82756123,82741,82741,0,0,0,0.043910980224609375,0,0.0036630630493164062,0,-0.014652252197265625,0,0,0,0,0,0,0,0,0,0,0,0,0,0,0,7
13177182076,82759120,82744,82744,0,0,0,0.043910980224609375,0,-0.010989189147949219,0,-0.014652252197265625,0,0,0,0,0,0,0,0,0,0,0,0,0,0,0,7
13180761188,82762120,82747,82747,0,0,0,0.043910980224609375,0,-0.01831531524658203,0,-0.014652252197265625,0,0,0,0,0,0,0,0,0,0,0,0,0,0,0,7
13184340300,82766135,82751,82751,0,0,0,0.043910980224609375,0,0.0036630630493164062,0,0.0048847198486328125,0,0,0,0,0,0,0,0,0,0,0,0,0,0,0,7
13188736225,82777123,82762,82762,0,0,0,0.043910980224609375,0,0.010989189147949219,0,-0.0048847198486328125,0,0,0,0,0,0,0,0,0,0,0,0,0,0,0,7
13193132150,82780135,82765,82765,0,0,0,0.043910980224609375,0,-0.0036630630493164062,0,-0.0048847198486328125,0,0,0,0,0,0,0,0,0,0,0,0,0,0,0,7
13197528075,82783120,82768,82768,0,0,0,0.043910980224609375,0,-0.010989189147949219,0,-0.0048847198486328125,0,0,0,0,0,0,0,0,0,0,0,0,0,0,0,7
13201924000,82786120,82771,82771,0,0,0,0.043910980224609375,0,0.010989189147949219,0,-0.014652252197265625,0,0,0,0,0,0,0,0,0,0,0,0,0,0,0,7
13206319925,82790120,82775,82775,0,0,0,0.043910980224609375,0,0.0036630630493164062,0,-0.014652252197265625,0,0,0,0,0,0,0,0,0,0,0,0,0,0,0,7
13210715850,82793130,82778,82778,0,0,0,0.043910980224609375,0,-0.0036630630493164062,0,-0.0048847198486328125,0,0,0,0,0,0,0,0,0,0,0,0,0,0,0,7
13215111775,82797121,82782,82782,0,0,0,0.043910980224609375,0,-0.01831531524658203,0,-0.014652252197265625,0,0,0,0,0,0,0,0,0,0,0,0,0,0,0,7
13219507700,82800130,82785,82785,0,0,0,0.043910980224609375,0,-0.0036630630493164062,0,-0.014652252197265625,0,0,0,0,0,0,0,0,0,0,0,0,0,0,0,7
13223501050,82807128,82792,82792,0,0,0,0.043910980224609375,0,-0.010989189147949219,0,-0.014652252197265625,0,0,0,0,0,0,0,0,0,0,0,0,0,0,0,7
13227494400,82811121,82796,82796,0,0,0,0.043910980224609375,0,-0.01831531524658203,0,-0.0048847198486328125,0,0,0,0,0,0,0,0,0,0,0,0,0,0,0,7
13231487750,82814122,82799,82799,0,0,0,0.043910980224609375,0,-0.010989189147949219,0,-0.014652252197265625,0,0,0,0,0,0,0,0,0,0,0,0,0,0,0,7
13235481100,82817120,82802,82802,0,0,0,0.043910980224609375,0,-0.010989189147949219,0,-0.014652252197265625,0,0,0,0,0,0,0,0,0,0,0,0,0,0,0,7
13239474450,82821129,82806,82806,0,0,0,0.043910980224609375,0,0.0036630630493164062,0,-0.014652252197265625,0,0,0,0,0,0,0,0,0,0,0,0,0,0,0,7
13243467800,82825129,82810,82810,0,0,0,0.043910980224609375,0,0.0036630630493164062,0,-0.024419784545898438,0,0,0,0,0,0,0,0,0,0,0,0,0,0,0,7
13247461150,82829121,82814,82814,0,0,0,0.043910980224609375,0,-0.010989189147949219,0,-0.0048847198486328125,0,0,0,0,0,0,0,0,0,0,0,0,0,0,0,7
13251454500,82833120,82818,82818,0,0,0,0.043910980224609375,0,-0.01831531524658203,0,-0.0048847198486328125,0,0,0,0,0,0,0,0,0,0,0,0,0,0,0,7
13254653575,82838120,82823,82823,0,0,0,0.043910980224609375,0,-0.0036630630493164062,0,-0.014652252197265625,0,0,0,0,0,0,0,0,0,0,0,0,0,0,0,7
13257852650,82841120,82826,82826,0,0,0,0.043910980224609375,0,-0.0036630630493164062,0,-0.014652252197265625,0,0,0,0,0,0,0,0,0,0,0,0,0,0,0,7
13261051725,82844120,82829,82829,0,0,0,0.043910980224609375,0,-0.0036630630493164062,0,-0.0048847198486328125,0,0,0,0,0,0,0,0,0,0,0,0,0,0,0,7
13264250800,82846120,82831,82831,0,0,0,0.043910980224609375,0,-0.010989189147949219,0,-0.014652252197265625,0,0,0,0,0,0,0,0,0,0,0,0,0,0,0,7
13267449875,82849128,82834,82834,0,0,0,0.043910980224609375,0,-0.010989189147949219,0,-0.014652252197265625,0,0,0,0,0,0,0,0,0,0,0,0,0,0,0,7
13270648950,82852126,82837,82837,0,0,0,0.043910980224609375,0,0.0036630630493164062,0,-0.014652252197265625,0,0,0,0,0,0,0,0,0,0,0,0,0,0,0,7
13273848025,82854120,82839,82839,0,0,0,0.043910980224609375,0,-0.0036630630493164062,0,-0.014652252197265625,0,0,0,0,0,0,0,0,0,0,0,0,0,0,0,7
13277047100,82858120,82843,82843,0,0,0,0.04352760314941406,0,-0.0036630630493164062,0,-0.014652252197265625,0,0,0,0,0,0,0,0,0,0,0,0,0,0,0,7
13281414575,82864139,82849,82849,0,0,0,0.043910980224609375,0,-0.01831531524658203,0,-0.0048847198486328125,0,0,0,0,0,0,0,0,0,0,0,0,0,0,0,7
13285782050,82868124,82853,82853,0,0,0,0.043910980224609375,0,-0.010989189147949219,0,-0.0048847198486328125,0,0,0,0,0,0,0,0,0,0,0,0,0,0,0,7
13290149525,82875129,82860,82860,0,0,0,0.043910980224609375,0,-0.0036630630493164062,0,-0.0048847198486328125,0,0,0,0,0,0,0,0,0,0,0,0,0,0,0,7
13294517000,82878135,82863,82864,0,0,0,0.043910980224609375,0,0.0036630630493164062,0,-0.0048847198486328125,0,0,0,0,0,0,0,0,0,0,0,0,0,0,0,7
13298884475,82882121,82867,82867,0,0,0,0.043910980224609375,0,-0.0036630630493164062,0,-0.014652252197265625,0,0,0,0,0,0,0,0,0,0,0,0,0,0,0,7
13303251950,82886120,82871,82871,0,0,0,0.043910980224609375,0,-0.0036630630493164062,0,-0.014652252197265625,0,0,0,0,0,0,0,0,0,0,0,0,0,0,0,7
13307619425,82890120,82875,82875,0,0,0,0.04352760314941406,0,-0.0036630630493164062,0,-0.0048847198486328125,0,0,0,0,0,0,0,0,0,0,0,0,0,0,0,7
13311986900,82894120,82879,82879,0,0,0,0.043910980224609375,0,-0.0036630630493164062,0,-0.014652252197265625,0,0,0,0,0,0,0,0,0,0,0,0,0,0,0,7
13315101258,82902120,82887,82887,0,0,0,0.043910980224609375,0,0.0036630630493164062,0,-0.0048847198486328125,0,0,0,0,0,0,0,0,0,0,0,0,0,0,0,7
13318215615,82904120,82889,82889,0,0,0,0.043910980224609375,0,-0.0036630630493164062,0,-0.0048847198486328125,0,0,0,0,0,0,0,0,0,0,0,0,0,0,0,7
13321329972,82907125,82892,82892,0,0,0,0.043910980224609375,0,0.0036630630493164062,0,-0.0048847198486328125,0,0,0,0,0,0,0,0,0,0,0,0,0,0,0,7
13324444329,82909123,82894,82894,0,0,0,0.04352760314941406,0,-0.010989189147949219,0,-0.0048847198486328125,0,0,0,0,0,0,0,0,0,0,0,0,0,0,0,7
13327558686,82911121,82896,82896,0,0,0,0.043910980224609375,0,-0.010989189147949219,0,-0.014652252197265625,0,0,0,0,0,0,0,0,0,0,0,0,0,0,0,7
13330673043,82913121,82898,82898,0,0,0,0.04352760314941406,0,-0.0036630630493164062,0,-0.014652252197265625,0,0,0,0,0,0,0,0,0,0,0,0,0,0,0,7
13333787400,82916120,82901,82901,0,0,0,0.043910980224609375,0,0.0036630630493164062,0,-0.014652252197265625,0,0,0,0,0,0,0,0,0,0,0,0,0,0,0,7
13336845850,82920135,82905,82905,0,0,0,0.04352760314941406,0,-0.010989189147949219,0,-0.0048847198486328125,0,0,0,0,0,0,0,0,0,0,0,0,0,0,0,7
13339904300,82923120,82908,82908,0,0,0,0.043910980224609375,0,-0.0036630630493164062,0,-0.0048847198486328125,0,0,0,0,0,0,0,0,0,0,0,0,0,0,0,7
13342962750,82925129,82910,82910,0,0,0,0.04352760314941406,0,-0.010989189147949219,0,-0.014652252197265625,0,0,0,0,0,0,0,0,0,0,0,0,0,0,0,7
13346021200,82927121,82912,82913,0,0,0,0.04352760314941406,0,0.0036630630493164062,0,-0.014652252197265625,0,0,0,0,0,0,0,0,0,0,0,0,0,0,0,7
13349079650,82930121,82915,82915,0,0,0,0.04352760314941406,0,0.0036630630493164062,0,-0.024419784545898438,0,0,0,0,0,0,0,0,0,0,0,0,0,0,0,7
13352138100,82933128,82918,82918,0,0,0,0.04352760314941406,0,-0.010989189147949219,0,-0.0048847198486328125,0,0,0,0,0,0,0,0,0,0,0,0,0,0,0,7
13355196550,82936120,82921,82921,0,0,0,0.04352760314941406,0,-0.010989189147949219,0,-0.014652252197265625,0,0,0,0,0,0,0,0,0,0,0,0,0,0,0,7
13358255000,82939125,82924,82924,0,0,0,0.04352760314941406,0,-0.0036630630493164062,0,-0.014652252197265625,0,0,0,0,0,0,0,0,0,0,0,0,0,0,0,7
13361493925,82945129,82930,82930,0,0,0,0.04352760314941406,0,-0.010989189147949219,0,-0.014652252197265625,0,0,0,0,0,0,0,0,0,0,0,0,0,0,0,7
13364732850,82948135,82933,82933,0,0,0,0.043910980224609375,0,0.010989189147949219,0,-0.014652252197265625,0,0,0,0,0,0,0,0,0,0,0,0,0,0,0,7
13367971775,82950128,82935,82935,0,0,0,0.04352760314941406,0,-0.0036630630493164062,0,-0.014652252197265625,0,0,0,0,0,0,0,0,0,0,0,0,0,0,0,7
13371210700,82953121,82938,82938,0,0,0,0.04352760314941406,0,-0.0036630630493164062,0,-0.014652252197265625,0,0,0,0,0,0,0,0,0,0,0,0,0,0,0,7
13374449625,82955133,82940,82940,0,0,0,0.04352760314941406,0,-0.010989189147949219,0,-0.0048847198486328125,0,0,0,0,0,0,0,0,0,0,0,0,0,0,0,7
13377688550,82958120,82943,82943,0,0,0,0.04352760314941406,0,0.0036630630493164062,0,-0.0048847198486328125,0,0,0,0,0,0,0,0,0,0,0,0,0,0,0,7
13380927475,82961128,82946,82946,0,0,0,0.04352760314941406,0,0.0036630630493164062,0,-0.0048847198486328125,0,0,0,0,0,0,0,0,0,0,0,0,0,0,0,7
13384166400,82965129,82950,82950,0,0,0,0.04352760314941406,0,-0.010989189147949219,0,-0.0048847198486328125,0,0,0,0,0,0,0,0,0,0,0,0,0,0,0,7
13388196725,82971121,82956,82956,0,0,0,0.04352760314941406,0,0.0036630630493164062,0,-0.0048847198486328125,0,0,0,0,0,0,0,0,0,0,0,0,0,0,0,7
13392227050,82975136,82960,82960,0,0,0,0.04352760314941406,0,0.0036630630493164062,0,-0.0048847198486328125,0,0,0,0,0,0,0,0,0,0,0,0,0,0,0,7
13396257375,82981120,82966,82966,0,0,0,0.04352760314941406,0,-0.01831531524658203,0,-0.014652252197265625,0,0,0,0,0,0,0,0,0,0,0,0,0,0,0,7
13400287700,82985129,82970,82970,0,0,0,0.04352760314941406,0,-0.0036630630493164062,0,-0.014652252197265625,0,0,0,0,0,0,0,0,0,0,0,0,0,0,0,7
13404318025,82989128,82974,82974,0,0,0,0.04352760314941406,0,-0.010989189147949219,0,-0.014652252197265625,0,0,0,0,0,0,0,0,0,0,0,0,0,0,0,7
13408348350,82992125,82977,82977,0,0,0,0.04352760314941406,0,-0.0036630630493164062,0,-0.014652252197265625,0,0,0,0,0,0,0,0,0,0,0,0,0,0,0,7
13412378675,82996123,82981,82981,0,0,0,0.04352760314941406,0,-0.0036630630493164062,0,-0.0048847198486328125,0,0,0,0,0,0,0,0,0,0,0,0,0,0,0,7
13416409000,82999121,82984,82984,0,0,0,0.04352760314941406,0,-0.0036630630493164062,0,-0.0048847198486328125,0,0,0,0,0,0,0,0,0,0,0,0,0,0,0,7
13419727600,83006120,82991,82991,0,0,0,0.04352760314941406,0,0.0036630630493164062,0,-0.014652252197265625,0,0,0,0,0,0,0,0,0,0,0,0,0,0,0,7
13423046200,83008120,82993,82993,0,0,0,0.04352760314941406,0,0.0036630630493164062,0,-0.014652252197265625,0,0,0,0,0,0,0,0,0,0,0,0,0,0,0,7
13426364800,83011121,82996,82996,0,0,0,0.04352760314941406,0,-0.010989189147949219,0,-0.014652252197265625,0,0,0,0,0,0,0,0,0,0,0,0,0,0,0,7
13429683400,83013124,82998,82998,0,0,0,0.04352760314941406,0,-0.010989189147949219,0,-0.014652252197265625,0,0,0,0,0,0,0,0,0,0,0,0,0,0,0,7
13433002000,83015129,83001,83001,0,0,0,0.04352760314941406,0,-0.0036630630493164062,0,-0.014652252197265625,0,0,0,0,0,0,0,0,0,0,0,0,0,0,0,7
13436320600,83018134,83003,83003,0,0,0,0.04352760314941406,0,0.0036630630493164062,0,-0.0048847198486328125,0,0,0,0,0,0,0,0,0,0,0,0,0,0,0,7
13439639200,83020120,83005,83005,0,0,0,0.04352760314941406,0,0.0036630630493164062,0,-0.0048847198486328125,0,0,0,0,0,0,0,0,0,0,0,0,0,0,0,7
13443591816,83027121,83012,83012,0,0,0,0.04352760314941406,0,-0.01831531524658203,0,-0.014652252197265625,0,0,0,0,0,0,0,0,0,0,0,0,0,0,0,7
13447544428,83029121,83014,83014,0,0,0,0.04352760314941406,0,-0.0036630630493164062,0,-0.014652252197265625,0,0,0,0,0,0,0,0,0,0,0,0,0,0,0,7
13451497040,83031128,83016,83016,0,0,0,0.04352760314941406,0,-0.0036630630493164062,0,-0.014652252197265625,0,0,0,0,0,0,0,0,0,0,0,0,0,0,0,7
13455449652,83033124,83018,83018,0,0,0,0.04352760314941406,0,0.0036630630493164062,0,-0.0048847198486328125,0,0,0,0,0,0,0,0,0,0,0,0,0,0,0,7
13459402264,83042124,83027,83027,0,0,0,0.04352760314941406,0,0.0036630630493164062,0,-0.0048847198486328125,0,0,0,0,0,0,0,0,0,0,0,0,0,0,0,7
13463354876,83044120,83029,83029,0,0,0,0.04352760314941406,0,-0.010989189147949219,0,-0.0048847198486328125,0,0,0,0,0,0,0,0,0,0,0,0,0,0,0,7
13467307488,83048120,83033,83033,0,0,0,0.04352760314941406,0,-0.010989189147949219,0,-0.0048847198486328125,0,0,0,0,0,0,0,0,0,0,0,0,0,0,0,7
13471260100,83052122,83037,83037,0,0,0,0.04352760314941406,0,0.010989189147949219,0,0.0048847198486328125,0,0,0,0,0,0,0,0,0,0,0,0,0,0,0,7
13475744025,83058120,83043,83043,0,0,0,0.04352760314941406,0,-0.0036630630493164062,0,-0.014652252197265625,0,0,0,0,0,0,0,0,0,0,0,0,0,0,0,7
13480227950,83062120,83047,83047,0,0,0,0.04352760314941406,0,-0.0036630630493164062,0,-0.014652252197265625,0,0,0,0,0,0,0,0,0,0,0,0,0,0,0,7
13484711875,83066120,83051,83051,0,0,0,0.04352760314941406,0,0.010989189147949219,0,-0.0048847198486328125,0,0,0,0,0,0,0,0,0,0,0,0,0,0,0,7
13489195800,83069121,83055,83055,0,0,0,0.04352760314941406,0,-0.0036630630493164062,0,-0.0048847198486328125,0,0,0,0,0,0,0,0,0,0,0,0,0,0,0,7
13493679725,83073128,83058,83058,0,0,0,0.04352760314941406,0,-0.0036630630493164062,0,-0.0048847198486328125,0,0,0,0,0,0,0,0,0,0,0,0,0,0,0,7
13498163650,83077121,83062,83062,0,0,0,0.04352760314941406,0,-0.0036630630493164062,0,-0.014652252197265625,0,0,0,0,0,0,0,0,0,0,0,0,0,0,0,7
13502647575,83080120,83065,83065,0,0,0,0.04352760314941406,0,0.0036630630493164062,0,-0.014652252197265625,0,0,0,0,0,0,0,0,0,0,0,0,0,0,0,7
13507131500,83089124,83074,83074,0,0,0,0.04352760314941406,0,-0.010989189147949219,0,-0.014652252197265625,0,0,0,0,0,0,0,0,0,0,0,0,0,0,0,7
13511217416,83095129,83080,83080,0,0,0,0.04352760314941406,0,-0.0036630630493164062,0,-0.014652252197265625,0,0,0,0,0,0,0,0,0,0,0,0,0,0,0,7
13515303330,83098121,83083,83083,0,0,0,0.04352760314941406,0,-0.0036630630493164062,0,-0.014652252197265625,0,0,0,0,0,0,0,0,0,0,0,0,0,0,0,7
13519389244,83101131,83086,83086,0,0,0,0.04352760314941406,0,-0.0036630630493164062,0,-0.014652252197265625,0,0,0,0,0,0,0,0,0,0,0,0,0,0,0,7
13523475158,83105129,83090,83090,0,0,0,0.04352760314941406,0,-0.01831531524658203,0,-0.0048847198486328125,0,0,0,0,0,0,0,0,0,0,0,0,0,0,0,7
13527561072,83109121,83094,83094,0,0,0,0.04352760314941406,0,0.0036630630493164062,0,-0.014652252197265625,0,0,0,0,0,0,0,0,0,0,0,0,0,0,0,7
13531646986,83113124,83098,83098,0,0,0,0.04352760314941406,0,-0.0036630630493164062,0,-0.0048847198486328125,0,0,0,0,0,0,0,0,0,0,0,0,0,0,0,7
13535732900,83116135,83101,83102,0,0,0,0.04352760314941406,0,-0.0036630630493164062,0,-0.0048847198486328125,0,0,0,0,0,0,0,0,0,0,0,0,0,0,0,7
13539048732,83125131,83110,83110,0,0,0,0.04352760314941406,0,-0.0036630630493164062,0,-0.014652252197265625,0,0,0,0,0,0,0,0,0,0,0,0,0,0,0,7
13542364560,83128120,83113,83113,0,0,0,0.04352760314941406,0,-0.0036630630493164062,0,-0.014652252197265625,0,0,0,0,0,0,0,0,0,0,0,0,0,0,0,7
13545680388,83130135,83115,83115,0,0,0,0.04352760314941406,0,-0.010989189147949219,0,-0.014652252197265625,0,0,0,0,0,0,0,0,0,0,0,0,0,0,0,7
13548996216,83133123,83118,83118,0,0,0,0.04352760314941406,0,-0.010989189147949219,0,-0.0048847198486328125,0,0,0,0,0,0,0,0,0,0,0,0,0,0,0,7
13552312044,83135129,83120,83120,0,0,0,0.04352760314941406,0,0.0036630630493164062,0,-0.0048847198486328125,0,0,0,0,0,0,0,0,0,0,0,0,0,0,0,7
13555627872,83137124,83123,83123,0,0,0,0.04352760314941406,0,-0.0036630630493164062,0,0.0048847198486328125,0,0,0,0,0,0,0,0,0,0,0,0,0,0,0,7
13558943700,83140121,83125,83125,0,0,0,0.04352760314941406,0,0.010989189147949219,0,0.0048847198486328125,0,0,0,0,0,0,0,0,0,0,0,0,0,0,0,7
13561972500,83145133,83130,83130,0,0,0,0.04352760314941406,0,0.0036630630493164062,0,-0.0048847198486328125,0,0,0,0,0,0,0,0,0,0,0,0,0,0,0,7
13565001300,83148120,83133,83133,0,0,0,0.04352760314941406,0,-0.010989189147949219,0,0.0048847198486328125,0,0,0,0,0,0,0,0,0,0,0,0,0,0,0,7
13568030100,83150132,83135,83135,0,0,0,0.04352760314941406,0,-0.0036630630493164062,0,-0.0048847198486328125,0,0,0,0,0,0,0,0,0,0,0,0,0,0,0,7
13571058900,83152123,83138,83138,0,0,0,0.04352760314941406,0,0.0036630630493164062,0,-0.014652252197265625,0,0,0,0,0,0,0,0,0,0,0,0,0,0,0,7
13574087700,83155129,83140,83140,0,0,0,0.04352760314941406,0,0.0036630630493164062,0,-0.0048847198486328125,0,0,0,0,0,0,0,0,0,0,0,0,0,0,0,7
13577116500,83158138,83143,83143,0,0,0,0.04352760314941406,0,0.0036630630493164062,0,-0.0048847198486328125,0,0,0,0,0,0,0,0,0,0,0,0,0,0,0,7
13580145300,83161121,83146,83146,0,0,0,0.04352760314941406,0,-0.010989189147949219,0,-0.014652252197265625,0,0,0,0,0,0,0,0,0,0,0,0,0,0,0,7
13583174100,83165129,83150,83150,0,0,0,0.04352760314941406,0,-0.0036630630493164062,0,-0.0048847198486328125,0,0,0,0,0,0,0,0,0,0,0,0,0,0,0,7
13588023516,83170122,83155,83155,0,0,0,0.04352760314941406,0,-0.0036630630493164062,0,-0.0048847198486328125,0,0,0,0,0,0,0,0,0,0,0,0,0,0,0,7
13592872928,83173125,83158,83158,0,0,0,0.04352760314941406,0,-0.0036630630493164062,0,-0.0048847198486328125,0,0,0,0,0,0,0,0,0,0,0,0,0,0,0,7
13597722340,83177121,83162,83162,0,0,0,0.04352760314941406,0,-0.0036630630493164062,0,-0.0048847198486328125,0,0,0,0,0,0,0,0,0,0,0,0,0,0,0,7
13602571752,83182120,83167,83167,0,0,0,0.04352760314941406,0,0.0036630630493164062,0,-0.0048847198486328125,0,0,0,0,0,0,0,0,0,0,0,0,0,0,0,7
13607421164,83186135,83171,83171,0,0,0,0.04352760314941406,0,-0.010989189147949219,0,-0.014652252197265625,0,0,0,0,0,0,0,0,0,0,0,0,0,0,0,7
13612270576,83195133,83180,83180,0,0,0,0.04352760314941406,0,0.0036630630493164062,0,-0.0048847198486328125,0,0,0,0,0,0,0,0,0,0,0,0,0,0,0,7
13617119988,83198120,83183,83183,0,0,0,0.04352760314941406,0,0.010989189147949219,0,-0.014652252197265625,0,0,0,0,0,0,0,0,0,0,0,0,0,0,0,7
13621969400,83202120,83187,83187,0,0,0,0.04352760314941406,0,0.0036630630493164062,0,-0.0048847198486328125,0,0,0,0,0,0,0,0,0,0,0,0,0,0,0,7
13625789970,83209121,83194,83194,0,0,0,0.04352760314941406,0,0.0036630630493164062,0,0.0048847198486328125,0,0,0,0,0,0,0,0,0,0,0,0,0,0,0,7
13629610536,83212122,83197,83197,0,0,0,0.04352760314941406,0,-0.010989189147949219,0,-0.0048847198486328125,0,0,0,0,0,0,0,0,0,0,0,0,0,0,0,7
13633431102,83216124,83201,83201,0,0,0,0.04352760314941406,0,0.0036630630493164062,0,-0.0048847198486328125,0,0,0,0,0,0,0,0,0,0,0,0,0,0,0,7
13637251668,83220122,83205,83205,0,0,0,0.04352760314941406,0,-0.010989189147949219,0,-0.0048847198486328125,0,0,0,0,0,0,0,0,0,0,0,0,0,0,0,7
13641072234,83223120,83208,83208,0,0,0,0.04352760314941406,0,-0.0036630630493164062,0,-0.0048847198486328125,0,0,0,0,0,0,0,0,0,0,0,0,0,0,0,7
13644892800,83226120,83211,83211,0,0,0,0.04352760314941406,0,-0.0036630630493164062,0,-0.0048847198486328125,0,0,0,0,0,0,0,0,0,0,0,0,0,0,0,7
13648948741,83235129,83220,83220,0,0,0,0.04352760314941406,0,-0.0036630630493164062,0,-0.014652252197265625,0,0,0,0,0,0,0,0,0,0,0,0,0,0,0,7
13653004678,83238120,83223,83223,0,0,0,0.04352760314941406,0,-0.0036630630493164062,0,-0.014652252197265625,0,0,0,0,0,0,0,0,0,0,0,0,0,0,0,7
13657060615,83241130,83226,83226,0,0,0,0.04352760314941406,0,-0.0036630630493164062,0,-0.0048847198486328125,0,0,0,0,0,0,0,0,0,0,0,0,0,0,0,7
13661116552,83244120,83229,83229,0,0,0,0.04352760314941406,0,-0.010989189147949219,0,-0.0048847198486328125,0,0,0,0,0,0,0,0,0,0,0,0,0,0,0,7
13665172489,83247120,83232,83232,0,0,0,0.04352760314941406,0,0.0036630630493164062,0,-0.014652252197265625,0,0,0,0,0,0,0,0,0,0,0,0,0,0,0,7
13669228426,83251122,83236,83236,0,0,0,0.04352760314941406,0,0.0036630630493164062,0,-0.0048847198486328125,0,0,0,0,0,0,0,0,0,0,0,0,0,0,0,7
13673284363,83255137,83240,83240,0,0,0,0.04352760314941406,0,-0.0036630630493164062,0,-0.014652252197265625,0,0,0,0,0,0,0,0,0,0,0,0,0,0,0,7
13677340300,83258124,83243,83243,0,0,0,0.04352760314941406,0,-0.0036630630493164062,0,-0.014652252197265625,0,0,0,0,0,0,0,0,0,0,0,0,0,0,0,7
13682481525,83265129,83250,83250,0,0,0,0.04352760314941406,0,-0.0036630630493164062,0,-0.014652252197265625,0,0,0,0,0,0,0,0,0,0,0,0,0,0,0,7
13687622750,83269129,83254,83254,0,0,0,0.04352760314941406,0,-0.010989189147949219,0,-0.0048847198486328125,0,0,0,0,0,0,0,0,0,0,0,0,0,0,0,7
13692763975,83272120,83258,83258,0,0,0,0.04352760314941406,0,-0.0036630630493164062,0,-0.014652252197265625,0,0,0,0,0,0,0,0,0,0,0,0,0,0,0,7
13697905200,83276120,83261,83261,0,0,0,0.04352760314941406,0,0.0036630630493164062,0,-0.014652252197265625,0,0,0,0,0,0,0,0,0,0,0,0,0,0,0,7
13703046425,83280120,83265,83265,0,0,0,0.04352760314941406,0,-0.0036630630493164062,0,-0.0048847198486328125,0,0,0,0,0,0,0,0,0,0,0,0,0,0,0,7
13708187650,83283128,83268,83268,0,0,0,0.04352760314941406,0,-0.0036630630493164062,0,-0.0048847198486328125,0,0,0,0,0,0,0,0,0,0,0,0,0,0,0,7
13713328875,83288120,83273,83273,0,0,0,0.04352760314941406,0,0.0036630630493164062,0,-0.0048847198486328125,0,0,0,0,0,0,0,0,0,0,0,0,0,0,0,7
13718470100,83292120,83277,83278,0,0,0,0.04352760314941406,0,-0.0036630630493164062,0,-0.014652252197265625,0,0,0,0,0,0,0,0,0,0,0,0,0,0,0,7
13723614320,83313124,83298,83298,0,0,0,0.04352760314941406,0,-0.0036630630493164062,0,-0.014652252197265625,0,0,0,0,0,0,0,0,0,0,0,0,0,0,0,7
13727842363,83316124,83301,83301,0,0,0,0.04352760314941406,0,0.0036630630493164062,0,-0.0048847198486328125,0,0,0,0,0,0,0,0,0,0,0,0,0,0,0,7
13732070406,83323120,83308,83308,0,0,0,0.04352760314941406,0,-0.0036630630493164062,0,-0.0048847198486328125,0,0,0,0,0,0,0,0,0,0,0,0,0,0,0,7
13736298449,83327125,83312,83312,0,0,0,0.04352760314941406,0,-0.0036630630493164062,0,-0.0048847198486328125,0,0,0,0,0,0,0,0,0,0,0,0,0,0,0,7
13740526492,83329121,83314,83314,0,0,0,0.04352760314941406,0,-0.0036630630493164062,0,-0.0048847198486328125,0,0,0,0,0,0,0,0,0,0,0,0,0,0,0,7
13744754535,83331120,83317,83317,0,0,0,0.04352760314941406,0,-0.010989189147949219,0,0.0048847198486328125,0,0,0,0,0,0,0,0,0,0,0,0,0,0,0,7
13748982578,83339128,83324,83324,0,0,0,0.04352760314941406,0,-0.0036630630493164062,0,-0.0048847198486328125,0,0,0,0,0,0,0,0,0,0,0,0,0,0,0,7
13753210621,83341125,83326,83326,0,0,0,0.04352760314941406,0,0.0036630630493164062,0,-0.014652252197265625,0,0,0,0,0,0,0,0,0,0,0,0,0,0,0,7
13757438664,83344122,83329,83329,0,0,0,0.04352760314941406,0,0.0036630630493164062,0,-0.014652252197265625,0,0,0,0,0,0,0,0,0,0,0,0,0,0,0,7
13761666707,83347120,83332,83332,0,0,0,0.04352760314941406,0,-0.0036630630493164062,0,-0.014652252197265625,0,0,0,0,0,0,0,0,0,0,0,0,0,0,0,7
13765894750,83349123,83334,83334,0,0,0,0.04352760314941406,0,-0.0036630630493164062,0,-0.014652252197265625,0,0,0,0,0,0,0,0,0,0,0,0,0,0,0,7
13770122793,83352122,83337,83337,0,0,0,0.04352760314941406,0,0.010989189147949219,0,-0.014652252197265625,0,0,0,0,0,0,0,0,0,0,0,0,0,0,0,7
13773552791,83357123,83343,83343,0,0,0,0.04352760314941406,0,-0.010989189147949219,0,-0.014652252197265625,0,0,0,0,0,0,0,0,0,0,0,0,0,0,0,7
13776982778,83361124,83346,83346,0,0,0,0.04352760314941406,0,0.0036630630493164062,0,-0.014652252197265625,0,0,0,0,0,0,0,0,0,0,0,0,0,0,0,7
13780412765,83364122,83349,83349,0,0,0,0.04352760314941406,0,-0.010989189147949219,0,-0.014652252197265625,0,0,0,0,0,0,0,0,0,0,0,0,0,0,0,7
13783842752,83366120,83351,83351,0,0,0,0.04352760314941406,0,-0.0036630630493164062,0,-0.014652252197265625,0,0,0,0,0,0,0,0,0,0,0,0,0,0,0,7
13787272739,83369128,83354,83354,0,0,0,0.04352760314941406,0,0.0036630630493164062,0,-0.014652252197265625,0,0,0,0,0,0,0,0,0,0,0,0,0,0,0,7
13790702726,83374124,83359,83359,0,0,0,0.04352760314941406,0,-0.0036630630493164062,0,-0.0048847198486328125,0,0,0,0,0,0,0,0,0,0,0,0,0,0,0,7
13794132713,83377121,83362,83362,0,0,0,0.04352760314941406,0,-0.010989189147949219,0,-0.0048847198486328125,0,0,0,0,0,0,0,0,0,0,0,0,0,0,0,7
13797562700,83379120,83364,83364,0,0,0,0.04352760314941406,0,-0.0036630630493164062,0,-0.0048847198486328125,0,0,0,0,0,0,0,0,0,0,0,0,0,0,0,7
13801209566,83384120,83369,83369,0,0,0,0.04352760314941406,0,-0.0036630630493164062,0,-0.014652252197265625,0,0,0,0,0,0,0,0,0,0,0,0,0,0,0,7
13804856428,83387121,83372,83372,0,0,0,0.04352760314941406,0,-0.010989189147949219,0,-0.0048847198486328125,0,0,0,0,0,0,0,0,0,0,0,0,0,0,0,7
13808503290,83390123,83376,83376,0,0,0,0.04352760314941406,0,-0.010989189147949219,0,-0.014652252197265625,0,0,0,0,0,0,0,0,0,0,0,0,0,0,0,7
13812150152,83393121,83378,83378,0,0,0,0.04352760314941406,0,-0.010989189147949219,0,-0.0048847198486328125,0,0,0,0,0,0,0,0,0,0,0,0,0,0,0,7
13815797014,83395141,83380,83380,0,0,0,0.04352760314941406,0,0.010989189147949219,0,-0.0048847198486328125,0,0,0,0,0,0,0,0,0,0,0,0,0,0,0,7
13819443876,83398124,83383,83383,0,0,0,0.04352760314941406,0,-0.0036630630493164062,0,-0.0048847198486328125,0,0,0,0,0,0,0,0,0,0,0,0,0,0,0,7
13823090738,83402122,83387,83387,0,0,0,0.04352760314941406,0,-0.010989189147949219,0,-0.014652252197265625,0,0,0,0,0,0,0,0,0,0,0,0,0,0,0,7
13826737600,83409129,83394,83394,0,0,0,0.04352760314941406,0,-0.010989189147949219,0,-0.014652252197265625,0,0,0,0,0,0,0,0,0,0,0,0,0,0,0,7
13830196391,83414120,83399,83399,0,0,0,0.04352760314941406,0,0.0036630630493164062,0,-0.014652252197265625,0,0,0,0,0,0,0,0,0,0,0,0,0,0,0,7
13833655178,83417121,83402,83402,0,0,0,0.04352760314941406,0,-0.0036630630493164062,0,-0.014652252197265625,0,0,0,0,0,0,0,0,0,0,0,0,0,0,0,7
13837113965,83421120,83406,83406,0,0,0,0.04352760314941406,0,-0.010989189147949219,0,-0.014652252197265625,0,0,0,0,0,0,0,0,0,0,0,0,0,0,0,7
13840572752,83424139,83409,83409,0,0,0,0.04352760314941406,0,-0.0036630630493164062,0,-0.014652252197265625,0,0,0,0,0,0,0,0,0,0,0,0,0,0,0,7
13844031539,83427125,83412,83412,0,0,0,0.04352760314941406,0,-0.010989189147949219,0,-0.014652252197265625,0,0,0,0,0,0,0,0,0,0,0,0,0,0,0,7
13847490326,83430120,83415,83415,0,0,0,0.04352760314941406,0,-0.010989189147949219,0,-0.014652252197265625,0,0,0,0,0,0,0,0,0,0,0,0,0,0,0,7
13850949113,83433121,83418,83418,0,0,0,0.04352760314941406,0,-0.010989189147949219,0,-0.014652252197265625,0,0,0,0,0,0,0,0,0,0,0,0,0,0,0,7
13854407900,83436122,83421,83421,0,0,0,0.04352760314941406,0,-0.0036630630493164062,0,-0.0048847198486328125,0,0,0,0,0,0,0,0,0,0,0,0,0,0,0,7
13857789541,83445129,83430,83430,0,0,0,0.04352760314941406,0,0.0036630630493164062,0,-0.014652252197265625,0,0,0,0,0,0,0,0,0,0,0,0,0,0,0,7
13861171178,83448124,83433,83433,0,0,0,0.04352760314941406,0,0.010989189147949219,0,-0.0048847198486328125,0,0,0,0,0,0,0,0,0,0,0,0,0,0,0,7
13864552815,83451129,83436,83436,0,0,0,0.04352760314941406,0,-0.0036630630493164062,0,-0.0048847198486328125,0,0,0,0,0,0,0,0,0,0,0,0,0,0,0,7
13867934452,83453125,83438,83438,0,0,0,0.04352760314941406,0,-0.010989189147949219,0,-0.0048847198486328125,0,0,0,0,0,0,0,0,0,0,0,0,0,0,0,7
13871316089,83455128,83440,83440,0,0,0,0.04352760314941406,0,-0.0036630630493164062,0,-0.0048847198486328125,0,0,0,0,0,0,0,0,0,0,0,0,0,0,0,7
13874697726,83458121,83443,83443,0,0,0,0.04352760314941406,0,0.0036630630493164062,0,-0.014652252197265625,0,0,0,0,0,0,0,0,0,0,0,0,0,0,0,7
13878079363,83461124,83446,83446,0,0,0,0.04352760314941406,0,0.0036630630493164062,0,-0.014652252197265625,0,0,0,0,0,0,0,0,0,0,0,0,0,0,0,7
13881461000,83464121,83449,83449,0,0,0,0.04352760314941406,0,-0.010989189147949219,0,-0.0048847198486328125,0,0,0,0,0,0,0,0,0,0,0,0,0,0,0,7
13884532691,83468120,83453,83453,0,0,0,0.04352760314941406,0,0.010989189147949219,0,-0.0048847198486328125,0,0,0,0,0,0,0,0,0,0,0,0,0,0,0,7
13887604378,83471121,83456,83456,0,0,0,0.04352760314941406,0,0.0036630630493164062,0,-0.014652252197265625,0,0,0,0,0,0,0,0,0,0,0,0,0,0,0,7
13890676065,83474120,83459,83459,0,0,0,0.04352760314941406,0,-0.01831531524658203,0,-0.0048847198486328125,0,0,0,0,0,0,0,0,0,0,0,0,0,0,0,7
13893747752,83476120,83461,83461,0,0,0,0.04352760314941406,0,-0.0036630630493164062,0,-0.0048847198486328125,0,0,0,0,0,0,0,0,0,0,0,0,0,0,0,7
13896819439,83479128,83464,83464,0,0,0,0.04352760314941406,0,0.0036630630493164062,0,-0.0048847198486328125,0,0,0,0,0,0,0,0,0,0,0,0,0,0,0,7
13899891126,83481126,83467,83467,0,0,0,0.04352760314941406,0,-0.0036630630493164062,0,-0.014652252197265625,0,0,0,0,0,0,0,0,0,0,0,0,0,0,0,7
13902962813,83484120,83469,83469,0,0,0,0.04352760314941406,0,-0.0036630630493164062,0,-0.014652252197265625,0,0,0,0,0,0,0,0,0,0,0,0,0,0,0,7
13906034500,83488120,83473,83473,0,0,0,0.04352760314941406,0,-0.010989189147949219,0,-0.014652252197265625,0,0,0,0,0,0,0,0,0,0,0,0,0,0,0,7
13909412950,83493128,83478,83478,0,0,0,0.04352760314941406,0,-0.0036630630493164062,0,-0.0048847198486328125,0,0,0,0,0,0,0,0,0,0,0,0,0,0,0,7
13912791400,83495133,83481,83481,0,0,0,0.04352760314941406,0,-0.0036630630493164062,0,-0.0048847198486328125,0,0,0,0,0,0,0,0,0,0,0,0,0,0,0,7
13916169850,83498124,83483,83483,0,0,0,0.04352760314941406,0,0.010989189147949219,0,-0.014652252197265625,0,0,0,0,0,0,0,0,0,0,0,0,0,0,0,7
13919548300,83501123,83486,83486,0,0,0,0.04352760314941406,0,-0.0036630630493164062,0,-0.0048847198486328125,0,0,0,0,0,0,0,0,0,0,0,0,0,0,0,7
13922926750,83504120,83489,83489,0,0,0,0.04352760314941406,0,-0.0036630630493164062,0,-0.0048847198486328125,0,0,0,0,0,0,0,0,0,0,0,0,0,0,0,7
13926305200,83507128,83492,83492,0,0,0,0.04352760314941406,0,-0.010989189147949219,0,-0.0048847198486328125,0,0,0,0,0,0,0,0,0,0,0,0,0,0,0,7
13929683650,83512122,83497,83497,0,0,0,0.04352760314941406,0,-0.010989189147949219,0,0.0048847198486328125,0,0,0,0,0,0,0,0,0,0,0,0,0,0,0,7
13933062100,83515129,83500,83500,0,0,0,0.04352760314941406,0,-0.010989189147949219,0,0.0048847198486328125,0,0,0,0,0,0,0,0,0,0,0,0,0,0,0,7
13935847566,83520120,83505,83505,0,0,0,0.04352760314941406,0,0.0036630630493164062,0,-0.0048847198486328125,0,0,0,0,0,0,0,0,0,0,0,0,0,0,0,7
13938633028,83523127,83508,83508,0,0,0,0.04352760314941406,0,-0.010989189147949219,0,-0.014652252197265625,0,0,0,0,0,0,0,0,0,0,0,0,0,0,0,7
13941418490,83525129,83510,83510,0,0,0,0.04352760314941406,0,0.0036630630493164062,0,-0.014652252197265625,0,0,0,0,0,0,0,0,0,0,0,0,0,0,0,7
13944203952,83528120,83513,83513,0,0,0,0.04352760314941406,0,-0.0036630630493164062,0,-0.014652252197265625,0,0,0,0,0,0,0,0,0,0,0,0,0,0,0,7
13946989414,83530121,83515,83515,0,0,0,0.04352760314941406,0,-0.010989189147949219,0,-0.0048847198486328125,0,0,0,0,0,0,0,0,0,0,0,0,0,0,0,7
13949774876,83532121,83517,83517,0,0,0,0.04352760314941406,0,-0.0036630630493164062,0,-0.0048847198486328125,0,0,0,0,0,0,0,0,0,0,0,0,0,0,0,7
13952560338,83534120,83519,83519,0,0,0,0.04352760314941406,0,-0.010989189147949219,0,-0.0048847198486328125,0,0,0,0,0,0,0,0,0,0,0,0,0,0,0,7
13955345800,83536135,83521,83521,0,0,0,0.04352760314941406,0,-0.0036630630493164062,0,-0.014652252197265625,0,0,0,0,0,0,0,0,0,0,0,0,0,0,0,7
13958871825,83542120,83527,83527,0,0,0,0.04352760314941406,0,-0.0036630630493164062,0,-0.014652252197265625,0,0,0,0,0,0,0,0,0,0,0,0,0,0,0,7
13962397850,83544121,83529,83529,0,0,0,0.04352760314941406,0,-0.0036630630493164062,0,-0.014652252197265625,0,0,0,0,0,0,0,0,0,0,0,0,0,0,0,7
13965923875,83547123,83532,83532,0,0,0,0.04352760314941406,0,0.0036630630493164062,0,-0.014652252197265625,0,0,0,0,0,0,0,0,0,0,0,0,0,0,0,7
13969449900,83550142,83535,83535,0,0,0,0.04352760314941406,0,-0.0036630630493164062,0,-0.014652252197265625,0,0,0,0,0,0,0,0,0,0,0,0,0,0,0,7
13972975925,83555129,83540,83540,0,0,0,0.04352760314941406,0,-0.010989189147949219,0,-0.0048847198486328125,0,0,0,0,0,0,0,0,0,0,0,0,0,0,0,7
13976501950,83558120,83543,83543,0,0,0,0.04352760314941406,0,-0.010989189147949219,0,-0.014652252197265625,0,0,0,0,0,0,0,0,0,0,0,0,0,0,0,7
13980027975,83561121,83546,83546,0,0,0,0.04352760314941406,0,-0.0036630630493164062,0,-0.014652252197265625,0,0,0,0,0,0,0,0,0,0,0,0,0,0,0,7
13983554000,83564140,83549,83549,0,0,0,0.04352760314941406,0,0.0036630630493164062,0,-0.014652252197265625,0,0,0,0,0,0,0,0,0,0,0,0,0,0,0,7
13987352925,83573120,83558,83558,0,0,0,0.04352760314941406,0,0.010989189147949219,0,-0.0048847198486328125,0,0,0,0,0,0,0,0,0,0,0,0,0,0,0,7
13991151850,83576123,83561,83561,0,0,0,0.04352760314941406,0,0.0036630630493164062,0,-0.014652252197265625,0,0,0,0,0,0,0,0,0,0,0,0,0,0,0,7
13994950775,83579124,83564,83564,0,0,0,0.04352760314941406,0,-0.010989189147949219,0,-0.014652252197265625,0,0,0,0,0,0,0,0,0,0,0,0,0,0,0,7
13998749700,83582120,83567,83567,0,0,0,0.04352760314941406,0,-0.010989189147949219,0,-0.0048847198486328125,0,0,0,0,0,0,0,0,0,0,0,0,0,0,0,7
14002548625,83585132,83570,83570,0,0,0,0.04352760314941406,0,-0.010989189147949219,0,-0.0048847198486328125,0,0,0,0,0,0,0,0,0,0,0,0,0,0,0,7
14006347550,83588120,83573,83573,0,0,0,0.04352760314941406,0,0.0036630630493164062,0,-0.0048847198486328125,0,0,0,0,0,0,0,0,0,0,0,0,0,0,0,7
14010146475,83591128,83576,83576,0,0,0,0.04352760314941406,0,0.0036630630493164062,0,-0.014652252197265625,0,0,0,0,0,0,0,0,0,0,0,0,0,0,0,7
14013945400,83596121,83581,83581,0,0,0,0.04352760314941406,0,-0.0036630630493164062,0,-0.0048847198486328125,0,0,0,0,0,0,0,0,0,0,0,0,0,0,0,7
14016697291,83600129,83585,83585,0,0,0,0.04352760314941406,0,-0.0036630630493164062,0,-0.0048847198486328125,0,0,0,0,0,0,0,0,0,0,0,0,0,0,0,7
14019449178,83602120,83587,83587,0,0,0,0.04352760314941406,0,-0.0036630630493164062,0,-0.0048847198486328125,0,0,0,0,0,0,0,0,0,0,0,0,0,0,0,7
14022201065,83605138,83590,83590,0,0,0,0.04352760314941406,0,-0.0036630630493164062,0,-0.014652252197265625,0,0,0,0,0,0,0,0,0,0,0,0,0,0,0,7
14024952952,83607125,83592,83593,0,0,0,0.04352760314941406,0,-0.0036630630493164062,0,-0.024419784545898438,0,0,0,0,0,0,0,0,0,0,0,0,0,0,0,7
14027704839,83610122,83595,83595,0,0,0,0.04352760314941406,0,-0.0036630630493164062,0,-0.014652252197265625,0,0,0,0,0,0,0,0,0,0,0,0,0,0,0,7
14030456726,83613120,83598,83598,0,0,0,0.04352760314941406,0,-0.010989189147949219,0,-0.0048847198486328125,0,0,0,0,0,0,0,0,0,0,0,0,0,0,0,7
14033208613,83615129,83600,83600,0,0,0,0.04352760314941406,0,-0.010989189147949219,0,-0.0048847198486328125,0,0,0,0,0,0,0,0,0,0,0,0,0,0,0,7
14035960500,83618122,83603,83603,0,0,0,0.04352760314941406,0,0.010989189147949219,0,-0.0048847198486328125,0,0,0,0,0,0,0,0,0,0,0,0,0,0,0,7
14039848566,83623120,83608,83608,0,0,0,0.04352760314941406,0,-0.0036630630493164062,0,-0.014652252197265625,0,0,0,0,0,0,0,0,0,0,0,0,0,0,0,7
14043736628,83627120,83612,83612,0,0,0,0.04352760314941406,0,-0.0036630630493164062,0,-0.0048847198486328125,0,0,0,0,0,0,0,0,0,0,0,0,0,0,0,7
14047624690,83631121,83616,83616,0,0,0,0.04352760314941406,0,-0.0036630630493164062,0,-0.0048847198486328125,0,0,0,0,0,0,0,0,0,0,0,0,0,0,0,7
14051512752,83634136,83619,83619,0,0,0,0.04352760314941406,0,0.0036630630493164062,0,-0.0048847198486328125,0,0,0,0,0,0,0,0,0,0,0,0,0,0,0,7
14055400814,83637121,83622,83622,0,0,0,0.04352760314941406,0,-0.0036630630493164062,0,-0.014652252197265625,0,0,0,0,0,0,0,0,0,0,0,0,0,0,0,7
14059288876,83641121,83626,83626,0,0,0,0.04352760314941406,0,-0.010989189147949219,0,-0.0048847198486328125,0,0,0,0,0,0,0,0,0,0,0,0,0,0,0,7
14063176938,83645129,83631,83631,0,0,0,0.04352760314941406,0,-0.0036630630493164062,0,-0.0048847198486328125,0,0,0,0,0,0,0,0,0,0,0,0,0,0,0,7
14067065000,83649125,83634,83634,0,0,0,0.04352760314941406,0,-0.0036630630493164062,0,-0.0048847198486328125,0,0,0,0,0,0,0,0,0,0,0,0,0,0,0,7
14070956841,83654120,83639,83639,0,0,0,0.04352760314941406,0,-0.010989189147949219,0,-0.014652252197265625,0,0,0,0,0,0,0,0,0,0,0,0,0,0,0,7
14074848678,83657121,83642,83642,0,0,0,0.04352760314941406,0,-0.010989189147949219,0,-0.014652252197265625,0,0,0,0,0,0,0,0,0,0,0,0,0,0,0,7
14078740515,83661128,83646,83646,0,0,0,0.04352760314941406,0,-0.0036630630493164062,0,-0.014652252197265625,0,0,0,0,0,0,0,0,0,0,0,0,0,0,0,7
14082632352,83664124,83649,83649,0,0,0,0.04352760314941406,0,0.0036630630493164062,0,-0.0048847198486328125,0,0,0,0,0,0,0,0,0,0,0,0,0,0,0,7
14086524189,83667121,83652,83652,0,0,0,0.04352760314941406,0,-0.0036630630493164062,0,-0.0048847198486328125,0,0,0,0,0,0,0,0,0,0,0,0,0,0,0,7
14090416026,83671121,83656,83656,0,0,0,0.04352760314941406,0,-0.0036630630493164062,0,-0.0048847198486328125,0,0,0,0,0,0,0,0,0,0,0,0,0,0,0,7
14094307863,83676137,83661,83661,0,0,0,0.04352760314941406,0,-0.0036630630493164062,0,-0.014652252197265625,0,0,0,0,0,0,0,0,0,0,0,0,0,0,0,7
14098199700,83680124,83665,83665,0,0,0,0.04352760314941406,0,-0.010989189147949219,0,-0.0048847198486328125,0,0,0,0,0,0,0,0,0,0,0,0,0,0,0,7
14102500425,83687120,83672,83672,0,0,0,0.04352760314941406,0,-0.0036630630493164062,0,-0.014652252197265625,0,0,0,0,0,0,0,0,0,0,0,0,0,0,0,7
14106801150,83692122,83677,83677,0,0,0,0.04352760314941406,0,0.010989189147949219,0,-0.0048847198486328125,0,0,0,0,0,0,0,0,0,0,0,0,0,0,0,7
14111101875,83695128,83680,83681,0,0,0,0.04352760314941406,0,-0.010989189147949219,0,-0.014652252197265625,0,0,0,0,0,0,0,0,0,0,0,0,0,0,0,7
14115402600,83699121,83684,83684,0,0,0,0.04352760314941406,0,-0.010989189147949219,0,-0.014652252197265625,0,0,0,0,0,0,0,0,0,0,0,0,0,0,0,7
14119703325,83703128,83688,83688,0,0,0,0.04352760314941406,0,0.0036630630493164062,0,-0.014652252197265625,0,0,0,0,0,0,0,0,0,0,0,0,0,0,0,7
14124004050,83707121,83692,83692,0,0,0,0.04352760314941406,0,0.010989189147949219,0,-0.014652252197265625,0,0,0,0,0,0,0,0,0,0,0,0,0,0,0,7
14128304775,83710120,83695,83695,0,0,0,0.04352760314941406,0,-0.0036630630493164062,0,-0.014652252197265625,0,0,0,0,0,0,0,0,0,0,0,0,0,0,0,7
14132605500,83714120,83699,83699,0,0,0,0.04352760314941406,0,0.010989189147949219,0,-0.024419784545898438,0,0,0,0,0,0,0,0,0,0,0,0,0,0,0,7
14136414400,83719125,83704,83704,0,0,0,0.04352760314941406,0,-0.0036630630493164062,0,-0.0048847198486328125,0,0,0,0,0,0,0,0,0,0,0,0,0,0,0,7
14140223300,83723120,83708,83708,0,0,0,0.04352760314941406,0,0.0036630630493164062,0,-0.0048847198486328125,0,0,0,0,0,0,0,0,0,0,0,0,0,0,0,7
14144032200,83726122,83711,83711,0,0,0,0.04352760314941406,0,-0.0036630630493164062,0,-0.014652252197265625,0,0,0,0,0,0,0,0,0,0,0,0,0,0,0,7
14147841100,83730124,83715,83715,0,0,0,0.04352760314941406,0,-0.0036630630493164062,0,-0.014652252197265625,0,0,0,0,0,0,0,0,0,0,0,0,0,0,0,7
14151650000,83733124,83719,83719,0,0,0,0.04352760314941406,0,-0.010989189147949219,0,-0.0048847198486328125,0,0,0,0,0,0,0,0,0,0,0,0,0,0,0,7
14155458900,83737121,83722,83722,0,0,0,0.04352760314941406,0,-0.010989189147949219,0,-0.0048847198486328125,0,0,0,0,0,0,0,0,0,0,0,0,0,0,0,7
14159267800,83741121,83726,83726,0,0,0,0.04352760314941406,0,-0.010989189147949219,0,-0.0048847198486328125,0,0,0,0,0,0,0,0,0,0,0,0,0,0,0,7
14163076700,83744120,83729,83729,0,0,0,0.04352760314941406,0,0.010989189147949219,0,-0.014652252197265625,0,0,0,0,0,0,0,0,0,0,0,0,0,0,0,7
14166878691,83750130,83735,83735,0,0,0,0.04352760314941406,0,-0.0036630630493164062,0,-0.014652252197265625,0,0,0,0,0,0,0,0,0,0,0,0,0,0,0,7
14170680678,83754120,83739,83739,0,0,0,0.04352760314941406,0,-0.010989189147949219,0,-0.0048847198486328125,0,0,0,0,0,0,0,0,0,0,0,0,0,0,0,7
14174482665,83758120,83743,83743,0,0,0,0.04352760314941406,0,0.0036630630493164062,0,-0.0048847198486328125,0,0,0,0,0,0,0,0,0,0,0,0,0,0,0,7
14178284652,83761124,83746,83746,0,0,0,0.04352760314941406,0,-0.0036630630493164062,0,-0.0048847198486328125,0,0,0,0,0,0,0,0,0,0,0,0,0,0,0,7
14182086639,83766120,83751,83751,0,0,0,0.04352760314941406,0,-0.0036630630493164062,0,-0.0048847198486328125,0,0,0,0,0,0,0,0,0,0,0,0,0,0,0,7
14185888626,83769121,83754,83754,0,0,0,0.04352760314941406,0,0.0036630630493164062,0,-0.0048847198486328125,0,0,0,0,0,0,0,0,0,0,0,0,0,0,0,7
14189690613,83772120,83757,83757,0,0,0,0.04352760314941406,0,-0.010989189147949219,0,-0.0048847198486328125,0,0,0,0,0,0,0,0,0,0,0,0,0,0,0,7
14193492600,83775137,83760,83760,0,0,0,0.04352760314941406,0,-0.0036630630493164062,0,-0.0048847198486328125,0,0,0,0,0,0,0,0,0,0,0,0,0,0,0,7
14197385191,83781121,83766,83766,0,0,0,0.04352760314941406,0,-0.010989189147949219,0,-0.0048847198486328125,0,0,0,0,0,0,0,0,0,0,0,0,0,0,0,7
14201277778,83784122,83769,83769,0,0,0,0.04352760314941406,0,0.0036630630493164062,0,-0.014652252197265625,0,0,0,0,0,0,0,0,0,0,0,0,0,0,0,7
14205170365,83786120,83771,83771,0,0,0,0.04352760314941406,0,-0.0036630630493164062,0,-0.014652252197265625,0,0,0,0,0,0,0,0,0,0,0,0,0,0,0,7
14209062952,83790120,83775,83775,0,0,0,0.04352760314941406,0,-0.010989189147949219,0,-0.014652252197265625,0,0,0,0,0,0,0,0,0,0,0,0,0,0,0,7
14212955539,83793120,83778,83778,0,0,0,0.04352760314941406,0,-0.010989189147949219,0,-0.014652252197265625,0,0,0,0,0,0,0,0,0,0,0,0,0,0,0,7
14216848126,83796125,83781,83781,0,0,0,0.04352760314941406,0,-0.010989189147949219,0,-0.014652252197265625,0,0,0,0,0,0,0,0,0,0,0,0,0,0,0,7
14220740713,83802135,83787,83787,0,0,0,0.04352760314941406,0,-0.010989189147949219,0,-0.0048847198486328125,0,0,0,0,0,0,0,0,0,0,0,0,0,0,0,7
14224633300,83806120,83791,83791,0,0,0,0.04352760314941406,0,0.0036630630493164062,0,-0.0048847198486328125,0,0,0,0,0,0,0,0,0,0,0,0,0,0,0,7
14228966191,83815137,83800,83800,0,0,0,0.04352760314941406,0,-0.0036630630493164062,0,0.0048847198486328125,0,0,0,0,0,0,0,0,0,0,0,0,0,0,0,7
14233299078,83818120,83803,83804,0,0,0,0.04352760314941406,0,0.0036630630493164062,0,0.0048847198486328125,0,0,0,0,0,0,0,0,0,0,0,0,0,0,0,7
14237631965,83822120,83807,83807,0,0,0,0.04352760314941406,0,-0.010989189147949219,0,-0.014652252197265625,0,0,0,0,0,0,0,0,0,0,0,0,0,0,0,7
14241964852,83826120,83811,83811,0,0,0,0.04352760314941406,0,-0.010989189147949219,0,-0.014652252197265625,0,0,0,0,0,0,0,0,0,0,0,0,0,0,0,7
14246297739,83830139,83815,83815,0,0,0,0.04352760314941406,0,0.0036630630493164062,0,-0.014652252197265625,0,0,0,0,0,0,0,0,0,0,0,0,0,0,0,7
14250630626,83833124,83818,83818,0,0,0,0.04352760314941406,0,-0.010989189147949219,0,-0.014652252197265625,0,0,0,0,0,0,0,0,0,0,0,0,0,0,0,7
14254963513,83838124,83823,83823,0,0,0,0.04352760314941406,0,0.0036630630493164062,0,-0.014652252197265625,0,0,0,0,0,0,0,0,0,0,0,0,0,0,0,7
14259296400,83841121,83826,83826,0,0,0,0.04352760314941406,0,-0.01831531524658203,0,-0.0048847198486328125,0,0,0,0,0,0,0,0,0,0,0,0,0,0,0,7
14263099516,83846124,83831,83831,0,0,0,0.04352760314941406,0,-0.0036630630493164062,0,-0.0048847198486328125,0,0,0,0,0,0,0,0,0,0,0,0,0,0,0,7
14266902628,83849121,83834,83834,0,0,0,0.04352760314941406,0,-0.010989189147949219,0,-0.014652252197265625,0,0,0,0,0,0,0,0,0,0,0,0,0,0,0,7
14270705740,83852122,83837,83837,0,0,0,0.04352760314941406,0,-0.010989189147949219,0,-0.014652252197265625,0,0,0,0,0,0,0,0,0,0,0,0,0,0,0,7
14274508852,83857128,83842,83842,0,0,0,0.04352760314941406,0,0.0036630630493164062,0,-0.0048847198486328125,0,0,0,0,0,0,0,0,0,0,0,0,0,0,0,7
14278311964,83860120,83845,83845,0,0,0,0.04352760314941406,0,0.010989189147949219,0,-0.0048847198486328125,0,0,0,0,0,0,0,0,0,0,0,0,0,0,0,7
14282115076,83864121,83849,83849,0,0,0,0.04352760314941406,0,0.0036630630493164062,0,-0.0048847198486328125,0,0,0,0,0,0,0,0,0,0,0,0,0,0,0,7
14285918188,83866122,83851,83851,0,0,0,0.04352760314941406,0,0.0036630630493164062,0,-0.0048847198486328125,0,0,0,0,0,0,0,0,0,0,0,0,0,0,0,7
14289721300,83870121,83855,83855,0,0,0,0.04352760314941406,0,0.0036630630493164062,0,-0.014652252197265625,0,0,0,0,0,0,0,0,0,0,0,0,0,0,0,7
14294133991,83876120,83861,83861,0,0,0,0.04352760314941406,0,-0.0036630630493164062,0,-0.014652252197265625,0,0,0,0,0,0,0,0,0,0,0,0,0,0,0,7
14298546678,83880120,83865,83865,0,0,0,0.04352760314941406,0,-0.010989189147949219,0,-0.014652252197265625,0,0,0,0,0,0,0,0,0,0,0,0,0,0,0,7
14302959365,83883124,83868,83868,0,0,0,0.04352760314941406,0,-0.010989189147949219,0,-0.014652252197265625,0,0,0,0,0,0,0,0,0,0,0,0,0,0,0,7
14307372052,83888120,83873,83873,0,0,0,0.04352760314941406,0,-0.0036630630493164062,0,-0.014652252197265625,0,0,0,0,0,0,0,0,0,0,0,0,0,0,0,7
14311784739,83891124,83876,83876,0,0,0,0.04352760314941406,0,0.0036630630493164062,0,-0.014652252197265625,0,0,0,0,0,0,0,0,0,0,0,0,0,0,0,7
14316197426,83894120,83879,83879,0,0,0,0.04352760314941406,0,0.0036630630493164062,0,-0.014652252197265625,0,0,0,0,0,0,0,0,0,0,0,0,0,0,0,7
14320610113,83897121,83882,83882,0,0,0,0.04352760314941406,0,-0.0036630630493164062,0,-0.014652252197265625,0,0,0,0,0,0,0,0,0,0,0,0,0,0,0,7
14325022800,83904124,83889,83889,0,0,0,0.04352760314941406,0,-0.0036630630493164062,0,-0.014652252197265625,0,0,0,0,0,0,0,0,0,0,0,0,0,0,0,7
14328593532,83912123,83897,83897,0,0,0,0.04352760314941406,0,0.0036630630493164062,0,-0.0048847198486328125,0,0,0,0,0,0,0,0,0,0,0,0,0,0,0,7
14332164260,83914135,83899,83899,0,0,0,0.04352760314941406,0,-0.0036630630493164062,0,-0.014652252197265625,0,0,0,0,0,0,0,0,0,0,0,0,0,0,0,7
14335734988,83918121,83903,83903,0,0,0,0.04352760314941406,0,-0.0036630630493164062,0,-0.0048847198486328125,0,0,0,0,0,0,0,0,0,0,0,0,0,0,0,7
14339305716,83920124,83905,83905,0,0,0,0.04352760314941406,0,-0.0036630630493164062,0,-0.0048847198486328125,0,0,0,0,0,0,0,0,0,0,0,0,0,0,0,7
14342876444,83924122,83909,83909,0,0,0,0.04352760314941406,0,-0.010989189147949219,0,-0.0048847198486328125,0,0,0,0,0,0,0,0,0,0,0,0,0,0,0,7
14346447172,83927128,83912,83912,0,0,0,0.04352760314941406,0,-0.010989189147949219,0,-0.014652252197265625,0,0,0,0,0,0,0,0,0,0,0,0,0,0,0,7
14350017900,83931121,83916,83916,0,0,0,0.04352760314941406,0,-0.0036630630493164062,0,-0.0048847198486328125,0,0,0,0,0,0,0,0,0,0,0,0,0,0,0,7
14354229216,83940120,83925,83925,0,0,0,0.04352760314941406,0,-0.0036630630493164062,0,-0.014652252197265625,0,0,0,0,0,0,0,0,0,0,0,0,0,0,0,7
14358440528,83943124,83928,83928,0,0,0,0.04352760314941406,0,-0.0036630630493164062,0,-0.0048847198486328125,0,0,0,0,0,0,0,0,0,0,0,0,0,0,0,7
14362651840,83947121,83932,83932,0,0,0,0.04352760314941406,0,-0.010989189147949219,0,-0.014652252197265625,0,0,0,0,0,0,0,0,0,0,0,0,0,0,0,7
14366863152,83950130,83935,83935,0,0,0,0.04352760314941406,0,-0.010989189147949219,0,-0.0048847198486328125,0,0,0,0,0,0,0,0,0,0,0,0,0,0,0,7
14371074464,83954124,83939,83939,0,0,0,0.04352760314941406,0,-0.0036630630493164062,0,-0.0048847198486328125,0,0,0,0,0,0,0,0,0,0,0,0,0,0,0,7
14375285776,83958122,83943,83943,0,0,0,0.04352760314941406,0,0.0036630630493164062,0,-0.014652252197265625,0,0,0,0,0,0,0,0,0,0,0,0,0,0,0,7
14379497088,83961120,83946,83946,0,0,0,0.04352760314941406,0,-0.010989189147949219,0,-0.014652252197265625,0,0,0,0,0,0,0,0,0,0,0,0,0,0,0,7
14383708400,83965129,83950,83950,0,0,0,0.04352760314941406,0,-0.0036630630493164062,0,-0.014652252197265625,0,0,0,0,0,0,0,0,0,0,0,0,0,0,0,7
14387298291,83971124,83956,83956,0,0,0,0.04352760314941406,0,-0.010989189147949219,0,-0.014652252197265625,0,0,0,0,0,0,0,0,0,0,0,0,0,0,0,7
14390888178,83974122,83960,83960,0,0,0,0.04352760314941406,0,0.0036630630493164062,0,-0.0048847198486328125,0,0,0,0,0,0,0,0,0,0,0,0,0,0,0,7
14394478065,83978124,83963,83963,0,0,0,0.04352760314941406,0,-0.010989189147949219,0,0.0048847198486328125,0,0,0,0,0,0,0,0,0,0,0,0,0,0,0,7
14398067952,83981120,83966,83966,0,0,0,0.04352760314941406,0,0.010989189147949219,0,-0.0048847198486328125,0,0,0,0,0,0,0,0,0,0,0,0,0,0,0,7
14401657839,83984135,83969,83969,0,0,0,0.04352760314941406,0,-0.0036630630493164062,0,-0.014652252197265625,0,0,0,0,0,0,0,0,0,0,0,0,0,0,0,7
14405247726,83987123,83972,83972,0,0,0,0.04352760314941406,0,-0.0036630630493164062,0,-0.0048847198486328125,0,0,0,0,0,0,0,0,0,0,0,0,0,0,0,7
14408837613,83991124,83976,83976,0,0,0,0.04352760314941406,0,-0.0036630630493164062,0,-0.0048847198486328125,0,0,0,0,0,0,0,0,0,0,0,0,0,0,0,7
14412427500,83994120,83979,83979,0,0,0,0.04352760314941406,0,-0.0036630630493164062,0,-0.0048847198486328125,0,0,0,0,0,0,0,0,0,0,0,0,0,0,0,7
14416225941,83999129,83984,83984,0,0,0,0.04352760314941406,0,-0.010989189147949219,0,-0.0048847198486328125,0,0,0,0,0,0,0,0,0,0,0,0,0,0,0,7
14420024378,84003122,83988,83988,0,0,0,0.04352760314941406,0,-0.0036630630493164062,0,-0.0048847198486328125,0,0,0,0,0,0,0,0,0,0,0,0,0,0,0,7
14423822815,84006120,83991,83991,0,0,0,0.04352760314941406,0,-0.0036630630493164062,0,-0.0048847198486328125,0,0,0,0,0,0,0,0,0,0,0,0,0,0,0,7
14427621252,84009121,83995,83995,0,0,0,0.04352760314941406,0,0.01831531524658203,0,-0.0048847198486328125,0,0,0,0,0,0,0,0,0,0,0,0,0,0,0,7
14431419689,84013125,83998,83998,0,0,0,0.04352760314941406,0,-0.010989189147949219,0,-0.0048847198486328125,0,0,0,0,0,0,0,0,0,0,0,0,0,0,0,7
14435218126,84016122,84001,84001,0,0,0,0.04352760314941406,0,0.010989189147949219,0,-0.0048847198486328125,0,0,0,0,0,0,0,0,0,0,0,0,0,0,0,7
14439016563,84020124,84005,84005,0,0,0,0.04352760314941406,0,-0.010989189147949219,0,-0.0048847198486328125,0,0,0,0,0,0,0,0,0,0,0,0,0,0,0,7
14442815000,84024122,84009,84009,0,0,0,0.04352760314941406,0,-0.0036630630493164062,0,-0.0048847198486328125,0,0,0,0,0,0,0,0,0,0,0,0,0,0,0,7
14446399725,84029120,84014,84014,0,0,0,0.04352760314941406,0,-0.0036630630493164062,0,-0.0048847198486328125,0,0,0,0,0,0,0,0,0,0,0,0,0,0,0,7
14449984450,84033124,84018,84018,0,0,0,0.04352760314941406,0,-0.0036630630493164062,0,-0.0048847198486328125,0,0,0,0,0,0,0,0,0,0,0,0,0,0,0,7
14453569175,84036124,84021,84021,0,0,0,0.04352760314941406,0,-0.0036630630493164062,0,-0.0048847198486328125,0,0,0,0,0,0,0,0,0,0,0,0,0,0,0,7
14457153900,84040136,84025,84025,0,0,0,0.04352760314941406,0,0.0036630630493164062,0,-0.0048847198486328125,0,0,0,0,0,0,0,0,0,0,0,0,0,0,0,7
14460738625,84043120,84028,84028,0,0,0,0.04352760314941406,0,-0.010989189147949219,0,-0.0048847198486328125,0,0,0,0,0,0,0,0,0,0,0,0,0,0,0,7
14464323350,84046120,84031,84031,0,0,0,0.04352760314941406,0,-0.0036630630493164062,0,-0.0048847198486328125,0,0,0,0,0,0,0,0,0,0,0,0,0,0,0,7
14467908075,84049125,84034,84034,0,0,0,0.04352760314941406,0,0.0036630630493164062,0,-0.014652252197265625,0,0,0,0,0,0,0,0,0,0,0,0,0,0,0,7
14471492800,84052122,84037,84037,0,0,0,0.04352760314941406,0,0.0036630630493164062,0,-0.014652252197265625,0,0,0,0,0,0,0,0,0,0,0,0,0,0,0,7
14475074116,84060120,84045,84045,0,0,0,0.04352760314941406,0,-0.0036630630493164062,0,-0.014652252197265625,0,0,0,0,0,0,0,0,0,0,0,0,0,0,0,7
14478655428,84063121,84048,84048,0,0,0,0.04352760314941406,0,-0.0036630630493164062,0,-0.014652252197265625,0,0,0,0,0,0,0,0,0,0,0,0,0,0,0,7
14482236740,84065133,84050,84050,0,0,0,0.04352760314941406,0,-0.0036630630493164062,0,-0.014652252197265625,0,0,0,0,0,0,0,0,0,0,0,0,0,0,0,7
14485818052,84068135,84053,84053,0,0,0,0.04352760314941406,0,0.0036630630493164062,0,-0.014652252197265625,0,0,0,0,0,0,0,0,0,0,0,0,0,0,0,7
14489399364,84071121,84056,84056,0,0,0,0.04352760314941406,0,-0.01831531524658203,0,-0.0048847198486328125,0,0,0,0,0,0,0,0,0,0,0,0,0,0,0,7
14492980676,84074122,84059,84059,0,0,0,0.04352760314941406,0,-0.0036630630493164062,0,0.0048847198486328125,0,0,0,0,0,0,0,0,0,0,0,0,0,0,0,7
14496561988,84077121,84062,84062,0,0,0,0.04352760314941406,0,-0.0036630630493164062,0,-0.014652252197265625,0,0,0,0,0,0,0,0,0,0,0,0,0,0,0,7
14500143300,84081128,84066,84066,0,0,0,0.04352760314941406,0,-0.010989189147949219,0,-0.0048847198486328125,0,0,0,0,0,0,0,0,0,0,0,0,0,0,0,7
14503973491,84087121,84072,84072,0,0,0,0.04352760314941406,0,0.010989189147949219,0,-0.0048847198486328125,0,0,0,0,0,0,0,0,0,0,0,0,0,0,0,7
14507803678,84090122,84075,84075,0,0,0,0.04352760314941406,0,-0.0036630630493164062,0,-0.014652252197265625,0,0,0,0,0,0,0,0,0,0,0,0,0,0,0,7
14511633865,84093120,84078,84078,0,0,0,0.04352760314941406,0,-0.0036630630493164062,0,-0.014652252197265625,0,0,0,0,0,0,0,0,0,0,0,0,0,0,0,7
14515464052,84097125,84082,84082,0,0,0,0.04352760314941406,0,-0.010989189147949219,0,-0.014652252197265625,0,0,0,0,0,0,0,0,0,0,0,0,0,0,0,7
14519294239,84101123,84086,84086,0,0,0,0.04352760314941406,0,-0.0036630630493164062,0,-0.014652252197265625,0,0,0,0,0,0,0,0,0,0,0,0,0,0,0,7
14523124426,84104120,84089,84089,0,0,0,0.04352760314941406,0,-0.010989189147949219,0,-0.014652252197265625,0,0,0,0,0,0,0,0,0,0,0,0,0,0,0,7
14526954613,84108122,84093,84093,0,0,0,0.04352760314941406,0,-0.0036630630493164062,0,-0.014652252197265625,0,0,0,0,0,0,0,0,0,0,0,0,0,0,0,7
14530784800,84111127,84096,84096,0,0,0,0.04352760314941406,0,0.0036630630493164062,0,0.0048847198486328125,0,0,0,0,0,0,0,0,0,0,0,0,0,0,0,7
14534660400,84117121,84103,84103,0,0,0,0.04352760314941406,0,-0.010989189147949219,0,-0.0048847198486328125,0,0,0,0,0,0,0,0,0,0,0,0,0,0,0,7
14538536000,84120124,84105,84105,0,0,0,0.04352760314941406,0,0.010989189147949219,0,-0.0048847198486328125,0,0,0,0,0,0,0,0,0,0,0,0,0,0,0,7
14542411600,84123132,84108,84108,0,0,0,0.04352760314941406,0,-0.0036630630493164062,0,-0.0048847198486328125,0,0,0,0,0,0,0,0,0,0,0,0,0,0,0,7
14546287200,84126120,84111,84111,0,0,0,0.04352760314941406,0,-0.010989189147949219,0,-0.014652252197265625,0,0,0,0,0,0,0,0,0,0,0,0,0,0,0,7
14550162800,84130120,84115,84115,0,0,0,0.04352760314941406,0,0.010989189147949219,0,-0.0048847198486328125,0,0,0,0,0,0,0,0,0,0,0,0,0,0,0,7
14554038400,84134120,84119,84119,0,0,0,0.04352760314941406,0,-0.010989189147949219,0,-0.014652252197265625,0,0,0,0,0,0,0,0,0,0,0,0,0,0,0,7
14557914000,84137129,84122,84122,0,0,0,0.04352760314941406,0,-0.0036630630493164062,0,-0.014652252197265625,0,0,0,0,0,0,0,0,0,0,0,0,0,0,0,7
14561789600,84141124,84126,84126,0,0,0,0.04352760314941406,0,-0.010989189147949219,0,-0.014652252197265625,0,0,0,0,0,0,0,0,0,0,0,0,0,0,0,7
14565421666,84149125,84134,84134,0,0,0,0.04352760314941406,0,-0.0036630630493164062,0,-0.024419784545898438,0,0,0,0,0,0,0,0,0,0,0,0,0,0,0,7
14569053728,84151128,84136,84136,0,0,0,0.04352760314941406,0,-0.0036630630493164062,0,-0.0048847198486328125,0,0,0,0,0,0,0,0,0,0,0,0,0,0,0,7
14572685790,84155129,84140,84140,0,0,0,0.04352760314941406,0,-0.0036630630493164062,0,-0.0048847198486328125,0,0,0,0,0,0,0,0,0,0,0,0,0,0,0,7
14576317852,84158120,84143,84143,0,0,0,0.04352760314941406,0,-0.0036630630493164062,0,-0.014652252197265625,0,0,0,0,0,0,0,0,0,0,0,0,0,0,0,7
14579949914,84162120,84147,84147,0,0,0,0.04352760314941406,0,-0.0036630630493164062,0,-0.014652252197265625,0,0,0,0,0,0,0,0,0,0,0,0,0,0,0,7
14583581976,84165140,84150,84150,0,0,0,0.04352760314941406,0,-0.010989189147949219,0,-0.0048847198486328125,0,0,0,0,0,0,0,0,0,0,0,0,0,0,0,7
14587214038,84168120,84153,84153,0,0,0,0.04352760314941406,0,-0.0036630630493164062,0,-0.014652252197265625,0,0,0,0,0,0,0,0,0,0,0,0,0,0,0,7
14590846100,84172121,84157,84157,0,0,0,0.04352760314941406,0,0.0036630630493164062,0,-0.014652252197265625,0,0,0,0,0,0,0,0,0,0,0,0,0,0,0,7
14595282350,84181129,84166,84166,0,0,0,0.04352760314941406,0,-0.0036630630493164062,0,-0.0048847198486328125,0,0,0,0,0,0,0,0,0,0,0,0,0,0,0,7
14599718600,84185130,84170,84170,0,0,0,0.04352760314941406,0,-0.0036630630493164062,0,-0.0048847198486328125,0,0,0,0,0,0,0,0,0,0,0,0,0,0,0,7
14604154850,84188120,84173,84173,0,0,0,0.04352760314941406,0,0.0036630630493164062,0,-0.0048847198486328125,0,0,0,0,0,0,0,0,0,0,0,0,0,0,0,7
14608591100,84191120,84176,84176,0,0,0,0.04352760314941406,0,-0.010989189147949219,0,-0.014652252197265625,0,0,0,0,0,0,0,0,0,0,0,0,0,0,0,7
14613027350,84195133,84180,84180,0,0,0,0.04352760314941406,0,-0.0036630630493164062,0,-0.014652252197265625,0,0,0,0,0,0,0,0,0,0,0,0,0,0,0,7
14617463600,84199125,84184,84184,0,0,0,0.04352760314941406,0,-0.0036630630493164062,0,-0.014652252197265625,0,0,0,0,0,0,0,0,0,0,0,0,0,0,0,7
14621899850,84203121,84188,84188,0,0,0,0.04352760314941406,0,0.0036630630493164062,0,-0.014652252197265625,0,0,0,0,0,0,0,0,0,0,0,0,0,0,0,7
14626336100,84208135,84193,84193,0,0,0,0.04352760314941406,0,-0.01831531524658203,0,-0.014652252197265625,0,0,0,0,0,0,0,0,0,0,0,0,0,0,0,7
14630412674,84214122,84199,84199,0,0,0,0.04352760314941406,0,0.0036630630493164062,0,-0.0048847198486328125,0,0,0,0,0,0,0,0,0,0,0,0,0,0,0,7
14634489245,84217121,84202,84202,0,0,0,0.04352760314941406,0,0.0036630630493164062,0,-0.0048847198486328125,0,0,0,0,0,0,0,0,0,0,0,0,0,0,0,7
14638565816,84219122,84204,84204,0,0,0,0.04352760314941406,0,-0.0036630630493164062,0,-0.0048847198486328125,0,0,0,0,0,0,0,0,0,0,0,0,0,0,0,7
14642642387,84223128,84208,84208,0,0,0,0.04352760314941406,0,0.0036630630493164062,0,-0.014652252197265625,0,0,0,0,0,0,0,0,0,0,0,0,0,0,0,7
14646718958,84227123,84212,84212,0,0,0,0.04352760314941406,0,-0.010989189147949219,0,-0.0048847198486328125,0,0,0,0,0,0,0,0,0,0,0,0,0,0,0,7
14650795529,84231124,84216,84216,0,0,0,0.04352760314941406,0,-0.0036630630493164062,0,-0.014652252197265625,0,0,0,0,0,0,0,0,0,0,0,0,0,0,0,7
14654872100,84235138,84220,84220,0,0,0,0.04352760314941406,0,-0.0036630630493164062,0,-0.024419784545898438,0,0,0,0,0,0,0,0,0,0,0,0,0,0,0,7
14657857216,84242120,84227,84227,0,0,0,0.04352760314941406,0,-0.0036630630493164062,0,-0.014652252197265625,0,0,0,0,0,0,0,0,0,0,0,0,0,0,0,7
14660842330,84244123,84229,84229,0,0,0,0.04352760314941406,0,-0.0036630630493164062,0,-0.0048847198486328125,0,0,0,0,0,0,0,0,0,0,0,0,0,0,0,7
14663827444,84247121,84232,84232,0,0,0,0.04352760314941406,0,-0.010989189147949219,0,-0.0048847198486328125,0,0,0,0,0,0,0,0,0,0,0,0,0,0,0,7
14666812558,84250143,84235,84235,0,0,0,0.04352760314941406,0,-0.0036630630493164062,0,-0.0048847198486328125,0,0,0,0,0,0,0,0,0,0,0,0,0,0,0,7
14669797672,84252126,84237,84237,0,0,0,0.04352760314941406,0,0.0036630630493164062,0,-0.014652252197265625,0,0,0,0,0,0,0,0,0,0,0,0,0,0,0,7
14672782786,84255129,84240,84240,0,0,0,0.04352760314941406,0,-0.0036630630493164062,0,-0.024419784545898438,0,0,0,0,0,0,0,0,0,0,0,0,0,0,0,7
14675767900,84258120,84243,84243,0,0,0,0.04352760314941406,0,-0.0036630630493164062,0,-0.024419784545898438,0,0,0,0,0,0,0,0,0,0,0,0,0,0,0,7
14679418466,84262120,84247,84247,0,0,0,0.04352760314941406,0,-0.010989189147949219,0,-0.014652252197265625,0,0,0,0,0,0,0,0,0,0,0,0,0,0,0,7
14683069028,84264137,84249,84249,0,0,0,0.04352760314941406,0,-0.0036630630493164062,0,-0.0048847198486328125,0,0,0,0,0,0,0,0,0,0,0,0,0,0,0,7
14686719590,84267121,84252,84252,0,0,0,0.04352760314941406,0,-0.0036630630493164062,0,-0.014652252197265625,0,0,0,0,0,0,0,0,0,0,0,0,0,0,0,7
14690370152,84270120,84255,84255,0,0,0,0.04352760314941406,0,-0.010989189147949219,0,0.0048847198486328125,0,0,0,0,0,0,0,0,0,0,0,0,0,0,0,7
14694020714,84274120,84259,84259,0,0,0,0.04352760314941406,0,-0.0036630630493164062,0,-0.0048847198486328125,0,0,0,0,0,0,0,0,0,0,0,0,0,0,0,7
14697671276,84278135,84263,84263,0,0,0,0.04352760314941406,0,0.0036630630493164062,0,-0.0048847198486328125,0,0,0,0,0,0,0,0,0,0,0,0,0,0,0,7
14701321838,84281124,84266,84266,0,0,0,0.04352760314941406,0,-0.01831531524658203,0,-0.0048847198486328125,0,0,0,0,0,0,0,0,0,0,0,0,0,0,0,7
14704972400,84285131,84270,84270,0,0,0,0.04352760314941406,0,-0.0036630630493164062,0,-0.014652252197265625,0,0,0,0,0,0,0,0,0,0,0,0,0,0,0,7
14709854516,84295129,84280,84280,0,0,0,0.04352760314941406,0,-0.010989189147949219,0,-0.0048847198486328125,0,0,0,0,0,0,0,0,0,0,0,0,0,0,0,7
14714736628,84299121,84284,84284,0,0,0,0.04352760314941406,0,-0.0036630630493164062,0,0.0048847198486328125,0,0,0,0,0,0,0,0,0,0,0,0,0,0,0,7
14719618740,84302124,84287,84287,0,0,0,0.04352760314941406,0,0.0036630630493164062,0,-0.0048847198486328125,0,0,0,0,0,0,0,0,0,0,0,0,0,0,0,7
14724500852,84306137,84291,84291,0,0,0,0.04352760314941406,0,-0.0036630630493164062,0,-0.0048847198486328125,0,0,0,0,0,0,0,0,0,0,0,0,0,0,0,7
14729382964,84311120,84296,84296,0,0,0,0.04352760314941406,0,-0.0036630630493164062,0,-0.014652252197265625,0,0,0,0,0,0,0,0,0,0,0,0,0,0,0,7
14734265076,84317121,84302,84302,0,0,0,0.04352760314941406,0,-0.0036630630493164062,0,-0.014652252197265625,0,0,0,0,0,0,0,0,0,0,0,0,0,0,0,7
14739147188,84321125,84306,84306,0,0,0,0.04352760314941406,0,-0.0036630630493164062,0,-0.024419784545898438,0,0,0,0,0,0,0,0,0,0,0,0,0,0,0,7
14744029300,84325129,84310,84310,0,0,0,0.04352760314941406,0,0.0036630630493164062,0,-0.014652252197265625,0,0,0,0,0,0,0,0,0,0,0,0,0,0,0,7
14748312058,84331124,84316,84316,0,0,0,0.04352760314941406,0,0.0036630630493164062,0,-0.014652252197265625,0,0,0,0,0,0,0,0,0,0,0,0,0,0,0,7
14752594815,84335135,84320,84320,0,0,0,0.04352760314941406,0,-0.0036630630493164062,0,-0.014652252197265625,0,0,0,0,0,0,0,0,0,0,0,0,0,0,0,7
14756877572,84339124,84324,84324,0,0,0,0.04352760314941406,0,-0.010989189147949219,0,-0.0048847198486328125,0,0,0,0,0,0,0,0,0,0,0,0,0,0,0,7
14761160329,84343123,84328,84328,0,0,0,0.04352760314941406,0,0.0036630630493164062,0,-0.0048847198486328125,0,0,0,0,0,0,0,0,0,0,0,0,0,0,0,7
14765443086,84346120,84331,84331,0,0,0,0.04352760314941406,0,-0.010989189147949219,0,-0.0048847198486328125,0,0,0,0,0,0,0,0,0,0,0,0,0,0,0,7
14769725843,84350128,84335,84335,0,0,0,0.04352760314941406,0,-0.0036630630493164062,0,-0.014652252197265625,0,0,0,0,0,0,0,0,0,0,0,0,0,0,0,7
14774008600,84354120,84339,84339,0,0,0,0.04352760314941406,0,0.0036630630493164062,0,-0.0048847198486328125,0,0,0,0,0,0,0,0,0,0,0,0,0,0,0,7
14778227916,84361128,84346,84346,0,0,0,0.04352760314941406,0,-0.0036630630493164062,0,-0.0048847198486328125,0,0,0,0,0,0,0,0,0,0,0,0,0,0,0,7
14782447230,84365129,84350,84350,0,0,0,0.04352760314941406,0,-0.0036630630493164062,0,-0.014652252197265625,0,0,0,0,0,0,0,0,0,0,0,0,0,0,0,7
14786666544,84369121,84354,84354,0,0,0,0.04352760314941406,0,-0.010989189147949219,0,-0.014652252197265625,0,0,0,0,0,0,0,0,0,0,0,0,0,0,0,7
14790885858,84373125,84358,84358,0,0,0,0.04352760314941406,0,-0.0036630630493164062,0,-0.024419784545898438,0,0,0,0,0,0,0,0,0,0,0,0,0,0,0,7
14795105172,84377127,84362,84362,0,0,0,0.04352760314941406,0,-0.0036630630493164062,0,-0.014652252197265625,0,0,0,0,0,0,0,0,0,0,0,0,0,0,0,7
14799324486,84380122,84365,84365,0,0,0,0.04352760314941406,0,-0.0036630630493164062,0,-0.0048847198486328125,0,0,0,0,0,0,0,0,0,0,0,0,0,0,0,7
14803543800,84384124,84369,84369,0,0,0,0.04352760314941406,0,-0.0036630630493164062,0,-0.0048847198486328125,0,0,0,0,0,0,0,0,0,0,0,0,0,0,0,7
14807870848,84391124,84376,84376,0,0,0,0.04352760314941406,0,0.0036630630493164062,0,-0.024419784545898438,0,0,0,0,0,0,0,0,0,0,0,0,0,0,0,7
14812197890,84394120,84379,84379,0,0,0,0.04352760314941406,0,0.0036630630493164062,0,-0.014652252197265625,0,0,0,0,0,0,0,0,0,0,0,0,0,0,0,7
14816524932,84397124,84382,84382,0,0,0,0.04352760314941406,0,0.0036630630493164062,0,-0.014652252197265625,0,0,0,0,0,0,0,0,0,0,0,0,0,0,0,7
14820851974,84401125,84386,84386,0,0,0,0.04352760314941406,0,-0.025641441345214844,0,-0.0048847198486328125,0,0,0,0,0,0,0,0,0,0,0,0,0,0,0,7
14825179016,84406122,84391,84391,0,0,0,0.04352760314941406,0,-0.010989189147949219,0,-0.0048847198486328125,0,0,0,0,0,0,0,0,0,0,0,0,0,0,0,7
14829506058,84409122,84395,84395,0,0,0,0.04352760314941406,0,-0.010989189147949219,0,-0.014652252197265625,0,0,0,0,0,0,0,0,0,0,0,0,0,0,0,7
14833833100,84414122,84399,84399,0,0,0,0.04352760314941406,0,-0.0036630630493164062,0,-0.014652252197265625,0,0,0,0,0,0,0,0,0,0,0,0,0,0,0,7
14838463032,84425129,84410,84410,0,0,0,0.04352760314941406,0,-0.0036630630493164062,0,-0.014652252197265625,0,0,0,0,0,0,0,0,0,0,0,0,0,0,0,7
14843092960,84428121,84413,84413,0,0,0,0.04352760314941406,0,0.0036630630493164062,0,-0.014652252197265625,0,0,0,0,0,0,0,0,0,0,0,0,0,0,0,7
14847722888,84432136,84417,84417,0,0,0,0.04352760314941406,0,-0.010989189147949219,0,-0.014652252197265625,0,0,0,0,0,0,0,0,0,0,0,0,0,0,0,7
14852352816,84436120,84421,84421,0,0,0,0.04352760314941406,0,0.0036630630493164062,0,-0.014652252197265625,0,0,0,0,0,0,0,0,0,0,0,0,0,0,0,7
14856982744,84439124,84424,84424,0,0,0,0.04352760314941406,0,-0.0036630630493164062,0,-0.024419784545898438,0,0,0,0,0,0,0,0,0,0,0,0,0,0,0,7
14861612672,84444120,84429,84429,0,0,0,0.04352760314941406,0,-0.0036630630493164062,0,-0.014652252197265625,0,0,0,0,0,0,0,0,0,0,0,0,0,0,0,7
14866242600,84448120,84433,84433,0,0,0,0.04352760314941406,0,-0.0036630630493164062,0,-0.024419784545898438,0,0,0,0,0,0,0,0,0,0,0,0,0,0,0,7
14870220916,84453120,84438,84438,0,0,0,0.04352760314941406,0,-0.0036630630493164062,0,-0.0048847198486328125,0,0,0,0,0,0,0,0,0,0,0,0,0,0,0,7
14874199230,84456120,84441,84441,0,0,0,0.04352760314941406,0,-0.010989189147949219,0,-0.0048847198486328125,0,0,0,0,0,0,0,0,0,0,0,0,0,0,0,7
14878177544,84459131,84444,84444,0,0,0,0.04352760314941406,0,0.010989189147949219,0,-0.014652252197265625,0,0,0,0,0,0,0,0,0,0,0,0,0,0,0,7
14882155858,84463125,84448,84448,0,0,0,0.04352760314941406,0,0.0036630630493164062,0,-0.0048847198486328125,0,0,0,0,0,0,0,0,0,0,0,0,0,0,0,7
14886134172,84467123,84452,84452,0,0,0,0.04352760314941406,0,-0.0036630630493164062,0,-0.0048847198486328125,0,0,0,0,0,0,0,0,0,0,0,0,0,0,0,7
14890112486,84471125,84456,84456,0,0,0,0.04352760314941406,0,-0.010989189147949219,0,-0.0048847198486328125,0,0,0,0,0,0,0,0,0,0,0,0,0,0,0,7
14894090800,84474135,84459,84459,0,0,0,0.04352760314941406,0,-0.0036630630493164062,0,-0.0048847198486328125,0,0,0,0,0,0,0,0,0,0,0,0,0,0,0,7
14897870666,84481120,84466,84466,0,0,0,0.04352760314941406,0,-0.0036630630493164062,0,-0.0048847198486328125,0,0,0,0,0,0,0,0,0,0,0,0,0,0,0,7
14901650528,84485129,84470,84470,0,0,0,0.04352760314941406,0,0.0036630630493164062,0,-0.0048847198486328125,0,0,0,0,0,0,0,0,0,0,0,0,0,0,0,7
14905430390,84489129,84474,84474,0,0,0,0.04352760314941406,0,-0.0036630630493164062,0,-0.0048847198486328125,0,0,0,0,0,0,0,0,0,0,0,0,0,0,0,7
14909210252,84494120,84479,84479,0,0,0,0.04352760314941406,0,-0.0036630630493164062,0,-0.0048847198486328125,0,0,0,0,0,0,0,0,0,0,0,0,0,0,0,7
14912990114,84497125,84482,84482,0,0,0,0.04352760314941406,0,-0.0036630630493164062,0,-0.0048847198486328125,0,0,0,0,0,0,0,0,0,0,0,0,0,0,0,7
14916769976,84500133,84485,84485,0,0,0,0.04352760314941406,0,0.0036630630493164062,0,-0.0048847198486328125,0,0,0,0,0,0,0,0,0,0,0,0,0,0,0,7
14920549838,84503125,84488,84488,0,0,0,0.04352760314941406,0,-0.010989189147949219,0,-0.0048847198486328125,0,0,0,0,0,0,0,0,0,0,0,0,0,0,0,7
14924329700,84506120,84491,84491,0,0,0,0.04352760314941406,0,-0.0036630630493164062,0,-0.0048847198486328125,0,0,0,0,0,0,0,0,0,0,0,0,0,0,0,7
14927364341,84511121,84496,84496,0,0,0,0.04352760314941406,0,0.0036630630493164062,0,-0.0048847198486328125,0,0,0,0,0,0,0,0,0,0,0,0,0,0,0,7
14930398978,84514120,84499,84499,0,0,0,0.04352760314941406,0,-0.0036630630493164062,0,-0.014652252197265625,0,0,0,0,0,0,0,0,0,0,0,0,0,0,0,7
14933433615,84516135,84501,84501,0,0,0,0.04352760314941406,0,-0.0036630630493164062,0,-0.0048847198486328125,0,0,0,0,0,0,0,0,0,0,0,0,0,0,0,7
14936468252,84518124,84503,84503,0,0,0,0.04352760314941406,0,-0.0036630630493164062,0,-0.0048847198486328125,0,0,0,0,0,0,0,0,0,0,0,0,0,0,0,7
14939502889,84520120,84505,84505,0,0,0,0.04352760314941406,0,-0.0036630630493164062,0,-0.014652252197265625,0,0,0,0,0,0,0,0,0,0,0,0,0,0,0,7
14942537526,84524120,84509,84509,0,0,0,0.04352760314941406,0,-0.010989189147949219,0,-0.014652252197265625,0,0,0,0,0,0,0,0,0,0,0,0,0,0,0,7
14945572163,84527121,84512,84512,0,0,0,0.04352760314941406,0,-0.0036630630493164062,0,-0.0048847198486328125,0,0,0,0,0,0,0,0,0,0,0,0,0,0,0,7
14948606800,84530137,84515,84515,0,0,0,0.04352760314941406,0,-0.010989189147949219,0,-0.014652252197265625,0,0,0,0,0,0,0,0,0,0,0,0,0,0,0,7
14954185166,84550132,84535,84535,0,0,0,0.04352760314941406,0,-0.0036630630493164062,0,0.0048847198486328125,0,0,0,0,0,0,0,0,0,0,0,0,0,0,0,7
14958532647,84554122,84539,84539,0,0,0,0.04352760314941406,0,-0.0036630630493164062,0,-0.0048847198486328125,0,0,0,0,0,0,0,0,0,0,0,0,0,0,0,7
14962880128,84559126,84544,84544,0,0,0,0.04352760314941406,0,-0.0036630630493164062,0,-0.014652252197265625,0,0,0,0,0,0,0,0,0,0,0,0,0,0,0,7
14967227609,84561121,84546,84547,0,0,0,0.04352760314941406,0,0.0036630630493164062,0,-0.014652252197265625,0,0,0,0,0,0,0,0,0,0,0,0,0,0,0,7
14971575090,84564121,84549,84549,0,0,0,0.04352760314941406,0,-0.0036630630493164062,0,-0.0048847198486328125,0,0,0,0,0,0,0,0,0,0,0,0,0,0,0,7
14975922571,84567122,84552,84552,0,0,0,0.04352760314941406,0,-0.0036630630493164062,0,-0.0048847198486328125,0,0,0,0,0,0,0,0,0,0,0,0,0,0,0,7
14980270052,84572135,84557,84557,0,0,0,0.04352760314941406,0,-0.0036630630493164062,0,-0.0048847198486328125,0,0,0,0,0,0,0,0,0,0,0,0,0,0,0,7
14984617533,84575131,84560,84560,0,0,0,0.04352760314941406,0,-0.0036630630493164062,0,-0.014652252197265625,0,0,0,0,0,0,0,0,0,0,0,0,0,0,0,7
14988965014,84580122,84565,84565,0,0,0,0.04352760314941406,0,0.0036630630493164062,0,-0.014652252197265625,0,0,0,0,0,0,0,0,0,0,0,0,0,0,0,7
14993312495,84582120,84567,84567,0,0,0,0.04352760314941406,0,0.0036630630493164062,0,-0.0048847198486328125,0,0,0,0,0,0,0,0,0,0,0,0,0,0,0,7
14997659976,84585137,84570,84570,0,0,0,0.04352760314941406,0,-0.01831531524658203,0,-0.0048847198486328125,0,0,0,0,0,0,0,0,0,0,0,0,0,0,0,7
15002007457,84588122,84573,84573,0,0,0,0.04352760314941406,0,-0.0036630630493164062,0,-0.0048847198486328125,0,0,0,0,0,0,0,0,0,0,0,0,0,0,0,7
15006354938,84591122,84576,84576,0,0,0,0.04352760314941406,0,-0.0036630630493164062,0,0.0048847198486328125,0,0,0,0,0,0,0,0,0,0,0,0,0,0,0,7
15010702419,84594120,84579,84579,0,0,0,0.04352760314941406,0,-0.010989189147949219,0,-0.0048847198486328125,0,0,0,0,0,0,0,0,0,0,0,0,0,0,0,7
15015049900,84597120,84582,84582,0,0,0,0.04352760314941406,0,0.0036630630493164062,0,-0.0048847198486328125,0,0,0,0,0,0,0,0,0,0,0,0,0,0,0,7
15018276300,84602120,84587,84587,0,0,0,0.04352760314941406,0,-0.0036630630493164062,0,-0.014652252197265625,0,0,0,0,0,0,0,0,0,0,0,0,0,0,0,7
15021502700,84605133,84590,84590,0,0,0,0.04352760314941406,0,0.0036630630493164062,0,-0.0048847198486328125,0,0,0,0,0,0,0,0,0,0,0,0,0,0,0,7
15024729100,84608125,84593,84593,0,0,0,0.04352760314941406,0,-0.0036630630493164062,0,-0.014652252197265625,0,0,0,0,0,0,0,0,0,0,0,0,0,0,0,7
15027955500,84611121,84596,84596,0,0,0,0.04352760314941406,0,-0.0036630630493164062,0,-0.014652252197265625,0,0,0,0,0,0,0,0,0,0,0,0,0,0,0,7
15031181900,84613132,84599,84599,0,0,0,0.04352760314941406,0,-0.0036630630493164062,0,-0.014652252197265625,0,0,0,0,0,0,0,0,0,0,0,0,0,0,0,7
15034408300,84617123,84602,84602,0,0,0,0.04352760314941406,0,-0.010989189147949219,0,-0.014652252197265625,0,0,0,0,0,0,0,0,0,0,0,0,0,0,0,7
15037634700,84620122,84605,84605,0,0,0,0.04352760314941406,0,-0.0036630630493164062,0,-0.014652252197265625,0,0,0,0,0,0,0,0,0,0,0,0,0,0,0,7
15040861100,84622120,84607,84607,0,0,0,0.04352760314941406,0,-0.0036630630493164062,0,-0.014652252197265625,0,0,0,0,0,0,0,0,0,0,0,0,0,0,0,7
15044000600,84627129,84612,84612,0,0,0,0.04352760314941406,0,-0.0036630630493164062,0,-0.0048847198486328125,0,0,0,0,0,0,0,0,0,0,0,0,0,0,0,7
15047140100,84630120,84615,84615,0,0,0,0.04352760314941406,0,-0.0036630630493164062,0,-0.0048847198486328125,0,0,0,0,0,0,0,0,0,0,0,0,0,0,0,7
15050279600,84633122,84618,84618,0,0,0,0.04352760314941406,0,-0.0036630630493164062,0,-0.014652252197265625,0,0,0,0,0,0,0,0,0,0,0,0,0,0,0,7
15053419100,84636120,84621,84621,0,0,0,0.04352760314941406,0,0.0036630630493164062,0,-0.0048847198486328125,0,0,0,0,0,0,0,0,0,0,0,0,0,0,0,7
15056558600,84639121,84624,84624,0,0,0,0.04352760314941406,0,-0.0036630630493164062,0,0.0048847198486328125,0,0,0,0,0,0,0,0,0,0,0,0,0,0,0,7
15059698100,84642138,84627,84627,0,0,0,0.04352760314941406,0,-0.0036630630493164062,0,0.0048847198486328125,0,0,0,0,0,0,0,0,0,0,0,0,0,0,0,7
15062837600,84644120,84629,84629,0,0,0,0.04352760314941406,0,-0.010989189147949219,0,-0.0048847198486328125,0,0,0,0,0,0,0,0,0,0,0,0,0,0,0,7
15065977100,84648120,84633,84633,0,0,0,0.04352760314941406,0,-0.010989189147949219,0,-0.0048847198486328125,0,0,0,0,0,0,0,0,0,0,0,0,0,0,0,7
15069788125,84655137,84640,84640,0,0,0,0.04352760314941406,0,-0.010989189147949219,0,-0.014652252197265625,0,0,0,0,0,0,0,0,0,0,0,0,0,0,0,7
15073599150,84658124,84643,84643,0,0,0,0.04352760314941406,0,0.0036630630493164062,0,-0.014652252197265625,0,0,0,0,0,0,0,0,0,0,0,0,0,0,0,7
15077410175,84663124,84648,84648,0,0,0,0.04352760314941406,0,0.010989189147949219,0,-0.014652252197265625,0,0,0,0,0,0,0,0,0,0,0,0,0,0,0,7
15081221200,84666124,84651,84651,0,0,0,0.04352760314941406,0,0.010989189147949219,0,-0.014652252197265625,0,0,0,0,0,0,0,0,0,0,0,0,0,0,0,7
15085032225,84668120,84653,84653,0,0,0,0.04352760314941406,0,0.0036630630493164062,0,-0.014652252197265625,0,0,0,0,0,0,0,0,0,0,0,0,0,0,0,7
15088843250,84671129,84656,84656,0,0,0,0.04352760314941406,0,0.0036630630493164062,0,-0.014652252197265625,0,0,0,0,0,0,0,0,0,0,0,0,0,0,0,7
15092654275,84675132,84660,84660,0,0,0,0.04352760314941406,0,-0.010989189147949219,0,-0.0048847198486328125,0,0,0,0,0,0,0,0,0,0,0,0,0,0,0,7
15096465300,84679124,84664,84664,0,0,0,0.04352760314941406,0,-0.0036630630493164062,0,-0.0048847198486328125,0,0,0,0,0,0,0,0,0,0,0,0,0,0,0,7
15098922941,84682121,84667,84667,0,0,0,0.04352760314941406,0,0.010989189147949219,0,-0.014652252197265625,0,0,0,0,0,0,0,0,0,0,0,0,0,0,0,7
15101380578,84684135,84669,84669,0,0,0,0.04352760314941406,0,0.0036630630493164062,0,-0.014652252197265625,0,0,0,0,0,0,0,0,0,0,0,0,0,0,0,7
15103838215,84686120,84671,84671,0,0,0,0.04352760314941406,0,-0.0036630630493164062,0,-0.0048847198486328125,0,0,0,0,0,0,0,0,0,0,0,0,0,0,0,7
15106295852,84689121,84674,84674,0,0,0,0.04352760314941406,0,-0.0036630630493164062,0,-0.014652252197265625,0,0,0,0,0,0,0,0,0,0,0,0,0,0,0,7
15108753489,84691123,84676,84676,0,0,0,0.04352760314941406,0,0.010989189147949219,0,-0.024419784545898438,0,0,0,0,0,0,0,0,0,0,0,0,0,0,0,7
15111211126,84694120,84679,84679,0,0,0,0.04352760314941406,0,-0.0036630630493164062,0,-0.014652252197265625,0,0,0,0,0,0,0,0,0,0,0,0,0,0,0,7
15113668763,84696123,84681,84681,0,0,0,0.04352760314941406,0,0.0036630630493164062,0,-0.0048847198486328125,0,0,0,0,0,0,0,0,0,0,0,0,0,0,0,7
15116126400,84698136,84683,84683,0,0,0,0.04352760314941406,0,-0.010989189147949219,0,-0.014652252197265625,0,0,0,0,0,0,0,0,0,0,0,0,0,0,0,7
15119164791,84702121,84687,84687,0,0,0,0.04352760314941406,0,0.0036630630493164062,0,-0.0048847198486328125,0,0,0,0,0,0,0,0,0,0,0,0,0,0,0,7
15122203178,84704123,84689,84689,0,0,0,0.04352760314941406,0,-0.0036630630493164062,0,-0.0048847198486328125,0,0,0,0,0,0,0,0,0,0,0,0,0,0,0,7
15125241565,84707123,84692,84692,0,0,0,0.04352760314941406,0,0.0036630630493164062,0,-0.0048847198486328125,0,0,0,0,0,0,0,0,0,0,0,0,0,0,0,7
15128279952,84711129,84696,84696,0,0,0,0.04352760314941406,0,-0.01831531524658203,0,-0.014652252197265625,0,0,0,0,0,0,0,0,0,0,0,0,0,0,0,7
15131318339,84714121,84699,84699,0,0,0,0.04352760314941406,0,-0.010989189147949219,0,-0.014652252197265625,0,0,0,0,0,0,0,0,0,0,0,0,0,0,0,7
15134356726,84717121,84702,84702,0,0,0,0.04352760314941406,0,-0.010989189147949219,0,-0.014652252197265625,0,0,0,0,0,0,0,0,0,0,0,0,0,0,0,7
15137395113,84719122,84704,84704,0,0,0,0.04352760314941406,0,0.0036630630493164062,0,-0.014652252197265625,0,0,0,0,0,0,0,0,0,0,0,0,0,0,0,7
15140433500,84723121,84708,84708,0,0,0,0.04352760314941406,0,0.0036630630493164062,0,-0.014652252197265625,0,0,0,0,0,0,0,0,0,0,0,0,0,0,0,7
15142859591,84726135,84711,84711,0,0,0,0.04352760314941406,0,-0.0036630630493164062,0,-0.014652252197265625,0,0,0,0,0,0,0,0,0,0,0,0,0,0,0,7
15145403458,84728122,84713,84713,0,0,0,0.04352760314941406,0,0.010989189147949219,0,-0.014652252197265625,0,0,0,0,0,0,0,0,0,0,0,0,0,0,0,7
15147947325,84730121,84715,84715,0,0,0,0.04352760314941406,0,-0.01831531524658203,0,-0.014652252197265625,0,0,0,0,0,0,0,0,0,0,0,0,0,0,0,7
15150491192,84732123,84717,84717,0,0,0,0.04352760314941406,0,-0.0036630630493164062,0,-0.014652252197265625,0,0,0,0,0,0,0,0,0,0,0,0,0,0,0,7
15153035059,84734120,84719,84720,0,0,0,0.04352760314941406,0,-0.010989189147949219,0,-0.0048847198486328125,0,0,0,0,0,0,0,0,0,0,0,0,0,0,0,7
15155578926,84737125,84722,84722,0,0,0,0.04352760314941406,0,-0.0036630630493164062,0,-0.0048847198486328125,0,0,0,0,0,0,0,0,0,0,0,0,0,0,0,7
15158122793,84740135,84725,84725,1,0,0.800000011920929,0.04352760314941406,0,-0.010989189147949219,0.039893243461847305,-0.0048847198486328125,0,0,0,0,0,0,0,0,0,0,0,0,0,0,0,7
15160666660,84742120,84727,84727,1,0.002985999919474125,0.8003284931182861,0.04352760314941406,0,-0.0036630630493164062,0.12009432911872864,-0.0048847198486328125,0,0,0,0,0,0,0,0,0,0,0,0,0,0,0,7
15163210527,84746120,84731,84731,1,0.005985000170767307,0.8006583452224731,0.04352760314941406,0,0.0036630630493164062,0.24073383212089539,0.0048847198486328125,0,0,0,0,0,0,0,0,0,0,0,0,0,0,0,7
15165754394,84748121,84733,84733,1,0.007985999807715416,0.8008784651756287,0.04352760314941406,0,0.0036630630493164062,0.3212260603904724,0.03418731689453125,0,0,0,0,0,0,0,0,0,0,0,0,0,0,0,7
15168298261,84750132,84735,84735,1,0.009996999986469746,0.8010996580123901,0.04352760314941406,0,-0.0036630630493164062,0.4021100401878357,0.0634918212890625,0,0,0,0,0,0,0,0,0,0,0,0,0,0,0,7
15170842128,84752122,84737,84737,1,0.011986999772489071,0.8013185858726501,0.04352760314941406,0,-0.0036630630493164062,0.48213082551956177,0.122100830078125,0,0,0,0,0,0,0,0,0,0,0,0,0,0,0,7
15173385995,84757122,84742,84742,1,0.016986999660730362,0.8018685579299927,0.04352760314941406,0,-0.010989189147949219,0.6830529570579529,0.21977996826171875,0,0,0,0,0,0,0,0,0,0,0,0,0,0,0,7
15175929862,84759122,84744,84744,1,0.018986999988555908,0.8020885586738586,0.04352760314941406,0,0.010989189147949219,0.7633461356163025,0.27838897705078125,0,0,0,0,0,0,0,0,0,0,0,0,0,0,0,7
15178473729,84761121,84746,84746,1,0.021987000480294228,0.80241858959198,0.04352760314941406,0,0.0036630630493164062,0.8836793303489685,0.376068115234375,0,0,0,0,0,0,0,0,0,0,0,0,0,0,0,7
15181017596,84763121,84748,84749,1,0.023986000567674637,0.8026384711265564,0.04352760314941406,0,0.0036630630493164062,0.9637781977653503,0.4542121887207031,0,0,0,0,0,0,0,0,0,0,0,0,0,0,0,7
15184121200,84770122,84755,84755,1,0.029986999928951263,0.8032985925674438,0.04352760314941406,0,0.0036630630493164062,1.2436115741729736,0.7179489135742188,0,0,0,0,0,0,0,0,0,0,0,0,0,0,0,7
15187224800,84773121,84758,84758,1,0.032986000180244446,0.8036284446716309,0.04352760314941406,0,0.0036630630493164062,1.323343276977539,0.8156280517578125,0,0,0,0,0,0,0,0,0,0,0,0,0,0,0,7
15190328400,84775129,84760,84760,1,0.03499399870634079,0.8038493394851685,0.04352760314941406,0,-0.0036630630493164062,1.4032800197601318,0.9133090972900391,0,0,0,0,0,0,0,0,0,0,0,0,0,0,0,7
15193432000,84777121,84762,84762,1,0.03698600083589554,0.8040684461593628,0.04352760314941406,0,-0.0036630630493164062,1.4824591875076294,1.0109882354736328,0,0,0,0,0,0,0,0,0,0,0,0,0,0,0,7
15196535600,84780121,84765,84765,1,0.03998599946498871,0.8043984770774841,0.04352760314941406,0,-0.0036630630493164062,1.6014593839645386,1.167276382446289,0,0,0,0,0,0,0,0,0,0,0,0,0,0,0,7
15199639200,84782138,84767,84767,1,0.042002998292446136,0.8046203255653381,0.043910980224609375,0,0.0036630630493164062,1.6812890768051147,1.2551898956298828,0,0,0,0,0,0,0,0,0,0,0,0,0,0,0,7
15202742800,84784120,84769,84769,1,0.04398500174283981,0.8048383593559265,0.043910980224609375,0,0.010989189147949219,1.7595851421356201,1.3528690338134766,0,0,0,0,0,0,0,0,0,0,0,0,0,0,0,7
15205846400,84788121,84773,84773,1,0.047986000776290894,0.805278480052948,0.043910980224609375,0,0.010989189147949219,1.9171562194824219,1.538461685180664,0,0,0,0,0,0,0,0,0,0,0,0,0,0,0,7
15209361641,84792120,84777,84777,1,0.0519849993288517,0.8057183623313904,0.043910980224609375,0,0.0036630630493164062,2.0739495754241943,1.7045173645019531,0,0,0,0,0,0,0,0,0,0,0,0,0,0,0,7
15212876878,84795140,84780,84780,1,0.05500499904155731,0.8060505390167236,0.043910980224609375,0,0.0036630630493164062,2.191854476928711,1.8217334747314453,0,0,0,0,0,0,0,0,0,0,0,0,0,0,0,7
15216392115,84797125,84782,84782,1,0.05699000135064125,0.8062689304351807,0.043910980224609375,0,0.01831531524658203,2.3077430725097656,1.9487171173095703,0,0,0,0,0,0,0,0,0,0,0,0,0,0,0,7
15219907352,84801123,84786,84786,1,0.06098800152540207,0.8067086935043335,0.043910980224609375,0,0.01831531524658203,2.424041509628296,2.0659332275390625,0,0,0,0,0,0,0,0,0,0,0,0,0,0,0,7
15223422589,84806120,84791,84791,1,0.06598500162363052,0.8072583675384521,0.043910980224609375,0,0.010989189147949219,2.6164093017578125,2.261293411254883,0,0,0,0,0,0,0,0,0,0,0,0,0,0,0,7
15226937826,84809129,84794,84794,1,0.06899400055408478,0.8075893521308899,0.043910980224609375,0,0.0036630630493164062,2.731506109237671,2.378509521484375,0,0,0,0,0,0,0,0,0,0,0,0,0,0,0,7
15230453063,84812122,84797,84797,1,0.07198700308799744,0.8079186081886292,0.043910980224609375,0,0.01831531524658203,2.8454058170318604,2.4859580993652344,0,0,0,0,0,0,0,0,0,0,0,0,0,0,0,7
15233968300,84815130,84800,84800,1,0.0749949961900711,0.8082494735717773,0.043910980224609375,0,-0.010989189147949219,2.9967446327209473,2.6520137786865234,0,0,0,0,0,0,0,0,0,0,0,0,0,0,0,7
15237200091,84821120,84806,84806,1,0.08098500221967697,0.8089083433151245,0.043910980224609375,0,-0.0036630630493164062,3.1840429306030273,2.837606430053711,0,0,0,0,0,0,0,0,0,0,0,0,0,0,0,7
15240431878,84824139,84809,84809,1,0.0840039998292923,0.809240460395813,0.04429435729980469,0,-0.0036630630493164062,3.296297788619995,2.9450550079345703,0,0,0,0,0,0,0,0,0,0,0,0,0,0,0,7
15243663665,84826120,84812,84812,1,0.0869859978556633,0.809568464756012,0.04429435729980469,0,0.0036630630493164062,3.4064602851867676,3.0720386505126953,0,0,0,0,0,0,0,0,0,0,0,0,0,0,0,7
15246895452,84829121,84814,84814,1,0.08898600190877914,0.8097884654998779,0.04429435729980469,0,0.010989189147949219,3.4799323081970215,3.1501827239990234,0,0,0,0,0,0,0,0,0,0,0,0,0,0,0,7
15250127239,84832125,84817,84817,1,0.09199000149965286,0.8101189136505127,0.04429435729980469,0,0.025641441345214844,3.5896451473236084,3.257631301879883,0,0,0,0,0,0,0,0,0,0,0,0,0,0,0,7
15253359026,84834120,84819,84819,1,0.09398499876260757,0.810449481010437,0.04429435729980469,0,0.03296661376953125,3.6986000537872314,3.365079879760742,0,0,0,0,0,0,0,0,0,0,0,0,0,0,0,7
15256590813,84837132,84822,84822,1,0.09699700027704239,0.8106696605682373,0.04429435729980469,0,0.01831531524658203,3.7707338333129883,3.4432239532470703,0,0,0,0,0,0,0,0,0,0,0,0,0,0,0,7
15259822600,84841123,84826,84826,1,0.1009880006313324,0.8111087083816528,0.044677734375,0,0.010989189147949219,3.9134130477905273,3.5702075958251953,0,0,0,0,0,0,0,0,0,0,0,0,0,0,0,7
15264137300,84847121,84832,84832,1,0.10698600113391876,0.8117684721946716,0.044677734375,0,0.01831531524658203,4.1249237060546875,3.7851028442382812,0,0,0,0,0,0,0,0,0,0,0,0,0,0,0,7
15268452000,84851129,84836,84836,1,0.11099399626255035,0.8122093677520752,0.04506206512451172,0,0.03296661376953125,4.264215469360352,3.912088394165039,0,0,0,0,0,0,0,0,0,0,0,0,0,0,0,7
15272766700,84854120,84839,84839,1,0.11499399691820145,0.8126493692398071,0.04506206512451172,0,0.03296661376953125,4.401525974273682,4.039072036743164,0,0,0,0,0,0,0,0,0,0,0,0,0,0,0,7
15277081400,84858120,84843,84843,1,0.11798500269651413,0.8129783868789673,0.04544544219970703,0,0.0622711181640625,4.5030517578125,4.107448577880859,0,0,0,0,0,0,0,0,0,0,0,0,0,0,0,7
15281396100,84861124,84846,84846,1,0.12098900228738785,0.8133087754249573,0.045828819274902344,0,0.09890079498291016,4.604001998901367,4.156288146972656,0,0,0,0,0,0,0,0,0,0,0,0,0,0,0,7
15285710800,84867125,84852,84852,1,0.12699000537395477,0.8139688968658447,0.04659557342529297,0,0.11355304718017578,4.8350138664245605,4.507936477661133,0,0,0,0,0,0,0,0,0,0,0,0,0,0,0,7
15290025500,84870122,84855,84855,1,0.12998700141906738,0.8142985701560974,0.04697895050048828,0,0.09890079498291016,4.900035381317139,4.703296661376953,0,0,0,0,0,0,0,0,0,0,0,0,0,0,0,7
15294340200,84874124,84859,84859,1,0.13398900628089905,0.8147388100624084,0.04697895050048828,0,0.08424949645996094,5.060463905334473,4.840049743652344,0,0,0,0,0,0,0,0,0,0,0,0,0,0,0,7
15299400874,84883121,84868,84868,1,0.142985999584198,0.815728485584259,0.047745704650878906,0,0.06959724426269531,5.340391635894775,5.074481964111328,0,0,0,0,0,0,0,0,0,0,0,0,0,0,0,7
15304461545,84887121,84872,84872,1,0.1469859927892685,0.816168487071991,0.048130035400390625,0,0.09157466888427734,5.431405067443848,5.152626037597656,0,0,0,0,0,0,0,0,0,0,0,0,0,0,0,7
15309522216,84892120,84877,84877,1,0.15198500454425812,0.816718339920044,0.04851341247558594,0,0.08424949645996094,5.580228328704834,5.289377212524414,0,0,0,0,0,0,0,0,0,0,0,0,0,0,0,7
15314582887,84895137,84880,84880,1,0.1559869945049286,0.817158579826355,0.04889678955078125,0,0.09157466888427734,5.696799278259277,5.44566535949707,0,0,0,0,0,0,0,0,0,0,0,0,0,0,0,7
15319643558,84898121,84883,84883,1,0.15898799896240234,0.8174886703491211,0.04889678955078125,0,0.0622711181640625,5.782679080963135,5.5628814697265625,0,0,0,0,0,0,0,0,0,0,0,0,0,0,0,7
15324704229,84902121,84887,84887,1,0.16198599338531494,0.8178184628486633,0.04928016662597656,0,0.0622711181640625,5.867135524749756,5.660562515258789,0,0,0,0,0,0,0,0,0,0,0,0,0,0,0,7
15329764900,84906120,84891,84891,1,0.16699500381946564,0.818369448184967,0.049663543701171875,0,0.07692337036132812,6.005201816558838,5.768009185791016,0,0,0,0,0,0,0,0,0,0,0,0,0,0,0,7
15334155300,84916120,84901,84901,1,0.17598499357700348,0.8193583488464355,0.05081367492675781,0,0.1282052993774414,6.268869876861572,5.904762268066406,0,0,0,0,0,0,0,0,0,0,0,0,0,0,0,7
15338545700,84919125,84904,84904,1,0.17899000644683838,0.8196889162063599,0.051581382751464844,0,0.15018272399902344,6.319825172424316,5.94383430480957,0,0,0,0,0,0,0,0,0,0,0,0,0,0,0,7
15342936100,84926120,84911,84911,1,0.1859849989414215,0.8204583525657654,0.05234813690185547,0,0.10622692108154297,6.492475509643555,6.285715103149414,0,0,0,0,0,0,0,0,0,0,0,0,0,0,0,7
15347326500,84929121,84914,84914,1,0.18898600339889526,0.8207885026931763,0.05273151397705078,0,0.1282052993774414,6.564021110534668,6.344322204589844,0,0,0,0,0,0,0,0,0,0,0,0,0,0,0,7
15351716900,84932125,84917,84917,1,0.19199000298976898,0.8211188912391663,0.053498268127441406,0,0.15750885009765625,6.634092330932617,6.354089736938477,0,0,0,0,0,0,0,0,0,0,0,0,0,0,0,7
15356107300,84936137,84921,84921,1,0.19600200653076172,0.8215602040290833,0.05426597595214844,0,0.1941394805908203,6.725231170654297,6.422466278076172,0,0,0,0,0,0,0,0,0,0,0,0,0,0,0,7
15359950490,84942120,84927,84927,1,0.2029860019683838,0.8223284482955933,0.055416107177734375,0,0.15018272399902344,6.877092361450195,6.80341911315918,0,0,0,0,0,0,0,0,0,0,0,0,0,0,0,7
15363793675,84945129,84930,84930,1,0.20499399304389954,0.8225493431091309,0.05579948425292969,0,0.17216110229492188,6.939609527587891,6.774114608764648,0,0,0,0,0,0,0,0,0,0,0,0,0,0,0,7
15367636860,84949128,84934,84934,1,0.20899300277233124,0.8229892253875732,0.056949615478515625,0,0.22344303131103516,7.000665187835693,6.656898498535156,0,0,0,0,0,0,0,0,0,0,0,0,0,0,0,7
15371480045,84953125,84938,84938,1,0.21299000084400177,0.8234289288520813,0.057717323303222656,0,0.23076915740966797,7.0792083740234375,6.774114608764648,0,0,0,0,0,0,0,0,0,0,0,0,0,0,0,7
15375323230,84959121,84944,84944,1,0.21898600459098816,0.824088454246521,0.059250831604003906,0,0.21611690521240234,7.191421985626221,6.989011764526367,0,0,0,0,0,0,0,0,0,0,0,0,0,0,0,7
15379166415,84962120,84947,84947,1,0.22198499739170074,0.8244183659553528,0.06001758575439453,0,0.27472496032714844,7.2449870109558105,6.901098251342773,0,0,0,0,0,0,0,0,0,0,0,0,0,0,0,7
15383009600,84965136,84950,84950,1,0.2250009924173355,0.8247501254081726,0.061168670654296875,0,0.3040294647216797,7.29711389541626,7.106227874755859,0,0,0,0,0,0,0,0,0,0,0,0,0,0,0,7
15387543091,84974120,84959,84959,1,0.23398500680923462,0.8257383704185486,0.06346988677978516,0,0.3113555908203125,7.441892147064209,7.135530471801758,0,0,0,0,0,0,0,0,0,0,0,0,0,0,0,7
15392076578,84977132,84962,84962,1,0.23800000548362732,0.8261800408363342,0.0650033950805664,0,0.28937721252441406,7.501441478729248,7.360195159912109,0,0,0,0,0,0,0,0,0,0,0,0,0,0,0,7
15396610065,84980120,84965,84965,1,0.24098700284957886,0.8265085816383362,0.06577014923095703,0,0.3113555908203125,7.543652057647705,7.282051086425781,0,0,0,0,0,0,0,0,0,0,0,0,0,0,0,7
15401143552,84984120,84969,84969,1,0.24398499727249146,0.8268383741378784,0.06692123413085938,0,0.3626375198364258,7.584208965301514,7.44810676574707,0,0,0,0,0,0,0,0,0,0,0,0,0,0,0,7
15405677039,84990124,84975,84975,1,0.24998900294303894,0.8274987936019897,0.06883811950683594,0,0.3626375198364258,7.671890735626221,7.409034729003906,0,0,0,0,0,0,0,0,0,0,0,0,0,0,0,7
15410210526,84993125,84978,84978,1,0.25398698449134827,0.8279385566711426,0.0707559585571289,0,0.3919410705566406,7.706258773803711,7.506715774536133,0,0,0,0,0,0,0,0,0,0,0,0,0,0,0,7
15414744013,84997121,84982,84982,1,0.25698599219322205,0.8282684683799744,0.07190608978271484,0,0.3919410705566406,7.73883581161499,7.594627380371094,0,0,0,0,0,0,0,0,0,0,0,0,0,0,0,7
15419277500,85001123,84986,84986,1,0.2609879970550537,0.8287087082862854,0.0734405517578125,0,0.3626375198364258,7.77938985824585,7.731380462646484,0,0,0,0,0,0,0,0,0,0,0,0,0,0,0,7
15424888090,85009121,84994,84994,1,0.2689859867095947,0.8295884728431702,0.07689189910888672,0,0.4285717010498047,7.850356578826904,7.672771453857422,0,0,0,0,0,0,0,0,0,0,0,0,0,0,0,7
15430498675,85012122,84997,84997,1,0.2719869911670685,0.8299185633659363,0.07804203033447266,0,0.4432229995727539,7.873490810394287,7.799755096435547,0,0,0,0,0,0,0,0,0,0,0,0,0,0,0,7
15436109260,85016120,85001,85001,1,0.2759850025177002,0.8303583860397339,0.08034324645996094,0,0.4432229995727539,7.907762050628662,7.711843490600586,0,0,0,0,0,0,0,0,0,0,0,0,0,0,0,7
15441719845,85020135,85005,85006,1,0.28098899126052856,0.8309087753295898,0.08264446258544922,0,0.47985363006591797,7.931342601776123,7.741147994995117,0,0,0,0,0,0,0,0,0,0,0,0,0,0,0,7
15447330430,85025129,85010,85010,1,0.2849940061569214,0.8313493728637695,0.08456134796142578,0,0.4871797561645508,7.955927848815918,7.868131637573242,0,0,0,0,0,0,0,0,0,0,0,0,0,0,0,7
15452941015,85034134,85019,85019,1,0.29399898648262024,0.832339882850647,0.08954715728759766,0,0.5531139373779297,7.984065532684326,7.829059600830078,0,0,0,0,0,0,0,0,0,0,0,0,0,0,0,7
15458551600,85037121,85022,85022,1,0.29698601365089417,0.8326684832572937,0.09108257293701172,0,0.5750913619995117,7.990975856781006,7.868131637573242,0,0,0,0,0,0,0,0,0,0,0,0,0,0,0,7
15462730120,85045129,85030,85031,1,0.3059850037097931,0.8336583375930786,0.09683418273925781,0,0.6117219924926758,7.999999523162842,7.907203674316406,0,0,0,0,0,0,0,0,0,0,0,0,0,0,0,7
15466908636,85049125,85034,85034,1,0.3089900016784668,0.8339889049530029,0.09836864471435547,0,0.5897436141967773,7.999057292938232,7.956043243408203,0,0,0,0,0,0,0,0,0,0,0,0,0,0,0,7
15471087152,85052124,85037,85037,1,0.3119890093803406,0.8343188166618347,0.10028648376464844,0,0.604395866394043,7.996139049530029,7.916971206665039,0,0,0,0,0,0,0,0,0,0,0,0,0,0,0,7
15475265668,85056124,85041,85041,1,0.3159889876842499,0.8347588181495667,0.10297012329101562,0,0.6190471649169922,7.986883163452148,7.965812683105469,0,0,0,0,0,0,0,0,0,0,0,0,0,0,0,7
15479444184,85061128,85046,85046,1,0.32099300622940063,0.8353092670440674,0.10603809356689453,0,0.6410255432128906,7.975490570068359,7.94627571105957,0,0,0,0,0,0,0,0,0,0,0,0,0,0,0,7
15483622700,85065129,85050,85050,1,0.3249939978122711,0.8357493281364441,0.10910606384277344,0,0.6630039215087891,7.9605889320373535,7.907203674316406,0,0,0,0,0,0,0,0,0,0,0,0,0,0,0,7
15487351674,85070120,85055,85055,1,0.32998499274253845,0.8362983465194702,0.11255836486816406,0,0.6996335983276367,7.937062740325928,7.9365081787109375,0,0,0,0,0,0,0,0,0,0,0,0,0,0,0,7
15491080645,85074120,85059,85059,1,0.33500200510025024,0.8368502259254456,0.11600971221923828,0,0.7069597244262695,7.907894611358643,7.877899169921875,0,0,0,0,0,0,0,0,0,0,0,0,0,0,0,7
15494809616,85077128,85062,85062,1,0.336993008852005,0.8370692729949951,0.11754322052001953,0,0.7142858505249023,7.88792610168457,7.858364105224609,0,0,0,0,0,0,0,0,0,0,0,0,0,0,0,7
15498538587,85080120,85065,85065,1,0.3399850130081177,0.8373983502388,0.11984443664550781,0,0.6996335983276367,7.865867614746094,7.897436141967773,0,0,0,0,0,0,0,0,0,0,0,0,0,0,0,7
15502267558,85085132,85070,85070,1,0.34499698877334595,0.8379496932029724,0.12367916107177734,0,0.7362632751464844,7.833334922790527,7.858364105224609,0,0,0,0,0,0,0,0,0,0,0,0,0,0,0,7
15505996529,85088120,85073,85073,1,0.34798499941825867,0.8382783532142639,0.1255970001220703,0,0.7362632751464844,7.8068060874938965,7.789987564086914,0,0,0,0,0,0,0,0,0,0,0,0,0,0,0,7
15509725500,85091125,85076,85076,1,0.3509899973869324,0.8386089205741882,0.1278982162475586,0,0.75091552734375,7.778164386749268,7.731380462646484,0,0,0,0,0,0,0,0,0,0,0,0,0,0,0,7
15514048416,85096121,85081,85081,1,0.35598599910736084,0.8391584753990173,0.13249969482421875,0,0.8241758346557617,7.726207256317139,7.711843490600586,0,0,0,0,0,0,0,0,0,0,0,0,0,0,0,7
15518371328,85100130,85085,85085,1,0.3599950075149536,0.8395994901657104,0.13556766510009766,0,0.8315019607543945,7.680610656738281,7.682538986206055,0,0,0,0,0,0,0,0,0,0,0,0,0,0,0,7
15522694240,85103128,85088,85088,1,0.3629930019378662,0.8399292230606079,0.13825225830078125,0,0.8534793853759766,7.644250869750977,7.672771453857422,0,0,0,0,0,0,0,0,0,0,0,0,0,0,0,7
15527017152,85111121,85096,85096,1,0.3709859848022461,0.8408084511756897,0.1451549530029297,0,0.8315019607543945,7.53790807723999,7.604394912719727,0,0,0,0,0,0,0,0,0,0,0,0,0,0,0,7
15531340064,85114124,85099,85099,1,0.3739889860153198,0.8411387801170349,0.14783954620361328,0,0.8608055114746094,7.494441986083984,7.516483306884766,0,0,0,0,0,0,0,0,0,0,0,0,0,0,0,7
15535662976,85117129,85102,85102,1,0.3769940137863159,0.8414693474769592,0.15052413940429688,0,0.8681316375732422,7.449040412902832,7.44810676574707,0,0,0,0,0,0,0,0,0,0,0,0,0,0,0,7
15539985888,85120120,85105,85105,1,0.3799850046634674,0.8417983651161194,0.15320968627929688,0,0.8974361419677734,7.4019646644592285,7.457876205444336,0,0,0,0,0,0,0,0,0,0,0,0,0,0,0,7
15544308800,85126122,85111,85111,1,0.3859870135784149,0.8424586057662964,0.15857887268066406,0,0.9047622680664062,7.301864147186279,7.409034729003906,0,0,0,0,0,0,0,0,0,0,0,0,0,0,0,7
15549916174,85133125,85118,85118,1,0.39398500323295593,0.8433383703231812,0.16624832153320312,0,0.9120874404907227,7.1569108963012695,7.282051086425781,0,0,0,0,0,0,0,0,0,0,0,0,0,0,0,7
15555523545,85144121,85129,85129,1,0.40398600697517395,0.8444384932518005,0.17583560943603516,0,0.9780216217041016,6.957377910614014,7.086690902709961,0,0,0,0,0,0,0,0,0,0,0,0,0,0,0,7
15561130916,85146135,85131,85131,1,0.4059999883174896,0.8446599841117859,0.17813682556152344,0,1,6.893499851226807,6.979242324829102,0,0,0,0,0,0,0,0,0,0,0,0,0,0,0,7
15566738287,85149121,85134,85134,1,0.40898600220680237,0.8449884653091431,0.18120479583740234,0,1.0073261260986328,6.827950954437256,6.901098251342773,0,0,0,0,0,0,0,0,0,0,0,0,0,0,0,7
15572345658,85154121,85139,85139,1,0.4139859974384308,0.8456496000289917,0.18734073638916016,0,1.0512828826904297,6.714770793914795,6.822954177856445,0,0,0,0,0,0,0,0,0,0,0,0,0,0,0,7
15577953029,85159129,85144,85144,1,0.4189940094947815,0.8460893630981445,0.191558837890625,0,1.036630630493164,6.620857238769531,6.764347076416016,0,0,0,0,0,0,0,0,0,0,0,0,0,0,0,7
15583560400,85162120,85147,85147,1,0.421985000371933,0.8464183807373047,0.19501018524169922,0,1.0586090087890625,6.548608303070068,6.705738067626953,0,0,0,0,0,0,0,0,0,0,0,0,0,0,0,7
15588096520,85170120,85155,85155,1,0.4309850037097931,0.8474083542823792,0.20421409606933594,0,1.0439567565917969,6.321111679077148,6.529914855957031,0,0,0,0,0,0,0,0,0,0,0,0,0,0,0,7
15592632636,85175134,85160,85160,1,0.4349989891052246,0.8478499054908752,0.2088165283203125,0,1.0732593536376953,6.214852333068848,6.412698745727539,0,0,0,0,0,0,0,0,0,0,0,0,0,0,0,7
15597168752,85178121,85163,85163,1,0.43798598647117615,0.8481784462928772,0.2118844985961914,0,1.0586090087890625,6.1338958740234375,6.30525016784668,0,0,0,0,0,0,0,0,0,0,0,0,0,0,0,7
15601704868,85184122,85169,85169,1,0.44398701190948486,0.8488385677337646,0.21840476989746094,0,1.087911605834961,5.966475486755371,6.090354919433594,0,0,0,0,0,0,0,0,0,0,0,0,0,0,0,7
15606240984,85188135,85173,85173,1,0.4479999840259552,0.8492799997329712,0.2230072021484375,0,1.1318683624267578,5.8510260581970215,5.992673873901367,0,0,0,0,0,0,0,0,0,0,0,0,0,0,0,7
15610777100,85192120,85177,85177,1,0.4519850015640259,0.8497183322906494,0.22760868072509766,0,1.1538467407226562,5.733665466308594,5.875457763671875,0,0,0,0,0,0,0,0,0,0,0,0,0,0,0,7
15614989874,85198120,85183,85183,1,0.4579850137233734,0.8503783941268921,0.2348947525024414,0,1.1465206146240234,5.551966190338135,5.80708122253418,0,0,0,0,0,0,0,0,0,0,0,0,0,0,0,7
15619202645,85202135,85187,85187,1,0.4620000123977661,0.850820004940033,0.23949718475341797,0,1.1465206146240234,5.427102565765381,5.680097579956055,0,0,0,0,0,0,0,0,0,0,0,0,0,0,0,7
15623415416,85206120,85191,85191,1,0.4669860005378723,0.8513684868812561,0.24524974822998047,0,1.161172866821289,5.268477439880371,5.514041900634766,0,0,0,0,0,0,0,0,0,0,0,0,0,0,0,7
15627628187,85211120,85196,85196,1,0.4709849953651428,0.8518083691596985,0.24985122680664062,0,1.161172866821289,5.138464450836182,5.387058258056641,0,0,0,0,0,0,0,0,0,0,0,0,0,0,0,7
15631840958,85214124,85199,85199,1,0.47398900985717773,0.8521388173103333,0.25330257415771484,0,1.161172866821289,5.039203643798828,5.318681716918945,0,0,0,0,0,0,0,0,0,0,0,0,0,0,0,7
15636053729,85217125,85202,85202,1,0.4769899845123291,0.8524689078330994,0.25675392150878906,0,1.1465206146240234,4.93870210647583,5.221000671386719,0,0,0,0,0,0,0,0,0,0,0,0,0,0,0,7
15640266500,85221121,85206,85206,1,0.48098599910736084,0.8529084920883179,0.26173973083496094,0,1.1831493377685547,4.802842617034912,5.025640487670898,0,0,0,0,0,0,0,0,0,0,0,0,0,0,0,7
15644194148,85229128,85214,85214,1,0.48899298906326294,0.853789210319519,0.2717103958129883,0,1.2417583465576172,4.523829936981201,4.732601165771484,0,0,0,0,0,0,0,0,0,0,0,0,0,0,0,7
15648121790,85232121,85217,85217,1,0.4919860064983368,0.8541184663772583,0.2751617431640625,0,1.2417583465576172,4.417292594909668,4.703296661376953,0,0,0,0,0,0,0,0,0,0,0,0,0,0,0,7
15652049432,85235129,85220,85220,1,0.49499398469924927,0.8544493317604065,0.27861499786376953,0,1.2051277160644531,4.3090314865112305,4.566545486450195,0,0,0,0,0,0,0,0,0,0,0,0,0,0,0,7
15655977074,85240120,85225,85225,1,0.499985009431839,0.8549983501434326,0.28513431549072266,0,1.2417583465576172,4.126837253570557,4.361415863037109,0,0,0,0,0,0,0,0,0,0,0,0,0,0,0,7
15659904716,85243132,85228,85228,1,0.5029969811439514,0.855329692363739,0.2889690399169922,0,1.2637367248535156,4.015388488769531,4.293041229248047,0,0,0,0,0,0,0,0,0,0,0,0,0,0,0,7
15663832358,85246120,85231,85231,1,0.5059850215911865,0.8556583523750305,0.2924203872680664,0,1.212453842163086,3.903742551803589,4.253969192504883,0,0,0,0,0,0,0,0,0,0,0,0,0,0,0,7
15667760000,85249121,85234,85234,1,0.5089859962463379,0.8559885025024414,0.29625511169433594,0,1.2051277160644531,3.790555477142334,4.146520614624023,0,0,0,0,0,0,0,0,0,0,0,0,0,0,0,7
15673712141,85264121,85249,85249,1,0.5239859819412231,0.8576384782791138,0.3150463104248047,0,1.2710628509521484,3.170064687728882,3.462759017944336,0,0,0,0,0,0,0,0,0,0,0,0,0,0,0,7
15679664278,85267124,85252,85252,1,0.5269889831542969,0.857968807220459,0.3188819885253906,0,1.2564105987548828,3.051197052001953,3.374847412109375,0,0,0,0,0,0,0,0,0,0,0,0,0,0,0,7
15685616415,85270121,85255,85255,1,0.5299860239028931,0.8582984805107117,0.32271671295166016,0,1.2710628509521484,2.9712657928466797,3.296703338623047,0,0,0,0,0,0,0,0,0,0,0,0,0,0,0,7
15691568552,85281121,85266,85266,1,0.5409860014915466,0.8595084547996521,0.3376731872558594,0,1.2417583465576172,2.484363079071045,2.8962154388427734,0,0,0,0,0,0,0,0,0,0,0,0,0,0,0,7
15697520689,85286135,85271,85271,1,0.5460000038146973,0.8600600361824036,0.34265899658203125,0,1.2417583465576172,2.3188443183898926,2.700855255126953,0,0,0,0,0,0,0,0,0,0,0,0,0,0,0,7
15703472826,85290120,85275,85275,1,0.5499849915504456,0.8604983687400818,0.3476448059082031,0,1.2564105987548828,2.153395414352417,2.4761905670166016,0,0,0,0,0,0,0,0,0,0,0,0,0,0,0,7
15709424963,85294120,85279,85279,1,0.5539849996566772,0.8609383702278137,0.352630615234375,0,1.24908447265625,1.9862325191497803,2.290597915649414,0,0,0,0,0,0,0,0,0,0,0,0,0,0,0,7
15715377100,85297121,85282,85282,1,0.5569859743118286,0.8612684607505798,0.35646533966064453,0,1.2710628509521484,1.8601491451263428,2.173381805419922,0,0,0,0,0,0,0,0,0,0,0,0,0,0,0,7
15719586685,85302120,85287,85287,1,0.5619850158691406,0.8618183732032776,0.36298465728759766,0,1.2710628509521484,1.6489412784576416,1.958486557006836,0,0,0,0,0,0,0,0,0,0,0,0,0,0,0,7
15723796268,85307121,85292,85292,1,0.5669860243797302,0.8623684644699097,0.3695039749145508,0,1.2783889770507812,1.4363045692443848,1.792428970336914,0,0,0,0,0,0,0,0,0,0,0,0,0,0,0,7
15728005851,85309125,85294,85295,1,0.5699849724769592,0.8626983761787415,0.372955322265625,0,1.2637367248535156,1.3082112073898315,1.7045173645019531,0,0,0,0,0,0,0,0,0,0,0,0,0,0,0,7
15732215434,85312120,85297,85297,1,0.5719850063323975,0.8629183769226074,0.3756399154663086,0,1.2783889770507812,1.1792043447494507,1.6068382263183594,0,0,0,0,0,0,0,0,0,0,0,0,0,0,0,7
15736425017,85315133,85300,85300,1,0.5749980211257935,0.8632497787475586,0.3790912628173828,0,1.2271060943603516,1.0932265520095825,1.5482292175292969,0,0,0,0,0,0,0,0,0,0,0,0,0,0,0,7
15740634600,85320121,85305,85305,1,0.5799859762191772,0.8637984991073608,0.3852272033691406,0,1.212453842163086,0.8783784508705139,1.3040294647216797,0,0,0,0,0,0,0,0,0,0,0,0,0,0,0,7
15744454948,85327128,85312,85312,1,0.5869929790496826,0.8645692467689514,0.39404773712158203,0,1.2197799682617188,0.5752813220024109,0.9719161987304688,0,0,0,0,0,0,0,0,0,0,0,0,0,0,0,7
15748275290,85330124,85315,85315,1,0.5899890065193176,0.8648988008499146,0.39749908447265625,0,1.2271060943603516,0.44532373547554016,0.874237060546875,0,0,0,0,0,0,0,0,0,0,0,0,0,0,0,7
15752095632,85333121,85318,85318,1,0.593986988067627,0.8653385639190674,0.40248584747314453,0,1.2197799682617188,0.27164506912231445,0.6691093444824219,0,0,0,0,0,0,0,0,0,0,0,0,0,0,0,7
15755915974,85337121,85322,85322,1,0.5969859957695007,0.8656684756278992,0.40593719482421875,0,1.24908447265625,0.09757492691278458,0.5030517578125,0,0,0,0,0,0,0,0,0,0,0,0,0,0,0,7
15759736316,85342137,85327,85327,1,0.6020020246505737,0.866220235824585,0.4124565124511719,0,1.2197799682617188,-0.07710598409175873,0.376068115234375,0,0,0,0,0,0,0,0,0,0,0,0,0,0,0,7
15763556658,85345129,85330,85330,1,0.604993999004364,0.8665493726730347,0.4159078598022461,0,1.212453842163086,-0.20738255977630615,0.3076915740966797,0,0,0,0,0,0,0,0,0,0,0,0,0,0,0,7
15767377000,85349122,85334,85334,1,0.6089869737625122,0.8669885993003845,0.42051029205322266,0,1.1465206146240234,-0.3812306225299835,0.2588520050048828,0,0,0,0,0,0,0,0,0,0,0,0,0,0,0,7
15772052716,85354124,85339,85339,1,0.613988995552063,0.8675388097763062,0.4254951477050781,0,1.0659332275390625,-0.5988662242889404,0.15140342712402344,0,0,0,0,0,0,0,0,0,0,0,0,0,0,0,7
15776728428,85358123,85343,85343,1,0.6179879903793335,0.8679786920547485,0.4297142028808594,0,1.0146522521972656,-0.8161575198173523,0.0048847198486328125,0,0,0,0,0,0,0,0,0,0,0,0,0,0,0,7
15781404140,85361121,85346,85346,1,0.6209859848022461,0.8684183359146118,0.43431568145751953,0,1.087911605834961,-0.9460695385932922,-0.27838897705078125,0,0,0,0,0,0,0,0,0,0,0,0,0,0,0,7
15786079852,85367125,85352,85352,1,0.626990020275116,0.8689689040184021,0.44045162200927734,0,1.1831493377685547,-1.2056857347488403,-0.5909652709960938,0,0,0,0,0,0,0,0,0,0,0,0,0,0,0,7
15790755564,85371127,85356,85356,1,0.6309919953346252,0.8694091439247131,0.4450540542602539,0,1.1465206146240234,-1.3781715631484985,-0.7863254547119141,0,0,0,0,0,0,0,0,0,0,0,0,0,0,0,7
15795431276,85375133,85360,85360,1,0.6349980235099792,0.8698498010635376,0.44965553283691406,0,1.161172866821289,-1.5077217817306519,-1.0109882354736328,0,0,0,0,0,0,0,0,0,0,0,0,0,0,0,7
15800106988,85381121,85366,85366,1,0.6419849991798401,0.8706183433532715,0.45770931243896484,0,1.1318683624267578,-1.8067032098770142,-1.3137969970703125,0,0,0,0,0,0,0,0,0,0,0,0,0,0,0,7
15804782700,85385133,85370,85370,1,0.6449980139732361,0.8709498047828674,0.46077728271484375,0,1.124542236328125,-1.934924602508545,-1.5091571807861328,0,0,0,0,0,0,0,0,0,0,0,0,0,0,0,7
15809242100,85395129,85380,85380,1,0.654994010925293,0.8720493316650391,0.47189903259277344,0,1.0732593536376953,-2.3567028045654297,-1.9389495849609375,0,0,0,0,0,0,0,0,0,0,0,0,0,0,0,7
15813701500,85398135,85383,85383,1,0.6579999923706055,0.8723800182342529,0.47458362579345703,0,1.0512828826904297,-2.4823191165924072,-2.0268611907958984,0,0,0,0,0,0,0,0,0,0,0,0,0,0,0,7
15818160900,85401123,85386,85386,1,0.6609879732131958,0.8727086782455444,0.47765159606933594,0,1.0293045043945312,-2.606562376022339,-2.212453842163086,0,0,0,0,0,0,0,0,0,0,0,0,0,0,0,7
15822620300,85404124,85389,85389,1,0.6639890074729919,0.8730388283729553,0.48110294342041016,0,1.0439567565917969,-2.7721035480499268,-2.4371185302734375,0,0,0,0,0,0,0,0,0,0,0,0,0,0,0,7
15827079700,85410121,85395,85395,1,0.6699860095977783,0.8736984729766846,0.48723888397216797,0,1.036630630493164,-2.976623296737671,-2.622711181640625,0,0,0,0,0,0,0,0,0,0,0,0,0,0,0,7
15831539100,85413125,85398,85398,1,0.6729900240898132,0.8740289211273193,0.4903068542480469,0,1.0293045043945312,-3.098689317703247,-2.700855255126953,0,0,0,0,0,0,0,0,0,0,0,0,0,0,0,7
15836982166,85418120,85403,85403,1,0.6779850125312805,0.8745783567428589,0.49567604064941406,0,1.0293045043945312,-3.299880266189575,-2.9352874755859375,0,0,0,0,0,0,0,0,0,0,0,0,0,0,0,7
15842425228,85421122,85406,85406,1,0.6809870004653931,0.8749085664749146,0.49874401092529297,0,1.036630630493164,-3.4196693897247314,-3.1404151916503906,0,0,0,0,0,0,0,0,0,0,0,0,0,0,0,7
15847868290,85426135,85411,85411,1,0.6859999895095825,0.8754600286483765,0.5037298202514648,0,1.0293045043945312,-3.6565158367156982,-3.326007843017578,0,0,0,0,0,0,0,0,0,0,0,0,0,0,0,7
15853311352,85429123,85414,85414,1,0.6889879703521729,0.875788688659668,0.5067977905273438,0,1.0073261260986328,-3.773275136947632,-3.365079879760742,0,0,0,0,0,0,0,0,0,0,0,0,0,0,0,7
15858754414,85434121,85419,85419,1,0.6939859986305237,0.8763384819030762,0.5117826461791992,0,0.9780216217041016,-3.9277162551879883,-3.5311355590820312,0,0,0,0,0,0,0,0,0,0,0,0,0,0,0,7
15864197476,85437123,85422,85422,1,0.6969879865646362,0.8766686916351318,0.5144672393798828,0,0.9780216217041016,-4.080250263214111,-3.746030807495117,0,0,0,0,0,0,0,0,0,0,0,0,0,0,0,7
15869640538,85447121,85432,85432,2,0.7069860100746155,0,0.5244388580322266,0,0.9560441970825195,-3.8325774669647217,-4.058608055114746,0,0,0,0,0,0,0,0,0,0,0,0,0,0,0,7
15875083600,85450130,85435,85435,2,0,0,0.5271224975585938,0,0.9413919448852539,-3.800804853439331,-4.117216110229492,0,0,0,0,0,0,0,0,0,0,0,0,0,0,0,7
15883411960,85486121,85471,85471,2,0,0,0.5578031539916992,0,0.8168497085571289,-3.6094424724578857,-3.5604400634765625,0,0,0,0,0,0,0,0,0,0,0,0,0,0,0,7
15891740320,85490120,85475,85475,2,0,0,0.5608711242675781,0,0.7728939056396484,-3.4719760417938232,-3.492063522338867,0,0,0,0,0,0,0,0,0,0,0,0,0,0,0,7
15900068680,85493121,85478,85478,2,0,0,0.5631723403930664,0,0.7802200317382812,-3.516615629196167,-3.511598587036133,0,0,0,0,0,0,0,0,0,0,0,0,0,0,0,7
15908397040,85496136,85481,85481,2,0,0,0.5654735565185547,0,0.7728939056396484,-3.5103232860565186,-3.540903091430664,0,0,0,0,0,0,0,0,0,0,0,0,0,0,0,7
15916725400,85499125,85484,85484,2,0,0,0.5673913955688477,0,0.75091552734375,-3.4415881633758545,-3.4334545135498047,0,0,0,0,0,0,0,0,0,0,0,0,0,0,0,7
15920729200,85506120,85491,85491,2,0,0,0.5723762512207031,0,0.6923074722290039,-3.257004499435425,-3.365079879760742,0,0,0,0,0,0,0,0,0,0,0,0,0,0,0,7
15924733000,85508122,85493,85493,2,0,0,0.5739107131958008,0,0.6923074722290039,-3.2761828899383545,-3.3553104400634766,0,0,0,0,0,0,0,0,0,0,0,0,0,0,0,7
15928736800,85511125,85496,85496,2,0,0,0.5762109756469727,0,0.7216119766235352,-3.412569761276245,-3.384614944458008,0,0,0,0,0,0,0,0,0,0,0,0,0,0,0,7
15932275050,85515129,85500,85500,2,0,0,0.5792789459228516,0,0.6776552200317383,-3.2674224376678467,-3.2673988342285156,0,0,0,0,0,0,0,0,0,0,0,0,0,0,0,7
15935813300,85518120,85503,85503,2,0,0,0.5811967849731445,0,0.6923074722290039,-3.345209836959839,-3.286935806274414,0,0,0,0,0,0,0,0,0,0,0,0,0,0,0,7
15939351550,85522120,85507,85507,2,0,0,0.5831146240234375,0,0.6703300476074219,-3.2841460704803467,-3.2380943298339844,0,0,0,0,0,0,0,0,0,0,0,0,0,0,0,7
15942889800,85525133,85510,85510,2,0,0,0.5850315093994141,0,0.6336994171142578,-3.15680193901062,-3.208791732788086,0,0,0,0,0,0,0,0,0,0,0,0,0,0,0,7
15946428050,85528124,85513,85513,2,0,0,0.586949348449707,0,0.6556777954101562,-3.2562167644500732,-3.24786376953125,0,0,0,0,0,0,0,0,0,0,0,0,0,0,0,7
15949966300,85531121,85516,85516,2,0,0,0.5888671875,0,0.626373291015625,-3.165844678878784,-3.1794872283935547,0,0,0,0,0,0,0,0,0,0,0,0,0,0,0,7
15953504550,85534120,85519,85519,2,0,0,0.590785026550293,0,0.626373291015625,-3.1773555278778076,-3.1501827239990234,0,0,0,0,0,0,0,0,0,0,0,0,0,0,0,7
15957042800,85537130,85522,85522,2,0,0,0.5927028656005859,0,0.6483516693115234,-3.284447431564331,-3.1990222930908203,0,0,0,0,0,0,0,0,0,0,0,0,0,0,0,7
15960917691,85544121,85529,85529,2,0,0,0.5969209671020508,0,0.5897436141967773,-3.092196226119995,-3.1111106872558594,0,0,0,0,0,0,0,0,0,0,0,0,0,0,0,7
15964792578,85547121,85532,85532,2,0,0,0.5984554290771484,0,0.5897436141967773,-3.1075408458709717,-3.130647659301758,0,0,0,0,0,0,0,0,0,0,0,0,0,0,0,7
15968667465,85550129,85535,85535,2,0,0,0.5999889373779297,0,0.5457878112792969,-2.9470527172088623,-3.042734146118164,0,0,0,0,0,0,0,0,0,0,0,0,0,0,0,7
15972542352,85554120,85539,85539,2,0,0,0.602290153503418,0,0.5604391098022461,-3.028670072555542,-3.0525035858154297,0,0,0,0,0,0,0,0,0,0,0,0,0,0,0,7
15976417239,85557124,85542,85543,2,0,0,0.6042079925537109,0,0.5238094329833984,-2.901329755783081,-3.0134315490722656,0,0,0,0,0,0,0,0,0,0,0,0,0,0,0,7
15980292126,85561122,85546,85546,2,0,0,0.6065082550048828,0,0.5164833068847656,-2.8950278759002686,-2.964590072631836,0,0,0,0,0,0,0,0,0,0,0,0,0,0,0,7
15984167013,85564121,85549,85549,2,0,0,0.6076593399047852,0,0.5164833068847656,-2.906538724899292,-2.9450550079345703,0,0,0,0,0,0,0,0,0,0,0,0,0,0,0,7
15988041900,85567125,85552,85552,2,0,0,0.6091928482055664,0,0.5164833068847656,-2.9218738079071045,-2.925518035888672,0,0,0,0,0,0,0,0,0,0,0,0,0,0,0,7
15991732616,85576121,85561,85561,2,0,0,0.6134119033813477,0,0.5091571807861328,-2.9347598552703857,-2.827838897705078,0,0,0,0,0,0,0,0,0,0,0,0,0,0,0,7
15995423328,85579128,85564,85564,2,0,0,0.6145620346069336,0,0.47252750396728516,-2.7997424602508545,-2.8571434020996094,0,0,0,0,0,0,0,0,0,0,0,0,0,0,0,7
15999114040,85582122,85567,85567,2,0,0,0.6160955429077148,0,0.4432229995727539,-2.697859525680542,-2.74969482421875,0,0,0,0,0,0,0,0,0,0,0,0,0,0,0,7
16002804752,85585129,85570,85570,2,0,0,0.6172466278076172,0,0.4358978271484375,-2.6800696849823,-2.798534393310547,0,0,0,0,0,0,0,0,0,0,0,0,0,0,0,7
16006495464,85590122,85575,85575,2,0,0,0.6195478439331055,0,0.4285717010498047,-2.6737773418426514,-2.710622787475586,0,0,0,0,0,0,0,0,0,0,0,0,0,0,0,7
16010186176,85593128,85578,85578,2,0,0,0.6206979751586914,0,0.41391944885253906,-2.6266696453094482,-2.74969482421875,0,0,0,0,0,0,0,0,0,0,0,0,0,0,0,7
16013876888,85596121,85581,85581,2,0,0,0.6218481063842773,0,0.40659332275390625,-2.6088664531707764,-2.6520137786865234,0,0,0,0,0,0,0,0,0,0,0,0,0,0,0,7
16017567600,85599125,85584,85584,2,0,0,0.623382568359375,0,0.4212455749511719,-2.6866538524627686,-2.661783218383789,0,0,0,0,0,0,0,0,0,0,0,0,0,0,0,7
16021470275,85604120,85589,85589,2,0,0,0.6249160766601562,0,0.3699636459350586,-2.4675567150115967,-2.6129417419433594,0,0,0,0,0,0,0,0,0,0,0,0,0,0,0,7
16025372950,85610121,85595,85595,2,0,0,0.6272172927856445,0,0.3699636459350586,-2.5160396099090576,-2.5347976684570312,0,0,0,0,0,0,0,0,0,0,0,0,0,0,0,7
16029275625,85613121,85598,85598,2,0,0,0.6283674240112305,0,0.3772897720336914,-2.5568454265594482,-2.544567108154297,0,0,0,0,0,0,0,0,0,0,0,0,0,0,0,7
16033178300,85615132,85600,85600,2,0,0,0.6295185089111328,0,0.3699636459350586,-2.5390517711639404,-2.4664230346679688,0,0,0,0,0,0,0,0,0,0,0,0,0,0,0,7
16037080975,85619123,85604,85604,2,0,0,0.6306686401367188,0,0.3186817169189453,-2.3454253673553467,-2.4859580993652344,0,0,0,0,0,0,0,0,0,0,0,0,0,0,0,7
16040983650,85625129,85610,85610,2,0,0,0.6325864791870117,0,0.34798526763916016,-2.4818179607391357,-2.456653594970703,0,0,0,0,0,0,0,0,0,0,0,0,0,0,0,7
16044886325,85628124,85613,85613,2,0,0,0.6333532333374023,0,0.3040294647216797,-2.31366229057312,-2.417581558227539,0,0,0,0,0,0,0,0,0,0,0,0,0,0,0,7
16048789000,85631121,85616,85616,2,0,0,0.6345033645629883,0,0.33333301544189453,-2.442377805709839,-2.4273509979248047,0,0,0,0,0,0,0,0,0,0,0,0,0,0,0,7
16052727775,85639121,85624,85624,2,0,0,0.6364212036132812,0,0.28937721252441406,-2.2895667552948,-2.4371185302734375,0,0,0,0,0,0,0,0,0,0,0,0,0,0,0,7
16056666550,85644124,85629,85629,2,0,0,0.6383390426635742,0,0.27472496032714844,-2.246302366256714,-2.2319908142089844,0,0,0,0,0,0,0,0,0,0,0,0,0,0,0,7
16060605325,85647121,85632,85632,2,0,0,0.6387224197387695,0,0.2673988342285156,-2.2208316326141357,-2.241758346557617,0,0,0,0,0,0,0,0,0,0,0,0,0,0,0,7
16064544100,85650143,85635,85635,2,0,0,0.6394891738891602,0,0.2673988342285156,-2.228499174118042,-2.290597915649414,0,0,0,0,0,0,0,0,0,0,0,0,0,0,0,7
16068482875,85654120,85639,85639,2,0,0,0.6406393051147461,0,0.2454214096069336,-2.1520907878875732,-2.134309768676758,0,0,0,0,0,0,0,0,0,0,0,0,0,0,0,7
16072421650,85657124,85642,85642,2,0,0,0.6410236358642578,0,0.1941394805908203,-1.9508063793182373,-2.124542236328125,0,0,0,0,0,0,0,0,0,0,0,0,0,0,0,7
16076360425,85660120,85645,85645,2,0,0,0.6417903900146484,0,0.23076915740966797,-2.104992628097534,-2.261293411254883,0,0,0,0,0,0,0,0,0,0,0,0,0,0,0,7
16080299200,85662120,85647,85647,2,0,0,0.6429405212402344,0,0.2600736618041992,-2.2337119579315186,-2.2319908142089844,0,0,0,0,0,0,0,0,0,0,0,0,0,0,0,7
16084343366,85666120,85651,85651,2,0,0,0.6433238983154297,0,0.1868133544921875,-1.9445044994354248,-1.9780216217041016,0,0,0,0,0,0,0,0,0,0,0,0,0,0,0,7
16088387528,85672121,85657,85658,2,0,0,0.644474983215332,0,0.1868133544921875,-1.9560153484344482,-2.114774703979492,0,0,0,0,0,0,0,0,0,0,0,0,0,0,0,7
16092431690,85675129,85660,85660,2,0,0,0.6448583602905273,0,0.23809528350830078,-2.1649768352508545,-2.085470199584961,0,0,0,0,0,0,0,0,0,0,0,0,0,0,0,7
16096475852,85678139,85663,85663,2,0,0,0.645625114440918,0,0.22344303131103516,-2.1140353679656982,-1.8998775482177734,0,0,0,0,0,0,0,0,0,0,0,0,0,0,0,7
16100520014,85680120,85665,85665,2,0,0,0.645625114440918,0,0.14285755157470703,-1.7916934490203857,-1.8119659423828125,0,0,0,0,0,0,0,0,0,0,0,0,0,0,0,7
16104564176,85685129,85670,85671,2,0,0,0.6463918685913086,0,0.14285755157470703,-1.799360990524292,-1.9682540893554688,0,0,0,0,0,0,0,0,0,0,0,0,0,0,0,7
16108608338,85688120,85673,85673,2,0,0,0.6467752456665039,0,0.17216110229492188,-1.9204089641571045,-1.9780216217041016,0,0,0,0,0,0,0,0,0,0,0,0,0,0,0,7
16112652500,85694124,85680,85680,2,0,0,0.6479263305664062,0,0.13553142547607422,-1.7854011058807373,-1.8217334747314453,0,0,0,0,0,0,0,0,0,0,0,0,0,0,0,7
16116254174,85700130,85685,85685,2,0,0,0.6483097076416016,0,0.08424949645996094,-1.5841071605682373,-1.792428970336914,0,0,0,0,0,0,0,0,0,0,0,0,0,0,0,7
16119855845,85702124,85687,85687,2,0,0,0.6486930847167969,0,0.10622692108154297,-1.6758506298065186,-1.792428970336914,0,0,0,0,0,0,0,0,0,0,0,0,0,0,0,7
16123457516,85705137,85690,85690,2,0,0,0.6486930847167969,0,0.10622692108154297,-1.6758506298065186,-1.7631263732910156,0,0,0,0,0,0,0,0,0,0,0,0,0,0,0,7
16127059187,85708120,85693,85693,2,0,0,0.6490764617919922,0,0.09890079498291016,-1.6503798961639404,-1.7045173645019531,0,0,0,0,0,0,0,0,0,0,0,0,0,0,0,7
16130660858,85711123,85696,85696,2,0,0,0.6494598388671875,0,0.10622692108154297,-1.5369994640350342,-1.6556777954101562,0,0,0,0,0,0,0,0,0,0,0,0,0,0,0,7
16134262529,85714120,85700,85700,2,0,0,0.6498432159423828,0,0.09157466888427734,-1.6287429332733154,-1.6361408233642578,0,0,0,0,0,0,0,0,0,0,0,0,0,0,0,7
16137864200,85720139,85705,85705,2,0,0,0.6502275466918945,0,0.09890079498291016,-1.6618907451629639,-1.6166057586669922,0,0,0,0,0,0,0,0,0,0,0,0,0,0,0,7
16143848500,85724120,85709,85709,2,0,0,0.6506109237670898,0,0.06959724426269531,-1.5485103130340576,-1.5286941528320312,0,0,0,0,0,0,0,0,0,0,0,0,0,0,0,7
16149832800,85726121,85711,85711,3,0,0,0.6506109237670898,0,0.01831531524658203,0,-1.460317611694336,0,0,0,0,0,0,0,0,0,0,0,0,0,0,0,7
16155817100,85734135,85719,85719,3,0,0,0.6509943008422852,0,0.07692337036132812,0,-0.8253974914550781,0,0,0,0,0,0,0,0,0,0,0,0,0,0,0,7
16161801400,85745129,85730,85730,3,0,0,0.6513776779174805,0,0.025641441345214844,0,-0.1904754638671875,0,0,0,0,0,0,0,0,0,0,0,0,0,0,0,7
16167785700,85754120,85739,85739,3,0,0,0.6513776779174805,0,0.010989189147949219,0,-0.043956756591796875,0,0,0,0,0,0,0,0,0,0,0,0,0,0,0,7
16173770000,85759120,85744,85744,3,0,0,0.6513776779174805,0,-0.010989189147949219,0,-0.014652252197265625,0,0,0,0,0,0,0,0,0,0,0,0,0,0,0,7
16179754300,85764123,85749,85749,3,0,0,0.6513776779174805,0,-0.010989189147949219,0,-0.024419784545898438,0,0,0,0,0,0,0,0,0,0,0,0,0,0,0,7
16185738600,85767121,85752,85752,3,0,0,0.6513776779174805,0,-0.010989189147949219,0,-0.014652252197265625,0,0,0,0,0,0,0,0,0,0,0,0,0,0,0,7
16193759820,85779121,85764,85764,3,0,0,0.6513776779174805,0,-0.010989189147949219,0,-0.014652252197265625,0,0,0,0,0,0,0,0,0,0,0,0,0,0,0,7
16199667317,85782120,85767,85767,3,0,0,0.6513776779174805,0,-0.0036630630493164062,0,-0.014652252197265625,0,0,0,0,0,0,0,0,0,0,0,0,0,0,0,7
16205574814,85789132,85774,85774,3,0,0,0.6513776779174805,0,-0.025641441345214844,0,-0.0048847198486328125,0,0,0,0,0,0,0,0,0,0,0,0,0,0,0,7
16211482311,85804134,85789,85789,3,0,0,0.6513776779174805,0,-0.010989189147949219,0,-0.014652252197265625,0,0,0,0,0,0,0,0,0,0,0,0,0,0,0,7
16217389808,85807121,85793,85793,3,0,0,0.6513776779174805,0,-0.010989189147949219,0,-0.014652252197265625,0,0,0,0,0,0,0,0,0,0,0,0,0,0,0,7
16223297305,85812120,85797,85797,3,0,0,0.6513776779174805,0,-0.010989189147949219,0,-0.0048847198486328125,0,0,0,0,0,0,0,0,0,0,0,0,0,0,0,7
16229204802,85815129,85800,85800,3,0,0,0.6513776779174805,0,-0.010989189147949219,0,0.0048847198486328125,0,0,0,0,0,0,0,0,0,0,0,0,0,0,0,7
16235112299,85818139,85803,85803,3,0,0,0.6509943008422852,0,-0.010989189147949219,0,-0.0048847198486328125,0,0,0,0,0,0,0,0,0,0,0,0,0,0,0,7
16241019796,85821121,85806,85806,3,0,0,0.6509943008422852,0,-0.0036630630493164062,0,-0.0048847198486328125,0,0,0,0,0,0,0,0,0,0,0,0,0,0,0,7
16247861116,85835131,85820,85820,3,0,0,0.6513776779174805,0,-0.010989189147949219,0,-0.0048847198486328125,0,0,0,0,0,0,0,0,0,0,0,0,0,0,0,7
16254702428,85853121,85838,85839,3,0,0,0.6513776779174805,0,-0.0036630630493164062,0,-0.0048847198486328125,0,0,0,0,0,0,0,0,0,0,0,0,0,0,0,7
16261543740,85858120,85843,85843,3,0,0,0.6513776779174805,0,-0.010989189147949219,0,-0.0048847198486328125,0,0,0,0,0,0,0,0,0,0,0,0,0,0,0,7
16268385052,85863121,85848,85848,3,0,0,0.6513776779174805,0,0.010989189147949219,0,-0.014652252197265625,0,0,0,0,0,0,0,0,0,0,0,0,0,0,0,7
16275226364,85868124,85853,85853,3,0,0,0.6513776779174805,0,-0.0036630630493164062,0,-0.014652252197265625,0,0,0,0,0,0,0,0,0,0,0,0,0,0,0,7
16282067676,85873132,85858,85858,3,0,0,0.6513776779174805,0,-0.010989189147949219,0,-0.0048847198486328125,0,0,0,0,0,0,0,0,0,0,0,0,0,0,0,7
16288908988,85875133,85860,85860,3,0,0,0.6509943008422852,0,-0.01831531524658203,0,-0.0048847198486328125,0,0,0,0,0,0,0,0,0,0,0,0,0,0,0,7
16295750300,85878120,85863,85863,3,0,0,0.6513776779174805,0,0.0036630630493164062,0,-0.0048847198486328125,0,0,0,0,0,0,0,0,0,0,0,0,0,0,0,7
16302154300,85885131,85870,85870,3,0,0,0.6513776779174805,0,-0.0036630630493164062,0,-0.014652252197265625,0,0,0,0,0,0,0,0,0,0,0,0,0,0,0,7
16306654900,85889128,85874,85874,3,0,0,0.6513776779174805,0,-0.010989189147949219,0,-0.014652252197265625,0,0,0,0,0,0,0,0,0,0,0,0,0,0,0,7
16311155500,85901133,85886,85886,3,0,0,0.6513776779174805,0,-0.010989189147949219,0,-0.0048847198486328125,0,0,0,0,0,0,0,0,0,0,0,0,0,0,0,7
16315656100,85903125,85888,85888,3,0,0,0.6513776779174805,0,0.0036630630493164062,0,-0.0048847198486328125,0,0,0,0,0,0,0,0,0,0,0,0,0,0,0,7
16320156700,85908121,85893,85893,3,0,0,0.6513776779174805,0,-0.010989189147949219,0,-0.0048847198486328125,0,0,0,0,0,0,0,0,0,0,0,0,0,0,0,7
16324657300,85910124,85895,85896,3,0,0,0.6513776779174805,0,0.010989189147949219,0,-0.0048847198486328125,0,0,0,0,0,0,0,0,0,0,0,0,0,0,0,7
16329157900,85913121,85898,85898,3,0,0,0.6513776779174805,0,-0.0036630630493164062,0,-0.0048847198486328125,0,0,0,0,0,0,0,0,0,0,0,0,0,0,0,7
16333658500,85917125,85902,85902,3,0,0,0.6513776779174805,0,-0.0036630630493164062,0,-0.014652252197265625,0,0,0,0,0,0,0,0,0,0,0,0,0,0,0,7
16338159100,85920120,85905,85905,3,0,0,0.6513776779174805,0,-0.010989189147949219,0,-0.014652252197265625,0,0,0,0,0,0,0,0,0,0,0,0,0,0,0,7
16340872016,85925129,85910,85910,3,0,0,0.6513776779174805,0,0.0036630630493164062,0,-0.014652252197265625,0,0,0,0,0,0,0,0,0,0,0,0,0,0,0,7
16343584928,85927121,85912,85912,3,0,0,0.6513776779174805,0,-0.0036630630493164062,0,-0.0048847198486328125,0,0,0,0,0,0,0,0,0,0,0,0,0,0,0,7
16346297840,85929129,85914,85914,3,0,0,0.6513776779174805,0,-0.010989189147949219,0,-0.0048847198486328125,0,0,0,0,0,0,0,0,0,0,0,0,0,0,0,7
16349010752,85932121,85917,85917,3,0,0,0.6513776779174805,0,0.0036630630493164062,0,-0.0048847198486328125,0,0,0,0,0,0,0,0,0,0,0,0,0,0,0,7
16351723664,85934124,85919,85919,3,0,0,0.6513776779174805,0,-0.0036630630493164062,0,-0.014652252197265625,0,0,0,0,0,0,0,0,0,0,0,0,0,0,0,7
16354436576,85936120,85921,85921,3,0,0,0.6513776779174805,0,-0.0036630630493164062,0,-0.0048847198486328125,0,0,0,0,0,0,0,0,0,0,0,0,0,0,0,7
16357149488,85938122,85924,85924,3,0,0,0.6513776779174805,0,-0.0036630630493164062,0,-0.0048847198486328125,0,0,0,0,0,0,0,0,0,0,0,0,0,0,0,7
16359862400,85941120,85926,85926,3,0,0,0.6509943008422852,0,-0.010989189147949219,0,-0.0048847198486328125,0,0,0,0,0,0,0,0,0,0,0,0,0,0,0,7
16362819200,85946120,85931,85931,3,0,0,0.6513776779174805,0,-0.010989189147949219,0,-0.014652252197265625,0,0,0,0,0,0,0,0,0,0,0,0,0,0,0,7
16365776000,85949121,85934,85934,3,0,0,0.6513776779174805,0,0.010989189147949219,0,-0.014652252197265625,0,0,0,0,0,0,0,0,0,0,0,0,0,0,0,7
16368732800,85952123,85937,85937,3,0,0,0.6513776779174805,0,0.0036630630493164062,0,-0.014652252197265625,0,0,0,0,0,0,0,0,0,0,0,0,0,0,0,7
16371689600,85955133,85940,85940,3,0,0,0.6513776779174805,0,-0.0036630630493164062,0,-0.024419784545898438,0,0,0,0,0,0,0,0,0,0,0,0,0,0,0,7
16374646400,85959126,85944,85944,3,0,0,0.6513776779174805,0,-0.010989189147949219,0,-0.014652252197265625,0,0,0,0,0,0,0,0,0,0,0,0,0,0,0,7
16377603200,85961121,85946,85946,3,0,0,0.6513776779174805,0,-0.0036630630493164062,0,-0.014652252197265625,0,0,0,0,0,0,0,0,0,0,0,0,0,0,0,7
16380560000,85964121,85949,85949,3,0,0,0.6513776779174805,0,-0.0036630630493164062,0,-0.014652252197265625,0,0,0,0,0,0,0,0,0,0,0,0,0,0,0,7
16383516800,85966120,85951,85951,3,0,0,0.6513776779174805,0,-0.010989189147949219,0,-0.014652252197265625,0,0,0,0,0,0,0,0,0,0,0,0,0,0,0,7
16386021366,85969121,85954,85955,3,0,0,0.6513776779174805,0,-0.010989189147949219,0,-0.014652252197265625,0,0,0,0,0,0,0,0,0,0,0,0,0,0,0,7
16388525928,85972137,85957,85957,3,0,0,0.6513776779174805,0,0.010989189147949219,0,-0.014652252197265625,0,0,0,0,0,0,0,0,0,0,0,0,0,0,0,7
16391030490,85975129,85960,85960,3,0,0,0.6513776779174805,0,-0.01831531524658203,0,-0.0048847198486328125,0,0,0,0,0,0,0,0,0,0,0,0,0,0,0,7
16393535052,85977121,85962,85962,3,0,0,0.6513776779174805,0,-0.010989189147949219,0,-0.014652252197265625,0,0,0,0,0,0,0,0,0,0,0,0,0,0,0,7
16396039614,85978120,85964,85964,3,0,0,0.6513776779174805,0,0.0036630630493164062,0,-0.014652252197265625,0,0,0,0,0,0,0,0,0,0,0,0,0,0,0,7
16398544176,85981121,85966,85966,3,0,0,0.6513776779174805,0,-0.010989189147949219,0,-0.014652252197265625,0,0,0,0,0,0,0,0,0,0,0,0,0,0,0,7
16401048738,85983121,85968,85968,3,0,0,0.6513776779174805,0,-0.0036630630493164062,0,-0.0048847198486328125,0,0,0,0,0,0,0,0,0,0,0,0,0,0,0,7
16403553300,85986135,85971,85971,3,0,0,0.6513776779174805,0,-0.010989189147949219,0,-0.0048847198486328125,0,0,0,0,0,0,0,0,0,0,0,0,0,0,0,7
16406307941,85992125,85977,85977,3,0,0,0.6513776779174805,0,-0.0036630630493164062,0,-0.014652252197265625,0,0,0,0,0,0,0,0,0,0,0,0,0,0,0,7
16408975018,85994120,85979,85979,3,0,0,0.6509943008422852,0,-0.0036630630493164062,0,-0.014652252197265625,0,0,0,0,0,0,0,0,0,0,0,0,0,0,0,7
16411642095,85996123,85981,85981,3,0,0,0.6513776779174805,0,-0.0036630630493164062,0,-0.014652252197265625,0,0,0,0,0,0,0,0,0,0,0,0,0,0,0,7
16414309172,85998121,85983,85983,3,0,0,0.6513776779174805,0,0.0036630630493164062,0,-0.014652252197265625,0,0,0,0,0,0,0,0,0,0,0,0,0,0,0,7
16416976249,86000145,85985,85985,3,0,0,0.6513776779174805,0,-0.01831531524658203,0,-0.014652252197265625,0,0,0,0,0,0,0,0,0,0,0,0,0,0,0,7
16419643326,86003121,85988,85988,3,0,0,0.6513776779174805,0,-0.010989189147949219,0,-0.014652252197265625,0,0,0,0,0,0,0,0,0,0,0,0,0,0,0,7
16422310403,86005133,85990,85990,3,0,0,0.6513776779174805,0,0.010989189147949219,0,-0.0048847198486328125,0,0,0,0,0,0,0,0,0,0,0,0,0,0,0,7
16424977480,86008120,85993,85993,3,0,0,0.6513776779174805,0,-0.01831531524658203,0,-0.0048847198486328125,0,0,0,0,0,0,0,0,0,0,0,0,0,0,0,7
16427644557,86012121,85997,85997,3,0,0,0.6513776779174805,0,-0.0036630630493164062,0,-0.014652252197265625,0,0,0,0,0,0,0,0,0,0,0,0,0,0,0,7
16430311634,86014137,85999,85999,3,0,0,0.6513776779174805,0,-0.010989189147949219,0,-0.014652252197265625,0,0,0,0,0,0,0,0,0,0,0,0,0,0,0,7
16432978711,86016121,86001,86001,3,0,0,0.6513776779174805,0,0.0036630630493164062,0,-0.014652252197265625,0,0,0,0,0,0,0,0,0,0,0,0,0,0,0,7
16435645788,86018120,86003,86003,3,0,0,0.6513776779174805,0,-0.0036630630493164062,0,-0.014652252197265625,0,0,0,0,0,0,0,0,0,0,0,0,0,0,0,7
16438312865,86020120,86005,86005,3,0,0,0.6513776779174805,0,-0.01831531524658203,0,-0.014652252197265625,0,0,0,0,0,0,0,0,0,0,0,0,0,0,0,7
16440979942,86023120,86008,86008,3,0,0,0.6513776779174805,0,-0.010989189147949219,0,-0.014652252197265625,0,0,0,0,0,0,0,0,0,0,0,0,0,0,0,7
16443647019,86026124,86011,86011,3,0,0,0.6513776779174805,0,0.0036630630493164062,0,-0.014652252197265625,0,0,0,0,0,0,0,0,0,0,0,0,0,0,0,7
16446314096,86029125,86014,86014,3,0,0,0.6513776779174805,0,-0.010989189147949219,0,-0.014652252197265625,0,0,0,0,0,0,0,0,0,0,0,0,0,0,0,7
16449175350,86033120,86018,86018,3,0,0,0.6513776779174805,0,-0.01831531524658203,0,-0.0048847198486328125,0,0,0,0,0,0,0,0,0,0,0,0,0,0,0,7
16451915073,86035129,86020,86020,3,0,0,0.6513776779174805,0,-0.0036630630493164062,0,-0.014652252197265625,0,0,0,0,0,0,0,0,0,0,0,0,0,0,0,7
16454654796,86038122,86023,86023,3,0,0,0.6513776779174805,0,-0.010989189147949219,0,-0.0048847198486328125,0,0,0,0,0,0,0,0,0,0,0,0,0,0,0,7
16457394519,86040120,86025,86025,3,0,0,0.6513776779174805,0,-0.0036630630493164062,0,-0.0048847198486328125,0,0,0,0,0,0,0,0,0,0,0,0,0,0,0,7
16460134242,86043124,86028,86028,3,0,0,0.6513776779174805,0,-0.0036630630493164062,0,-0.0048847198486328125,0,0,0,0,0,0,0,0,0,0,0,0,0,0,0,7
16462873965,86045129,86030,86030,3,0,0,0.6513776779174805,0,0.010989189147949219,0,-0.0048847198486328125,0,0,0,0,0,0,0,0,0,0,0,0,0,0,0,7
16465613688,86048121,86034,86034,3,0,0,0.6513776779174805,0,0.0036630630493164062,0,-0.0048847198486328125,0,0,0,0,0,0,0,0,0,0,0,0,0,0,0,7
16468353411,86051121,86036,86036,3,0,0,0.6513776779174805,0,-0.010989189147949219,0,-0.014652252197265625,0,0,0,0,0,0,0,0,0,0,0,0,0,0,0,7
16471093134,86055140,86040,86040,3,0,0,0.6513776779174805,0,-0.010989189147949219,0,-0.014652252197265625,0,0,0,0,0,0,0,0,0,0,0,0,0,0,0,7
16473832857,86058121,86043,86043,3,0,0,0.6513776779174805,0,-0.010989189147949219,0,-0.014652252197265625,0,0,0,0,0,0,0,0,0,0,0,0,0,0,0,7
16476572580,86060120,86045,86045,3,0,0,0.6513776779174805,0,-0.010989189147949219,0,-0.0048847198486328125,0,0,0,0,0,0,0,0,0,0,0,0,0,0,0,7
16479312303,86063124,86048,86048,3,0,0,0.6513776779174805,0,-0.0036630630493164062,0,-0.0048847198486328125,0,0,0,0,0,0,0,0,0,0,0,0,0,0,0,7
16482052026,86065129,86050,86050,3,0,0,0.6513776779174805,0,0.0036630630493164062,0,-0.014652252197265625,0,0,0,0,0,0,0,0,0,0,0,0,0,0,0,7
16484791749,86067123,86052,86052,3,0,0,0.6513776779174805,0,-0.0036630630493164062,0,-0.014652252197265625,0,0,0,0,0,0,0,0,0,0,0,0,0,0,0,7
16487531472,86070135,86055,86055,3,0,0,0.6513776779174805,0,-0.010989189147949219,0,-0.0048847198486328125,0,0,0,0,0,0,0,0,0,0,0,0,0,0,0,7
16490271195,86072120,86057,86057,3,0,0,0.6513776779174805,0,0.0036630630493164062,0,-0.0048847198486328125,0,0,0,0,0,0,0,0,0,0,0,0,0,0,0,7
16493185075,86076121,86061,86062,3,0,0,0.6513776779174805,0,-0.010989189147949219,0,-0.0048847198486328125,0,0,0,0,0,0,0,0,0,0,0,0,0,0,0,7
16496098950,86079125,86064,86064,3,0,0,0.6513776779174805,0,-0.010989189147949219,0,-0.0048847198486328125,0,0,0,0,0,0,0,0,0,0,0,0,0,0,0,7
16499012825,86081120,86066,86066,3,0,0,0.6513776779174805,0,0.010989189147949219,0,0.0048847198486328125,0,0,0,0,0,0,0,0,0,0,0,0,0,0,0,7
16501926700,86084139,86069,86069,3,0,0,0.6513776779174805,0,-0.0036630630493164062,0,-0.0048847198486328125,0,0,0,0,0,0,0,0,0,0,0,0,0,0,0,7
16504840575,86086120,86071,86071,3,0,0,0.6513776779174805,0,-0.0036630630493164062,0,-0.0048847198486328125,0,0,0,0,0,0,0,0,0,0,0,0,0,0,0,7
16507754450,86089121,86074,86074,3,0,0,0.6513776779174805,0,-0.0036630630493164062,0,-0.0048847198486328125,0,0,0,0,0,0,0,0,0,0,0,0,0,0,0,7
16510668325,86093121,86078,86078,3,0,0,0.6513776779174805,0,-0.010989189147949219,0,-0.0048847198486328125,0,0,0,0,0,0,0,0,0,0,0,0,0,0,0,7
16513582200,86096123,86081,86081,3,0,0,0.6513776779174805,0,-0.010989189147949219,0,-0.0048847198486328125,0,0,0,0,0,0,0,0,0,0,0,0,0,0,0,7
16516897175,86103121,86088,86088,3,0,0,0.6513776779174805,0,0.0036630630493164062,0,-0.014652252197265625,0,0,0,0,0,0,0,0,0,0,0,0,0,0,0,7
16520212150,86106120,86091,86091,3,0,0,0.6513776779174805,0,-0.010989189147949219,0,-0.014652252197265625,0,0,0,0,0,0,0,0,0,0,0,0,0,0,0,7
16523527125,86110120,86095,86095,3,0,0,0.6509943008422852,0,-0.01831531524658203,0,-0.014652252197265625,0,0,0,0,0,0,0,0,0,0,0,0,0,0,0,7
16526842100,86112137,86097,86097,3,0,0,0.6509943008422852,0,-0.010989189147949219,0,-0.014652252197265625,0,0,0,0,0,0,0,0,0,0,0,0,0,0,0,7
16530157075,86115129,86100,86100,3,0,0,0.6513776779174805,0,0.0036630630493164062,0,-0.014652252197265625,0,0,0,0,0,0,0,0,0,0,0,0,0,0,0,7
16533472050,86117123,86102,86102,3,0,0,0.6513776779174805,0,-0.0036630630493164062,0,-0.0048847198486328125,0,0,0,0,0,0,0,0,0,0,0,0,0,0,0,7
16536787025,86119121,86105,86105,3,0,0,0.6513776779174805,0,0.0036630630493164062,0,-0.0048847198486328125,0,0,0,0,0,0,0,0,0,0,0,0,0,0,0,7
16540102000,86122120,86107,86107,3,0,0,0.6513776779174805,0,-0.010989189147949219,0,-0.014652252197265625,0,0,0,0,0,0,0,0,0,0,0,0,0,0,0,7
16543344466,86126139,86111,86111,3,0,0,0.6513776779174805,0,-0.0036630630493164062,0,-0.014652252197265625,0,0,0,0,0,0,0,0,0,0,0,0,0,0,0,7
16546586928,86129125,86114,86114,3,0,0,0.6513776779174805,0,-0.010989189147949219,0,-0.014652252197265625,0,0,0,0,0,0,0,0,0,0,0,0,0,0,0,7
16549829390,86132121,86117,86117,3,0,0,0.6513776779174805,0,-0.010989189147949219,0,-0.0048847198486328125,0,0,0,0,0,0,0,0,0,0,0,0,0,0,0,7
16553071852,86135129,86120,86120,3,0,0,0.6513776779174805,0,-0.010989189147949219,0,-0.014652252197265625,0,0,0,0,0,0,0,0,0,0,0,0,0,0,0,7
16556314314,86137125,86122,86122,3,0,0,0.6513776779174805,0,0.0036630630493164062,0,-0.014652252197265625,0,0,0,0,0,0,0,0,0,0,0,0,0,0,0,7
16559556776,86141126,86126,86126,3,0,0,0.6513776779174805,0,-0.010989189147949219,0,-0.014652252197265625,0,0,0,0,0,0,0,0,0,0,0,0,0,0,0,7
16562799238,86145129,86130,86130,3,0,0,0.6513776779174805,0,-0.0036630630493164062,0,-0.0048847198486328125,0,0,0,0,0,0,0,0,0,0,0,0,0,0,0,7
16566041700,86148120,86133,86133,3,0,0,0.6509943008422852,0,-0.0036630630493164062,0,-0.0048847198486328125,0,0,0,0,0,0,0,0,0,0,0,0,0,0,0,7
16569250825,86153129,86138,86138,3,0,0,0.6513776779174805,0,-0.010989189147949219,0,-0.0048847198486328125,0,0,0,0,0,0,0,0,0,0,0,0,0,0,0,7
16572261556,86156120,86141,86141,3,0,0,0.6513776779174805,0,0.0036630630493164062,0,-0.0048847198486328125,0,0,0,0,0,0,0,0,0,0,0,0,0,0,0,7
16575272287,86159121,86144,86144,3,0,0,0.6513776779174805,0,-0.01831531524658203,0,-0.0048847198486328125,0,0,0,0,0,0,0,0,0,0,0,0,0,0,0,7
16578283018,86162122,86147,86147,3,0,0,0.6513776779174805,0,-0.0036630630493164062,0,-0.0048847198486328125,0,0,0,0,0,0,0,0,0,0,0,0,0,0,0,7
16581293749,86165129,86150,86150,3,0,0,0.6513776779174805,0,-0.0036630630493164062,0,-0.0048847198486328125,0,0,0,0,0,0,0,0,0,0,0,0,0,0,0,7
16584304480,86167130,86152,86152,3,0,0,0.6513776779174805,0,-0.010989189147949219,0,-0.0048847198486328125,0,0,0,0,0,0,0,0,0,0,0,0,0,0,0,7
16587315211,86170122,86155,86155,3,0,0,0.6513776779174805,0,-0.010989189147949219,0,-0.014652252197265625,0,0,0,0,0,0,0,0,0,0,0,0,0,0,0,7
16590325942,86173121,86158,86158,3,0,0,0.6513776779174805,0,0.010989189147949219,0,-0.0048847198486328125,0,0,0,0,0,0,0,0,0,0,0,0,0,0,0,7
16593336673,86178120,86163,86163,3,0,0,0.6513776779174805,0,-0.010989189147949219,0,-0.014652252197265625,0,0,0,0,0,0,0,0,0,0,0,0,0,0,0,7
16596347404,86181128,86166,86166,3,0,0,0.6513776779174805,0,-0.0036630630493164062,0,-0.014652252197265625,0,0,0,0,0,0,0,0,0,0,0,0,0,0,0,7
16599358135,86184120,86169,86169,3,0,0,0.6513776779174805,0,-0.0036630630493164062,0,-0.014652252197265625,0,0,0,0,0,0,0,0,0,0,0,0,0,0,0,7
16602368866,86187124,86172,86172,3,0,0,0.6513776779174805,0,0.010989189147949219,0,-0.0048847198486328125,0,0,0,0,0,0,0,0,0,0,0,0,0,0,0,7
16605379597,86189121,86174,86174,3,0,0,0.6513776779174805,0,-0.01831531524658203,0,-0.0048847198486328125,0,0,0,0,0,0,0,0,0,0,0,0,0,0,0,7
16608390328,86192120,86177,86177,3,0,0,0.6513776779174805,0,0.0036630630493164062,0,-0.0048847198486328125,0,0,0,0,0,0,0,0,0,0,0,0,0,0,0,7
16611401059,86194120,86179,86179,3,0,0,0.6513776779174805,0,-0.0036630630493164062,0,-0.0048847198486328125,0,0,0,0,0,0,0,0,0,0,0,0,0,0,0,7
16614411790,86197125,86182,86182,3,0,0,0.6513776779174805,0,0.0036630630493164062,0,-0.0048847198486328125,0,0,0,0,0,0,0,0,0,0,0,0,0,0,0,7
16617736691,86202120,86187,86187,3,0,0,0.6513776779174805,0,0.0036630630493164062,0,-0.0048847198486328125,0,0,0,0,0,0,0,0,0,0,0,0,0,0,0,7
16621061578,86205129,86190,86190,3,0,0,0.6513776779174805,0,-0.0036630630493164062,0,0.0048847198486328125,0,0,0,0,0,0,0,0,0,0,0,0,0,0,0,7
16624386465,86207121,86192,86192,3,0,0,0.6513776779174805,0,0.0036630630493164062,0,-0.0048847198486328125,0,0,0,0,0,0,0,0,0,0,0,0,0,0,0,7
16627711352,86209129,86194,86194,3,0,0,0.6513776779174805,0,-0.010989189147949219,0,0.0048847198486328125,0,0,0,0,0,0,0,0,0,0,0,0,0,0,0,7
16631036239,86212122,86197,86197,3,0,0,0.6513776779174805,0,-0.0036630630493164062,0,-0.0048847198486328125,0,0,0,0,0,0,0,0,0,0,0,0,0,0,0,7
16634361126,86214120,86199,86199,3,0,0,0.6513776779174805,0,0.0036630630493164062,0,-0.0048847198486328125,0,0,0,0,0,0,0,0,0,0,0,0,0,0,0,7
16637686013,86217121,86202,86202,3,0,0,0.6513776779174805,0,-0.0036630630493164062,0,-0.0048847198486328125,0,0,0,0,0,0,0,0,0,0,0,0,0,0,0,7
16641010900,86222120,86207,86208,3,0,0,0.6513776779174805,0,0.010989189147949219,0,-0.014652252197265625,0,0,0,0,0,0,0,0,0,0,0,0,0,0,0,7
16646011491,86236121,86221,86221,3,0,0,0.6513776779174805,0,0.0036630630493164062,0,-0.014652252197265625,0,0,0,0,0,0,0,0,0,0,0,0,0,0,0,7
16651012078,86240121,86225,86225,3,0,0,0.6509943008422852,0,-0.010989189147949219,0,-0.0048847198486328125,0,0,0,0,0,0,0,0,0,0,0,0,0,0,0,7
16656012665,86243121,86228,86228,3,0,0,0.6513776779174805,0,0.0036630630493164062,0,-0.0048847198486328125,0,0,0,0,0,0,0,0,0,0,0,0,0,0,0,7
16661013252,86246120,86231,86231,3,0,0,0.6513776779174805,0,0.0036630630493164062,0,-0.014652252197265625,0,0,0,0,0,0,0,0,0,0,0,0,0,0,0,7
16666013839,86251129,86236,86236,3,0,0,0.6513776779174805,0,-0.010989189147949219,0,-0.0048847198486328125,0,0,0,0,0,0,0,0,0,0,0,0,0,0,0,7
16671014426,86254120,86239,86239,3,0,0,0.6513776779174805,0,-0.010989189147949219,0,-0.014652252197265625,0,0,0,0,0,0,0,0,0,0,0,0,0,0,0,7
16676015013,86258124,86243,86243,3,0,0,0.6513776779174805,0,-0.010989189147949219,0,-0.014652252197265625,0,0,0,0,0,0,0,0,0,0,0,0,0,0,0,7
16681015600,86262122,86247,86247,3,0,0,0.6513776779174805,0,0.0036630630493164062,0,-0.014652252197265625,0,0,0,0,0,0,0,0,0,0,0,0,0,0,0,7
16684945348,86268121,86253,86253,3,0,0,0.6513776779174805,0,-0.0036630630493164062,0,-0.0048847198486328125,0,0,0,0,0,0,0,0,0,0,0,0,0,0,0,7
16688875090,86271120,86256,86256,3,0,0,0.6513776779174805,0,-0.0036630630493164062,0,-0.0048847198486328125,0,0,0,0,0,0,0,0,0,0,0,0,0,0,0,7
16692804832,86275131,86260,86260,3,0,0,0.6513776779174805,0,-0.010989189147949219,0,-0.0048847198486328125,0,0,0,0,0,0,0,0,0,0,0,0,0,0,0,7
16696734574,86279133,86264,86264,3,0,0,0.6513776779174805,0,-0.0036630630493164062,0,-0.0048847198486328125,0,0,0,0,0,0,0,0,0,0,0,0,0,0,0,7
16700664316,86282124,86267,86268,3,0,0,0.6513776779174805,0,-0.010989189147949219,0,-0.0048847198486328125,0,0,0,0,0,0,0,0,0,0,0,0,0,0,0,7
16704594058,86286122,86271,86271,3,0,0,0.6513776779174805,0,-0.010989189147949219,0,-0.014652252197265625,0,0,0,0,0,0,0,0,0,0,0,0,0,0,0,7
16708523800,86290120,86275,86275,3,0,0,0.6513776779174805,0,-0.0036630630493164062,0,-0.014652252197265625,0,0,0,0,0,0,0,0,0,0,0,0,0,0,0,7
16711997175,86295137,86280,86280,3,0,0,0.6513776779174805,0,0.0036630630493164062,0,-0.0048847198486328125,0,0,0,0,0,0,0,0,0,0,0,0,0,0,0,7
16715470550,86299123,86284,86284,3,0,0,0.6513776779174805,0,0.010989189147949219,0,-0.0048847198486328125,0,0,0,0,0,0,0,0,0,0,0,0,0,0,0,7
16718943925,86301124,86286,86286,3,0,0,0.6513776779174805,0,0.0036630630493164062,0,-0.014652252197265625,0,0,0,0,0,0,0,0,0,0,0,0,0,0,0,7
16722417300,86304120,86289,86289,3,0,0,0.6509943008422852,0,-0.010989189147949219,0,-0.0048847198486328125,0,0,0,0,0,0,0,0,0,0,0,0,0,0,0,7
16725890675,86307130,86292,86292,3,0,0,0.6513776779174805,0,0.010989189147949219,0,-0.014652252197265625,0,0,0,0,0,0,0,0,0,0,0,0,0,0,0,7
16729364050,86310120,86295,86295,3,0,0,0.6513776779174805,0,-0.010989189147949219,0,-0.024419784545898438,0,0,0,0,0,0,0,0,0,0,0,0,0,0,0,7
16732837425,86314120,86299,86299,3,0,0,0.6513776779174805,0,0.0036630630493164062,0,-0.014652252197265625,0,0,0,0,0,0,0,0,0,0,0,0,0,0,0,7
16736310800,86317121,86302,86302,3,0,0,0.6513776779174805,0,-0.0036630630493164062,0,-0.0048847198486328125,0,0,0,0,0,0,0,0,0,0,0,0,0,0,0,7
16740279975,86324124,86309,86309,3,0,0,0.6513776779174805,0,-0.0036630630493164062,0,-0.014652252197265625,0,0,0,0,0,0,0,0,0,0,0,0,0,0,0,7
16744249150,86328122,86313,86313,3,0,0,0.6513776779174805,0,-0.01831531524658203,0,-0.0048847198486328125,0,0,0,0,0,0,0,0,0,0,0,0,0,0,0,7
16748218325,86331120,86316,86317,3,0,0,0.6513776779174805,0,-0.0036630630493164062,0,-0.014652252197265625,0,0,0,0,0,0,0,0,0,0,0,0,0,0,0,7
16752187500,86335137,86320,86320,3,0,0,0.6513776779174805,0,-0.0036630630493164062,0,-0.0048847198486328125,0,0,0,0,0,0,0,0,0,0,0,0,0,0,0,7
16756156675,86339121,86324,86324,3,0,0,0.6513776779174805,0,-0.0036630630493164062,0,-0.0048847198486328125,0,0,0,0,0,0,0,0,0,0,0,0,0,0,0,7
16760125850,86341122,86326,86326,3,0,0,0.6513776779174805,0,0.0036630630493164062,0,-0.0048847198486328125,0,0,0,0,0,0,0,0,0,0,0,0,0,0,0,7
16764095025,86344122,86329,86329,3,0,0,0.6513776779174805,0,-0.010989189147949219,0,-0.0048847198486328125,0,0,0,0,0,0,0,0,0,0,0,0,0,0,0,7
16768064200,86349130,86334,86334,3,0,0,0.6513776779174805,0,-0.010989189147949219,0,-0.014652252197265625,0,0,0,0,0,0,0,0,0,0,0,0,0,0,0,7
16771753450,86358124,86343,86343,3,0,0,0.6513776779174805,0,-0.010989189147949219,0,-0.014652252197265625,0,0,0,0,0,0,0,0,0,0,0,0,0,0,0,7
16775442700,86361125,86346,86346,3,0,0,0.6509943008422852,0,-0.010989189147949219,0,-0.0048847198486328125,0,0,0,0,0,0,0,0,0,0,0,0,0,0,0,7
16779131950,86364137,86349,86349,3,0,0,0.6513776779174805,0,0.0036630630493164062,0,-0.0048847198486328125,0,0,0,0,0,0,0,0,0,0,0,0,0,0,0,7
16782821200,86366124,86351,86351,3,0,0,0.6513776779174805,0,0.0036630630493164062,0,-0.014652252197265625,0,0,0,0,0,0,0,0,0,0,0,0,0,0,0,7
16786510450,86370122,86355,86355,3,0,0,0.6513776779174805,0,-0.0036630630493164062,0,-0.014652252197265625,0,0,0,0,0,0,0,0,0,0,0,0,0,0,0,7
16790199700,86373122,86358,86358,3,0,0,0.6513776779174805,0,-0.010989189147949219,0,-0.014652252197265625,0,0,0,0,0,0,0,0,0,0,0,0,0,0,0,7
16793888950,86376120,86361,86361,3,0,0,0.6513776779174805,0,-0.010989189147949219,0,-0.014652252197265625,0,0,0,0,0,0,0,0,0,0,0,0,0,0,0,7
16797578200,86379125,86364,86364,3,0,0,0.6513776779174805,0,0.0036630630493164062,0,-0.0048847198486328125,0,0,0,0,0,0,0,0,0,0,0,0,0,0,0,7
16801371900,86385129,86370,86370,3,0,0,0.6513776779174805,0,-0.0036630630493164062,0,-0.0048847198486328125,0,0,0,0,0,0,0,0,0,0,0,0,0,0,0,7
16805165600,86388120,86373,86373,3,0,0,0.6513776779174805,0,-0.0036630630493164062,0,-0.014652252197265625,0,0,0,0,0,0,0,0,0,0,0,0,0,0,0,7
16808959300,86392135,86377,86377,3,0,0,0.6509943008422852,0,-0.010989189147949219,0,-0.0048847198486328125,0,0,0,0,0,0,0,0,0,0,0,0,0,0,0,7
16812753000,86395133,86380,86380,3,0,0,0.6513776779174805,0,-0.010989189147949219,0,-0.014652252197265625,0,0,0,0,0,0,0,0,0,0,0,0,0,0,0,7
16816546700,86400130,86385,86385,3,0,0,0.6513776779174805,0,-0.0036630630493164062,0,-0.0048847198486328125,0,0,0,0,0,0,0,0,0,0,0,0,0,0,0,7
16820340400,86403125,86388,86388,3,0,0,0.6513776779174805,0,-0.0036630630493164062,0,-0.014652252197265625,0,0,0,0,0,0,0,0,0,0,0,0,0,0,0,7
16824134100,86407127,86392,86392,3,0,0,0.6513776779174805,0,0.0036630630493164062,0,-0.0048847198486328125,0,0,0,0,0,0,0,0,0,0,0,0,0,0,0,7
16827927800,86410120,86395,86395,3,0,0,0.6513776779174805,0,-0.010989189147949219,0,-0.0048847198486328125,0,0,0,0,0,0,0,0,0,0,0,0,0,0,0,7
16832013541,86416124,86401,86401,3,0,0,0.6513776779174805,0,-0.010989189147949219,0,-0.0048847198486328125,0,0,0,0,0,0,0,0,0,0,0,0,0,0,0,7
16836099278,86419133,86404,86404,3,0,0,0.6513776779174805,0,-0.01831531524658203,0,-0.014652252197265625,0,0,0,0,0,0,0,0,0,0,0,0,0,0,0,7
16840185015,86423122,86408,86408,3,0,0,0.6513776779174805,0,-0.010989189147949219,0,-0.0048847198486328125,0,0,0,0,0,0,0,0,0,0,0,0,0,0,0,7
16844270752,86426120,86411,86411,3,0,0,0.6513776779174805,0,-0.0036630630493164062,0,-0.0048847198486328125,0,0,0,0,0,0,0,0,0,0,0,0,0,0,0,7
16848356489,86429120,86414,86414,3,0,0,0.6513776779174805,0,0.0036630630493164062,0,-0.0048847198486328125,0,0,0,0,0,0,0,0,0,0,0,0,0,0,0,7
16852442226,86434135,86419,86419,3,0,0,0.6513776779174805,0,-0.010989189147949219,0,-0.014652252197265625,0,0,0,0,0,0,0,0,0,0,0,0,0,0,0,7
16856527963,86437121,86423,86423,3,0,0,0.6513776779174805,0,0.0036630630493164062,0,-0.014652252197265625,0,0,0,0,0,0,0,0,0,0,0,0,0,0,0,7
16860613700,86441121,86426,86426,3,0,0,0.6513776779174805,0,0.0036630630493164062,0,-0.0048847198486328125,0,0,0,0,0,0,0,0,0,0,0,0,0,0,0,7
16863773500,86447128,86432,86432,3,0,0,0.6513776779174805,0,-0.0036630630493164062,0,-0.0048847198486328125,0,0,0,0,0,0,0,0,0,0,0,0,0,0,0,7
16866933300,86450128,86435,86435,3,0,0,0.6513776779174805,0,-0.0036630630493164062,0,-0.0048847198486328125,0,0,0,0,0,0,0,0,0,0,0,0,0,0,0,7
16870093100,86452125,86437,86437,3,0,0,0.6513776779174805,0,-0.0036630630493164062,0,-0.0048847198486328125,0,0,0,0,0,0,0,0,0,0,0,0,0,0,0,7
16873252900,86454120,86439,86439,3,0,0,0.6513776779174805,0,0.0036630630493164062,0,-0.0048847198486328125,0,0,0,0,0,0,0,0,0,0,0,0,0,0,0,7
16876412700,86457123,86442,86442,3,0,0,0.6513776779174805,0,-0.0036630630493164062,0,-0.014652252197265625,0,0,0,0,0,0,0,0,0,0,0,0,0,0,0,7
16879572500,86461132,86446,86446,3,0,0,0.6513776779174805,0,-0.01831531524658203,0,-0.014652252197265625,0,0,0,0,0,0,0,0,0,0,0,0,0,0,0,7
16882732300,86464121,86449,86449,3,0,0,0.6513776779174805,0,0.010989189147949219,0,-0.0048847198486328125,0,0,0,0,0,0,0,0,0,0,0,0,0,0,0,7
16887383800,86473123,86458,86458,3,0,0,0.6513776779174805,0,-0.0036630630493164062,0,-0.0048847198486328125,0,0,0,0,0,0,0,0,0,0,0,0,0,0,0,7
16892035300,86478122,86463,86463,3,0,0,0.6513776779174805,0,0.0036630630493164062,0,-0.014652252197265625,0,0,0,0,0,0,0,0,0,0,0,0,0,0,0,7
16896686800,86481122,86466,86466,3,0,0,0.6513776779174805,0,0.010989189147949219,0,-0.014652252197265625,0,0,0,0,0,0,0,0,0,0,0,0,0,0,0,7
16901338300,86484120,86469,86469,3,0,0,0.6513776779174805,0,0.0036630630493164062,0,-0.014652252197265625,0,0,0,0,0,0,0,0,0,0,0,0,0,0,0,7
16905989800,86489130,86474,86474,3,0,0,0.6513776779174805,0,0.0036630630493164062,0,-0.014652252197265625,0,0,0,0,0,0,0,0,0,0,0,0,0,0,0,7
16910641300,86493121,86478,86478,3,0,0,0.6513776779174805,0,0.0036630630493164062,0,-0.014652252197265625,0,0,0,0,0,0,0,0,0,0,0,0,0,0,0,7
16915292800,86496121,86481,86481,3,0,0,0.6513776779174805,0,-0.0036630630493164062,0,-0.014652252197265625,0,0,0,0,0,0,0,0,0,0,0,0,0,0,0,7
16919944300,86500129,86485,86485,3,0,0,0.6513776779174805,0,-0.0036630630493164062,0,-0.0048847198486328125,0,0,0,0,0,0,0,0,0,0,0,0,0,0,0,7
16923350790,86507122,86492,86492,3,0,0,0.6513776779174805,0,0.0036630630493164062,0,-0.0048847198486328125,0,0,0,0,0,0,0,0,0,0,0,0,0,0,0,7
16926757275,86510122,86495,86495,3,0,0,0.6513776779174805,0,-0.0036630630493164062,0,-0.0048847198486328125,0,0,0,0,0,0,0,0,0,0,0,0,0,0,0,7
16930163760,86512121,86497,86497,3,0,0,0.6513776779174805,0,-0.0036630630493164062,0,-0.0048847198486328125,0,0,0,0,0,0,0,0,0,0,0,0,0,0,0,7
16933570245,86514124,86499,86499,3,0,0,0.6513776779174805,0,-0.0036630630493164062,0,-0.0048847198486328125,0,0,0,0,0,0,0,0,0,0,0,0,0,0,0,7
16936976730,86517129,86502,86502,3,0,0,0.6509943008422852,0,-0.010989189147949219,0,-0.014652252197265625,0,0,0,0,0,0,0,0,0,0,0,0,0,0,0,7
16940383215,86523123,86508,86508,3,0,0,0.6513776779174805,0,-0.0036630630493164062,0,-0.014652252197265625,0,0,0,0,0,0,0,0,0,0,0,0,0,0,0,7
16943789700,86525129,86511,86511,3,0,0,0.6513776779174805,0,-0.010989189147949219,0,-0.014652252197265625,0,0,0,0,0,0,0,0,0,0,0,0,0,0,0,7
16947661891,86531130,86516,86516,3,0,0,0.6513776779174805,0,-0.010989189147949219,0,-0.0048847198486328125,0,0,0,0,0,0,0,0,0,0,0,0,0,0,0,7
16951534078,86535133,86520,86520,3,0,0,0.6513776779174805,0,0.0036630630493164062,0,-0.014652252197265625,0,0,0,0,0,0,0,0,0,0,0,0,0,0,0,7
16955406265,86539122,86524,86524,3,0,0,0.6513776779174805,0,-0.0036630630493164062,0,-0.014652252197265625,0,0,0,0,0,0,0,0,0,0,0,0,0,0,0,7
16959278452,86543125,86528,86528,3,0,0,0.6513776779174805,0,-0.01831531524658203,0,-0.014652252197265625,0,0,0,0,0,0,0,0,0,0,0,0,0,0,0,7
16963150639,86546135,86531,86531,3,0,0,0.6513776779174805,0,-0.0036630630493164062,0,-0.0048847198486328125,0,0,0,0,0,0,0,0,0,0,0,0,0,0,0,7
16967022826,86551121,86536,86536,3,0,0,0.6513776779174805,0,-0.0036630630493164062,0,-0.014652252197265625,0,0,0,0,0,0,0,0,0,0,0,0,0,0,0,7
16970895013,86553121,86538,86538,3,0,0,0.6513776779174805,0,-0.01831531524658203,0,-0.014652252197265625,0,0,0,0,0,0,0,0,0,0,0,0,0,0,0,7
16974767200,86557121,86542,86542,3,0,0,0.6513776779174805,0,0.0036630630493164062,0,-0.014652252197265625,0,0,0,0,0,0,0,0,0,0,0,0,0,0,0,7
16978519441,86561129,86546,86546,3,0,0,0.6513776779174805,0,0.0036630630493164062,0,-0.0048847198486328125,0,0,0,0,0,0,0,0,0,0,0,0,0,0,0,7
16982271678,86564125,86549,86549,3,0,0,0.6513776779174805,0,0.010989189147949219,0,-0.0048847198486328125,0,0,0,0,0,0,0,0,0,0,0,0,0,0,0,7
16986023915,86567121,86552,86552,3,0,0,0.6513776779174805,0,-0.010989189147949219,0,-0.0048847198486328125,0,0,0,0,0,0,0,0,0,0,0,0,0,0,0,7
16989776152,86571120,86556,86556,3,0,0,0.6513776779174805,0,0.0036630630493164062,0,-0.0048847198486328125,0,0,0,0,0,0,0,0,0,0,0,0,0,0,0,7
16993528389,86575133,86560,86560,3,0,0,0.6513776779174805,0,-0.0036630630493164062,0,-0.0048847198486328125,0,0,0,0,0,0,0,0,0,0,0,0,0,0,0,7
16997280626,86578120,86563,86563,3,0,0,0.6513776779174805,0,0.0036630630493164062,0,0.0048847198486328125,0,0,0,0,0,0,0,0,0,0,0,0,0,0,0,7
17001032863,86582120,86567,86567,3,0,0,0.6513776779174805,0,-0.0036630630493164062,0,-0.0048847198486328125,0,0,0,0,0,0,0,0,0,0,0,0,0,0,0,7
17004785100,86585133,86570,86570,3,0,0,0.6513776779174805,0,-0.010989189147949219,0,-0.0048847198486328125,0,0,0,0,0,0,0,0,0,0,0,0,0,0,0,7
17008785525,86594122,86579,86579,3,0,0,0.6513776779174805,0,-0.010989189147949219,0,-0.014652252197265625,0,0,0,0,0,0,0,0,0,0,0,0,0,0,0,7
17012785950,86600129,86585,86585,3,0,0,0.6513776779174805,0,0.0036630630493164062,0,-0.0048847198486328125,0,0,0,0,0,0,0,0,0,0,0,0,0,0,0,7
17016786375,86603124,86588,86588,3,0,0,0.6513776779174805,0,-0.010989189147949219,0,-0.0048847198486328125,0,0,0,0,0,0,0,0,0,0,0,0,0,0,0,7
17020786800,86606124,86591,86591,3,0,0,0.6513776779174805,0,-0.0036630630493164062,0,-0.0048847198486328125,0,0,0,0,0,0,0,0,0,0,0,0,0,0,0,7
17024787225,86609121,86594,86594,3,0,0,0.6513776779174805,0,-0.0036630630493164062,0,-0.014652252197265625,0,0,0,0,0,0,0,0,0,0,0,0,0,0,0,7
17028787650,86612120,86597,86597,3,0,0,0.6513776779174805,0,-0.010989189147949219,0,-0.0048847198486328125,0,0,0,0,0,0,0,0,0,0,0,0,0,0,0,7
17032788075,86616135,86601,86601,3,0,0,0.6509943008422852,0,-0.0036630630493164062,0,-0.0048847198486328125,0,0,0,0,0,0,0,0,0,0,0,0,0,0,0,7
17036788500,86619125,86604,86604,3,0,0,0.6513776779174805,0,-0.010989189147949219,0,-0.0048847198486328125,0,0,0,0,0,0,0,0,0,0,0,0,0,0,0,7
17040517450,86624120,86609,86609,3,0,0,0.6513776779174805,0,-0.0036630630493164062,0,-0.0048847198486328125,0,0,0,0,0,0,0,0,0,0,0,0,0,0,0,7
17044246400,86628120,86613,86613,3,0,0,0.6513776779174805,0,-0.0036630630493164062,0,-0.014652252197265625,0,0,0,0,0,0,0,0,0,0,0,0,0,0,0,7
17047975350,86631127,86616,86616,3,0,0,0.6513776779174805,0,-0.010989189147949219,0,-0.014652252197265625,0,0,0,0,0,0,0,0,0,0,0,0,0,0,0,7
17051704300,86635133,86620,86620,3,0,0,0.6509943008422852,0,-0.010989189147949219,0,-0.014652252197265625,0,0,0,0,0,0,0,0,0,0,0,0,0,0,0,7
17055433250,86638120,86623,86623,3,0,0,0.6513776779174805,0,-0.010989189147949219,0,-0.0048847198486328125,0,0,0,0,0,0,0,0,0,0,0,0,0,0,0,7
17059162200,86642120,86627,86627,3,0,0,0.6513776779174805,0,-0.0036630630493164062,0,-0.0048847198486328125,0,0,0,0,0,0,0,0,0,0,0,0,0,0,0,7
17062891150,86645133,86630,86630,3,0,0,0.6513776779174805,0,-0.0036630630493164062,0,-0.0048847198486328125,0,0,0,0,0,0,0,0,0,0,0,0,0,0,0,7
17066620100,86648124,86633,86633,3,0,0,0.6513776779174805,0,0.0036630630493164062,0,-0.0048847198486328125,0,0,0,0,0,0,0,0,0,0,0,0,0,0,0,7
17070163366,86653121,86638,86638,3,0,0,0.6513776779174805,0,-0.010989189147949219,0,-0.014652252197265625,0,0,0,0,0,0,0,0,0,0,0,0,0,0,0,7
17073706628,86658135,86643,86644,3,0,0,0.6513776779174805,0,-0.0036630630493164062,0,-0.0048847198486328125,0,0,0,0,0,0,0,0,0,0,0,0,0,0,0,7
17077249890,86661120,86646,86647,3,0,0,0.6513776779174805,0,0.0036630630493164062,0,0.0048847198486328125,0,0,0,0,0,0,0,0,0,0,0,0,0,0,0,7
17080793152,86665129,86650,86650,3,0,0,0.6513776779174805,0,-0.010989189147949219,0,-0.0048847198486328125,0,0,0,0,0,0,0,0,0,0,0,0,0,0,0,7
17084336414,86668122,86653,86653,3,0,0,0.6513776779174805,0,-0.010989189147949219,0,0.0048847198486328125,0,0,0,0,0,0,0,0,0,0,0,0,0,0,0,7
17087879676,86672139,86657,86657,3,0,0,0.6513776779174805,0,0.010989189147949219,0,-0.0048847198486328125,0,0,0,0,0,0,0,0,0,0,0,0,0,0,0,7
17091422938,86675129,86660,86660,3,0,0,0.6513776779174805,0,0.0036630630493164062,0,-0.0048847198486328125,0,0,0,0,0,0,0,0,0,0,0,0,0,0,0,7
17094966200,86677125,86662,86662,3,0,0,0.6513776779174805,0,-0.0036630630493164062,0,-0.0048847198486328125,0,0,0,0,0,0,0,0,0,0,0,0,0,0,0,7
17098716525,86682120,86667,86667,3,0,0,0.6513776779174805,0,0.010989189147949219,0,-0.0048847198486328125,0,0,0,0,0,0,0,0,0,0,0,0,0,0,0,7
17102466850,86685140,86670,86670,3,0,0,0.6513776779174805,0,-0.0036630630493164062,0,-0.0048847198486328125,0,0,0,0,0,0,0,0,0,0,0,0,0,0,0,7
17106217175,86689123,86674,86674,3,0,0,0.6513776779174805,0,0.010989189147949219,0,-0.014652252197265625,0,0,0,0,0,0,0,0,0,0,0,0,0,0,0,7
17109967500,86692121,86677,86677,3,0,0,0.6513776779174805,0,-0.0036630630493164062,0,-0.014652252197265625,0,0,0,0,0,0,0,0,0,0,0,0,0,0,0,7
17113717825,86696121,86681,86681,3,0,0,0.6513776779174805,0,-0.0036630630493164062,0,-0.0048847198486328125,0,0,0,0,0,0,0,0,0,0,0,0,0,0,0,7
17117468150,86699129,86684,86684,3,0,0,0.6513776779174805,0,0.0036630630493164062,0,-0.0048847198486328125,0,0,0,0,0,0,0,0,0,0,0,0,0,0,0,7
17121218475,86701131,86686,86686,3,0,0,0.6513776779174805,0,-0.010989189147949219,0,-0.0048847198486328125,0,0,0,0,0,0,0,0,0,0,0,0,0,0,0,7
17124968800,86706124,86691,86691,3,0,0,0.6513776779174805,0,-0.010989189147949219,0,-0.0048847198486328125,0,0,0,0,0,0,0,0,0,0,0,0,0,0,0,7
17130278575,86715133,86700,86700,3,0,0,0.6513776779174805,0,-0.0036630630493164062,0,-0.014652252197265625,0,0,0,0,0,0,0,0,0,0,0,0,0,0,0,7
17135588350,86720120,86705,86705,3,0,0,0.6513776779174805,0,-0.0036630630493164062,0,-0.014652252197265625,0,0,0,0,0,0,0,0,0,0,0,0,0,0,0,7
17140898125,86724120,86710,86710,3,0,0,0.6513776779174805,0,-0.010989189147949219,0,-0.014652252197265625,0,0,0,0,0,0,0,0,0,0,0,0,0,0,0,7
17146207900,86729125,86714,86714,3,0,0,0.6513776779174805,0,0.0036630630493164062,0,-0.014652252197265625,0,0,0,0,0,0,0,0,0,0,0,0,0,0,0,7
17151517675,86733121,86718,86718,3,0,0,0.6513776779174805,0,-0.010989189147949219,0,-0.014652252197265625,0,0,0,0,0,0,0,0,0,0,0,0,0,0,0,7
17156827450,86737121,86722,86722,3,0,0,0.6513776779174805,0,-0.0036630630493164062,0,-0.014652252197265625,0,0,0,0,0,0,0,0,0,0,0,0,0,0,0,7
17162137225,86741129,86726,86726,3,0,0,0.6513776779174805,0,-0.0036630630493164062,0,-0.014652252197265625,0,0,0,0,0,0,0,0,0,0,0,0,0,0,0,7
17167447000,86745129,86730,86730,3,0,0,0.6513776779174805,0,-0.010989189147949219,0,-0.014652252197265625,0,0,0,0,0,0,0,0,0,0,0,0,0,0,0,7
17171534070,86754120,86739,86740,3,0,0,0.6513776779174805,0,-0.0036630630493164062,0,-0.0048847198486328125,0,0,0,0,0,0,0,0,0,0,0,0,0,0,0,7
17175621136,86758120,86743,86743,3,0,0,0.6513776779174805,0,-0.0036630630493164062,0,-0.0048847198486328125,0,0,0,0,0,0,0,0,0,0,0,0,0,0,0,7
17179708202,86760121,86745,86745,3,0,0,0.6513776779174805,0,-0.010989189147949219,0,-0.0048847198486328125,0,0,0,0,0,0,0,0,0,0,0,0,0,0,0,7
17183795268,86763123,86748,86748,3,0,0,0.6513776779174805,0,0.010989189147949219,0,-0.014652252197265625,0,0,0,0,0,0,0,0,0,0,0,0,0,0,0,7
17187882334,86767125,86752,86752,3,0,0,0.6513776779174805,0,0.0036630630493164062,0,-0.0048847198486328125,0,0,0,0,0,0,0,0,0,0,0,0,0,0,0,7
17191969400,86773121,86758,86758,3,0,0,0.6513776779174805,0,0.0036630630493164062,0,-0.014652252197265625,0,0,0,0,0,0,0,0,0,0,0,0,0,0,0,7
17195837458,86781121,86766,86766,3,0,0,0.6513776779174805,0,-0.0036630630493164062,0,-0.0048847198486328125,0,0,0,0,0,0,0,0,0,0,0,0,0,0,0,7
17199705515,86783128,86769,86769,3,0,0,0.6513776779174805,0,-0.01831531524658203,0,-0.0048847198486328125,0,0,0,0,0,0,0,0,0,0,0,0,0,0,0,7
17203573572,86786120,86771,86771,3,0,0,0.6509943008422852,0,-0.010989189147949219,0,-0.0048847198486328125,0,0,0,0,0,0,0,0,0,0,0,0,0,0,0,7
17207441629,86790120,86775,86775,3,0,0,0.6513776779174805,0,0.010989189147949219,0,-0.0048847198486328125,0,0,0,0,0,0,0,0,0,0,0,0,0,0,0,7
17211309686,86794120,86779,86779,3,0,0,0.6513776779174805,0,-0.010989189147949219,0,-0.0048847198486328125,0,0,0,0,0,0,0,0,0,0,0,0,0,0,0,7
17215177743,86798135,86783,86783,3,0,0,0.6513776779174805,0,0.01831531524658203,0,-0.0048847198486328125,0,0,0,0,0,0,0,0,0,0,0,0,0,0,0,7
17219045800,86801127,86786,86786,3,0,0,0.6509943008422852,0,-0.010989189147949219,0,-0.014652252197265625,0,0,0,0,0,0,0,0,0,0,0,0,0,0,0,7
17222371816,86806120,86791,86792,3,0,0,0.6513776779174805,0,0.0036630630493164062,0,-0.014652252197265625,0,0,0,0,0,0,0,0,0,0,0,0,0,0,0,7
17225697828,86810120,86795,86795,3,0,0,0.6513776779174805,0,-0.010989189147949219,0,-0.014652252197265625,0,0,0,0,0,0,0,0,0,0,0,0,0,0,0,7
17229023840,86812135,86797,86797,3,0,0,0.6513776779174805,0,0.0036630630493164062,0,-0.0048847198486328125,0,0,0,0,0,0,0,0,0,0,0,0,0,0,0,7
17232349852,86815129,86800,86800,3,0,0,0.6509943008422852,0,-0.0036630630493164062,0,-0.0048847198486328125,0,0,0,0,0,0,0,0,0,0,0,0,0,0,0,7
17235675864,86817125,86802,86802,3,0,0,0.6513776779174805,0,-0.0036630630493164062,0,-0.0048847198486328125,0,0,0,0,0,0,0,0,0,0,0,0,0,0,0,7
17239001876,86819121,86805,86805,3,0,0,0.6513776779174805,0,0.0036630630493164062,0,-0.0048847198486328125,0,0,0,0,0,0,0,0,0,0,0,0,0,0,0,7
17242327888,86822124,86807,86807,3,0,0,0.6509943008422852,0,-0.010989189147949219,0,-0.0048847198486328125,0,0,0,0,0,0,0,0,0,0,0,0,0,0,0,7
17245653900,86827125,86812,86812,3,0,0,0.6513776779174805,0,-0.0036630630493164062,0,-0.0048847198486328125,0,0,0,0,0,0,0,0,0,0,0,0,0,0,0,7
17249193250,86835129,86820,86820,3,0,0,0.6513776779174805,0,-0.0036630630493164062,0,-0.0048847198486328125,0,0,0,0,0,0,0,0,0,0,0,0,0,0,0,7
17252732600,86837122,86823,86823,3,0,0,0.6513776779174805,0,0.0036630630493164062,0,-0.0048847198486328125,0,0,0,0,0,0,0,0,0,0,0,0,0,0,0,7
17256271950,86842122,86827,86827,3,0,0,0.6513776779174805,0,-0.0036630630493164062,0,-0.0048847198486328125,0,0,0,0,0,0,0,0,0,0,0,0,0,0,0,7
17259811300,86845129,86830,86830,3,0,0,0.6513776779174805,0,-0.0036630630493164062,0,-0.0048847198486328125,0,0,0,0,0,0,0,0,0,0,0,0,0,0,0,7
17263350650,86847121,86833,86833,3,0,0,0.6513776779174805,0,-0.010989189147949219,0,-0.014652252197265625,0,0,0,0,0,0,0,0,0,0,0,0,0,0,0,7
17266890000,86850130,86835,86835,3,0,0,0.6513776779174805,0,0.0036630630493164062,0,-0.0048847198486328125,0,0,0,0,0,0,0,0,0,0,0,0,0,0,0,7
17270429350,86851125,86837,86837,3,0,0,0.6513776779174805,0,0.010989189147949219,0,-0.014652252197265625,0,0,0,0,0,0,0,0,0,0,0,0,0,0,0,7
17273968700,86854139,86839,86839,3,0,0,0.6513776779174805,0,0.0036630630493164062,0,-0.014652252197265625,0,0,0,0,0,0,0,0,0,0,0,0,0,0,0,7
17277434050,86860121,86845,86845,3,0,0,0.6513776779174805,0,0.0036630630493164062,0,-0.024419784545898438,0,0,0,0,0,0,0,0,0,0,0,0,0,0,0,7
17280899400,86862123,86847,86847,3,0,0,0.6513776779174805,0,-0.0036630630493164062,0,-0.014652252197265625,0,0,0,0,0,0,0,0,0,0,0,0,0,0,0,7
17284364750,86865129,86850,86850,3,0,0,0.6513776779174805,0,-0.01831531524658203,0,-0.014652252197265625,0,0,0,0,0,0,0,0,0,0,0,0,0,0,0,7
17287830100,86867132,86852,86852,3,0,0,0.6513776779174805,0,-0.010989189147949219,0,-0.014652252197265625,0,0,0,0,0,0,0,0,0,0,0,0,0,0,0,7
17291295450,86871122,86856,86856,3,0,0,0.6513776779174805,0,-0.0036630630493164062,0,-0.0048847198486328125,0,0,0,0,0,0,0,0,0,0,0,0,0,0,0,7
17294760800,86875133,86860,86860,3,0,0,0.6513776779174805,0,-0.0036630630493164062,0,-0.0048847198486328125,0,0,0,0,0,0,0,0,0,0,0,0,0,0,0,7
17298226150,86878121,86863,86863,3,0,0,0.6513776779174805,0,-0.0036630630493164062,0,-0.0048847198486328125,0,0,0,0,0,0,0,0,0,0,0,0,0,0,0,7
17301691500,86882135,86867,86867,3,0,0,0.6513776779174805,0,-0.0036630630493164062,0,-0.014652252197265625,0,0,0,0,0,0,0,0,0,0,0,0,0,0,0,7
17305127350,86888124,86873,86873,3,0,0,0.6513776779174805,0,0.0036630630493164062,0,-0.0048847198486328125,0,0,0,0,0,0,0,0,0,0,0,0,0,0,0,7
17308563200,86891123,86876,86876,3,0,0,0.6509943008422852,0,-0.01831531524658203,0,-0.014652252197265625,0,0,0,0,0,0,0,0,0,0,0,0,0,0,0,7
17311999050,86894120,86879,86879,3,0,0,0.6513776779174805,0,0.0036630630493164062,0,-0.0048847198486328125,0,0,0,0,0,0,0,0,0,0,0,0,0,0,0,7
17315434900,86897125,86882,86882,3,0,0,0.6513776779174805,0,0.0036630630493164062,0,-0.014652252197265625,0,0,0,0,0,0,0,0,0,0,0,0,0,0,0,7
17318870750,86901123,86886,86886,3,0,0,0.6513776779174805,0,-0.0036630630493164062,0,-0.014652252197265625,0,0,0,0,0,0,0,0,0,0,0,0,0,0,0,7
17322306600,86904124,86889,86889,3,0,0,0.6513776779174805,0,-0.010989189147949219,0,-0.0048847198486328125,0,0,0,0,0,0,0,0,0,0,0,0,0,0,0,7
17325742450,86907121,86892,86892,3,0,0,0.6513776779174805,0,-0.0036630630493164062,0,-0.014652252197265625,0,0,0,0,0,0,0,0,0,0,0,0,0,0,0,7
17329178300,86910135,86895,86895,3,0,0,0.6513776779174805,0,-0.010989189147949219,0,-0.014652252197265625,0,0,0,0,0,0,0,0,0,0,0,0,0,0,0,7
17332610000,86917125,86902,86902,3,0,0,0.6513776779174805,0,-0.0036630630493164062,0,-0.0048847198486328125,0,0,0,0,0,0,0,0,0,0,0,0,0,0,0,7
17336041700,86919121,86904,86904,3,0,0,0.6513776779174805,0,-0.010989189147949219,0,-0.014652252197265625,0,0,0,0,0,0,0,0,0,0,0,0,0,0,0,7
17339473400,86922120,86907,86907,3,0,0,0.6513776779174805,0,-0.0036630630493164062,0,-0.014652252197265625,0,0,0,0,0,0,0,0,0,0,0,0,0,0,0,7
17342905100,86925136,86910,86910,3,0,0,0.6513776779174805,0,0.0036630630493164062,0,-0.014652252197265625,0,0,0,0,0,0,0,0,0,0,0,0,0,0,0,7
17346336800,86927121,86912,86912,3,0,0,0.6513776779174805,0,-0.0036630630493164062,0,-0.0048847198486328125,0,0,0,0,0,0,0,0,0,0,0,0,0,0,0,7
17349768500,86930120,86915,86915,3,0,0,0.6513776779174805,0,0.010989189147949219,0,-0.014652252197265625,0,0,0,0,0,0,0,0,0,0,0,0,0,0,0,7
17353200200,86932121,86917,86917,3,0,0,0.6513776779174805,0,-0.010989189147949219,0,-0.014652252197265625,0,0,0,0,0,0,0,0,0,0,0,0,0,0,0,7
17356631900,86937130,86922,86922,3,0,0,0.6513776779174805,0,-0.0036630630493164062,0,-0.0048847198486328125,0,0,0,0,0,0,0,0,0,0,0,0,0,0,0,7
17361126166,86948120,86933,86933,3,0,0,0.6513776779174805,0,-0.010989189147949219,0,-0.0048847198486328125,0,0,0,0,0,0,0,0,0,0,0,0,0,0,0,7
17365620428,86951128,86936,86936,3,0,0,0.6509943008422852,0,-0.010989189147949219,0,-0.0048847198486328125,0,0,0,0,0,0,0,0,0,0,0,0,0,0,0,7
17370114690,86954124,86939,86939,3,0,0,0.6513776779174805,0,-0.0036630630493164062,0,-0.0048847198486328125,0,0,0,0,0,0,0,0,0,0,0,0,0,0,0,7
17374608952,86959121,86944,86944,3,0,0,0.6513776779174805,0,-0.0036630630493164062,0,-0.0048847198486328125,0,0,0,0,0,0,0,0,0,0,0,0,0,0,0,7
17379103214,86963121,86948,86948,3,0,0,0.6513776779174805,0,-0.0036630630493164062,0,-0.0048847198486328125,0,0,0,0,0,0,0,0,0,0,0,0,0,0,0,7
17383597476,86967129,86952,86952,3,0,0,0.6513776779174805,0,-0.010989189147949219,0,-0.0048847198486328125,0,0,0,0,0,0,0,0,0,0,0,0,0,0,0,7
17388091738,86970123,86955,86955,3,0,0,0.6513776779174805,0,-0.010989189147949219,0,-0.0048847198486328125,0,0,0,0,0,0,0,0,0,0,0,0,0,0,0,7
17392586000,86974122,86959,86959,3,0,0,0.6513776779174805,0,-0.0036630630493164062,0,-0.0048847198486328125,0,0,0,0,0,0,0,0,0,0,0,0,0,0,0,7
17395805591,86979131,86964,86964,3,0,0,0.6509943008422852,0,-0.0036630630493164062,0,-0.014652252197265625,0,0,0,0,0,0,0,0,0,0,0,0,0,0,0,7
17399025178,86982121,86967,86967,3,0,0,0.6513776779174805,0,0.0036630630493164062,0,-0.0048847198486328125,0,0,0,0,0,0,0,0,0,0,0,0,0,0,0,7
17402244765,86984121,86970,86970,3,0,0,0.6513776779174805,0,-0.010989189147949219,0,-0.0048847198486328125,0,0,0,0,0,0,0,0,0,0,0,0,0,0,0,7
17405464352,86987123,86972,86972,3,0,0,0.6513776779174805,0,0.0036630630493164062,0,-0.0048847198486328125,0,0,0,0,0,0,0,0,0,0,0,0,0,0,0,7
17408683939,86990120,86975,86975,3,0,0,0.6513776779174805,0,-0.0036630630493164062,0,-0.014652252197265625,0,0,0,0,0,0,0,0,0,0,0,0,0,0,0,7
17411903526,86993128,86979,86979,3,0,0,0.6513776779174805,0,-0.0036630630493164062,0,-0.014652252197265625,0,0,0,0,0,0,0,0,0,0,0,0,0,0,0,7
17415123113,86996124,86981,86981,3,0,0,0.6513776779174805,0,-0.0036630630493164062,0,-0.0048847198486328125,0,0,0,0,0,0,0,0,0,0,0,0,0,0,0,7
17418342700,86999123,86984,86984,3,0,0,0.6513776779174805,0,0.0036630630493164062,0,-0.0048847198486328125,0,0,0,0,0,0,0,0,0,0,0,0,0,0,0,7
17422292316,87006120,86991,86991,3,0,0,0.6509943008422852,0,-0.010989189147949219,0,-0.0048847198486328125,0,0,0,0,0,0,0,0,0,0,0,0,0,0,0,7
17426241928,87014120,86999,86999,3,0,0,0.6513776779174805,0,-0.0036630630493164062,0,-0.0048847198486328125,0,0,0,0,0,0,0,0,0,0,0,0,0,0,0,7
17430191540,87016122,87001,87001,3,0,0,0.6513776779174805,0,-0.0036630630493164062,0,-0.0048847198486328125,0,0,0,0,0,0,0,0,0,0,0,0,0,0,0,7
17434141152,87018120,87003,87003,3,0,0,0.6513776779174805,0,0.010989189147949219,0,-0.0048847198486328125,0,0,0,0,0,0,0,0,0,0,0,0,0,0,0,7
17438090764,87021129,87006,87006,3,0,0,0.6513776779174805,0,0.0036630630493164062,0,-0.014652252197265625,0,0,0,0,0,0,0,0,0,0,0,0,0,0,0,7
17442040376,87026120,87011,87011,3,0,0,0.6509943008422852,0,-0.0036630630493164062,0,-0.0048847198486328125,0,0,0,0,0,0,0,0,0,0,0,0,0,0,0,7
17445989988,87029123,87014,87014,3,0,0,0.6513776779174805,0,-0.0036630630493164062,0,-0.014652252197265625,0,0,0,0,0,0,0,0,0,0,0,0,0,0,0,7
17449939600,87032123,87017,87017,3,0,0,0.6513776779174805,0,-0.01831531524658203,0,-0.014652252197265625,0,0,0,0,0,0,0,0,0,0,0,0,0,0,0,7
17453527225,87036135,87022,87022,3,0,0,0.6513776779174805,0,0.0036630630493164062,0,-0.014652252197265625,0,0,0,0,0,0,0,0,0,0,0,0,0,0,0,7
17457114850,87039121,87024,87024,3,0,0,0.6513776779174805,0,-0.0036630630493164062,0,-0.014652252197265625,0,0,0,0,0,0,0,0,0,0,0,0,0,0,0,7
17460702475,87042120,87027,87027,3,0,0,0.6509943008422852,0,-0.010989189147949219,0,-0.0048847198486328125,0,0,0,0,0,0,0,0,0,0,0,0,0,0,0,7
17464290100,87046120,87031,87031,3,0,0,0.6513776779174805,0,0.0036630630493164062,0,-0.014652252197265625,0,0,0,0,0,0,0,0,0,0,0,0,0,0,0,7
17467877725,87049132,87034,87034,3,0,0,0.6509943008422852,0,-0.010989189147949219,0,-0.014652252197265625,0,0,0,0,0,0,0,0,0,0,0,0,0,0,0,7
17471465350,87054124,87039,87039,3,0,0,0.6513776779174805,0,0.01831531524658203,0,-0.014652252197265625,0,0,0,0,0,0,0,0,0,0,0,0,0,0,0,7
17475052975,87058122,87043,87043,3,0,0,0.6513776779174805,0,-0.0036630630493164062,0,-0.0048847198486328125,0,0,0,0,0,0,0,0,0,0,0,0,0,0,0,7
17478640600,87060120,87045,87045,3,0,0,0.6513776779174805,0,-0.01831531524658203,0,-0.0048847198486328125,0,0,0,0,0,0,0,0,0,0,0,0,0,0,0,7
17482870650,87070124,87055,87055,3,0,0,0.6513776779174805,0,-0.0036630630493164062,0,-0.014652252197265625,0,0,0,0,0,0,0,0,0,0,0,0,0,0,0,7
17487100700,87073121,87058,87058,3,0,0,0.6513776779174805,0,-0.0036630630493164062,0,-0.0048847198486328125,0,0,0,0,0,0,0,0,0,0,0,0,0,0,0,7
17491330750,87078138,87063,87063,3,0,0,0.6513776779174805,0,0.0036630630493164062,0,-0.0048847198486328125,0,0,0,0,0,0,0,0,0,0,0,0,0,0,0,7
17495560800,87081121,87066,87066,3,0,0,0.6513776779174805,0,-0.010989189147949219,0,-0.014652252197265625,0,0,0,0,0,0,0,0,0,0,0,0,0,0,0,7
17499790850,87085129,87070,87070,3,0,0,0.6513776779174805,0,-0.010989189147949219,0,-0.014652252197265625,0,0,0,0,0,0,0,0,0,0,0,0,0,0,0,7
17504020900,87087123,87072,87072,3,0,0,0.6513776779174805,0,-0.0036630630493164062,0,-0.014652252197265625,0,0,0,0,0,0,0,0,0,0,0,0,0,0,0,7
17508250950,87092135,87077,87077,3,0,0,0.6513776779174805,0,-0.010989189147949219,0,-0.014652252197265625,0,0,0,0,0,0,0,0,0,0,0,0,0,0,0,7
17512481000,87095131,87080,87080,3,0,0,0.6513776779174805,0,-0.0036630630493164062,0,-0.014652252197265625,0,0,0,0,0,0,0,0,0,0,0,0,0,0,0,7
17516339791,87099125,87084,87084,3,0,0,0.6513776779174805,0,-0.0036630630493164062,0,-0.014652252197265625,0,0,0,0,0,0,0,0,0,0,0,0,0,0,0,7
17520198578,87102120,87087,87087,3,0,0,0.6513776779174805,0,-0.0036630630493164062,0,-0.014652252197265625,0,0,0,0,0,0,0,0,0,0,0,0,0,0,0,7
17524057365,87106135,87091,87091,3,0,0,0.6513776779174805,0,-0.0036630630493164062,0,-0.014652252197265625,0,0,0,0,0,0,0,0,0,0,0,0,0,0,0,7
17527916152,87109121,87094,87094,3,0,0,0.6513776779174805,0,-0.010989189147949219,0,-0.0048847198486328125,0,0,0,0,0,0,0,0,0,0,0,0,0,0,0,7
17531774939,87112124,87097,87097,3,0,0,0.6513776779174805,0,-0.0036630630493164062,0,-0.014652252197265625,0,0,0,0,0,0,0,0,0,0,0,0,0,0,0,7
17535633726,87115129,87100,87100,3,0,0,0.6513776779174805,0,-0.0036630630493164062,0,0.0048847198486328125,0,0,0,0,0,0,0,0,0,0,0,0,0,0,0,7
17539492513,87118121,87103,87103,3,0,0,0.6513776779174805,0,-0.010989189147949219,0,0.0048847198486328125,0,0,0,0,0,0,0,0,0,0,0,0,0,0,0,7
17543351300,87124122,87109,87109,3,0,0,0.6513776779174805,0,-0.0036630630493164062,0,-0.0048847198486328125,0,0,0,0,0,0,0,0,0,0,0,0,0,0,0,7
17546655650,87132123,87117,87117,3,0,0,0.6513776779174805,0,-0.010989189147949219,0,-0.0048847198486328125,0,0,0,0,0,0,0,0,0,0,0,0,0,0,0,7
17549960000,87136124,87121,87121,3,0,0,0.6513776779174805,0,0.0036630630493164062,0,-0.0048847198486328125,0,0,0,0,0,0,0,0,0,0,0,0,0,0,0,7
17553264350,87139121,87124,87124,3,0,0,0.6513776779174805,0,-0.0036630630493164062,0,-0.0048847198486328125,0,0,0,0,0,0,0,0,0,0,0,0,0,0,0,7
17556568700,87142120,87127,87127,3,0,0,0.6513776779174805,0,0.0036630630493164062,0,-0.0048847198486328125,0,0,0,0,0,0,0,0,0,0,0,0,0,0,0,7
17559873050,87144120,87129,87129,3,0,0,0.6513776779174805,0,-0.0036630630493164062,0,-0.014652252197265625,0,0,0,0,0,0,0,0,0,0,0,0,0,0,0,7
17563177400,87147129,87132,87132,3,0,0,0.6513776779174805,0,-0.0036630630493164062,0,-0.0048847198486328125,0,0,0,0,0,0,0,0,0,0,0,0,0,0,0,7
17566481750,87149128,87134,87134,3,0,0,0.6513776779174805,0,-0.010989189147949219,0,-0.014652252197265625,0,0,0,0,0,0,0,0,0,0,0,0,0,0,0,7
17569786100,87152123,87137,87137,3,0,0,0.6513776779174805,0,0.0036630630493164062,0,-0.014652252197265625,0,0,0,0,0,0,0,0,0,0,0,0,0,0,0,7
17572649275,87156120,87141,87141,3,0,0,0.6513776779174805,0,-0.0036630630493164062,0,-0.014652252197265625,0,0,0,0,0,0,0,0,0,0,0,0,0,0,0,7
17575512450,87159121,87144,87144,3,0,0,0.6513776779174805,0,-0.0036630630493164062,0,-0.014652252197265625,0,0,0,0,0,0,0,0,0,0,0,0,0,0,0,7
17578375625,87161130,87146,87146,3,0,0,0.6513776779174805,0,-0.0036630630493164062,0,-0.024419784545898438,0,0,0,0,0,0,0,0,0,0,0,0,0,0,0,7
17581238800,87164121,87149,87149,3,0,0,0.6513776779174805,0,-0.0036630630493164062,0,-0.0048847198486328125,0,0,0,0,0,0,0,0,0,0,0,0,0,0,0,7
17584101975,87166120,87151,87151,3,0,0,0.6513776779174805,0,0.0036630630493164062,0,-0.0048847198486328125,0,0,0,0,0,0,0,0,0,0,0,0,0,0,0,7
17586965150,87169123,87154,87154,3,0,0,0.6513776779174805,0,-0.025641441345214844,0,-0.014652252197265625,0,0,0,0,0,0,0,0,0,0,0,0,0,0,0,7
17589828325,87172121,87157,87157,3,0,0,0.6513776779174805,0,-0.01831531524658203,0,-0.014652252197265625,0,0,0,0,0,0,0,0,0,0,0,0,0,0,0,7
17592691500,87175137,87160,87160,3,0,0,0.6513776779174805,0,-0.010989189147949219,0,-0.014652252197265625,0,0,0,0,0,0,0,0,0,0,0,0,0,0,0,7
17595567516,87181121,87166,87166,3,0,0,0.6509943008422852,0,0.010989189147949219,0,-0.014652252197265625,0,0,0,0,0,0,0,0,0,0,0,0,0,0,0,7
17598288694,87183121,87168,87168,3,0,0,0.6513776779174805,0,-0.0036630630493164062,0,-0.0048847198486328125,0,0,0,0,0,0,0,0,0,0,0,0,0,0,0,7
17601009872,87186124,87171,87171,3,0,0,0.6513776779174805,0,-0.010989189147949219,0,-0.0048847198486328125,0,0,0,0,0,0,0,0,0,0,0,0,0,0,0,7
17603731050,87188120,87173,87173,3,0,0,0.6513776779174805,0,0.0036630630493164062,0,-0.014652252197265625,0,0,0,0,0,0,0,0,0,0,0,0,0,0,0,7
17606452228,87191124,87176,87176,3,0,0,0.6513776779174805,0,-0.010989189147949219,0,-0.014652252197265625,0,0,0,0,0,0,0,0,0,0,0,0,0,0,0,7
17609173406,87193120,87179,87179,3,0,0,0.6513776779174805,0,0.010989189147949219,0,-0.0048847198486328125,0,0,0,0,0,0,0,0,0,0,0,0,0,0,0,7
17611894584,87196121,87181,87181,3,0,0,0.6513776779174805,0,-0.0036630630493164062,0,-0.0048847198486328125,0,0,0,0,0,0,0,0,0,0,0,0,0,0,0,7
17614615762,87198122,87183,87183,3,0,0,0.6513776779174805,0,-0.010989189147949219,0,-0.0048847198486328125,0,0,0,0,0,0,0,0,0,0,0,0,0,0,0,7
17617336940,87202121,87187,87187,3,0,0,0.6513776779174805,0,-0.010989189147949219,0,-0.014652252197265625,0,0,0,0,0,0,0,0,0,0,0,0,0,0,0,7
17620058118,87204135,87189,87189,3,0,0,0.6513776779174805,0,0.0036630630493164062,0,-0.014652252197265625,0,0,0,0,0,0,0,0,0,0,0,0,0,0,0,7
17622779296,87206120,87192,87192,3,0,0,0.6513776779174805,0,-0.0036630630493164062,0,-0.014652252197265625,0,0,0,0,0,0,0,0,0,0,0,0,0,0,0,7
17625500474,87209121,87194,87194,3,0,0,0.6509943008422852,0,-0.01831531524658203,0,-0.0048847198486328125,0,0,0,0,0,0,0,0,0,0,0,0,0,0,0,7
17628221652,87211122,87196,87196,3,0,0,0.6513776779174805,0,0.0036630630493164062,0,-0.0048847198486328125,0,0,0,0,0,0,0,0,0,0,0,0,0,0,0,7
17630942830,87214120,87199,87199,3,0,0,0.6513776779174805,0,0.0036630630493164062,0,-0.014652252197265625,0,0,0,0,0,0,0,0,0,0,0,0,0,0,0,7
17633664008,87216120,87201,87201,3,0,0,0.6513776779174805,0,-0.0036630630493164062,0,-0.014652252197265625,0,0,0,0,0,0,0,0,0,0,0,0,0,0,0,7
17636385186,87219126,87204,87204,3,0,0,0.6513776779174805,0,0.0036630630493164062,0,-0.014652252197265625,0,0,0,0,0,0,0,0,0,0,0,0,0,0,0,7
17639324900,87224120,87209,87209,3,0,0,0.6513776779174805,0,-0.0036630630493164062,0,-0.014652252197265625,0,0,0,0,0,0,0,0,0,0,0,0,0,0,0,7
17642169173,87226120,87211,87211,3,0,0,0.6513776779174805,0,-0.010989189147949219,0,-0.014652252197265625,0,0,0,0,0,0,0,0,0,0,0,0,0,0,0,7
17645013446,87229121,87214,87214,3,0,0,0.6513776779174805,0,-0.0036630630493164062,0,-0.014652252197265625,0,0,0,0,0,0,0,0,0,0,0,0,0,0,0,7
17647857719,87231129,87216,87216,3,0,0,0.6513776779174805,0,0.010989189147949219,0,-0.0048847198486328125,0,0,0,0,0,0,0,0,0,0,0,0,0,0,0,7
17650701992,87234120,87219,87219,3,0,0,0.6513776779174805,0,0.0036630630493164062,0,-0.014652252197265625,0,0,0,0,0,0,0,0,0,0,0,0,0,0,0,7
17653546265,87236125,87221,87221,3,0,0,0.6513776779174805,0,0.0036630630493164062,0,-0.0048847198486328125,0,0,0,0,0,0,0,0,0,0,0,0,0,0,0,7
17656390538,87239121,87224,87224,3,0,0,0.6513776779174805,0,0.0036630630493164062,0,-0.0048847198486328125,0,0,0,0,0,0,0,0,0,0,0,0,0,0,0,7
17659234811,87242120,87227,87227,3,0,0,0.6509943008422852,0,-0.010989189147949219,0,-0.0048847198486328125,0,0,0,0,0,0,0,0,0,0,0,0,0,0,0,7
17662079084,87246135,87231,87231,3,0,0,0.6513776779174805,0,0.0036630630493164062,0,-0.014652252197265625,0,0,0,0,0,0,0,0,0,0,0,0,0,0,0,7
17664923357,87248122,87234,87234,3,0,0,0.6513776779174805,0,-0.010989189147949219,0,-0.014652252197265625,0,0,0,0,0,0,0,0,0,0,0,0,0,0,0,7
17667767630,87251121,87236,87236,3,0,0,0.6513776779174805,0,-0.010989189147949219,0,-0.0048847198486328125,0,0,0,0,0,0,0,0,0,0,0,0,0,0,0,7
17670611903,87253121,87239,87239,3,0,0,0.6509943008422852,0,-0.010989189147949219,0,-0.0048847198486328125,0,0,0,0,0,0,0,0,0,0,0,0,0,0,0,7
17673456176,87257125,87242,87242,3,0,0,0.6513776779174805,0,-0.0036630630493164062,0,-0.0048847198486328125,0,0,0,0,0,0,0,0,0,0,0,0,0,0,0,7
17676300449,87259128,87244,87244,3,0,0,0.6513776779174805,0,-0.0036630630493164062,0,-0.0048847198486328125,0,0,0,0,0,0,0,0,0,0,0,0,0,0,0,7
17679144722,87262120,87247,87247,3,0,0,0.6513776779174805,0,-0.010989189147949219,0,-0.0048847198486328125,0,0,0,0,0,0,0,0,0,0,0,0,0,0,0,7
17681988995,87264121,87249,87249,3,0,0,0.6513776779174805,0,-0.0036630630493164062,0,-0.014652252197265625,0,0,0,0,0,0,0,0,0,0,0,0,0,0,0,7
17684945175,87269123,87254,87254,3,0,0,0.6513776779174805,0,-0.0036630630493164062,0,-0.0048847198486328125,0,0,0,0,0,0,0,0,0,0,0,0,0,0,0,7
17687901350,87271121,87256,87256,3,0,0,0.6513776779174805,0,-0.010989189147949219,0,-0.014652252197265625,0,0,0,0,0,0,0,0,0,0,0,0,0,0,0,7
17690857525,87274135,87259,87259,3,0,0,0.6513776779174805,0,0.0036630630493164062,0,-0.014652252197265625,0,0,0,0,0,0,0,0,0,0,0,0,0,0,0,7
17693813700,87276120,87261,87261,3,0,0,0.6513776779174805,0,-0.010989189147949219,0,-0.014652252197265625,0,0,0,0,0,0,0,0,0,0,0,0,0,0,0,7
17696769875,87279121,87264,87264,3,0,0,0.6513776779174805,0,0.0036630630493164062,0,-0.014652252197265625,0,0,0,0,0,0,0,0,0,0,0,0,0,0,0,7
17699726050,87282120,87267,87267,3,0,0,0.6513776779174805,0,-0.010989189147949219,0,-0.014652252197265625,0,0,0,0,0,0,0,0,0,0,0,0,0,0,0,7
17702682225,87284120,87269,87269,3,0,0,0.6513776779174805,0,0.0036630630493164062,0,-0.0048847198486328125,0,0,0,0,0,0,0,0,0,0,0,0,0,0,0,7
17705638400,87287129,87272,87272,3,0,0,0.6513776779174805,0,-0.010989189147949219,0,-0.0048847198486328125,0,0,0,0,0,0,0,0,0,0,0,0,0,0,0,7
17708628466,87294124,87279,87279,3,0,0,0.6513776779174805,0,-0.0036630630493164062,0,-0.014652252197265625,0,0,0,0,0,0,0,0,0,0,0,0,0,0,0,7
17711618528,87296121,87281,87281,3,0,0,0.6513776779174805,0,-0.0036630630493164062,0,-0.014652252197265625,0,0,0,0,0,0,0,0,0,0,0,0,0,0,0,7
17714608590,87299121,87284,87284,3,0,0,0.6513776779174805,0,-0.0036630630493164062,0,-0.024419784545898438,0,0,0,0,0,0,0,0,0,0,0,0,0,0,0,7
17717598652,87301130,87286,87286,3,0,0,0.6513776779174805,0,-0.0036630630493164062,0,-0.014652252197265625,0,0,0,0,0,0,0,0,0,0,0,0,0,0,0,7
17720588714,87303125,87288,87288,3,0,0,0.6513776779174805,0,-0.0036630630493164062,0,-0.014652252197265625,0,0,0,0,0,0,0,0,0,0,0,0,0,0,0,7
17723578776,87306122,87291,87291,3,0,0,0.6513776779174805,0,0.010989189147949219,0,-0.014652252197265625,0,0,0,0,0,0,0,0,0,0,0,0,0,0,0,7
17726568838,87308120,87294,87294,3,0,0,0.6513776779174805,0,-0.01831531524658203,0,-0.014652252197265625,0,0,0,0,0,0,0,0,0,0,0,0,0,0,0,7
17729558900,87311121,87296,87296,3,0,0,0.6513776779174805,0,-0.010989189147949219,0,-0.0048847198486328125,0,0,0,0,0,0,0,0,0,0,0,0,0,0,0,7
17732087450,87316135,87301,87301,3,0,0,0.6513776779174805,0,-0.01831531524658203,0,-0.0048847198486328125,0,0,0,0,0,0,0,0,0,0,0,0,0,0,0,7
17734534520,87319123,87304,87304,3,0,0,0.6513776779174805,0,0.0036630630493164062,0,-0.0048847198486328125,0,0,0,0,0,0,0,0,0,0,0,0,0,0,0,7
17736981590,87321121,87306,87306,3,0,0,0.6513776779174805,0,0.0036630630493164062,0,-0.0048847198486328125,0,0,0,0,0,0,0,0,0,0,0,0,0,0,0,7
17739428660,87324120,87309,87309,3,0,0,0.6513776779174805,0,0.01831531524658203,0,-0.0048847198486328125,0,0,0,0,0,0,0,0,0,0,0,0,0,0,0,7
17741875730,87326120,87311,87311,3,0,0,0.6513776779174805,0,-0.0036630630493164062,0,-0.0048847198486328125,0,0,0,0,0,0,0,0,0,0,0,0,0,0,0,7
17744322800,87328121,87313,87313,3,0,0,0.6509943008422852,0,-0.010989189147949219,0,-0.0048847198486328125,0,0,0,0,0,0,0,0,0,0,0,0,0,0,0,7
17746769870,87330135,87315,87315,3,0,0,0.6513776779174805,0,-0.01831531524658203,0,-0.014652252197265625,0,0,0,0,0,0,0,0,0,0,0,0,0,0,0,7
17749216940,87332122,87317,87317,3,0,0,0.6513776779174805,0,-0.0036630630493164062,0,-0.014652252197265625,0,0,0,0,0,0,0,0,0,0,0,0,0,0,0,7
17751664010,87335131,87320,87320,3,0,0,0.6513776779174805,0,0.0036630630493164062,0,-0.014652252197265625,0,0,0,0,0,0,0,0,0,0,0,0,0,0,0,7
17754111080,87337121,87322,87322,3,0,0,0.6513776779174805,0,-0.0036630630493164062,0,-0.014652252197265625,0,0,0,0,0,0,0,0,0,0,0,0,0,0,0,7
17756558150,87340120,87325,87325,3,0,0,0.6513776779174805,0,-0.010989189147949219,0,-0.0048847198486328125,0,0,0,0,0,0,0,0,0,0,0,0,0,0,0,7
17759005220,87343130,87328,87328,3,0,0,0.6513776779174805,0,-0.0036630630493164062,0,-0.0048847198486328125,0,0,0,0,0,0,0,0,0,0,0,0,0,0,0,7
17761452290,87345133,87330,87330,3,0,0,0.6513776779174805,0,-0.010989189147949219,0,-0.0048847198486328125,0,0,0,0,0,0,0,0,0,0,0,0,0,0,0,7
17763899360,87347121,87332,87332,3,0,0,0.6513776779174805,0,-0.0036630630493164062,0,-0.014652252197265625,0,0,0,0,0,0,0,0,0,0,0,0,0,0,0,7
17766346430,87349121,87334,87334,3,0,0,0.6513776779174805,0,-0.0036630630493164062,0,-0.0048847198486328125,0,0,0,0,0,0,0,0,0,0,0,0,0,0,0,7
17768793500,87351121,87336,87336,3,0,0,0.6513776779174805,0,-0.010989189147949219,0,-0.014652252197265625,0,0,0,0,0,0,0,0,0,0,0,0,0,0,0,7
17771462300,87356122,87341,87341,3,0,0,0.6513776779174805,0,-0.0036630630493164062,0,-0.0048847198486328125,0,0,0,0,0,0,0,0,0,0,0,0,0,0,0,7
17774131100,87358135,87343,87343,3,0,0,0.6513776779174805,0,0.0036630630493164062,0,-0.0048847198486328125,0,0,0,0,0,0,0,0,0,0,0,0,0,0,0,7
17776799900,87361121,87346,87346,3,0,0,0.6513776779174805,0,0.0036630630493164062,0,-0.0048847198486328125,0,0,0,0,0,0,0,0,0,0,0,0,0,0,0,7
17779468700,87363121,87348,87348,3,0,0,0.6513776779174805,0,-0.010989189147949219,0,-0.014652252197265625,0,0,0,0,0,0,0,0,0,0,0,0,0,0,0,7
17782137500,87365129,87350,87350,3,0,0,0.6513776779174805,0,-0.010989189147949219,0,-0.0048847198486328125,0,0,0,0,0,0,0,0,0,0,0,0,0,0,0,7
17784806300,87367121,87352,87352,3,0,0,0.6513776779174805,0,-0.0036630630493164062,0,-0.0048847198486328125,0,0,0,0,0,0,0,0,0,0,0,0,0,0,0,7
17787475100,87369121,87354,87354,3,0,0,0.6513776779174805,0,-0.0036630630493164062,0,-0.0048847198486328125,0,0,0,0,0,0,0,0,0,0,0,0,0,0,0,7
17790143900,87372137,87357,87357,3,0,0,0.6513776779174805,0,0.0036630630493164062,0,-0.0048847198486328125,0,0,0,0,0,0,0,0,0,0,0,0,0,0,0,7
17793066191,87376120,87361,87361,3,0,0,0.6513776779174805,0,0.0036630630493164062,0,-0.0048847198486328125,0,0,0,0,0,0,0,0,0,0,0,0,0,0,0,7
17795988478,87378120,87363,87363,3,0,0,0.6513776779174805,0,-0.0036630630493164062,0,-0.0048847198486328125,0,0,0,0,0,0,0,0,0,0,0,0,0,0,0,7
17798910765,87380120,87365,87365,3,0,0,0.6513776779174805,0,-0.025641441345214844,0,-0.014652252197265625,0,0,0,0,0,0,0,0,0,0,0,0,0,0,0,7
17801833052,87383121,87368,87368,3,0,0,0.6513776779174805,0,0.010989189147949219,0,-0.014652252197265625,0,0,0,0,0,0,0,0,0,0,0,0,0,0,0,7
17804755339,87385139,87370,87370,3,0,0,0.6513776779174805,0,-0.01831531524658203,0,-0.0048847198486328125,0,0,0,0,0,0,0,0,0,0,0,0,0,0,0,7
17807677626,87388120,87373,87373,3,0,0,0.6513776779174805,0,-0.0036630630493164062,0,-0.0048847198486328125,0,0,0,0,0,0,0,0,0,0,0,0,0,0,0,7
17810599913,87391120,87376,87376,3,0,0,0.6513776779174805,0,-0.0036630630493164062,0,-0.0048847198486328125,0,0,0,0,0,0,0,0,0,0,0,0,0,0,0,7
17813522200,87394120,87379,87379,3,0,0,0.6513776779174805,0,-0.01831531524658203,0,-0.0048847198486328125,0,0,0,0,0,0,0,0,0,0,0,0,0,0,0,7
17817551250,87402124,87387,87387,3,0,0,0.6513776779174805,0,-0.0036630630493164062,0,-0.0048847198486328125,0,0,0,0,0,0,0,0,0,0,0,0,0,0,0,7
17821580300,87406122,87391,87391,3,0,0,0.6509943008422852,0,-0.01831531524658203,0,-0.0048847198486328125,0,0,0,0,0,0,0,0,0,0,0,0,0,0,0,7
17825609350,87410124,87395,87395,3,0,0,0.6513776779174805,0,-0.010989189147949219,0,-0.0048847198486328125,0,0,0,0,0,0,0,0,0,0,0,0,0,0,0,7
17829638400,87414137,87399,87399,3,0,0,0.6513776779174805,0,-0.01831531524658203,0,-0.0048847198486328125,0,0,0,0,0,0,0,0,0,0,0,0,0,0,0,7
17833667450,87417121,87402,87402,3,0,0,0.6513776779174805,0,-0.0036630630493164062,0,-0.014652252197265625,0,0,0,0,0,0,0,0,0,0,0,0,0,0,0,7
17837696500,87421121,87406,87406,3,0,0,0.6513776779174805,0,-0.01831531524658203,0,-0.0048847198486328125,0,0,0,0,0,0,0,0,0,0,0,0,0,0,0,7
17841725550,87424120,87409,87409,3,0,0,0.6513776779174805,0,-0.010989189147949219,0,-0.0048847198486328125,0,0,0,0,0,0,0,0,0,0,0,0,0,0,0,7
17845754600,87427129,87412,87412,3,0,0,0.6513776779174805,0,0.0036630630493164062,0,-0.0048847198486328125,0,0,0,0,0,0,0,0,0,0,0,0,0,0,0,7
17848955566,87433120,87418,87418,3,0,0,0.6513776779174805,0,-0.010989189147949219,0,-0.0048847198486328125,0,0,0,0,0,0,0,0,0,0,0,0,0,0,0,7
17852023154,87437121,87422,87422,3,0,0,0.6513776779174805,0,0.010989189147949219,0,-0.014652252197265625,0,0,0,0,0,0,0,0,0,0,0,0,0,0,0,7
17855090742,87440120,87425,87425,3,0,0,0.6513776779174805,0,0.0036630630493164062,0,-0.0048847198486328125,0,0,0,0,0,0,0,0,0,0,0,0,0,0,0,7
17858158330,87442135,87427,87427,3,0,0,0.6513776779174805,0,-0.010989189147949219,0,0.0048847198486328125,0,0,0,0,0,0,0,0,0,0,0,0,0,0,0,7
17861225918,87445129,87430,87430,3,0,0,0.6513776779174805,0,-0.010989189147949219,0,-0.0048847198486328125,0,0,0,0,0,0,0,0,0,0,0,0,0,0,0,7
17864293506,87447125,87432,87433,3,0,0,0.6513776779174805,0,-0.0036630630493164062,0,-0.0048847198486328125,0,0,0,0,0,0,0,0,0,0,0,0,0,0,0,7
17867361094,87450128,87435,87435,3,0,0,0.6513776779174805,0,-0.0036630630493164062,0,-0.014652252197265625,0,0,0,0,0,0,0,0,0,0,0,0,0,0,0,7
17870428682,87453121,87438,87438,3,0,0,0.6513776779174805,0,-0.0036630630493164062,0,-0.0048847198486328125,0,0,0,0,0,0,0,0,0,0,0,0,0,0,0,7
17873496270,87458120,87443,87443,3,0,0,0.6513776779174805,0,0.0036630630493164062,0,-0.014652252197265625,0,0,0,0,0,0,0,0,0,0,0,0,0,0,0,7
17876563858,87460124,87445,87445,3,0,0,0.6513776779174805,0,-0.010989189147949219,0,-0.014652252197265625,0,0,0,0,0,0,0,0,0,0,0,0,0,0,0,7
17879631446,87463121,87448,87448,3,0,0,0.6513776779174805,0,-0.010989189147949219,0,-0.014652252197265625,0,0,0,0,0,0,0,0,0,0,0,0,0,0,0,7
17882699034,87466120,87451,87451,3,0,0,0.6513776779174805,0,0.010989189147949219,0,-0.014652252197265625,0,0,0,0,0,0,0,0,0,0,0,0,0,0,0,7
17885766622,87469129,87454,87454,3,0,0,0.6513776779174805,0,-0.01831531524658203,0,-0.014652252197265625,0,0,0,0,0,0,0,0,0,0,0,0,0,0,0,7
17888834210,87471125,87456,87456,3,0,0,0.6513776779174805,0,-0.0036630630493164062,0,-0.014652252197265625,0,0,0,0,0,0,0,0,0,0,0,0,0,0,0,7
17891901798,87474120,87459,87459,3,0,0,0.6513776779174805,0,-0.0036630630493164062,0,-0.014652252197265625,0,0,0,0,0,0,0,0,0,0,0,0,0,0,0,7
17894969386,87477121,87462,87462,3,0,0,0.6513776779174805,0,0.0036630630493164062,0,-0.014652252197265625,0,0,0,0,0,0,0,0,0,0,0,0,0,0,0,7
17897749400,87481120,87466,87466,3,0,0,0.6513776779174805,0,-0.01831531524658203,0,-0.014652252197265625,0,0,0,0,0,0,0,0,0,0,0,0,0,0,0,7
17900529400,87484138,87469,87469,3,0,0,0.6513776779174805,0,-0.010989189147949219,0,-0.014652252197265625,0,0,0,0,0,0,0,0,0,0,0,0,0,0,0,7
17903309400,87486120,87471,87471,3,0,0,0.6513776779174805,0,-0.0036630630493164062,0,-0.0048847198486328125,0,0,0,0,0,0,0,0,0,0,0,0,0,0,0,7
17906089400,87489124,87474,87474,3,0,0,0.6513776779174805,0,-0.010989189147949219,0,-0.014652252197265625,0,0,0,0,0,0,0,0,0,0,0,0,0,0,0,7
17908869400,87491120,87476,87476,3,0,0,0.6509943008422852,0,-0.010989189147949219,0,-0.0048847198486328125,0,0,0,0,0,0,0,0,0,0,0,0,0,0,0,7
17911649400,87493123,87478,87478,3,0,0,0.6513776779174805,0,0.010989189147949219,0,-0.0048847198486328125,0,0,0,0,0,0,0,0,0,0,0,0,0,0,0,7
17914429400,87496121,87481,87481,3,0,0,0.6513776779174805,0,-0.0036630630493164062,0,-0.0048847198486328125,0,0,0,0,0,0,0,0,0,0,0,0,0,0,0,7
17917209400,87499125,87484,87484,3,0,0,0.6509943008422852,0,-0.0036630630493164062,0,-0.014652252197265625,0,0,0,0,0,0,0,0,0,0,0,0,0,0,0,7
17921168766,87507121,87492,87492,3,0,0,0.6513776779174805,0,0.0036630630493164062,0,-0.0048847198486328125,0,0,0,0,0,0,0,0,0,0,0,0,0,0,0,7
17925128128,87511128,87496,87496,3,0,0,0.6513776779174805,0,-0.0036630630493164062,0,-0.0048847198486328125,0,0,0,0,0,0,0,0,0,0,0,0,0,0,0,7
17929087490,87514121,87499,87499,3,0,0,0.6513776779174805,0,-0.0036630630493164062,0,-0.0048847198486328125,0,0,0,0,0,0,0,0,0,0,0,0,0,0,0,7
17933046852,87517123,87502,87502,3,0,0,0.6513776779174805,0,-0.0036630630493164062,0,-0.0048847198486328125,0,0,0,0,0,0,0,0,0,0,0,0,0,0,0,7
17937006214,87520120,87505,87505,3,0,0,0.6513776779174805,0,0.0036630630493164062,0,-0.014652252197265625,0,0,0,0,0,0,0,0,0,0,0,0,0,0,0,7
17940965576,87524120,87509,87509,3,0,0,0.6513776779174805,0,-0.0036630630493164062,0,-0.014652252197265625,0,0,0,0,0,0,0,0,0,0,0,0,0,0,0,7
17944924938,87527125,87512,87512,3,0,0,0.6513776779174805,0,-0.010989189147949219,0,-0.0048847198486328125,0,0,0,0,0,0,0,0,0,0,0,0,0,0,0,7
17948884300,87530122,87515,87515,3,0,0,0.6513776779174805,0,0.0036630630493164062,0,-0.0048847198486328125,0,0,0,0,0,0,0,0,0,0,0,0,0,0,0,7
17952573950,87536120,87521,87521,3,0,0,0.6513776779174805,0,-0.0036630630493164062,0,-0.0048847198486328125,0,0,0,0,0,0,0,0,0,0,0,0,0,0,0,7
17956263600,87539128,87524,87524,3,0,0,0.6513776779174805,0,-0.0036630630493164062,0,-0.014652252197265625,0,0,0,0,0,0,0,0,0,0,0,0,0,0,0,7
17959953250,87543121,87528,87528,3,0,0,0.6513776779174805,0,-0.010989189147949219,0,-0.0048847198486328125,0,0,0,0,0,0,0,0,0,0,0,0,0,0,0,7
17963642900,87546122,87531,87532,3,0,0,0.6513776779174805,0,-0.01831531524658203,0,-0.014652252197265625,0,0,0,0,0,0,0,0,0,0,0,0,0,0,0,7
17967332550,87549121,87534,87534,3,0,0,0.6513776779174805,0,0.010989189147949219,0,-0.014652252197265625,0,0,0,0,0,0,0,0,0,0,0,0,0,0,0,7
17971022200,87553128,87538,87538,3,0,0,0.6513776779174805,0,-0.0036630630493164062,0,-0.0048847198486328125,0,0,0,0,0,0,0,0,0,0,0,0,0,0,0,7
17974711850,87557121,87542,87542,3,0,0,0.6513776779174805,0,-0.010989189147949219,0,-0.0048847198486328125,0,0,0,0,0,0,0,0,0,0,0,0,0,0,0,7
17978401500,87560120,87545,87545,3,0,0,0.6509943008422852,0,-0.01831531524658203,0,-0.0048847198486328125,0,0,0,0,0,0,0,0,0,0,0,0,0,0,0,7
17982471825,87565129,87550,87550,3,0,0,0.6513776779174805,0,0.0036630630493164062,0,-0.0048847198486328125,0,0,0,0,0,0,0,0,0,0,0,0,0,0,0,7
17986542150,87567130,87552,87552,3,0,0,0.6513776779174805,0,-0.010989189147949219,0,-0.0048847198486328125,0,0,0,0,0,0,0,0,0,0,0,0,0,0,0,7
17990612475,87570120,87555,87555,3,0,0,0.6513776779174805,0,0.0036630630493164062,0,-0.0048847198486328125,0,0,0,0,0,0,0,0,0,0,0,0,0,0,0,7
17994682800,87573120,87558,87558,3,0,0,0.6513776779174805,0,-0.010989189147949219,0,-0.014652252197265625,0,0,0,0,0,0,0,0,0,0,0,0,0,0,0,7
17998753125,87578120,87563,87563,3,0,0,0.6513776779174805,0,0.010989189147949219,0,-0.014652252197265625,0,0,0,0,0,0,0,0,0,0,0,0,0,0,0,7
18002823450,87580122,87566,87566,3,0,0,0.6513776779174805,0,-0.010989189147949219,0,-0.014652252197265625,0,0,0,0,0,0,0,0,0,0,0,0,0,0,0,7
18006893775,87585129,87570,87570,3,0,0,0.6513776779174805,0,-0.0036630630493164062,0,-0.0048847198486328125,0,0,0,0,0,0,0,0,0,0,0,0,0,0,0,7
18010964100,87593121,87578,87578,3,0,0,0.6513776779174805,0,-0.010989189147949219,0,-0.014652252197265625,0,0,0,0,0,0,0,0,0,0,0,0,0,0,0,7
18014615490,87597125,87582,87582,3,0,0,0.6513776779174805,0,0.010989189147949219,0,-0.0048847198486328125,0,0,0,0,0,0,0,0,0,0,0,0,0,0,0,7
18018266875,87600133,87585,87585,3,0,0,0.6513776779174805,0,0.0036630630493164062,0,-0.0048847198486328125,0,0,0,0,0,0,0,0,0,0,0,0,0,0,0,7
18021918260,87604122,87590,87590,3,0,0,0.6513776779174805,0,-0.0036630630493164062,0,-0.014652252197265625,0,0,0,0,0,0,0,0,0,0,0,0,0,0,0,7
18025569645,87608121,87593,87593,3,0,0,0.6513776779174805,0,-0.010989189147949219,0,-0.014652252197265625,0,0,0,0,0,0,0,0,0,0,0,0,0,0,0,7
18029221030,87611125,87596,87596,3,0,0,0.6513776779174805,0,-0.01831531524658203,0,-0.014652252197265625,0,0,0,0,0,0,0,0,0,0,0,0,0,0,0,7
18032872415,87615129,87600,87600,3,0,0,0.6513776779174805,0,-0.0036630630493164062,0,-0.014652252197265625,0,0,0,0,0,0,0,0,0,0,0,0,0,0,0,7
18036523800,87618121,87603,87603,3,0,0,0.6513776779174805,0,0.0036630630493164062,0,-0.014652252197265625,0,0,0,0,0,0,0,0,0,0,0,0,0,0,0,7
18040334316,87626120,87611,87611,3,0,0,0.6509943008422852,0,-0.010989189147949219,0,-0.024419784545898438,0,0,0,0,0,0,0,0,0,0,0,0,0,0,0,7
18044144828,87628120,87613,87613,3,0,0,0.6513776779174805,0,0.0036630630493164062,0,-0.014652252197265625,0,0,0,0,0,0,0,0,0,0,0,0,0,0,0,7
18047955340,87630120,87615,87615,3,0,0,0.6513776779174805,0,-0.010989189147949219,0,-0.014652252197265625,0,0,0,0,0,0,0,0,0,0,0,0,0,0,0,7
18051765852,87634124,87619,87620,3,0,0,0.6513776779174805,0,-0.0036630630493164062,0,-0.0048847198486328125,0,0,0,0,0,0,0,0,0,0,0,0,0,0,0,7
18055576364,87637129,87622,87622,3,0,0,0.6513776779174805,0,-0.010989189147949219,0,-0.0048847198486328125,0,0,0,0,0,0,0,0,0,0,0,0,0,0,0,7
18059386876,87641120,87626,87626,3,0,0,0.6513776779174805,0,-0.010989189147949219,0,-0.0048847198486328125,0,0,0,0,0,0,0,0,0,0,0,0,0,0,0,7
18063197388,87644120,87629,87629,3,0,0,0.6513776779174805,0,0.0036630630493164062,0,-0.0048847198486328125,0,0,0,0,0,0,0,0,0,0,0,0,0,0,0,7
18067007900,87648120,87633,87633,3,0,0,0.6513776779174805,0,0.0036630630493164062,0,-0.0048847198486328125,0,0,0,0,0,0,0,0,0,0,0,0,0,0,0,7
18070891250,87654122,87639,87639,3,0,0,0.6513776779174805,0,-0.010989189147949219,0,-0.0048847198486328125,0,0,0,0,0,0,0,0,0,0,0,0,0,0,0,7
18074774600,87657121,87642,87642,3,0,0,0.6513776779174805,0,0.0036630630493164062,0,-0.014652252197265625,0,0,0,0,0,0,0,0,0,0,0,0,0,0,0,7
18078657950,87661121,87646,87646,3,0,0,0.6513776779174805,0,-0.0036630630493164062,0,-0.0048847198486328125,0,0,0,0,0,0,0,0,0,0,0,0,0,0,0,7
18082541300,87665137,87650,87650,3,0,0,0.6513776779174805,0,0.010989189147949219,0,-0.0048847198486328125,0,0,0,0,0,0,0,0,0,0,0,0,0,0,0,7
18086424650,87668120,87653,87653,3,0,0,0.6513776779174805,0,-0.010989189147949219,0,-0.0048847198486328125,0,0,0,0,0,0,0,0,0,0,0,0,0,0,0,7
18090308000,87671125,87656,87656,3,0,0,0.6513776779174805,0,-0.010989189147949219,0,-0.0048847198486328125,0,0,0,0,0,0,0,0,0,0,0,0,0,0,0,7
18094191350,87675131,87660,87660,3,0,0,0.6513776779174805,0,-0.0036630630493164062,0,-0.014652252197265625,0,0,0,0,0,0,0,0,0,0,0,0,0,0,0,7
18098074700,87678120,87664,87664,3,0,0,0.6509943008422852,0,-0.0036630630493164062,0,-0.014652252197265625,0,0,0,0,0,0,0,0,0,0,0,0,0,0,0,7
18101689016,87684120,87669,87670,3,0,0,0.6513776779174805,0,-0.010989189147949219,0,-0.014652252197265625,0,0,0,0,0,0,0,0,0,0,0,0,0,0,0,7
18105303328,87687124,87672,87672,3,0,0,0.6513776779174805,0,-0.0036630630493164062,0,-0.014652252197265625,0,0,0,0,0,0,0,0,0,0,0,0,0,0,0,7
18108917640,87691122,87676,87676,3,0,0,0.6513776779174805,0,0.0036630630493164062,0,-0.0048847198486328125,0,0,0,0,0,0,0,0,0,0,0,0,0,0,0,7
18112531952,87694135,87680,87680,3,0,0,0.6509943008422852,0,-0.01831531524658203,0,-0.014652252197265625,0,0,0,0,0,0,0,0,0,0,0,0,0,0,0,7
18116146264,87698120,87683,87683,3,0,0,0.6513776779174805,0,0.0036630630493164062,0,-0.014652252197265625,0,0,0,0,0,0,0,0,0,0,0,0,0,0,0,7
18119760576,87701123,87686,87686,3,0,0,0.6513776779174805,0,-0.010989189147949219,0,-0.0048847198486328125,0,0,0,0,0,0,0,0,0,0,0,0,0,0,0,7
18123374888,87705129,87690,87690,3,0,0,0.6513776779174805,0,-0.0036630630493164062,0,-0.0048847198486328125,0,0,0,0,0,0,0,0,0,0,0,0,0,0,0,7
18126989200,87709125,87694,87694,3,0,0,0.6513776779174805,0,-0.0036630630493164062,0,-0.014652252197265625,0,0,0,0,0,0,0,0,0,0,0,0,0,0,0,7
18131028941,87713120,87698,87698,3,0,0,0.6513776779174805,0,-0.01831531524658203,0,-0.0048847198486328125,0,0,0,0,0,0,0,0,0,0,0,0,0,0,0,7
18135068678,87716123,87701,87701,3,0,0,0.6513776779174805,0,-0.0036630630493164062,0,-0.0048847198486328125,0,0,0,0,0,0,0,0,0,0,0,0,0,0,0,7
18139108415,87718120,87703,87703,3,0,0,0.6513776779174805,0,-0.0036630630493164062,0,-0.0048847198486328125,0,0,0,0,0,0,0,0,0,0,0,0,0,0,0,7
18143148152,87721132,87706,87706,3,0,0,0.6513776779174805,0,0.010989189147949219,0,0.0048847198486328125,0,0,0,0,0,0,0,0,0,0,0,0,0,0,0,7
18147187889,87727121,87712,87712,3,0,0,0.6513776779174805,0,0.0036630630493164062,0,-0.0048847198486328125,0,0,0,0,0,0,0,0,0,0,0,0,0,0,0,7
18151227626,87730120,87715,87715,3,0,0,0.6513776779174805,0,-0.0036630630493164062,0,-0.014652252197265625,0,0,0,0,0,0,0,0,0,0,0,0,0,0,0,7
18155267363,87734120,87719,87719,3,0,0,0.6513776779174805,0,0.010989189147949219,0,-0.014652252197265625,0,0,0,0,0,0,0,0,0,0,0,0,0,0,0,7
18159307100,87737128,87722,87722,3,0,0,0.6513776779174805,0,0.010989189147949219,0,-0.0048847198486328125,0,0,0,0,0,0,0,0,0,0,0,0,0,0,0,7
18163588874,87748121,87733,87733,3,0,0,0.6513776779174805,0,-0.0036630630493164062,0,-0.0048847198486328125,0,0,0,0,0,0,0,0,0,0,0,0,0,0,0,7
18167870645,87751125,87736,87736,3,0,0,0.6513776779174805,0,-0.010989189147949219,0,-0.0048847198486328125,0,0,0,0,0,0,0,0,0,0,0,0,0,0,0,7
18172152416,87757121,87742,87742,3,0,0,0.6513776779174805,0,-0.0036630630493164062,0,-0.014652252197265625,0,0,0,0,0,0,0,0,0,0,0,0,0,0,0,7
18176434187,87760120,87745,87745,3,0,0,0.6513776779174805,0,0.010989189147949219,0,-0.014652252197265625,0,0,0,0,0,0,0,0,0,0,0,0,0,0,0,7
18180715958,87763128,87748,87748,3,0,0,0.6513776779174805,0,-0.010989189147949219,0,-0.014652252197265625,0,0,0,0,0,0,0,0,0,0,0,0,0,0,0,7
18184997729,87767121,87752,87752,3,0,0,0.6513776779174805,0,-0.0036630630493164062,0,-0.0048847198486328125,0,0,0,0,0,0,0,0,0,0,0,0,0,0,0,7
18189279500,87771121,87756,87756,3,0,0,0.6513776779174805,0,-0.0036630630493164062,0,-0.014652252197265625,0,0,0,0,0,0,0,0,0,0,0,0,0,0,0,7
18192501841,87776120,87761,87761,3,0,0,0.6513776779174805,0,-0.010989189147949219,0,-0.014652252197265625,0,0,0,0,0,0,0,0,0,0,0,0,0,0,0,7
18195724178,87779128,87764,87764,3,0,0,0.6513776779174805,0,0.0036630630493164062,0,-0.0048847198486328125,0,0,0,0,0,0,0,0,0,0,0,0,0,0,0,7
18198946515,87781120,87767,87767,3,0,0,0.6513776779174805,0,-0.010989189147949219,0,-0.014652252197265625,0,0,0,0,0,0,0,0,0,0,0,0,0,0,0,7
18202168852,87784120,87769,87769,3,0,0,0.6513776779174805,0,-0.0036630630493164062,0,-0.014652252197265625,0,0,0,0,0,0,0,0,0,0,0,0,0,0,0,7
18205391189,87787125,87772,87772,3,0,0,0.6513776779174805,0,-0.0036630630493164062,0,-0.0048847198486328125,0,0,0,0,0,0,0,0,0,0,0,0,0,0,0,7
18208613526,87790120,87775,87775,3,0,0,0.6513776779174805,0,0.0036630630493164062,0,-0.0048847198486328125,0,0,0,0,0,0,0,0,0,0,0,0,0,0,0,7
18211835863,87793125,87778,87778,3,0,0,0.6513776779174805,0,0.0036630630493164062,0,-0.014652252197265625,0,0,0,0,0,0,0,0,0,0,0,0,0,0,0,7
18215058200,87796121,87781,87781,3,0,0,0.6513776779174805,0,0.0036630630493164062,0,-0.0048847198486328125,0,0,0,0,0,0,0,0,0,0,0,0,0,0,0,7
18219046291,87802120,87787,87787,3,0,0,0.6513776779174805,0,-0.010989189147949219,0,-0.014652252197265625,0,0,0,0,0,0,0,0,0,0,0,0,0,0,0,7
18223034378,87804120,87789,87789,3,0,0,0.6513776779174805,0,0.0036630630493164062,0,-0.0048847198486328125,0,0,0,0,0,0,0,0,0,0,0,0,0,0,0,7
18227022465,87807127,87792,87792,3,0,0,0.6513776779174805,0,-0.010989189147949219,0,-0.014652252197265625,0,0,0,0,0,0,0,0,0,0,0,0,0,0,0,7
18231010552,87810120,87795,87795,3,0,0,0.6513776779174805,0,-0.0036630630493164062,0,-0.014652252197265625,0,0,0,0,0,0,0,0,0,0,0,0,0,0,0,7
18234998639,87813120,87798,87798,3,0,0,0.6513776779174805,0,0.0036630630493164062,0,-0.014652252197265625,0,0,0,0,0,0,0,0,0,0,0,0,0,0,0,7
18238986726,87821125,87806,87806,3,0,0,0.6513776779174805,0,-0.0036630630493164062,0,-0.014652252197265625,0,0,0,0,0,0,0,0,0,0,0,0,0,0,0,7
18242974813,87825129,87810,87810,3,0,0,0.6513776779174805,0,0.0036630630493164062,0,-0.0048847198486328125,0,0,0,0,0,0,0,0,0,0,0,0,0,0,0,7
18246962900,87828122,87813,87813,3,0,0,0.6513776779174805,0,-0.0036630630493164062,0,-0.014652252197265625,0,0,0,0,0,0,0,0,0,0,0,0,0,0,0,7
18250502225,87834135,87819,87819,3,0,0,0.6513776779174805,0,-0.0036630630493164062,0,-0.014652252197265625,0,0,0,0,0,0,0,0,0,0,0,0,0,0,0,7
18254041550,87837125,87822,87822,3,0,0,0.6513776779174805,0,-0.0036630630493164062,0,-0.014652252197265625,0,0,0,0,0,0,0,0,0,0,0,0,0,0,0,7
18257580875,87841123,87826,87826,3,0,0,0.6513776779174805,0,-0.0036630630493164062,0,-0.0048847198486328125,0,0,0,0,0,0,0,0,0,0,0,0,0,0,0,7
18261120200,87844120,87829,87829,3,0,0,0.6513776779174805,0,-0.010989189147949219,0,-0.0048847198486328125,0,0,0,0,0,0,0,0,0,0,0,0,0,0,0,7
18264659525,87848135,87833,87833,3,0,0,0.6513776779174805,0,-0.010989189147949219,0,-0.014652252197265625,0,0,0,0,0,0,0,0,0,0,0,0,0,0,0,7
18268198850,87851121,87836,87836,3,0,0,0.6513776779174805,0,-0.0036630630493164062,0,-0.014652252197265625,0,0,0,0,0,0,0,0,0,0,0,0,0,0,0,7
18271738175,87854120,87840,87840,3,0,0,0.6513776779174805,0,-0.010989189147949219,0,-0.014652252197265625,0,0,0,0,0,0,0,0,0,0,0,0,0,0,0,7
18275277500,87857123,87842,87842,3,0,0,0.6513776779174805,0,0.0036630630493164062,0,-0.014652252197265625,0,0,0,0,0,0,0,0,0,0,0,0,0,0,0,7
18279787775,87867121,87852,87852,3,0,0,0.6513776779174805,0,-0.010989189147949219,0,-0.014652252197265625,0,0,0,0,0,0,0,0,0,0,0,0,0,0,0,7
18284298050,87870122,87855,87855,3,0,0,0.6513776779174805,0,-0.0036630630493164062,0,-0.0048847198486328125,0,0,0,0,0,0,0,0,0,0,0,0,0,0,0,7
18288808325,87874123,87859,87859,3,0,0,0.6513776779174805,0,0.0036630630493164062,0,-0.0048847198486328125,0,0,0,0,0,0,0,0,0,0,0,0,0,0,0,7
18293318600,87877125,87862,87862,3,0,0,0.6513776779174805,0,0.0036630630493164062,0,-0.0048847198486328125,0,0,0,0,0,0,0,0,0,0,0,0,0,0,0,7
18297828875,87880120,87865,87865,3,0,0,0.6513776779174805,0,0.0036630630493164062,0,-0.014652252197265625,0,0,0,0,0,0,0,0,0,0,0,0,0,0,0,7
18302339150,87884120,87869,87869,3,0,0,0.6513776779174805,0,0.0036630630493164062,0,-0.0048847198486328125,0,0,0,0,0,0,0,0,0,0,0,0,0,0,0,7
18306849425,87888120,87873,87873,3,0,0,0.6513776779174805,0,-0.0036630630493164062,0,-0.0048847198486328125,0,0,0,0,0,0,0,0,0,0,0,0,0,0,0,7
18311359700,87893121,87878,87878,3,0,0,0.6513776779174805,0,0.0036630630493164062,0,-0.0048847198486328125,0,0,0,0,0,0,0,0,0,0,0,0,0,0,0,7
18314263925,87898121,87883,87883,3,0,0,0.6513776779174805,0,-0.010989189147949219,0,-0.0048847198486328125,0,0,0,0,0,0,0,0,0,0,0,0,0,0,0,7
18317168150,87900129,87885,87885,3,0,0,0.6513776779174805,0,-0.010989189147949219,0,-0.0048847198486328125,0,0,0,0,0,0,0,0,0,0,0,0,0,0,0,7
18320072375,87902120,87887,87887,3,0,0,0.6513776779174805,0,0.0036630630493164062,0,-0.014652252197265625,0,0,0,0,0,0,0,0,0,0,0,0,0,0,0,7
18322976600,87906120,87891,87891,3,0,0,0.6513776779174805,0,-0.0036630630493164062,0,-0.0048847198486328125,0,0,0,0,0,0,0,0,0,0,0,0,0,0,0,7
18325880825,87909121,87894,87894,3,0,0,0.6513776779174805,0,0.0036630630493164062,0,-0.0048847198486328125,0,0,0,0,0,0,0,0,0,0,0,0,0,0,0,7
18328785050,87912120,87897,87897,3,0,0,0.6513776779174805,0,-0.010989189147949219,0,-0.014652252197265625,0,0,0,0,0,0,0,0,0,0,0,0,0,0,0,7
18331689275,87914121,87899,87900,3,0,0,0.6513776779174805,0,-0.01831531524658203,0,-0.014652252197265625,0,0,0,0,0,0,0,0,0,0,0,0,0,0,0,7
18334593500,87917129,87902,87902,3,0,0,0.6513776779174805,0,0.0036630630493164062,0,-0.014652252197265625,0,0,0,0,0,0,0,0,0,0,0,0,0,0,0,7
18338193591,87920121,87905,87905,3,0,0,0.6513776779174805,0,-0.0036630630493164062,0,-0.0048847198486328125,0,0,0,0,0,0,0,0,0,0,0,0,0,0,0,7
18341793678,87924124,87909,87909,3,0,0,0.6513776779174805,0,-0.010989189147949219,0,-0.0048847198486328125,0,0,0,0,0,0,0,0,0,0,0,0,0,0,0,7
18345393765,87927121,87912,87912,3,0,0,0.6509943008422852,0,-0.010989189147949219,0,-0.014652252197265625,0,0,0,0,0,0,0,0,0,0,0,0,0,0,0,7
18348993852,87930120,87915,87915,3,0,0,0.6513776779174805,0,-0.0036630630493164062,0,-0.0048847198486328125,0,0,0,0,0,0,0,0,0,0,0,0,0,0,0,7
18352593939,87934120,87919,87919,3,0,0,0.6513776779174805,0,-0.010989189147949219,0,-0.0048847198486328125,0,0,0,0,0,0,0,0,0,0,0,0,0,0,0,7
18356194026,87938121,87923,87923,3,0,0,0.6513776779174805,0,-0.010989189147949219,0,-0.0048847198486328125,0,0,0,0,0,0,0,0,0,0,0,0,0,0,0,7
18359794113,87942120,87927,87927,3,0,0,0.6509943008422852,0,-0.0036630630493164062,0,-0.014652252197265625,0,0,0,0,0,0,0,0,0,0,0,0,0,0,0,7
18363394200,87945141,87930,87930,3,0,0,0.6513776779174805,0,-0.010989189147949219,0,-0.0048847198486328125,0,0,0,0,0,0,0,0,0,0,0,0,0,0,0,7
18367336441,87950128,87935,87935,3,0,0,0.6513776779174805,0,-0.0036630630493164062,0,-0.0048847198486328125,0,0,0,0,0,0,0,0,0,0,0,0,0,0,0,7
18371278678,87954121,87939,87939,3,0,0,0.6509943008422852,0,-0.0036630630493164062,0,-0.0048847198486328125,0,0,0,0,0,0,0,0,0,0,0,0,0,0,0,7
18375220915,87957124,87942,87942,3,0,0,0.6513776779174805,0,-0.010989189147949219,0,-0.014652252197265625,0,0,0,0,0,0,0,0,0,0,0,0,0,0,0,7
18379163152,87960135,87945,87945,3,0,0,0.6513776779174805,0,-0.0036630630493164062,0,-0.0048847198486328125,0,0,0,0,0,0,0,0,0,0,0,0,0,0,0,7
18383105389,87964121,87949,87949,3,0,0,0.6513776779174805,0,0.010989189147949219,0,-0.0048847198486328125,0,0,0,0,0,0,0,0,0,0,0,0,0,0,0,7
18387047626,87969124,87954,87954,3,0,0,0.6513776779174805,0,-0.0036630630493164062,0,-0.0048847198486328125,0,0,0,0,0,0,0,0,0,0,0,0,0,0,0,7
18390989863,87972120,87957,87958,3,0,0,0.6513776779174805,0,-0.010989189147949219,0,-0.014652252197265625,0,0,0,0,0,0,0,0,0,0,0,0,0,0,0,7
18394932100,87976120,87961,87961,3,0,0,0.6513776779174805,0,0.0036630630493164062,0,-0.0048847198486328125,0,0,0,0,0,0,0,0,0,0,0,0,0,0,0,7
18398747475,87985129,87970,87970,3,0,0,0.6513776779174805,0,-0.010989189147949219,0,-0.0048847198486328125,0,0,0,0,0,0,0,0,0,0,0,0,0,0,0,7
18402562850,87988135,87973,87973,3,0,0,0.6513776779174805,0,-0.010989189147949219,0,-0.0048847198486328125,0,0,0,0,0,0,0,0,0,0,0,0,0,0,0,7
18406378225,87991121,87976,87976,3,0,0,0.6513776779174805,0,-0.0036630630493164062,0,-0.014652252197265625,0,0,0,0,0,0,0,0,0,0,0,0,0,0,0,7
18410193600,87994122,87979,87979,3,0,0,0.6513776779174805,0,-0.010989189147949219,0,-0.0048847198486328125,0,0,0,0,0,0,0,0,0,0,0,0,0,0,0,7
18414008975,87997121,87982,87982,3,0,0,0.6513776779174805,0,0.0036630630493164062,0,-0.0048847198486328125,0,0,0,0,0,0,0,0,0,0,0,0,0,0,0,7
18417824350,88000129,87985,87985,3,0,0,0.6513776779174805,0,0.0036630630493164062,0,-0.014652252197265625,0,0,0,0,0,0,0,0,0,0,0,0,0,0,0,7
18421639725,88003125,87988,87988,3,0,0,0.6513776779174805,0,-0.010989189147949219,0,-0.014652252197265625,0,0,0,0,0,0,0,0,0,0,0,0,0,0,0,7
18425455100,88006124,87991,87991,3,0,0,0.6513776779174805,0,-0.0036630630493164062,0,-0.014652252197265625,0,0,0,0,0,0,0,0,0,0,0,0,0,0,0,7
18429225616,88012122,87997,87997,3,0,0,0.6513776779174805,0,-0.010989189147949219,0,-0.0048847198486328125,0,0,0,0,0,0,0,0,0,0,0,0,0,0,0,7
18432996128,88015138,88000,88000,3,0,0,0.6513776779174805,0,0.0036630630493164062,0,-0.014652252197265625,0,0,0,0,0,0,0,0,0,0,0,0,0,0,0,7
18436766640,88018120,88003,88003,3,0,0,0.6509943008422852,0,-0.010989189147949219,0,-0.0048847198486328125,0,0,0,0,0,0,0,0,0,0,0,0,0,0,0,7
18440537152,88023123,88008,88008,3,0,0,0.6513776779174805,0,0.010989189147949219,0,-0.0048847198486328125,0,0,0,0,0,0,0,0,0,0,0,0,0,0,0,7
18444307664,88026120,88011,88011,3,0,0,0.6513776779174805,0,-0.0036630630493164062,0,-0.0048847198486328125,0,0,0,0,0,0,0,0,0,0,0,0,0,0,0,7
18448078176,88029128,88014,88014,3,0,0,0.6513776779174805,0,-0.0036630630493164062,0,-0.0048847198486328125,0,0,0,0,0,0,0,0,0,0,0,0,0,0,0,7
18451848688,88033121,88018,88018,3,0,0,0.6513776779174805,0,-0.01831531524658203,0,-0.014652252197265625,0,0,0,0,0,0,0,0,0,0,0,0,0,0,0,7
18455619200,88036121,88021,88021,3,0,0,0.6509943008422852,0,-0.010989189147949219,0,-0.0048847198486328125,0,0,0,0,0,0,0,0,0,0,0,0,0,0,0,7
18459257541,88042120,88027,88027,3,0,0,0.6513776779174805,0,-0.0036630630493164062,0,-0.014652252197265625,0,0,0,0,0,0,0,0,0,0,0,0,0,0,0,7
18462895878,88047121,88032,88032,3,0,0,0.6513776779174805,0,-0.010989189147949219,0,-0.0048847198486328125,0,0,0,0,0,0,0,0,0,0,0,0,0,0,0,7
18466534215,88050128,88035,88035,3,0,0,0.6513776779174805,0,-0.0036630630493164062,0,-0.014652252197265625,0,0,0,0,0,0,0,0,0,0,0,0,0,0,0,7
18470172552,88053121,88038,88038,3,0,0,0.6509943008422852,0,-0.01831531524658203,0,-0.014652252197265625,0,0,0,0,0,0,0,0,0,0,0,0,0,0,0,7
18473810889,88057128,88042,88042,3,0,0,0.6513776779174805,0,0.010989189147949219,0,-0.014652252197265625,0,0,0,0,0,0,0,0,0,0,0,0,0,0,0,7
18477449226,88060122,88045,88045,3,0,0,0.6509943008422852,0,-0.010989189147949219,0,-0.014652252197265625,0,0,0,0,0,0,0,0,0,0,0,0,0,0,0,7
18481087563,88063120,88048,88048,3,0,0,0.6513776779174805,0,-0.010989189147949219,0,-0.014652252197265625,0,0,0,0,0,0,0,0,0,0,0,0,0,0,0,7
18484725900,88066120,88051,88051,3,0,0,0.6513776779174805,0,0.010989189147949219,0,-0.0048847198486328125,0,0,0,0,0,0,0,0,0,0,0,0,0,0,0,7
18487544141,88071128,88056,88056,3,0,0,0.6513776779174805,0,-0.01831531524658203,0,-0.0048847198486328125,0,0,0,0,0,0,0,0,0,0,0,0,0,0,0,7
18490362378,88074120,88059,88059,3,0,0,0.6513776779174805,0,0.0036630630493164062,0,-0.014652252197265625,0,0,0,0,0,0,0,0,0,0,0,0,0,0,0,7
18493180615,88077125,88062,88062,3,0,0,0.6513776779174805,0,0.0036630630493164062,0,-0.0048847198486328125,0,0,0,0,0,0,0,0,0,0,0,0,0,0,0,7
18495998852,88079121,88064,88064,3,0,0,0.6513776779174805,0,-0.0036630630493164062,0,-0.0048847198486328125,0,0,0,0,0,0,0,0,0,0,0,0,0,0,0,7
18498817089,88082120,88067,88067,3,0,0,0.6513776779174805,0,-0.01831531524658203,0,-0.014652252197265625,0,0,0,0,0,0,0,0,0,0,0,0,0,0,0,7
18501635326,88084120,88069,88069,3,0,0,0.6513776779174805,0,-0.0036630630493164062,0,-0.0048847198486328125,0,0,0,0,0,0,0,0,0,0,0,0,0,0,0,7
18504453563,88086137,88071,88071,3,0,0,0.6513776779174805,0,0.0036630630493164062,0,-0.0048847198486328125,0,0,0,0,0,0,0,0,0,0,0,0,0,0,0,7
18507271800,88089123,88074,88074,3,0,0,0.6513776779174805,0,0.0036630630493164062,0,-0.0048847198486328125,0,0,0,0,0,0,0,0,0,0,0,0,0,0,0,7
18511744900,88098124,88084,88084,3,0,0,0.6513776779174805,0,-0.0036630630493164062,0,-0.014652252197265625,0,0,0,0,0,0,0,0,0,0,0,0,0,0,0,7
18516218000,88102122,88087,88087,3,0,0,0.6513776779174805,0,-0.010989189147949219,0,-0.014652252197265625,0,0,0,0,0,0,0,0,0,0,0,0,0,0,0,7
18520691100,88107121,88092,88092,3,0,0,0.6513776779174805,0,-0.010989189147949219,0,-0.014652252197265625,0,0,0,0,0,0,0,0,0,0,0,0,0,0,0,7
18525164200,88110122,88095,88095,3,0,0,0.6513776779174805,0,-0.0036630630493164062,0,-0.0048847198486328125,0,0,0,0,0,0,0,0,0,0,0,0,0,0,0,7
18529637300,88113128,88098,88098,3,0,0,0.6513776779174805,0,-0.010989189147949219,0,-0.014652252197265625,0,0,0,0,0,0,0,0,0,0,0,0,0,0,0,7
18534110400,88117121,88102,88102,3,0,0,0.6513776779174805,0,-0.0036630630493164062,0,-0.014652252197265625,0,0,0,0,0,0,0,0,0,0,0,0,0,0,0,7
18538583500,88121120,88106,88106,3,0,0,0.6513776779174805,0,0.0036630630493164062,0,-0.014652252197265625,0,0,0,0,0,0,0,0,0,0,0,0,0,0,0,7
18543056600,88125129,88110,88110,3,0,0,0.6513776779174805,0,-0.010989189147949219,0,-0.0048847198486328125,0,0,0,0,0,0,0,0,0,0,0,0,0,0,0,7
18546980148,88130120,88115,88115,3,0,0,0.6513776779174805,0,-0.0036630630493164062,0,-0.0048847198486328125,0,0,0,0,0,0,0,0,0,0,0,0,0,0,0,7
18550903690,88132121,88118,88118,3,0,0,0.6513776779174805,0,-0.010989189147949219,0,-0.0048847198486328125,0,0,0,0,0,0,0,0,0,0,0,0,0,0,0,7
18554827232,88135133,88120,88120,3,0,0,0.6513776779174805,0,-0.0036630630493164062,0,-0.0048847198486328125,0,0,0,0,0,0,0,0,0,0,0,0,0,0,0,7
18558750774,88139123,88124,88124,3,0,0,0.6513776779174805,0,0.010989189147949219,0,-0.0048847198486328125,0,0,0,0,0,0,0,0,0,0,0,0,0,0,0,7
18562674316,88143128,88128,88128,3,0,0,0.6513776779174805,0,-0.010989189147949219,0,-0.0048847198486328125,0,0,0,0,0,0,0,0,0,0,0,0,0,0,0,7
18566597858,88147122,88132,88132,3,0,0,0.6509943008422852,0,-0.0036630630493164062,0,-0.0048847198486328125,0,0,0,0,0,0,0,0,0,0,0,0,0,0,0,7
18570521400,88150128,88135,88135,3,0,0,0.6513776779174805,0,0.010989189147949219,0,-0.014652252197265625,0,0,0,0,0,0,0,0,0,0,0,0,0,0,0,7
18574487816,88158120,88143,88143,3,0,0,0.6509943008422852,0,-0.0036630630493164062,0,-0.0048847198486328125,0,0,0,0,0,0,0,0,0,0,0,0,0,0,0,7
18578454228,88161121,88146,88146,3,0,0,0.6513776779174805,0,0.010989189147949219,0,-0.014652252197265625,0,0,0,0,0,0,0,0,0,0,0,0,0,0,0,7
18582420640,88165129,88150,88150,3,0,0,0.6513776779174805,0,0.0036630630493164062,0,-0.014652252197265625,0,0,0,0,0,0,0,0,0,0,0,0,0,0,0,7
18586387052,88169132,88154,88154,3,0,0,0.6513776779174805,0,-0.010989189147949219,0,-0.014652252197265625,0,0,0,0,0,0,0,0,0,0,0,0,0,0,0,7
18590353464,88173121,88158,88158,3,0,0,0.6513776779174805,0,-0.0036630630493164062,0,-0.014652252197265625,0,0,0,0,0,0,0,0,0,0,0,0,0,0,0,7
18594319876,88175129,88160,88161,3,0,0,0.6513776779174805,0,-0.0036630630493164062,0,-0.0048847198486328125,0,0,0,0,0,0,0,0,0,0,0,0,0,0,0,7
18598286288,88179121,88164,88164,3,0,0,0.6513776779174805,0,-0.010989189147949219,0,-0.0048847198486328125,0,0,0,0,0,0,0,0,0,0,0,0,0,0,0,7
18602252700,88182120,88167,88168,3,0,0,0.6513776779174805,0,-0.0036630630493164062,0,-0.014652252197265625,0,0,0,0,0,0,0,0,0,0,0,0,0,0,0,7
18609802250,88190120,88175,88175,3,0,0,0.6513776779174805,0,-0.010989189147949219,0,-0.014652252197265625,0,0,0,0,0,0,0,0,0,0,0,0,0,0,0,7
18616310481,88193124,88178,88178,3,0,0,0.6513776779174805,0,-0.01831531524658203,0,-0.0048847198486328125,0,0,0,0,0,0,0,0,0,0,0,0,0,0,0,7
18622818712,88196121,88181,88181,3,0,0,0.6513776779174805,0,0.010989189147949219,0,-0.0048847198486328125,0,0,0,0,0,0,0,0,0,0,0,0,0,0,0,7
18629326943,88211128,88196,88196,3,0,0,0.6513776779174805,0,-0.0036630630493164062,0,-0.0048847198486328125,0,0,0,0,0,0,0,0,0,0,0,0,0,0,0,7
18635835174,88228120,88213,88213,3,0,0,0.6513776779174805,0,0.0036630630493164062,0,-0.0048847198486328125,0,0,0,0,0,0,0,0,0,0,0,0,0,0,0,7
18642343405,88239131,88224,88224,3,0,0,0.6509943008422852,0,-0.010989189147949219,0,-0.0048847198486328125,0,0,0,0,0,0,0,0,0,0,0,0,0,0,0,7
18648851636,88242122,88227,88227,3,0,0,0.6513776779174805,0,-0.0036630630493164062,0,-0.014652252197265625,0,0,0,0,0,0,0,0,0,0,0,0,0,0,0,7
18655359867,88245129,88230,88230,3,0,0,0.6513776779174805,0,0.0036630630493164062,0,-0.014652252197265625,0,0,0,0,0,0,0,0,0,0,0,0,0,0,0,7
18661868098,88252123,88237,88237,3,0,0,0.6513776779174805,0,-0.010989189147949219,0,-0.0048847198486328125,0,0,0,0,0,0,0,0,0,0,0,0,0,0,0,7
18668376329,88256120,88241,88241,3,0,0,0.6513776779174805,0,-0.0036630630493164062,0,-0.014652252197265625,0,0,0,0,0,0,0,0,0,0,0,0,0,0,0,7
18674884560,88260120,88245,88245,3,0,0,0.6513776779174805,0,-0.0036630630493164062,0,-0.014652252197265625,0,0,0,0,0,0,0,0,0,0,0,0,0,0,0,7
18681392791,88263122,88248,88248,3,0,0,0.6513776779174805,0,-0.0036630630493164062,0,-0.014652252197265625,0,0,0,0,0,0,0,0,0,0,0,0,0,0,0,7
18685179048,88268138,88253,88253,3,0,0,0.6513776779174805,0,-0.01831531524658203,0,-0.0048847198486328125,0,0,0,0,0,0,0,0,0,0,0,0,0,0,0,7
18688965290,88271122,88256,88256,3,0,0,0.6513776779174805,0,-0.0036630630493164062,0,-0.0048847198486328125,0,0,0,0,0,0,0,0,0,0,0,0,0,0,0,7
18692751532,88277121,88262,88262,3,0,0,0.6513776779174805,0,0.0036630630493164062,0,-0.0048847198486328125,0,0,0,0,0,0,0,0,0,0,0,0,0,0,0,7
18696537774,88281129,88266,88266,3,0,0,0.6509943008422852,0,0.0036630630493164062,0,-0.0048847198486328125,0,0,0,0,0,0,0,0,0,0,0,0,0,0,0,7
18700324016,88284122,88269,88269,3,0,0,0.6513776779174805,0,0.0036630630493164062,0,-0.014652252197265625,0,0,0,0,0,0,0,0,0,0,0,0,0,0,0,7
18704110258,88287120,88272,88272,3,0,0,0.6513776779174805,0,-0.010989189147949219,0,-0.014652252197265625,0,0,0,0,0,0,0,0,0,0,0,0,0,0,0,7
18707896500,88290120,88275,88275,3,0,0,0.6513776779174805,0,-0.010989189147949219,0,-0.014652252197265625,0,0,0,0,0,0,0,0,0,0,0,0,0,0,0,7
18711139741,88294120,88279,88279,3,0,0,0.6513776779174805,0,-0.0036630630493164062,0,-0.014652252197265625,0,0,0,0,0,0,0,0,0,0,0,0,0,0,0,7
18714382978,88297125,88282,88282,3,0,0,0.6513776779174805,0,0.010989189147949219,0,-0.0048847198486328125,0,0,0,0,0,0,0,0,0,0,0,0,0,0,0,7
18717626215,88299121,88284,88284,3,0,0,0.6513776779174805,0,-0.010989189147949219,0,-0.014652252197265625,0,0,0,0,0,0,0,0,0,0,0,0,0,0,0,7
18720869452,88302120,88287,88287,3,0,0,0.6513776779174805,0,-0.0036630630493164062,0,-0.014652252197265625,0,0,0,0,0,0,0,0,0,0,0,0,0,0,0,7
18724112689,88306120,88291,88291,3,0,0,0.6513776779174805,0,-0.010989189147949219,0,-0.0048847198486328125,0,0,0,0,0,0,0,0,0,0,0,0,0,0,0,7
18727355926,88309133,88294,88294,3,0,0,0.6513776779174805,0,-0.0036630630493164062,0,-0.0048847198486328125,0,0,0,0,0,0,0,0,0,0,0,0,0,0,0,7
18730599163,88312120,88297,88297,3,0,0,0.6513776779174805,0,0.0036630630493164062,0,-0.0048847198486328125,0,0,0,0,0,0,0,0,0,0,0,0,0,0,0,7
18733842400,88316120,88301,88301,3,0,0,0.6513776779174805,0,-0.010989189147949219,0,-0.014652252197265625,0,0,0,0,0,0,0,0,0,0,0,0,0,0,0,7
18736656975,88320121,88305,88305,3,0,0,0.6513776779174805,0,-0.0036630630493164062,0,-0.014652252197265625,0,0,0,0,0,0,0,0,0,0,0,0,0,0,0,7
18739471550,88324134,88309,88309,3,0,0,0.6513776779174805,0,0.0036630630493164062,0,-0.0048847198486328125,0,0,0,0,0,0,0,0,0,0,0,0,0,0,0,7
18742286125,88326120,88311,88311,3,0,0,0.6513776779174805,0,-0.010989189147949219,0,-0.0048847198486328125,0,0,0,0,0,0,0,0,0,0,0,0,0,0,0,7
18745100700,88328121,88314,88314,3,0,0,0.6513776779174805,0,-0.010989189147949219,0,-0.0048847198486328125,0,0,0,0,0,0,0,0,0,0,0,0,0,0,0,7
18747915275,88331121,88316,88316,3,0,0,0.6513776779174805,0,-0.0036630630493164062,0,-0.0048847198486328125,0,0,0,0,0,0,0,0,0,0,0,0,0,0,0,7
18750729850,88333121,88318,88318,3,0,0,0.6513776779174805,0,-0.010989189147949219,0,-0.0048847198486328125,0,0,0,0,0,0,0,0,0,0,0,0,0,0,0,7
18753544425,88337128,88322,88322,3,0,0,0.6513776779174805,0,0.0036630630493164062,0,-0.0048847198486328125,0,0,0,0,0,0,0,0,0,0,0,0,0,0,0,7
18756359000,88339124,88324,88324,3,0,0,0.6513776779174805,0,-0.010989189147949219,0,-0.0048847198486328125,0,0,0,0,0,0,0,0,0,0,0,0,0,0,0,7
18763066900,88342122,88327,88327,3,0,0,0.6509943008422852,0,-0.01831531524658203,0,-0.0048847198486328125,0,0,0,0,0,0,0,0,0,0,0,0,0,0,0,7
18768447363,88344120,88329,88330,3,0,0,0.6513776779174805,0,-0.0036630630493164062,0,-0.0048847198486328125,0,0,0,0,0,0,0,0,0,0,0,0,0,0,0,7
18773827826,88360120,88345,88345,3,0,0,0.6513776779174805,0,-0.0036630630493164062,0,-0.014652252197265625,0,0,0,0,0,0,0,0,0,0,0,0,0,0,0,7
18779208289,88374120,88359,88359,3,0,0,0.6513776779174805,0,0.010989189147949219,0,-0.014652252197265625,0,0,0,0,0,0,0,0,0,0,0,0,0,0,0,7
18784588752,88378121,88363,88363,3,0,0,0.6513776779174805,0,-0.010989189147949219,0,-0.0048847198486328125,0,0,0,0,0,0,0,0,0,0,0,0,0,0,0,7
18789969215,88381125,88366,88366,3,0,0,0.6513776779174805,0,-0.0036630630493164062,0,-0.014652252197265625,0,0,0,0,0,0,0,0,0,0,0,0,0,0,0,7
18795349678,88387123,88372,88372,3,0,0,0.6513776779174805,0,-0.010989189147949219,0,-0.0048847198486328125,0,0,0,0,0,0,0,0,0,0,0,0,0,0,0,7
18800730141,88392122,88377,88377,3,0,0,0.6513776779174805,0,-0.025641441345214844,0,-0.014652252197265625,0,0,0,0,0,0,0,0,0,0,0,0,0,0,0,7
18806110604,88398120,88383,88383,3,0,0,0.6513776779174805,0,-0.0036630630493164062,0,-0.0048847198486328125,0,0,0,0,0,0,0,0,0,0,0,0,0,0,0,7
18811491067,88400131,88385,88385,3,0,0,0.6513776779174805,0,-0.010989189147949219,0,-0.0048847198486328125,0,0,0,0,0,0,0,0,0,0,0,0,0,0,0,7
18816871530,88402120,88387,88387,3,0,0,0.6513776779174805,0,-0.010989189147949219,0,-0.014652252197265625,0,0,0,0,0,0,0,0,0,0,0,0,0,0,0,7
18822251993,88404124,88389,88389,3,0,0,0.6513776779174805,0,-0.010989189147949219,0,-0.0048847198486328125,0,0,0,0,0,0,0,0,0,0,0,0,0,0,0,7
18824867691,88409128,88394,88394,3,0,0,0.6513776779174805,0,0.0036630630493164062,0,-0.0048847198486328125,0,0,0,0,0,0,0,0,0,0,0,0,0,0,0,7
18827483378,88411121,88396,88396,3,0,0,0.6513776779174805,0,0.0036630630493164062,0,-0.0048847198486328125,0,0,0,0,0,0,0,0,0,0,0,0,0,0,0,7
18830099065,88413120,88398,88398,3,0,0,0.6513776779174805,0,-0.0036630630493164062,0,-0.0048847198486328125,0,0,0,0,0,0,0,0,0,0,0,0,0,0,0,7
18832714752,88415129,88400,88400,3,0,0,0.6513776779174805,0,-0.010989189147949219,0,-0.0048847198486328125,0,0,0,0,0,0,0,0,0,0,0,0,0,0,0,7
18835330439,88417124,88402,88402,3,0,0,0.6513776779174805,0,-0.0036630630493164062,0,-0.014652252197265625,0,0,0,0,0,0,0,0,0,0,0,0,0,0,0,7
18837946126,88420120,88405,88405,3,0,0,0.6513776779174805,0,-0.0036630630493164062,0,-0.0048847198486328125,0,0,0,0,0,0,0,0,0,0,0,0,0,0,0,7
18840561813,88423125,88408,88408,3,0,0,0.6513776779174805,0,-0.01831531524658203,0,-0.0048847198486328125,0,0,0,0,0,0,0,0,0,0,0,0,0,0,0,7
18843177500,88425133,88410,88410,3,0,0,0.6513776779174805,0,-0.0036630630493164062,0,-0.0048847198486328125,0,0,0,0,0,0,0,0,0,0,0,0,0,0,0,7
18845832775,88429122,88414,88414,3,0,0,0.6513776779174805,0,-0.0036630630493164062,0,-0.0048847198486328125,0,0,0,0,0,0,0,0,0,0,0,0,0,0,0,7
18848488050,88431121,88416,88416,3,0,0,0.6513776779174805,0,-0.010989189147949219,0,-0.0048847198486328125,0,0,0,0,0,0,0,0,0,0,0,0,0,0,0,7
18851143325,88433124,88418,88418,3,0,0,0.6513776779174805,0,-0.0036630630493164062,0,-0.014652252197265625,0,0,0,0,0,0,0,0,0,0,0,0,0,0,0,7
18853798600,88435137,88420,88420,3,0,0,0.6513776779174805,0,0.010989189147949219,0,-0.014652252197265625,0,0,0,0,0,0,0,0,0,0,0,0,0,0,0,7
18856453875,88437126,88422,88422,3,0,0,0.6513776779174805,0,-0.010989189147949219,0,-0.014652252197265625,0,0,0,0,0,0,0,0,0,0,0,0,0,0,0,7
18859109150,88440120,88425,88425,3,0,0,0.6513776779174805,0,-0.0036630630493164062,0,-0.014652252197265625,0,0,0,0,0,0,0,0,0,0,0,0,0,0,0,7
18861764425,88444120,88429,88429,3,0,0,0.6513776779174805,0,-0.0036630630493164062,0,-0.014652252197265625,0,0,0,0,0,0,0,0,0,0,0,0,0,0,0,7
18864419700,88446124,88431,88431,3,0,0,0.6513776779174805,0,-0.0036630630493164062,0,-0.0048847198486328125,0,0,0,0,0,0,0,0,0,0,0,0,0,0,0,7
18867690225,88451125,88436,88436,3,0,0,0.6513776779174805,0,0.0036630630493164062,0,-0.0048847198486328125,0,0,0,0,0,0,0,0,0,0,0,0,0,0,0,7
18870960750,88453121,88438,88438,3,0,0,0.6513776779174805,0,0.0036630630493164062,0,-0.0048847198486328125,0,0,0,0,0,0,0,0,0,0,0,0,0,0,0,7
18874231275,88458122,88443,88443,3,0,0,0.6513776779174805,0,-0.0036630630493164062,0,-0.0048847198486328125,0,0,0,0,0,0,0,0,0,0,0,0,0,0,0,7
18877501800,88461120,88446,88446,3,0,0,0.6513776779174805,0,-0.0036630630493164062,0,-0.0048847198486328125,0,0,0,0,0,0,0,0,0,0,0,0,0,0,0,7
18880772325,88466122,88451,88451,3,0,0,0.6513776779174805,0,0.0036630630493164062,0,-0.0048847198486328125,0,0,0,0,0,0,0,0,0,0,0,0,0,0,0,7
18884042850,88468121,88453,88453,3,0,0,0.6513776779174805,0,-0.025641441345214844,0,-0.014652252197265625,0,0,0,0,0,0,0,0,0,0,0,0,0,0,0,7
18887313375,88470124,88455,88455,3,0,0,0.6513776779174805,0,-0.010989189147949219,0,-0.014652252197265625,0,0,0,0,0,0,0,0,0,0,0,0,0,0,0,7
18890583900,88473120,88458,88458,3,0,0,0.6513776779174805,0,-0.010989189147949219,0,-0.014652252197265625,0,0,0,0,0,0,0,0,0,0,0,0,0,0,0,7
18893316075,88476120,88462,88462,3,0,0,0.6513776779174805,0,-0.0036630630493164062,0,-0.014652252197265625,0,0,0,0,0,0,0,0,0,0,0,0,0,0,0,7
18896048250,88479127,88464,88464,3,0,0,0.6513776779174805,0,0.0036630630493164062,0,-0.014652252197265625,0,0,0,0,0,0,0,0,0,0,0,0,0,0,0,7
18898780425,88481121,88466,88466,3,0,0,0.6513776779174805,0,-0.010989189147949219,0,-0.014652252197265625,0,0,0,0,0,0,0,0,0,0,0,0,0,0,0,7
18901512600,88484120,88469,88469,3,0,0,0.6513776779174805,0,0.0036630630493164062,0,-0.0048847198486328125,0,0,0,0,0,0,0,0,0,0,0,0,0,0,0,7
18904244775,88486120,88471,88471,3,0,0,0.6513776779174805,0,-0.0036630630493164062,0,-0.0048847198486328125,0,0,0,0,0,0,0,0,0,0,0,0,0,0,0,7
18906976950,88490120,88475,88475,3,0,0,0.6513776779174805,0,0.0036630630493164062,0,-0.014652252197265625,0,0,0,0,0,0,0,0,0,0,0,0,0,0,0,7
18909709125,88492138,88477,88477,3,0,0,0.6513776779174805,0,0.010989189147949219,0,-0.014652252197265625,0,0,0,0,0,0,0,0,0,0,0,0,0,0,0,7
18912441300,88495131,88480,88480,3,0,0,0.6513776779174805,0,-0.0036630630493164062,0,-0.0048847198486328125,0,0,0,0,0,0,0,0,0,0,0,0,0,0,0,7
18915405891,88501123,88486,88486,3,0,0,0.6509943008422852,0,0.0036630630493164062,0,-0.014652252197265625,0,0,0,0,0,0,0,0,0,0,0,0,0,0,0,7
18918370478,88503123,88488,88488,3,0,0,0.6509943008422852,0,-0.01831531524658203,0,-0.014652252197265625,0,0,0,0,0,0,0,0,0,0,0,0,0,0,0,7
18921335065,88506135,88491,88491,3,0,0,0.6513776779174805,0,-0.0036630630493164062,0,-0.014652252197265625,0,0,0,0,0,0,0,0,0,0,0,0,0,0,0,7
18924299652,88508122,88493,88494,3,0,0,0.6513776779174805,0,-0.010989189147949219,0,-0.014652252197265625,0,0,0,0,0,0,0,0,0,0,0,0,0,0,0,7
18927264239,88512125,88497,88497,3,0,0,0.6513776779174805,0,0.0036630630493164062,0,-0.014652252197265625,0,0,0,0,0,0,0,0,0,0,0,0,0,0,0,7
18930228826,88514120,88499,88499,3,0,0,0.6513776779174805,0,0.0036630630493164062,0,-0.014652252197265625,0,0,0,0,0,0,0,0,0,0,0,0,0,0,0,7
18933193413,88516122,88501,88501,3,0,0,0.6513776779174805,0,0.0036630630493164062,0,-0.014652252197265625,0,0,0,0,0,0,0,0,0,0,0,0,0,0,0,7
18936158000,88519128,88504,88504,3,0,0,0.6509943008422852,0,-0.010989189147949219,0,-0.014652252197265625,0,0,0,0,0,0,0,0,0,0,0,0,0,0,0,7
18938874516,88522120,88507,88507,3,0,0,0.6513776779174805,0,-0.0036630630493164062,0,-0.024419784545898438,0,0,0,0,0,0,0,0,0,0,0,0,0,0,0,7
18941591028,88525133,88510,88510,3,0,0,0.6513776779174805,0,-0.0036630630493164062,0,-0.024419784545898438,0,0,0,0,0,0,0,0,0,0,0,0,0,0,0,7
18944307540,88527121,88512,88512,3,0,0,0.6513776779174805,0,-0.010989189147949219,0,-0.014652252197265625,0,0,0,0,0,0,0,0,0,0,0,0,0,0,0,7
18947024052,88529123,88514,88514,3,0,0,0.6513776779174805,0,0.0036630630493164062,0,-0.014652252197265625,0,0,0,0,0,0,0,0,0,0,0,0,0,0,0,7
18949740564,88532123,88517,88517,3,0,0,0.6513776779174805,0,0.0036630630493164062,0,-0.014652252197265625,0,0,0,0,0,0,0,0,0,0,0,0,0,0,0,7
18952457076,88535133,88520,88520,3,0,0,0.6513776779174805,0,-0.0036630630493164062,0,-0.014652252197265625,0,0,0,0,0,0,0,0,0,0,0,0,0,0,0,7
18955173588,88537122,88522,88522,3,0,0,0.6513776779174805,0,-0.0036630630493164062,0,-0.014652252197265625,0,0,0,0,0,0,0,0,0,0,0,0,0,0,0,7
18957890100,88540120,88525,88525,3,0,0,0.6513776779174805,0,0.0036630630493164062,0,-0.014652252197265625,0,0,0,0,0,0,0,0,0,0,0,0,0,0,0,7
18962736800,88545131,88530,88531,3,0,0,0.6513776779174805,0,-0.0036630630493164062,0,-0.014652252197265625,0,0,0,0,0,0,0,0,0,0,0,0,0,0,0,7
18967583500,88552123,88537,88537,3,0,0,0.6513776779174805,0,0.010989189147949219,0,-0.0048847198486328125,0,0,0,0,0,0,0,0,0,0,0,0,0,0,0,7
18972430200,88557125,88542,88542,3,0,0,0.6509943008422852,0,-0.010989189147949219,0,-0.0048847198486328125,0,0,0,0,0,0,0,0,0,0,0,0,0,0,0,7
18977276900,88562139,88548,88548,3,0,0,0.6513776779174805,0,-0.01831531524658203,0,-0.0048847198486328125,0,0,0,0,0,0,0,0,0,0,0,0,0,0,0,7
18982123600,88570124,88555,88555,3,0,0,0.6513776779174805,0,-0.010989189147949219,0,-0.0048847198486328125,0,0,0,0,0,0,0,0,0,0,0,0,0,0,0,7
18986970300,88572120,88557,88558,3,0,0,0.6513776779174805,0,-0.010989189147949219,0,-0.0048847198486328125,0,0,0,0,0,0,0,0,0,0,0,0,0,0,0,7
18991817000,88575140,88560,88560,3,0,0,0.6513776779174805,0,-0.0036630630493164062,0,-0.014652252197265625,0,0,0,0,0,0,0,0,0,0,0,0,0,0,0,7
18996663700,88578124,88563,88564,3,0,0,0.6513776779174805,0,-0.0036630630493164062,0,-0.0048847198486328125,0,0,0,0,0,0,0,0,0,0,0,0,0,0,0,7
18999783985,88583124,88568,88568,3,0,0,0.6509943008422852,0,-0.010989189147949219,0,-0.0048847198486328125,0,0,0,0,0,0,0,0,0,0,0,0,0,0,0,7
19002904268,88586124,88571,88571,3,0,0,0.6513776779174805,0,-0.010989189147949219,0,-0.0048847198486328125,0,0,0,0,0,0,0,0,0,0,0,0,0,0,0,7
19006024551,88588120,88573,88573,3,0,0,0.6513776779174805,0,-0.0036630630493164062,0,-0.0048847198486328125,0,0,0,0,0,0,0,0,0,0,0,0,0,0,0,7
19009144834,88591128,88576,88576,3,0,0,0.6513776779174805,0,-0.0036630630493164062,0,-0.0048847198486328125,0,0,0,0,0,0,0,0,0,0,0,0,0,0,0,7
19012265117,88594120,88579,88579,3,0,0,0.6513776779174805,0,-0.0036630630493164062,0,-0.014652252197265625,0,0,0,0,0,0,0,0,0,0,0,0,0,0,0,7
19015385400,88597121,88582,88582,3,0,0,0.6513776779174805,0,-0.0036630630493164062,0,-0.014652252197265625,0,0,0,0,0,0,0,0,0,0,0,0,0,0,0,7
19019268741,88604139,88589,88589,3,0,0,0.6513776779174805,0,0.0036630630493164062,0,-0.0048847198486328125,0,0,0,0,0,0,0,0,0,0,0,0,0,0,0,7
19022578758,88607125,88592,88592,3,0,0,0.6513776779174805,0,-0.0036630630493164062,0,-0.0048847198486328125,0,0,0,0,0,0,0,0,0,0,0,0,0,0,0,7
19025888775,88610120,88595,88595,3,0,0,0.6513776779174805,0,-0.0036630630493164062,0,-0.0048847198486328125,0,0,0,0,0,0,0,0,0,0,0,0,0,0,0,7
19029198792,88614120,88599,88599,3,0,0,0.6513776779174805,0,-0.010989189147949219,0,-0.0048847198486328125,0,0,0,0,0,0,0,0,0,0,0,0,0,0,0,7
19032508809,88617128,88602,88602,3,0,0,0.6513776779174805,0,-0.0036630630493164062,0,-0.0048847198486328125,0,0,0,0,0,0,0,0,0,0,0,0,0,0,0,7
19035818826,88620124,88605,88605,3,0,0,0.6513776779174805,0,-0.01831531524658203,0,-0.014652252197265625,0,0,0,0,0,0,0,0,0,0,0,0,0,0,0,7
19039128843,88624122,88609,88609,3,0,0,0.6513776779174805,0,-0.0036630630493164062,0,-0.014652252197265625,0,0,0,0,0,0,0,0,0,0,0,0,0,0,0,7
19042438860,88627121,88613,88613,3,0,0,0.6513776779174805,0,-0.01831531524658203,0,-0.0048847198486328125,0,0,0,0,0,0,0,0,0,0,0,0,0,0,0,7
19045748877,88633129,88618,88618,3,0,0,0.6513776779174805,0,-0.010989189147949219,0,-0.0048847198486328125,0,0,0,0,0,0,0,0,0,0,0,0,0,0,0,7
19049058894,88636124,88621,88621,3,0,0,0.6513776779174805,0,-0.010989189147949219,0,-0.0048847198486328125,0,0,0,0,0,0,0,0,0,0,0,0,0,0,0,7
19052368911,88638120,88623,88623,3,0,0,0.6513776779174805,0,-0.0036630630493164062,0,-0.014652252197265625,0,0,0,0,0,0,0,0,0,0,0,0,0,0,0,7
19055678928,88642120,88627,88627,3,0,0,0.6513776779174805,0,0.010989189147949219,0,-0.014652252197265625,0,0,0,0,0,0,0,0,0,0,0,0,0,0,0,7
19058988945,88644124,88629,88629,3,0,0,0.6513776779174805,0,-0.0036630630493164062,0,-0.014652252197265625,0,0,0,0,0,0,0,0,0,0,0,0,0,0,0,7
19062298962,88647125,88632,88632,3,0,0,0.6513776779174805,0,-0.01831531524658203,0,-0.0048847198486328125,0,0,0,0,0,0,0,0,0,0,0,0,0,0,0,7
19065608979,88649125,88634,88634,3,0,0,0.6513776779174805,0,0.010989189147949219,0,-0.0048847198486328125,0,0,0,0,0,0,0,0,0,0,0,0,0,0,0,7
19068918996,88651121,88636,88636,3,0,0,0.6513776779174805,0,-0.0036630630493164062,0,-0.0048847198486328125,0,0,0,0,0,0,0,0,0,0,0,0,0,0,0,7
19071580441,88656120,88641,88641,3,0,0,0.6513776779174805,0,-0.0036630630493164062,0,-0.0048847198486328125,0,0,0,0,0,0,0,0,0,0,0,0,0,0,0,7
19074241878,88658121,88643,88643,3,0,0,0.6513776779174805,0,-0.0036630630493164062,0,-0.014652252197265625,0,0,0,0,0,0,0,0,0,0,0,0,0,0,0,7
19076903315,88661126,88646,88646,3,0,0,0.6513776779174805,0,-0.010989189147949219,0,-0.014652252197265625,0,0,0,0,0,0,0,0,0,0,0,0,0,0,0,7
19079564752,88663121,88648,88648,3,0,0,0.6513776779174805,0,-0.01831531524658203,0,-0.014652252197265625,0,0,0,0,0,0,0,0,0,0,0,0,0,0,0,7
19082226189,88665133,88650,88650,3,0,0,0.6513776779174805,0,-0.010989189147949219,0,-0.014652252197265625,0,0,0,0,0,0,0,0,0,0,0,0,0,0,0,7
19084887626,88668120,88653,88653,3,0,0,0.6513776779174805,0,-0.01831531524658203,0,-0.0048847198486328125,0,0,0,0,0,0,0,0,0,0,0,0,0,0,0,7
19087549063,88670124,88655,88655,3,0,0,0.6513776779174805,0,0.0036630630493164062,0,-0.0048847198486328125,0,0,0,0,0,0,0,0,0,0,0,0,0,0,0,7
19090210500,88673132,88658,88658,3,0,0,0.6513776779174805,0,-0.010989189147949219,0,-0.014652252197265625,0,0,0,0,0,0,0,0,0,0,0,0,0,0,0,7
19092516316,88676120,88661,88661,3,0,0,0.6513776779174805,0,0.0036630630493164062,0,-0.0048847198486328125,0,0,0,0,0,0,0,0,0,0,0,0,0,0,0,7
19094822128,88678124,88663,88663,3,0,0,0.6513776779174805,0,-0.0036630630493164062,0,-0.0048847198486328125,0,0,0,0,0,0,0,0,0,0,0,0,0,0,0,7
19097127940,88680120,88665,88665,3,0,0,0.6513776779174805,0,0.0036630630493164062,0,-0.014652252197265625,0,0,0,0,0,0,0,0,0,0,0,0,0,0,0,7
19099433752,88682122,88667,88667,3,0,0,0.6509943008422852,0,-0.01831531524658203,0,-0.014652252197265625,0,0,0,0,0,0,0,0,0,0,0,0,0,0,0,7
19101739564,88684121,88669,88669,3,0,0,0.6513776779174805,0,0.0036630630493164062,0,-0.014652252197265625,0,0,0,0,0,0,0,0,0,0,0,0,0,0,0,7
19104045376,88687129,88672,88672,3,0,0,0.6513776779174805,0,0.01831531524658203,0,-0.014652252197265625,0,0,0,0,0,0,0,0,0,0,0,0,0,0,0,7
19106351188,88689125,88674,88674,3,0,0,0.6513776779174805,0,-0.0036630630493164062,0,-0.014652252197265625,0,0,0,0,0,0,0,0,0,0,0,0,0,0,0,7
19108657000,88691125,88676,88676,3,0,0,0.6513776779174805,0,-0.0036630630493164062,0,-0.014652252197265625,0,0,0,0,0,0,0,0,0,0,0,0,0,0,0,7
19111541416,88694124,88679,88679,3,0,0,0.6513776779174805,0,0.0036630630493164062,0,-0.014652252197265625,0,0,0,0,0,0,0,0,0,0,0,0,0,0,0,7
19114425828,88697121,88682,88682,3,0,0,0.6513776779174805,0,-0.025641441345214844,0,-0.0048847198486328125,0,0,0,0,0,0,0,0,0,0,0,0,0,0,0,7
19117310240,88699125,88684,88684,3,0,0,0.6513776779174805,0,0.0036630630493164062,0,-0.0048847198486328125,0,0,0,0,0,0,0,0,0,0,0,0,0,0,0,7
19120194652,88702141,88687,88687,3,0,0,0.6513776779174805,0,-0.0036630630493164062,0,-0.0048847198486328125,0,0,0,0,0,0,0,0,0,0,0,0,0,0,0,7
19123079064,88704121,88689,88689,3,0,0,0.6513776779174805,0,-0.010989189147949219,0,-0.0048847198486328125,0,0,0,0,0,0,0,0,0,0,0,0,0,0,0,7
19125963476,88707125,88692,88692,3,0,0,0.6513776779174805,0,-0.010989189147949219,0,-0.0048847198486328125,0,0,0,0,0,0,0,0,0,0,0,0,0,0,0,7
19128847888,88710120,88695,88695,3,0,0,0.6513776779174805,0,0.0036630630493164062,0,-0.014652252197265625,0,0,0,0,0,0,0,0,0,0,0,0,0,0,0,7
19131732300,88713121,88698,88698,3,0,0,0.6513776779174805,0,-0.010989189147949219,0,-0.014652252197265625,0,0,0,0,0,0,0,0,0,0,0,0,0,0,0,7
19136611525,88725129,88710,88710,3,0,0,0.6513776779174805,0,-0.0036630630493164062,0,-0.0048847198486328125,0,0,0,0,0,0,0,0,0,0,0,0,0,0,0,7
19141490750,88731129,88716,88716,3,0,0,0.6513776779174805,0,-0.010989189147949219,0,-0.0048847198486328125,0,0,0,0,0,0,0,0,0,0,0,0,0,0,0,7
19146369975,88734120,88719,88719,3,0,0,0.6513776779174805,0,-0.0036630630493164062,0,-0.014652252197265625,0,0,0,0,0,0,0,0,0,0,0,0,0,0,0,7
19151249200,88737121,88722,88722,3,0,0,0.6513776779174805,0,-0.0036630630493164062,0,-0.0048847198486328125,0,0,0,0,0,0,0,0,0,0,0,0,0,0,0,7
19156128425,88741121,88726,88726,3,0,0,0.6513776779174805,0,0.0036630630493164062,0,-0.0048847198486328125,0,0,0,0,0,0,0,0,0,0,0,0,0,0,0,7
19161007650,88745133,88730,88730,3,0,0,0.6513776779174805,0,-0.010989189147949219,0,-0.0048847198486328125,0,0,0,0,0,0,0,0,0,0,0,0,0,0,0,7
19165886875,88749125,88734,88734,3,0,0,0.6513776779174805,0,0.0036630630493164062,0,-0.0048847198486328125,0,0,0,0,0,0,0,0,0,0,0,0,0,0,0,7
19170766100,88752126,88737,88737,3,0,0,0.6513776779174805,0,-0.01831531524658203,0,-0.0048847198486328125,0,0,0,0,0,0,0,0,0,0,0,0,0,0,0,7
19174890258,88758135,88743,88743,3,0,0,0.6513776779174805,0,-0.0036630630493164062,0,0.0048847198486328125,0,0,0,0,0,0,0,0,0,0,0,0,0,0,0,7
19178229599,88763121,88748,88748,3,0,0,0.6513776779174805,0,-0.010989189147949219,0,-0.0048847198486328125,0,0,0,0,0,0,0,0,0,0,0,0,0,0,0,7
19181568940,88767120,88752,88752,3,0,0,0.6513776779174805,0,-0.010989189147949219,0,-0.014652252197265625,0,0,0,0,0,0,0,0,0,0,0,0,0,0,0,7
19184908281,88770120,88755,88755,3,0,0,0.6513776779174805,0,0.0036630630493164062,0,-0.014652252197265625,0,0,0,0,0,0,0,0,0,0,0,0,0,0,0,7
19188247622,88774120,88759,88759,3,0,0,0.6513776779174805,0,-0.010989189147949219,0,-0.014652252197265625,0,0,0,0,0,0,0,0,0,0,0,0,0,0,0,7
19191586963,88778124,88763,88763,3,0,0,0.6513776779174805,0,-0.010989189147949219,0,-0.014652252197265625,0,0,0,0,0,0,0,0,0,0,0,0,0,0,0,7
19194926304,88781125,88766,88766,3,0,0,0.6513776779174805,0,-0.010989189147949219,0,-0.0048847198486328125,0,0,0,0,0,0,0,0,0,0,0,0,0,0,0,7
19198265645,88787125,88772,88772,3,0,0,0.6513776779174805,0,-0.0036630630493164062,0,-0.0048847198486328125,0,0,0,0,0,0,0,0,0,0,0,0,0,0,0,7
19201604986,88789125,88774,88774,3,0,0,0.6513776779174805,0,0.0036630630493164062,0,-0.0048847198486328125,0,0,0,0,0,0,0,0,0,0,0,0,0,0,0,7
19204944327,88792120,88777,88777,3,0,0,0.6513776779174805,0,0.0036630630493164062,0,-0.0048847198486328125,0,0,0,0,0,0,0,0,0,0,0,0,0,0,0,7
19208283668,88794124,88779,88779,3,0,0,0.6513776779174805,0,-0.010989189147949219,0,-0.014652252197265625,0,0,0,0,0,0,0,0,0,0,0,0,0,0,0,7
19211623009,88796121,88781,88781,3,0,0,0.6513776779174805,0,0.0036630630493164062,0,-0.014652252197265625,0,0,0,0,0,0,0,0,0,0,0,0,0,0,0,7
19214962350,88798123,88783,88783,3,0,0,0.6513776779174805,0,0.0036630630493164062,0,-0.0048847198486328125,0,0,0,0,0,0,0,0,0,0,0,0,0,0,0,7
19218301691,88800145,88785,88785,3,0,0,0.6513776779174805,0,0.0036630630493164062,0,0.0048847198486328125,0,0,0,0,0,0,0,0,0,0,0,0,0,0,0,7
19221640725,88805129,88790,88790,3,0,0,0.6513776779174805,0,-0.0036630630493164062,0,-0.0048847198486328125,0,0,0,0,0,0,0,0,0,0,0,0,0,0,0,7
19224979750,88808120,88793,88793,3,0,0,0.6513776779174805,0,-0.0036630630493164062,0,-0.014652252197265625,0,0,0,0,0,0,0,0,0,0,0,0,0,0,0,7
19228318775,88810124,88795,88795,3,0,0,0.6513776779174805,0,-0.010989189147949219,0,-0.0048847198486328125,0,0,0,0,0,0,0,0,0,0,0,0,0,0,0,7
19231657800,88813129,88798,88798,3,0,0,0.6513776779174805,0,-0.0036630630493164062,0,-0.0048847198486328125,0,0,0,0,0,0,0,0,0,0,0,0,0,0,0,7
19234996825,88816120,88801,88801,3,0,0,0.6513776779174805,0,-0.010989189147949219,0,-0.014652252197265625,0,0,0,0,0,0,0,0,0,0,0,0,0,0,0,7
19238335850,88818124,88803,88803,3,0,0,0.6513776779174805,0,0.0036630630493164062,0,-0.014652252197265625,0,0,0,0,0,0,0,0,0,0,0,0,0,0,0,7
19241674875,88823124,88808,88808,3,0,0,0.6513776779174805,0,-0.0036630630493164062,0,-0.0048847198486328125,0,0,0,0,0,0,0,0,0,0,0,0,0,0,0,7
19245013900,88826120,88811,88811,3,0,0,0.6513776779174805,0,-0.0036630630493164062,0,-0.0048847198486328125,0,0,0,0,0,0,0,0,0,0,0,0,0,0,0,7
19249241416,88837121,88822,88822,3,0,0,0.6513776779174805,0,-0.0036630630493164062,0,-0.014652252197265625,0,0,0,0,0,0,0,0,0,0,0,0,0,0,0,7
19253468928,88841129,88826,88826,3,0,0,0.6513776779174805,0,-0.0036630630493164062,0,-0.014652252197265625,0,0,0,0,0,0,0,0,0,0,0,0,0,0,0,7
19257696440,88844124,88829,88829,3,0,0,0.6513776779174805,0,-0.0036630630493164062,0,-0.0048847198486328125,0,0,0,0,0,0,0,0,0,0,0,0,0,0,0,7
19261923952,88847125,88832,88832,3,0,0,0.6513776779174805,0,-0.010989189147949219,0,-0.014652252197265625,0,0,0,0,0,0,0,0,0,0,0,0,0,0,0,7
19266151464,88850128,88835,88835,3,0,0,0.6513776779174805,0,-0.0036630630493164062,0,0.0048847198486328125,0,0,0,0,0,0,0,0,0,0,0,0,0,0,0,7
19270378976,88854120,88839,88839,3,0,0,0.6513776779174805,0,0.010989189147949219,0,-0.0048847198486328125,0,0,0,0,0,0,0,0,0,0,0,0,0,0,0,7
19274606488,88858120,88843,88843,3,0,0,0.6513776779174805,0,0.0036630630493164062,0,-0.0048847198486328125,0,0,0,0,0,0,0,0,0,0,0,0,0,0,0,7
19278834000,88861121,88846,88846,3,0,0,0.6513776779174805,0,-0.0036630630493164062,0,-0.0048847198486328125,0,0,0,0,0,0,0,0,0,0,0,0,0,0,0,7
19281627141,88866120,88851,88851,3,0,0,0.6513776779174805,0,-0.0036630630493164062,0,-0.0048847198486328125,0,0,0,0,0,0,0,0,0,0,0,0,0,0,0,7
19284420278,88869130,88854,88854,3,0,0,0.6513776779174805,0,-0.0036630630493164062,0,-0.0048847198486328125,0,0,0,0,0,0,0,0,0,0,0,0,0,0,0,7
19287213415,88872122,88857,88857,3,0,0,0.6513776779174805,0,-0.01831531524658203,0,-0.0048847198486328125,0,0,0,0,0,0,0,0,0,0,0,0,0,0,0,7
19290006552,88874120,88859,88859,3,0,0,0.6513776779174805,0,-0.0036630630493164062,0,-0.0048847198486328125,0,0,0,0,0,0,0,0,0,0,0,0,0,0,0,7
19292799689,88876124,88861,88861,3,0,0,0.6513776779174805,0,-0.010989189147949219,0,-0.0048847198486328125,0,0,0,0,0,0,0,0,0,0,0,0,0,0,0,7
19295592826,88879121,88864,88864,3,0,0,0.6513776779174805,0,-0.0036630630493164062,0,-0.0048847198486328125,0,0,0,0,0,0,0,0,0,0,0,0,0,0,0,7
19298385963,88881124,88866,88866,3,0,0,0.6513776779174805,0,-0.0036630630493164062,0,-0.0048847198486328125,0,0,0,0,0,0,0,0,0,0,0,0,0,0,0,7
19301179100,88884135,88869,88869,3,0,0,0.6513776779174805,0,0.0036630630493164062,0,-0.0048847198486328125,0,0,0,0,0,0,0,0,0,0,0,0,0,0,0,7
19304291050,88887121,88872,88872,3,0,0,0.6513776779174805,0,-0.010989189147949219,0,-0.0048847198486328125,0,0,0,0,0,0,0,0,0,0,0,0,0,0,0,7
19307403000,88889124,88874,88874,3,0,0,0.6513776779174805,0,-0.010989189147949219,0,-0.014652252197265625,0,0,0,0,0,0,0,0,0,0,0,0,0,0,0,7
19310514950,88891120,88876,88876,3,0,0,0.6513776779174805,0,-0.0036630630493164062,0,-0.014652252197265625,0,0,0,0,0,0,0,0,0,0,0,0,0,0,0,7
19313626900,88893123,88878,88878,3,0,0,0.6513776779174805,0,-0.0036630630493164062,0,-0.014652252197265625,0,0,0,0,0,0,0,0,0,0,0,0,0,0,0,7
19316738850,88895129,88880,88880,3,0,0,0.6513776779174805,0,0.0036630630493164062,0,-0.014652252197265625,0,0,0,0,0,0,0,0,0,0,0,0,0,0,0,7
19319850800,88897133,88882,88882,3,0,0,0.6513776779174805,0,-0.010989189147949219,0,-0.014652252197265625,0,0,0,0,0,0,0,0,0,0,0,0,0,0,0,7
19322962750,88903121,88888,88888,3,0,0,0.6513776779174805,0,-0.0036630630493164062,0,-0.014652252197265625,0,0,0,0,0,0,0,0,0,0,0,0,0,0,0,7
19326074700,88906121,88891,88891,3,0,0,0.6513776779174805,0,-0.010989189147949219,0,-0.014652252197265625,0,0,0,0,0,0,0,0,0,0,0,0,0,0,0,7
19329983750,88913125,88898,88898,3,0,0,0.6513776779174805,0,-0.0036630630493164062,0,-0.014652252197265625,0,0,0,0,0,0,0,0,0,0,0,0,0,0,0,7
19333892800,88917121,88902,88903,3,0,0,0.6513776779174805,0,-0.010989189147949219,0,-0.014652252197265625,0,0,0,0,0,0,0,0,0,0,0,0,0,0,0,7
19337801850,88921121,88906,88906,3,0,0,0.6513776779174805,0,-0.010989189147949219,0,-0.014652252197265625,0,0,0,0,0,0,0,0,0,0,0,0,0,0,0,7
19341710900,88924120,88909,88909,3,0,0,0.6513776779174805,0,0.01831531524658203,0,-0.0048847198486328125,0,0,0,0,0,0,0,0,0,0,0,0,0,0,0,7
19345619950,88927127,88912,88912,3,0,0,0.6513776779174805,0,-0.010989189147949219,0,-0.0048847198486328125,0,0,0,0,0,0,0,0,0,0,0,0,0,0,0,7
19349529000,88930122,88915,88915,3,0,0,0.6513776779174805,0,-0.0036630630493164062,0,-0.0048847198486328125,0,0,0,0,0,0,0,0,0,0,0,0,0,0,0,7
19353438050,88933120,88918,88918,3,0,0,0.6513776779174805,0,0.0036630630493164062,0,-0.0048847198486328125,0,0,0,0,0,0,0,0,0,0,0,0,0,0,0,7
19357347100,88937121,88922,88922,3,0,0,0.6513776779174805,0,0.0036630630493164062,0,-0.0048847198486328125,0,0,0,0,0,0,0,0,0,0,0,0,0,0,0,7
19361548266,88946120,88931,88932,3,0,0,0.6513776779174805,0,-0.010989189147949219,0,-0.014652252197265625,0,0,0,0,0,0,0,0,0,0,0,0,0,0,0,7
19365749428,88950128,88935,88935,3,0,0,0.6513776779174805,0,0.0036630630493164062,0,-0.014652252197265625,0,0,0,0,0,0,0,0,0,0,0,0,0,0,0,7
19369950590,88953129,88938,88938,3,0,0,0.6513776779174805,0,-0.0036630630493164062,0,-0.014652252197265625,0,0,0,0,0,0,0,0,0,0,0,0,0,0,0,7
19374151752,88956122,88941,88942,3,0,0,0.6513776779174805,0,-0.010989189147949219,0,-0.0048847198486328125,0,0,0,0,0,0,0,0,0,0,0,0,0,0,0,7
19378352914,88960125,88945,88945,3,0,0,0.6513776779174805,0,-0.0036630630493164062,0,-0.0048847198486328125,0,0,0,0,0,0,0,0,0,0,0,0,0,0,0,7
19382554076,88964123,88949,88949,3,0,0,0.6513776779174805,0,-0.0036630630493164062,0,-0.0048847198486328125,0,0,0,0,0,0,0,0,0,0,0,0,0,0,0,7
19386755238,88968138,88953,88953,3,0,0,0.6513776779174805,0,0.01831531524658203,0,-0.0048847198486328125,0,0,0,0,0,0,0,0,0,0,0,0,0,0,0,7
19390956400,88972122,88957,88957,3,0,0,0.6513776779174805,0,-0.010989189147949219,0,-0.0048847198486328125,0,0,0,0,0,0,0,0,0,0,0,0,0,0,0,7
19395681650,88979121,88964,88964,3,0,0,0.6513776779174805,0,-0.0036630630493164062,0,-0.0048847198486328125,0,0,0,0,0,0,0,0,0,0,0,0,0,0,0,7
19400406900,88984124,88969,88969,3,0,0,0.6513776779174805,0,-0.01831531524658203,0,-0.0048847198486328125,0,0,0,0,0,0,0,0,0,0,0,0,0,0,0,7
19405132150,88989125,88974,88974,3,0,0,0.6513776779174805,0,-0.0036630630493164062,0,-0.0048847198486328125,0,0,0,0,0,0,0,0,0,0,0,0,0,0,0,7
19409857400,88992125,88977,88977,3,0,0,0.6513776779174805,0,-0.0036630630493164062,0,-0.0048847198486328125,0,0,0,0,0,0,0,0,0,0,0,0,0,0,0,7
19414582650,88996138,88981,88981,3,0,0,0.6513776779174805,0,0.010989189147949219,0,-0.0048847198486328125,0,0,0,0,0,0,0,0,0,0,0,0,0,0,0,7
19419307900,89001125,88986,88986,3,0,0,0.6513776779174805,0,-0.0036630630493164062,0,-0.0048847198486328125,0,0,0,0,0,0,0,0,0,0,0,0,0,0,0,7
19424033150,89006120,88991,88991,3,0,0,0.6509943008422852,0,-0.010989189147949219,0,-0.0048847198486328125,0,0,0,0,0,0,0,0,0,0,0,0,0,0,0,7
19428758400,89009130,88994,88994,3,0,0,0.6513776779174805,0,0.010989189147949219,0,-0.0048847198486328125,0,0,0,0,0,0,0,0,0,0,0,0,0,0,0,7
19434882285,89016120,89001,89001,3,0,0,0.6513776779174805,0,-0.0036630630493164062,0,-0.0048847198486328125,0,0,0,0,0,0,0,0,0,0,0,0,0,0,0,7
19441006168,89023129,89008,89008,3,0,0,0.6513776779174805,0,-0.010989189147949219,0,-0.0048847198486328125,0,0,0,0,0,0,0,0,0,0,0,0,0,0,0,7
19447130051,89028120,89014,89014,3,0,0,0.6513776779174805,0,-0.010989189147949219,0,-0.0048847198486328125,0,0,0,0,0,0,0,0,0,0,0,0,0,0,0,7
19453253934,89034124,89019,89019,3,0,0,0.6513776779174805,0,-0.0036630630493164062,0,-0.0048847198486328125,0,0,0,0,0,0,0,0,0,0,0,0,0,0,0,7
19459377817,89040120,89025,89025,3,0,0,0.6513776779174805,0,0.010989189147949219,0,-0.014652252197265625,0,0,0,0,0,0,0,0,0,0,0,0,0,0,0,7
19465501700,89044121,89029,89029,3,0,0,0.6513776779174805,0,-0.010989189147949219,0,-0.014652252197265625,0,0,0,0,0,0,0,0,0,0,0,0,0,0,0,7
19470830800,89058121,89043,89043,3,0,0,0.6509943008422852,0,-0.010989189147949219,0,-0.014652252197265625,0,0,0,0,0,0,0,0,0,0,0,0,0,0,0,7
19476159900,89062120,89047,89047,3,0,0,0.6513776779174805,0,-0.010989189147949219,0,-0.014652252197265625,0,0,0,0,0,0,0,0,0,0,0,0,0,0,0,7
19481489000,89065137,89050,89050,3,0,0,0.6513776779174805,0,-0.0036630630493164062,0,-0.0048847198486328125,0,0,0,0,0,0,0,0,0,0,0,0,0,0,0,7
19486818100,89069121,89054,89054,3,0,0,0.6513776779174805,0,-0.0036630630493164062,0,-0.0048847198486328125,0,0,0,0,0,0,0,0,0,0,0,0,0,0,0,7
19492147200,89073120,89058,89058,3,0,0,0.6513776779174805,0,-0.0036630630493164062,0,-0.0048847198486328125,0,0,0,0,0,0,0,0,0,0,0,0,0,0,0,7
19496558158,89079131,89064,89064,3,0,0,0.6513776779174805,0,-0.0036630630493164062,0,-0.0048847198486328125,0,0,0,0,0,0,0,0,0,0,0,0,0,0,0,7
19500969115,89086120,89071,89071,3,0,0,0.6513776779174805,0,0.0036630630493164062,0,-0.0048847198486328125,0,0,0,0,0,0,0,0,0,0,0,0,0,0,0,7
19505380072,89089121,89074,89074,3,0,0,0.6513776779174805,0,-0.010989189147949219,0,-0.014652252197265625,0,0,0,0,0,0,0,0,0,0,0,0,0,0,0,7
19509791029,89093128,89078,89078,3,0,0,0.6513776779174805,0,-0.0036630630493164062,0,-0.0048847198486328125,0,0,0,0,0,0,0,0,0,0,0,0,0,0,0,7
19514201986,89096123,89081,89081,3,0,0,0.6513776779174805,0,-0.0036630630493164062,0,-0.0048847198486328125,0,0,0,0,0,0,0,0,0,0,0,0,0,0,0,7
19518612943,89100133,89085,89085,3,0,0,0.6513776779174805,0,-0.010989189147949219,0,-0.014652252197265625,0,0,0,0,0,0,0,0,0,0,0,0,0,0,0,7
19523023900,89104122,89089,89089,3,0,0,0.6513776779174805,0,-0.010989189147949219,0,-0.014652252197265625,0,0,0,0,0,0,0,0,0,0,0,0,0,0,0,7
19527398974,89110120,89095,89095,3,0,0,0.6513776779174805,0,-0.0036630630493164062,0,-0.0048847198486328125,0,0,0,0,0,0,0,0,0,0,0,0,0,0,0,7
19531774045,89114120,89099,89099,3,0,0,0.6513776779174805,0,0.010989189147949219,0,-0.014652252197265625,0,0,0,0,0,0,0,0,0,0,0,0,0,0,0,7
19536149116,89117123,89102,89102,3,0,0,0.6509943008422852,0,-0.010989189147949219,0,-0.014652252197265625,0,0,0,0,0,0,0,0,0,0,0,0,0,0,0,7
19540524187,89121132,89106,89106,3,0,0,0.6509943008422852,0,-0.010989189147949219,0,-0.014652252197265625,0,0,0,0,0,0,0,0,0,0,0,0,0,0,0,7
19544899258,89126124,89111,89111,3,0,0,0.6513776779174805,0,-0.010989189147949219,0,-0.014652252197265625,0,0,0,0,0,0,0,0,0,0,0,0,0,0,0,7
19549274329,89130122,89115,89115,3,0,0,0.6513776779174805,0,-0.0036630630493164062,0,-0.0048847198486328125,0,0,0,0,0,0,0,0,0,0,0,0,0,0,0,7
19553649400,89133122,89118,89118,3,0,0,0.6513776779174805,0,-0.010989189147949219,0,-0.0048847198486328125,0,0,0,0,0,0,0,0,0,0,0,0,0,0,0,7
19557818716,89142124,89127,89127,3,0,0,0.6513776779174805,0,-0.0036630630493164062,0,-0.014652252197265625,0,0,0,0,0,0,0,0,0,0,0,0,0,0,0,7
19561988030,89145129,89130,89130,3,0,0,0.6513776779174805,0,-0.010989189147949219,0,-0.014652252197265625,0,0,0,0,0,0,0,0,0,0,0,0,0,0,0,7
19566157344,89149128,89134,89134,3,0,0,0.6513776779174805,0,-0.0036630630493164062,0,-0.0048847198486328125,0,0,0,0,0,0,0,0,0,0,0,0,0,0,0,7
19570326658,89153121,89138,89138,3,0,0,0.6513776779174805,0,0.010989189147949219,0,-0.0048847198486328125,0,0,0,0,0,0,0,0,0,0,0,0,0,0,0,7
19574495972,89157120,89142,89142,3,0,0,0.6513776779174805,0,0.0036630630493164062,0,-0.0048847198486328125,0,0,0,0,0,0,0,0,0,0,0,0,0,0,0,7
19578665286,89160120,89145,89145,3,0,0,0.6513776779174805,0,0.0036630630493164062,0,-0.0048847198486328125,0,0,0,0,0,0,0,0,0,0,0,0,0,0,0,7
19582834600,89164136,89149,89149,3,0,0,0.6513776779174805,0,-0.0036630630493164062,0,-0.0048847198486328125,0,0,0,0,0,0,0,0,0,0,0,0,0,0,0,7
19587523290,89174120,89159,89159,3,0,0,0.6513776779174805,0,0.0036630630493164062,0,-0.014652252197265625,0,0,0,0,0,0,0,0,0,0,0,0,0,0,0,7
19592211975,89177129,89162,89162,3,0,0,0.6513776779174805,0,-0.0036630630493164062,0,-0.014652252197265625,0,0,0,0,0,0,0,0,0,0,0,0,0,0,0,7
19596900660,89181120,89166,89166,3,0,0,0.6513776779174805,0,0.0036630630493164062,0,-0.014652252197265625,0,0,0,0,0,0,0,0,0,0,0,0,0,0,0,7
19601589345,89185129,89170,89170,3,0,0,0.6513776779174805,0,0.0036630630493164062,0,-0.014652252197265625,0,0,0,0,0,0,0,0,0,0,0,0,0,0,0,7
19606278030,89189120,89174,89174,3,0,0,0.6513776779174805,0,-0.010989189147949219,0,0.0048847198486328125,0,0,0,0,0,0,0,0,0,0,0,0,0,0,0,7
19610966715,89192138,89177,89177,3,0,0,0.6513776779174805,0,0.0036630630493164062,0,-0.0048847198486328125,0,0,0,0,0,0,0,0,0,0,0,0,0,0,0,7
19615655400,89195129,89180,89180,3,0,0,0.6513776779174805,0,-0.01831531524658203,0,-0.0048847198486328125,0,0,0,0,0,0,0,0,0,0,0,0,0,0,0,7
19619960758,89204123,89189,89189,3,0,0,0.6513776779174805,0,0.0036630630493164062,0,-0.0048847198486328125,0,0,0,0,0,0,0,0,0,0,0,0,0,0,0,7
19624266115,89207124,89192,89192,3,0,0,0.6513776779174805,0,-0.010989189147949219,0,-0.0048847198486328125,0,0,0,0,0,0,0,0,0,0,0,0,0,0,0,7
19628571472,89211121,89196,89196,3,0,0,0.6513776779174805,0,0.0036630630493164062,0,-0.014652252197265625,0,0,0,0,0,0,0,0,0,0,0,0,0,0,0,7
19632876829,89214120,89199,89199,3,0,0,0.6513776779174805,0,-0.01831531524658203,0,-0.014652252197265625,0,0,0,0,0,0,0,0,0,0,0,0,0,0,0,7
19637182186,89218120,89203,89203,3,0,0,0.6513776779174805,0,0.0036630630493164062,0,-0.014652252197265625,0,0,0,0,0,0,0,0,0,0,0,0,0,0,0,7
19641487543,89223120,89208,89208,3,0,0,0.6513776779174805,0,0.0036630630493164062,0,-0.014652252197265625,0,0,0,0,0,0,0,0,0,0,0,0,0,0,0,7
19645792900,89226120,89211,89211,3,0,0,0.6513776779174805,0,0.0036630630493164062,0,-0.014652252197265625,0,0,0,0,0,0,0,0,0,0,0,0,0,0,0,7
19650161274,89234134,89219,89219,3,0,0,0.6513776779174805,0,0.010989189147949219,0,-0.014652252197265625,0,0,0,0,0,0,0,0,0,0,0,0,0,0,0,7
19654529645,89237124,89222,89222,3,0,0,0.6513776779174805,0,-0.0036630630493164062,0,-0.0048847198486328125,0,0,0,0,0,0,0,0,0,0,0,0,0,0,0,7
19658898016,89241123,89226,89226,3,0,0,0.6513776779174805,0,-0.01831531524658203,0,0.0048847198486328125,0,0,0,0,0,0,0,0,0,0,0,0,0,0,0,7
19663266387,89246122,89231,89231,3,0,0,0.6513776779174805,0,0.0036630630493164062,0,-0.014652252197265625,0,0,0,0,0,0,0,0,0,0,0,0,0,0,0,7
19667634758,89250131,89235,89235,3,0,0,0.6513776779174805,0,-0.0036630630493164062,0,-0.0048847198486328125,0,0,0,0,0,0,0,0,0,0,0,0,0,0,0,7
19672003129,89254122,89239,89239,3,0,0,0.6513776779174805,0,-0.01831531524658203,0,-0.0048847198486328125,0,0,0,0,0,0,0,0,0,0,0,0,0,0,0,7
19676371500,89258124,89243,89243,3,0,0,0.6513776779174805,0,-0.0036630630493164062,0,-0.0048847198486328125,0,0,0,0,0,0,0,0,0,0,0,0,0,0,0,7
19680409858,89265129,89250,89250,3,0,0,0.6513776779174805,0,-0.010989189147949219,0,-0.014652252197265625,0,0,0,0,0,0,0,0,0,0,0,0,0,0,0,7
19684448215,89268121,89253,89253,3,0,0,0.6513776779174805,0,-0.0036630630493164062,0,-0.0048847198486328125,0,0,0,0,0,0,0,0,0,0,0,0,0,0,0,7
19688486572,89272120,89258,89258,3,0,0,0.6513776779174805,0,-0.010989189147949219,0,-0.0048847198486328125,0,0,0,0,0,0,0,0,0,0,0,0,0,0,0,7
19692524929,89276134,89261,89261,3,0,0,0.6513776779174805,0,-0.0036630630493164062,0,-0.0048847198486328125,0,0,0,0,0,0,0,0,0,0,0,0,0,0,0,7
19696563286,89279125,89264,89264,3,0,0,0.6513776779174805,0,0.010989189147949219,0,-0.014652252197265625,0,0,0,0,0,0,0,0,0,0,0,0,0,0,0,7
19700601643,89283122,89268,89268,3,0,0,0.6513776779174805,0,-0.0036630630493164062,0,-0.014652252197265625,0,0,0,0,0,0,0,0,0,0,0,0,0,0,0,7
19704640000,89286120,89271,89271,3,0,0,0.6513776779174805,0,0.010989189147949219,0,-0.014652252197265625,0,0,0,0,0,0,0,0,0,0,0,0,0,0,0,7
19709726790,89296121,89281,89281,3,0,0,0.6513776779174805,0,0.010989189147949219,0,-0.014652252197265625,0,0,0,0,0,0,0,0,0,0,0,0,0,0,0,7
19714813575,89300134,89285,89285,3,0,0,0.6513776779174805,0,-0.0036630630493164062,0,-0.014652252197265625,0,0,0,0,0,0,0,0,0,0,0,0,0,0,0,7
19719900360,89304137,89289,89289,3,0,0,0.6513776779174805,0,-0.010989189147949219,0,-0.0048847198486328125,0,0,0,0,0,0,0,0,0,0,0,0,0,0,0,7
19724987145,89308124,89293,89293,3,0,0,0.6513776779174805,0,-0.010989189147949219,0,-0.0048847198486328125,0,0,0,0,0,0,0,0,0,0,0,0,0,0,0,7
19730073930,89312122,89297,89297,3,0,0,0.6509943008422852,0,-0.0036630630493164062,0,-0.0048847198486328125,0,0,0,0,0,0,0,0,0,0,0,0,0,0,0,7
19735160715,89317128,89302,89302,3,0,0,0.6513776779174805,0,-0.0036630630493164062,0,-0.0048847198486328125,0,0,0,0,0,0,0,0,0,0,0,0,0,0,0,7
19740247500,89321120,89306,89306,3,0,0,0.6513776779174805,0,0.0036630630493164062,0,-0.0048847198486328125,0,0,0,0,0,0,0,0,0,0,0,0,0,0,0,7
19744255820,89327121,89312,89312,3,0,0,0.6513776779174805,0,-0.010989189147949219,0,-0.0048847198486328125,0,0,0,0,0,0,0,0,0,0,0,0,0,0,0,7
19748264136,89330120,89315,89316,3,0,0,0.6513776779174805,0,-0.0036630630493164062,0,-0.0048847198486328125,0,0,0,0,0,0,0,0,0,0,0,0,0,0,0,7
19752272452,89334120,89319,89319,3,0,0,0.6513776779174805,0,-0.0036630630493164062,0,-0.0048847198486328125,0,0,0,0,0,0,0,0,0,0,0,0,0,0,0,7
19756280768,89339120,89324,89324,3,0,0,0.6513776779174805,0,-0.010989189147949219,0,-0.0048847198486328125,0,0,0,0,0,0,0,0,0,0,0,0,0,0,0,7
19760289084,89343120,89328,89328,3,0,0,0.6513776779174805,0,-0.010989189147949219,0,-0.0048847198486328125,0,0,0,0,0,0,0,0,0,0,0,0,0,0,0,7
19764297400,89346135,89331,89331,3,0,0,0.6513776779174805,0,-0.0036630630493164062,0,-0.0048847198486328125,0,0,0,0,0,0,0,0,0,0,0,0,0,0,0,7
19767930848,89350128,89336,89336,3,0,0,0.6513776779174805,0,-0.0036630630493164062,0,-0.0048847198486328125,0,0,0,0,0,0,0,0,0,0,0,0,0,0,0,7
19771564290,89353124,89338,89338,3,0,0,0.6513776779174805,0,0.0036630630493164062,0,-0.0048847198486328125,0,0,0,0,0,0,0,0,0,0,0,0,0,0,0,7
19775197732,89356120,89341,89341,3,0,0,0.6509943008422852,0,-0.010989189147949219,0,-0.0048847198486328125,0,0,0,0,0,0,0,0,0,0,0,0,0,0,0,7
19778831174,89360135,89345,89345,3,0,0,0.6513776779174805,0,0.0036630630493164062,0,-0.014652252197265625,0,0,0,0,0,0,0,0,0,0,0,0,0,0,0,7
19782464616,89363120,89348,89349,3,0,0,0.6513776779174805,0,-0.0036630630493164062,0,-0.014652252197265625,0,0,0,0,0,0,0,0,0,0,0,0,0,0,0,7
19786098058,89367121,89352,89352,3,0,0,0.6513776779174805,0,-0.010989189147949219,0,-0.014652252197265625,0,0,0,0,0,0,0,0,0,0,0,0,0,0,0,7
19789731500,89371121,89356,89356,3,0,0,0.6513776779174805,0,-0.0036630630493164062,0,-0.0048847198486328125,0,0,0,0,0,0,0,0,0,0,0,0,0,0,0,7
19794040750,89377121,89362,89362,3,0,0,0.6513776779174805,0,0.0036630630493164062,0,-0.014652252197265625,0,0,0,0,0,0,0,0,0,0,0,0,0,0,0,7
19798350000,89380120,89365,89365,3,0,0,0.6509943008422852,0,-0.010989189147949219,0,-0.014652252197265625,0,0,0,0,0,0,0,0,0,0,0,0,0,0,0,7
19802659250,89385129,89370,89370,3,0,0,0.6513776779174805,0,0.010989189147949219,0,-0.014652252197265625,0,0,0,0,0,0,0,0,0,0,0,0,0,0,0,7
19806968500,89388135,89373,89373,3,0,0,0.6513776779174805,0,0.0036630630493164062,0,-0.014652252197265625,0,0,0,0,0,0,0,0,0,0,0,0,0,0,0,7
19811277750,89392120,89377,89377,3,0,0,0.6513776779174805,0,-0.010989189147949219,0,-0.014652252197265625,0,0,0,0,0,0,0,0,0,0,0,0,0,0,0,7
19815587000,89395133,89380,89380,3,0,0,0.6509943008422852,0,-0.0036630630493164062,0,-0.014652252197265625,0,0,0,0,0,0,0,0,0,0,0,0,0,0,0,7
19819896250,89400129,89385,89385,3,0,0,0.6513776779174805,0,-0.010989189147949219,0,-0.014652252197265625,0,0,0,0,0,0,0,0,0,0,0,0,0,0,0,7
19824205500,89404120,89389,89389,3,0,0,0.6513776779174805,0,0.0036630630493164062,0,-0.014652252197265625,0,0,0,0,0,0,0,0,0,0,0,0,0,0,0,7
19829154148,89417125,89402,89402,3,0,0,0.6513776779174805,0,0.0036630630493164062,0,-0.0048847198486328125,0,0,0,0,0,0,0,0,0,0,0,0,0,0,0,7
19834102790,89420122,89405,89405,3,0,0,0.6513776779174805,0,0.0036630630493164062,0,-0.0048847198486328125,0,0,0,0,0,0,0,0,0,0,0,0,0,0,0,7
19839051432,89424124,89409,89409,3,0,0,0.6513776779174805,0,0.0036630630493164062,0,-0.0048847198486328125,0,0,0,0,0,0,0,0,0,0,0,0,0,0,0,7
19844000074,89427121,89412,89412,3,0,0,0.6513776779174805,0,-0.010989189147949219,0,-0.0048847198486328125,0,0,0,0,0,0,0,0,0,0,0,0,0,0,0,7
19848948716,89434120,89419,89419,3,0,0,0.6513776779174805,0,-0.0036630630493164062,0,-0.0048847198486328125,0,0,0,0,0,0,0,0,0,0,0,0,0,0,0,7
19853897358,89437121,89422,89422,3,0,0,0.6513776779174805,0,-0.01831531524658203,0,-0.0048847198486328125,0,0,0,0,0,0,0,0,0,0,0,0,0,0,0,7
19858846000,89441120,89426,89426,3,0,0,0.6513776779174805,0,-0.0036630630493164062,0,-0.0048847198486328125,0,0,0,0,0,0,0,0,0,0,0,0,0,0,0,7
19862656200,89448120,89433,89433,3,0,0,0.6513776779174805,0,-0.0036630630493164062,0,-0.0048847198486328125,0,0,0,0,0,0,0,0,0,0,0,0,0,0,0,7
19866466400,89451121,89436,89436,3,0,0,0.6513776779174805,0,-0.010989189147949219,0,-0.0048847198486328125,0,0,0,0,0,0,0,0,0,0,0,0,0,0,0,7
19870276600,89457130,89442,89442,3,0,0,0.6513776779174805,0,-0.0036630630493164062,0,-0.0048847198486328125,0,0,0,0,0,0,0,0,0,0,0,0,0,0,0,7
19874086800,89460121,89445,89445,3,0,0,0.6513776779174805,0,0.010989189147949219,0,-0.0048847198486328125,0,0,0,0,0,0,0,0,0,0,0,0,0,0,0,7
19877897000,89463120,89448,89448,3,0,0,0.6513776779174805,0,-0.010989189147949219,0,-0.0048847198486328125,0,0,0,0,0,0,0,0,0,0,0,0,0,0,0,7
19881707200,89465131,89450,89450,3,0,0,0.6513776779174805,0,0.0036630630493164062,0,-0.0048847198486328125,0,0,0,0,0,0,0,0,0,0,0,0,0,0,0,7
19885517400,89468120,89453,89453,3,0,0,0.6513776779174805,0,0.0036630630493164062,0,-0.014652252197265625,0,0,0,0,0,0,0,0,0,0,0,0,0,0,0,7
19889634841,89474124,89459,89459,3,0,0,0.6513776779174805,0,-0.010989189147949219,0,-0.0048847198486328125,0,0,0,0,0,0,0,0,0,0,0,0,0,0,0,7
19893752278,89477121,89462,89462,3,0,0,0.6513776779174805,0,-0.0036630630493164062,0,-0.0048847198486328125,0,0,0,0,0,0,0,0,0,0,0,0,0,0,0,7
19897869715,89479121,89464,89464,3,0,0,0.6513776779174805,0,-0.010989189147949219,0,-0.0048847198486328125,0,0,0,0,0,0,0,0,0,0,0,0,0,0,0,7
19901987152,89482124,89467,89467,3,0,0,0.6513776779174805,0,0.0036630630493164062,0,-0.0048847198486328125,0,0,0,0,0,0,0,0,0,0,0,0,0,0,0,7
19906104589,89485137,89470,89470,3,0,0,0.6513776779174805,0,-0.0036630630493164062,0,0.0048847198486328125,0,0,0,0,0,0,0,0,0,0,0,0,0,0,0,7
19910222026,89488120,89473,89473,3,0,0,0.6513776779174805,0,0.0036630630493164062,0,-0.0048847198486328125,0,0,0,0,0,0,0,0,0,0,0,0,0,0,0,7
19914339463,89496121,89481,89481,3,0,0,0.6513776779174805,0,0.0036630630493164062,0,-0.014652252197265625,0,0,0,0,0,0,0,0,0,0,0,0,0,0,0,7
19918456900,89498124,89483,89484,3,0,0,0.6513776779174805,0,0.0036630630493164062,0,-0.014652252197265625,0,0,0,0,0,0,0,0,0,0,0,0,0,0,0,7
19921635248,89505129,89490,89490,3,0,0,0.6513776779174805,0,-0.010989189147949219,0,-0.014652252197265625,0,0,0,0,0,0,0,0,0,0,0,0,0,0,0,7
19924813590,89509121,89494,89494,3,0,0,0.6513776779174805,0,-0.0036630630493164062,0,-0.014652252197265625,0,0,0,0,0,0,0,0,0,0,0,0,0,0,0,7
19927991932,89511124,89496,89496,3,0,0,0.6513776779174805,0,0.010989189147949219,0,-0.014652252197265625,0,0,0,0,0,0,0,0,0,0,0,0,0,0,0,7
19931170274,89514135,89499,89499,3,0,0,0.6513776779174805,0,0.0036630630493164062,0,-0.014652252197265625,0,0,0,0,0,0,0,0,0,0,0,0,0,0,0,7
19934348616,89517121,89502,89502,3,0,0,0.6513776779174805,0,0.010989189147949219,0,-0.014652252197265625,0,0,0,0,0,0,0,0,0,0,0,0,0,0,0,7
19937526958,89520120,89505,89505,3,0,0,0.6509943008422852,0,-0.01831531524658203,0,-0.014652252197265625,0,0,0,0,0,0,0,0,0,0,0,0,0,0,0,7
19940705300,89523122,89508,89508,3,0,0,0.6513776779174805,0,-0.010989189147949219,0,-0.014652252197265625,0,0,0,0,0,0,0,0,0,0,0,0,0,0,0,7
19944066925,89529124,89514,89514,3,0,0,0.6513776779174805,0,-0.0036630630493164062,0,-0.0048847198486328125,0,0,0,0,0,0,0,0,0,0,0,0,0,0,0,7
19947428550,89531122,89516,89516,3,0,0,0.6513776779174805,0,-0.010989189147949219,0,-0.0048847198486328125,0,0,0,0,0,0,0,0,0,0,0,0,0,0,0,7
19950790175,89533121,89518,89518,3,0,0,0.6513776779174805,0,-0.01831531524658203,0,-0.0048847198486328125,0,0,0,0,0,0,0,0,0,0,0,0,0,0,0,7
19954151800,89536122,89521,89521,3,0,0,0.6513776779174805,0,-0.0036630630493164062,0,-0.0048847198486328125,0,0,0,0,0,0,0,0,0,0,0,0,0,0,0,7
19957513425,89542135,89527,89527,3,0,0,0.6513776779174805,0,-0.0036630630493164062,0,-0.0048847198486328125,0,0,0,0,0,0,0,0,0,0,0,0,0,0,0,7
19960875050,89544123,89529,89530,3,0,0,0.6513776779174805,0,-0.0036630630493164062,0,-0.0048847198486328125,0,0,0,0,0,0,0,0,0,0,0,0,0,0,0,7
19964236675,89547121,89532,89532,3,0,0,0.6513776779174805,0,-0.0036630630493164062,0,-0.0048847198486328125,0,0,0,0,0,0,0,0,0,0,0,0,0,0,0,7
19967598300,89549121,89534,89534,3,0,0,0.6513776779174805,0,-0.0036630630493164062,0,-0.014652252197265625,0,0,0,0,0,0,0,0,0,0,0,0,0,0,0,7
19970416375,89554120,89539,89539,3,0,0,0.6513776779174805,0,-0.010989189147949219,0,-0.014652252197265625,0,0,0,0,0,0,0,0,0,0,0,0,0,0,0,7
19973234450,89556138,89542,89542,3,0,0,0.6513776779174805,0,-0.010989189147949219,0,-0.014652252197265625,0,0,0,0,0,0,0,0,0,0,0,0,0,0,0,7
19976052525,89559121,89544,89544,3,0,0,0.6513776779174805,0,-0.010989189147949219,0,-0.014652252197265625,0,0,0,0,0,0,0,0,0,0,0,0,0,0,0,7
19978870600,89561124,89546,89546,3,0,0,0.6513776779174805,0,-0.010989189147949219,0,-0.0048847198486328125,0,0,0,0,0,0,0,0,0,0,0,0,0,0,0,7
19981688675,89563121,89548,89548,3,0,0,0.6513776779174805,0,-0.010989189147949219,0,-0.0048847198486328125,0,0,0,0,0,0,0,0,0,0,0,0,0,0,0,7
19984506750,89566120,89551,89551,3,0,0,0.6513776779174805,0,0.0036630630493164062,0,-0.0048847198486328125,0,0,0,0,0,0,0,0,0,0,0,0,0,0,0,7
19987324825,89569133,89554,89554,3,0,0,0.6513776779174805,0,-0.010989189147949219,0,-0.014652252197265625,0,0,0,0,0,0,0,0,0,0,0,0,0,0,0,7
19990142900,89572120,89557,89557,3,0,0,0.6513776779174805,0,-0.010989189147949219,0,-0.014652252197265625,0,0,0,0,0,0,0,0,0,0,0,0,0,0,0,7
19993267491,89578120,89563,89563,3,0,0,0.6513776779174805,0,-0.010989189147949219,0,0.0048847198486328125,0,0,0,0,0,0,0,0,0,0,0,0,0,0,0,7
19996392078,89583129,89568,89568,3,0,0,0.6513776779174805,0,0.0036630630493164062,0,-0.0048847198486328125,0,0,0,0,0,0,0,0,0,0,0,0,0,0,0,7
19999516665,89586120,89571,89571,3,0,0,0.6513776779174805,0,-0.0036630630493164062,0,0.0048847198486328125,0,0,0,0,0,0,0,0,0,0,0,0,0,0,0,7
20002641252,89588120,89573,89573,3,0,0,0.6513776779174805,0,-0.0036630630493164062,0,-0.0048847198486328125,0,0,0,0,0,0,0,0,0,0,0,0,0,0,0,7
20005765839,89590124,89575,89575,3,0,0,0.6513776779174805,0,0.010989189147949219,0,-0.0048847198486328125,0,0,0,0,0,0,0,0,0,0,0,0,0,0,0,7
20008890426,89592120,89577,89577,3,0,0,0.6513776779174805,0,-0.01831531524658203,0,-0.014652252197265625,0,0,0,0,0,0,0,0,0,0,0,0,0,0,0,7
20012015013,89595129,89580,89580,3,0,0,0.6513776779174805,0,0.0036630630493164062,0,-0.014652252197265625,0,0,0,0,0,0,0,0,0,0,0,0,0,0,0,7
20015139600,89597128,89582,89582,3,0,0,0.6513776779174805,0,0.0036630630493164062,0,-0.014652252197265625,0,0,0,0,0,0,0,0,0,0,0,0,0,0,0,7
20017921925,89601123,89586,89586,3,0,0,0.6513776779174805,0,-0.0036630630493164062,0,-0.0048847198486328125,0,0,0,0,0,0,0,0,0,0,0,0,0,0,0,7
20020704250,89604120,89589,89589,3,0,0,0.6509943008422852,0,-0.010989189147949219,0,-0.0048847198486328125,0,0,0,0,0,0,0,0,0,0,0,0,0,0,0,7
20023486575,89606124,89591,89592,3,0,0,0.6513776779174805,0,0.0036630630493164062,0,-0.0048847198486328125,0,0,0,0,0,0,0,0,0,0,0,0,0,0,0,7
20026268900,89609121,89594,89594,3,0,0,0.6513776779174805,0,0.0036630630493164062,0,-0.014652252197265625,0,0,0,0,0,0,0,0,0,0,0,0,0,0,0,7
20029051225,89612135,89598,89598,3,0,0,0.6513776779174805,0,-0.01831531524658203,0,-0.014652252197265625,0,0,0,0,0,0,0,0,0,0,0,0,0,0,0,7
20031833550,89615129,89600,89600,3,0,0,0.6513776779174805,0,-0.0036630630493164062,0,-0.014652252197265625,0,0,0,0,0,0,0,0,0,0,0,0,0,0,0,7
20034615875,89617121,89602,89602,3,0,0,0.6513776779174805,0,-0.010989189147949219,0,-0.0048847198486328125,0,0,0,0,0,0,0,0,0,0,0,0,0,0,0,7
20037398200,89619124,89604,89604,3,0,0,0.6513776779174805,0,-0.01831531524658203,0,-0.014652252197265625,0,0,0,0,0,0,0,0,0,0,0,0,0,0,0,7
20040237250,89624120,89609,89609,3,0,0,0.6513776779174805,0,-0.0036630630493164062,0,-0.0048847198486328125,0,0,0,0,0,0,0,0,0,0,0,0,0,0,0,7
20043076300,89626134,89611,89611,3,0,0,0.6513776779174805,0,0.010989189147949219,0,-0.0048847198486328125,0,0,0,0,0,0,0,0,0,0,0,0,0,0,0,7
20045915350,89628121,89613,89613,3,0,0,0.6513776779174805,0,0.0036630630493164062,0,-0.0048847198486328125,0,0,0,0,0,0,0,0,0,0,0,0,0,0,0,7
20048754400,89630120,89615,89615,3,0,0,0.6513776779174805,0,-0.0036630630493164062,0,-0.0048847198486328125,0,0,0,0,0,0,0,0,0,0,0,0,0,0,0,7
20051593450,89633121,89618,89618,3,0,0,0.6513776779174805,0,-0.0036630630493164062,0,-0.014652252197265625,0,0,0,0,0,0,0,0,0,0,0,0,0,0,0,7
20054432500,89635132,89620,89620,3,0,0,0.6513776779174805,0,-0.0036630630493164062,0,-0.014652252197265625,0,0,0,0,0,0,0,0,0,0,0,0,0,0,0,7
20057271550,89639131,89624,89624,3,0,0,0.6513776779174805,0,-0.0036630630493164062,0,-0.014652252197265625,0,0,0,0,0,0,0,0,0,0,0,0,0,0,0,7
20060110600,89641125,89626,89626,3,0,0,0.6513776779174805,0,-0.01831531524658203,0,-0.0048847198486328125,0,0,0,0,0,0,0,0,0,0,0,0,0,0,0,7
20063767300,89649121,89634,89634,3,0,0,0.6513776779174805,0,-0.01831531524658203,0,-0.014652252197265625,0,0,0,0,0,0,0,0,0,0,0,0,0,0,0,7
20067424000,89651121,89636,89636,3,0,0,0.6513776779174805,0,0.0036630630493164062,0,-0.014652252197265625,0,0,0,0,0,0,0,0,0,0,0,0,0,0,0,7
20071080700,89654135,89639,89639,3,0,0,0.6513776779174805,0,-0.010989189147949219,0,-0.014652252197265625,0,0,0,0,0,0,0,0,0,0,0,0,0,0,0,7
20074737400,89659121,89644,89644,3,0,0,0.6513776779174805,0,-0.010989189147949219,0,-0.0048847198486328125,0,0,0,0,0,0,0,0,0,0,0,0,0,0,0,7
20078394100,89662120,89647,89647,3,0,0,0.6509943008422852,0,-0.010989189147949219,0,-0.014652252197265625,0,0,0,0,0,0,0,0,0,0,0,0,0,0,0,7
20082050800,89665129,89650,89650,3,0,0,0.6513776779174805,0,-0.010989189147949219,0,-0.014652252197265625,0,0,0,0,0,0,0,0,0,0,0,0,0,0,0,7
20085707500,89667129,89652,89652,3,0,0,0.6513776779174805,0,-0.0036630630493164062,0,-0.014652252197265625,0,0,0,0,0,0,0,0,0,0,0,0,0,0,0,7
20089364200,89670121,89655,89655,3,0,0,0.6513776779174805,0,-0.0036630630493164062,0,-0.014652252197265625,0,0,0,0,0,0,0,0,0,0,0,0,0,0,0,7
20092103000,89676122,89661,89661,3,0,0,0.6513776779174805,0,0.0036630630493164062,0,-0.0048847198486328125,0,0,0,0,0,0,0,0,0,0,0,0,0,0,0,7
20094847273,89678120,89663,89663,3,0,0,0.6513776779174805,0,-0.010989189147949219,0,-0.014652252197265625,0,0,0,0,0,0,0,0,0,0,0,0,0,0,0,7
20097591546,89681130,89666,89666,3,0,0,0.6513776779174805,0,0.0036630630493164062,0,-0.014652252197265625,0,0,0,0,0,0,0,0,0,0,0,0,0,0,0,7
20100335819,89683125,89668,89668,3,0,0,0.6513776779174805,0,0.0036630630493164062,0,-0.0048847198486328125,0,0,0,0,0,0,0,0,0,0,0,0,0,0,0,7
20103080092,89686120,89671,89671,3,0,0,0.6513776779174805,0,0.0036630630493164062,0,-0.0048847198486328125,0,0,0,0,0,0,0,0,0,0,0,0,0,0,0,7
20105824365,89689122,89674,89674,3,0,0,0.6513776779174805,0,-0.0036630630493164062,0,-0.014652252197265625,0,0,0,0,0,0,0,0,0,0,0,0,0,0,0,7
20108568638,89692120,89677,89677,3,0,0,0.6513776779174805,0,0.010989189147949219,0,-0.014652252197265625,0,0,0,0,0,0,0,0,0,0,0,0,0,0,0,7
20111312911,89694120,89679,89679,3,0,0,0.6513776779174805,0,0.0036630630493164062,0,-0.0048847198486328125,0,0,0,0,0,0,0,0,0,0,0,0,0,0,0,7
20114057184,89697126,89682,89682,3,0,0,0.6513776779174805,0,0.0036630630493164062,0,-0.0048847198486328125,0,0,0,0,0,0,0,0,0,0,0,0,0,0,0,7
20116801457,89699122,89684,89684,3,0,0,0.6513776779174805,0,0.0036630630493164062,0,-0.0048847198486328125,0,0,0,0,0,0,0,0,0,0,0,0,0,0,0,7
20119545730,89701126,89686,89686,3,0,0,0.6513776779174805,0,-0.010989189147949219,0,-0.014652252197265625,0,0,0,0,0,0,0,0,0,0,0,0,0,0,0,7
20122290003,89704121,89689,89689,3,0,0,0.6513776779174805,0,-0.010989189147949219,0,-0.014652252197265625,0,0,0,0,0,0,0,0,0,0,0,0,0,0,0,7
20125034276,89707121,89692,89692,3,0,0,0.6513776779174805,0,-0.0036630630493164062,0,-0.014652252197265625,0,0,0,0,0,0,0,0,0,0,0,0,0,0,0,7
20127778549,89710137,89695,89695,3,0,0,0.6513776779174805,0,0.010989189147949219,0,-0.014652252197265625,0,0,0,0,0,0,0,0,0,0,0,0,0,0,0,7
20130522822,89712120,89697,89697,3,0,0,0.6513776779174805,0,-0.010989189147949219,0,-0.0048847198486328125,0,0,0,0,0,0,0,0,0,0,0,0,0,0,0,7
20133267095,89715129,89700,89700,3,0,0,0.6513776779174805,0,-0.010989189147949219,0,-0.0048847198486328125,0,0,0,0,0,0,0,0,0,0,0,0,0,0,0,7
20136363916,89720120,89705,89705,3,0,0,0.6513776779174805,0,-0.0036630630493164062,0,-0.014652252197265625,0,0,0,0,0,0,0,0,0,0,0,0,0,0,0,7
20139460728,89723129,89708,89708,3,0,0,0.6513776779174805,0,0.0036630630493164062,0,-0.014652252197265625,0,0,0,0,0,0,0,0,0,0,0,0,0,0,0,7
20142557540,89725134,89710,89710,3,0,0,0.6513776779174805,0,0.0036630630493164062,0,-0.014652252197265625,0,0,0,0,0,0,0,0,0,0,0,0,0,0,0,7
20145654352,89728120,89713,89713,3,0,0,0.6513776779174805,0,-0.010989189147949219,0,-0.014652252197265625,0,0,0,0,0,0,0,0,0,0,0,0,0,0,0,7
20148751164,89730124,89715,89715,3,0,0,0.6509943008422852,0,-0.010989189147949219,0,-0.014652252197265625,0,0,0,0,0,0,0,0,0,0,0,0,0,0,0,7
20151847976,89733121,89718,89718,3,0,0,0.6513776779174805,0,0.0036630630493164062,0,-0.014652252197265625,0,0,0,0,0,0,0,0,0,0,0,0,0,0,0,7
20154944788,89736121,89721,89721,3,0,0,0.6513776779174805,0,-0.01831531524658203,0,-0.014652252197265625,0,0,0,0,0,0,0,0,0,0,0,0,0,0,0,7
20158041600,89740120,89725,89725,3,0,0,0.6513776779174805,0,-0.0036630630493164062,0,-0.014652252197265625,0,0,0,0,0,0,0,0,0,0,0,0,0,0,0,7
20161107741,89744120,89729,89729,3,0,0,0.6513776779174805,0,0.0036630630493164062,0,-0.0048847198486328125,0,0,0,0,0,0,0,0,0,0,0,0,0,0,0,7
20164173878,89747123,89732,89732,3,0,0,0.6513776779174805,0,-0.010989189147949219,0,-0.0048847198486328125,0,0,0,0,0,0,0,0,0,0,0,0,0,0,0,7
20167240015,89749121,89734,89734,3,0,0,0.6513776779174805,0,-0.010989189147949219,0,-0.0048847198486328125,0,0,0,0,0,0,0,0,0,0,0,0,0,0,0,7
20170306152,89751133,89737,89737,3,0,0,0.6513776779174805,0,-0.010989189147949219,0,-0.0048847198486328125,0,0,0,0,0,0,0,0,0,0,0,0,0,0,0,7
20173372289,89754120,89739,89739,3,0,0,0.6513776779174805,0,0.0036630630493164062,0,-0.0048847198486328125,0,0,0,0,0,0,0,0,0,0,0,0,0,0,0,7
20176438426,89757121,89742,89742,3,0,0,0.6513776779174805,0,-0.0036630630493164062,0,-0.0048847198486328125,0,0,0,0,0,0,0,0,0,0,0,0,0,0,0,7
20179504563,89761120,89746,89746,3,0,0,0.6513776779174805,0,0.0036630630493164062,0,-0.0048847198486328125,0,0,0,0,0,0,0,0,0,0,0,0,0,0,0,7
20182570700,89764125,89749,89749,3,0,0,0.6513776779174805,0,-0.010989189147949219,0,-0.0048847198486328125,0,0,0,0,0,0,0,0,0,0,0,0,0,0,0,7
20185864341,89771121,89756,89756,3,0,0,0.6513776779174805,0,0.0036630630493164062,0,-0.014652252197265625,0,0,0,0,0,0,0,0,0,0,0,0,0,0,0,7
20189157978,89774120,89759,89759,3,0,0,0.6513776779174805,0,-0.0036630630493164062,0,-0.014652252197265625,0,0,0,0,0,0,0,0,0,0,0,0,0,0,0,7
20192451615,89777121,89762,89762,3,0,0,0.6513776779174805,0,-0.010989189147949219,0,-0.014652252197265625,0,0,0,0,0,0,0,0,0,0,0,0,0,0,0,7
20195745252,89779129,89764,89764,3,0,0,0.6513776779174805,0,0.010989189147949219,0,-0.0048847198486328125,0,0,0,0,0,0,0,0,0,0,0,0,0,0,0,7
20199038889,89782120,89767,89767,3,0,0,0.6513776779174805,0,-0.0036630630493164062,0,0.0048847198486328125,0,0,0,0,0,0,0,0,0,0,0,0,0,0,0,7
20202332526,89785129,89770,89770,3,0,0,0.6513776779174805,0,-0.025641441345214844,0,-0.014652252197265625,0,0,0,0,0,0,0,0,0,0,0,0,0,0,0,7
20205626163,89787121,89772,89772,3,0,0,0.6513776779174805,0,-0.0036630630493164062,0,-0.014652252197265625,0,0,0,0,0,0,0,0,0,0,0,0,0,0,0,7
20208919800,89790120,89775,89775,3,0,0,0.6513776779174805,0,-0.0036630630493164062,0,-0.0048847198486328125,0,0,0,0,0,0,0,0,0,0,0,0,0,0,0,7
20211941416,89795133,89780,89780,3,0,0,0.6509943008422852,0,-0.0036630630493164062,0,-0.014652252197265625,0,0,0,0,0,0,0,0,0,0,0,0,0,0,0,7
20214963028,89798120,89783,89783,3,0,0,0.6513776779174805,0,-0.0036630630493164062,0,-0.014652252197265625,0,0,0,0,0,0,0,0,0,0,0,0,0,0,0,7
20217984640,89800130,89785,89785,3,0,0,0.6509943008422852,0,-0.0036630630493164062,0,-0.014652252197265625,0,0,0,0,0,0,0,0,0,0,0,0,0,0,0,7
20221006252,89802121,89787,89787,3,0,0,0.6513776779174805,0,0.010989189147949219,0,-0.014652252197265625,0,0,0,0,0,0,0,0,0,0,0,0,0,0,0,7
20224027864,89805131,89790,89790,3,0,0,0.6513776779174805,0,0.0036630630493164062,0,-0.014652252197265625,0,0,0,0,0,0,0,0,0,0,0,0,0,0,0,7
20227049476,89810120,89795,89795,3,0,0,0.6513776779174805,0,-0.0036630630493164062,0,-0.014652252197265625,0,0,0,0,0,0,0,0,0,0,0,0,0,0,0,7
20230071088,89813122,89798,89798,3,0,0,0.6513776779174805,0,-0.0036630630493164062,0,-0.014652252197265625,0,0,0,0,0,0,0,0,0,0,0,0,0,0,0,7
20233092700,89815129,89800,89800,3,0,0,0.6513776779174805,0,-0.0036630630493164062,0,-0.014652252197265625,0,0,0,0,0,0,0,0,0,0,0,0,0,0,0,7
20236338675,89819121,89804,89804,3,0,0,0.6513776779174805,0,0.0036630630493164062,0,-0.0048847198486328125,0,0,0,0,0,0,0,0,0,0,0,0,0,0,0,7
20239584650,89822139,89807,89807,3,0,0,0.6513776779174805,0,-0.010989189147949219,0,-0.0048847198486328125,0,0,0,0,0,0,0,0,0,0,0,0,0,0,0,7
20242830625,89826122,89811,89811,3,0,0,0.6513776779174805,0,0.0036630630493164062,0,-0.0048847198486328125,0,0,0,0,0,0,0,0,0,0,0,0,0,0,0,7
20246076600,89828120,89813,89813,3,0,0,0.6513776779174805,0,0.0036630630493164062,0,-0.0048847198486328125,0,0,0,0,0,0,0,0,0,0,0,0,0,0,0,7
20249322575,89830124,89815,89815,3,0,0,0.6513776779174805,0,-0.010989189147949219,0,0.0048847198486328125,0,0,0,0,0,0,0,0,0,0,0,0,0,0,0,7
20252568550,89833121,89818,89818,3,0,0,0.6513776779174805,0,-0.010989189147949219,0,0.0048847198486328125,0,0,0,0,0,0,0,0,0,0,0,0,0,0,0,7
20255814525,89836135,89821,89821,3,0,0,0.6513776779174805,0,-0.0036630630493164062,0,-0.0048847198486328125,0,0,0,0,0,0,0,0,0,0,0,0,0,0,0,7
20259060500,89841121,89826,89826,3,0,0,0.6513776779174805,0,0.0036630630493164062,0,-0.014652252197265625,0,0,0,0,0,0,0,0,0,0,0,0,0,0,0,7
20262456950,89845129,89830,89830,3,0,0,0.6513776779174805,0,0.0036630630493164062,0,-0.0048847198486328125,0,0,0,0,0,0,0,0,0,0,0,0,0,0,0,7
20265853400,89849129,89834,89834,3,0,0,0.6513776779174805,0,0.010989189147949219,0,-0.0048847198486328125,0,0,0,0,0,0,0,0,0,0,0,0,0,0,0,7
20269249850,89852123,89837,89837,3,0,0,0.6513776779174805,0,-0.0036630630493164062,0,-0.0048847198486328125,0,0,0,0,0,0,0,0,0,0,0,0,0,0,0,7
20272646300,89855131,89840,89840,3,0,0,0.6513776779174805,0,-0.010989189147949219,0,-0.0048847198486328125,0,0,0,0,0,0,0,0,0,0,0,0,0,0,0,7
20276042750,89858120,89843,89843,3,0,0,0.6513776779174805,0,-0.0036630630493164062,0,-0.0048847198486328125,0,0,0,0,0,0,0,0,0,0,0,0,0,0,0,7
20279439200,89860120,89845,89845,3,0,0,0.6513776779174805,0,-0.010989189147949219,0,-0.0048847198486328125,0,0,0,0,0,0,0,0,0,0,0,0,0,0,0,7
20282835650,89864136,89849,89849,3,0,0,0.6513776779174805,0,-0.0036630630493164062,0,-0.014652252197265625,0,0,0,0,0,0,0,0,0,0,0,0,0,0,0,7
20286232100,89868121,89853,89853,3,0,0,0.6513776779174805,0,-0.0036630630493164062,0,-0.0048847198486328125,0,0,0,0,0,0,0,0,0,0,0,0,0,0,0,7
20290325475,89876121,89861,89861,3,0,0,0.6513776779174805,0,-0.0036630630493164062,0,-0.0048847198486328125,0,0,0,0,0,0,0,0,0,0,0,0,0,0,0,7
20294418850,89879126,89864,89864,3,0,0,0.6513776779174805,0,0.010989189147949219,0,-0.0048847198486328125,0,0,0,0,0,0,0,0,0,0,0,0,0,0,0,7
20298512225,89881121,89866,89866,3,0,0,0.6513776779174805,0,-0.010989189147949219,0,-0.0048847198486328125,0,0,0,0,0,0,0,0,0,0,0,0,0,0,0,7
20302605600,89885129,89870,89870,3,0,0,0.6513776779174805,0,-0.010989189147949219,0,-0.0048847198486328125,0,0,0,0,0,0,0,0,0,0,0,0,0,0,0,7
20306698975,89889121,89874,89874,3,0,0,0.6513776779174805,0,-0.0036630630493164062,0,-0.0048847198486328125,0,0,0,0,0,0,0,0,0,0,0,0,0,0,0,7
20310792350,89892137,89877,89877,3,0,0,0.6513776779174805,0,0.0036630630493164062,0,-0.014652252197265625,0,0,0,0,0,0,0,0,0,0,0,0,0,0,0,7
20314885725,89896125,89881,89881,3,0,0,0.6513776779174805,0,-0.010989189147949219,0,-0.0048847198486328125,0,0,0,0,0,0,0,0,0,0,0,0,0,0,0,7
20318979100,89901123,89886,89886,3,0,0,0.6513776779174805,0,-0.01831531524658203,0,-0.014652252197265625,0,0,0,0,0,0,0,0,0,0,0,0,0,0,0,7
20323028925,89906135,89891,89891,3,0,0,0.6513776779174805,0,0.0036630630493164062,0,-0.0048847198486328125,0,0,0,0,0,0,0,0,0,0,0,0,0,0,0,7
20327078750,89910120,89895,89895,3,0,0,0.6509943008422852,0,-0.0036630630493164062,0,-0.0048847198486328125,0,0,0,0,0,0,0,0,0,0,0,0,0,0,0,7
20331128575,89915129,89901,89901,3,0,0,0.6513776779174805,0,0.0036630630493164062,0,-0.0048847198486328125,0,0,0,0,0,0,0,0,0,0,0,0,0,0,0,7
20335178400,89919128,89904,89904,3,0,0,0.6513776779174805,0,0.010989189147949219,0,-0.014652252197265625,0,0,0,0,0,0,0,0,0,0,0,0,0,0,0,7
20339228225,89923121,89908,89908,3,0,0,0.6513776779174805,0,-0.010989189147949219,0,-0.0048847198486328125,0,0,0,0,0,0,0,0,0,0,0,0,0,0,0,7
20343278050,89926120,89911,89911,3,0,0,0.6513776779174805,0,0.0036630630493164062,0,-0.0048847198486328125,0,0,0,0,0,0,0,0,0,0,0,0,0,0,0,7
20347327875,89929123,89914,89914,3,0,0,0.6513776779174805,0,-0.0036630630493164062,0,-0.014652252197265625,0,0,0,0,0,0,0,0,0,0,0,0,0,0,0,7
20351377700,89932121,89917,89917,3,0,0,0.6513776779174805,0,-0.01831531524658203,0,-0.014652252197265625,0,0,0,0,0,0,0,0,0,0,0,0,0,0,0,7
20355425732,89939121,89924,89924,3,0,0,0.6513776779174805,0,0.0036630630493164062,0,-0.014652252197265625,0,0,0,0,0,0,0,0,0,0,0,0,0,0,0,7
20359473760,89943120,89928,89928,3,0,0,0.6513776779174805,0,-0.0036630630493164062,0,-0.0048847198486328125,0,0,0,0,0,0,0,0,0,0,0,0,0,0,0,7
20363521788,89947129,89932,89932,3,0,0,0.6513776779174805,0,-0.0036630630493164062,0,-0.0048847198486328125,0,0,0,0,0,0,0,0,0,0,0,0,0,0,0,7
20367569816,89950130,89935,89935,3,0,0,0.6513776779174805,0,0.0036630630493164062,0,-0.0048847198486328125,0,0,0,0,0,0,0,0,0,0,0,0,0,0,0,7
20371617844,89954124,89939,89939,3,0,0,0.6513776779174805,0,0.010989189147949219,0,-0.014652252197265625,0,0,0,0,0,0,0,0,0,0,0,0,0,0,0,7
20375665872,89958122,89943,89943,3,0,0,0.6513776779174805,0,-0.0036630630493164062,0,-0.014652252197265625,0,0,0,0,0,0,0,0,0,0,0,0,0,0,0,7
20379713900,89962139,89947,89947,3,0,0,0.6513776779174805,0,0.0036630630493164062,0,-0.014652252197265625,0,0,0,0,0,0,0,0,0,0,0,0,0,0,0,7
20383505458,89966122,89951,89951,3,0,0,0.6513776779174805,0,0.010989189147949219,0,-0.0048847198486328125,0,0,0,0,0,0,0,0,0,0,0,0,0,0,0,7
20387297015,89969121,89954,89954,3,0,0,0.6513776779174805,0,-0.0036630630493164062,0,-0.0048847198486328125,0,0,0,0,0,0,0,0,0,0,0,0,0,0,0,7
20391088572,89972120,89957,89957,3,0,0,0.6513776779174805,0,-0.010989189147949219,0,-0.014652252197265625,0,0,0,0,0,0,0,0,0,0,0,0,0,0,0,7
20394880129,89976135,89961,89961,3,0,0,0.6513776779174805,0,-0.0036630630493164062,0,-0.014652252197265625,0,0,0,0,0,0,0,0,0,0,0,0,0,0,0,7
20398671686,89979123,89964,89964,3,0,0,0.6513776779174805,0,-0.0036630630493164062,0,-0.014652252197265625,0,0,0,0,0,0,0,0,0,0,0,0,0,0,0,7
20402463243,89982120,89967,89967,3,0,0,0.6513776779174805,0,-0.010989189147949219,0,-0.0048847198486328125,0,0,0,0,0,0,0,0,0,0,0,0,0,0,0,7
20406254800,89985129,89970,89971,3,0,0,0.6513776779174805,0,-0.01831531524658203,0,-0.0048847198486328125,0,0,0,0,0,0,0,0,0,0,0,0,0,0,0,7
20410682966,89996125,89981,89982,3,0,0,0.6513776779174805,0,-0.010989189147949219,0,-0.0048847198486328125,0,0,0,0,0,0,0,0,0,0,0,0,0,0,0,7
20415111128,90000131,89985,89985,3,0,0,0.6513776779174805,0,-0.0036630630493164062,0,-0.014652252197265625,0,0,0,0,0,0,0,0,0,0,0,0,0,0,0,7
20419539290,90004138,89989,89989,3,0,0,0.6513776779174805,0,-0.010989189147949219,0,-0.014652252197265625,0,0,0,0,0,0,0,0,0,0,0,0,0,0,0,7
20423967452,90008123,89993,89993,3,0,0,0.6513776779174805,0,-0.0036630630493164062,0,-0.0048847198486328125,0,0,0,0,0,0,0,0,0,0,0,0,0,0,0,7
20428395614,90012125,89997,89997,3,0,0,0.6513776779174805,0,-0.010989189147949219,0,-0.0048847198486328125,0,0,0,0,0,0,0,0,0,0,0,0,0,0,0,7
20432823776,90016122,90001,90001,3,0,0,0.6513776779174805,0,-0.0036630630493164062,0,-0.0048847198486328125,0,0,0,0,0,0,0,0,0,0,0,0,0,0,0,7
20437251938,90020124,90005,90005,3,0,0,0.6513776779174805,0,-0.01831531524658203,0,-0.014652252197265625,0,0,0,0,0,0,0,0,0,0,0,0,0,0,0,7
20441680100,90023121,90009,90009,3,0,0,0.6513776779174805,0,0.0036630630493164062,0,-0.0048847198486328125,0,0,0,0,0,0,0,0,0,0,0,0,0,0,0,7
20445752574,90028121,90013,90013,3,0,0,0.6513776779174805,0,-0.01831531524658203,0,-0.014652252197265625,0,0,0,0,0,0,0,0,0,0,0,0,0,0,0,7
20449825045,90032135,90017,90017,3,0,0,0.6513776779174805,0,0.0036630630493164062,0,-0.014652252197265625,0,0,0,0,0,0,0,0,0,0,0,0,0,0,0,7
20453897516,90035129,90020,90020,3,0,0,0.6513776779174805,0,-0.0036630630493164062,0,-0.0048847198486328125,0,0,0,0,0,0,0,0,0,0,0,0,0,0,0,7
20457969987,90040120,90025,90025,3,0,0,0.6513776779174805,0,-0.0036630630493164062,0,-0.0048847198486328125,0,0,0,0,0,0,0,0,0,0,0,0,0,0,0,7
20462042458,90043121,90028,90029,3,0,0,0.6513776779174805,0,0.010989189147949219,0,-0.0048847198486328125,0,0,0,0,0,0,0,0,0,0,0,0,0,0,0,7
20466114929,90046139,90031,90031,3,0,0,0.6513776779174805,0,0.010989189147949219,0,-0.014652252197265625,0,0,0,0,0,0,0,0,0,0,0,0,0,0,0,7
20470187400,90052123,90037,90037,3,0,0,0.6513776779174805,0,-0.010989189147949219,0,-0.0048847198486328125,0,0,0,0,0,0,0,0,0,0,0,0,0,0,0,7
20473917474,90057121,90042,90042,3,0,0,0.6509943008422852,0,0.010989189147949219,0,-0.0048847198486328125,0,0,0,0,0,0,0,0,0,0,0,0,0,0,0,7
20477647545,90060135,90045,90045,3,0,0,0.6513776779174805,0,-0.01831531524658203,0,-0.0048847198486328125,0,0,0,0,0,0,0,0,0,0,0,0,0,0,0,7
20481377616,90063121,90048,90048,3,0,0,0.6513776779174805,0,-0.0036630630493164062,0,-0.0048847198486328125,0,0,0,0,0,0,0,0,0,0,0,0,0,0,0,7
20485107687,90066122,90051,90051,3,0,0,0.6513776779174805,0,0.0036630630493164062,0,-0.0048847198486328125,0,0,0,0,0,0,0,0,0,0,0,0,0,0,0,7
20488837758,90070123,90055,90055,3,0,0,0.6513776779174805,0,0.010989189147949219,0,-0.0048847198486328125,0,0,0,0,0,0,0,0,0,0,0,0,0,0,0,7
20492567829,90074136,90059,90059,3,0,0,0.6509943008422852,0,0.0036630630493164062,0,-0.0048847198486328125,0,0,0,0,0,0,0,0,0,0,0,0,0,0,0,7
20496297900,90077121,90062,90062,3,0,0,0.6513776779174805,0,0.0036630630493164062,0,-0.014652252197265625,0,0,0,0,0,0,0,0,0,0,0,0,0,0,0,7
20500502850,90083124,90068,90068,3,0,0,0.6513776779174805,0,-0.010989189147949219,0,-0.0048847198486328125,0,0,0,0,0,0,0,0,0,0,0,0,0,0,0,7
20504707800,90087131,90072,90072,3,0,0,0.6513776779174805,0,0.0036630630493164062,0,-0.014652252197265625,0,0,0,0,0,0,0,0,0,0,0,0,0,0,0,7
20508912750,90091124,90076,90076,3,0,0,0.6513776779174805,0,-0.0036630630493164062,0,-0.014652252197265625,0,0,0,0,0,0,0,0,0,0,0,0,0,0,0,7
20513117700,90096121,90081,90081,3,0,0,0.6513776779174805,0,0.0036630630493164062,0,-0.0048847198486328125,0,0,0,0,0,0,0,0,0,0,0,0,0,0,0,7
20517322650,90099124,90084,90084,3,0,0,0.6513776779174805,0,-0.010989189147949219,0,-0.0048847198486328125,0,0,0,0,0,0,0,0,0,0,0,0,0,0,0,7
20521527600,90103126,90088,90088,3,0,0,0.6513776779174805,0,-0.010989189147949219,0,-0.0048847198486328125,0,0,0,0,0,0,0,0,0,0,0,0,0,0,0,7
20525732550,90108121,90093,90093,3,0,0,0.6513776779174805,0,-0.0036630630493164062,0,-0.0048847198486328125,0,0,0,0,0,0,0,0,0,0,0,0,0,0,0,7
20529937500,90111122,90096,90096,3,0,0,0.6509943008422852,0,0.0036630630493164062,0,-0.0048847198486328125,0,0,0,0,0,0,0,0,0,0,0,0,0,0,0,7
20533514590,90119121,90104,90104,3,0,0,0.6513776779174805,0,-0.010989189147949219,0,-0.0048847198486328125,0,0,0,0,0,0,0,0,0,0,0,0,0,0,0,7
20537091675,90121121,90106,90106,3,0,0,0.6509943008422852,0,-0.0036630630493164062,0,-0.0048847198486328125,0,0,0,0,0,0,0,0,0,0,0,0,0,0,0,7
20540668760,90125129,90110,90110,3,0,0,0.6513776779174805,0,0.0036630630493164062,0,-0.0048847198486328125,0,0,0,0,0,0,0,0,0,0,0,0,0,0,0,7
20544245845,90128124,90113,90113,3,0,0,0.6513776779174805,0,0.01831531524658203,0,-0.014652252197265625,0,0,0,0,0,0,0,0,0,0,0,0,0,0,0,7
20547822930,90131125,90116,90116,3,0,0,0.6513776779174805,0,-0.0036630630493164062,0,-0.014652252197265625,0,0,0,0,0,0,0,0,0,0,0,0,0,0,0,7
20551400015,90134120,90119,90119,3,0,0,0.6513776779174805,0,-0.010989189147949219,0,-0.014652252197265625,0,0,0,0,0,0,0,0,0,0,0,0,0,0,0,7
20554977100,90137121,90122,90122,3,0,0,0.6513776779174805,0,-0.010989189147949219,0,-0.014652252197265625,0,0,0,0,0,0,0,0,0,0,0,0,0,0,0,7
20558315450,90143128,90128,90128,3,0,0,0.6513776779174805,0,-0.0036630630493164062,0,-0.0048847198486328125,0,0,0,0,0,0,0,0,0,0,0,0,0,0,0,7
20561653800,90145135,90130,90130,3,0,0,0.6513776779174805,0,-0.0036630630493164062,0,-0.0048847198486328125,0,0,0,0,0,0,0,0,0,0,0,0,0,0,0,7
20564992150,90148120,90133,90133,3,0,0,0.6513776779174805,0,-0.0036630630493164062,0,-0.0048847198486328125,0,0,0,0,0,0,0,0,0,0,0,0,0,0,0,7
20568330500,90150128,90135,90135,3,0,0,0.6513776779174805,0,-0.010989189147949219,0,-0.0048847198486328125,0,0,0,0,0,0,0,0,0,0,0,0,0,0,0,7
20571668850,90153122,90138,90138,3,0,0,0.6513776779174805,0,-0.0036630630493164062,0,-0.0048847198486328125,0,0,0,0,0,0,0,0,0,0,0,0,0,0,0,7
20575007200,90156120,90141,90141,3,0,0,0.6513776779174805,0,-0.010989189147949219,0,-0.014652252197265625,0,0,0,0,0,0,0,0,0,0,0,0,0,0,0,7
20578345550,90160121,90145,90145,3,0,0,0.6513776779174805,0,0.0036630630493164062,0,-0.0048847198486328125,0,0,0,0,0,0,0,0,0,0,0,0,0,0,0,7
20581683900,90163121,90148,90148,3,0,0,0.6513776779174805,0,-0.0036630630493164062,0,-0.0048847198486328125,0,0,0,0,0,0,0,0,0,0,0,0,0,0,0,7
20585661566,90168121,90153,90153,3,0,0,0.6513776779174805,0,-0.010989189147949219,0,-0.0048847198486328125,0,0,0,0,0,0,0,0,0,0,0,0,0,0,0,7
20589639228,90174122,90159,90159,3,0,0,0.6513776779174805,0,-0.0036630630493164062,0,-0.0048847198486328125,0,0,0,0,0,0,0,0,0,0,0,0,0,0,0,7
20593616890,90177121,90162,90162,3,0,0,0.6513776779174805,0,-0.0036630630493164062,0,-0.0048847198486328125,0,0,0,0,0,0,0,0,0,0,0,0,0,0,0,7
20597594552,90180120,90165,90165,3,0,0,0.6513776779174805,0,-0.0036630630493164062,0,-0.014652252197265625,0,0,0,0,0,0,0,0,0,0,0,0,0,0,0,7
20601572214,90185136,90170,90170,3,0,0,0.6513776779174805,0,-0.010989189147949219,0,-0.014652252197265625,0,0,0,0,0,0,0,0,0,0,0,0,0,0,0,7
20605549876,90189121,90174,90174,3,0,0,0.6513776779174805,0,0.0036630630493164062,0,-0.014652252197265625,0,0,0,0,0,0,0,0,0,0,0,0,0,0,0,7
20609527538,90192120,90177,90177,3,0,0,0.6513776779174805,0,-0.0036630630493164062,0,-0.0048847198486328125,0,0,0,0,0,0,0,0,0,0,0,0,0,0,0,7
20613505200,90195129,90180,90180,3,0,0,0.6509943008422852,0,-0.0036630630493164062,0,-0.0048847198486328125,0,0,0,0,0,0,0,0,0,0,0,0,0,0,0,7
20617146441,90199133,90184,90184,3,0,0,0.6513776779174805,0,0.0036630630493164062,0,-0.0048847198486328125,0,0,0,0,0,0,0,0,0,0,0,0,0,0,0,7
20620787678,90201127,90186,90186,3,0,0,0.6513776779174805,0,0.010989189147949219,0,-0.0048847198486328125,0,0,0,0,0,0,0,0,0,0,0,0,0,0,0,7
20624428915,90209121,90194,90194,3,0,0,0.6513776779174805,0,-0.0036630630493164062,0,-0.0048847198486328125,0,0,0,0,0,0,0,0,0,0,0,0,0,0,0,7
20628070152,90212120,90197,90198,3,0,0,0.6513776779174805,0,-0.0036630630493164062,0,-0.014652252197265625,0,0,0,0,0,0,0,0,0,0,0,0,0,0,0,7
20631711389,90215136,90200,90200,3,0,0,0.6509943008422852,0,-0.010989189147949219,0,-0.014652252197265625,0,0,0,0,0,0,0,0,0,0,0,0,0,0,0,7
20635352626,90219123,90204,90204,3,0,0,0.6513776779174805,0,0.0036630630493164062,0,-0.0048847198486328125,0,0,0,0,0,0,0,0,0,0,0,0,0,0,0,7
20638993863,90222120,90207,90207,3,0,0,0.6513776779174805,0,-0.010989189147949219,0,-0.014652252197265625,0,0,0,0,0,0,0,0,0,0,0,0,0,0,0,7
20642635100,90225129,90210,90210,3,0,0,0.6513776779174805,0,-0.0036630630493164062,0,-0.014652252197265625,0,0,0,0,0,0,0,0,0,0,0,0,0,0,0,7
20646554816,90230120,90215,90215,3,0,0,0.6513776779174805,0,-0.0036630630493164062,0,-0.014652252197265625,0,0,0,0,0,0,0,0,0,0,0,0,0,0,0,7
20650474528,90233120,90218,90218,3,0,0,0.6513776779174805,0,0.010989189147949219,0,-0.0048847198486328125,0,0,0,0,0,0,0,0,0,0,0,0,0,0,0,7
20654394240,90236125,90221,90221,3,0,0,0.6513776779174805,0,-0.010989189147949219,0,-0.014652252197265625,0,0,0,0,0,0,0,0,0,0,0,0,0,0,0,7
20658313952,90240122,90225,90225,3,0,0,0.6513776779174805,0,0.0036630630493164062,0,-0.0048847198486328125,0,0,0,0,0,0,0,0,0,0,0,0,0,0,0,7
20662233664,90244124,90229,90229,3,0,0,0.6513776779174805,0,-0.0036630630493164062,0,-0.0048847198486328125,0,0,0,0,0,0,0,0,0,0,0,0,0,0,0,7
20666153376,90248122,90233,90233,3,0,0,0.6513776779174805,0,0.0036630630493164062,0,-0.014652252197265625,0,0,0,0,0,0,0,0,0,0,0,0,0,0,0,7
20670073088,90252126,90237,90237,3,0,0,0.6513776779174805,0,0.0036630630493164062,0,-0.0048847198486328125,0,0,0,0,0,0,0,0,0,0,0,0,0,0,0,7
20673992800,90256137,90241,90241,3,0,0,0.6513776779174805,0,-0.0036630630493164062,0,-0.0048847198486328125,0,0,0,0,0,0,0,0,0,0,0,0,0,0,0,7
20677491125,90261122,90246,90246,3,0,0,0.6513776779174805,0,0.0036630630493164062,0,-0.014652252197265625,0,0,0,0,0,0,0,0,0,0,0,0,0,0,0,7
20680989450,90264121,90249,90249,3,0,0,0.6513776779174805,0,-0.0036630630493164062,0,-0.014652252197265625,0,0,0,0,0,0,0,0,0,0,0,0,0,0,0,7
20684487775,90267121,90252,90252,3,0,0,0.6513776779174805,0,-0.0036630630493164062,0,-0.014652252197265625,0,0,0,0,0,0,0,0,0,0,0,0,0,0,0,7
20687986100,90271125,90256,90256,3,0,0,0.6513776779174805,0,-0.0036630630493164062,0,-0.014652252197265625,0,0,0,0,0,0,0,0,0,0,0,0,0,0,0,7
20691484425,90274120,90259,90260,3,0,0,0.6513776779174805,0,-0.0036630630493164062,0,-0.014652252197265625,0,0,0,0,0,0,0,0,0,0,0,0,0,0,0,7
20694982750,90278120,90263,90263,3,0,0,0.6513776779174805,0,-0.0036630630493164062,0,-0.014652252197265625,0,0,0,0,0,0,0,0,0,0,0,0,0,0,0,7
20698481075,90281124,90266,90266,3,0,0,0.6513776779174805,0,0.010989189147949219,0,-0.014652252197265625,0,0,0,0,0,0,0,0,0,0,0,0,0,0,0,7
20701979400,90284135,90269,90269,3,0,0,0.6513776779174805,0,0.0036630630493164062,0,-0.014652252197265625,0,0,0,0,0,0,0,0,0,0,0,0,0,0,0,7
20705706950,90290122,90275,90275,3,0,0,0.6513776779174805,0,-0.0036630630493164062,0,-0.0048847198486328125,0,0,0,0,0,0,0,0,0,0,0,0,0,0,0,7
20709434500,90294124,90279,90279,3,0,0,0.6513776779174805,0,0.0036630630493164062,0,-0.0048847198486328125,0,0,0,0,0,0,0,0,0,0,0,0,0,0,0,7
20713162050,90297129,90282,90282,3,0,0,0.6513776779174805,0,-0.0036630630493164062,0,-0.014652252197265625,0,0,0,0,0,0,0,0,0,0,0,0,0,0,0,7
20716889600,90300131,90285,90285,3,0,0,0.6513776779174805,0,-0.010989189147949219,0,-0.014652252197265625,0,0,0,0,0,0,0,0,0,0,0,0,0,0,0,7
20720617150,90303121,90288,90288,3,0,0,0.6513776779174805,0,-0.0036630630493164062,0,-0.014652252197265625,0,0,0,0,0,0,0,0,0,0,0,0,0,0,0,7
20724344700,90308120,90293,90293,3,0,0,0.6513776779174805,0,0.0036630630493164062,0,-0.014652252197265625,0,0,0,0,0,0,0,0,0,0,0,0,0,0,0,7
20728072250,90311128,90296,90296,3,0,0,0.6513776779174805,0,-0.0036630630493164062,0,-0.014652252197265625,0,0,0,0,0,0,0,0,0,0,0,0,0,0,0,7
20731799800,90314122,90299,90299,3,0,0,0.6513776779174805,0,-0.0036630630493164062,0,-0.014652252197265625,0,0,0,0,0,0,0,0,0,0,0,0,0,0,0,7
20735440641,90318120,90303,90303,3,0,0,0.6513776779174805,0,-0.0036630630493164062,0,-0.014652252197265625,0,0,0,0,0,0,0,0,0,0,0,0,0,0,0,7
20739081478,90320120,90306,90306,3,0,0,0.6513776779174805,0,0.0036630630493164062,0,-0.014652252197265625,0,0,0,0,0,0,0,0,0,0,0,0,0,0,0,7
20742722315,90325137,90310,90311,3,0,0,0.6513776779174805,0,-0.0036630630493164062,0,-0.014652252197265625,0,0,0,0,0,0,0,0,0,0,0,0,0,0,0,7
20746363152,90329121,90314,90314,3,0,0,0.6513776779174805,0,-0.0036630630493164062,0,-0.014652252197265625,0,0,0,0,0,0,0,0,0,0,0,0,0,0,0,7
20750003989,90332122,90317,90317,3,0,0,0.6513776779174805,0,-0.010989189147949219,0,-0.0048847198486328125,0,0,0,0,0,0,0,0,0,0,0,0,0,0,0,7
20753644826,90336120,90321,90321,3,0,0,0.6513776779174805,0,-0.01831531524658203,0,0.0048847198486328125,0,0,0,0,0,0,0,0,0,0,0,0,0,0,0,7
20757285663,90339133,90324,90324,3,0,0,0.6513776779174805,0,0.010989189147949219,0,-0.0048847198486328125,0,0,0,0,0,0,0,0,0,0,0,0,0,0,0,7
20760926500,90343122,90328,90328,3,0,0,0.6513776779174805,0,-0.010989189147949219,0,-0.0048847198486328125,0,0,0,0,0,0,0,0,0,0,0,0,0,0,0,7
20764028350,90350128,90335,90335,3,0,0,0.6513776779174805,0,-0.0036630630493164062,0,-0.014652252197265625,0,0,0,0,0,0,0,0,0,0,0,0,0,0,0,7
20767130200,90353128,90338,90338,3,0,0,0.6513776779174805,0,0.0036630630493164062,0,-0.0048847198486328125,0,0,0,0,0,0,0,0,0,0,0,0,0,0,0,7
20770232050,90356122,90341,90341,3,0,0,0.6513776779174805,0,0.010989189147949219,0,-0.014652252197265625,0,0,0,0,0,0,0,0,0,0,0,0,0,0,0,7
20773333900,90358121,90343,90343,3,0,0,0.6513776779174805,0,-0.010989189147949219,0,-0.014652252197265625,0,0,0,0,0,0,0,0,0,0,0,0,0,0,0,7
20776435750,90360124,90345,90345,3,0,0,0.6513776779174805,0,-0.0036630630493164062,0,-0.014652252197265625,0,0,0,0,0,0,0,0,0,0,0,0,0,0,0,7
20779537600,90363121,90348,90348,3,0,0,0.6513776779174805,0,0.010989189147949219,0,-0.014652252197265625,0,0,0,0,0,0,0,0,0,0,0,0,0,0,0,7
20782639450,90365133,90350,90350,3,0,0,0.6513776779174805,0,-0.010989189147949219,0,-0.014652252197265625,0,0,0,0,0,0,0,0,0,0,0,0,0,0,0,7
20785741300,90368139,90353,90353,3,0,0,0.6513776779174805,0,-0.0036630630493164062,0,-0.0048847198486328125,0,0,0,0,0,0,0,0,0,0,0,0,0,0,0,7
20788780750,90372122,90357,90357,3,0,0,0.6513776779174805,0,-0.01831531524658203,0,-0.0048847198486328125,0,0,0,0,0,0,0,0,0,0,0,0,0,0,0,7
20791820200,90375129,90360,90360,3,0,0,0.6513776779174805,0,-0.0036630630493164062,0,-0.0048847198486328125,0,0,0,0,0,0,0,0,0,0,0,0,0,0,0,7
20794859650,90377123,90362,90362,3,0,0,0.6513776779174805,0,-0.010989189147949219,0,-0.0048847198486328125,0,0,0,0,0,0,0,0,0,0,0,0,0,0,0,7
20797899100,90380120,90365,90365,3,0,0,0.6513776779174805,0,0.0036630630493164062,0,-0.014652252197265625,0,0,0,0,0,0,0,0,0,0,0,0,0,0,0,7
20800938550,90383124,90368,90368,3,0,0,0.6513776779174805,0,-0.010989189147949219,0,-0.014652252197265625,0,0,0,0,0,0,0,0,0,0,0,0,0,0,0,7
20803978000,90386120,90371,90371,3,0,0,0.6513776779174805,0,-0.010989189147949219,0,-0.0048847198486328125,0,0,0,0,0,0,0,0,0,0,0,0,0,0,0,7
20807017450,90389124,90374,90374,3,0,0,0.6509943008422852,0,-0.010989189147949219,0,-0.014652252197265625,0,0,0,0,0,0,0,0,0,0,0,0,0,0,0,7
20810056900,90392120,90377,90377,3,0,0,0.6513776779174805,0,-0.0036630630493164062,0,-0.024419784545898438,0,0,0,0,0,0,0,0,0,0,0,0,0,0,0,7
20813150300,90396136,90381,90381,3,0,0,0.6513776779174805,0,0.0036630630493164062,0,-0.014652252197265625,0,0,0,0,0,0,0,0,0,0,0,0,0,0,0,7
20816243700,90399121,90384,90384,3,0,0,0.6513776779174805,0,-0.010989189147949219,0,-0.014652252197265625,0,0,0,0,0,0,0,0,0,0,0,0,0,0,0,7
20819337100,90403121,90388,90388,3,0,0,0.6513776779174805,0,-0.0036630630493164062,0,-0.014652252197265625,0,0,0,0,0,0,0,0,0,0,0,0,0,0,0,7
20822430500,90406122,90391,90391,3,0,0,0.6513776779174805,0,-0.010989189147949219,0,-0.014652252197265625,0,0,0,0,0,0,0,0,0,0,0,0,0,0,0,7
20825523900,90408120,90393,90393,3,0,0,0.6513776779174805,0,-0.0036630630493164062,0,-0.014652252197265625,0,0,0,0,0,0,0,0,0,0,0,0,0,0,0,7
20828617300,90411125,90396,90396,3,0,0,0.6513776779174805,0,-0.0036630630493164062,0,-0.0048847198486328125,0,0,0,0,0,0,0,0,0,0,0,0,0,0,0,7
20831710700,90414122,90399,90399,3,0,0,0.6513776779174805,0,-0.010989189147949219,0,-0.014652252197265625,0,0,0,0,0,0,0,0,0,0,0,0,0,0,0,7
20834804100,90416120,90401,90401,3,0,0,0.6513776779174805,0,-0.0036630630493164062,0,-0.0048847198486328125,0,0,0,0,0,0,0,0,0,0,0,0,0,0,0,7
20838776291,90421121,90406,90406,3,0,0,0.6513776779174805,0,-0.0036630630493164062,0,-0.0048847198486328125,0,0,0,0,0,0,0,0,0,0,0,0,0,0,0,7
20842748478,90424135,90409,90409,3,0,0,0.6513776779174805,0,-0.0036630630493164062,0,-0.0048847198486328125,0,0,0,0,0,0,0,0,0,0,0,0,0,0,0,7
20846720665,90426124,90411,90411,3,0,0,0.6513776779174805,0,-0.0036630630493164062,0,-0.014652252197265625,0,0,0,0,0,0,0,0,0,0,0,0,0,0,0,7
20850692852,90430122,90415,90415,3,0,0,0.6509943008422852,0,-0.010989189147949219,0,-0.0048847198486328125,0,0,0,0,0,0,0,0,0,0,0,0,0,0,0,7
20854665039,90433121,90418,90418,3,0,0,0.6513776779174805,0,0.0036630630493164062,0,-0.0048847198486328125,0,0,0,0,0,0,0,0,0,0,0,0,0,0,0,7
20858637226,90436120,90421,90421,3,0,0,0.6513776779174805,0,-0.0036630630493164062,0,-0.0048847198486328125,0,0,0,0,0,0,0,0,0,0,0,0,0,0,0,7
20862609413,90439129,90424,90424,3,0,0,0.6513776779174805,0,-0.01831531524658203,0,-0.0048847198486328125,0,0,0,0,0,0,0,0,0,0,0,0,0,0,0,7
20866581600,90444120,90429,90429,3,0,0,0.6513776779174805,0,-0.0036630630493164062,0,-0.014652252197265625,0,0,0,0,0,0,0,0,0,0,0,0,0,0,0,7
20873508050,90468124,90453,90453,3,0,0,0.6513776779174805,0,0.0036630630493164062,0,-0.0048847198486328125,0,0,0,0,0,0,0,0,0,0,0,0,0,0,0,7
20880434500,90471121,90456,90456,3,0,0,0.6513776779174805,0,-0.010989189147949219,0,-0.0048847198486328125,0,0,0,0,0,0,0,0,0,0,0,0,0,0,0,7
20887360950,90477121,90462,90462,3,0,0,0.6513776779174805,0,0.0036630630493164062,0,-0.0048847198486328125,0,0,0,0,0,0,0,0,0,0,0,0,0,0,0,7
20894287400,90480137,90465,90465,3,0,0,0.6513776779174805,0,0.0036630630493164062,0,-0.0048847198486328125,0,0,0,0,0,0,0,0,0,0,0,0,0,0,0,7
20901213850,90484124,90469,90470,3,0,0,0.6513776779174805,0,-0.0036630630493164062,0,-0.014652252197265625,0,0,0,0,0,0,0,0,0,0,0,0,0,0,0,7
20908140300,90494135,90479,90479,3,0,0,0.6513776779174805,0,0.0036630630493164062,0,-0.014652252197265625,0,0,0,0,0,0,0,0,0,0,0,0,0,0,0,7
20915066750,90497125,90482,90482,3,0,0,0.6513776779174805,0,0.0036630630493164062,0,-0.014652252197265625,0,0,0,0,0,0,0,0,0,0,0,0,0,0,0,7
20921993200,90501125,90486,90486,3,0,0,0.6513776779174805,0,-0.0036630630493164062,0,-0.014652252197265625,0,0,0,0,0,0,0,0,0,0,0,0,0,0,0,7
20926140820,90510120,90495,90495,3,0,0,0.6513776779174805,0,0.0036630630493164062,0,-0.0048847198486328125,0,0,0,0,0,0,0,0,0,0,0,0,0,0,0,7
20930288436,90514120,90499,90499,3,0,0,0.6513776779174805,0,-0.0036630630493164062,0,-0.014652252197265625,0,0,0,0,0,0,0,0,0,0,0,0,0,0,0,7
20934436052,90518124,90503,90503,3,0,0,0.6513776779174805,0,0.0036630630493164062,0,-0.0048847198486328125,0,0,0,0,0,0,0,0,0,0,0,0,0,0,0,7
20938583668,90521129,90506,90506,3,0,0,0.6513776779174805,0,0.0036630630493164062,0,-0.0048847198486328125,0,0,0,0,0,0,0,0,0,0,0,0,0,0,0,7
20942731284,90524120,90509,90509,3,0,0,0.6513776779174805,0,0.0036630630493164062,0,-0.014652252197265625,0,0,0,0,0,0,0,0,0,0,0,0,0,0,0,7
20946878900,90528120,90513,90513,3,0,0,0.6513776779174805,0,-0.01831531524658203,0,-0.014652252197265625,0,0,0,0,0,0,0,0,0,0,0,0,0,0,0,7
20953165248,90533120,90519,90519,3,0,0,0.6513776779174805,0,-0.0036630630493164062,0,-0.014652252197265625,0,0,0,0,0,0,0,0,0,0,0,0,0,0,0,7
20958421489,90537125,90522,90522,3,0,0,0.6513776779174805,0,-0.0036630630493164062,0,-0.014652252197265625,0,0,0,0,0,0,0,0,0,0,0,0,0,0,0,7
20963677730,90541121,90526,90526,3,0,0,0.6513776779174805,0,0.0036630630493164062,0,-0.0048847198486328125,0,0,0,0,0,0,0,0,0,0,0,0,0,0,0,7
20968933971,90558121,90543,90543,3,0,0,0.6513776779174805,0,-0.0036630630493164062,0,-0.014652252197265625,0,0,0,0,0,0,0,0,0,0,0,0,0,0,0,7
20974190212,90566120,90551,90551,3,0,0,0.6513776779174805,0,0.0036630630493164062,0,-0.014652252197265625,0,0,0,0,0,0,0,0,0,0,0,0,0,0,0,7
20979446453,90569121,90554,90554,3,0,0,0.6513776779174805,0,-0.0036630630493164062,0,-0.014652252197265625,0,0,0,0,0,0,0,0,0,0,0,0,0,0,0,7
20984702694,90572120,90557,90557,3,0,0,0.6513776779174805,0,-0.010989189147949219,0,-0.014652252197265625,0,0,0,0,0,0,0,0,0,0,0,0,0,0,0,7
20989958935,90580122,90565,90565,3,0,0,0.6513776779174805,0,-0.0036630630493164062,0,-0.014652252197265625,0,0,0,0,0,0,0,0,0,0,0,0,0,0,0,7
20995215176,90583121,90568,90568,3,0,0,0.6513776779174805,0,-0.010989189147949219,0,-0.014652252197265625,0,0,0,0,0,0,0,0,0,0,0,0,0,0,0,7
21000471417,90586120,90571,90571,3,0,0,0.6509943008422852,0,-0.0036630630493164062,0,-0.014652252197265625,0,0,0,0,0,0,0,0,0,0,0,0,0,0,0,7
21005727658,90590120,90575,90575,3,0,0,0.6513776779174805,0,0.0036630630493164062,0,-0.0048847198486328125,0,0,0,0,0,0,0,0,0,0,0,0,0,0,0,7
21010983899,90593125,90578,90578,3,0,0,0.6513776779174805,0,-0.010989189147949219,0,-0.0048847198486328125,0,0,0,0,0,0,0,0,0,0,0,0,0,0,0,7
21014453575,90599121,90584,90584,3,0,0,0.6513776779174805,0,-0.010989189147949219,0,-0.0048847198486328125,0,0,0,0,0,0,0,0,0,0,0,0,0,0,0,7
21017923250,90602120,90587,90587,3,0,0,0.6513776779174805,0,-0.010989189147949219,0,-0.0048847198486328125,0,0,0,0,0,0,0,0,0,0,0,0,0,0,0,7
21021392925,90605141,90590,90590,3,0,0,0.6513776779174805,0,0.0036630630493164062,0,-0.014652252197265625,0,0,0,0,0,0,0,0,0,0,0,0,0,0,0,7
21024862600,90609123,90594,90594,3,0,0,0.6513776779174805,0,-0.0036630630493164062,0,-0.024419784545898438,0,0,0,0,0,0,0,0,0,0,0,0,0,0,0,7
21028332275,90612120,90597,90597,3,0,0,0.6513776779174805,0,0.010989189147949219,0,-0.014652252197265625,0,0,0,0,0,0,0,0,0,0,0,0,0,0,0,7
21031801950,90615129,90600,90600,3,0,0,0.6513776779174805,0,-0.0036630630493164062,0,-0.014652252197265625,0,0,0,0,0,0,0,0,0,0,0,0,0,0,0,7
21035271625,90618120,90603,90603,3,0,0,0.6513776779174805,0,0.0036630630493164062,0,-0.0048847198486328125,0,0,0,0,0,0,0,0,0,0,0,0,0,0,0,7
21038741300,90620135,90605,90605,3,0,0,0.6513776779174805,0,0.0036630630493164062,0,-0.014652252197265625,0,0,0,0,0,0,0,0,0,0,0,0,0,0,0,7
21042020050,90625131,90610,90610,3,0,0,0.6513776779174805,0,-0.010989189147949219,0,-0.014652252197265625,0,0,0,0,0,0,0,0,0,0,0,0,0,0,0,7
21045298800,90628120,90613,90613,3,0,0,0.6513776779174805,0,-0.010989189147949219,0,-0.0048847198486328125,0,0,0,0,0,0,0,0,0,0,0,0,0,0,0,7
21048577550,90631120,90616,90616,3,0,0,0.6513776779174805,0,0.0036630630493164062,0,-0.014652252197265625,0,0,0,0,0,0,0,0,0,0,0,0,0,0,0,7
21051856300,90634139,90619,90619,3,0,0,0.6513776779174805,0,0.0036630630493164062,0,-0.014652252197265625,0,0,0,0,0,0,0,0,0,0,0,0,0,0,0,7
21055135050,90637121,90622,90622,3,0,0,0.6513776779174805,0,-0.01831531524658203,0,-0.014652252197265625,0,0,0,0,0,0,0,0,0,0,0,0,0,0,0,7
21058413800,90640121,90625,90625,3,0,0,0.6513776779174805,0,0.0036630630493164062,0,-0.014652252197265625,0,0,0,0,0,0,0,0,0,0,0,0,0,0,0,7
21061692550,90644120,90629,90629,3,0,0,0.6513776779174805,0,-0.0036630630493164062,0,-0.014652252197265625,0,0,0,0,0,0,0,0,0,0,0,0,0,0,0,7
21064971300,90646122,90631,90631,3,0,0,0.6513776779174805,0,-0.0036630630493164062,0,-0.0048847198486328125,0,0,0,0,0,0,0,0,0,0,0,0,0,0,0,7
21068129741,90651121,90636,90636,3,0,0,0.6513776779174805,0,0.010989189147949219,0,-0.014652252197265625,0,0,0,0,0,0,0,0,0,0,0,0,0,0,0,7
21071288178,90654122,90639,90639,3,0,0,0.6513776779174805,0,-0.0036630630493164062,0,-0.014652252197265625,0,0,0,0,0,0,0,0,0,0,0,0,0,0,0,7
21074446615,90657121,90642,90642,3,0,0,0.6513776779174805,0,0.0036630630493164062,0,-0.014652252197265625,0,0,0,0,0,0,0,0,0,0,0,0,0,0,0,7
21077605052,90660120,90645,90645,3,0,0,0.6513776779174805,0,-0.010989189147949219,0,-0.014652252197265625,0,0,0,0,0,0,0,0,0,0,0,0,0,0,0,7
21080763489,90663129,90648,90648,3,0,0,0.6513776779174805,0,-0.0036630630493164062,0,-0.0048847198486328125,0,0,0,0,0,0,0,0,0,0,0,0,0,0,0,7
21083921926,90666120,90651,90651,3,0,0,0.6513776779174805,0,0.0036630630493164062,0,-0.014652252197265625,0,0,0,0,0,0,0,0,0,0,0,0,0,0,0,7
21087080363,90668120,90654,90654,3,0,0,0.6513776779174805,0,0.01831531524658203,0,-0.0048847198486328125,0,0,0,0,0,0,0,0,0,0,0,0,0,0,0,7
21090238800,90672121,90657,90657,3,0,0,0.6513776779174805,0,-0.0036630630493164062,0,-0.0048847198486328125,0,0,0,0,0,0,0,0,0,0,0,0,0,0,0,7
21093534391,90677125,90662,90662,3,0,0,0.6513776779174805,0,-0.010989189147949219,0,-0.014652252197265625,0,0,0,0,0,0,0,0,0,0,0,0,0,0,0,7
21096829978,90679125,90664,90664,3,0,0,0.6513776779174805,0,-0.0036630630493164062,0,-0.0048847198486328125,0,0,0,0,0,0,0,0,0,0,0,0,0,0,0,7
21100125565,90682120,90667,90667,3,0,0,0.6513776779174805,0,-0.0036630630493164062,0,-0.014652252197265625,0,0,0,0,0,0,0,0,0,0,0,0,0,0,0,7
21103421152,90685130,90670,90670,3,0,0,0.6509943008422852,0,-0.0036630630493164062,0,-0.014652252197265625,0,0,0,0,0,0,0,0,0,0,0,0,0,0,0,7
21106716739,90689128,90674,90674,3,0,0,0.6513776779174805,0,-0.0036630630493164062,0,-0.0048847198486328125,0,0,0,0,0,0,0,0,0,0,0,0,0,0,0,7
21110012326,90692123,90677,90677,3,0,0,0.6513776779174805,0,-0.010989189147949219,0,-0.0048847198486328125,0,0,0,0,0,0,0,0,0,0,0,0,0,0,0,7
21113307913,90695129,90680,90680,3,0,0,0.6513776779174805,0,-0.0036630630493164062,0,-0.0048847198486328125,0,0,0,0,0,0,0,0,0,0,0,0,0,0,0,7
21116603500,90698121,90683,90683,3,0,0,0.6513776779174805,0,0.0036630630493164062,0,-0.0048847198486328125,0,0,0,0,0,0,0,0,0,0,0,0,0,0,0,7
21120064016,90707121,90692,90692,3,0,0,0.6513776779174805,0,-0.010989189147949219,0,-0.0048847198486328125,0,0,0,0,0,0,0,0,0,0,0,0,0,0,0,7
21123524528,90709121,90694,90694,3,0,0,0.6513776779174805,0,-0.0036630630493164062,0,-0.0048847198486328125,0,0,0,0,0,0,0,0,0,0,0,0,0,0,0,7
21126985040,90712122,90697,90697,3,0,0,0.6513776779174805,0,0.0036630630493164062,0,-0.0048847198486328125,0,0,0,0,0,0,0,0,0,0,0,0,0,0,0,7
21130445552,90715129,90700,90700,3,0,0,0.6513776779174805,0,-0.0036630630493164062,0,-0.0048847198486328125,0,0,0,0,0,0,0,0,0,0,0,0,0,0,0,7
21133906064,90718135,90703,90703,3,0,0,0.6513776779174805,0,-0.01831531524658203,0,-0.0048847198486328125,0,0,0,0,0,0,0,0,0,0,0,0,0,0,0,7
21137366576,90720122,90705,90705,3,0,0,0.6513776779174805,0,-0.0036630630493164062,0,-0.0048847198486328125,0,0,0,0,0,0,0,0,0,0,0,0,0,0,0,7
21140827088,90723121,90708,90708,3,0,0,0.6513776779174805,0,-0.010989189147949219,0,-0.0048847198486328125,0,0,0,0,0,0,0,0,0,0,0,0,0,0,0,7
21144287600,90726120,90711,90711,3,0,0,0.6509943008422852,0,-0.010989189147949219,0,-0.0048847198486328125,0,0,0,0,0,0,0,0,0,0,0,0,0,0,0,7
21147327166,90731128,90716,90716,3,0,0,0.6513776779174805,0,-0.010989189147949219,0,-0.014652252197265625,0,0,0,0,0,0,0,0,0,0,0,0,0,0,0,7
21150377708,90734124,90719,90719,3,0,0,0.6513776779174805,0,-0.0036630630493164062,0,-0.014652252197265625,0,0,0,0,0,0,0,0,0,0,0,0,0,0,0,7
21153428250,90737125,90722,90722,3,0,0,0.6513776779174805,0,0.0036630630493164062,0,-0.014652252197265625,0,0,0,0,0,0,0,0,0,0,0,0,0,0,0,7
21156478792,90739121,90724,90724,3,0,0,0.6513776779174805,0,0.010989189147949219,0,-0.014652252197265625,0,0,0,0,0,0,0,0,0,0,0,0,0,0,0,7
21159529334,90742124,90727,90727,3,0,0,0.6513776779174805,0,-0.010989189147949219,0,-0.0048847198486328125,0,0,0,0,0,0,0,0,0,0,0,0,0,0,0,7
21162579876,90745141,90730,90730,3,0,0,0.6513776779174805,0,-0.0036630630493164062,0,-0.0048847198486328125,0,0,0,0,0,0,0,0,0,0,0,0,0,0,0,7
21165630418,90747125,90732,90732,3,0,0,0.6513776779174805,0,-0.010989189147949219,0,-0.014652252197265625,0,0,0,0,0,0,0,0,0,0,0,0,0,0,0,7
21168680960,90751121,90736,90736,3,0,0,0.6513776779174805,0,0.0036630630493164062,0,-0.0048847198486328125,0,0,0,0,0,0,0,0,0,0,0,0,0,0,0,7
21171731502,90755129,90740,90740,3,0,0,0.6513776779174805,0,-0.0036630630493164062,0,-0.0048847198486328125,0,0,0,0,0,0,0,0,0,0,0,0,0,0,0,7
21174782044,90758125,90743,90743,3,0,0,0.6513776779174805,0,0.0036630630493164062,0,-0.0048847198486328125,0,0,0,0,0,0,0,0,0,0,0,0,0,0,0,7
21177832586,90760135,90745,90746,3,0,0,0.6513776779174805,0,-0.0036630630493164062,0,-0.014652252197265625,0,0,0,0,0,0,0,0,0,0,0,0,0,0,0,7
21180883128,90763124,90748,90748,3,0,0,0.6513776779174805,0,0.0036630630493164062,0,-0.014652252197265625,0,0,0,0,0,0,0,0,0,0,0,0,0,0,0,7
21183933670,90766124,90751,90751,3,0,0,0.6513776779174805,0,-0.0036630630493164062,0,-0.014652252197265625,0,0,0,0,0,0,0,0,0,0,0,0,0,0,0,7
21186984212,90768121,90753,90753,3,0,0,0.6513776779174805,0,-0.010989189147949219,0,-0.014652252197265625,0,0,0,0,0,0,0,0,0,0,0,0,0,0,0,7
21190034754,90771125,90756,90756,3,0,0,0.6513776779174805,0,0.010989189147949219,0,-0.014652252197265625,0,0,0,0,0,0,0,0,0,0,0,0,0,0,0,7
21193085296,90775135,90760,90760,3,0,0,0.6513776779174805,0,-0.0036630630493164062,0,-0.014652252197265625,0,0,0,0,0,0,0,0,0,0,0,0,0,0,0,7
21196897841,90780120,90765,90765,3,0,0,0.6513776779174805,0,-0.0036630630493164062,0,-0.014652252197265625,0,0,0,0,0,0,0,0,0,0,0,0,0,0,0,7
21200710378,90783122,90768,90768,3,0,0,0.6513776779174805,0,-0.010989189147949219,0,-0.014652252197265625,0,0,0,0,0,0,0,0,0,0,0,0,0,0,0,7
21204522915,90786120,90771,90771,3,0,0,0.6513776779174805,0,-0.010989189147949219,0,-0.0048847198486328125,0,0,0,0,0,0,0,0,0,0,0,0,0,0,0,7
21208335452,90789125,90774,90774,3,0,0,0.6513776779174805,0,-0.010989189147949219,0,-0.014652252197265625,0,0,0,0,0,0,0,0,0,0,0,0,0,0,0,7
21212147989,90793121,90778,90778,3,0,0,0.6509943008422852,0,-0.01831531524658203,0,-0.014652252197265625,0,0,0,0,0,0,0,0,0,0,0,0,0,0,0,7
21215960526,90797121,90782,90782,3,0,0,0.6513776779174805,0,-0.0036630630493164062,0,-0.014652252197265625,0,0,0,0,0,0,0,0,0,0,0,0,0,0,0,7
21219773063,90802135,90787,90787,3,0,0,0.6513776779174805,0,0.0036630630493164062,0,-0.014652252197265625,0,0,0,0,0,0,0,0,0,0,0,0,0,0,0,7
21223585600,90805129,90790,90790,3,0,0,0.6513776779174805,0,0.010989189147949219,0,-0.0048847198486328125,0,0,0,0,0,0,0,0,0,0,0,0,0,0,0,7
21227464741,90814120,90799,90799,3,0,0,0.6513776779174805,0,0.0036630630493164062,0,-0.0048847198486328125,0,0,0,0,0,0,0,0,0,0,0,0,0,0,0,7
21231343878,90817125,90802,90802,3,0,0,0.6513776779174805,0,-0.010989189147949219,0,-0.014652252197265625,0,0,0,0,0,0,0,0,0,0,0,0,0,0,0,7
21235223015,90820122,90805,90805,3,0,0,0.6513776779174805,0,-0.010989189147949219,0,-0.0048847198486328125,0,0,0,0,0,0,0,0,0,0,0,0,0,0,0,7
21239102152,90823120,90808,90808,3,0,0,0.6513776779174805,0,0.0036630630493164062,0,-0.0048847198486328125,0,0,0,0,0,0,0,0,0,0,0,0,0,0,0,7
21242981289,90826120,90811,90811,3,0,0,0.6513776779174805,0,-0.0036630630493164062,0,-0.0048847198486328125,0,0,0,0,0,0,0,0,0,0,0,0,0,0,0,7
21246860426,90829132,90814,90814,3,0,0,0.6513776779174805,0,-0.0036630630493164062,0,-0.014652252197265625,0,0,0,0,0,0,0,0,0,0,0,0,0,0,0,7
21250739563,90832126,90817,90817,3,0,0,0.6513776779174805,0,0.0036630630493164062,0,-0.014652252197265625,0,0,0,0,0,0,0,0,0,0,0,0,0,0,0,7
21254618700,90836122,90821,90821,3,0,0,0.6513776779174805,0,-0.0036630630493164062,0,-0.014652252197265625,0,0,0,0,0,0,0,0,0,0,0,0,0,0,0,7
21257758900,90842120,90827,90827,3,0,0,0.6513776779174805,0,-0.0036630630493164062,0,-0.0048847198486328125,0,0,0,0,0,0,0,0,0,0,0,0,0,0,0,7
21260899100,90844135,90829,90829,3,0,0,0.6513776779174805,0,0.010989189147949219,0,-0.014652252197265625,0,0,0,0,0,0,0,0,0,0,0,0,0,0,0,7
21264039300,90847120,90832,90832,3,0,0,0.6509943008422852,0,-0.010989189147949219,0,-0.014652252197265625,0,0,0,0,0,0,0,0,0,0,0,0,0,0,0,7
21267179500,90850132,90835,90835,3,0,0,0.6513776779174805,0,-0.0036630630493164062,0,-0.014652252197265625,0,0,0,0,0,0,0,0,0,0,0,0,0,0,0,7
21270319700,90852123,90837,90838,3,0,0,0.6513776779174805,0,0.010989189147949219,0,-0.0048847198486328125,0,0,0,0,0,0,0,0,0,0,0,0,0,0,0,7
21273459900,90856120,90841,90841,3,0,0,0.6513776779174805,0,0.0036630630493164062,0,-0.0048847198486328125,0,0,0,0,0,0,0,0,0,0,0,0,0,0,0,7
21276600100,90859125,90844,90844,3,0,0,0.6513776779174805,0,-0.0036630630493164062,0,-0.0048847198486328125,0,0,0,0,0,0,0,0,0,0,0,0,0,0,0,7
21279740300,90861125,90847,90847,3,0,0,0.6513776779174805,0,-0.010989189147949219,0,-0.0048847198486328125,0,0,0,0,0,0,0,0,0,0,0,0,0,0,0,7
21282968075,90866124,90851,90851,3,0,0,0.6509943008422852,0,-0.0036630630493164062,0,0.0048847198486328125,0,0,0,0,0,0,0,0,0,0,0,0,0,0,0,7
21286195850,90869121,90854,90854,3,0,0,0.6509943008422852,0,-0.0036630630493164062,0,-0.0048847198486328125,0,0,0,0,0,0,0,0,0,0,0,0,0,0,0,7
21289423625,90873124,90858,90858,3,0,0,0.6513776779174805,0,-0.010989189147949219,0,-0.0048847198486328125,0,0,0,0,0,0,0,0,0,0,0,0,0,0,0,7
21292651400,90875129,90860,90860,3,0,0,0.6513776779174805,0,0.0036630630493164062,0,-0.0048847198486328125,0,0,0,0,0,0,0,0,0,0,0,0,0,0,0,7
21295879175,90878122,90863,90863,3,0,0,0.6513776779174805,0,-0.01831531524658203,0,-0.0048847198486328125,0,0,0,0,0,0,0,0,0,0,0,0,0,0,0,7
21299106950,90880121,90865,90865,3,0,0,0.6513776779174805,0,-0.0036630630493164062,0,-0.0048847198486328125,0,0,0,0,0,0,0,0,0,0,0,0,0,0,0,7
21302334725,90884120,90869,90869,3,0,0,0.6513776779174805,0,-0.0036630630493164062,0,-0.0048847198486328125,0,0,0,0,0,0,0,0,0,0,0,0,0,0,0,7
21305562500,90887129,90872,90872,3,0,0,0.6513776779174805,0,-0.0036630630493164062,0,-0.0048847198486328125,0,0,0,0,0,0,0,0,0,0,0,0,0,0,0,7
21308884375,90892120,90877,90877,3,0,0,0.6513776779174805,0,-0.010989189147949219,0,0.0048847198486328125,0,0,0,0,0,0,0,0,0,0,0,0,0,0,0,7
21312206250,90895133,90880,90880,3,0,0,0.6513776779174805,0,-0.010989189147949219,0,-0.014652252197265625,0,0,0,0,0,0,0,0,0,0,0,0,0,0,0,7
21315528125,90897121,90882,90882,3,0,0,0.6513776779174805,0,0.0036630630493164062,0,-0.014652252197265625,0,0,0,0,0,0,0,0,0,0,0,0,0,0,0,7
21318850000,90900143,90885,90885,3,0,0,0.6513776779174805,0,-0.0036630630493164062,0,-0.014652252197265625,0,0,0,0,0,0,0,0,0,0,0,0,0,0,0,7
21322171875,90904121,90889,90889,3,0,0,0.6513776779174805,0,0.0036630630493164062,0,-0.0048847198486328125,0,0,0,0,0,0,0,0,0,0,0,0,0,0,0,7
21325493750,90907123,90892,90892,3,0,0,0.6513776779174805,0,-0.0036630630493164062,0,0.0048847198486328125,0,0,0,0,0,0,0,0,0,0,0,0,0,0,0,7
21328815625,90911125,90896,90896,3,0,0,0.6513776779174805,0,-0.010989189147949219,0,-0.0048847198486328125,0,0,0,0,0,0,0,0,0,0,0,0,0,0,0,7
21332137500,90914135,90899,90899,3,0,0,0.6509943008422852,0,-0.01831531524658203,0,-0.0048847198486328125,0,0,0,0,0,0,0,0,0,0,0,0,0,0,0,7
21335591975,90921121,90906,90906,3,0,0,0.6513776779174805,0,-0.010989189147949219,0,-0.014652252197265625,0,0,0,0,0,0,0,0,0,0,0,0,0,0,0,7
21339046450,90924124,90909,90909,3,0,0,0.6513776779174805,0,0.0036630630493164062,0,-0.014652252197265625,0,0,0,0,0,0,0,0,0,0,0,0,0,0,0,7
21342500925,90926120,90911,90911,3,0,0,0.6513776779174805,0,-0.0036630630493164062,0,-0.0048847198486328125,0,0,0,0,0,0,0,0,0,0,0,0,0,0,0,7
21345955400,90929125,90914,90914,3,0,0,0.6513776779174805,0,0.0036630630493164062,0,-0.0048847198486328125,0,0,0,0,0,0,0,0,0,0,0,0,0,0,0,7
21349409875,90934120,90919,90919,3,0,0,0.6513776779174805,0,0.0036630630493164062,0,-0.014652252197265625,0,0,0,0,0,0,0,0,0,0,0,0,0,0,0,7
21352864350,90937125,90922,90922,3,0,0,0.6513776779174805,0,-0.0036630630493164062,0,-0.0048847198486328125,0,0,0,0,0,0,0,0,0,0,0,0,0,0,0,7
21356318825,90939121,90924,90924,3,0,0,0.6513776779174805,0,0.0036630630493164062,0,-0.0048847198486328125,0,0,0,0,0,0,0,0,0,0,0,0,0,0,0,7
21359773300,90942135,90927,90927,3,0,0,0.6513776779174805,0,-0.0036630630493164062,0,-0.0048847198486328125,0,0,0,0,0,0,0,0,0,0,0,0,0,0,0,7
21362886575,90946120,90931,90931,3,0,0,0.6513776779174805,0,-0.0036630630493164062,0,-0.014652252197265625,0,0,0,0,0,0,0,0,0,0,0,0,0,0,0,7
21365999850,90949123,90934,90934,3,0,0,0.6509943008422852,0,-0.0036630630493164062,0,-0.014652252197265625,0,0,0,0,0,0,0,0,0,0,0,0,0,0,0,7
21369113125,90952124,90937,90937,3,0,0,0.6513776779174805,0,-0.0036630630493164062,0,-0.0048847198486328125,0,0,0,0,0,0,0,0,0,0,0,0,0,0,0,7
21372226400,90956135,90941,90941,3,0,0,0.6513776779174805,0,-0.0036630630493164062,0,-0.0048847198486328125,0,0,0,0,0,0,0,0,0,0,0,0,0,0,0,7
21375339675,90958120,90944,90944,3,0,0,0.6513776779174805,0,-0.010989189147949219,0,-0.0048847198486328125,0,0,0,0,0,0,0,0,0,0,0,0,0,0,0,7
21378452950,90961124,90946,90946,3,0,0,0.6513776779174805,0,-0.010989189147949219,0,-0.0048847198486328125,0,0,0,0,0,0,0,0,0,0,0,0,0,0,0,7
21381566225,90964121,90949,90949,3,0,0,0.6513776779174805,0,0.0036630630493164062,0,-0.0048847198486328125,0,0,0,0,0,0,0,0,0,0,0,0,0,0,0,7
21384679500,90967121,90952,90952,3,0,0,0.6513776779174805,0,-0.0036630630493164062,0,-0.0048847198486328125,0,0,0,0,0,0,0,0,0,0,0,0,0,0,0,7
21388132900,90971124,90956,90956,3,0,0,0.6513776779174805,0,-0.010989189147949219,0,-0.014652252197265625,0,0,0,0,0,0,0,0,0,0,0,0,0,0,0,7
21391173740,90974124,90959,90959,3,0,0,0.6513776779174805,0,-0.0036630630493164062,0,-0.024419784545898438,0,0,0,0,0,0,0,0,0,0,0,0,0,0,0,7
21394214580,90978122,90963,90963,3,0,0,0.6513776779174805,0,-0.01831531524658203,0,-0.014652252197265625,0,0,0,0,0,0,0,0,0,0,0,0,0,0,0,7
21397255420,90981122,90966,90966,3,0,0,0.6509943008422852,0,-0.010989189147949219,0,-0.014652252197265625,0,0,0,0,0,0,0,0,0,0,0,0,0,0,0,7
21400296260,90984135,90969,90969,3,0,0,0.6513776779174805,0,-0.01831531524658203,0,-0.014652252197265625,0,0,0,0,0,0,0,0,0,0,0,0,0,0,0,7
21403337100,90987120,90972,90972,3,0,0,0.6513776779174805,0,0.010989189147949219,0,-0.0048847198486328125,0,0,0,0,0,0,0,0,0,0,0,0,0,0,0,7
21406377940,90990123,90975,90975,3,0,0,0.6513776779174805,0,-0.0036630630493164062,0,-0.0048847198486328125,0,0,0,0,0,0,0,0,0,0,0,0,0,0,0,7
21409418780,90994122,90979,90979,3,0,0,0.6513776779174805,0,-0.0036630630493164062,0,-0.0048847198486328125,0,0,0,0,0,0,0,0,0,0,0,0,0,0,0,7
21412459620,90998139,90983,90983,3,0,0,0.6513776779174805,0,-0.0036630630493164062,0,-0.014652252197265625,0,0,0,0,0,0,0,0,0,0,0,0,0,0,0,7
21415500460,91001123,90986,90986,3,0,0,0.6513776779174805,0,0.0036630630493164062,0,-0.014652252197265625,0,0,0,0,0,0,0,0,0,0,0,0,0,0,0,7
21418541300,91003125,90988,90988,3,0,0,0.6513776779174805,0,-0.010989189147949219,0,-0.0048847198486328125,0,0,0,0,0,0,0,0,0,0,0,0,0,0,0,7
21421582140,91006124,90991,90991,3,0,0,0.6513776779174805,0,-0.010989189147949219,0,-0.0048847198486328125,0,0,0,0,0,0,0,0,0,0,0,0,0,0,0,7
21424622980,91009121,90994,90994,3,0,0,0.6513776779174805,0,-0.0036630630493164062,0,-0.0048847198486328125,0,0,0,0,0,0,0,0,0,0,0,0,0,0,0,7
21427663820,91011132,90996,90996,3,0,0,0.6513776779174805,0,-0.0036630630493164062,0,-0.0048847198486328125,0,0,0,0,0,0,0,0,0,0,0,0,0,0,0,7
21430704660,91013124,90998,90999,3,0,0,0.6513776779174805,0,0.0036630630493164062,0,-0.0048847198486328125,0,0,0,0,0,0,0,0,0,0,0,0,0,0,0,7
21433745500,91016120,91001,91001,3,0,0,0.6513776779174805,0,0.0036630630493164062,0,-0.0048847198486328125,0,0,0,0,0,0,0,0,0,0,0,0,0,0,0,7
21437600816,91020121,91005,91005,3,0,0,0.6513776779174805,0,0.0036630630493164062,0,-0.0048847198486328125,0,0,0,0,0,0,0,0,0,0,0,0,0,0,0,7
21441456128,91023122,91008,91008,3,0,0,0.6513776779174805,0,-0.0036630630493164062,0,-0.0048847198486328125,0,0,0,0,0,0,0,0,0,0,0,0,0,0,0,7
21445311440,91026134,91011,91011,3,0,0,0.6513776779174805,0,-0.01831531524658203,0,-0.0048847198486328125,0,0,0,0,0,0,0,0,0,0,0,0,0,0,0,7
21449166752,91030120,91015,91015,3,0,0,0.6513776779174805,0,-0.0036630630493164062,0,-0.0048847198486328125,0,0,0,0,0,0,0,0,0,0,0,0,0,0,0,7
21453022064,91034120,91019,91019,3,0,0,0.6513776779174805,0,-0.010989189147949219,0,-0.0048847198486328125,0,0,0,0,0,0,0,0,0,0,0,0,0,0,0,7
21456877376,91040138,91025,91025,3,0,0,0.6513776779174805,0,-0.010989189147949219,0,-0.0048847198486328125,0,0,0,0,0,0,0,0,0,0,0,0,0,0,0,7
21460732688,91044123,91029,91029,3,0,0,0.6513776779174805,0,0.0036630630493164062,0,-0.0048847198486328125,0,0,0,0,0,0,0,0,0,0,0,0,0,0,0,7
21464588000,91047121,91032,91032,3,0,0,0.6513776779174805,0,-0.0036630630493164062,0,-0.0048847198486328125,0,0,0,0,0,0,0,0,0,0,0,0,0,0,0,7
21468769691,91054135,91039,91039,3,0,0,0.6513776779174805,0,-0.0036630630493164062,0,-0.014652252197265625,0,0,0,0,0,0,0,0,0,0,0,0,0,0,0,7
21472951378,91058120,91043,91043,3,0,0,0.6513776779174805,0,-0.010989189147949219,0,-0.014652252197265625,0,0,0,0,0,0,0,0,0,0,0,0,0,0,0,7
21477133065,91061125,91046,91046,3,0,0,0.6513776779174805,0,-0.010989189147949219,0,-0.014652252197265625,0,0,0,0,0,0,0,0,0,0,0,0,0,0,0,7
21481314752,91064125,91049,91049,3,0,0,0.6513776779174805,0,-0.0036630630493164062,0,-0.0048847198486328125,0,0,0,0,0,0,0,0,0,0,0,0,0,0,0,7
21485496439,91068136,91053,91053,3,0,0,0.6513776779174805,0,-0.0036630630493164062,0,-0.0048847198486328125,0,0,0,0,0,0,0,0,0,0,0,0,0,0,0,7
21489678126,91073122,91058,91058,3,0,0,0.6513776779174805,0,-0.0036630630493164062,0,-0.014652252197265625,0,0,0,0,0,0,0,0,0,0,0,0,0,0,0,7
21493859813,91076121,91061,91061,3,0,0,0.6513776779174805,0,-0.010989189147949219,0,-0.0048847198486328125,0,0,0,0,0,0,0,0,0,0,0,0,0,0,0,7
21498041500,91079121,91064,91064,3,0,0,0.6513776779174805,0,0.0036630630493164062,0,-0.0048847198486328125,0,0,0,0,0,0,0,0,0,0,0,0,0,0,0,7
21500929000,91085133,91070,91070,3,0,0,0.6513776779174805,0,-0.010989189147949219,0,-0.0048847198486328125,0,0,0,0,0,0,0,0,0,0,0,0,0,0,0,7
21503816500,91088121,91073,91073,3,0,0,0.6513776779174805,0,0.010989189147949219,0,-0.0048847198486328125,0,0,0,0,0,0,0,0,0,0,0,0,0,0,0,7
21506704000,91091121,91076,91076,3,0,0,0.6513776779174805,0,0.0036630630493164062,0,-0.0048847198486328125,0,0,0,0,0,0,0,0,0,0,0,0,0,0,0,7
21509591500,91093125,91078,91078,3,0,0,0.6513776779174805,0,-0.010989189147949219,0,-0.0048847198486328125,0,0,0,0,0,0,0,0,0,0,0,0,0,0,0,7
21512479000,91095137,91080,91080,3,0,0,0.6513776779174805,0,-0.010989189147949219,0,-0.014652252197265625,0,0,0,0,0,0,0,0,0,0,0,0,0,0,0,7
21515366500,91098124,91083,91083,3,0,0,0.6509943008422852,0,-0.010989189147949219,0,-0.014652252197265625,0,0,0,0,0,0,0,0,0,0,0,0,0,0,0,7
21518254000,91101123,91086,91086,3,0,0,0.6513776779174805,0,0.0036630630493164062,0,-0.0048847198486328125,0,0,0,0,0,0,0,0,0,0,0,0,0,0,0,7
21521141500,91103121,91088,91088,3,0,0,0.6513776779174805,0,0.0036630630493164062,0,-0.0048847198486328125,0,0,0,0,0,0,0,0,0,0,0,0,0,0,0,7
21524166516,91107121,91092,91092,3,0,0,0.6513776779174805,0,-0.0036630630493164062,0,-0.0048847198486328125,0,0,0,0,0,0,0,0,0,0,0,0,0,0,0,7
21527191528,91109129,91094,91095,3,0,0,0.6513776779174805,0,-0.010989189147949219,0,-0.0048847198486328125,0,0,0,0,0,0,0,0,0,0,0,0,0,0,0,7
21530216540,91112120,91097,91097,3,0,0,0.6513776779174805,0,-0.0036630630493164062,0,-0.0048847198486328125,0,0,0,0,0,0,0,0,0,0,0,0,0,0,0,7
21533241552,91116120,91101,91101,3,0,0,0.6513776779174805,0,-0.0036630630493164062,0,-0.0048847198486328125,0,0,0,0,0,0,0,0,0,0,0,0,0,0,0,7
21536266564,91118122,91103,91103,3,0,0,0.6513776779174805,0,0.0036630630493164062,0,-0.0048847198486328125,0,0,0,0,0,0,0,0,0,0,0,0,0,0,0,7
21539291576,91120120,91105,91106,3,0,0,0.6513776779174805,0,-0.01831531524658203,0,-0.0048847198486328125,0,0,0,0,0,0,0,0,0,0,0,0,0,0,0,7
21542316588,91124135,91109,91109,3,0,0,0.6509943008422852,0,-0.010989189147949219,0,-0.0048847198486328125,0,0,0,0,0,0,0,0,0,0,0,0,0,0,0,7
21545341600,91127125,91112,91112,3,0,0,0.6513776779174805,0,-0.010989189147949219,0,-0.0048847198486328125,0,0,0,0,0,0,0,0,0,0,0,0,0,0,0,7
21548259725,91132121,91117,91117,3,0,0,0.6513776779174805,0,-0.0036630630493164062,0,-0.014652252197265625,0,0,0,0,0,0,0,0,0,0,0,0,0,0,0,7
21551177850,91134120,91119,91119,3,0,0,0.6513776779174805,0,0.010989189147949219,0,-0.014652252197265625,0,0,0,0,0,0,0,0,0,0,0,0,0,0,0,7
21554095975,91137128,91122,91122,3,0,0,0.6513776779174805,0,-0.010989189147949219,0,-0.0048847198486328125,0,0,0,0,0,0,0,0,0,0,0,0,0,0,0,7
21557014100,91139127,91124,91124,3,0,0,0.6513776779174805,0,-0.010989189147949219,0,-0.0048847198486328125,0,0,0,0,0,0,0,0,0,0,0,0,0,0,0,7
21559932225,91141121,91126,91126,3,0,0,0.6513776779174805,0,-0.010989189147949219,0,-0.0048847198486328125,0,0,0,0,0,0,0,0,0,0,0,0,0,0,0,7
21562850350,91143125,91128,91128,3,0,0,0.6513776779174805,0,-0.010989189147949219,0,-0.014652252197265625,0,0,0,0,0,0,0,0,0,0,0,0,0,0,0,7
21565768475,91147122,91132,91132,3,0,0,0.6509943008422852,0,-0.0036630630493164062,0,-0.0048847198486328125,0,0,0,0,0,0,0,0,0,0,0,0,0,0,0,7
21568686600,91150128,91135,91135,3,0,0,0.6513776779174805,0,0.0036630630493164062,0,-0.0048847198486328125,0,0,0,0,0,0,0,0,0,0,0,0,0,0,0,7
21571595900,91158120,91143,91143,3,0,0,0.6509943008422852,0,0.0036630630493164062,0,-0.014652252197265625,0,0,0,0,0,0,0,0,0,0,0,0,0,0,0,7
21574505200,91161120,91146,91146,3,0,0,0.6513776779174805,0,0.0036630630493164062,0,-0.014652252197265625,0,0,0,0,0,0,0,0,0,0,0,0,0,0,0,7
21577414500,91163121,91148,91148,3,0,0,0.6509943008422852,0,-0.010989189147949219,0,-0.0048847198486328125,0,0,0,0,0,0,0,0,0,0,0,0,0,0,0,7
21580323800,91165137,91150,91150,3,0,0,0.6513776779174805,0,-0.0036630630493164062,0,-0.0048847198486328125,0,0,0,0,0,0,0,0,0,0,0,0,0,0,0,7
21583233100,91167125,91152,91152,3,0,0,0.6513776779174805,0,-0.0036630630493164062,0,-0.014652252197265625,0,0,0,0,0,0,0,0,0,0,0,0,0,0,0,7
21586142400,91169125,91154,91154,3,0,0,0.6513776779174805,0,-0.0036630630493164062,0,-0.014652252197265625,0,0,0,0,0,0,0,0,0,0,0,0,0,0,0,7
21589051700,91171121,91156,91156,3,0,0,0.6513776779174805,0,0.010989189147949219,0,-0.014652252197265625,0,0,0,0,0,0,0,0,0,0,0,0,0,0,0,7
21591961000,91174120,91159,91159,3,0,0,0.6513776779174805,0,-0.0036630630493164062,0,-0.014652252197265625,0,0,0,0,0,0,0,0,0,0,0,0,0,0,0,7
21594848925,91178120,91163,91163,3,0,0,0.6513776779174805,0,-0.0036630630493164062,0,-0.0048847198486328125,0,0,0,0,0,0,0,0,0,0,0,0,0,0,0,7
21597736850,91180139,91165,91165,3,0,0,0.6513776779174805,0,0.0036630630493164062,0,-0.0048847198486328125,0,0,0,0,0,0,0,0,0,0,0,0,0,0,0,7
21600624775,91182120,91167,91167,3,0,0,0.6513776779174805,0,-0.0036630630493164062,0,-0.0048847198486328125,0,0,0,0,0,0,0,0,0,0,0,0,0,0,0,7
21603512700,91185133,91170,91170,3,0,0,0.6513776779174805,0,-0.010989189147949219,0,-0.0048847198486328125,0,0,0,0,0,0,0,0,0,0,0,0,0,0,0,7
21606400625,91187121,91172,91172,3,0,0,0.6513776779174805,0,0.0036630630493164062,0,-0.0048847198486328125,0,0,0,0,0,0,0,0,0,0,0,0,0,0,0,7
21609288550,91191120,91176,91176,3,0,0,0.6513776779174805,0,0.010989189147949219,0,-0.014652252197265625,0,0,0,0,0,0,0,0,0,0,0,0,0,0,0,7
21612176475,91194135,91179,91179,3,0,0,0.6513776779174805,0,-0.0036630630493164062,0,-0.014652252197265625,0,0,0,0,0,0,0,0,0,0,0,0,0,0,0,7
21615064400,91197123,91182,91182,3,0,0,0.6513776779174805,0,0.0036630630493164062,0,-0.014652252197265625,0,0,0,0,0,0,0,0,0,0,0,0,0,0,0,7
21618592275,91201127,91186,91186,3,0,0,0.6513776779174805,0,-0.010989189147949219,0,-0.014652252197265625,0,0,0,0,0,0,0,0,0,0,0,0,0,0,0,7
21621652110,91203121,91188,91188,3,0,0,0.6513776779174805,0,0.0036630630493164062,0,-0.0048847198486328125,0,0,0,0,0,0,0,0,0,0,0,0,0,0,0,7
21624711945,91207129,91192,91192,3,0,0,0.6513776779174805,0,-0.010989189147949219,0,-0.0048847198486328125,0,0,0,0,0,0,0,0,0,0,0,0,0,0,0,7
21627771780,91210122,91195,91195,3,0,0,0.6513776779174805,0,-0.0036630630493164062,0,-0.0048847198486328125,0,0,0,0,0,0,0,0,0,0,0,0,0,0,0,7
21630831615,91213122,91198,91198,3,0,0,0.6513776779174805,0,0.010989189147949219,0,-0.014652252197265625,0,0,0,0,0,0,0,0,0,0,0,0,0,0,0,7
21633891450,91217121,91202,91202,3,0,0,0.6513776779174805,0,-0.0036630630493164062,0,-0.014652252197265625,0,0,0,0,0,0,0,0,0,0,0,0,0,0,0,7
21636951285,91221128,91206,91206,3,0,0,0.6513776779174805,0,-0.0036630630493164062,0,-0.024419784545898438,0,0,0,0,0,0,0,0,0,0,0,0,0,0,0,7
21640011120,91225129,91210,91210,3,0,0,0.6513776779174805,0,-0.0036630630493164062,0,-0.014652252197265625,0,0,0,0,0,0,0,0,0,0,0,0,0,0,0,7
21643070955,91229121,91215,91215,3,0,0,0.6513776779174805,0,0.0036630630493164062,0,-0.014652252197265625,0,0,0,0,0,0,0,0,0,0,0,0,0,0,0,7
21646130790,91232121,91217,91217,3,0,0,0.6513776779174805,0,0.010989189147949219,0,-0.014652252197265625,0,0,0,0,0,0,0,0,0,0,0,0,0,0,0,7
21649190625,91234122,91219,91219,3,0,0,0.6513776779174805,0,-0.010989189147949219,0,-0.0048847198486328125,0,0,0,0,0,0,0,0,0,0,0,0,0,0,0,7
21652250460,91237125,91222,91222,3,0,0,0.6513776779174805,0,-0.0036630630493164062,0,-0.014652252197265625,0,0,0,0,0,0,0,0,0,0,0,0,0,0,0,7
21655310295,91239123,91224,91225,3,0,0,0.6513776779174805,0,-0.0036630630493164062,0,-0.014652252197265625,0,0,0,0,0,0,0,0,0,0,0,0,0,0,0,7
21658370130,91242122,91227,91227,3,0,0,0.6513776779174805,0,-0.010989189147949219,0,-0.014652252197265625,0,0,0,0,0,0,0,0,0,0,0,0,0,0,0,7
21661429965,91244120,91229,91229,3,0,0,0.6513776779174805,0,-0.0036630630493164062,0,-0.014652252197265625,0,0,0,0,0,0,0,0,0,0,0,0,0,0,0,7
21664489800,91247122,91232,91232,3,0,0,0.6513776779174805,0,-0.0036630630493164062,0,-0.014652252197265625,0,0,0,0,0,0,0,0,0,0,0,0,0,0,0,7
21667139950,91251128,91236,91236,3,0,0,0.6513776779174805,0,0.0036630630493164062,0,-0.014652252197265625,0,0,0,0,0,0,0,0,0,0,0,0,0,0,0,7
21669790100,91253121,91238,91238,3,0,0,0.6513776779174805,0,0.010989189147949219,0,-0.014652252197265625,0,0,0,0,0,0,0,0,0,0,0,0,0,0,0,7
21672440250,91256124,91241,91241,3,0,0,0.6513776779174805,0,-0.01831531524658203,0,-0.014652252197265625,0,0,0,0,0,0,0,0,0,0,0,0,0,0,0,7
21675090400,91258120,91243,91243,3,0,0,0.6513776779174805,0,0.0036630630493164062,0,-0.014652252197265625,0,0,0,0,0,0,0,0,0,0,0,0,0,0,0,7
21677740550,91260122,91245,91245,3,0,0,0.6509943008422852,0,-0.0036630630493164062,0,-0.014652252197265625,0,0,0,0,0,0,0,0,0,0,0,0,0,0,0,7
21680390700,91263130,91248,91248,3,0,0,0.6513776779174805,0,-0.0036630630493164062,0,-0.014652252197265625,0,0,0,0,0,0,0,0,0,0,0,0,0,0,0,7
21683040850,91265133,91250,91250,3,0,0,0.6513776779174805,0,-0.010989189147949219,0,-0.0048847198486328125,0,0,0,0,0,0,0,0,0,0,0,0,0,0,0,7
21685691000,91268123,91253,91253,3,0,0,0.6509943008422852,0,-0.010989189147949219,0,-0.0048847198486328125,0,0,0,0,0,0,0,0,0,0,0,0,0,0,0,7
21688835750,91275129,91260,91260,3,0,0,0.6513776779174805,0,0.010989189147949219,0,-0.0048847198486328125,0,0,0,0,0,0,0,0,0,0,0,0,0,0,0,7
21691980500,91277128,91262,91262,3,0,0,0.6509943008422852,0,-0.0036630630493164062,0,-0.0048847198486328125,0,0,0,0,0,0,0,0,0,0,0,0,0,0,0,7
21695125250,91279125,91264,91264,3,0,0,0.6513776779174805,0,-0.010989189147949219,0,-0.014652252197265625,0,0,0,0,0,0,0,0,0,0,0,0,0,0,0,7
21698270000,91283121,91268,91268,3,0,0,0.6513776779174805,0,-0.010989189147949219,0,-0.014652252197265625,0,0,0,0,0,0,0,0,0,0,0,0,0,0,0,7
21701414750,91285134,91270,91270,3,0,0,0.6513776779174805,0,0.0036630630493164062,0,-0.014652252197265625,0,0,0,0,0,0,0,0,0,0,0,0,0,0,0,7
21704559500,91287120,91272,91272,3,0,0,0.6513776779174805,0,0.0036630630493164062,0,-0.0048847198486328125,0,0,0,0,0,0,0,0,0,0,0,0,0,0,0,7
21707704250,91290120,91275,91275,3,0,0,0.6513776779174805,0,0.0036630630493164062,0,-0.0048847198486328125,0,0,0,0,0,0,0,0,0,0,0,0,0,0,0,7
21710849000,91292137,91277,91278,3,0,0,0.6513776779174805,0,-0.010989189147949219,0,-0.0048847198486328125,0,0,0,0,0,0,0,0,0,0,0,0,0,0,0,7
21713804916,91297122,91282,91282,3,0,0,0.6513776779174805,0,-0.010989189147949219,0,-0.0048847198486328125,0,0,0,0,0,0,0,0,0,0,0,0,0,0,0,7
21716760828,91299121,91284,91284,3,0,0,0.6513776779174805,0,-0.010989189147949219,0,-0.0048847198486328125,0,0,0,0,0,0,0,0,0,0,0,0,0,0,0,7
21719716740,91302120,91287,91287,3,0,0,0.6509943008422852,0,-0.0036630630493164062,0,-0.0048847198486328125,0,0,0,0,0,0,0,0,0,0,0,0,0,0,0,7
21722672652,91304121,91289,91289,3,0,0,0.6513776779174805,0,0.0036630630493164062,0,-0.0048847198486328125,0,0,0,0,0,0,0,0,0,0,0,0,0,0,0,7
21725628564,91307125,91292,91292,3,0,0,0.6513776779174805,0,0.01831531524658203,0,-0.0048847198486328125,0,0,0,0,0,0,0,0,0,0,0,0,0,0,0,7
21728584476,91309124,91294,91294,3,0,0,0.6513776779174805,0,-0.010989189147949219,0,-0.0048847198486328125,0,0,0,0,0,0,0,0,0,0,0,0,0,0,0,7
21731540388,91312120,91297,91297,3,0,0,0.6513776779174805,0,-0.010989189147949219,0,-0.014652252197265625,0,0,0,0,0,0,0,0,0,0,0,0,0,0,0,7
21734496300,91316120,91301,91301,3,0,0,0.6513776779174805,0,-0.010989189147949219,0,-0.014652252197265625,0,0,0,0,0,0,0,0,0,0,0,0,0,0,0,7
21738297650,91322124,91307,91307,3,0,0,0.6509943008422852,0,-0.0036630630493164062,0,-0.014652252197265625,0,0,0,0,0,0,0,0,0,0,0,0,0,0,0,7
21741391080,91325130,91310,91310,3,0,0,0.6513776779174805,0,0.010989189147949219,0,-0.014652252197265625,0,0,0,0,0,0,0,0,0,0,0,0,0,0,0,7
21744484510,91329122,91314,91314,3,0,0,0.6513776779174805,0,-0.010989189147949219,0,-0.014652252197265625,0,0,0,0,0,0,0,0,0,0,0,0,0,0,0,7
21747577940,91333128,91318,91318,3,0,0,0.6509943008422852,0,-0.010989189147949219,0,-0.0048847198486328125,0,0,0,0,0,0,0,0,0,0,0,0,0,0,0,7
21750671370,91337121,91322,91322,3,0,0,0.6513776779174805,0,-0.010989189147949219,0,-0.014652252197265625,0,0,0,0,0,0,0,0,0,0,0,0,0,0,0,7
21753764800,91340120,91325,91325,3,0,0,0.6513776779174805,0,-0.0036630630493164062,0,-0.014652252197265625,0,0,0,0,0,0,0,0,0,0,0,0,0,0,0,7
21756858230,91344120,91329,91329,3,0,0,0.6513776779174805,0,-0.010989189147949219,0,-0.014652252197265625,0,0,0,0,0,0,0,0,0,0,0,0,0,0,0,7
21759951660,91346123,91331,91331,3,0,0,0.6513776779174805,0,0.0036630630493164062,0,-0.0048847198486328125,0,0,0,0,0,0,0,0,0,0,0,0,0,0,0,7
21763045090,91351125,91336,91336,3,0,0,0.6513776779174805,0,0.0036630630493164062,0,-0.014652252197265625,0,0,0,0,0,0,0,0,0,0,0,0,0,0,0,7
21766138520,91353120,91338,91339,3,0,0,0.6513776779174805,0,-0.010989189147949219,0,-0.014652252197265625,0,0,0,0,0,0,0,0,0,0,0,0,0,0,0,7
21769231950,91356120,91341,91341,3,0,0,0.6513776779174805,0,0.0036630630493164062,0,-0.014652252197265625,0,0,0,0,0,0,0,0,0,0,0,0,0,0,0,7
21772325380,91359125,91344,91344,3,0,0,0.6513776779174805,0,0.0036630630493164062,0,-0.0048847198486328125,0,0,0,0,0,0,0,0,0,0,0,0,0,0,0,7
21775418810,91361128,91346,91346,3,0,0,0.6513776779174805,0,-0.010989189147949219,0,-0.0048847198486328125,0,0,0,0,0,0,0,0,0,0,0,0,0,0,0,7
21778512240,91363126,91348,91348,3,0,0,0.6513776779174805,0,0.0036630630493164062,0,-0.014652252197265625,0,0,0,0,0,0,0,0,0,0,0,0,0,0,0,7
21781605670,91365129,91350,91350,3,0,0,0.6513776779174805,0,-0.010989189147949219,0,-0.0048847198486328125,0,0,0,0,0,0,0,0,0,0,0,0,0,0,0,7
21784699100,91367124,91352,91352,3,0,0,0.6513776779174805,0,0.0036630630493164062,0,-0.0048847198486328125,0,0,0,0,0,0,0,0,0,0,0,0,0,0,0,7
21787501491,91371122,91356,91356,3,0,0,0.6513776779174805,0,-0.010989189147949219,0,-0.014652252197265625,0,0,0,0,0,0,0,0,0,0,0,0,0,0,0,7
21790303878,91374120,91359,91359,3,0,0,0.6513776779174805,0,0.0036630630493164062,0,-0.0048847198486328125,0,0,0,0,0,0,0,0,0,0,0,0,0,0,0,7
21793106265,91376137,91361,91361,3,0,0,0.6513776779174805,0,0.0036630630493164062,0,-0.014652252197265625,0,0,0,0,0,0,0,0,0,0,0,0,0,0,0,7
21795908652,91379123,91364,91364,3,0,0,0.6513776779174805,0,0.0036630630493164062,0,-0.014652252197265625,0,0,0,0,0,0,0,0,0,0,0,0,0,0,0,7
21798711039,91381121,91366,91366,3,0,0,0.6513776779174805,0,-0.010989189147949219,0,-0.014652252197265625,0,0,0,0,0,0,0,0,0,0,0,0,0,0,0,7
21801513426,91384122,91369,91369,3,0,0,0.6513776779174805,0,-0.01831531524658203,0,-0.0048847198486328125,0,0,0,0,0,0,0,0,0,0,0,0,0,0,0,7
21804315813,91386120,91371,91371,3,0,0,0.6513776779174805,0,0.010989189147949219,0,-0.0048847198486328125,0,0,0,0,0,0,0,0,0,0,0,0,0,0,0,7
21807118200,91389129,91374,91374,3,0,0,0.6513776779174805,0,-0.010989189147949219,0,-0.0048847198486328125,0,0,0,0,0,0,0,0,0,0,0,0,0,0,0,7
21810172625,91395129,91380,91380,3,0,0,0.6513776779174805,0,0.0036630630493164062,0,-0.0048847198486328125,0,0,0,0,0,0,0,0,0,0,0,0,0,0,0,7
21813227050,91398120,91383,91383,3,0,0,0.6513776779174805,0,-0.010989189147949219,0,-0.014652252197265625,0,0,0,0,0,0,0,0,0,0,0,0,0,0,0,7
21816281475,91401127,91386,91386,3,0,0,0.6513776779174805,0,-0.010989189147949219,0,-0.014652252197265625,0,0,0,0,0,0,0,0,0,0,0,0,0,0,0,7
21819335900,91403129,91388,91388,3,0,0,0.6513776779174805,0,-0.010989189147949219,0,-0.014652252197265625,0,0,0,0,0,0,0,0,0,0,0,0,0,0,0,7
21822390325,91406120,91391,91391,3,0,0,0.6513776779174805,0,-0.010989189147949219,0,-0.014652252197265625,0,0,0,0,0,0,0,0,0,0,0,0,0,0,0,7
21825444750,91408122,91393,91393,3,0,0,0.6513776779174805,0,-0.010989189147949219,0,-0.014652252197265625,0,0,0,0,0,0,0,0,0,0,0,0,0,0,0,7
21828499175,91410120,91395,91396,3,0,0,0.6513776779174805,0,0.0036630630493164062,0,-0.014652252197265625,0,0,0,0,0,0,0,0,0,0,0,0,0,0,0,7
21831553600,91413122,91398,91398,3,0,0,0.6513776779174805,0,-0.010989189147949219,0,-0.0048847198486328125,0,0,0,0,0,0,0,0,0,0,0,0,0,0,0,7
21835620350,91419125,91404,91404,3,0,0,0.6513776779174805,0,0.010989189147949219,0,-0.014652252197265625,0,0,0,0,0,0,0,0,0,0,0,0,0,0,0,7
21839687100,91422120,91407,91407,3,0,0,0.6513776779174805,0,-0.010989189147949219,0,-0.0048847198486328125,0,0,0,0,0,0,0,0,0,0,0,0,0,0,0,7
21843753850,91425132,91410,91410,3,0,0,0.6513776779174805,0,-0.0036630630493164062,0,-0.014652252197265625,0,0,0,0,0,0,0,0,0,0,0,0,0,0,0,7
21847820600,91429122,91414,91414,3,0,0,0.6513776779174805,0,-0.0036630630493164062,0,-0.0048847198486328125,0,0,0,0,0,0,0,0,0,0,0,0,0,0,0,7
21851887350,91433126,91418,91418,3,0,0,0.6513776779174805,0,-0.0036630630493164062,0,-0.014652252197265625,0,0,0,0,0,0,0,0,0,0,0,0,0,0,0,7
21855954100,91436120,91421,91421,3,0,0,0.6513776779174805,0,-0.0036630630493164062,0,-0.014652252197265625,0,0,0,0,0,0,0,0,0,0,0,0,0,0,0,7
21860020850,91440120,91425,91425,3,0,0,0.6513776779174805,0,-0.010989189147949219,0,-0.014652252197265625,0,0,0,0,0,0,0,0,0,0,0,0,0,0,0,7
21864087600,91443120,91428,91428,3,0,0,0.6513776779174805,0,0.0036630630493164062,0,-0.014652252197265625,0,0,0,0,0,0,0,0,0,0,0,0,0,0,0,7
21868258348,91451121,91436,91436,3,0,0,0.6513776779174805,0,0.0036630630493164062,0,-0.0048847198486328125,0,0,0,0,0,0,0,0,0,0,0,0,0,0,0,7
21872429090,91454124,91439,91439,3,0,0,0.6513776779174805,0,0.0036630630493164062,0,-0.014652252197265625,0,0,0,0,0,0,0,0,0,0,0,0,0,0,0,7
21876599832,91457121,91442,91442,3,0,0,0.6513776779174805,0,0.0036630630493164062,0,-0.014652252197265625,0,0,0,0,0,0,0,0,0,0,0,0,0,0,0,7
21880770574,91460136,91445,91445,3,0,0,0.6513776779174805,0,-0.0036630630493164062,0,-0.014652252197265625,0,0,0,0,0,0,0,0,0,0,0,0,0,0,0,7
21884941316,91468120,91453,91453,3,0,0,0.6513776779174805,0,-0.0036630630493164062,0,-0.014652252197265625,0,0,0,0,0,0,0,0,0,0,0,0,0,0,0,7
21889112058,91471122,91456,91456,3,0,0,0.6513776779174805,0,0.0036630630493164062,0,-0.0048847198486328125,0,0,0,0,0,0,0,0,0,0,0,0,0,0,0,7
21893282800,91474134,91459,91459,3,0,0,0.6509943008422852,0,-0.01831531524658203,0,-0.0048847198486328125,0,0,0,0,0,0,0,0,0,0,0,0,0,0,0,7
21896192390,91480120,91465,91465,3,0,0,0.6513776779174805,0,0.010989189147949219,0,-0.014652252197265625,0,0,0,0,0,0,0,0,0,0,0,0,0,0,0,7
21899101975,91482120,91467,91467,3,0,0,0.6513776779174805,0,-0.01831531524658203,0,-0.014652252197265625,0,0,0,0,0,0,0,0,0,0,0,0,0,0,0,7
21902011560,91485129,91470,91470,3,0,0,0.6513776779174805,0,-0.0036630630493164062,0,-0.014652252197265625,0,0,0,0,0,0,0,0,0,0,0,0,0,0,0,7
21904921145,91487130,91472,91472,3,0,0,0.6513776779174805,0,-0.0036630630493164062,0,-0.0048847198486328125,0,0,0,0,0,0,0,0,0,0,0,0,0,0,0,7
21907830730,91491121,91476,91476,3,0,0,0.6513776779174805,0,-0.0036630630493164062,0,-0.014652252197265625,0,0,0,0,0,0,0,0,0,0,0,0,0,0,0,7
21910740315,91493121,91478,91478,3,0,0,0.6513776779174805,0,0.0036630630493164062,0,-0.014652252197265625,0,0,0,0,0,0,0,0,0,0,0,0,0,0,0,7
21913649900,91496125,91481,91481,3,0,0,0.6513776779174805,0,0.0036630630493164062,0,-0.014652252197265625,0,0,0,0,0,0,0,0,0,0,0,0,0,0,0,7
21917507691,91502135,91487,91487,3,0,0,0.6513776779174805,0,-0.0036630630493164062,0,-0.014652252197265625,0,0,0,0,0,0,0,0,0,0,0,0,0,0,0,7
21921365478,91504124,91489,91489,3,0,0,0.6513776779174805,0,-0.0036630630493164062,0,-0.014652252197265625,0,0,0,0,0,0,0,0,0,0,0,0,0,0,0,7
21925223265,91508122,91493,91493,3,0,0,0.6513776779174805,0,0.0036630630493164062,0,-0.014652252197265625,0,0,0,0,0,0,0,0,0,0,0,0,0,0,0,7
21929081052,91511120,91496,91496,3,0,0,0.6509943008422852,0,-0.0036630630493164062,0,-0.0048847198486328125,0,0,0,0,0,0,0,0,0,0,0,0,0,0,0,7
21932938839,91514120,91500,91500,3,0,0,0.6513776779174805,0,-0.0036630630493164062,0,-0.0048847198486328125,0,0,0,0,0,0,0,0,0,0,0,0,0,0,0,7
21936796626,91518121,91503,91503,3,0,0,0.6513776779174805,0,0.0036630630493164062,0,-0.0048847198486328125,0,0,0,0,0,0,0,0,0,0,0,0,0,0,0,7
21940654413,91523121,91508,91508,3,0,0,0.6513776779174805,0,-0.0036630630493164062,0,-0.0048847198486328125,0,0,0,0,0,0,0,0,0,0,0,0,0,0,0,7
21944512200,91526120,91511,91511,3,0,0,0.6513776779174805,0,-0.010989189147949219,0,0.0048847198486328125,0,0,0,0,0,0,0,0,0,0,0,0,0,0,0,7
21947781600,91531125,91516,91516,3,0,0,0.6513776779174805,0,-0.01831531524658203,0,0.0048847198486328125,0,0,0,0,0,0,0,0,0,0,0,0,0,0,0,7
21951051000,91533124,91518,91518,3,0,0,0.6513776779174805,0,0.0036630630493164062,0,-0.0048847198486328125,0,0,0,0,0,0,0,0,0,0,0,0,0,0,0,7
21954320400,91535129,91520,91520,3,0,0,0.6513776779174805,0,0.0036630630493164062,0,-0.0048847198486328125,0,0,0,0,0,0,0,0,0,0,0,0,0,0,0,7
21957589800,91537123,91522,91522,3,0,0,0.6513776779174805,0,-0.010989189147949219,0,-0.0048847198486328125,0,0,0,0,0,0,0,0,0,0,0,0,0,0,0,7
21960859200,91541124,91526,91526,3,0,0,0.6513776779174805,0,-0.0036630630493164062,0,-0.0048847198486328125,0,0,0,0,0,0,0,0,0,0,0,0,0,0,0,7
21964128600,91545135,91530,91530,3,0,0,0.6513776779174805,0,-0.010989189147949219,0,-0.0048847198486328125,0,0,0,0,0,0,0,0,0,0,0,0,0,0,0,7
21967398000,91548120,91533,91533,3,0,0,0.6513776779174805,0,-0.0036630630493164062,0,-0.014652252197265625,0,0,0,0,0,0,0,0,0,0,0,0,0,0,0,7
21970667400,91552122,91537,91537,3,0,0,0.6509943008422852,0,-0.010989189147949219,0,-0.014652252197265625,0,0,0,0,0,0,0,0,0,0,0,0,0,0,0,7
21974738791,91558137,91543,91543,3,0,0,0.6513776779174805,0,-0.010989189147949219,0,-0.014652252197265625,0,0,0,0,0,0,0,0,0,0,0,0,0,0,0,7
21978810178,91561120,91546,91546,3,0,0,0.6513776779174805,0,0.0036630630493164062,0,-0.0048847198486328125,0,0,0,0,0,0,0,0,0,0,0,0,0,0,0,7
21982881565,91565129,91550,91550,3,0,0,0.6513776779174805,0,-0.0036630630493164062,0,-0.0048847198486328125,0,0,0,0,0,0,0,0,0,0,0,0,0,0,0,7
21986952952,91571128,91556,91556,3,0,0,0.6513776779174805,0,-0.0036630630493164062,0,-0.0048847198486328125,0,0,0,0,0,0,0,0,0,0,0,0,0,0,0,7
21991024339,91574122,91559,91559,3,0,0,0.6513776779174805,0,0.010989189147949219,0,-0.0048847198486328125,0,0,0,0,0,0,0,0,0,0,0,0,0,0,0,7
21995095726,91579123,91565,91565,3,0,0,0.6513776779174805,0,-0.0036630630493164062,0,-0.0048847198486328125,0,0,0,0,0,0,0,0,0,0,0,0,0,0,0,7
21999167113,91583124,91568,91568,3,0,0,0.6513776779174805,0,-0.025641441345214844,0,-0.0048847198486328125,0,0,0,0,0,0,0,0,0,0,0,0,0,0,0,7
22003238500,91585136,91570,91570,3,0,0,0.6513776779174805,0,-0.0036630630493164062,0,-0.0048847198486328125,0,0,0,0,0,0,0,0,0,0,0,0,0,0,0,7
22007791132,91591124,91576,91576,3,0,0,0.6509943008422852,0,0.0036630630493164062,0,-0.0048847198486328125,0,0,0,0,0,0,0,0,0,0,0,0,0,0,0,7
22012343760,91594120,91579,91579,3,0,0,0.6513776779174805,0,0.0036630630493164062,0,-0.014652252197265625,0,0,0,0,0,0,0,0,0,0,0,0,0,0,0,7
22016896388,91597121,91582,91582,3,0,0,0.6513776779174805,0,-0.0036630630493164062,0,-0.0048847198486328125,0,0,0,0,0,0,0,0,0,0,0,0,0,0,0,7
22021449016,91603123,91588,91588,3,0,0,0.6513776779174805,0,-0.010989189147949219,0,-0.0048847198486328125,0,0,0,0,0,0,0,0,0,0,0,0,0,0,0,7
22026001644,91606120,91591,91592,3,0,0,0.6513776779174805,0,-0.010989189147949219,0,-0.0048847198486328125,0,0,0,0,0,0,0,0,0,0,0,0,0,0,0,7
22030554272,91610120,91595,91595,3,0,0,0.6513776779174805,0,0.010989189147949219,0,-0.014652252197265625,0,0,0,0,0,0,0,0,0,0,0,0,0,0,0,7
22035106900,91613128,91598,91598,3,0,0,0.6513776779174805,0,-0.0036630630493164062,0,0.0048847198486328125,0,0,0,0,0,0,0,0,0,0,0,0,0,0,0,7
22038918190,91625129,91610,91610,3,0,0,0.6513776779174805,0,-0.010989189147949219,0,-0.0048847198486328125,0,0,0,0,0,0,0,0,0,0,0,0,0,0,0,7
22042729475,91628138,91613,91613,3,0,0,0.6513776779174805,0,-0.010989189147949219,0,-0.0048847198486328125,0,0,0,0,0,0,0,0,0,0,0,0,0,0,0,7
22046540760,91630120,91615,91615,3,0,0,0.6513776779174805,0,0.0036630630493164062,0,-0.0048847198486328125,0,0,0,0,0,0,0,0,0,0,0,0,0,0,0,7
22050352045,91632123,91617,91617,3,0,0,0.6513776779174805,0,-0.0036630630493164062,0,-0.014652252197265625,0,0,0,0,0,0,0,0,0,0,0,0,0,0,0,7
22054163330,91636120,91621,91621,3,0,0,0.6513776779174805,0,-0.0036630630493164062,0,-0.014652252197265625,0,0,0,0,0,0,0,0,0,0,0,0,0,0,0,7
22057974615,91640121,91625,91625,3,0,0,0.6513776779174805,0,-0.0036630630493164062,0,-0.014652252197265625,0,0,0,0,0,0,0,0,0,0,0,0,0,0,0,7
22061785900,91643124,91628,91628,3,0,0,0.6513776779174805,0,-0.01831531524658203,0,-0.0048847198486328125,0,0,0,0,0,0,0,0,0,0,0,0,0,0,0,7
22065263700,91648120,91633,91633,3,0,0,0.6513776779174805,0,-0.0036630630493164062,0,-0.014652252197265625,0,0,0,0,0,0,0,0,0,0,0,0,0,0,0,7
22068741500,91651120,91636,91636,3,0,0,0.6513776779174805,0,-0.0036630630493164062,0,-0.014652252197265625,0,0,0,0,0,0,0,0,0,0,0,0,0,0,0,7
22072219300,91654120,91639,91639,3,0,0,0.6513776779174805,0,0.0036630630493164062,0,-0.014652252197265625,0,0,0,0,0,0,0,0,0,0,0,0,0,0,0,7
22075697100,91657128,91642,91642,3,0,0,0.6513776779174805,0,0.0036630630493164062,0,-0.0048847198486328125,0,0,0,0,0,0,0,0,0,0,0,0,0,0,0,7
22079174900,91660120,91645,91646,3,0,0,0.6513776779174805,0,0.010989189147949219,0,-0.014652252197265625,0,0,0,0,0,0,0,0,0,0,0,0,0,0,0,7
22082652700,91664121,91649,91649,3,0,0,0.6513776779174805,0,0.0036630630493164062,0,-0.014652252197265625,0,0,0,0,0,0,0,0,0,0,0,0,0,0,0,7
22086130500,91667120,91652,91652,3,0,0,0.6513776779174805,0,0.0036630630493164062,0,-0.0048847198486328125,0,0,0,0,0,0,0,0,0,0,0,0,0,0,0,7
22089608300,91671125,91656,91656,3,0,0,0.6513776779174805,0,-0.0036630630493164062,0,-0.0048847198486328125,0,0,0,0,0,0,0,0,0,0,0,0,0,0,0,7
22093658316,91677120,91662,91662,3,0,0,0.6513776779174805,0,-0.010989189147949219,0,-0.014652252197265625,0,0,0,0,0,0,0,0,0,0,0,0,0,0,0,7
22097708328,91680120,91665,91665,3,0,0,0.6513776779174805,0,0.010989189147949219,0,-0.014652252197265625,0,0,0,0,0,0,0,0,0,0,0,0,0,0,0,7
22101758340,91684135,91669,91669,3,0,0,0.6513776779174805,0,-0.0036630630493164062,0,-0.014652252197265625,0,0,0,0,0,0,0,0,0,0,0,0,0,0,0,7
22105808352,91687121,91672,91672,3,0,0,0.6513776779174805,0,-0.010989189147949219,0,-0.014652252197265625,0,0,0,0,0,0,0,0,0,0,0,0,0,0,0,7
22109858364,91692120,91677,91677,3,0,0,0.6513776779174805,0,0.0036630630493164062,0,-0.014652252197265625,0,0,0,0,0,0,0,0,0,0,0,0,0,0,0,7
22113908376,91696121,91681,91681,3,0,0,0.6513776779174805,0,0.010989189147949219,0,-0.024419784545898438,0,0,0,0,0,0,0,0,0,0,0,0,0,0,0,7
22117958388,91699129,91684,91684,3,0,0,0.6513776779174805,0,0.0036630630493164062,0,-0.024419784545898438,0,0,0,0,0,0,0,0,0,0,0,0,0,0,0,7
22122008400,91702120,91687,91687,3,0,0,0.6513776779174805,0,0.010989189147949219,0,-0.014652252197265625,0,0,0,0,0,0,0,0,0,0,0,0,0,0,0,7
22125783216,91709120,91694,91694,3,0,0,0.6517610549926758,0,0.010989189147949219,0,-0.014652252197265625,0,0,0,0,0,0,0,0,0,0,0,0,0,0,0,7
22129558030,91712135,91697,91697,3,0,0,0.6517610549926758,0,0.01831531524658203,0,-0.0048847198486328125,0,0,0,0,0,0,0,0,0,0,0,0,0,0,0,7
22133332844,91715133,91700,91700,3,0,0,0.6517610549926758,0,0.0036630630493164062,0,-0.014652252197265625,0,0,0,0,0,0,0,0,0,0,0,0,0,0,0,7
22137107658,91718120,91703,91703,3,0,0,0.6517610549926758,0,0.01831531524658203,0,-0.024419784545898438,0,0,0,0,0,0,0,0,0,0,0,0,0,0,0,7
22140882472,91722120,91707,91707,3,0,0,0.6517610549926758,0,0.025641441345214844,0,-0.014652252197265625,0,0,0,0,0,0,0,0,0,0,0,0,0,0,0,7
22144657286,91726135,91711,91711,3,0,0,0.6517610549926758,0,0.03296661376953125,0,-0.024419784545898438,0,0,0,0,0,0,0,0,0,0,0,0,0,0,0,7
22148432100,91729121,91714,91714,3,0,0,0.6521444320678711,0,0.01831531524658203,0,-0.024419784545898438,0,0,0,0,0,0,0,0,0,0,0,0,0,0,0,7
22152696016,91740136,91725,91725,3,0,0,0.6525287628173828,0,0.05494499206542969,0,-0.03418731689453125,0,0,0,0,0,0,0,0,0,0,0,0,0,0,0,7
22156959928,91745129,91730,91730,3,0,0,0.6529121398925781,0,0.05494499206542969,0,-0.05372428894042969,0,0,0,0,0,0,0,0,0,0,0,0,0,0,0,7
22161223840,91749125,91734,91734,3,0,0,0.6532964706420898,0,0.09157466888427734,0,-0.043956756591796875,0,0,0,0,0,0,0,0,0,0,0,0,0,0,0,7
22165487752,91752123,91737,91737,3,0,0,0.6536798477172852,0,0.07692337036132812,0,0.014652252197265625,0,0,0,0,0,0,0,0,0,0,0,0,0,0,0,7
22169751664,91756120,91741,91741,3,0,0,0.6536798477172852,0,0.047618865966796875,0,0.0634918212890625,0,0,0,0,0,0,0,0,0,0,0,0,0,0,0,7
22174015576,91759121,91744,91744,3,0,0,0.6536798477172852,0,0.0036630630493164062,0,0.08302879333496094,0,0,0,0,0,0,0,0,0,0,0,0,0,0,0,7
22178279488,91762120,91747,91747,3,0,0,0.6532964706420898,0,-0.01831531524658203,0,0.0634918212890625,0,0,0,0,0,0,0,0,0,0,0,0,0,0,0,7
22182543400,91764121,91749,91749,3,0,0,0.6536798477172852,0,-0.010989189147949219,0,-0.0048847198486328125,0,0,0,0,0,0,0,0,0,0,0,0,0,0,0,7
22185978525,91768136,91753,91753,3,0,0,0.6536798477172852,0,0.04029273986816406,0,-0.043956756591796875,0,0,0,0,0,0,0,0,0,0,0,0,0,0,0,7
22189413650,91770120,91755,91756,3,0,0,0.6540632247924805,0,0.03296661376953125,0,-0.043956756591796875,0,0,0,0,0,0,0,0,0,0,0,0,0,0,0,7
22192848775,91774120,91759,91759,3,0,0,0.6540632247924805,0,0.03296661376953125,0,-0.03418731689453125,0,0,0,0,0,0,0,0,0,0,0,0,0,0,0,7
22196283900,91777123,91762,91762,3,0,0,0.6544466018676758,0,0.04029273986816406,0,-0.03418731689453125,0,0,0,0,0,0,0,0,0,0,0,0,0,0,0,7
22199719025,91780120,91765,91765,3,0,0,0.6544466018676758,0,0.05494499206542969,0,-0.043956756591796875,0,0,0,0,0,0,0,0,0,0,0,0,0,0,0,7
22203154150,91783125,91768,91768,3,0,0,0.6548299789428711,0,0.0622711181640625,0,-0.043956756591796875,0,0,0,0,0,0,0,0,0,0,0,0,0,0,0,7
22206589275,91787121,91772,91772,3,0,0,0.6548299789428711,0,0.08424949645996094,0,-0.07325935363769531,0,0,0,0,0,0,0,0,0,0,0,0,0,0,0,7
22210024400,91791120,91776,91776,3,0,0,0.6555967330932617,0,0.1208791732788086,0,-0.05372428894042969,0,0,0,0,0,0,0,0,0,0,0,0,0,0,0,7
22215107200,91798122,91783,91783,3,0,0,0.6563644409179688,0,0.09890079498291016,0,0.043956756591796875,0,0,0,0,0,0,0,0,0,0,0,0,0,0,0,7
22219536015,91803121,91788,91788,3,0,0,0.6563644409179688,0,0.04029273986816406,0,0.07325935363769531,0,0,0,0,0,0,0,0,0,0,0,0,0,0,0,7
22223964830,91807124,91792,91792,3,0,0,0.6571311950683594,0,0.08424949645996094,0,-0.03418731689453125,0,0,0,0,0,0,0,0,0,0,0,0,0,0,0,7
22228393645,91810135,91795,91795,3,0,0,0.6571311950683594,0,0.10622692108154297,0,-0.0634918212890625,0,0,0,0,0,0,0,0,0,0,0,0,0,0,0,7
22232822460,91815133,91800,91800,3,0,0,0.65789794921875,0,0.1208791732788086,0,-0.05372428894042969,0,0,0,0,0,0,0,0,0,0,0,0,0,0,0,7
22237251275,91817121,91803,91803,3,0,0,0.6586647033691406,0,0.15018272399902344,0,-0.07325935363769531,0,0,0,0,0,0,0,0,0,0,0,0,0,0,0,7
22241680090,91824135,91809,91809,3,0,0,0.6594324111938477,0,0.13553142547607422,0,-0.0048847198486328125,0,0,0,0,0,0,0,0,0,0,0,0,0,0,0,7
22246108905,91827123,91812,91812,3,0,0,0.6594324111938477,0,0.07692337036132812,0,0.07325935363769531,0,0,0,0,0,0,0,0,0,0,0,0,0,0,0,7
22250537720,91839125,91824,91824,3,0,0,0.6617326736450195,0,0.20146560668945312,0,-0.10256385803222656,0,0,0,0,0,0,0,0,0,0,0,0,0,0,0,7
22254966535,91842120,91827,91827,3,0,0,0.6621160507202148,0,0.20146560668945312,0,-0.05372428894042969,0,0,0,0,0,0,0,0,0,0,0,0,0,0,0,7
22259395350,91845129,91830,91830,3,0,0,0.6621160507202148,0,0.15018272399902344,0,0.043956756591796875,0,0,0,0,0,0,0,0,0,0,0,0,0,0,0,7
22263824165,91848122,91833,91833,3,0,0,0.6625003814697266,0,0.08424949645996094,0,0.09279632568359375,0,0,0,0,0,0,0,0,0,0,0,0,0,0,0,7
22268252980,91851129,91836,91836,3,0,0,0.6628837585449219,0,0.09157466888427734,0,0.0048847198486328125,0,0,0,0,0,0,0,0,0,0,0,0,0,0,0,7
22272681795,91854120,91839,91839,3,0,0,0.6636505126953125,0,0.15750885009765625,0,-0.11233139038085938,0,0,0,0,0,0,0,0,0,0,0,0,0,0,0,7
22276727300,91867124,91852,91852,3,0,0,0.6655683517456055,0,0.06959724426269531,0,0.07325935363769531,0,0,0,0,0,0,0,0,0,0,0,0,0,0,0,7
22280772800,91870120,91855,91855,3,0,0,0.6663351058959961,0,0.13553142547607422,0,-0.0634918212890625,0,0,0,0,0,0,0,0,0,0,0,0,0,0,0,7
22284818300,91872120,91857,91857,3,0,0,0.6671018600463867,0,0.2527475357055664,0,-0.15140342712402344,0,0,0,0,0,0,0,0,0,0,0,0,0,0,0,7
22288863800,91875129,91860,91860,3,0,0,0.6678686141967773,0,0.2454214096069336,0,-0.09279632568359375,0,0,0,0,0,0,0,0,0,0,0,0,0,0,0,7
22292909300,91878120,91863,91863,3,0,0,0.6682519912719727,0,0.20879077911376953,0,-0.0048847198486328125,0,0,0,0,0,0,0,0,0,0,0,0,0,0,0,7
22296954800,91880135,91865,91865,3,0,0,0.6682519912719727,0,0.11355304718017578,0,0.11233139038085938,0,0,0,0,0,0,0,0,0,0,0,0,0,0,0,7
22301000300,91883121,91868,91868,3,0,0,0.6682519912719727,0,0.06959724426269531,0,0.09279632568359375,0,0,0,0,0,0,0,0,0,0,0,0,0,0,0,7
22305045800,91886120,91871,91871,3,0,0,0.6690196990966797,0,0.15018272399902344,0,-0.043956756591796875,0,0,0,0,0,0,0,0,0,0,0,0,0,0,0,7
22308607575,91892120,91877,91877,3,0,0,0.6709365844726562,0,0.2673988342285156,0,-0.122100830078125,0,0,0,0,0,0,0,0,0,0,0,0,0,0,0,7
22312169350,91895133,91880,91880,3,0,0,0.6713199615478516,0,0.20146560668945312,0,0.0048847198486328125,0,0,0,0,0,0,0,0,0,0,0,0,0,0,0,7
22315731125,91898122,91883,91883,3,0,0,0.6717042922973633,0,0.16483497619628906,0,0.07325935363769531,0,0,0,0,0,0,0,0,0,0,0,0,0,0,0,7
22319292900,91901123,91886,91886,3,0,0,0.6724710464477539,0,0.15750885009765625,0,0.024419784545898438,0,0,0,0,0,0,0,0,0,0,0,0,0,0,0,7
22322854675,91903121,91888,91888,3,0,0,0.6728544235229492,0,0.22344303131103516,0,-0.043956756591796875,0,0,0,0,0,0,0,0,0,0,0,0,0,0,0,7
22326416450,91909125,91894,91894,3,0,0,0.6740045547485352,0,0.15750885009765625,0,0.03418731689453125,0,0,0,0,0,0,0,0,0,0,0,0,0,0,0,7
22329978225,91912120,91897,91897,3,0,0,0.6743879318237305,0,0.14285755157470703,0,0.03418731689453125,0,0,0,0,0,0,0,0,0,0,0,0,0,0,0,7
22333540000,91915129,91900,91900,3,0,0,0.6751556396484375,0,0.21611690521240234,0,-0.07325935363769531,0,0,0,0,0,0,0,0,0,0,0,0,0,0,0,7
22337209616,91923128,91908,91908,3,0,0,0.6766891479492188,0,0.16483497619628906,0,0.05372428894042969,0,0,0,0,0,0,0,0,0,0,0,0,0,0,0,7
22340879228,91925129,91910,91910,3,0,0,0.6770725250244141,0,0.15018272399902344,0,0.03418731689453125,0,0,0,0,0,0,0,0,0,0,0,0,0,0,0,7
22344548840,91929121,91914,91914,3,0,0,0.6782236099243164,0,0.2527475357055664,0,-0.08302879333496094,0,0,0,0,0,0,0,0,0,0,0,0,0,0,0,7
22348218452,91932121,91917,91917,3,0,0,0.678990364074707,0,0.2673988342285156,0,-0.09279632568359375,0,0,0,0,0,0,0,0,0,0,0,0,0,0,0,7
22351888064,91935139,91920,91920,3,0,0,0.6797571182250977,0,0.20146560668945312,0,0.014652252197265625,0,0,0,0,0,0,0,0,0,0,0,0,0,0,0,7
22355557676,91938120,91923,91923,3,0,0,0.6797571182250977,0,0.15750885009765625,0,0.07325935363769531,0,0,0,0,0,0,0,0,0,0,0,0,0,0,0,7
22359227288,91941121,91926,91926,3,0,0,0.6809072494506836,0,0.20879077911376953,0,-0.014652252197265625,0,0,0,0,0,0,0,0,0,0,0,0,0,0,0,7
22362896900,91944120,91929,91929,3,0,0,0.6816749572753906,0,0.2527475357055664,0,-0.08302879333496094,0,0,0,0,0,0,0,0,0,0,0,0,0,0,0,7
22366048866,91949128,91934,91934,3,0,0,0.6824417114257812,0,0.1794872283935547,0,0.043956756591796875,0,0,0,0,0,0,0,0,0,0,0,0,0,0,0,7
22369200828,91953121,91938,91938,3,0,0,0.6835918426513672,0,0.21611690521240234,0,-0.03418731689453125,0,0,0,0,0,0,0,0,0,0,0,0,0,0,0,7
22372352790,91956122,91941,91941,3,0,0,0.6843595504760742,0,0.2673988342285156,0,-0.09279632568359375,0,0,0,0,0,0,0,0,0,0,0,0,0,0,0,7
22375504752,91958120,91943,91943,3,0,0,0.6847429275512695,0,0.23076915740966797,0,-0.014652252197265625,0,0,0,0,0,0,0,0,0,0,0,0,0,0,0,7
22378656714,91961121,91946,91946,3,0,0,0.6851263046264648,0,0.1794872283935547,0,0.05372428894042969,0,0,0,0,0,0,0,0,0,0,0,0,0,0,0,7
22381808676,91964138,91949,91949,3,0,0,0.6858930587768555,0,0.1868133544921875,0,0.014652252197265625,0,0,0,0,0,0,0,0,0,0,0,0,0,0,0,7
22384960638,91967121,91953,91953,3,0,0,0.6870431900024414,0,0.2673988342285156,0,-0.08302879333496094,0,0,0,0,0,0,0,0,0,0,0,0,0,0,0,7
22388112600,91970120,91955,91955,3,0,0,0.6874275207519531,0,0.2600736618041992,0,-0.0048847198486328125,0,0,0,0,0,0,0,0,0,0,0,0,0,0,0,7
22391587291,91977129,91962,91962,3,0,0,0.6889610290527344,0,0.20879077911376953,0,-0.024419784545898438,0,0,0,0,0,0,0,0,0,0,0,0,0,0,0,7
22394833911,91980122,91965,91965,3,0,0,0.689727783203125,0,0.2673988342285156,0,-0.11233139038085938,0,0,0,0,0,0,0,0,0,0,0,0,0,0,0,7
22398080531,91982120,91967,91967,3,0,0,0.690495491027832,0,0.2600736618041992,0,-0.03418731689453125,0,0,0,0,0,0,0,0,0,0,0,0,0,0,0,7
22401327151,91985131,91970,91970,3,0,0,0.6908788681030273,0,0.23809528350830078,0,0.024419784545898438,0,0,0,0,0,0,0,0,0,0,0,0,0,0,0,7
22404573771,91989125,91974,91974,3,0,0,0.6920289993286133,0,0.23809528350830078,0,-0.014652252197265625,0,0,0,0,0,0,0,0,0,0,0,0,0,0,0,7
22407820391,91992136,91977,91977,3,0,0,0.6927957534790039,0,0.2527475357055664,0,-0.0634918212890625,0,0,0,0,0,0,0,0,0,0,0,0,0,0,0,7
22411067011,91995129,91980,91980,3,0,0,0.6931791305541992,0,0.20879077911376953,0,0.0048847198486328125,0,0,0,0,0,0,0,0,0,0,0,0,0,0,0,7
22414313631,91998120,91983,91983,3,0,0,0.6939468383789062,0,0.20146560668945312,0,0.05372428894042969,0,0,0,0,0,0,0,0,0,0,0,0,0,0,0,7
22417560251,92002120,91987,91987,3,0,0,0.6950969696044922,0,0.2600736618041992,0,-0.07325935363769531,0,0,0,0,0,0,0,0,0,0,0,0,0,0,0,7
22420806871,92005140,91990,91990,3,0,0,0.6958637237548828,0,0.2454214096069336,0,-0.014652252197265625,0,0,0,0,0,0,0,0,0,0,0,0,0,0,0,7
22424053491,92008121,91993,91993,3,0,0,0.6962471008300781,0,0.20879077911376953,0,0.043956756591796875,0,0,0,0,0,0,0,0,0,0,0,0,0,0,0,7
22427300111,92011121,91996,91996,3,0,0,0.6970148086547852,0,0.22344303131103516,0,0.0048847198486328125,0,0,0,0,0,0,0,0,0,0,0,0,0,0,0,7
22430546731,92013121,91999,91999,3,0,0,0.6981649398803711,0,0.27472496032714844,0,-0.08302879333496094,0,0,0,0,0,0,0,0,0,0,0,0,0,0,0,7
22433793351,92016120,92001,92001,3,0,0,0.6985483169555664,0,0.2527475357055664,0,-0.0634918212890625,0,0,0,0,0,0,0,0,0,0,0,0,0,0,0,7
22437039971,92019129,92004,92004,3,0,0,0.699315071105957,0,0.22344303131103516,0,0.03418731689453125,0,0,0,0,0,0,0,0,0,0,0,0,0,0,0,7
22440286591,92022122,92007,92007,3,0,0,0.6996994018554688,0,0.20879077911376953,0,0.03418731689453125,0,0,0,0,0,0,0,0,0,0,0,0,0,0,0,7
22443665925,92027121,92012,92012,3,0,0,0.70123291015625,0,0.2454214096069336,0,-0.05372428894042969,0,0,0,0,0,0,0,0,0,0,0,0,0,0,0,7
22447045250,92030122,92015,92015,3,0,0,0.7019996643066406,0,0.2454214096069336,0,0.024419784545898438,0,0,0,0,0,0,0,0,0,0,0,0,0,0,0,7
22450424575,92032121,92017,92017,3,0,0,0.7023830413818359,0,0.21611690521240234,0,0.03418731689453125,0,0,0,0,0,0,0,0,0,0,0,0,0,0,0,7
22453803900,92035133,92020,92020,3,0,0,0.703150749206543,0,0.23809528350830078,0,-0.03418731689453125,0,0,0,0,0,0,0,0,0,0,0,0,0,0,0,7
22457183225,92038122,92023,92023,3,0,0,0.7039175033569336,0,0.2600736618041992,0,-0.07325935363769531,0,0,0,0,0,0,0,0,0,0,0,0,0,0,0,7
22460562550,92042121,92027,92027,3,0,0,0.7046842575073242,0,0.23076915740966797,0,0.043956756591796875,0,0,0,0,0,0,0,0,0,0,0,0,0,0,0,7
22463941875,92045129,92030,92030,3,0,0,0.7054510116577148,0,0.22344303131103516,0,0.014652252197265625,0,0,0,0,0,0,0,0,0,0,0,0,0,0,0,7
22467321200,92048135,92033,92034,3,0,0,0.7066020965576172,0,0.2527475357055664,0,-0.08302879333496094,0,0,0,0,0,0,0,0,0,0,0,0,0,0,0,7
22470693141,92054120,92039,92039,3,0,0,0.7073688507080078,0,0.22344303131103516,0,0.05372428894042969,0,0,0,0,0,0,0,0,0,0,0,0,0,0,0,7
22474065078,92058120,92043,92043,3,0,0,0.7085189819335938,0,0.2527475357055664,0,-0.0634918212890625,0,0,0,0,0,0,0,0,0,0,0,0,0,0,0,7
22477437015,92061128,92046,92046,3,0,0,0.7092866897583008,0,0.2454214096069336,0,-0.08302879333496094,0,0,0,0,0,0,0,0,0,0,0,0,0,0,0,7
22480808952,92064121,92049,92049,3,0,0,0.7104368209838867,0,0.2673988342285156,0,0.0048847198486328125,0,0,0,0,0,0,0,0,0,0,0,0,0,0,0,7
22484180889,92067123,92052,92052,3,0,0,0.710820198059082,0,0.2600736618041992,0,0.03418731689453125,0,0,0,0,0,0,0,0,0,0,0,0,0,0,0,7
22487552826,92070120,92055,92055,3,0,0,0.7115869522094727,0,0.2454214096069336,0,-0.024419784545898438,0,0,0,0,0,0,0,0,0,0,0,0,0,0,0,7
22490924763,92073121,92058,92058,3,0,0,0.712738037109375,0,0.2454214096069336,0,0.0048847198486328125,0,0,0,0,0,0,0,0,0,0,0,0,0,0,0,7
22494296700,92076139,92061,92061,3,0,0,0.7131214141845703,0,0.22344303131103516,0,0.0634918212890625,0,0,0,0,0,0,0,0,0,0,0,0,0,0,0,7
22497418200,92083121,92068,92068,3,0,0,0.7146549224853516,0,0.2454214096069336,0,-0.07325935363769531,0,0,0,0,0,0,0,0,0,0,0,0,0,0,0,7
22500539700,92085129,92070,92070,3,0,0,0.7150402069091797,0,0.22344303131103516,0,0.0048847198486328125,0,0,0,0,0,0,0,0,0,0,0,0,0,0,0,7
22503661200,92087121,92072,92072,3,0,0,0.7158069610595703,0,0.2454214096069336,0,0.05372428894042969,0,0,0,0,0,0,0,0,0,0,0,0,0,0,0,7
22506782700,92090135,92075,92075,3,0,0,0.7165737152099609,0,0.23076915740966797,0,0.0048847198486328125,0,0,0,0,0,0,0,0,0,0,0,0,0,0,0,7
22509904200,92093121,92078,92078,3,0,0,0.7173404693603516,0,0.23809528350830078,0,-0.043956756591796875,0,0,0,0,0,0,0,0,0,0,0,0,0,0,0,7
22513025700,92096123,92081,92081,3,0,0,0.7177238464355469,0,0.2454214096069336,0,-0.043956756591796875,0,0,0,0,0,0,0,0,0,0,0,0,0,0,0,7
22516147200,92099121,92084,92084,3,0,0,0.7184915542602539,0,0.23809528350830078,0,0.05372428894042969,0,0,0,0,0,0,0,0,0,0,0,0,0,0,0,7
22519268700,92101125,92086,92086,3,0,0,0.7188749313354492,0,0.23076915740966797,0,0.03418731689453125,0,0,0,0,0,0,0,0,0,0,0,0,0,0,0,7
22522345975,92106120,92091,92091,3,0,0,0.7200250625610352,0,0.21611690521240234,0,-0.0634918212890625,0,0,0,0,0,0,0,0,0,0,0,0,0,0,0,7
22525423250,92109124,92094,92094,3,0,0,0.7211761474609375,0,0.20879077911376953,0,0.024419784545898438,0,0,0,0,0,0,0,0,0,0,0,0,0,0,0,7
22528500525,92113124,92098,92098,3,0,0,0.7215595245361328,0,0.1941394805908203,0,0.07325935363769531,0,0,0,0,0,0,0,0,0,0,0,0,0,0,0,7
22531577800,92115129,92100,92100,3,0,0,0.7219429016113281,0,0.20146560668945312,0,0.014652252197265625,0,0,0,0,0,0,0,0,0,0,0,0,0,0,0,7
22534655075,92118135,92103,92103,3,0,0,0.7227096557617188,0,0.23076915740966797,0,-0.0634918212890625,0,0,0,0,0,0,0,0,0,0,0,0,0,0,0,7
22537732350,92120120,92105,92105,3,0,0,0.7234764099121094,0,0.23076915740966797,0,-0.0048847198486328125,0,0,0,0,0,0,0,0,0,0,0,0,0,0,0,7
22540809625,92123120,92108,92108,3,0,0,0.7238597869873047,0,0.20146560668945312,0,0.07325935363769531,0,0,0,0,0,0,0,0,0,0,0,0,0,0,0,7
22543886900,92126124,92111,92111,3,0,0,0.7242441177368164,0,0.1794872283935547,0,0.08302879333496094,0,0,0,0,0,0,0,0,0,0,0,0,0,0,0,7
22546478200,92130122,92115,92115,3,0,0,0.7253942489624023,0,0.23809528350830078,0,-0.07325935363769531,0,0,0,0,0,0,0,0,0,0,0,0,0,0,0,7
22549069500,92132136,92117,92117,3,0,0,0.7257776260375977,0,0.23076915740966797,0,-0.0634918212890625,0,0,0,0,0,0,0,0,0,0,0,0,0,0,0,7
22551660800,92134124,92119,92119,3,0,0,0.7265443801879883,0,0.21611690521240234,0,0.03418731689453125,0,0,0,0,0,0,0,0,0,0,0,0,0,0,0,7
22554252100,92137121,92122,92122,3,0,0,0.7265443801879883,0,0.16483497619628906,0,0.10256385803222656,0,0,0,0,0,0,0,0,0,0,0,0,0,0,0,7
22556843400,92139121,92124,92124,3,0,0,0.7269277572631836,0,0.1282052993774414,0,0.09279632568359375,0,0,0,0,0,0,0,0,0,0,0,0,0,0,0,7
22559434700,92141120,92126,92126,3,0,0,0.7276954650878906,0,0.20146560668945312,0,-0.043956756591796875,0,0,0,0,0,0,0,0,0,0,0,0,0,0,0,7
22562026000,92144120,92129,92129,3,0,0,0.7284622192382812,0,0.23076915740966797,0,-0.11233139038085938,0,0,0,0,0,0,0,0,0,0,0,0,0,0,0,7
22564617300,92146136,92131,92131,3,0,0,0.7288455963134766,0,0.2454214096069336,0,-0.07325935363769531,0,0,0,0,0,0,0,0,0,0,0,0,0,0,0,7
22567843275,92151121,92136,92136,3,0,0,0.7296123504638672,0,0.17216110229492188,0,0.09279632568359375,0,0,0,0,0,0,0,0,0,0,0,0,0,0,0,7
22571069250,92154122,92139,92139,3,0,0,0.7299957275390625,0,0.15750885009765625,0,0.07325935363769531,0,0,0,0,0,0,0,0,0,0,0,0,0,0,0,7
22574295225,92157121,92142,92142,3,0,0,0.7307634353637695,0,0.1794872283935547,0,-0.03418731689453125,0,0,0,0,0,0,0,0,0,0,0,0,0,0,0,7
22577521200,92159131,92144,92144,3,0,0,0.7311468124389648,0,0.20146560668945312,0,-0.08302879333496094,0,0,0,0,0,0,0,0,0,0,0,0,0,0,0,7
22580747175,92162120,92147,92147,3,0,0,0.7319135665893555,0,0.23809528350830078,0,-0.03418731689453125,0,0,0,0,0,0,0,0,0,0,0,0,0,0,0,7
22583973150,92166120,92151,92151,3,0,0,0.7322969436645508,0,0.1794872283935547,0,0.08302879333496094,0,0,0,0,0,0,0,0,0,0,0,0,0,0,0,7
22587199125,92169121,92154,92154,3,0,0,0.7326803207397461,0,0.1282052993774414,0,0.0634918212890625,0,0,0,0,0,0,0,0,0,0,0,0,0,0,0,7
22590425100,92172121,92157,92157,3,0,0,0.7334480285644531,0,0.1794872283935547,0,-0.05372428894042969,0,0,0,0,0,0,0,0,0,0,0,0,0,0,0,7
22593561516,92177121,92162,92162,3,0,0,0.7345981597900391,0,0.1941394805908203,0,-0.014652252197265625,0,0,0,0,0,0,0,0,0,0,0,0,0,0,0,7
22596697928,92180120,92165,92165,3,0,0,0.7349815368652344,0,0.17216110229492188,0,0.08302879333496094,0,0,0,0,0,0,0,0,0,0,0,0,0,0,0,7
22599834340,92183122,92168,92168,3,0,0,0.7353649139404297,0,0.10622692108154297,0,0.09279632568359375,0,0,0,0,0,0,0,0,0,0,0,0,0,0,0,7
22602970752,92186120,92171,92171,3,0,0,0.735748291015625,0,0.15750885009765625,0,-0.03418731689453125,0,0,0,0,0,0,0,0,0,0,0,0,0,0,0,7
22606107164,92189125,92174,92174,3,0,0,0.736515998840332,0,0.20879077911376953,0,-0.122100830078125,0,0,0,0,0,0,0,0,0,0,0,0,0,0,0,7
22609243576,92192124,92177,92177,3,0,0,0.7372827529907227,0,0.21611690521240234,0,-0.10256385803222656,0,0,0,0,0,0,0,0,0,0,0,0,0,0,0,7
22612379988,92195130,92180,92180,3,0,0,0.737666130065918,0,0.20146560668945312,0,0.014652252197265625,0,0,0,0,0,0,0,0,0,0,0,0,0,0,0,7
22615516400,92198121,92183,92183,3,0,0,0.737666130065918,0,0.1282052993774414,0,0.11233139038085938,0,0,0,0,0,0,0,0,0,0,0,0,0,0,0,7
22619087700,92204123,92189,92189,3,0,0,0.7388162612915039,0,0.1282052993774414,0,-0.043956756591796875,0,0,0,0,0,0,0,0,0,0,0,0,0,0,0,7
22622235353,92207121,92192,92192,3,0,0,0.7395839691162109,0,0.1868133544921875,0,-0.11233139038085938,0,0,0,0,0,0,0,0,0,0,0,0,0,0,0,7
22625383006,92210120,92196,92196,3,0,0,0.7403507232666016,0,0.20146560668945312,0,-0.014652252197265625,0,0,0,0,0,0,0,0,0,0,0,0,0,0,0,7
22628530659,92214120,92199,92199,3,0,0,0.7403507232666016,0,0.11355304718017578,0,0.11233139038085938,0,0,0,0,0,0,0,0,0,0,0,0,0,0,0,7
22631678312,92217126,92202,92202,3,0,0,0.7403507232666016,0,0.05494499206542969,0,0.122100830078125,0,0,0,0,0,0,0,0,0,0,0,0,0,0,0,7
22634825965,92220120,92205,92205,3,0,0,0.7407341003417969,0,0.1208791732788086,0,-0.0048847198486328125,0,0,0,0,0,0,0,0,0,0,0,0,0,0,0,7
22637973618,92223121,92208,92208,3,0,0,0.7418842315673828,0,0.1941394805908203,0,-0.122100830078125,0,0,0,0,0,0,0,0,0,0,0,0,0,0,0,7
22641121271,92226120,92211,92211,3,0,0,0.7422676086425781,0,0.1941394805908203,0,-0.11233139038085938,0,0,0,0,0,0,0,0,0,0,0,0,0,0,0,7
22644268924,92230135,92215,92215,3,0,0,0.7426519393920898,0,0.13553142547607422,0,0.08302879333496094,0,0,0,0,0,0,0,0,0,0,0,0,0,0,0,7
22647416577,92233122,92218,92218,3,0,0,0.7426519393920898,0,0.06959724426269531,0,0.14163589477539062,0,0,0,0,0,0,0,0,0,0,0,0,0,0,0,7
22650564230,92235129,92220,92220,3,0,0,0.7426519393920898,0,0.025641441345214844,0,0.122100830078125,0,0,0,0,0,0,0,0,0,0,0,0,0,0,0,7
22653711883,92237124,92222,92222,3,0,0,0.7430353164672852,0,0.06959724426269531,0,0.024419784545898438,0,0,0,0,0,0,0,0,0,0,0,0,0,0,0,7
22656859536,92240120,92225,92225,3,0,0,0.7441854476928711,0,0.1868133544921875,0,-0.122100830078125,0,0,0,0,0,0,0,0,0,0,0,0,0,0,0,7
22660007189,92243128,92228,92228,3,0,0,0.7445688247680664,0,0.20879077911376953,0,-0.1318683624267578,0,0,0,0,0,0,0,0,0,0,0,0,0,0,0,7
22663154842,92246122,92231,92231,3,0,0,0.745335578918457,0,0.1868133544921875,0,-0.0634918212890625,0,0,0,0,0,0,0,0,0,0,0,0,0,0,0,7
22666302495,92248121,92233,92233,3,0,0,0.745335578918457,0,0.17216110229492188,0,0.014652252197265625,0,0,0,0,0,0,0,0,0,0,0,0,0,0,0,7
22669398491,92253121,92238,92238,3,0,0,0.7449522018432617,0,0.010989189147949219,0,0.15140342712402344,0,0,0,0,0,0,0,0,0,0,0,0,0,0,0,7
22672494478,92256135,92241,92241,3,0,0,0.7457199096679688,0,0.06959724426269531,0,0.014652252197265625,0,0,0,0,0,0,0,0,0,0,0,0,0,0,0,7
22675590465,92258138,92243,92243,3,0,0,0.7461032867431641,0,0.13553142547607422,0,-0.0634918212890625,0,0,0,0,0,0,0,0,0,0,0,0,0,0,0,7
22678686452,92261121,92246,92246,3,0,0,0.7468700408935547,0,0.1868133544921875,0,-0.10256385803222656,0,0,0,0,0,0,0,0,0,0,0,0,0,0,0,7
22681782439,92263120,92248,92248,3,0,0,0.74725341796875,0,0.1794872283935547,0,-0.10256385803222656,0,0,0,0,0,0,0,0,0,0,0,0,0,0,0,7
22684878426,92266123,92251,92251,3,0,0,0.7476367950439453,0,0.16483497619628906,0,-0.07325935363769531,0,0,0,0,0,0,0,0,0,0,0,0,0,0,0,7
22687974413,92269121,92254,92254,3,0,0,0.7480201721191406,0,0.1282052993774414,0,0.024419784545898438,0,0,0,0,0,0,0,0,0,0,0,0,0,0,0,7
22691070400,92273125,92258,92258,3,0,0,0.7480201721191406,0,0.07692337036132812,0,0.122100830078125,0,0,0,0,0,0,0,0,0,0,0,0,0,0,0,7
22694615116,92277121,92262,92262,3,0,0,0.7487878799438477,0,0.11355304718017578,0,-0.024419784545898438,0,0,0,0,0,0,0,0,0,0,0,0,0,0,0,7
22698159828,92281120,92266,92266,3,0,0,0.7495546340942383,0,0.17216110229492188,0,-0.09279632568359375,0,0,0,0,0,0,0,0,0,0,0,0,0,0,0,7
22701704540,92284139,92269,92269,3,0,0,0.7503213882446289,0,0.1868133544921875,0,-0.11233139038085938,0,0,0,0,0,0,0,0,0,0,0,0,0,0,0,7
22705249252,92288121,92273,92273,3,0,0,0.7510881423950195,0,0.20879077911376953,0,-0.07325935363769531,0,0,0,0,0,0,0,0,0,0,0,0,0,0,0,7
22708793964,92291122,92276,92276,3,0,0,0.7514715194702148,0,0.20146560668945312,0,0.014652252197265625,0,0,0,0,0,0,0,0,0,0,0,0,0,0,0,7
22712338676,92294120,92279,92279,3,0,0,0.7514715194702148,0,0.11355304718017578,0,0.10256385803222656,0,0,0,0,0,0,0,0,0,0,0,0,0,0,0,7
22715883388,92296121,92281,92281,3,0,0,0.7514715194702148,0,0.04029273986816406,0,0.16117286682128906,0,0,0,0,0,0,0,0,0,0,0,0,0,0,0,7
22719428100,92301128,92286,92286,3,0,0,0.7518558502197266,0,0.04029273986816406,0,0.03418731689453125,0,0,0,0,0,0,0,0,0,0,0,0,0,0,0,7
22722647416,92308124,92293,92293,3,0,0,0.7533893585205078,0,0.20146560668945312,0,-0.14163589477539062,0,0,0,0,0,0,0,0,0,0,0,0,0,0,0,7
22725866728,92310120,92295,92295,3,0,0,0.7537727355957031,0,0.17216110229492188,0,-0.05372428894042969,0,0,0,0,0,0,0,0,0,0,0,0,0,0,0,7
22729086040,92313128,92298,92298,3,0,0,0.7541561126708984,0,0.14285755157470703,0,0.024419784545898438,0,0,0,0,0,0,0,0,0,0,0,0,0,0,0,7
22732305352,92316123,92301,92301,3,0,0,0.7537727355957031,0,0.0622711181640625,0,0.122100830078125,0,0,0,0,0,0,0,0,0,0,0,0,0,0,0,7
22735524664,92318120,92303,92303,3,0,0,0.7537727355957031,0,0.025641441345214844,0,0.10256385803222656,0,0,0,0,0,0,0,0,0,0,0,0,0,0,0,7
22738743976,92321120,92306,92306,3,0,0,0.7541561126708984,0,0.0622711181640625,0,0.014652252197265625,0,0,0,0,0,0,0,0,0,0,0,0,0,0,0,7
22741963288,92324124,92309,92309,3,0,0,0.7549238204956055,0,0.15018272399902344,0,-0.11233139038085938,0,0,0,0,0,0,0,0,0,0,0,0,0,0,0,7
22745182600,92327129,92312,92312,3,0,0,0.7556905746459961,0,0.20146560668945312,0,-0.15140342712402344,0,0,0,0,0,0,0,0,0,0,0,0,0,0,0,7
22748866191,92332122,92317,92317,3,0,0,0.756840705871582,0,0.1941394805908203,0,-0.014652252197265625,0,0,0,0,0,0,0,0,0,0,0,0,0,0,0,7
22752549778,92336120,92321,92321,3,0,0,0.756840705871582,0,0.06959724426269531,0,0.1318683624267578,0,0,0,0,0,0,0,0,0,0,0,0,0,0,0,7
22756233365,92339121,92324,92324,3,0,0,0.756840705871582,0,0.03296661376953125,0,0.1318683624267578,0,0,0,0,0,0,0,0,0,0,0,0,0,0,0,7
22759916952,92343125,92328,92328,3,0,0,0.7576074600219727,0,0.10622692108154297,0,-0.05372428894042969,0,0,0,0,0,0,0,0,0,0,0,0,0,0,0,7
22763600539,92347120,92332,92332,3,0,0,0.7583751678466797,0,0.1868133544921875,0,-0.14163589477539062,0,0,0,0,0,0,0,0,0,0,0,0,0,0,0,7
22767284126,92350128,92335,92335,3,0,0,0.7591419219970703,0,0.20146560668945312,0,-0.09279632568359375,0,0,0,0,0,0,0,0,0,0,0,0,0,0,0,7
22770967713,92353124,92338,92338,3,0,0,0.7595252990722656,0,0.15018272399902344,0,0.03418731689453125,0,0,0,0,0,0,0,0,0,0,0,0,0,0,0,7
22774651300,92356135,92341,92341,3,0,0,0.7595252990722656,0,0.07692337036132812,0,0.14163589477539062,0,0,0,0,0,0,0,0,0,0,0,0,0,0,0,7
22778617441,92362122,92347,92347,3,0,0,0.7602920532226562,0,0.1282052993774414,0,-0.05372428894042969,0,0,0,0,0,0,0,0,0,0,0,0,0,0,0,7
22782583578,92365129,92350,92350,3,0,0,0.7610597610473633,0,0.1794872283935547,0,-0.1318683624267578,0,0,0,0,0,0,0,0,0,0,0,0,0,0,0,7
22786549715,92368137,92353,92353,3,0,0,0.7614431381225586,0,0.21611690521240234,0,-0.11233139038085938,0,0,0,0,0,0,0,0,0,0,0,0,0,0,0,7
22790515852,92371124,92356,92356,3,0,0,0.7618265151977539,0,0.20146560668945312,0,-0.014652252197265625,0,0,0,0,0,0,0,0,0,0,0,0,0,0,0,7
22794481989,92375129,92361,92361,3,0,0,0.7618265151977539,0,0.04029273986816406,0,0.14163589477539062,0,0,0,0,0,0,0,0,0,0,0,0,0,0,0,7
22798448126,92380121,92365,92365,3,0,0,0.7625932693481445,0,0.09890079498291016,0,-0.0048847198486328125,0,0,0,0,0,0,0,0,0,0,0,0,0,0,0,7
22802414263,92384135,92369,92369,3,0,0,0.7637434005737305,0,0.1794872283935547,0,-0.122100830078125,0,0,0,0,0,0,0,0,0,0,0,0,0,0,0,7
22806380400,92387125,92372,92372,3,0,0,0.7645111083984375,0,0.20146560668945312,0,-0.10256385803222656,0,0,0,0,0,0,0,0,0,0,0,0,0,0,0,7
22810379716,92395132,92380,92381,3,0,0,0.7648944854736328,0,0.04029273986816406,0,0.11233139038085938,0,0,0,0,0,0,0,0,0,0,0,0,0,0,0,7
22814379028,92399127,92384,92384,3,0,0,0.7652778625488281,0,0.09157466888427734,0,-0.014652252197265625,0,0,0,0,0,0,0,0,0,0,0,0,0,0,0,7
22818378340,92403125,92388,92388,3,0,0,0.7660446166992188,0,0.16483497619628906,0,-0.11233139038085938,0,0,0,0,0,0,0,0,0,0,0,0,0,0,0,7
22822377652,92406120,92391,92391,3,0,0,0.7668113708496094,0,0.1941394805908203,0,-0.122100830078125,0,0,0,0,0,0,0,0,0,0,0,0,0,0,0,7
22826376964,92410135,92395,92395,3,0,0,0.7675790786743164,0,0.1941394805908203,0,-0.03418731689453125,0,0,0,0,0,0,0,0,0,0,0,0,0,0,0,7
22830376276,92413124,92398,92398,3,0,0,0.7679624557495117,0,0.10622692108154297,0,0.09279632568359375,0,0,0,0,0,0,0,0,0,0,0,0,0,0,0,7
22834375588,92416123,92401,92401,3,0,0,0.7675790786743164,0,0.05494499206542969,0,0.122100830078125,0,0,0,0,0,0,0,0,0,0,0,0,0,0,0,7
22838374900,92419121,92404,92404,3,0,0,0.7679624557495117,0,0.0622711181640625,0,0.0048847198486328125,0,0,0,0,0,0,0,0,0,0,0,0,0,0,0,7
22842259241,92428123,92413,92413,3,0,0,0.770263671875,0,0.23076915740966797,0,-0.14163589477539062,0,0,0,0,0,0,0,0,0,0,0,0,0,0,0,7
22846143578,92431120,92416,92416,3,0,0,0.7710304260253906,0,0.21611690521240234,0,-0.043956756591796875,0,0,0,0,0,0,0,0,0,0,0,0,0,0,0,7
22850027915,92434120,92419,92419,3,0,0,0.7710304260253906,0,0.15750885009765625,0,0.07325935363769531,0,0,0,0,0,0,0,0,0,0,0,0,0,0,0,7
22853912252,92437120,92422,92422,3,0,0,0.7710304260253906,0,0.06959724426269531,0,0.1318683624267578,0,0,0,0,0,0,0,0,0,0,0,0,0,0,0,7
22857796589,92441124,92426,92426,3,0,0,0.7710304260253906,0,0.01831531524658203,0,0.122100830078125,0,0,0,0,0,0,0,0,0,0,0,0,0,0,0,7
22861680926,92445133,92430,92430,3,0,0,0.7717971801757812,0,0.09890079498291016,0,-0.0634918212890625,0,0,0,0,0,0,0,0,0,0,0,0,0,0,0,7
22865565263,92448120,92433,92433,3,0,0,0.7725639343261719,0,0.16483497619628906,0,-0.14163589477539062,0,0,0,0,0,0,0,0,0,0,0,0,0,0,0,7
22869449600,92450128,92435,92435,3,0,0,0.7729473114013672,0,0.17216110229492188,0,-0.10256385803222656,0,0,0,0,0,0,0,0,0,0,0,0,0,0,0,7
22872961850,92457122,92442,92442,3,0,0,0.7733316421508789,0,0.07692337036132812,0,0.11233139038085938,0,0,0,0,0,0,0,0,0,0,0,0,0,0,0,7
22876474100,92460121,92445,92445,3,0,0,0.7733316421508789,0,0.025641441345214844,0,0.09279632568359375,0,0,0,0,0,0,0,0,0,0,0,0,0,0,0,7
22879986350,92463121,92448,92448,3,0,0,0.7737150192260742,0,0.07692337036132812,0,-0.03418731689453125,0,0,0,0,0,0,0,0,0,0,0,0,0,0,0,7
22883498600,92466139,92451,92451,3,0,0,0.7744817733764648,0,0.14285755157470703,0,-0.122100830078125,0,0,0,0,0,0,0,0,0,0,0,0,0,0,0,7
22887010850,92469128,92454,92454,3,0,0,0.7756319046020508,0,0.20879077911376953,0,-0.14163589477539062,0,0,0,0,0,0,0,0,0,0,0,0,0,0,0,7
22890523100,92474123,92459,92459,3,0,0,0.7760152816772461,0,0.1941394805908203,0,-0.0048847198486328125,0,0,0,0,0,0,0,0,0,0,0,0,0,0,0,7
22894035350,92477121,92462,92462,3,0,0,0.7760152816772461,0,0.09157466888427734,0,0.09279632568359375,0,0,0,0,0,0,0,0,0,0,0,0,0,0,0,7
22897547600,92479120,92464,92464,3,0,0,0.7760152816772461,0,0.010989189147949219,0,0.16117286682128906,0,0,0,0,0,0,0,0,0,0,0,0,0,0,0,7
22901152891,92485129,92470,92470,3,0,0,0.7763996124267578,0,0.07692337036132812,0,-0.03418731689453125,0,0,0,0,0,0,0,0,0,0,0,0,0,0,0,7
22904758178,92488120,92473,92473,3,0,0,0.7771663665771484,0,0.13553142547607422,0,-0.10256385803222656,0,0,0,0,0,0,0,0,0,0,0,0,0,0,0,7
22908363465,92491121,92476,92476,3,0,0,0.7775506973266602,0,0.17216110229492188,0,-0.10256385803222656,0,0,0,0,0,0,0,0,0,0,0,0,0,0,0,7
22911968752,92494137,92479,92479,3,0,0,0.7783174514770508,0,0.1868133544921875,0,-0.07325935363769531,0,0,0,0,0,0,0,0,0,0,0,0,0,0,0,7
22915574039,92497125,92482,92482,3,0,0,0.7787008285522461,0,0.15750885009765625,0,0.014652252197265625,0,0,0,0,0,0,0,0,0,0,0,0,0,0,0,7
22919179326,92500129,92485,92485,3,0,0,0.7787008285522461,0,0.07692337036132812,0,0.11233139038085938,0,0,0,0,0,0,0,0,0,0,0,0,0,0,0,7
22922784613,92504121,92489,92489,3,0,0,0.7787008285522461,0,0.05494499206542969,0,0.024419784545898438,0,0,0,0,0,0,0,0,0,0,0,0,0,0,0,7
22926389900,92507123,92493,92493,3,0,0,0.7794685363769531,0,0.11355304718017578,0,-0.0634918212890625,0,0,0,0,0,0,0,0,0,0,0,0,0,0,0,7
22929713275,92513120,92498,92498,3,0,0,0.7802352905273438,0,0.13553142547607422,0,-0.0634918212890625,0,0,0,0,0,0,0,0,0,0,0,0,0,0,0,7
22933036650,92516120,92501,92501,3,0,0,0.7806186676025391,0,0.15018272399902344,0,-0.043956756591796875,0,0,0,0,0,0,0,0,0,0,0,0,0,0,0,7
22936360025,92519124,92504,92504,3,0,0,0.7810020446777344,0,0.11355304718017578,0,0.0048847198486328125,0,0,0,0,0,0,0,0,0,0,0,0,0,0,0,7
22939683400,92522135,92507,92507,3,0,0,0.7810020446777344,0,0.08424949645996094,0,0.0634918212890625,0,0,0,0,0,0,0,0,0,0,0,0,0,0,0,7
22943006775,92525133,92510,92510,3,0,0,0.7813854217529297,0,0.0622711181640625,0,0.07325935363769531,0,0,0,0,0,0,0,0,0,0,0,0,0,0,0,7
22946330150,92528120,92513,92513,3,0,0,0.781768798828125,0,0.06959724426269531,0,-0.014652252197265625,0,0,0,0,0,0,0,0,0,0,0,0,0,0,0,7
22949653525,92531122,92516,92516,3,0,0,0.7821521759033203,0,0.10622692108154297,0,-0.043956756591796875,0,0,0,0,0,0,0,0,0,0,0,0,0,0,0,7
22952976900,92534120,92519,92519,3,0,0,0.7821521759033203,0,0.09890079498291016,0,-0.043956756591796875,0,0,0,0,0,0,0,0,0,0,0,0,0,0,0,7
22956956875,92543121,92528,92528,3,0,0,0.783686637878418,0,0.15018272399902344,0,-0.03418731689453125,0,0,0,0,0,0,0,0,0,0,0,0,0,0,0,7
22960936850,92545133,92530,92530,3,0,0,0.783686637878418,0,0.1208791732788086,0,0.03418731689453125,0,0,0,0,0,0,0,0,0,0,0,0,0,0,0,7
22964916825,92548124,92533,92533,3,0,0,0.7840700149536133,0,0.0622711181640625,0,0.09279632568359375,0,0,0,0,0,0,0,0,0,0,0,0,0,0,0,7
22968896800,92552139,92537,92537,3,0,0,0.7840700149536133,0,0.05494499206542969,0,0.05372428894042969,0,0,0,0,0,0,0,0,0,0,0,0,0,0,0,7
22972876775,92556123,92541,92541,3,0,0,0.7844533920288086,0,0.09157466888427734,0,-0.024419784545898438,0,0,0,0,0,0,0,0,0,0,0,0,0,0,0,7
22976856750,92559121,92544,92544,3,0,0,0.7852201461791992,0,0.11355304718017578,0,-0.043956756591796875,0,0,0,0,0,0,0,0,0,0,0,0,0,0,0,7
22980836725,92563120,92548,92548,3,0,0,0.7856044769287109,0,0.1208791732788086,0,-0.07325935363769531,0,0,0,0,0,0,0,0,0,0,0,0,0,0,0,7
22984816700,92566135,92551,92551,3,0,0,0.7859878540039062,0,0.16483497619628906,0,-0.07325935363769531,0,0,0,0,0,0,0,0,0,0,0,0,0,0,0,7
22987993566,92571120,92556,92556,3,0,0,0.7867546081542969,0,0.1208791732788086,0,0.03418731689453125,0,0,0,0,0,0,0,0,0,0,0,0,0,0,0,7
22991170428,92574120,92559,92559,3,0,0,0.7867546081542969,0,0.06959724426269531,0,0.10256385803222656,0,0,0,0,0,0,0,0,0,0,0,0,0,0,0,7
22994347290,92579128,92564,92564,3,0,0,0.7871379852294922,0,0.05494499206542969,0,0.03418731689453125,0,0,0,0,0,0,0,0,0,0,0,0,0,0,0,7
22997524152,92581126,92566,92566,3,0,0,0.7875213623046875,0,0.09157466888427734,0,-0.05372428894042969,0,0,0,0,0,0,0,0,0,0,0,0,0,0,0,7
23000701014,92584120,92569,92569,3,0,0,0.7879047393798828,0,0.1208791732788086,0,-0.07325935363769531,0,0,0,0,0,0,0,0,0,0,0,0,0,0,0,7
23003877876,92586120,92571,92571,3,0,0,0.7882881164550781,0,0.15018272399902344,0,-0.08302879333496094,0,0,0,0,0,0,0,0,0,0,0,0,0,0,0,7
23007054738,92589122,92574,92574,3,0,0,0.7886724472045898,0,0.16483497619628906,0,-0.09279632568359375,0,0,0,0,0,0,0,0,0,0,0,0,0,0,0,7
23010231600,92592135,92577,92577,3,0,0,0.7894392013549805,0,0.1868133544921875,0,-0.08302879333496094,0,0,0,0,0,0,0,0,0,0,0,0,0,0,0,7
23014116741,92596121,92581,92582,3,0,0,0.7898225784301758,0,0.13553142547607422,0,0.043956756591796875,0,0,0,0,0,0,0,0,0,0,0,0,0,0,0,7
23018001878,92600129,92585,92585,3,0,0,0.7898225784301758,0,0.05494499206542969,0,0.1318683624267578,0,0,0,0,0,0,0,0,0,0,0,0,0,0,0,7
23021887015,92603121,92588,92588,3,0,0,0.7898225784301758,0,0.0036630630493164062,0,0.10256385803222656,0,0,0,0,0,0,0,0,0,0,0,0,0,0,0,7
23025772152,92607127,92592,92592,3,0,0,0.7902059555053711,0,0.0622711181640625,0,-0.024419784545898438,0,0,0,0,0,0,0,0,0,0,0,0,0,0,0,7
23029657289,92610122,92595,92595,3,0,0,0.7909727096557617,0,0.1282052993774414,0,-0.09279632568359375,0,0,0,0,0,0,0,0,0,0,0,0,0,0,0,7
23033542426,92614124,92599,92599,3,0,0,0.7917404174804688,0,0.15750885009765625,0,-0.07325935363769531,0,0,0,0,0,0,0,0,0,0,0,0,0,0,0,7
23037427563,92618122,92603,92603,3,0,0,0.7921237945556641,0,0.15750885009765625,0,-0.03418731689453125,0,0,0,0,0,0,0,0,0,0,0,0,0,0,0,7
23041312700,92622135,92608,92608,3,0,0,0.7925071716308594,0,0.09157466888427734,0,0.07325935363769531,0,0,0,0,0,0,0,0,0,0,0,0,0,0,0,7
23044334875,92628120,92613,92613,3,0,0,0.7925071716308594,0,0.01831531524658203,0,0.05372428894042969,0,0,0,0,0,0,0,0,0,0,0,0,0,0,0,7
23047357050,92630120,92615,92615,3,0,0,0.7928905487060547,0,0.06959724426269531,0,-0.014652252197265625,0,0,0,0,0,0,0,0,0,0,0,0,0,0,0,7
23050379225,92632121,92617,92617,3,0,0,0.79327392578125,0,0.09890079498291016,0,-0.0634918212890625,0,0,0,0,0,0,0,0,0,0,0,0,0,0,0,7
23053401400,92635139,92620,92620,3,0,0,0.7936573028564453,0,0.1208791732788086,0,-0.07325935363769531,0,0,0,0,0,0,0,0,0,0,0,0,0,0,0,7
23056423575,92637125,92622,92622,3,0,0,0.7940406799316406,0,0.14285755157470703,0,-0.0634918212890625,0,0,0,0,0,0,0,0,0,0,0,0,0,0,0,7
23059445750,92640121,92625,92626,3,0,0,0.7944240570068359,0,0.16483497619628906,0,-0.0634918212890625,0,0,0,0,0,0,0,0,0,0,0,0,0,0,0,7
23062467925,92643124,92629,92629,3,0,0,0.7948083877563477,0,0.15018272399902344,0,-0.024419784545898438,0,0,0,0,0,0,0,0,0,0,0,0,0,0,0,7
23065490100,92647123,92632,92632,3,0,0,0.795191764831543,0,0.11355304718017578,0,0.03418731689453125,0,0,0,0,0,0,0,0,0,0,0,0,0,0,0,7
23069092291,92654120,92639,92639,3,0,0,0.7955751419067383,0,0.06959724426269531,0,-0.0048847198486328125,0,0,0,0,0,0,0,0,0,0,0,0,0,0,0,7
23072694478,92657121,92642,92642,3,0,0,0.7959585189819336,0,0.10622692108154297,0,-0.05372428894042969,0,0,0,0,0,0,0,0,0,0,0,0,0,0,0,7
23076296665,92659121,92644,92644,3,0,0,0.7963418960571289,0,0.13553142547607422,0,-0.08302879333496094,0,0,0,0,0,0,0,0,0,0,0,0,0,0,0,7
23079898852,92662135,92647,92647,3,0,0,0.7967252731323242,0,0.16483497619628906,0,-0.07325935363769531,0,0,0,0,0,0,0,0,0,0,0,0,0,0,0,7
23083501039,92664139,92649,92649,3,0,0,0.7974920272827148,0,0.16483497619628906,0,-0.07325935363769531,0,0,0,0,0,0,0,0,0,0,0,0,0,0,0,7
23087103226,92668122,92653,92653,3,0,0,0.7978763580322266,0,0.15018272399902344,0,-0.03418731689453125,0,0,0,0,0,0,0,0,0,0,0,0,0,0,0,7
23090705413,92672125,92657,92657,3,0,0,0.7978763580322266,0,0.08424949645996094,0,0.07325935363769531,0,0,0,0,0,0,0,0,0,0,0,0,0,0,0,7
23094307600,92675129,92660,92660,3,0,0,0.7978763580322266,0,0.05494499206542969,0,0.09279632568359375,0,0,0,0,0,0,0,0,0,0,0,0,0,0,0,7
23097327166,92681122,92666,92666,3,0,0,0.7986431121826172,0,0.10622692108154297,0,-0.05372428894042969,0,0,0,0,0,0,0,0,0,0,0,0,0,0,0,7
23100346728,92684120,92669,92669,3,0,0,0.7990264892578125,0,0.14285755157470703,0,-0.07325935363769531,0,0,0,0,0,0,0,0,0,0,0,0,0,0,0,7
23103366290,92686120,92671,92671,3,0,0,0.7997932434082031,0,0.15018272399902344,0,-0.07325935363769531,0,0,0,0,0,0,0,0,0,0,0,0,0,0,0,7
23106385852,92689123,92674,92674,3,0,0,0.8001766204833984,0,0.16483497619628906,0,-0.05372428894042969,0,0,0,0,0,0,0,0,0,0,0,0,0,0,0,7
23109405414,92692135,92677,92677,3,0,0,0.8005599975585938,0,0.15750885009765625,0,-0.024419784545898438,0,0,0,0,0,0,0,0,0,0,0,0,0,0,0,7
23112424976,92695129,92680,92680,3,0,0,0.8005599975585938,0,0.10622692108154297,0,0.043956756591796875,0,0,0,0,0,0,0,0,0,0,0,0,0,0,0,7
23115444538,92698120,92683,92683,3,0,0,0.8005599975585938,0,0.06959724426269531,0,0.08302879333496094,0,0,0,0,0,0,0,0,0,0,0,0,0,0,0,7
23118464100,92701127,92686,92686,3,0,0,0.8005599975585938,0,0.0622711181640625,0,0.024419784545898438,0,0,0,0,0,0,0,0,0,0,0,0,0,0,0,7
23122172691,92705138,92690,92690,3,0,0,0.8013277053833008,0,0.1208791732788086,0,-0.05372428894042969,0,0,0,0,0,0,0,0,0,0,0,0,0,0,0,7
23125881278,92710122,92695,92695,3,0,0,0.8024778366088867,0,0.17216110229492188,0,-0.07325935363769531,0,0,0,0,0,0,0,0,0,0,0,0,0,0,0,7
23129589865,92713120,92698,92698,3,0,0,0.8032445907592773,0,0.17216110229492188,0,-0.043956756591796875,0,0,0,0,0,0,0,0,0,0,0,0,0,0,0,7
23133298452,92717121,92702,92702,3,0,0,0.8032445907592773,0,0.1282052993774414,0,0.043956756591796875,0,0,0,0,0,0,0,0,0,0,0,0,0,0,0,7
23137007039,92721124,92706,92706,3,0,0,0.8032445907592773,0,0.05494499206542969,0,0.09279632568359375,0,0,0,0,0,0,0,0,0,0,0,0,0,0,0,7
23140715626,92724120,92709,92709,3,0,0,0.8036279678344727,0,0.04029273986816406,0,0.03418731689453125,0,0,0,0,0,0,0,0,0,0,0,0,0,0,0,7
23144424213,92727121,92712,92712,3,0,0,0.8040122985839844,0,0.08424949645996094,0,-0.03418731689453125,0,0,0,0,0,0,0,0,0,0,0,0,0,0,0,7
23148132800,92730124,92715,92715,3,0,0,0.8043956756591797,0,0.1208791732788086,0,-0.05372428894042969,0,0,0,0,0,0,0,0,0,0,0,0,0,0,0,7
23151401825,92735137,92720,92720,3,0,0,0.8051624298095703,0,0.17216110229492188,0,-0.05372428894042969,0,0,0,0,0,0,0,0,0,0,0,0,0,0,0,7
23154670850,92737121,92722,92722,3,0,0,0.8055458068847656,0,0.16483497619628906,0,-0.05372428894042969,0,0,0,0,0,0,0,0,0,0,0,0,0,0,0,7
23157939875,92740120,92725,92725,3,0,0,0.8059291839599609,0,0.15018272399902344,0,-0.024419784545898438,0,0,0,0,0,0,0,0,0,0,0,0,0,0,0,7
23161208900,92742120,92727,92727,3,0,0,0.8063125610351562,0,0.09890079498291016,0,0.05372428894042969,0,0,0,0,0,0,0,0,0,0,0,0,0,0,0,7
23164477925,92746135,92731,92731,3,0,0,0.8063125610351562,0,0.047618865966796875,0,0.08302879333496094,0,0,0,0,0,0,0,0,0,0,0,0,0,0,0,7
23167746950,92749125,92734,92734,3,0,0,0.8063125610351562,0,0.047618865966796875,0,0.024419784545898438,0,0,0,0,0,0,0,0,0,0,0,0,0,0,0,7
23171015975,92753121,92738,92738,3,0,0,0.8070802688598633,0,0.1208791732788086,0,-0.0634918212890625,0,0,0,0,0,0,0,0,0,0,0,0,0,0,0,7
23174285000,92756119,92741,92741,3,0,0,0.8078470230102539,0,0.17216110229492188,0,-0.09279632568359375,0,0,0,0,0,0,0,0,0,0,0,0,0,0,0,7
23177430841,92764125,92749,92749,3,0,0,0.8089971542358398,0,0.15750885009765625,0,-0.024419784545898438,0,0,0,0,0,0,0,0,0,0,0,0,0,0,0,7
23180576678,92766120,92751,92751,3,0,0,0.8093805313110352,0,0.14285755157470703,0,0.03418731689453125,0,0,0,0,0,0,0,0,0,0,0,0,0,0,0,7
23183722515,92768123,92753,92753,3,0,0,0.8093805313110352,0,0.09157466888427734,0,0.10256385803222656,0,0,0,0,0,0,0,0,0,0,0,0,0,0,0,7
23186868352,92770121,92755,92755,3,0,0,0.8093805313110352,0,0.03296661376953125,0,0.16117286682128906,0,0,0,0,0,0,0,0,0,0,0,0,0,0,0,7
23190014189,92773121,92758,92758,3,0,0,0.8093805313110352,0,-0.0036630630493164062,0,0.14163589477539062,0,0,0,0,0,0,0,0,0,0,0,0,0,0,0,7
23193160026,92776136,92761,92761,3,0,0,0.8093805313110352,0,0.07692337036132812,0,-0.03418731689453125,0,0,0,0,0,0,0,0,0,0,0,0,0,0,0,7
23196305863,92779121,92764,92764,3,0,0,0.8101482391357422,0,0.15750885009765625,0,-0.10256385803222656,0,0,0,0,0,0,0,0,0,0,0,0,0,0,0,7
23199451700,92782120,92767,92767,3,0,0,0.8109149932861328,0,0.1868133544921875,0,-0.11233139038085938,0,0,0,0,0,0,0,0,0,0,0,0,0,0,0,7
23202408450,92785133,92771,92771,3,0,0,0.8116817474365234,0,0.17216110229492188,0,-0.07325935363769531,0,0,0,0,0,0,0,0,0,0,0,0,0,0,0,7
23205365200,92788140,92773,92773,3,0,0,0.8116817474365234,0,0.14285755157470703,0,-0.014652252197265625,0,0,0,0,0,0,0,0,0,0,0,0,0,0,0,7
23208321950,92791125,92776,92776,3,0,0,0.8116817474365234,0,0.06959724426269531,0,0.08302879333496094,0,0,0,0,0,0,0,0,0,0,0,0,0,0,0,7
23211278700,92794120,92779,92779,3,0,0,0.8116817474365234,0,0.025641441345214844,0,0.122100830078125,0,0,0,0,0,0,0,0,0,0,0,0,0,0,0,7
23214235450,92796121,92781,92781,3,0,0,0.8120651245117188,0,0.047618865966796875,0,0.024419784545898438,0,0,0,0,0,0,0,0,0,0,0,0,0,0,0,7
23217192200,92799121,92784,92784,3,0,0,0.8124485015869141,0,0.07692337036132812,0,-0.043956756591796875,0,0,0,0,0,0,0,0,0,0,0,0,0,0,0,7
23220148950,92801127,92786,92786,3,0,0,0.8132162094116211,0,0.15018272399902344,0,-0.09279632568359375,0,0,0,0,0,0,0,0,0,0,0,0,0,0,0,7
23223105700,92804135,92789,92789,3,0,0,0.8135995864868164,0,0.1868133544921875,0,-0.09279632568359375,0,0,0,0,0,0,0,0,0,0,0,0,0,0,0,7
23226064241,92810120,92795,92795,3,0,0,0.814366340637207,0,0.15750885009765625,0,-0.05372428894042969,0,0,0,0,0,0,0,0,0,0,0,0,0,0,0,7
23229022778,92813122,92798,92798,3,0,0,0.8147497177124023,0,0.11355304718017578,0,0.03418731689453125,0,0,0,0,0,0,0,0,0,0,0,0,0,0,0,7
23231981315,92815129,92800,92800,3,0,0,0.814366340637207,0,0.047618865966796875,0,0.11233139038085938,0,0,0,0,0,0,0,0,0,0,0,0,0,0,0,7
23234939852,92818137,92803,92803,3,0,0,0.814366340637207,0,0.025641441345214844,0,0.11233139038085938,0,0,0,0,0,0,0,0,0,0,0,0,0,0,0,7
23237898389,92821122,92806,92806,3,0,0,0.8147497177124023,0,0.05494499206542969,0,0.014652252197265625,0,0,0,0,0,0,0,0,0,0,0,0,0,0,0,7
23240856926,92824120,92809,92809,3,0,0,0.815516471862793,0,0.11355304718017578,0,-0.0634918212890625,0,0,0,0,0,0,0,0,0,0,0,0,0,0,0,7
23243815463,92826122,92811,92811,3,0,0,0.8158998489379883,0,0.1794872283935547,0,-0.09279632568359375,0,0,0,0,0,0,0,0,0,0,0,0,0,0,0,7
23246774000,92829121,92814,92814,3,0,0,0.8166675567626953,0,0.17216110229492188,0,-0.08302879333496094,0,0,0,0,0,0,0,0,0,0,0,0,0,0,0,7
23250031250,92833125,92818,92818,3,0,0,0.8170509338378906,0,0.15018272399902344,0,-0.05372428894042969,0,0,0,0,0,0,0,0,0,0,0,0,0,0,0,7
23253288500,92836120,92821,92821,3,0,0,0.8174343109130859,0,0.1282052993774414,0,0.024419784545898438,0,0,0,0,0,0,0,0,0,0,0,0,0,0,0,7
23256545750,92839121,92824,92824,3,0,0,0.8174343109130859,0,0.07692337036132812,0,0.09279632568359375,0,0,0,0,0,0,0,0,0,0,0,0,0,0,0,7
23259803000,92841121,92826,92826,3,0,0,0.8170509338378906,0,0.03296661376953125,0,0.10256385803222656,0,0,0,0,0,0,0,0,0,0,0,0,0,0,0,7
23263060250,92844137,92829,92829,3,0,0,0.8174343109130859,0,0.04029273986816406,0,0.024419784545898438,0,0,0,0,0,0,0,0,0,0,0,0,0,0,0,7
23266317500,92847126,92832,92832,3,0,0,0.8182010650634766,0,0.1282052993774414,0,-0.05372428894042969,0,0,0,0,0,0,0,0,0,0,0,0,0,0,0,7
23269574750,92850130,92835,92835,3,0,0,0.8185844421386719,0,0.17216110229492188,0,-0.08302879333496094,0,0,0,0,0,0,0,0,0,0,0,0,0,0,0,7
23272832000,92854120,92839,92839,3,0,0,0.8193521499633789,0,0.16483497619628906,0,-0.07325935363769531,0,0,0,0,0,0,0,0,0,0,0,0,0,0,0,7
23276135950,92860135,92845,92845,3,0,0,0.8197355270385742,0,0.09157466888427734,0,0.03418731689453125,0,0,0,0,0,0,0,0,0,0,0,0,0,0,0,7
23279235086,92863122,92849,92849,3,0,0,0.8201189041137695,0,0.04029273986816406,0,0.10256385803222656,0,0,0,0,0,0,0,0,0,0,0,0,0,0,0,7
23282334222,92867125,92852,92852,3,0,0,0.8201189041137695,0,0.0622711181640625,0,0.03418731689453125,0,0,0,0,0,0,0,0,0,0,0,0,0,0,0,7
23285433358,92870121,92855,92855,3,0,0,0.8205022811889648,0,0.08424949645996094,0,-0.03418731689453125,0,0,0,0,0,0,0,0,0,0,0,0,0,0,0,7
23288532494,92873127,92858,92858,3,0,0,0.8208856582641602,0,0.13553142547607422,0,-0.05372428894042969,0,0,0,0,0,0,0,0,0,0,0,0,0,0,0,7
23291631630,92876120,92861,92861,3,0,0,0.8216524124145508,0,0.15750885009765625,0,-0.05372428894042969,0,0,0,0,0,0,0,0,0,0,0,0,0,0,0,7
23294730766,92879122,92864,92864,3,0,0,0.8220357894897461,0,0.14285755157470703,0,-0.05372428894042969,0,0,0,0,0,0,0,0,0,0,0,0,0,0,0,7
23297829902,92881121,92866,92866,3,0,0,0.8224201202392578,0,0.13553142547607422,0,-0.024419784545898438,0,0,0,0,0,0,0,0,0,0,0,0,0,0,0,7
23300929038,92888139,92873,92873,3,0,0,0.8224201202392578,0,0.047618865966796875,0,0.07325935363769531,0,0,0,0,0,0,0,0,0,0,0,0,0,0,0,7
23304028174,92890120,92875,92876,3,0,0,0.8228034973144531,0,0.04029273986816406,0,0.03418731689453125,0,0,0,0,0,0,0,0,0,0,0,0,0,0,0,7
23307127310,92893124,92878,92878,3,0,0,0.8228034973144531,0,0.0622711181640625,0,-0.024419784545898438,0,0,0,0,0,0,0,0,0,0,0,0,0,0,0,7
23310226446,92895129,92880,92881,3,0,0,0.8231868743896484,0,0.09890079498291016,0,-0.024419784545898438,0,0,0,0,0,0,0,0,0,0,0,0,0,0,0,7
23313325582,92898120,92883,92883,3,0,0,0.8235702514648438,0,0.09157466888427734,0,-0.024419784545898438,0,0,0,0,0,0,0,0,0,0,0,0,0,0,0,7
23316424718,92900147,92885,92885,3,0,0,0.8235702514648438,0,0.11355304718017578,0,-0.024419784545898438,0,0,0,0,0,0,0,0,0,0,0,0,0,0,0,7
23319523854,92902135,92887,92887,3,0,0,0.8239536285400391,0,0.1208791732788086,0,-0.03418731689453125,0,0,0,0,0,0,0,0,0,0,0,0,0,0,0,7
23322622990,92904124,92889,92889,3,0,0,0.8243370056152344,0,0.1282052993774414,0,-0.05372428894042969,0,0,0,0,0,0,0,0,0,0,0,0,0,0,0,7
23326057925,92910120,92895,92895,3,0,0,0.825103759765625,0,0.1282052993774414,0,-0.043956756591796875,0,0,0,0,0,0,0,0,0,0,0,0,0,0,0,7
23329492850,92914136,92899,92899,3,0,0,0.8254880905151367,0,0.08424949645996094,0,0.03418731689453125,0,0,0,0,0,0,0,0,0,0,0,0,0,0,0,7
23332927775,92917129,92902,92902,3,0,0,0.8254880905151367,0,0.047618865966796875,0,0.09279632568359375,0,0,0,0,0,0,0,0,0,0,0,0,0,0,0,7
23336362700,92920120,92905,92905,3,0,0,0.8254880905151367,0,0.025641441345214844,0,0.03418731689453125,0,0,0,0,0,0,0,0,0,0,0,0,0,0,0,7
23339797625,92924120,92909,92909,3,0,0,0.825871467590332,0,0.06959724426269531,0,-0.03418731689453125,0,0,0,0,0,0,0,0,0,0,0,0,0,0,0,7
23343232550,92927121,92912,92912,3,0,0,0.8262548446655273,0,0.09157466888427734,0,-0.043956756591796875,0,0,0,0,0,0,0,0,0,0,0,0,0,0,0,7
23346667475,92929129,92914,92914,3,0,0,0.8266382217407227,0,0.09157466888427734,0,-0.03418731689453125,0,0,0,0,0,0,0,0,0,0,0,0,0,0,0,7
23350102400,92932121,92917,92917,3,0,0,0.827021598815918,0,0.10622692108154297,0,-0.024419784545898438,0,0,0,0,0,0,0,0,0,0,0,0,0,0,0,7
23353422475,92936120,92921,92921,3,0,0,0.8274049758911133,0,0.1282052993774414,0,-0.05372428894042969,0,0,0,0,0,0,0,0,0,0,0,0,0,0,0,7
23356742550,92938124,92923,92923,3,0,0,0.8274049758911133,0,0.13553142547607422,0,-0.0634918212890625,0,0,0,0,0,0,0,0,0,0,0,0,0,0,0,7
23360062625,92941121,92926,92926,3,0,0,0.8277883529663086,0,0.1208791732788086,0,-0.07325935363769531,0,0,0,0,0,0,0,0,0,0,0,0,0,0,0,7
23363382700,92944135,92929,92929,3,0,0,0.8281717300415039,0,0.1282052993774414,0,-0.03418731689453125,0,0,0,0,0,0,0,0,0,0,0,0,0,0,0,7
23366702775,92947121,92932,92932,3,0,0,0.8285560607910156,0,0.07692337036132812,0,0.043956756591796875,0,0,0,0,0,0,0,0,0,0,0,0,0,0,0,7
23370022850,92952122,92937,92937,3,0,0,0.8281717300415039,0,0.0036630630493164062,0,0.1318683624267578,0,0,0,0,0,0,0,0,0,0,0,0,0,0,0,7
23373342925,92955131,92940,92940,3,0,0,0.8281717300415039,0,-0.010989189147949219,0,0.024419784545898438,0,0,0,0,0,0,0,0,0,0,0,0,0,0,0,7
23376663000,92958136,92943,92943,3,0,0,0.8285560607910156,0,0.05494499206542969,0,-0.043956756591796875,0,0,0,0,0,0,0,0,0,0,0,0,0,0,0,7
23380458675,92963122,92948,92948,3,0,0,0.8289394378662109,0,0.07692337036132812,0,-0.014652252197265625,0,0,0,0,0,0,0,0,0,0,0,0,0,0,0,7
23384254350,92967125,92952,92952,3,0,0,0.8293228149414062,0,0.07692337036132812,0,-0.024419784545898438,0,0,0,0,0,0,0,0,0,0,0,0,0,0,0,7
23388050025,92970137,92955,92955,3,0,0,0.8297061920166016,0,0.09157466888427734,0,-0.043956756591796875,0,0,0,0,0,0,0,0,0,0,0,0,0,0,0,7
23391845700,92974120,92959,92959,3,0,0,0.8304729461669922,0,0.10622692108154297,0,-0.0634918212890625,0,0,0,0,0,0,0,0,0,0,0,0,0,0,0,7
23395641375,92977120,92962,92962,3,0,0,0.8304729461669922,0,0.09157466888427734,0,-0.05372428894042969,0,0,0,0,0,0,0,0,0,0,0,0,0,0,0,7
23399437050,92981121,92966,92966,3,0,0,0.8308563232421875,0,0.09157466888427734,0,-0.014652252197265625,0,0,0,0,0,0,0,0,0,0,0,0,0,0,0,7
23403232725,92985135,92970,92970,3,0,0,0.8308563232421875,0,0.04029273986816406,0,0.0634918212890625,0,0,0,0,0,0,0,0,0,0,0,0,0,0,0,7
23407028400,92988124,92973,92973,3,0,0,0.8308563232421875,0,0.010989189147949219,0,0.09279632568359375,0,0,0,0,0,0,0,0,0,0,0,0,0,0,0,7
23410799191,92996125,92981,92981,3,0,0,0.8312397003173828,0,0.0622711181640625,0,-0.043956756591796875,0,0,0,0,0,0,0,0,0,0,0,0,0,0,0,7
23414569978,92998136,92983,92984,3,0,0,0.8316240310668945,0,0.0622711181640625,0,-0.024419784545898438,0,0,0,0,0,0,0,0,0,0,0,0,0,0,0,7
23418340765,93002121,92987,92987,3,0,0,0.8316240310668945,0,0.0622711181640625,0,-0.014652252197265625,0,0,0,0,0,0,0,0,0,0,0,0,0,0,0,7
23422111552,93005129,92990,92990,3,0,0,0.8320074081420898,0,0.07692337036132812,0,-0.03418731689453125,0,0,0,0,0,0,0,0,0,0,0,0,0,0,0,7
23425882339,93008123,92993,92993,3,0,0,0.8323907852172852,0,0.08424949645996094,0,-0.043956756591796875,0,0,0,0,0,0,0,0,0,0,0,0,0,0,0,7
23429653126,93011120,92996,92996,3,0,0,0.8327741622924805,0,0.11355304718017578,0,-0.05372428894042969,0,0,0,0,0,0,0,0,0,0,0,0,0,0,0,7
23433423913,93016122,93001,93001,3,0,0,0.8331575393676758,0,0.09890079498291016,0,-0.05372428894042969,0,0,0,0,0,0,0,0,0,0,0,0,0,0,0,7
23437194700,93019121,93004,93004,3,0,0,0.8335409164428711,0,0.10622692108154297,0,-0.05372428894042969,0,0,0,0,0,0,0,0,0,0,0,0,0,0,0,7
23440674616,93024122,93009,93009,3,0,0,0.8339242935180664,0,0.0622711181640625,0,0.043956756591796875,0,0,0,0,0,0,0,0,0,0,0,0,0,0,0,7
23444154528,93027127,93012,93012,3,0,0,0.8339242935180664,0,0.010989189147949219,0,0.11233139038085938,0,0,0,0,0,0,0,0,0,0,0,0,0,0,0,7
23447634440,93030120,93015,93015,3,0,0,0.8335409164428711,0,-0.010989189147949219,0,0.10256385803222656,0,0,0,0,0,0,0,0,0,0,0,0,0,0,0,7
23451114352,93033124,93018,93018,3,0,0,0.8339242935180664,0,0.0036630630493164062,0,0.014652252197265625,0,0,0,0,0,0,0,0,0,0,0,0,0,0,0,7
23454594264,93037123,93022,93022,3,0,0,0.8343076705932617,0,0.047618865966796875,0,-0.03418731689453125,0,0,0,0,0,0,0,0,0,0,0,0,0,0,0,7
23458074176,93041131,93026,93026,3,0,0,0.8343076705932617,0,0.047618865966796875,0,-0.014652252197265625,0,0,0,0,0,0,0,0,0,0,0,0,0,0,0,7
23461554088,93044121,93029,93029,3,0,0,0.8343076705932617,0,0.04029273986816406,0,-0.014652252197265625,0,0,0,0,0,0,0,0,0,0,0,0,0,0,0,7
23465034000,93047121,93032,93032,3,0,0,0.8346920013427734,0,0.07692337036132812,0,-0.03418731689453125,0,0,0,0,0,0,0,0,0,0,0,0,0,0,0,7
23469018650,93052123,93037,93037,3,0,0,0.8354587554931641,0,0.09157466888427734,0,-0.043956756591796875,0,0,0,0,0,0,0,0,0,0,0,0,0,0,0,7
23473003300,93055135,93040,93040,3,0,0,0.8358421325683594,0,0.09890079498291016,0,-0.05372428894042969,0,0,0,0,0,0,0,0,0,0,0,0,0,0,0,7
23476987950,93058122,93043,93043,3,0,0,0.8358421325683594,0,0.09157466888427734,0,-0.05372428894042969,0,0,0,0,0,0,0,0,0,0,0,0,0,0,0,7
23480972600,93064121,93049,93049,3,0,0,0.8362255096435547,0,0.06959724426269531,0,-0.014652252197265625,0,0,0,0,0,0,0,0,0,0,0,0,0,0,0,7
23484957250,93067125,93052,93052,3,0,0,0.8362255096435547,0,0.047618865966796875,0,0.05372428894042969,0,0,0,0,0,0,0,0,0,0,0,0,0,0,0,7
23488941900,93070139,93055,93055,3,0,0,0.8362255096435547,0,0.025641441345214844,0,0.07325935363769531,0,0,0,0,0,0,0,0,0,0,0,0,0,0,0,7
23492926550,93074122,93059,93059,3,0,0,0.8362255096435547,0,0.0036630630493164062,0,0.043956756591796875,0,0,0,0,0,0,0,0,0,0,0,0,0,0,0,7
23496911200,93077121,93062,93062,3,0,0,0.83660888671875,0,0.047618865966796875,0,-0.03418731689453125,0,0,0,0,0,0,0,0,0,0,0,0,0,0,0,7
23500170275,93084135,93069,93069,3,0,0,0.8369922637939453,0,0.047618865966796875,0,-0.0048847198486328125,0,0,0,0,0,0,0,0,0,0,0,0,0,0,0,7
23503429350,93087123,93072,93072,3,0,0,0.8369922637939453,0,0.047618865966796875,0,-0.014652252197265625,0,0,0,0,0,0,0,0,0,0,0,0,0,0,0,7
23506688425,93090120,93075,93075,3,0,0,0.8373756408691406,0,0.07692337036132812,0,-0.03418731689453125,0,0,0,0,0,0,0,0,0,0,0,0,0,0,0,7
23509947500,93093120,93078,93078,3,0,0,0.8377599716186523,0,0.07692337036132812,0,-0.03418731689453125,0,0,0,0,0,0,0,0,0,0,0,0,0,0,0,7
23513206575,93096141,93081,93081,3,0,0,0.8377599716186523,0,0.06959724426269531,0,-0.043956756591796875,0,0,0,0,0,0,0,0,0,0,0,0,0,0,0,7
23516465650,93099129,93084,93084,3,0,0,0.8381433486938477,0,0.09157466888427734,0,-0.043956756591796875,0,0,0,0,0,0,0,0,0,0,0,0,0,0,0,7
23519724725,93101123,93086,93086,3,0,0,0.838526725769043,0,0.07692337036132812,0,-0.024419784545898438,0,0,0,0,0,0,0,0,0,0,0,0,0,0,0,7
23522983800,93104124,93089,93089,3,0,0,0.838526725769043,0,0.07692337036132812,0,-0.024419784545898438,0,0,0,0,0,0,0,0,0,0,0,0,0,0,0,7
23526613766,93112138,93097,93097,3,0,0,0.8389101028442383,0,0.05494499206542969,0,0.024419784545898438,0,0,0,0,0,0,0,0,0,0,0,0,0,0,0,7
23530243728,93115129,93100,93100,3,0,0,0.8389101028442383,0,0.01831531524658203,0,0.043956756591796875,0,0,0,0,0,0,0,0,0,0,0,0,0,0,0,7
23533873690,93118120,93103,93103,3,0,0,0.8389101028442383,0,0.01831531524658203,0,0.024419784545898438,0,0,0,0,0,0,0,0,0,0,0,0,0,0,0,7
23537503652,93121121,93106,93106,3,0,0,0.8392934799194336,0,0.047618865966796875,0,-0.0048847198486328125,0,0,0,0,0,0,0,0,0,0,0,0,0,0,0,7
23541133614,93125139,93110,93110,3,0,0,0.8392934799194336,0,0.05494499206542969,0,-0.014652252197265625,0,0,0,0,0,0,0,0,0,0,0,0,0,0,0,7
23544763576,93128124,93113,93113,3,0,0,0.8396768569946289,0,0.047618865966796875,0,0.0048847198486328125,0,0,0,0,0,0,0,0,0,0,0,0,0,0,0,7
23548393538,93131121,93116,93116,3,0,0,0.8396768569946289,0,0.03296661376953125,0,-0.0048847198486328125,0,0,0,0,0,0,0,0,0,0,0,0,0,0,0,7
23552023500,93134120,93119,93119,3,0,0,0.8400611877441406,0,0.047618865966796875,0,-0.024419784545898438,0,0,0,0,0,0,0,0,0,0,0,0,0,0,0,7
23555223125,93139127,93124,93124,3,0,0,0.8404445648193359,0,0.06959724426269531,0,-0.024419784545898438,0,0,0,0,0,0,0,0,0,0,0,0,0,0,0,7
23558422750,93141128,93126,93126,3,0,0,0.8404445648193359,0,0.06959724426269531,0,-0.024419784545898438,0,0,0,0,0,0,0,0,0,0,0,0,0,0,0,7
23561622375,93144120,93129,93129,3,0,0,0.8408288955688477,0,0.08424949645996094,0,-0.03418731689453125,0,0,0,0,0,0,0,0,0,0,0,0,0,0,0,7
23564822000,93147121,93132,93132,3,0,0,0.8408288955688477,0,0.08424949645996094,0,-0.043956756591796875,0,0,0,0,0,0,0,0,0,0,0,0,0,0,0,7
23568021625,93149124,93134,93134,3,0,0,0.841212272644043,0,0.08424949645996094,0,-0.043956756591796875,0,0,0,0,0,0,0,0,0,0,0,0,0,0,0,7
23571221250,93153128,93138,93138,3,0,0,0.8415956497192383,0,0.07692337036132812,0,-0.03418731689453125,0,0,0,0,0,0,0,0,0,0,0,0,0,0,0,7
23574420875,93156120,93141,93141,3,0,0,0.8415956497192383,0,0.047618865966796875,0,-0.0048847198486328125,0,0,0,0,0,0,0,0,0,0,0,0,0,0,0,7
23577620500,93159121,93144,93144,3,0,0,0.8415956497192383,0,0.047618865966796875,0,0.024419784545898438,0,0,0,0,0,0,0,0,0,0,0,0,0,0,0,7
23580695550,93164121,93149,93149,3,0,0,0.8415956497192383,0,0.01831531524658203,0,0.043956756591796875,0,0,0,0,0,0,0,0,0,0,0,0,0,0,0,7
23583770600,93167126,93152,93152,3,0,0,0.8419790267944336,0,0.03296661376953125,0,-0.0048847198486328125,0,0,0,0,0,0,0,0,0,0,0,0,0,0,0,7
23586845650,93170124,93155,93155,3,0,0,0.8419790267944336,0,0.0622711181640625,0,-0.014652252197265625,0,0,0,0,0,0,0,0,0,0,0,0,0,0,0,7
23589920700,93172120,93157,93157,3,0,0,0.8423624038696289,0,0.04029273986816406,0,-0.014652252197265625,0,0,0,0,0,0,0,0,0,0,0,0,0,0,0,7
23592995750,93175129,93160,93160,3,0,0,0.8423624038696289,0,0.025641441345214844,0,-0.0048847198486328125,0,0,0,0,0,0,0,0,0,0,0,0,0,0,0,7
23596070800,93178124,93163,93163,3,0,0,0.8423624038696289,0,0.0622711181640625,0,-0.0048847198486328125,0,0,0,0,0,0,0,0,0,0,0,0,0,0,0,7
23599145850,93181127,93166,93166,3,0,0,0.8427457809448242,0,0.05494499206542969,0,-0.014652252197265625,0,0,0,0,0,0,0,0,0,0,0,0,0,0,0,7
23602220900,93184120,93169,93169,3,0,0,0.8427457809448242,0,0.05494499206542969,0,-0.014652252197265625,0,0,0,0,0,0,0,0,0,0,0,0,0,0,0,7
23605818291,93189121,93174,93174,3,0,0,0.8431291580200195,0,0.07692337036132812,0,-0.024419784545898438,0,0,0,0,0,0,0,0,0,0,0,0,0,0,0,7
23609415678,93192120,93177,93177,3,0,0,0.8435125350952148,0,0.07692337036132812,0,-0.03418731689453125,0,0,0,0,0,0,0,0,0,0,0,0,0,0,0,7
23613013065,93194141,93179,93180,3,0,0,0.8438968658447266,0,0.05494499206542969,0,-0.03418731689453125,0,0,0,0,0,0,0,0,0,0,0,0,0,0,0,7
23616610452,93198122,93183,93183,3,0,0,0.8438968658447266,0,0.08424949645996094,0,-0.043956756591796875,0,0,0,0,0,0,0,0,0,0,0,0,0,0,0,7
23620207839,93201123,93186,93186,3,0,0,0.8442802429199219,0,0.06959724426269531,0,-0.024419784545898438,0,0,0,0,0,0,0,0,0,0,0,0,0,0,0,7
23623805226,93205129,93190,93190,3,0,0,0.8442802429199219,0,0.047618865966796875,0,0.0048847198486328125,0,0,0,0,0,0,0,0,0,0,0,0,0,0,0,7
23627402613,93208137,93193,93193,3,0,0,0.8446636199951172,0,0.05494499206542969,0,0.024419784545898438,0,0,0,0,0,0,0,0,0,0,0,0,0,0,0,7
23631000000,93213120,93198,93198,3,0,0,0.8446636199951172,0,0.025641441345214844,0,0.03418731689453125,0,0,0,0,0,0,0,0,0,0,0,0,0,0,0,7
23634765075,93221121,93206,93206,3,0,0,0.8450469970703125,0,0.05494499206542969,0,-0.024419784545898438,0,0,0,0,0,0,0,0,0,0,0,0,0,0,0,7
23638530150,93224137,93209,93209,3,0,0,0.8450469970703125,0,0.04029273986816406,0,-0.0048847198486328125,0,0,0,0,0,0,0,0,0,0,0,0,0,0,0,7
23642295225,93227123,93212,93212,3,0,0,0.8454303741455078,0,0.047618865966796875,0,-0.0048847198486328125,0,0,0,0,0,0,0,0,0,0,0,0,0,0,0,7
23646060300,93230120,93215,93215,3,0,0,0.8454303741455078,0,0.0622711181640625,0,-0.014652252197265625,0,0,0,0,0,0,0,0,0,0,0,0,0,0,0,7
23649825375,93233121,93218,93218,3,0,0,0.8458137512207031,0,0.0622711181640625,0,-0.024419784545898438,0,0,0,0,0,0,0,0,0,0,0,0,0,0,0,7
23653590450,93236141,93221,93221,3,0,0,0.8458137512207031,0,0.0622711181640625,0,-0.024419784545898438,0,0,0,0,0,0,0,0,0,0,0,0,0,0,0,7
23657355525,93239125,93225,93225,3,0,0,0.8461971282958984,0,0.0622711181640625,0,-0.03418731689453125,0,0,0,0,0,0,0,0,0,0,0,0,0,0,0,7
23661120600,93243120,93228,93228,3,0,0,0.8465805053710938,0,0.08424949645996094,0,-0.03418731689453125,0,0,0,0,0,0,0,0,0,0,0,0,0,0,0,7
23664265125,93248122,93233,93233,3,0,0,0.8469648361206055,0,0.08424949645996094,0,-0.05372428894042969,0,0,0,0,0,0,0,0,0,0,0,0,0,0,0,7
23667409650,93250144,93235,93235,3,0,0,0.8473482131958008,0,0.09157466888427734,0,-0.05372428894042969,0,0,0,0,0,0,0,0,0,0,0,0,0,0,0,7
23670554175,93253126,93238,93238,3,0,0,0.8473482131958008,0,0.09157466888427734,0,-0.043956756591796875,0,0,0,0,0,0,0,0,0,0,0,0,0,0,0,7
23673698700,93256122,93241,93241,3,0,0,0.8477315902709961,0,0.07692337036132812,0,0.014652252197265625,0,0,0,0,0,0,0,0,0,0,0,0,0,0,0,7
23676843225,93260121,93245,93245,3,0,0,0.8477315902709961,0,0.025641441345214844,0,0.09279632568359375,0,0,0,0,0,0,0,0,0,0,0,0,0,0,0,7
23679987750,93262120,93247,93247,3,0,0,0.8473482131958008,0,-0.0036630630493164062,0,0.11233139038085938,0,0,0,0,0,0,0,0,0,0,0,0,0,0,0,7
23683132275,93265138,93250,93250,3,0,0,0.8473482131958008,0,-0.0036630630493164062,0,0.0634918212890625,0,0,0,0,0,0,0,0,0,0,0,0,0,0,0,7
23686276800,93268121,93253,93253,3,0,0,0.8477315902709961,0,0.01831531524658203,0,-0.0048847198486328125,0,0,0,0,0,0,0,0,0,0,0,0,0,0,0,7
23689432216,93273125,93258,93258,3,0,0,0.8481149673461914,0,0.025641441345214844,0,-0.024419784545898438,0,0,0,0,0,0,0,0,0,0,0,0,0,0,0,7
23692587628,93276120,93262,93262,3,0,0,0.8481149673461914,0,0.025641441345214844,0,-0.014652252197265625,0,0,0,0,0,0,0,0,0,0,0,0,0,0,0,7
23695743040,93279127,93264,93264,3,0,0,0.8481149673461914,0,0.04029273986816406,0,-0.03418731689453125,0,0,0,0,0,0,0,0,0,0,0,0,0,0,0,7
23698898452,93282122,93267,93267,3,0,0,0.8484983444213867,0,0.047618865966796875,0,-0.03418731689453125,0,0,0,0,0,0,0,0,0,0,0,0,0,0,0,7
23702053864,93284120,93270,93270,3,0,0,0.8484983444213867,0,0.06959724426269531,0,-0.03418731689453125,0,0,0,0,0,0,0,0,0,0,0,0,0,0,0,7
23705209276,93287122,93272,93272,3,0,0,0.848881721496582,0,0.0622711181640625,0,-0.024419784545898438,0,0,0,0,0,0,0,0,0,0,0,0,0,0,0,7
23708364688,93290122,93275,93275,3,0,0,0.8492650985717773,0,0.07692337036132812,0,-0.024419784545898438,0,0,0,0,0,0,0,0,0,0,0,0,0,0,0,7
23711520100,93293126,93278,93278,3,0,0,0.8492650985717773,0,0.06959724426269531,0,-0.024419784545898438,0,0,0,0,0,0,0,0,0,0,0,0,0,0,0,7
23714918425,93298122,93283,93283,3,0,0,0.8496484756469727,0,0.05494499206542969,0,-0.024419784545898438,0,0,0,0,0,0,0,0,0,0,0,0,0,0,0,7
23718316750,93301123,93286,93286,3,0,0,0.8500328063964844,0,0.06959724426269531,0,-0.03418731689453125,0,0,0,0,0,0,0,0,0,0,0,0,0,0,0,7
23721715075,93304120,93289,93289,3,0,0,0.8500328063964844,0,0.06959724426269531,0,-0.024419784545898438,0,0,0,0,0,0,0,0,0,0,0,0,0,0,0,7
23725113400,93307130,93292,93292,3,0,0,0.8500328063964844,0,0.05494499206542969,0,0.03418731689453125,0,0,0,0,0,0,0,0,0,0,0,0,0,0,0,7
23728511725,93311122,93296,93296,3,0,0,0.8500328063964844,0,0.01831531524658203,0,0.07325935363769531,0,0,0,0,0,0,0,0,0,0,0,0,0,0,0,7
23731910050,93313121,93298,93298,3,0,0,0.8500328063964844,0,0.0036630630493164062,0,0.07325935363769531,0,0,0,0,0,0,0,0,0,0,0,0,0,0,0,7
23735308375,93316120,93301,93301,3,0,0,0.8504161834716797,0,0.025641441345214844,0,0.0048847198486328125,0,0,0,0,0,0,0,0,0,0,0,0,0,0,0,7
23738706700,93320136,93305,93305,3,0,0,0.8504161834716797,0,0.047618865966796875,0,-0.024419784545898438,0,0,0,0,0,0,0,0,0,0,0,0,0,0,0,7
23742075625,93329121,93314,93314,3,0,0,0.850799560546875,0,0.04029273986816406,0,-0.014652252197265625,0,0,0,0,0,0,0,0,0,0,0,0,0,0,0,7
23745444550,93332124,93317,93317,3,0,0,0.8511829376220703,0,0.06959724426269531,0,-0.014652252197265625,0,0,0,0,0,0,0,0,0,0,0,0,0,0,0,7
23748813475,93334136,93319,93319,3,0,0,0.8511829376220703,0,0.0622711181640625,0,-0.024419784545898438,0,0,0,0,0,0,0,0,0,0,0,0,0,0,0,7
23752182400,93337125,93322,93322,3,0,0,0.8515663146972656,0,0.07692337036132812,0,-0.03418731689453125,0,0,0,0,0,0,0,0,0,0,0,0,0,0,0,7
23755551325,93340122,93325,93325,3,0,0,0.8519496917724609,0,0.06959724426269531,0,-0.03418731689453125,0,0,0,0,0,0,0,0,0,0,0,0,0,0,0,7
23758920250,93342120,93327,93327,3,0,0,0.8519496917724609,0,0.09157466888427734,0,-0.03418731689453125,0,0,0,0,0,0,0,0,0,0,0,0,0,0,0,7
23762289175,93345129,93330,93330,3,0,0,0.8523330688476562,0,0.0622711181640625,0,-0.05372428894042969,0,0,0,0,0,0,0,0,0,0,0,0,0,0,0,7
23765658100,93348138,93333,93333,3,0,0,0.8527164459228516,0,0.07692337036132812,0,-0.05372428894042969,0,0,0,0,0,0,0,0,0,0,0,0,0,0,0,7
23768714066,93352126,93337,93337,3,0,0,0.8527164459228516,0,0.09157466888427734,0,-0.03418731689453125,0,0,0,0,0,0,0,0,0,0,0,0,0,0,0,7
23771770028,93354120,93339,93339,3,0,0,0.8531007766723633,0,0.08424949645996094,0,-0.0048847198486328125,0,0,0,0,0,0,0,0,0,0,0,0,0,0,0,7
23774825990,93357125,93342,93342,3,0,0,0.8531007766723633,0,0.0622711181640625,0,0.043956756591796875,0,0,0,0,0,0,0,0,0,0,0,0,0,0,0,7
23777881952,93359121,93344,93344,3,0,0,0.8531007766723633,0,0.025641441345214844,0,0.07325935363769531,0,0,0,0,0,0,0,0,0,0,0,0,0,0,0,7
23780937914,93361122,93347,93347,3,0,0,0.8527164459228516,0,-0.010989189147949219,0,0.08302879333496094,0,0,0,0,0,0,0,0,0,0,0,0,0,0,0,7
23783993876,93365137,93350,93350,3,0,0,0.8531007766723633,0,0.01831531524658203,0,0.014652252197265625,0,0,0,0,0,0,0,0,0,0,0,0,0,0,0,7
23787049838,93369123,93354,93354,3,0,0,0.8534841537475586,0,0.047618865966796875,0,-0.043956756591796875,0,0,0,0,0,0,0,0,0,0,0,0,0,0,0,7
23790105800,93372122,93357,93357,3,0,0,0.8534841537475586,0,0.047618865966796875,0,-0.014652252197265625,0,0,0,0,0,0,0,0,0,0,0,0,0,0,0,7
23793339441,93377128,93362,93362,3,0,0,0.8538675308227539,0,0.0622711181640625,0,-0.024419784545898438,0,0,0,0,0,0,0,0,0,0,0,0,0,0,0,7
23796573078,93380120,93365,93365,3,0,0,0.8542509078979492,0,0.06959724426269531,0,-0.043956756591796875,0,0,0,0,0,0,0,0,0,0,0,0,0,0,0,7
23799806715,93382121,93367,93368,3,0,0,0.8546342849731445,0,0.07692337036132812,0,-0.03418731689453125,0,0,0,0,0,0,0,0,0,0,0,0,0,0,0,7
23803040352,93386124,93371,93371,3,0,0,0.8546342849731445,0,0.06959724426269531,0,-0.043956756591796875,0,0,0,0,0,0,0,0,0,0,0,0,0,0,0,7
23806273989,93389125,93374,93374,3,0,0,0.8550176620483398,0,0.06959724426269531,0,-0.05372428894042969,0,0,0,0,0,0,0,0,0,0,0,0,0,0,0,7
23809507626,93392135,93377,93377,3,0,0,0.8550176620483398,0,0.07692337036132812,0,-0.03418731689453125,0,0,0,0,0,0,0,0,0,0,0,0,0,0,0,7
23812741263,93395129,93380,93380,3,0,0,0.8554010391235352,0,0.06959724426269531,0,-0.043956756591796875,0,0,0,0,0,0,0,0,0,0,0,0,0,0,0,7
23815974900,93398122,93383,93383,3,0,0,0.8557844161987305,0,0.0622711181640625,0,-0.014652252197265625,0,0,0,0,0,0,0,0,0,0,0,0,0,0,0,7
23819541691,93403121,93388,93388,3,0,0,0.8557844161987305,0,0.03296661376953125,0,0.07325935363769531,0,0,0,0,0,0,0,0,0,0,0,0,0,0,0,7
23823108478,93406136,93391,93391,3,0,0,0.8557844161987305,0,0.01831531524658203,0,0.0634918212890625,0,0,0,0,0,0,0,0,0,0,0,0,0,0,0,7
23826675265,93408120,93393,93393,3,0,0,0.8561687469482422,0,0.04029273986816406,0,-0.0048847198486328125,0,0,0,0,0,0,0,0,0,0,0,0,0,0,0,7
23830242052,93411121,93396,93396,3,0,0,0.8561687469482422,0,0.07692337036132812,0,-0.03418731689453125,0,0,0,0,0,0,0,0,0,0,0,0,0,0,0,7
23833808839,93415133,93400,93400,3,0,0,0.8565521240234375,0,0.08424949645996094,0,-0.024419784545898438,0,0,0,0,0,0,0,0,0,0,0,0,0,0,0,7
23837375626,93417121,93402,93402,3,0,0,0.8565521240234375,0,0.06959724426269531,0,0.0048847198486328125,0,0,0,0,0,0,0,0,0,0,0,0,0,0,0,7
23840942413,93420135,93405,93405,3,0,0,0.8569355010986328,0,0.07692337036132812,0,-0.0048847198486328125,0,0,0,0,0,0,0,0,0,0,0,0,0,0,0,7
23844509200,93422122,93408,93408,3,0,0,0.8573188781738281,0,0.08424949645996094,0,-0.03418731689453125,0,0,0,0,0,0,0,0,0,0,0,0,0,0,0,7
23848014816,93434135,93420,93420,3,0,0,0.8580856323242188,0,0.08424949645996094,0,-0.024419784545898438,0,0,0,0,0,0,0,0,0,0,0,0,0,0,0,7
23851520428,93437121,93422,93422,3,0,0,0.8584690093994141,0,0.0622711181640625,0,0.014652252197265625,0,0,0,0,0,0,0,0,0,0,0,0,0,0,0,7
23855026040,93440120,93425,93425,3,0,0,0.8584690093994141,0,0.04029273986816406,0,0.05372428894042969,0,0,0,0,0,0,0,0,0,0,0,0,0,0,0,7
23858531652,93443123,93428,93428,3,0,0,0.8584690093994141,0,0.03296661376953125,0,0.05372428894042969,0,0,0,0,0,0,0,0,0,0,0,0,0,0,0,7
23862037264,93446136,93431,93431,3,0,0,0.8588523864746094,0,0.047618865966796875,0,-0.0048847198486328125,0,0,0,0,0,0,0,0,0,0,0,0,0,0,0,7
23865542876,93449124,93434,93434,3,0,0,0.8588523864746094,0,0.08424949645996094,0,-0.03418731689453125,0,0,0,0,0,0,0,0,0,0,0,0,0,0,0,7
23869048488,93451123,93436,93436,3,0,0,0.8592367172241211,0,0.08424949645996094,0,-0.024419784545898438,0,0,0,0,0,0,0,0,0,0,0,0,0,0,0,7
23872554100,93454120,93439,93439,3,0,0,0.8596200942993164,0,0.07692337036132812,0,-0.014652252197265625,0,0,0,0,0,0,0,0,0,0,0,0,0,0,0,7
23876676250,93463125,93448,93448,3,0,0,0.8607702255249023,0,0.10622692108154297,0,-0.0634918212890625,0,0,0,0,0,0,0,0,0,0,0,0,0,0,0,7
23880798400,93466121,93451,93451,3,0,0,0.8607702255249023,0,0.09157466888427734,0,-0.043956756591796875,0,0,0,0,0,0,0,0,0,0,0,0,0,0,0,7
23884920550,93469121,93454,93454,3,0,0,0.8611536026000977,0,0.07692337036132812,0,0.0048847198486328125,0,0,0,0,0,0,0,0,0,0,0,0,0,0,0,7
23889042700,93474136,93459,93459,3,0,0,0.8611536026000977,0,0.047618865966796875,0,0.0634918212890625,0,0,0,0,0,0,0,0,0,0,0,0,0,0,0,7
23893164850,93477127,93462,93462,3,0,0,0.8611536026000977,0,0.047618865966796875,0,0.014652252197265625,0,0,0,0,0,0,0,0,0,0,0,0,0,0,0,7
23897287000,93480122,93465,93465,3,0,0,0.8619203567504883,0,0.08424949645996094,0,-0.024419784545898438,0,0,0,0,0,0,0,0,0,0,0,0,0,0,0,7
23901409150,93483121,93468,93468,3,0,0,0.8619203567504883,0,0.10622692108154297,0,-0.024419784545898438,0,0,0,0,0,0,0,0,0,0,0,0,0,0,0,7
23905531300,93486120,93471,93471,3,0,0,0.8623046875,0,0.09890079498291016,0,-0.014652252197265625,0,0,0,0,0,0,0,0,0,0,0,0,0,0,0,7
23908616674,93492121,93477,93477,3,0,0,0.8630714416503906,0,0.11355304718017578,0,-0.0634918212890625,0,0,0,0,0,0,0,0,0,0,0,0,0,0,0,7
23911702045,93494120,93479,93479,3,0,0,0.8634548187255859,0,0.11355304718017578,0,-0.08302879333496094,0,0,0,0,0,0,0,0,0,0,0,0,0,0,0,7
23914787416,93497124,93482,93482,3,0,0,0.8638381958007812,0,0.13553142547607422,0,-0.07325935363769531,0,0,0,0,0,0,0,0,0,0,0,0,0,0,0,7
23917872787,93500130,93485,93485,3,0,0,0.8642215728759766,0,0.1282052993774414,0,-0.03418731689453125,0,0,0,0,0,0,0,0,0,0,0,0,0,0,0,7
23920958158,93502143,93487,93487,3,0,0,0.8642215728759766,0,0.10622692108154297,0,0.03418731689453125,0,0,0,0,0,0,0,0,0,0,0,0,0,0,0,7
23924043529,93506122,93491,93491,3,0,0,0.8642215728759766,0,0.06959724426269531,0,0.08302879333496094,0,0,0,0,0,0,0,0,0,0,0,0,0,0,0,7
23927128900,93509122,93494,93494,3,0,0,0.8646049499511719,0,0.05494499206542969,0,0.024419784545898438,0,0,0,0,0,0,0,0,0,0,0,0,0,0,0,7
23930896141,93514122,93499,93499,3,0,0,0.8653726577758789,0,0.13553142547607422,0,-0.0634918212890625,0,0,0,0,0,0,0,0,0,0,0,0,0,0,0,7
23934663378,93516137,93501,93501,3,0,0,0.8657560348510742,0,0.14285755157470703,0,-0.0634918212890625,0,0,0,0,0,0,0,0,0,0,0,0,0,0,0,7
23938430615,93523120,93508,93508,3,0,0,0.8665227890014648,0,0.14285755157470703,0,-0.07325935363769531,0,0,0,0,0,0,0,0,0,0,0,0,0,0,0,7
23942197852,93527121,93512,93512,3,0,0,0.8672895431518555,0,0.16483497619628906,0,-0.024419784545898438,0,0,0,0,0,0,0,0,0,0,0,0,0,0,0,7
23945965089,93529121,93514,93514,3,0,0,0.8676729202270508,0,0.1208791732788086,0,0.05372428894042969,0,0,0,0,0,0,0,0,0,0,0,0,0,0,0,7
23949732326,93532136,93517,93517,3,0,0,0.8672895431518555,0,0.05494499206542969,0,0.122100830078125,0,0,0,0,0,0,0,0,0,0,0,0,0,0,0,7
23953499563,93536120,93521,93521,3,0,0,0.8676729202270508,0,0.025641441345214844,0,0.07325935363769531,0,0,0,0,0,0,0,0,0,0,0,0,0,0,0,7
23957266800,93539124,93524,93524,3,0,0,0.8680562973022461,0,0.1208791732788086,0,-0.043956756591796875,0,0,0,0,0,0,0,0,0,0,0,0,0,0,0,7
23960566241,93546136,93531,93531,3,0,0,0.8695907592773438,0,0.15750885009765625,0,-0.10256385803222656,0,0,0,0,0,0,0,0,0,0,0,0,0,0,0,7
23963865678,93549121,93534,93534,3,0,0,0.8699741363525391,0,0.17216110229492188,0,-0.05372428894042969,0,0,0,0,0,0,0,0,0,0,0,0,0,0,0,7
23967165115,93552123,93537,93537,3,0,0,0.8703575134277344,0,0.13553142547607422,0,0.05372428894042969,0,0,0,0,0,0,0,0,0,0,0,0,0,0,0,7
23970464552,93554120,93539,93539,3,0,0,0.8703575134277344,0,0.0622711181640625,0,0.122100830078125,0,0,0,0,0,0,0,0,0,0,0,0,0,0,0,7
23973763989,93557120,93542,93542,3,0,0,0.8699741363525391,0,0.025641441345214844,0,0.08302879333496094,0,0,0,0,0,0,0,0,0,0,0,0,0,0,0,7
23977063426,93560138,93545,93545,3,0,0,0.8707408905029297,0,0.07692337036132812,0,-0.014652252197265625,0,0,0,0,0,0,0,0,0,0,0,0,0,0,0,7
23980362863,93562120,93548,93548,3,0,0,0.8715085983276367,0,0.17216110229492188,0,-0.10256385803222656,0,0,0,0,0,0,0,0,0,0,0,0,0,0,0,7
23983662300,93565129,93550,93550,3,0,0,0.871891975402832,0,0.16483497619628906,0,-0.122100830078125,0,0,0,0,0,0,0,0,0,0,0,0,0,0,0,7
23986643900,93570120,93555,93555,3,0,0,0.8726587295532227,0,0.1941394805908203,0,-0.0634918212890625,0,0,0,0,0,0,0,0,0,0,0,0,0,0,0,7
23989625500,93572138,93557,93558,3,0,0,0.873042106628418,0,0.15750885009765625,0,0.03418731689453125,0,0,0,0,0,0,0,0,0,0,0,0,0,0,0,7
23992607100,93575133,93560,93560,3,0,0,0.873042106628418,0,0.11355304718017578,0,0.09279632568359375,0,0,0,0,0,0,0,0,0,0,0,0,0,0,0,7
23995588700,93577121,93563,93563,3,0,0,0.873042106628418,0,0.025641441345214844,0,0.14163589477539062,0,0,0,0,0,0,0,0,0,0,0,0,0,0,0,7
23998570300,93580122,93565,93565,3,0,0,0.873042106628418,0,0.05494499206542969,0,0.0634918212890625,0,0,0,0,0,0,0,0,0,0,0,0,0,0,0,7
24001551900,93583120,93568,93568,3,0,0,0.8738088607788086,0,0.15750885009765625,0,-0.10256385803222656,0,0,0,0,0,0,0,0,0,0,0,0,0,0,0,7
24004533500,93586136,93571,93571,3,0,0,0.8745765686035156,0,0.1794872283935547,0,-0.1318683624267578,0,0,0,0,0,0,0,0,0,0,0,0,0,0,0,7
24007515100,93589128,93574,93574,3,0,0,0.8753433227539062,0,0.1941394805908203,0,-0.11233139038085938,0,0,0,0,0,0,0,0,0,0,0,0,0,0,0,7
24023764316,93594120,93579,93579,3,0,0,0.8761100769042969,0,0.15018272399902344,0,0.08302879333496094,0,0,0,0,0,0,0,0,0,0,0,0,0,0,0,7
24040013528,93598121,93583,93583,3,0,0,0.8757266998291016,0,0.03296661376953125,0,0.1318683624267578,0,0,0,0,0,0,0,0,0,0,0,0,0,0,0,7
24056262740,93602135,93587,93587,3,0,0,0.8764934539794922,0,0.09157466888427734,0,-0.043956756591796875,0,0,0,0,0,0,0,0,0,0,0,0,0,0,0,7
24072511952,93606120,93591,93591,3,0,0,0.8772602081298828,0,0.16483497619628906,0,-0.14163589477539062,0,0,0,0,0,0,0,0,0,0,0,0,0,0,0,7
24088761164,93609123,93595,93595,3,0,0,0.8780279159545898,0,0.1941394805908203,0,-0.08302879333496094,0,0,0,0,0,0,0,0,0,0,0,0,0,0,0,7
24105010376,93613124,93598,93598,3,0,0,0.8784112930297852,0,0.15750885009765625,0,0.03418731689453125,0,0,0,0,0,0,0,0,0,0,0,0,0,0,0,7
24121259588,93713130,93698,93697,3,0,0,0.894134521484375,0,0.15750885009765625,0,-0.1318683624267578,0,0,0,0,0,0,0,0,0,0,0,0,0,0,0,7
24137508800,93718120,93703,93697,3,0,0,0.894134521484375,0,0.15750885009765625,0,-0.1318683624267578,0,0,0,0,0,0,0,0,0,0,0,0,0,0,0,7
24164889900,93746122,93731,93697,3,0,0,0.894134521484375,0,0.15750885009765625,0,-0.1318683624267578,0,0,0,0,0,0,0,0,0,0,0,0,0,0,0,7
24169812600,93751121,93736,93697,3,0,0,0.894134521484375,0,0.15750885009765625,0,-0.1318683624267578,0,0,0,0,0,0,0,0,0,0,0,0,0,0,0,7
24174735300,93755135,93740,93697,3,0,0,0.894134521484375,0,0.15750885009765625,0,-0.1318683624267578,0,0,0,0,0,0,0,0,0,0,0,0,0,0,0,7
24179658000,93759121,93744,93697,3,0,0,0.894134521484375,0,0.15750885009765625,0,-0.1318683624267578,0,0,0,0,0,0,0,0,0,0,0,0,0,0,0,7
24184469500,93767123,93752,93697,3,0,0,0.894134521484375,0,0.15750885009765625,0,-0.1318683624267578,0,0,0,0,0,0,0,0,0,0,0,0,0,0,0,7
24189281000,93773120,93758,93697,3,0,0,0.894134521484375,0,0.15750885009765625,0,-0.1318683624267578,0,0,0,0,0,0,0,0,0,0,0,0,0,0,0,7
24194092500,93777121,93762,93697,3,0,0,0.894134521484375,0,0.15750885009765625,0,-0.1318683624267578,0,0,0,0,0,0,0,0,0,0,0,0,0,0,0,7
24198904000,93781120,93766,93697,3,0,0,0.894134521484375,0,0.15750885009765625,0,-0.1318683624267578,0,0,0,0,0,0,0,0,0,0,0,0,0,0,0,7
24203715500,93786120,93771,93697,3,0,0,0.894134521484375,0,0.15750885009765625,0,-0.1318683624267578,0,0,0,0,0,0,0,0,0,0,0,0,0,0,0,7
24208527000,93790120,93775,93697,3,0,0,0.894134521484375,0,0.15750885009765625,0,-0.1318683624267578,0,0,0,0,0,0,0,0,0,0,0,0,0,0,0,7
24212759620,93796140,93781,93697,3,0,0,0.894134521484375,0,0.15750885009765625,0,-0.1318683624267578,0,0,0,0,0,0,0,0,0,0,0,0,0,0,0,7
24216992236,93799125,93784,93697,3,0,0,0.894134521484375,0,0.15750885009765625,0,-0.1318683624267578,0,0,0,0,0,0,0,0,0,0,0,0,0,0,0,7
24221224852,93803121,93788,93697,3,0,0,0.894134521484375,0,0.15750885009765625,0,-0.1318683624267578,0,0,0,0,0,0,0,0,0,0,0,0,0,0,0,7
24225457468,93807121,93792,93697,3,0,0,0.894134521484375,0,0.15750885009765625,0,-0.1318683624267578,0,0,0,0,0,0,0,0,0,0,0,0,0,0,0,7
24229690084,93811127,93796,93697,3,0,0,0.894134521484375,0,0.15750885009765625,0,-0.1318683624267578,0,0,0,0,0,0,0,0,0,0,0,0,0,0,0,7
24233922700,93815129,93800,93697,3,0,0,0.894134521484375,0,0.15750885009765625,0,-0.1318683624267578,0,0,0,0,0,0,0,0,0,0,0,0,0,0,0,7
24238463148,93822120,93807,93697,3,0,0,0.894134521484375,0,0.15750885009765625,0,-0.1318683624267578,0,0,0,0,0,0,0,0,0,0,0,0,0,0,0,7
24243003590,93826135,93812,93697,3,0,0,0.894134521484375,0,0.15750885009765625,0,-0.1318683624267578,0,0,0,0,0,0,0,0,0,0,0,0,0,0,0,7
24247544032,93831120,93816,93697,3,0,0,0.894134521484375,0,0.15750885009765625,0,-0.1318683624267578,0,0,0,0,0,0,0,0,0,0,0,0,0,0,0,7
24252084474,93835129,93820,93697,3,0,0,0.894134521484375,0,0.15750885009765625,0,-0.1318683624267578,0,0,0,0,0,0,0,0,0,0,0,0,0,0,0,7
24256624916,93839126,93824,93697,3,0,0,0.894134521484375,0,0.15750885009765625,0,-0.1318683624267578,0,0,0,0,0,0,0,0,0,0,0,0,0,0,0,7
24261165358,93842120,93827,93697,3,0,0,0.894134521484375,0,0.15750885009765625,0,-0.1318683624267578,0,0,0,0,0,0,0,0,0,0,0,0,0,0,0,7
24265705800,93845132,93830,93697,3,0,0,0.894134521484375,0,0.15750885009765625,0,-0.1318683624267578,0,0,0,0,0,0,0,0,0,0,0,0,0,0,0,7
24271320548,93858124,93843,93697,3,0,0,0.894134521484375,0,0.15750885009765625,0,-0.1318683624267578,0,0,0,0,0,0,0,0,0,0,0,0,0,0,0,7
24276935290,93862122,93847,93697,3,0,0,0.894134521484375,0,0.15750885009765625,0,-0.1318683624267578,0,0,0,0,0,0,0,0,0,0,0,0,0,0,0,7
24282550032,93866140,93851,93697,3,0,0,0.894134521484375,0,0.15750885009765625,0,-0.1318683624267578,0,0,0,0,0,0,0,0,0,0,0,0,0,0,0,7
24288164774,93870122,93855,93697,3,0,0,0.894134521484375,0,0.15750885009765625,0,-0.1318683624267578,0,0,0,0,0,0,0,0,0,0,0,0,0,0,0,7
24293779516,93874124,93859,93697,3,0,0,0.894134521484375,0,0.15750885009765625,0,-0.1318683624267578,0,0,0,0,0,0,0,0,0,0,0,0,0,0,0,7
24299394258,93879124,93864,93697,3,0,0,0.894134521484375,0,0.15750885009765625,0,-0.1318683624267578,0,0,0,0,0,0,0,0,0,0,0,0,0,0,0,7
24305009000,93884120,93869,93697,3,0,0,0.894134521484375,0,0.15750885009765625,0,-0.1318683624267578,0,0,0,0,0,0,0,0,0,0,0,0,0,0,0,7
24309985750,93896137,93881,93697,3,0,0,0.894134521484375,0,0.15750885009765625,0,-0.1318683624267578,0,0,0,0,0,0,0,0,0,0,0,0,0,0,0,7
24314962500,93900129,93886,93697,3,0,0,0.894134521484375,0,0.15750885009765625,0,-0.1318683624267578,0,0,0,0,0,0,0,0,0,0,0,0,0,0,0,7
24319939250,93904120,93889,93697,3,0,0,0.894134521484375,0,0.15750885009765625,0,-0.1318683624267578,0,0,0,0,0,0,0,0,0,0,0,0,0,0,0,7
24324916000,93908140,93893,93697,3,0,0,0.894134521484375,0,0.15750885009765625,0,-0.1318683624267578,0,0,0,0,0,0,0,0,0,0,0,0,0,0,0,7
24329892750,93911125,93896,93697,3,0,0,0.894134521484375,0,0.15750885009765625,0,-0.1318683624267578,0,0,0,0,0,0,0,0,0,0,0,0,0,0,0,7
24334869500,93916123,93901,93697,3,0,0,0.894134521484375,0,0.15750885009765625,0,-0.1318683624267578,0,0,0,0,0,0,0,0,0,0,0,0,0,0,0,7
24339230185,93922137,93908,93697,3,0,0,0.894134521484375,0,0.15750885009765625,0,-0.1318683624267578,0,0,0,0,0,0,0,0,0,0,0,0,0,0,0,7
24343590868,93926120,93911,93697,3,0,0,0.894134521484375,0,0.15750885009765625,0,-0.1318683624267578,0,0,0,0,0,0,0,0,0,0,0,0,0,0,0,7
24347951551,93930120,93915,93697,3,0,0,0.894134521484375,0,0.15750885009765625,0,-0.1318683624267578,0,0,0,0,0,0,0,0,0,0,0,0,0,0,0,7
24352312234,93933121,93918,93697,3,0,0,0.894134521484375,0,0.15750885009765625,0,-0.1318683624267578,0,0,0,0,0,0,0,0,0,0,0,0,0,0,0,7
24356672917,93937131,93922,93697,3,0,0,0.894134521484375,0,0.15750885009765625,0,-0.1318683624267578,0,0,0,0,0,0,0,0,0,0,0,0,0,0,0,7
24361033600,93942120,93927,93697,3,0,0,0.894134521484375,0,0.15750885009765625,0,-0.1318683624267578,0,0,0,0,0,0,0,0,0,0,0,0,0,0,0,7
24365433832,93948120,93933,93697,3,0,0,0.894134521484375,0,0.15750885009765625,0,-0.1318683624267578,0,0,0,0,0,0,0,0,0,0,0,0,0,0,0,7
24369834060,93952137,93937,93697,3,0,0,0.894134521484375,0,0.15750885009765625,0,-0.1318683624267578,0,0,0,0,0,0,0,0,0,0,0,0,0,0,0,7
24374234288,93956120,93941,93697,3,0,0,0.894134521484375,0,0.15750885009765625,0,-0.1318683624267578,0,0,0,0,0,0,0,0,0,0,0,0,0,0,0,7
24378634516,93961124,93946,93697,3,0,0,0.894134521484375,0,0.15750885009765625,0,-0.1318683624267578,0,0,0,0,0,0,0,0,0,0,0,0,0,0,0,7
24383034744,93965137,93950,93697,3,0,0,0.894134521484375,0,0.15750885009765625,0,-0.1318683624267578,0,0,0,0,0,0,0,0,0,0,0,0,0,0,0,7
24387434972,93969121,93954,93697,3,0,0,0.894134521484375,0,0.15750885009765625,0,-0.1318683624267578,0,0,0,0,0,0,0,0,0,0,0,0,0,0,0,7
24391835200,93973120,93958,93697,3,0,0,0.894134521484375,0,0.15750885009765625,0,-0.1318683624267578,0,0,0,0,0,0,0,0,0,0,0,0,0,0,0,7
24396009200,93982124,93967,93697,3,0,0,0.894134521484375,0,0.15750885009765625,0,-0.1318683624267578,0,0,0,0,0,0,0,0,0,0,0,0,0,0,0,7
24400183200,93984120,93969,93697,3,0,0,0.894134521484375,0,0.15750885009765625,0,-0.1318683624267578,0,0,0,0,0,0,0,0,0,0,0,0,0,0,0,7
24404357200,93987121,93972,93697,3,0,0,0.894134521484375,0,0.15750885009765625,0,-0.1318683624267578,0,0,0,0,0,0,0,0,0,0,0,0,0,0,0,7
24408531200,93990124,93975,93697,3,0,0,0.894134521484375,0,0.15750885009765625,0,-0.1318683624267578,0,0,0,0,0,0,0,0,0,0,0,0,0,0,0,7
24412705200,93993127,93978,93697,3,0,0,0.894134521484375,0,0.15750885009765625,0,-0.1318683624267578,0,0,0,0,0,0,0,0,0,0,0,0,0,0,0,7
24416879200,93997121,93982,93697,3,0,0,0.894134521484375,0,0.15750885009765625,0,-0.1318683624267578,0,0,0,0,0,0,0,0,0,0,0,0,0,0,0,7
24421053200,94001123,93986,93697,3,0,0,0.894134521484375,0,0.15750885009765625,0,-0.1318683624267578,0,0,0,0,0,0,0,0,0,0,0,0,0,0,0,7
24425105500,94009125,93994,93697,3,0,0,0.894134521484375,0,0.15750885009765625,0,-0.1318683624267578,0,0,0,0,0,0,0,0,0,0,0,0,0,0,0,7
24429157800,94013120,93998,93697,3,0,0,0.894134521484375,0,0.15750885009765625,0,-0.1318683624267578,0,0,0,0,0,0,0,0,0,0,0,0,0,0,0,7
24433210100,94016120,94001,93697,3,0,0,0.894134521484375,0,0.15750885009765625,0,-0.1318683624267578,0,0,0,0,0,0,0,0,0,0,0,0,0,0,0,7
24437262400,94021126,94006,93697,3,0,0,0.894134521484375,0,0.15750885009765625,0,-0.1318683624267578,0,0,0,0,0,0,0,0,0,0,0,0,0,0,0,7
24441314700,94025129,94010,93697,3,0,0,0.894134521484375,0,0.15750885009765625,0,-0.1318683624267578,0,0,0,0,0,0,0,0,0,0,0,0,0,0,0,7
24445367000,94029121,94014,93697,3,0,0,0.894134521484375,0,0.15750885009765625,0,-0.1318683624267578,0,0,0,0,0,0,0,0,0,0,0,0,0,0,0,7
24449419300,94032124,94017,93697,3,0,0,0.894134521484375,0,0.15750885009765625,0,-0.1318683624267578,0,0,0,0,0,0,0,0,0,0,0,0,0,0,0,7
24453471600,94035150,94020,93697,3,0,0,0.894134521484375,0,0.15750885009765625,0,-0.1318683624267578,0,0,0,0,0,0,0,0,0,0,0,0,0,0,0,7
24458605816,94041121,94026,93697,3,0,0,0.894134521484375,0,0.15750885009765625,0,-0.1318683624267578,0,0,0,0,0,0,0,0,0,0,0,0,0,0,0,7
24463740030,94045129,94030,93697,3,0,0,0.894134521484375,0,0.15750885009765625,0,-0.1318683624267578,0,0,0,0,0,0,0,0,0,0,0,0,0,0,0,7
24468874244,94049127,94034,93697,3,0,0,0.894134521484375,0,0.15750885009765625,0,-0.1318683624267578,0,0,0,0,0,0,0,0,0,0,0,0,0,0,0,7
24474008458,94054120,94039,93697,3,0,0,0.894134521484375,0,0.15750885009765625,0,-0.1318683624267578,0,0,0,0,0,0,0,0,0,0,0,0,0,0,0,7
24479142672,94059121,94044,93697,3,0,0,0.894134521484375,0,0.15750885009765625,0,-0.1318683624267578,0,0,0,0,0,0,0,0,0,0,0,0,0,0,0,7
24484276886,94064136,94049,93697,3,0,0,0.894134521484375,0,0.15750885009765625,0,-0.1318683624267578,0,0,0,0,0,0,0,0,0,0,0,0,0,0,0,7
24489411100,94070120,94055,93697,3,0,0,0.894134521484375,0,0.15750885009765625,0,-0.1318683624267578,0,0,0,0,0,0,0,0,0,0,0,0,0,0,0,7
24494705250,94077131,94062,93697,3,0,0,0.894134521484375,0,0.15750885009765625,0,-0.1318683624267578,0,0,0,0,0,0,0,0,0,0,0,0,0,0,0,7
24499999400,94083121,94068,93697,3,0,0,0.894134521484375,0,0.15750885009765625,0,-0.1318683624267578,0,0,0,0,0,0,0,0,0,0,0,0,0,0,0,7
24505293550,94089121,94074,93697,3,0,0,0.894134521484375,0,0.15750885009765625,0,-0.1318683624267578,0,0,0,0,0,0,0,0,0,0,0,0,0,0,0,7
24510587700,94094122,94079,93697,3,0,0,0.894134521484375,0,0.15750885009765625,0,-0.1318683624267578,0,0,0,0,0,0,0,0,0,0,0,0,0,0,0,7
24515881850,94098124,94083,93697,3,0,0,0.894134521484375,0,0.15750885009765625,0,-0.1318683624267578,0,0,0,0,0,0,0,0,0,0,0,0,0,0,0,7
24521176000,94102122,94087,93697,3,0,0,0.894134521484375,0,0.15750885009765625,0,-0.1318683624267578,0,0,0,0,0,0,0,0,0,0,0,0,0,0,0,7
24526105435,94112120,94097,93697,3,0,0,0.894134521484375,0,0.15750885009765625,0,-0.1318683624267578,0,0,0,0,0,0,0,0,0,0,0,0,0,0,0,7
24531034868,94116120,94101,93697,3,0,0,0.894134521484375,0,0.15750885009765625,0,-0.1318683624267578,0,0,0,0,0,0,0,0,0,0,0,0,0,0,0,7
24535964301,94120135,94105,93697,3,0,0,0.894134521484375,0,0.15750885009765625,0,-0.1318683624267578,0,0,0,0,0,0,0,0,0,0,0,0,0,0,0,7
24540893734,94124120,94109,93697,3,0,0,0.894134521484375,0,0.15750885009765625,0,-0.1318683624267578,0,0,0,0,0,0,0,0,0,0,0,0,0,0,0,7
24545823167,94128120,94113,93697,3,0,0,0.894134521484375,0,0.15750885009765625,0,-0.1318683624267578,0,0,0,0,0,0,0,0,0,0,0,0,0,0,0,7
24550752600,94131123,94116,93697,3,0,0,0.894134521484375,0,0.15750885009765625,0,-0.1318683624267578,0,0,0,0,0,0,0,0,0,0,0,0,0,0,0,7
24554785332,94138120,94123,93697,3,0,0,0.894134521484375,0,0.15750885009765625,0,-0.1318683624267578,0,0,0,0,0,0,0,0,0,0,0,0,0,0,0,7
24558818060,94141121,94126,93697,3,0,0,0.894134521484375,0,0.15750885009765625,0,-0.1318683624267578,0,0,0,0,0,0,0,0,0,0,0,0,0,0,0,7
24562850788,94145129,94130,93697,3,0,0,0.894134521484375,0,0.15750885009765625,0,-0.1318683624267578,0,0,0,0,0,0,0,0,0,0,0,0,0,0,0,7
24566883516,94148139,94133,93697,3,0,0,0.894134521484375,0,0.15750885009765625,0,-0.1318683624267578,0,0,0,0,0,0,0,0,0,0,0,0,0,0,0,7
24570916244,94152125,94137,93697,3,0,0,0.894134521484375,0,0.15750885009765625,0,-0.1318683624267578,0,0,0,0,0,0,0,0,0,0,0,0,0,0,0,7
24574948972,94156124,94141,93697,3,0,0,0.894134521484375,0,0.15750885009765625,0,-0.1318683624267578,0,0,0,0,0,0,0,0,0,0,0,0,0,0,0,7
24578981700,94160138,94145,93697,3,0,0,0.894134521484375,0,0.15750885009765625,0,-0.1318683624267578,0,0,0,0,0,0,0,0,0,0,0,0,0,0,0,7
24582343874,94166120,94151,93697,3,0,0,0.894134521484375,0,0.15750885009765625,0,-0.1318683624267578,0,0,0,0,0,0,0,0,0,0,0,0,0,0,0,7
24585706045,94169124,94154,93697,3,0,0,0.894134521484375,0,0.15750885009765625,0,-0.1318683624267578,0,0,0,0,0,0,0,0,0,0,0,0,0,0,0,7
24589068216,94173122,94158,93697,3,0,0,0.894134521484375,0,0.15750885009765625,0,-0.1318683624267578,0,0,0,0,0,0,0,0,0,0,0,0,0,0,0,7
24592430387,94176135,94161,93697,3,0,0,0.894134521484375,0,0.15750885009765625,0,-0.1318683624267578,0,0,0,0,0,0,0,0,0,0,0,0,0,0,0,7
24595792558,94178120,94163,93697,3,0,0,0.894134521484375,0,0.15750885009765625,0,-0.1318683624267578,0,0,0,0,0,0,0,0,0,0,0,0,0,0,0,7
24599154729,94181122,94166,93697,3,0,0,0.894134521484375,0,0.15750885009765625,0,-0.1318683624267578,0,0,0,0,0,0,0,0,0,0,0,0,0,0,0,7
24602516900,94184120,94169,93697,3,0,0,0.894134521484375,0,0.15750885009765625,0,-0.1318683624267578,0,0,0,0,0,0,0,0,0,0,0,0,0,0,0,7
24606524366,94191125,94176,93697,3,0,0,0.894134521484375,0,0.15750885009765625,0,-0.1318683624267578,0,0,0,0,0,0,0,0,0,0,0,0,0,0,0,7
24610531828,94195129,94180,93697,3,0,0,0.894134521484375,0,0.15750885009765625,0,-0.1318683624267578,0,0,0,0,0,0,0,0,0,0,0,0,0,0,0,7
24614539290,94198124,94183,93697,3,0,0,0.894134521484375,0,0.15750885009765625,0,-0.1318683624267578,0,0,0,0,0,0,0,0,0,0,0,0,0,0,0,7
24618546752,94201123,94186,93697,3,0,0,0.894134521484375,0,0.15750885009765625,0,-0.1318683624267578,0,0,0,0,0,0,0,0,0,0,0,0,0,0,0,7
24622554214,94206124,94191,93697,3,0,0,0.894134521484375,0,0.15750885009765625,0,-0.1318683624267578,0,0,0,0,0,0,0,0,0,0,0,0,0,0,0,7
24626561676,94209121,94195,93697,3,0,0,0.894134521484375,0,0.15750885009765625,0,-0.1318683624267578,0,0,0,0,0,0,0,0,0,0,0,0,0,0,0,7
24630569138,94212120,94197,93697,3,0,0,0.894134521484375,0,0.15750885009765625,0,-0.1318683624267578,0,0,0,0,0,0,0,0,0,0,0,0,0,0,0,7
24634576600,94215129,94200,93697,3,0,0,0.894134521484375,0,0.15750885009765625,0,-0.1318683624267578,0,0,0,0,0,0,0,0,0,0,0,0,0,0,0,7
24638654290,94228120,94213,93697,3,0,0,0.894134521484375,0,0.15750885009765625,0,-0.1318683624267578,0,0,0,0,0,0,0,0,0,0,0,0,0,0,0,7
24642731975,94231143,94216,93697,3,0,0,0.894134521484375,0,0.15750885009765625,0,-0.1318683624267578,0,0,0,0,0,0,0,0,0,0,0,0,0,0,0,7
24646809660,94233124,94218,93697,3,0,0,0.894134521484375,0,0.15750885009765625,0,-0.1318683624267578,0,0,0,0,0,0,0,0,0,0,0,0,0,0,0,7
24650887345,94236121,94222,93697,3,0,0,0.894134521484375,0,0.15750885009765625,0,-0.1318683624267578,0,0,0,0,0,0,0,0,0,0,0,0,0,0,0,7
24654965030,94239123,94224,93697,3,0,0,0.894134521484375,0,0.15750885009765625,0,-0.1318683624267578,0,0,0,0,0,0,0,0,0,0,0,0,0,0,0,7
24659042715,94242120,94227,93697,3,0,0,0.894134521484375,0,0.15750885009765625,0,-0.1318683624267578,0,0,0,0,0,0,0,0,0,0,0,0,0,0,0,7
24663120400,94245149,94230,93697,3,0,0,0.894134521484375,0,0.15750885009765625,0,-0.1318683624267578,0,0,0,0,0,0,0,0,0,0,0,0,0,0,0,7
24666531716,94249121,94234,93697,3,0,0,0.894134521484375,0,0.15750885009765625,0,-0.1318683624267578,0,0,0,0,0,0,0,0,0,0,0,0,0,0,0,7
24669943028,94252123,94237,93697,3,0,0,0.894134521484375,0,0.15750885009765625,0,-0.1318683624267578,0,0,0,0,0,0,0,0,0,0,0,0,0,0,0,7
24673354340,94256124,94241,93697,3,0,0,0.894134521484375,0,0.15750885009765625,0,-0.1318683624267578,0,0,0,0,0,0,0,0,0,0,0,0,0,0,0,7
24676765652,94259127,94244,93697,3,0,0,0.894134521484375,0,0.15750885009765625,0,-0.1318683624267578,0,0,0,0,0,0,0,0,0,0,0,0,0,0,0,7
24680176964,94262120,94248,93697,3,0,0,0.894134521484375,0,0.15750885009765625,0,-0.1318683624267578,0,0,0,0,0,0,0,0,0,0,0,0,0,0,0,7
24683588276,94265129,94250,93697,3,0,0,0.894134521484375,0,0.15750885009765625,0,-0.1318683624267578,0,0,0,0,0,0,0,0,0,0,0,0,0,0,0,7
24686999588,94269120,94254,93697,3,0,0,0.894134521484375,0,0.15750885009765625,0,-0.1318683624267578,0,0,0,0,0,0,0,0,0,0,0,0,0,0,0,7
24690410900,94272140,94257,93697,3,0,0,0.894134521484375,0,0.15750885009765625,0,-0.1318683624267578,0,0,0,0,0,0,0,0,0,0,0,0,0,0,0,7
24693561241,94277121,94262,93697,3,0,0,0.894134521484375,0,0.15750885009765625,0,-0.1318683624267578,0,0,0,0,0,0,0,0,0,0,0,0,0,0,0,7
24696711578,94279121,94264,93697,3,0,0,0.894134521484375,0,0.15750885009765625,0,-0.1318683624267578,0,0,0,0,0,0,0,0,0,0,0,0,0,0,0,7
24699861915,94283121,94268,93697,3,0,0,0.894134521484375,0,0.15750885009765625,0,-0.1318683624267578,0,0,0,0,0,0,0,0,0,0,0,0,0,0,0,7
24703012252,94286137,94271,93697,3,0,0,0.894134521484375,0,0.15750885009765625,0,-0.1318683624267578,0,0,0,0,0,0,0,0,0,0,0,0,0,0,0,7
24706162589,94288135,94274,93697,3,0,0,0.894134521484375,0,0.15750885009765625,0,-0.1318683624267578,0,0,0,0,0,0,0,0,0,0,0,0,0,0,0,7
24709312926,94291121,94276,93697,3,0,0,0.894134521484375,0,0.15750885009765625,0,-0.1318683624267578,0,0,0,0,0,0,0,0,0,0,0,0,0,0,0,7
24712463263,94294120,94279,93697,3,0,0,0.894134521484375,0,0.15750885009765625,0,-0.1318683624267578,0,0,0,0,0,0,0,0,0,0,0,0,0,0,0,7
24715613600,94298120,94283,93697,3,0,0,0.894134521484375,0,0.15750885009765625,0,-0.1318683624267578,0,0,0,0,0,0,0,0,0,0,0,0,0,0,0,7
24718707666,94302135,94287,93697,3,0,0,0.894134521484375,0,0.15750885009765625,0,-0.1318683624267578,0,0,0,0,0,0,0,0,0,0,0,0,0,0,0,7
24721801728,94304120,94289,93697,3,0,0,0.894134521484375,0,0.15750885009765625,0,-0.1318683624267578,0,0,0,0,0,0,0,0,0,0,0,0,0,0,0,7
24724895790,94307121,94292,93697,3,0,0,0.894134521484375,0,0.15750885009765625,0,-0.1318683624267578,0,0,0,0,0,0,0,0,0,0,0,0,0,0,0,7
24727989852,94310120,94295,93697,3,0,0,0.894134521484375,0,0.15750885009765625,0,-0.1318683624267578,0,0,0,0,0,0,0,0,0,0,0,0,0,0,0,7
24731083914,94314141,94299,93697,3,0,0,0.894134521484375,0,0.15750885009765625,0,-0.1318683624267578,0,0,0,0,0,0,0,0,0,0,0,0,0,0,0,7
24734177976,94317125,94302,93697,3,0,0,0.894134521484375,0,0.15750885009765625,0,-0.1318683624267578,0,0,0,0,0,0,0,0,0,0,0,0,0,0,0,7
24737272038,94320120,94305,93697,3,0,0,0.894134521484375,0,0.15750885009765625,0,-0.1318683624267578,0,0,0,0,0,0,0,0,0,0,0,0,0,0,0,7
24740366100,94322124,94307,93697,3,0,0,0.894134521484375,0,0.15750885009765625,0,-0.1318683624267578,0,0,0,0,0,0,0,0,0,0,0,0,0,0,0,7
24743864275,94330138,94315,93697,3,0,0,0.894134521484375,0,0.15750885009765625,0,-0.1318683624267578,0,0,0,0,0,0,0,0,0,0,0,0,0,0,0,7
24747362450,94333121,94318,93697,3,0,0,0.894134521484375,0,0.15750885009765625,0,-0.1318683624267578,0,0,0,0,0,0,0,0,0,0,0,0,0,0,0,7
24750860625,94336120,94321,93697,3,0,0,0.894134521484375,0,0.15750885009765625,0,-0.1318683624267578,0,0,0,0,0,0,0,0,0,0,0,0,0,0,0,7
24754358800,94339121,94324,93697,3,0,0,0.894134521484375,0,0.15750885009765625,0,-0.1318683624267578,0,0,0,0,0,0,0,0,0,0,0,0,0,0,0,7
24757856975,94342139,94327,93697,3,0,0,0.894134521484375,0,0.15750885009765625,0,-0.1318683624267578,0,0,0,0,0,0,0,0,0,0,0,0,0,0,0,7
24761355150,94346121,94331,93697,3,0,0,0.894134521484375,0,0.15750885009765625,0,-0.1318683624267578,0,0,0,0,0,0,0,0,0,0,0,0,0,0,0,7
24764853325,94348120,94333,93697,3,0,0,0.894134521484375,0,0.15750885009765625,0,-0.1318683624267578,0,0,0,0,0,0,0,0,0,0,0,0,0,0,0,7
24768351500,94351124,94336,93697,3,0,0,0.894134521484375,0,0.15750885009765625,0,-0.1318683624267578,0,0,0,0,0,0,0,0,0,0,0,0,0,0,0,7
24770977691,94354120,94339,93697,3,0,0,0.894134521484375,0,0.15750885009765625,0,-0.1318683624267578,0,0,0,0,0,0,0,0,0,0,0,0,0,0,0,7
24773603878,94357141,94342,93697,3,0,0,0.894134521484375,0,0.15750885009765625,0,-0.1318683624267578,0,0,0,0,0,0,0,0,0,0,0,0,0,0,0,7
24776230065,94359128,94344,93697,3,0,0,0.894134521484375,0,0.15750885009765625,0,-0.1318683624267578,0,0,0,0,0,0,0,0,0,0,0,0,0,0,0,7
24778856252,94361120,94346,93697,3,0,0,0.894134521484375,0,0.15750885009765625,0,-0.1318683624267578,0,0,0,0,0,0,0,0,0,0,0,0,0,0,0,7
24781482439,94363122,94348,93697,3,0,0,0.894134521484375,0,0.15750885009765625,0,-0.1318683624267578,0,0,0,0,0,0,0,0,0,0,0,0,0,0,0,7
24784108626,94366120,94351,93697,3,0,0,0.894134521484375,0,0.15750885009765625,0,-0.1318683624267578,0,0,0,0,0,0,0,0,0,0,0,0,0,0,0,7
24786734813,94368121,94353,93697,3,0,0,0.894134521484375,0,0.15750885009765625,0,-0.1318683624267578,0,0,0,0,0,0,0,0,0,0,0,0,0,0,0,7
24789361000,94371141,94356,93697,3,0,0,0.894134521484375,0,0.15750885009765625,0,-0.1318683624267578,0,0,0,0,0,0,0,0,0,0,0,0,0,0,0,7
24792175000,94376122,94361,93697,3,0,0,0.894134521484375,0,0.15750885009765625,0,-0.1318683624267578,0,0,0,0,0,0,0,0,0,0,0,0,0,0,0,7
24794989000,94378120,94363,93697,3,0,0,0.894134521484375,0,0.15750885009765625,0,-0.1318683624267578,0,0,0,0,0,0,0,0,0,0,0,0,0,0,0,7
24797803000,94380124,94365,93697,3,0,0,0.894134521484375,0,0.15750885009765625,0,-0.1318683624267578,0,0,0,0,0,0,0,0,0,0,0,0,0,0,0,7
24800617000,94383121,94368,93697,3,0,0,0.894134521484375,0,0.15750885009765625,0,-0.1318683624267578,0,0,0,0,0,0,0,0,0,0,0,0,0,0,0,7
24803431000,94387125,94372,93697,3,0,0,0.894134521484375,0,0.15750885009765625,0,-0.1318683624267578,0,0,0,0,0,0,0,0,0,0,0,0,0,0,0,7
24806245000,94389121,94374,93697,3,0,0,0.894134521484375,0,0.15750885009765625,0,-0.1318683624267578,0,0,0,0,0,0,0,0,0,0,0,0,0,0,0,7
24809059000,94392122,94377,93697,3,0,0,0.894134521484375,0,0.15750885009765625,0,-0.1318683624267578,0,0,0,0,0,0,0,0,0,0,0,0,0,0,0,7
24811873000,94394120,94379,93697,3,0,0,0.894134521484375,0,0.15750885009765625,0,-0.1318683624267578,0,0,0,0,0,0,0,0,0,0,0,0,0,0,0,7
24814535891,94397121,94382,93697,3,0,0,0.894134521484375,0,0.15750885009765625,0,-0.1318683624267578,0,0,0,0,0,0,0,0,0,0,0,0,0,0,0,7
24817198778,94399140,94384,93697,3,0,0,0.894134521484375,0,0.15750885009765625,0,-0.1318683624267578,0,0,0,0,0,0,0,0,0,0,0,0,0,0,0,7
24819861665,94401131,94386,93697,3,0,0,0.894134521484375,0,0.15750885009765625,0,-0.1318683624267578,0,0,0,0,0,0,0,0,0,0,0,0,0,0,0,7
24822524552,94405131,94390,93697,3,0,0,0.894134521484375,0,0.15750885009765625,0,-0.1318683624267578,0,0,0,0,0,0,0,0,0,0,0,0,0,0,0,7
24825187439,94408120,94393,93697,3,0,0,0.894134521484375,0,0.15750885009765625,0,-0.1318683624267578,0,0,0,0,0,0,0,0,0,0,0,0,0,0,0,7
24827850326,94410120,94395,93697,3,0,0,0.894134521484375,0,0.15750885009765625,0,-0.1318683624267578,0,0,0,0,0,0,0,0,0,0,0,0,0,0,0,7
24830513213,94413141,94398,93697,3,0,0,0.894134521484375,0,0.15750885009765625,0,-0.1318683624267578,0,0,0,0,0,0,0,0,0,0,0,0,0,0,0,7
24833176100,94415133,94400,93697,3,0,0,0.894134521484375,0,0.15750885009765625,0,-0.1318683624267578,0,0,0,0,0,0,0,0,0,0,0,0,0,0,0,7
24835787966,94419121,94404,93697,3,0,0,0.894134521484375,0,0.15750885009765625,0,-0.1318683624267578,0,0,0,0,0,0,0,0,0,0,0,0,0,0,0,7
24838399828,94421122,94406,93697,3,0,0,0.894134521484375,0,0.15750885009765625,0,-0.1318683624267578,0,0,0,0,0,0,0,0,0,0,0,0,0,0,0,7
24841011690,94424120,94409,93697,3,0,0,0.894134521484375,0,0.15750885009765625,0,-0.1318683624267578,0,0,0,0,0,0,0,0,0,0,0,0,0,0,0,7
24843623552,94426140,94411,93697,3,0,0,0.894134521484375,0,0.15750885009765625,0,-0.1318683624267578,0,0,0,0,0,0,0,0,0,0,0,0,0,0,0,7
24846235414,94428136,94413,93697,3,0,0,0.894134521484375,0,0.15750885009765625,0,-0.1318683624267578,0,0,0,0,0,0,0,0,0,0,0,0,0,0,0,7
24848847276,94430124,94415,93697,3,0,0,0.894134521484375,0,0.15750885009765625,0,-0.1318683624267578,0,0,0,0,0,0,0,0,0,0,0,0,0,0,0,7
24851459138,94433121,94418,93697,3,0,0,0.894134521484375,0,0.15750885009765625,0,-0.1318683624267578,0,0,0,0,0,0,0,0,0,0,0,0,0,0,0,7
24854071000,94436120,94421,93697,3,0,0,0.894134521484375,0,0.15750885009765625,0,-0.1318683624267578,0,0,0,0,0,0,0,0,0,0,0,0,0,0,0,7
24857147075,94443124,94428,93697,3,0,0,0.894134521484375,0,0.15750885009765625,0,-0.1318683624267578,0,0,0,0,0,0,0,0,0,0,0,0,0,0,0,7
24860223150,94446124,94431,93697,3,0,0,0.894134521484375,0,0.15750885009765625,0,-0.1318683624267578,0,0,0,0,0,0,0,0,0,0,0,0,0,0,0,7
24863299225,94448120,94433,93697,3,0,0,0.894134521484375,0,0.15750885009765625,0,-0.1318683624267578,0,0,0,0,0,0,0,0,0,0,0,0,0,0,0,7
24866375300,94450130,94436,93697,3,0,0,0.894134521484375,0,0.15750885009765625,0,-0.1318683624267578,0,0,0,0,0,0,0,0,0,0,0,0,0,0,0,7
24869451375,94453121,94438,93697,3,0,0,0.894134521484375,0,0.15750885009765625,0,-0.1318683624267578,0,0,0,0,0,0,0,0,0,0,0,0,0,0,0,7
24872527450,94456135,94441,93697,3,0,0,0.894134521484375,0,0.15750885009765625,0,-0.1318683624267578,0,0,0,0,0,0,0,0,0,0,0,0,0,0,0,7
24875603525,94458122,94443,93697,3,0,0,0.894134521484375,0,0.15750885009765625,0,-0.1318683624267578,0,0,0,0,0,0,0,0,0,0,0,0,0,0,0,7
24878679600,94460121,94445,93697,3,0,0,0.894134521484375,0,0.15750885009765625,0,-0.1318683624267578,0,0,0,0,0,0,0,0,0,0,0,0,0,0,0,7
24882132816,94465129,94450,93697,3,0,0,0.894134521484375,0,0.15750885009765625,0,-0.1318683624267578,0,0,0,0,0,0,0,0,0,0,0,0,0,0,0,7
24885586028,94467124,94452,93697,3,0,0,0.894134521484375,0,0.15750885009765625,0,-0.1318683624267578,0,0,0,0,0,0,0,0,0,0,0,0,0,0,0,7
24889039240,94470135,94455,93697,3,0,0,0.894134521484375,0,0.15750885009765625,0,-0.1318683624267578,0,0,0,0,0,0,0,0,0,0,0,0,0,0,0,7
24892492452,94472120,94457,93697,3,0,0,0.894134521484375,0,0.15750885009765625,0,-0.1318683624267578,0,0,0,0,0,0,0,0,0,0,0,0,0,0,0,7
24895945664,94476120,94461,93697,3,0,0,0.894134521484375,0,0.15750885009765625,0,-0.1318683624267578,0,0,0,0,0,0,0,0,0,0,0,0,0,0,0,7
24899398876,94479123,94464,93697,3,0,0,0.894134521484375,0,0.15750885009765625,0,-0.1318683624267578,0,0,0,0,0,0,0,0,0,0,0,0,0,0,0,7
24902852088,94483144,94468,93697,3,0,0,0.894134521484375,0,0.15750885009765625,0,-0.1318683624267578,0,0,0,0,0,0,0,0,0,0,0,0,0,0,0,7
24906305300,94487122,94472,93697,3,0,0,0.894134521484375,0,0.15750885009765625,0,-0.1318683624267578,0,0,0,0,0,0,0,0,0,0,0,0,0,0,0,7
24909905216,94493121,94478,93697,3,0,0,0.894134521484375,0,0.15750885009765625,0,-0.1318683624267578,0,0,0,0,0,0,0,0,0,0,0,0,0,0,0,7
24913505128,94498135,94483,93697,3,0,0,0.894134521484375,0,0.15750885009765625,0,-0.1318683624267578,0,0,0,0,0,0,0,0,0,0,0,0,0,0,0,7
24917105040,94501123,94486,93697,3,0,0,0.894134521484375,0,0.15750885009765625,0,-0.1318683624267578,0,0,0,0,0,0,0,0,0,0,0,0,0,0,0,7
24920704952,94505129,94490,93697,3,0,0,0.894134521484375,0,0.15750885009765625,0,-0.1318683624267578,0,0,0,0,0,0,0,0,0,0,0,0,0,0,0,7
24924304864,94508122,94493,93697,3,0,0,0.894134521484375,0,0.15750885009765625,0,-0.1318683624267578,0,0,0,0,0,0,0,0,0,0,0,0,0,0,0,7
24927904776,94511139,94496,93697,3,0,0,0.894134521484375,0,0.15750885009765625,0,-0.1318683624267578,0,0,0,0,0,0,0,0,0,0,0,0,0,0,0,7
24931504688,94514119,94499,93697,3,0,0,0.894134521484375,0,0.15750885009765625,0,-0.1318683624267578,0,0,0,0,0,0,0,0,0,0,0,0,0,0,0,7
24935104600,94517125,94502,93697,3,0,0,0.894134521484375,0,0.15750885009765625,0,-0.1318683624267578,0,0,0,0,0,0,0,0,0,0,0,0,0,0,0,7
24938723041,94522120,94507,93697,3,0,0,0.894134521484375,0,0.15750885009765625,0,-0.1318683624267578,0,0,0,0,0,0,0,0,0,0,0,0,0,0,0,7
24942341478,94525153,94510,93697,3,0,0,0.894134521484375,0,0.15750885009765625,0,-0.1318683624267578,0,0,0,0,0,0,0,0,0,0,0,0,0,0,0,7
24945959915,94528120,94513,93697,3,0,0,0.894134521484375,0,0.15750885009765625,0,-0.1318683624267578,0,0,0,0,0,0,0,0,0,0,0,0,0,0,0,7
24949578352,94532121,94517,93697,3,0,0,0.894134521484375,0,0.15750885009765625,0,-0.1318683624267578,0,0,0,0,0,0,0,0,0,0,0,0,0,0,0,7
24953196789,94535129,94520,93697,3,0,0,0.894134521484375,0,0.15750885009765625,0,-0.1318683624267578,0,0,0,0,0,0,0,0,0,0,0,0,0,0,0,7
24956815226,94539140,94524,93697,3,0,0,0.894134521484375,0,0.15750885009765625,0,-0.1318683624267578,0,0,0,0,0,0,0,0,0,0,0,0,0,0,0,7
24960433663,94543120,94528,93697,3,0,0,0.894134521484375,0,0.15750885009765625,0,-0.1318683624267578,0,0,0,0,0,0,0,0,0,0,0,0,0,0,0,7
24964052100,94546123,94531,93697,3,0,0,0.894134521484375,0,0.15750885009765625,0,-0.1318683624267578,0,0,0,0,0,0,0,0,0,0,0,0,0,0,0,7
24968265975,94556120,94541,93697,3,0,0,0.894134521484375,0,0.15750885009765625,0,-0.1318683624267578,0,0,0,0,0,0,0,0,0,0,0,0,0,0,0,7
24972479850,94559120,94544,93697,3,0,0,0.894134521484375,0,0.15750885009765625,0,-0.1318683624267578,0,0,0,0,0,0,0,0,0,0,0,0,0,0,0,7
24976693725,94563121,94548,93697,3,0,0,0.894134521484375,0,0.15750885009765625,0,-0.1318683624267578,0,0,0,0,0,0,0,0,0,0,0,0,0,0,0,7
24980907600,94566139,94551,93697,3,0,0,0.894134521484375,0,0.15750885009765625,0,-0.1318683624267578,0,0,0,0,0,0,0,0,0,0,0,0,0,0,0,7
24985121475,94570124,94555,93697,3,0,0,0.894134521484375,0,0.15750885009765625,0,-0.1318683624267578,0,0,0,0,0,0,0,0,0,0,0,0,0,0,0,7
24989335350,94574122,94559,93697,3,0,0,0.894134521484375,0,0.15750885009765625,0,-0.1318683624267578,0,0,0,0,0,0,0,0,0,0,0,0,0,0,0,7
24993549225,94577121,94562,93697,3,0,0,0.894134521484375,0,0.15750885009765625,0,-0.1318683624267578,0,0,0,0,0,0,0,0,0,0,0,0,0,0,0,7
24997763100,94579123,94565,93697,3,0,0,0.894134521484375,0,0.15750885009765625,0,-0.1318683624267578,0,0,0,0,0,0,0,0,0,0,0,0,0,0,0,7
25001556650,94584120,94569,93697,3,0,0,0.894134521484375,0,0.15750885009765625,0,-0.1318683624267578,0,0,0,0,0,0,0,0,0,0,0,0,0,0,0,7
25005350200,94588120,94573,93697,3,0,0,0.894134521484375,0,0.15750885009765625,0,-0.1318683624267578,0,0,0,0,0,0,0,0,0,0,0,0,0,0,0,7
25009143750,94592120,94577,93697,3,0,0,0.894134521484375,0,0.15750885009765625,0,-0.1318683624267578,0,0,0,0,0,0,0,0,0,0,0,0,0,0,0,7
25012937300,94596140,94581,93697,3,0,0,0.894134521484375,0,0.15750885009765625,0,-0.1318683624267578,0,0,0,0,0,0,0,0,0,0,0,0,0,0,0,7
25016730850,94599124,94584,93697,3,0,0,0.894134521484375,0,0.15750885009765625,0,-0.1318683624267578,0,0,0,0,0,0,0,0,0,0,0,0,0,0,0,7
25020524400,94602120,94587,93697,3,0,0,0.894134521484375,0,0.15750885009765625,0,-0.1318683624267578,0,0,0,0,0,0,0,0,0,0,0,0,0,0,0,7
25024317950,94606120,94591,93697,3,0,0,0.894134521484375,0,0.15750885009765625,0,-0.1318683624267578,0,0,0,0,0,0,0,0,0,0,0,0,0,0,0,7
25028111500,94609140,94594,93697,3,0,0,0.894134521484375,0,0.15750885009765625,0,-0.1318683624267578,0,0,0,0,0,0,0,0,0,0,0,0,0,0,0,7
25031895341,94614120,94600,93697,3,0,0,0.894134521484375,0,0.15750885009765625,0,-0.1318683624267578,0,0,0,0,0,0,0,0,0,0,0,0,0,0,0,7
25035679178,94618120,94603,93697,3,0,0,0.894134521484375,0,0.15750885009765625,0,-0.1318683624267578,0,0,0,0,0,0,0,0,0,0,0,0,0,0,0,7
25039463015,94621120,94606,93697,3,0,0,0.894134521484375,0,0.15750885009765625,0,-0.1318683624267578,0,0,0,0,0,0,0,0,0,0,0,0,0,0,0,7
25043246852,94624136,94609,93697,3,0,0,0.894134521484375,0,0.15750885009765625,0,-0.1318683624267578,0,0,0,0,0,0,0,0,0,0,0,0,0,0,0,7
25047030689,94627121,94612,93697,3,0,0,0.894134521484375,0,0.15750885009765625,0,-0.1318683624267578,0,0,0,0,0,0,0,0,0,0,0,0,0,0,0,7
25050814526,94631120,94616,93697,3,0,0,0.894134521484375,0,0.15750885009765625,0,-0.1318683624267578,0,0,0,0,0,0,0,0,0,0,0,0,0,0,0,7
25054598363,94635129,94620,93697,3,0,0,0.894134521484375,0,0.15750885009765625,0,-0.1318683624267578,0,0,0,0,0,0,0,0,0,0,0,0,0,0,0,7
25058382200,94639125,94625,93697,3,0,0,0.894134521484375,0,0.15750885009765625,0,-0.1318683624267578,0,0,0,0,0,0,0,0,0,0,0,0,0,0,0,7
25062836500,94645130,94630,93697,3,0,0,0.894134521484375,0,0.15750885009765625,0,-0.1318683624267578,0,0,0,0,0,0,0,0,0,0,0,0,0,0,0,7
25067290800,94649124,94634,93697,3,0,0,0.894134521484375,0,0.15750885009765625,0,-0.1318683624267578,0,0,0,0,0,0,0,0,0,0,0,0,0,0,0,7
25071745100,94654120,94639,93697,3,0,0,0.894134521484375,0,0.15750885009765625,0,-0.1318683624267578,0,0,0,0,0,0,0,0,0,0,0,0,0,0,0,7
25076199400,94659121,94644,93697,3,0,0,0.894134521484375,0,0.15750885009765625,0,-0.1318683624267578,0,0,0,0,0,0,0,0,0,0,0,0,0,0,0,7
25080653700,94665150,94650,93697,3,0,0,0.894134521484375,0,0.15750885009765625,0,-0.1318683624267578,0,0,0,0,0,0,0,0,0,0,0,0,0,0,0,7
25085108000,94669121,94654,93697,3,0,0,0.894134521484375,0,0.15750885009765625,0,-0.1318683624267578,0,0,0,0,0,0,0,0,0,0,0,0,0,0,0,7
25089562300,94672121,94657,93697,3,0,0,0.894134521484375,0,0.15750885009765625,0,-0.1318683624267578,0,0,0,0,0,0,0,0,0,0,0,0,0,0,0,7
25094016600,94675129,94660,93697,3,0,0,0.894134521484375,0,0.15750885009765625,0,-0.1318683624267578,0,0,0,0,0,0,0,0,0,0,0,0,0,0,0,7
25098583648,94684120,94669,93697,3,0,0,0.894134521484375,0,0.15750885009765625,0,-0.1318683624267578,0,0,0,0,0,0,0,0,0,0,0,0,0,0,0,7
25103150690,94687121,94672,93697,3,0,0,0.894134521484375,0,0.15750885009765625,0,-0.1318683624267578,0,0,0,0,0,0,0,0,0,0,0,0,0,0,0,7
25107717732,94691125,94676,93697,3,0,0,0.894134521484375,0,0.15750885009765625,0,-0.1318683624267578,0,0,0,0,0,0,0,0,0,0,0,0,0,0,0,7
25112284774,94696121,94681,93697,3,0,0,0.894134521484375,0,0.15750885009765625,0,-0.1318683624267578,0,0,0,0,0,0,0,0,0,0,0,0,0,0,0,7
25116851816,94699125,94684,93697,3,0,0,0.894134521484375,0,0.15750885009765625,0,-0.1318683624267578,0,0,0,0,0,0,0,0,0,0,0,0,0,0,0,7
25121418858,94703123,94688,93697,3,0,0,0.894134521484375,0,0.15750885009765625,0,-0.1318683624267578,0,0,0,0,0,0,0,0,0,0,0,0,0,0,0,7
25125985900,94706138,94691,93697,3,0,0,0.894134521484375,0,0.15750885009765625,0,-0.1318683624267578,0,0,0,0,0,0,0,0,0,0,0,0,0,0,0,7
25129831332,94713121,94698,93697,3,0,0,0.894134521484375,0,0.15750885009765625,0,-0.1318683624267578,0,0,0,0,0,0,0,0,0,0,0,0,0,0,0,7
25133676760,94716120,94701,93697,3,0,0,0.894134521484375,0,0.15750885009765625,0,-0.1318683624267578,0,0,0,0,0,0,0,0,0,0,0,0,0,0,0,7
25137522188,94720141,94705,93697,3,0,0,0.894134521484375,0,0.15750885009765625,0,-0.1318683624267578,0,0,0,0,0,0,0,0,0,0,0,0,0,0,0,7
25141367616,94723125,94708,93697,3,0,0,0.894134521484375,0,0.15750885009765625,0,-0.1318683624267578,0,0,0,0,0,0,0,0,0,0,0,0,0,0,0,7
25145213044,94727121,94712,93697,3,0,0,0.894134521484375,0,0.15750885009765625,0,-0.1318683624267578,0,0,0,0,0,0,0,0,0,0,0,0,0,0,0,7
25149058472,94730120,94715,93697,3,0,0,0.894134521484375,0,0.15750885009765625,0,-0.1318683624267578,0,0,0,0,0,0,0,0,0,0,0,0,0,0,0,7
25152903900,94734138,94719,93697,3,0,0,0.894134521484375,0,0.15750885009765625,0,-0.1318683624267578,0,0,0,0,0,0,0,0,0,0,0,0,0,0,0,7
25156796750,94741120,94726,93697,3,0,0,0.894134521484375,0,0.15750885009765625,0,-0.1318683624267578,0,0,0,0,0,0,0,0,0,0,0,0,0,0,0,7
25160689600,94744124,94729,93697,3,0,0,0.894134521484375,0,0.15750885009765625,0,-0.1318683624267578,0,0,0,0,0,0,0,0,0,0,0,0,0,0,0,7
25164582450,94747121,94732,93697,3,0,0,0.894134521484375,0,0.15750885009765625,0,-0.1318683624267578,0,0,0,0,0,0,0,0,0,0,0,0,0,0,0,7
25168475300,94751124,94736,93697,3,0,0,0.894134521484375,0,0.15750885009765625,0,-0.1318683624267578,0,0,0,0,0,0,0,0,0,0,0,0,0,0,0,7
25172368150,94755129,94740,93697,3,0,0,0.894134521484375,0,0.15750885009765625,0,-0.1318683624267578,0,0,0,0,0,0,0,0,0,0,0,0,0,0,0,7
25176261000,94758120,94743,93697,3,0,0,0.894134521484375,0,0.15750885009765625,0,-0.1318683624267578,0,0,0,0,0,0,0,0,0,0,0,0,0,0,0,7
25180153850,94761123,94746,93697,3,0,0,0.894134521484375,0,0.15750885009765625,0,-0.1318683624267578,0,0,0,0,0,0,0,0,0,0,0,0,0,0,0,7
25184046700,94765137,94750,93697,3,0,0,0.894134521484375,0,0.15750885009765625,0,-0.1318683624267578,0,0,0,0,0,0,0,0,0,0,0,0,0,0,0,7
25188095641,94773124,94759,93697,3,0,0,0.894134521484375,0,0.15750885009765625,0,-0.1318683624267578,0,0,0,0,0,0,0,0,0,0,0,0,0,0,0,7
25192144578,94776138,94761,93697,3,0,0,0.894134521484375,0,0.15750885009765625,0,-0.1318683624267578,0,0,0,0,0,0,0,0,0,0,0,0,0,0,0,7
25196193515,94780120,94765,93697,3,0,0,0.894134521484375,0,0.15750885009765625,0,-0.1318683624267578,0,0,0,0,0,0,0,0,0,0,0,0,0,0,0,7
25200242452,94783120,94768,93697,3,0,0,0.894134521484375,0,0.15750885009765625,0,-0.1318683624267578,0,0,0,0,0,0,0,0,0,0,0,0,0,0,0,7
25204291389,94788120,94773,93697,3,0,0,0.894134521484375,0,0.15750885009765625,0,-0.1318683624267578,0,0,0,0,0,0,0,0,0,0,0,0,0,0,0,7
25208340326,94791145,94776,93697,3,0,0,0.894134521484375,0,0.15750885009765625,0,-0.1318683624267578,0,0,0,0,0,0,0,0,0,0,0,0,0,0,0,7
25212389263,94794124,94779,93697,3,0,0,0.894134521484375,0,0.15750885009765625,0,-0.1318683624267578,0,0,0,0,0,0,0,0,0,0,0,0,0,0,0,7
25216438200,94798122,94783,93697,3,0,0,0.894134521484375,0,0.15750885009765625,0,-0.1318683624267578,0,0,0,0,0,0,0,0,0,0,0,0,0,0,0,7
25221131200,94808120,94793,93697,3,0,0,0.894134521484375,0,0.15750885009765625,0,-0.1318683624267578,0,0,0,0,0,0,0,0,0,0,0,0,0,0,0,7
25225824200,94811122,94796,93697,3,0,0,0.894134521484375,0,0.15750885009765625,0,-0.1318683624267578,0,0,0,0,0,0,0,0,0,0,0,0,0,0,0,7
25230517200,94815133,94800,93697,3,0,0,0.894134521484375,0,0.15750885009765625,0,-0.1318683624267578,0,0,0,0,0,0,0,0,0,0,0,0,0,0,0,7
25235210200,94819142,94804,93697,3,0,0,0.894134521484375,0,0.15750885009765625,0,-0.1318683624267578,0,0,0,0,0,0,0,0,0,0,0,0,0,0,0,7
25239903200,94823124,94808,93697,3,0,0,0.894134521484375,0,0.15750885009765625,0,-0.1318683624267578,0,0,0,0,0,0,0,0,0,0,0,0,0,0,0,7
25244596200,94826120,94811,93697,3,0,0,0.894134521484375,0,0.15750885009765625,0,-0.1318683624267578,0,0,0,0,0,0,0,0,0,0,0,0,0,0,0,7
25249289200,94830120,94815,93697,3,0,0,0.894134521484375,0,0.15750885009765625,0,-0.1318683624267578,0,0,0,0,0,0,0,0,0,0,0,0,0,0,0,7
25253565790,94836124,94821,93697,3,0,0,0.894134521484375,0,0.15750885009765625,0,-0.1318683624267578,0,0,0,0,0,0,0,0,0,0,0,0,0,0,0,7
25257842375,94839121,94824,93697,3,0,0,0.894134521484375,0,0.15750885009765625,0,-0.1318683624267578,0,0,0,0,0,0,0,0,0,0,0,0,0,0,0,7
25262118960,94843120,94828,93697,3,0,0,0.894134521484375,0,0.15750885009765625,0,-0.1318683624267578,0,0,0,0,0,0,0,0,0,0,0,0,0,0,0,7
25266395545,94846138,94831,93697,3,0,0,0.894134521484375,0,0.15750885009765625,0,-0.1318683624267578,0,0,0,0,0,0,0,0,0,0,0,0,0,0,0,7
25270672130,94850128,94835,93697,3,0,0,0.894134521484375,0,0.15750885009765625,0,-0.1318683624267578,0,0,0,0,0,0,0,0,0,0,0,0,0,0,0,7
25274948715,94852126,94837,93697,3,0,0,0.894134521484375,0,0.15750885009765625,0,-0.1318683624267578,0,0,0,0,0,0,0,0,0,0,0,0,0,0,0,7
25279225300,94856122,94841,93697,3,0,0,0.894134521484375,0,0.15750885009765625,0,-0.1318683624267578,0,0,0,0,0,0,0,0,0,0,0,0,0,0,0,7
25282876890,94866120,94851,93697,3,0,0,0.894134521484375,0,0.15750885009765625,0,-0.1318683624267578,0,0,0,0,0,0,0,0,0,0,0,0,0,0,0,7
25286528475,94869123,94854,93697,3,0,0,0.894134521484375,0,0.15750885009765625,0,-0.1318683624267578,0,0,0,0,0,0,0,0,0,0,0,0,0,0,0,7
25290180060,94872120,94857,93697,3,0,0,0.894134521484375,0,0.15750885009765625,0,-0.1318683624267578,0,0,0,0,0,0,0,0,0,0,0,0,0,0,0,7
25293831645,94875149,94860,93697,3,0,0,0.894134521484375,0,0.15750885009765625,0,-0.1318683624267578,0,0,0,0,0,0,0,0,0,0,0,0,0,0,0,7
25297483230,94879121,94864,93697,3,0,0,0.894134521484375,0,0.15750885009765625,0,-0.1318683624267578,0,0,0,0,0,0,0,0,0,0,0,0,0,0,0,7
25301134815,94882120,94867,93697,3,0,0,0.894134521484375,0,0.15750885009765625,0,-0.1318683624267578,0,0,0,0,0,0,0,0,0,0,0,0,0,0,0,7
25304786400,94885131,94871,93697,3,0,0,0.894134521484375,0,0.15750885009765625,0,-0.1318683624267578,0,0,0,0,0,0,0,0,0,0,0,0,0,0,0,7
25308993675,94893122,94878,93697,3,0,0,0.894134521484375,0,0.15750885009765625,0,-0.1318683624267578,0,0,0,0,0,0,0,0,0,0,0,0,0,0,0,7
25313200950,94897121,94882,93697,3,0,0,0.894134521484375,0,0.15750885009765625,0,-0.1318683624267578,0,0,0,0,0,0,0,0,0,0,0,0,0,0,0,7
25317408225,94900130,94885,93697,3,0,0,0.894134521484375,0,0.15750885009765625,0,-0.1318683624267578,0,0,0,0,0,0,0,0,0,0,0,0,0,0,0,7
25321615500,94904134,94889,93697,3,0,0,0.894134521484375,0,0.15750885009765625,0,-0.1318683624267578,0,0,0,0,0,0,0,0,0,0,0,0,0,0,0,7
25325822775,94908120,94893,93697,3,0,0,0.894134521484375,0,0.15750885009765625,0,-0.1318683624267578,0,0,0,0,0,0,0,0,0,0,0,0,0,0,0,7
25330030050,94912120,94897,93697,3,0,0,0.894134521484375,0,0.15750885009765625,0,-0.1318683624267578,0,0,0,0,0,0,0,0,0,0,0,0,0,0,0,7
25334237325,94915133,94900,93697,3,0,0,0.894134521484375,0,0.15750885009765625,0,-0.1318683624267578,0,0,0,0,0,0,0,0,0,0,0,0,0,0,0,7
25338444600,94919126,94904,93697,3,0,0,0.894134521484375,0,0.15750885009765625,0,-0.1318683624267578,0,0,0,0,0,0,0,0,0,0,0,0,0,0,0,7
25342019432,94927123,94913,93697,3,0,0,0.894134521484375,0,0.15750885009765625,0,-0.1318683624267578,0,0,0,0,0,0,0,0,0,0,0,0,0,0,0,7
25345594260,94930137,94915,93697,3,0,0,0.894134521484375,0,0.15750885009765625,0,-0.1318683624267578,0,0,0,0,0,0,0,0,0,0,0,0,0,0,0,7
25349169088,94932136,94917,93697,3,0,0,0.894134521484375,0,0.15750885009765625,0,-0.1318683624267578,0,0,0,0,0,0,0,0,0,0,0,0,0,0,0,7
25352743916,94934120,94919,93697,3,0,0,0.894134521484375,0,0.15750885009765625,0,-0.1318683624267578,0,0,0,0,0,0,0,0,0,0,0,0,0,0,0,7
25356318744,94936120,94921,93697,3,0,0,0.894134521484375,0,0.15750885009765625,0,-0.1318683624267578,0,0,0,0,0,0,0,0,0,0,0,0,0,0,0,7
25359893572,94941120,94926,93697,3,0,0,0.894134521484375,0,0.15750885009765625,0,-0.1318683624267578,0,0,0,0,0,0,0,0,0,0,0,0,0,0,0,7
25363468400,94944142,94929,93697,3,0,0,0.894134521484375,0,0.15750885009765625,0,-0.1318683624267578,0,0,0,0,0,0,0,0,0,0,0,0,0,0,0,7
25367352991,94950128,94935,93697,3,0,0,0.894134521484375,0,0.15750885009765625,0,-0.1318683624267578,0,0,0,0,0,0,0,0,0,0,0,0,0,0,0,7
25371237578,94953121,94938,93697,3,0,0,0.894134521484375,0,0.15750885009765625,0,-0.1318683624267578,0,0,0,0,0,0,0,0,0,0,0,0,0,0,0,7
25375122165,94957121,94942,93697,3,0,0,0.894134521484375,0,0.15750885009765625,0,-0.1318683624267578,0,0,0,0,0,0,0,0,0,0,0,0,0,0,0,7
25379006752,94960139,94945,93697,3,0,0,0.894134521484375,0,0.15750885009765625,0,-0.1318683624267578,0,0,0,0,0,0,0,0,0,0,0,0,0,0,0,7
25382891339,94966120,94951,93697,3,0,0,0.894134521484375,0,0.15750885009765625,0,-0.1318683624267578,0,0,0,0,0,0,0,0,0,0,0,0,0,0,0,7
25386775926,94970120,94955,93697,3,0,0,0.894134521484375,0,0.15750885009765625,0,-0.1318683624267578,0,0,0,0,0,0,0,0,0,0,0,0,0,0,0,7
25390660513,94973144,94958,93697,3,0,0,0.894134521484375,0,0.15750885009765625,0,-0.1318683624267578,0,0,0,0,0,0,0,0,0,0,0,0,0,0,0,7
25394545100,94976124,94961,93697,3,0,0,0.894134521484375,0,0.15750885009765625,0,-0.1318683624267578,0,0,0,0,0,0,0,0,0,0,0,0,0,0,0,7
25398462150,94981124,94966,93697,3,0,0,0.894134521484375,0,0.15750885009765625,0,-0.1318683624267578,0,0,0,0,0,0,0,0,0,0,0,0,0,0,0,7
25402379200,94986137,94971,93697,3,0,0,0.894134521484375,0,0.15750885009765625,0,-0.1318683624267578,0,0,0,0,0,0,0,0,0,0,0,0,0,0,0,7
25406296250,94990121,94975,93697,3,0,0,0.894134521484375,0,0.15750885009765625,0,-0.1318683624267578,0,0,0,0,0,0,0,0,0,0,0,0,0,0,0,7
25410213300,94993123,94978,93697,3,0,0,0.894134521484375,0,0.15750885009765625,0,-0.1318683624267578,0,0,0,0,0,0,0,0,0,0,0,0,0,0,0,7
25414130350,94997125,94982,93697,3,0,0,0.894134521484375,0,0.15750885009765625,0,-0.1318683624267578,0,0,0,0,0,0,0,0,0,0,0,0,0,0,0,7
25418047400,95001145,94986,93697,3,0,0,0.894134521484375,0,0.15750885009765625,0,-0.1318683624267578,0,0,0,0,0,0,0,0,0,0,0,0,0,0,0,7
25421964450,95004120,94989,93697,3,0,0,0.894134521484375,0,0.15750885009765625,0,-0.1318683624267578,0,0,0,0,0,0,0,0,0,0,0,0,0,0,0,7
25425881500,95007121,94992,93697,3,0,0,0.894134521484375,0,0.15750885009765625,0,-0.1318683624267578,0,0,0,0,0,0,0,0,0,0,0,0,0,0,0,7
25429861491,95013121,94998,93697,3,0,0,0.894134521484375,0,0.15750885009765625,0,-0.1318683624267578,0,0,0,0,0,0,0,0,0,0,0,0,0,0,0,7
25433841478,95017124,95002,93697,3,0,0,0.894134521484375,0,0.15750885009765625,0,-0.1318683624267578,0,0,0,0,0,0,0,0,0,0,0,0,0,0,0,7
25437821465,95020120,95005,93697,3,0,0,0.894134521484375,0,0.15750885009765625,0,-0.1318683624267578,0,0,0,0,0,0,0,0,0,0,0,0,0,0,0,7
25441801452,95024120,95010,93697,3,0,0,0.894134521484375,0,0.15750885009765625,0,-0.1318683624267578,0,0,0,0,0,0,0,0,0,0,0,0,0,0,0,7
25445781439,95028138,95013,93697,3,0,0,0.894134521484375,0,0.15750885009765625,0,-0.1318683624267578,0,0,0,0,0,0,0,0,0,0,0,0,0,0,0,7
25449761426,95031128,95016,93697,3,0,0,0.894134521484375,0,0.15750885009765625,0,-0.1318683624267578,0,0,0,0,0,0,0,0,0,0,0,0,0,0,0,7
25453741413,95034124,95019,93697,3,0,0,0.894134521484375,0,0.15750885009765625,0,-0.1318683624267578,0,0,0,0,0,0,0,0,0,0,0,0,0,0,0,7
25457721400,95039125,95024,93697,3,0,0,0.894134521484375,0,0.15750885009765625,0,-0.1318683624267578,0,0,0,0,0,0,0,0,0,0,0,0,0,0,0,7
25462419475,95049121,95034,93697,3,0,0,0.894134521484375,0,0.15750885009765625,0,-0.1318683624267578,0,0,0,0,0,0,0,0,0,0,0,0,0,0,0,7
25467117550,95052126,95037,93697,3,0,0,0.894134521484375,0,0.15750885009765625,0,-0.1318683624267578,0,0,0,0,0,0,0,0,0,0,0,0,0,0,0,7
25471815625,95055133,95040,93697,3,0,0,0.894134521484375,0,0.15750885009765625,0,-0.1318683624267578,0,0,0,0,0,0,0,0,0,0,0,0,0,0,0,7
25476513700,95061120,95046,93697,3,0,0,0.894134521484375,0,0.15750885009765625,0,-0.1318683624267578,0,0,0,0,0,0,0,0,0,0,0,0,0,0,0,7
25481211775,95066120,95051,93697,3,0,0,0.894134521484375,0,0.15750885009765625,0,-0.1318683624267578,0,0,0,0,0,0,0,0,0,0,0,0,0,0,0,7
25485909850,95069121,95054,93697,3,0,0,0.894134521484375,0,0.15750885009765625,0,-0.1318683624267578,0,0,0,0,0,0,0,0,0,0,0,0,0,0,0,7
25490607925,95072136,95057,93697,3,0,0,0.894134521484375,0,0.15750885009765625,0,-0.1318683624267578,0,0,0,0,0,0,0,0,0,0,0,0,0,0,0,7
25495306000,95077121,95062,93697,3,0,0,0.894134521484375,0,0.15750885009765625,0,-0.1318683624267578,0,0,0,0,0,0,0,0,0,0,0,0,0,0,0,7
25500172658,95082120,95067,93697,3,0,0,0.894134521484375,0,0.15750885009765625,0,-0.1318683624267578,0,0,0,0,0,0,0,0,0,0,0,0,0,0,0,7
25505039315,95087125,95072,93697,3,0,0,0.894134521484375,0,0.15750885009765625,0,-0.1318683624267578,0,0,0,0,0,0,0,0,0,0,0,0,0,0,0,7
25509905972,95092124,95077,93697,3,0,0,0.894134521484375,0,0.15750885009765625,0,-0.1318683624267578,0,0,0,0,0,0,0,0,0,0,0,0,0,0,0,7
25514772629,95095129,95080,93697,3,0,0,0.894134521484375,0,0.15750885009765625,0,-0.1318683624267578,0,0,0,0,0,0,0,0,0,0,0,0,0,0,0,7
25519639286,95099142,95084,93697,3,0,0,0.894134521484375,0,0.15750885009765625,0,-0.1318683624267578,0,0,0,0,0,0,0,0,0,0,0,0,0,0,0,7
25524505943,95104120,95089,93697,3,0,0,0.894134521484375,0,0.15750885009765625,0,-0.1318683624267578,0,0,0,0,0,0,0,0,0,0,0,0,0,0,0,7
25529372600,95109123,95094,93697,3,0,0,0.894134521484375,0,0.15750885009765625,0,-0.1318683624267578,0,0,0,0,0,0,0,0,0,0,0,0,0,0,0,7
25533258700,95116120,95101,93697,3,0,0,0.894134521484375,0,0.15750885009765625,0,-0.1318683624267578,0,0,0,0,0,0,0,0,0,0,0,0,0,0,0,7
25537144800,95120120,95105,93697,3,0,0,0.894134521484375,0,0.15750885009765625,0,-0.1318683624267578,0,0,0,0,0,0,0,0,0,0,0,0,0,0,0,7
25541030900,95124120,95109,93697,3,0,0,0.894134521484375,0,0.15750885009765625,0,-0.1318683624267578,0,0,0,0,0,0,0,0,0,0,0,0,0,0,0,7
25544917000,95127141,95112,93697,3,0,0,0.894134521484375,0,0.15750885009765625,0,-0.1318683624267578,0,0,0,0,0,0,0,0,0,0,0,0,0,0,0,7
25548803100,95130122,95115,93697,3,0,0,0.894134521484375,0,0.15750885009765625,0,-0.1318683624267578,0,0,0,0,0,0,0,0,0,0,0,0,0,0,0,7
25552689200,95134124,95119,93697,3,0,0,0.894134521484375,0,0.15750885009765625,0,-0.1318683624267578,0,0,0,0,0,0,0,0,0,0,0,0,0,0,0,7
25556510341,95140138,95125,93697,3,0,0,0.894134521484375,0,0.15750885009765625,0,-0.1318683624267578,0,0,0,0,0,0,0,0,0,0,0,0,0,0,0,7
25560331478,95143126,95128,93697,3,0,0,0.894134521484375,0,0.15750885009765625,0,-0.1318683624267578,0,0,0,0,0,0,0,0,0,0,0,0,0,0,0,7
25564152615,95147125,95132,93697,3,0,0,0.894134521484375,0,0.15750885009765625,0,-0.1318683624267578,0,0,0,0,0,0,0,0,0,0,0,0,0,0,0,7
25567973752,95151123,95136,93697,3,0,0,0.894134521484375,0,0.15750885009765625,0,-0.1318683624267578,0,0,0,0,0,0,0,0,0,0,0,0,0,0,0,7
25571794889,95154140,95139,93697,3,0,0,0.894134521484375,0,0.15750885009765625,0,-0.1318683624267578,0,0,0,0,0,0,0,0,0,0,0,0,0,0,0,7
25575616026,95158121,95143,93697,3,0,0,0.894134521484375,0,0.15750885009765625,0,-0.1318683624267578,0,0,0,0,0,0,0,0,0,0,0,0,0,0,0,7
25579437163,95161121,95146,93697,3,0,0,0.894134521484375,0,0.15750885009765625,0,-0.1318683624267578,0,0,0,0,0,0,0,0,0,0,0,0,0,0,0,7
25583258300,95165129,95150,93697,3,0,0,0.894134521484375,0,0.15750885009765625,0,-0.1318683624267578,0,0,0,0,0,0,0,0,0,0,0,0,0,0,0,7
25587412191,95174120,95159,93697,3,0,0,0.894134521484375,0,0.15750885009765625,0,-0.1318683624267578,0,0,0,0,0,0,0,0,0,0,0,0,0,0,0,7
25591566078,95177121,95162,93697,3,0,0,0.894134521484375,0,0.15750885009765625,0,-0.1318683624267578,0,0,0,0,0,0,0,0,0,0,0,0,0,0,0,7
25595719965,95182138,95167,93697,3,0,0,0.894134521484375,0,0.15750885009765625,0,-0.1318683624267578,0,0,0,0,0,0,0,0,0,0,0,0,0,0,0,7
25599873852,95184139,95169,93697,3,0,0,0.894134521484375,0,0.15750885009765625,0,-0.1318683624267578,0,0,0,0,0,0,0,0,0,0,0,0,0,0,0,7
25604027739,95187121,95172,93697,3,0,0,0.894134521484375,0,0.15750885009765625,0,-0.1318683624267578,0,0,0,0,0,0,0,0,0,0,0,0,0,0,0,7
25608181626,95191121,95176,93697,3,0,0,0.894134521484375,0,0.15750885009765625,0,-0.1318683624267578,0,0,0,0,0,0,0,0,0,0,0,0,0,0,0,7
25612335513,95194120,95179,93697,3,0,0,0.894134521484375,0,0.15750885009765625,0,-0.1318683624267578,0,0,0,0,0,0,0,0,0,0,0,0,0,0,0,7
25616489400,95198135,95183,93697,3,0,0,0.894134521484375,0,0.15750885009765625,0,-0.1318683624267578,0,0,0,0,0,0,0,0,0,0,0,0,0,0,0,7
25620270850,95203121,95188,93697,3,0,0,0.894134521484375,0,0.15750885009765625,0,-0.1318683624267578,0,0,0,0,0,0,0,0,0,0,0,0,0,0,0,7
25624052300,95206120,95191,93697,3,0,0,0.894134521484375,0,0.15750885009765625,0,-0.1318683624267578,0,0,0,0,0,0,0,0,0,0,0,0,0,0,0,7
25627833750,95209123,95194,93697,3,0,0,0.894134521484375,0,0.15750885009765625,0,-0.1318683624267578,0,0,0,0,0,0,0,0,0,0,0,0,0,0,0,7
25631615200,95213128,95198,93697,3,0,0,0.894134521484375,0,0.15750885009765625,0,-0.1318683624267578,0,0,0,0,0,0,0,0,0,0,0,0,0,0,0,7
25635396650,95217123,95202,93697,3,0,0,0.894134521484375,0,0.15750885009765625,0,-0.1318683624267578,0,0,0,0,0,0,0,0,0,0,0,0,0,0,0,7
25639178100,95220120,95205,93697,3,0,0,0.894134521484375,0,0.15750885009765625,0,-0.1318683624267578,0,0,0,0,0,0,0,0,0,0,0,0,0,0,0,7
25642959550,95224137,95209,93697,3,0,0,0.894134521484375,0,0.15750885009765625,0,-0.1318683624267578,0,0,0,0,0,0,0,0,0,0,0,0,0,0,0,7
25646741000,95228120,95213,93697,3,0,0,0.894134521484375,0,0.15750885009765625,0,-0.1318683624267578,0,0,0,0,0,0,0,0,0,0,0,0,0,0,0,7
25650500341,95233122,95218,93697,3,0,0,0.894134521484375,0,0.15750885009765625,0,-0.1318683624267578,0,0,0,0,0,0,0,0,0,0,0,0,0,0,0,7
25654259678,95238140,95223,93697,3,0,0,0.894134521484375,0,0.15750885009765625,0,-0.1318683624267578,0,0,0,0,0,0,0,0,0,0,0,0,0,0,0,7
25658019015,95242124,95227,93697,3,0,0,0.894134521484375,0,0.15750885009765625,0,-0.1318683624267578,0,0,0,0,0,0,0,0,0,0,0,0,0,0,0,7
25661778352,95245129,95230,93697,3,0,0,0.894134521484375,0,0.15750885009765625,0,-0.1318683624267578,0,0,0,0,0,0,0,0,0,0,0,0,0,0,0,7
25665537689,95248121,95233,93697,3,0,0,0.894134521484375,0,0.15750885009765625,0,-0.1318683624267578,0,0,0,0,0,0,0,0,0,0,0,0,0,0,0,7
25669297026,95250132,95235,93697,3,0,0,0.894134521484375,0,0.15750885009765625,0,-0.1318683624267578,0,0,0,0,0,0,0,0,0,0,0,0,0,0,0,7
25673056363,95253141,95238,93697,3,0,0,0.894134521484375,0,0.15750885009765625,0,-0.1318683624267578,0,0,0,0,0,0,0,0,0,0,0,0,0,0,0,7
25676815700,95258124,95243,93697,3,0,0,0.894134521484375,0,0.15750885009765625,0,-0.1318683624267578,0,0,0,0,0,0,0,0,0,0,0,0,0,0,0,7
25680561141,95263125,95248,93697,3,0,0,0.894134521484375,0,0.15750885009765625,0,-0.1318683624267578,0,0,0,0,0,0,0,0,0,0,0,0,0,0,0,7
25684306578,95265129,95250,93697,3,0,0,0.894134521484375,0,0.15750885009765625,0,-0.1318683624267578,0,0,0,0,0,0,0,0,0,0,0,0,0,0,0,7
25688052015,95271124,95256,93697,3,0,0,0.894134521484375,0,0.15750885009765625,0,-0.1318683624267578,0,0,0,0,0,0,0,0,0,0,0,0,0,0,0,7
25691797452,95275131,95260,93697,3,0,0,0.894134521484375,0,0.15750885009765625,0,-0.1318683624267578,0,0,0,0,0,0,0,0,0,0,0,0,0,0,0,7
25695542889,95278120,95263,93697,3,0,0,0.894134521484375,0,0.15750885009765625,0,-0.1318683624267578,0,0,0,0,0,0,0,0,0,0,0,0,0,0,0,7
25699288326,95281140,95266,93697,3,0,0,0.894134521484375,0,0.15750885009765625,0,-0.1318683624267578,0,0,0,0,0,0,0,0,0,0,0,0,0,0,0,7
25703033763,95284124,95269,93697,3,0,0,0.894134521484375,0,0.15750885009765625,0,-0.1318683624267578,0,0,0,0,0,0,0,0,0,0,0,0,0,0,0,7
25706779200,95288122,95273,93697,3,0,0,0.894134521484375,0,0.15750885009765625,0,-0.1318683624267578,0,0,0,0,0,0,0,0,0,0,0,0,0,0,0,7
25711150725,95297125,95282,93697,3,0,0,0.894134521484375,0,0.15750885009765625,0,-0.1318683624267578,0,0,0,0,0,0,0,0,0,0,0,0,0,0,0,7
25715522250,95300134,95285,93697,3,0,0,0.894134521484375,0,0.15750885009765625,0,-0.1318683624267578,0,0,0,0,0,0,0,0,0,0,0,0,0,0,0,7
25719893775,95304122,95289,93697,3,0,0,0.894134521484375,0,0.15750885009765625,0,-0.1318683624267578,0,0,0,0,0,0,0,0,0,0,0,0,0,0,0,7
25724265300,95308141,95293,93697,3,0,0,0.894134521484375,0,0.15750885009765625,0,-0.1318683624267578,0,0,0,0,0,0,0,0,0,0,0,0,0,0,0,7
25728636825,95311125,95296,93697,3,0,0,0.894134521484375,0,0.15750885009765625,0,-0.1318683624267578,0,0,0,0,0,0,0,0,0,0,0,0,0,0,0,7
25733008350,95315129,95300,93697,3,0,0,0.894134521484375,0,0.15750885009765625,0,-0.1318683624267578,0,0,0,0,0,0,0,0,0,0,0,0,0,0,0,7
25737379875,95318120,95304,93697,3,0,0,0.894134521484375,0,0.15750885009765625,0,-0.1318683624267578,0,0,0,0,0,0,0,0,0,0,0,0,0,0,0,7
25741751400,95322137,95307,93697,3,0,0,0.894134521484375,0,0.15750885009765625,0,-0.1318683624267578,0,0,0,0,0,0,0,0,0,0,0,0,0,0,0,7
25745619141,95329124,95314,93697,3,0,0,0.894134521484375,0,0.15750885009765625,0,-0.1318683624267578,0,0,0,0,0,0,0,0,0,0,0,0,0,0,0,7
25749486878,95332122,95317,93697,3,0,0,0.894134521484375,0,0.15750885009765625,0,-0.1318683624267578,0,0,0,0,0,0,0,0,0,0,0,0,0,0,0,7
25753354615,95335129,95320,93697,3,0,0,0.894134521484375,0,0.15750885009765625,0,-0.1318683624267578,0,0,0,0,0,0,0,0,0,0,0,0,0,0,0,7
25757222352,95339125,95324,93697,3,0,0,0.894134521484375,0,0.15750885009765625,0,-0.1318683624267578,0,0,0,0,0,0,0,0,0,0,0,0,0,0,0,7
25761090089,95343121,95328,93697,3,0,0,0.894134521484375,0,0.15750885009765625,0,-0.1318683624267578,0,0,0,0,0,0,0,0,0,0,0,0,0,0,0,7
25764957826,95346122,95331,93697,3,0,0,0.894134521484375,0,0.15750885009765625,0,-0.1318683624267578,0,0,0,0,0,0,0,0,0,0,0,0,0,0,0,7
25768825563,95349122,95334,93697,3,0,0,0.894134521484375,0,0.15750885009765625,0,-0.1318683624267578,0,0,0,0,0,0,0,0,0,0,0,0,0,0,0,7
25772693300,95353129,95338,93697,3,0,0,0.894134521484375,0,0.15750885009765625,0,-0.1318683624267578,0,0,0,0,0,0,0,0,0,0,0,0,0,0,0,7
25776010900,95359121,95344,93697,3,0,0,0.894134521484375,0,0.15750885009765625,0,-0.1318683624267578,0,0,0,0,0,0,0,0,0,0,0,0,0,0,0,7
25779328500,95362122,95347,93697,3,0,0,0.894134521484375,0,0.15750885009765625,0,-0.1318683624267578,0,0,0,0,0,0,0,0,0,0,0,0,0,0,0,7
25782646100,95365148,95350,93697,3,0,0,0.894134521484375,0,0.15750885009765625,0,-0.1318683624267578,0,0,0,0,0,0,0,0,0,0,0,0,0,0,0,7
25785963700,95367125,95352,93697,3,0,0,0.894134521484375,0,0.15750885009765625,0,-0.1318683624267578,0,0,0,0,0,0,0,0,0,0,0,0,0,0,0,7
25789281300,95370122,95355,93697,3,0,0,0.894134521484375,0,0.15750885009765625,0,-0.1318683624267578,0,0,0,0,0,0,0,0,0,0,0,0,0,0,0,7
25792598900,95373120,95358,93697,3,0,0,0.894134521484375,0,0.15750885009765625,0,-0.1318683624267578,0,0,0,0,0,0,0,0,0,0,0,0,0,0,0,7
25795916500,95376120,95361,93697,3,0,0,0.894134521484375,0,0.15750885009765625,0,-0.1318683624267578,0,0,0,0,0,0,0,0,0,0,0,0,0,0,0,7
25799234100,95380135,95366,93697,3,0,0,0.894134521484375,0,0.15750885009765625,0,-0.1318683624267578,0,0,0,0,0,0,0,0,0,0,0,0,0,0,0,7
25804965866,95386122,95371,93697,3,0,0,0.894134521484375,0,0.15750885009765625,0,-0.1318683624267578,0,0,0,0,0,0,0,0,0,0,0,0,0,0,0,7
25810697628,95390120,95375,93697,3,0,0,0.894134521484375,0,0.15750885009765625,0,-0.1318683624267578,0,0,0,0,0,0,0,0,0,0,0,0,0,0,0,7
25816429390,95393141,95378,93697,3,0,0,0.894134521484375,0,0.15750885009765625,0,-0.1318683624267578,0,0,0,0,0,0,0,0,0,0,0,0,0,0,0,7
25822161152,95398120,95383,93697,3,0,0,0.894134521484375,0,0.15750885009765625,0,-0.1318683624267578,0,0,0,0,0,0,0,0,0,0,0,0,0,0,0,7
25827892914,95401124,95386,93697,3,0,0,0.894134521484375,0,0.15750885009765625,0,-0.1318683624267578,0,0,0,0,0,0,0,0,0,0,0,0,0,0,0,7
25833624676,95404122,95389,93697,3,0,0,0.894134521484375,0,0.15750885009765625,0,-0.1318683624267578,0,0,0,0,0,0,0,0,0,0,0,0,0,0,0,7
25839356438,95409125,95394,93697,3,0,0,0.894134521484375,0,0.15750885009765625,0,-0.1318683624267578,0,0,0,0,0,0,0,0,0,0,0,0,0,0,0,7
25845088200,95416123,95401,93697,3,0,0,0.894134521484375,0,0.15750885009765625,0,-0.1318683624267578,0,0,0,0,0,0,0,0,0,0,0,0,0,0,0,7
25853190300,95452122,95437,93697,3,0,0,0.894134521484375,0,0.15750885009765625,0,-0.1318683624267578,0,0,0,0,0,0,0,0,0,0,0,0,0,0,0,7
25861292400,95459121,95444,93697,3,0,0,0.894134521484375,0,0.15750885009765625,0,-0.1318683624267578,0,0,0,0,0,0,0,0,0,0,0,0,0,0,0,7
25869394500,95461125,95446,93697,3,0,0,0.894134521484375,0,0.15750885009765625,0,-0.1318683624267578,0,0,0,0,0,0,0,0,0,0,0,0,0,0,0,7
25877496600,95464136,95449,93697,3,0,0,0.894134521484375,0,0.15750885009765625,0,-0.1318683624267578,0,0,0,0,0,0,0,0,0,0,0,0,0,0,0,7
25885598700,95467121,95452,93697,3,0,0,0.894134521484375,0,0.15750885009765625,0,-0.1318683624267578,0,0,0,0,0,0,0,0,0,0,0,0,0,0,0,7
25888981690,95475129,95460,93697,3,0,0,0.894134521484375,0,0.15750885009765625,0,-0.1318683624267578,0,0,0,0,0,0,0,0,0,0,0,0,0,0,0,7
25892364675,95478137,95463,93697,3,0,0,0.894134521484375,0,0.15750885009765625,0,-0.1318683624267578,0,0,0,0,0,0,0,0,0,0,0,0,0,0,0,7
25895747660,95480120,95465,93697,3,0,0,0.894134521484375,0,0.15750885009765625,0,-0.1318683624267578,0,0,0,0,0,0,0,0,0,0,0,0,0,0,0,7
25899130645,95483121,95468,93697,3,0,0,0.894134521484375,0,0.15750885009765625,0,-0.1318683624267578,0,0,0,0,0,0,0,0,0,0,0,0,0,0,0,7
25902513630,95485129,95470,93697,3,0,0,0.894134521484375,0,0.15750885009765625,0,-0.1318683624267578,0,0,0,0,0,0,0,0,0,0,0,0,0,0,0,7
25905896615,95488121,95473,93697,3,0,0,0.894134521484375,0,0.15750885009765625,0,-0.1318683624267578,0,0,0,0,0,0,0,0,0,0,0,0,0,0,0,7
25909279600,95491142,95476,93697,3,0,0,0.894134521484375,0,0.15750885009765625,0,-0.1318683624267578,0,0,0,0,0,0,0,0,0,0,0,0,0,0,0,7
25912794991,95496121,95481,93697,3,0,0,0.894134521484375,0,0.15750885009765625,0,-0.1318683624267578,0,0,0,0,0,0,0,0,0,0,0,0,0,0,0,7
25916310378,95498124,95483,93697,3,0,0,0.894134521484375,0,0.15750885009765625,0,-0.1318683624267578,0,0,0,0,0,0,0,0,0,0,0,0,0,0,0,7
25919825765,95501123,95486,93697,3,0,0,0.894134521484375,0,0.15750885009765625,0,-0.1318683624267578,0,0,0,0,0,0,0,0,0,0,0,0,0,0,0,7
25923341152,95504127,95489,93697,3,0,0,0.894134521484375,0,0.15750885009765625,0,-0.1318683624267578,0,0,0,0,0,0,0,0,0,0,0,0,0,0,0,7
25926856539,95509121,95494,93697,3,0,0,0.894134521484375,0,0.15750885009765625,0,-0.1318683624267578,0,0,0,0,0,0,0,0,0,0,0,0,0,0,0,7
25930371926,95512121,95497,93697,3,0,0,0.894134521484375,0,0.15750885009765625,0,-0.1318683624267578,0,0,0,0,0,0,0,0,0,0,0,0,0,0,0,7
25933887313,95516124,95501,93697,3,0,0,0.894134521484375,0,0.15750885009765625,0,-0.1318683624267578,0,0,0,0,0,0,0,0,0,0,0,0,0,0,0,7
25937402700,95518124,95503,93697,3,0,0,0.894134521484375,0,0.15750885009765625,0,-0.1318683624267578,0,0,0,0,0,0,0,0,0,0,0,0,0,0,0,7
25940431425,95524124,95509,93697,3,0,0,0.894134521484375,0,0.15750885009765625,0,-0.1318683624267578,0,0,0,0,0,0,0,0,0,0,0,0,0,0,0,7
25943460150,95526120,95511,93697,3,0,0,0.894134521484375,0,0.15750885009765625,0,-0.1318683624267578,0,0,0,0,0,0,0,0,0,0,0,0,0,0,0,7
25946488875,95529121,95514,93697,3,0,0,0.894134521484375,0,0.15750885009765625,0,-0.1318683624267578,0,0,0,0,0,0,0,0,0,0,0,0,0,0,0,7
25949517600,95532137,95517,93697,3,0,0,0.894134521484375,0,0.15750885009765625,0,-0.1318683624267578,0,0,0,0,0,0,0,0,0,0,0,0,0,0,0,7
25952546325,95535133,95520,93697,3,0,0,0.894134521484375,0,0.15750885009765625,0,-0.1318683624267578,0,0,0,0,0,0,0,0,0,0,0,0,0,0,0,7
25955575050,95538120,95523,93697,3,0,0,0.894134521484375,0,0.15750885009765625,0,-0.1318683624267578,0,0,0,0,0,0,0,0,0,0,0,0,0,0,0,7
25958603775,95540124,95525,93697,3,0,0,0.894134521484375,0,0.15750885009765625,0,-0.1318683624267578,0,0,0,0,0,0,0,0,0,0,0,0,0,0,0,7
25961632500,95543121,95528,93697,3,0,0,0.894134521484375,0,0.15750885009765625,0,-0.1318683624267578,0,0,0,0,0,0,0,0,0,0,0,0,0,0,0,7
25965024716,95548139,95534,93697,3,0,0,0.894134521484375,0,0.15750885009765625,0,-0.1318683624267578,0,0,0,0,0,0,0,0,0,0,0,0,0,0,0,7
25968416928,95551121,95536,93697,3,0,0,0.894134521484375,0,0.15750885009765625,0,-0.1318683624267578,0,0,0,0,0,0,0,0,0,0,0,0,0,0,0,7
25971809140,95554120,95539,93697,3,0,0,0.894134521484375,0,0.15750885009765625,0,-0.1318683624267578,0,0,0,0,0,0,0,0,0,0,0,0,0,0,0,7
25975201352,95558120,95543,93697,3,0,0,0.894134521484375,0,0.15750885009765625,0,-0.1318683624267578,0,0,0,0,0,0,0,0,0,0,0,0,0,0,0,7
25978593564,95561145,95546,93697,3,0,0,0.894134521484375,0,0.15750885009765625,0,-0.1318683624267578,0,0,0,0,0,0,0,0,0,0,0,0,0,0,0,7
25981985776,95564121,95549,93697,3,0,0,0.894134521484375,0,0.15750885009765625,0,-0.1318683624267578,0,0,0,0,0,0,0,0,0,0,0,0,0,0,0,7
25985377988,95567121,95552,93697,3,0,0,0.894134521484375,0,0.15750885009765625,0,-0.1318683624267578,0,0,0,0,0,0,0,0,0,0,0,0,0,0,0,7
25988770200,95569124,95554,93697,3,0,0,0.894134521484375,0,0.15750885009765625,0,-0.1318683624267578,0,0,0,0,0,0,0,0,0,0,0,0,0,0,0,7
25992382475,95578122,95563,93697,3,0,0,0.894134521484375,0,0.15750885009765625,0,-0.1318683624267578,0,0,0,0,0,0,0,0,0,0,0,0,0,0,0,7
25995994750,95580121,95565,93697,3,0,0,0.894134521484375,0,0.15750885009765625,0,-0.1318683624267578,0,0,0,0,0,0,0,0,0,0,0,0,0,0,0,7
25999607025,95583121,95568,93697,3,0,0,0.894134521484375,0,0.15750885009765625,0,-0.1318683624267578,0,0,0,0,0,0,0,0,0,0,0,0,0,0,0,7
26003219300,95586122,95571,93697,3,0,0,0.894134521484375,0,0.15750885009765625,0,-0.1318683624267578,0,0,0,0,0,0,0,0,0,0,0,0,0,0,0,7
26006831575,95589142,95574,93697,3,0,0,0.894134521484375,0,0.15750885009765625,0,-0.1318683624267578,0,0,0,0,0,0,0,0,0,0,0,0,0,0,0,7
26010443850,95592120,95577,93697,3,0,0,0.894134521484375,0,0.15750885009765625,0,-0.1318683624267578,0,0,0,0,0,0,0,0,0,0,0,0,0,0,0,7
26014056125,95596121,95581,93697,3,0,0,0.894134521484375,0,0.15750885009765625,0,-0.1318683624267578,0,0,0,0,0,0,0,0,0,0,0,0,0,0,0,7
26017668400,95599121,95584,93697,3,0,0,0.894134521484375,0,0.15750885009765625,0,-0.1318683624267578,0,0,0,0,0,0,0,0,0,0,0,0,0,0,0,7
26020999366,95604135,95589,93697,3,0,0,0.894134521484375,0,0.15750885009765625,0,-0.1318683624267578,0,0,0,0,0,0,0,0,0,0,0,0,0,0,0,7
26024330328,95608121,95593,93697,3,0,0,0.894134521484375,0,0.15750885009765625,0,-0.1318683624267578,0,0,0,0,0,0,0,0,0,0,0,0,0,0,0,7
26027661290,95611124,95596,93697,3,0,0,0.894134521484375,0,0.15750885009765625,0,-0.1318683624267578,0,0,0,0,0,0,0,0,0,0,0,0,0,0,0,7
26030992252,95613120,95598,93697,3,0,0,0.894134521484375,0,0.15750885009765625,0,-0.1318683624267578,0,0,0,0,0,0,0,0,0,0,0,0,0,0,0,7
26034323214,95616123,95601,93697,3,0,0,0.894134521484375,0,0.15750885009765625,0,-0.1318683624267578,0,0,0,0,0,0,0,0,0,0,0,0,0,0,0,7
26037654176,95619128,95604,93697,3,0,0,0.894134521484375,0,0.15750885009765625,0,-0.1318683624267578,0,0,0,0,0,0,0,0,0,0,0,0,0,0,0,7
26040985138,95623122,95608,93697,3,0,0,0.894134521484375,0,0.15750885009765625,0,-0.1318683624267578,0,0,0,0,0,0,0,0,0,0,0,0,0,0,0,7
26044316100,95626120,95611,93697,3,0,0,0.894134521484375,0,0.15750885009765625,0,-0.1318683624267578,0,0,0,0,0,0,0,0,0,0,0,0,0,0,0,7
26047405816,95631139,95616,93697,3,0,0,0.894134521484375,0,0.15750885009765625,0,-0.1318683624267578,0,0,0,0,0,0,0,0,0,0,0,0,0,0,0,7
26050495528,95635133,95620,93697,3,0,0,0.894134521484375,0,0.15750885009765625,0,-0.1318683624267578,0,0,0,0,0,0,0,0,0,0,0,0,0,0,0,7
26053585240,95639123,95624,93697,3,0,0,0.894134521484375,0,0.15750885009765625,0,-0.1318683624267578,0,0,0,0,0,0,0,0,0,0,0,0,0,0,0,7
26056674952,95642120,95627,93697,3,0,0,0.894134521484375,0,0.15750885009765625,0,-0.1318683624267578,0,0,0,0,0,0,0,0,0,0,0,0,0,0,0,7
26059764664,95644128,95629,93697,3,0,0,0.894134521484375,0,0.15750885009765625,0,-0.1318683624267578,0,0,0,0,0,0,0,0,0,0,0,0,0,0,0,7
26062854376,95646135,95631,93697,3,0,0,0.894134521484375,0,0.15750885009765625,0,-0.1318683624267578,0,0,0,0,0,0,0,0,0,0,0,0,0,0,0,7
26065944088,95648124,95633,93697,3,0,0,0.894134521484375,0,0.15750885009765625,0,-0.1318683624267578,0,0,0,0,0,0,0,0,0,0,0,0,0,0,0,7
26069033800,95651121,95636,93697,3,0,0,0.894134521484375,0,0.15750885009765625,0,-0.1318683624267578,0,0,0,0,0,0,0,0,0,0,0,0,0,0,0,7
26072350466,95656124,95641,93697,3,0,0,0.894134521484375,0,0.15750885009765625,0,-0.1318683624267578,0,0,0,0,0,0,0,0,0,0,0,0,0,0,0,7
26075667128,95658125,95643,93697,3,0,0,0.894134521484375,0,0.15750885009765625,0,-0.1318683624267578,0,0,0,0,0,0,0,0,0,0,0,0,0,0,0,7
26078983790,95661128,95646,93697,3,0,0,0.894134521484375,0,0.15750885009765625,0,-0.1318683624267578,0,0,0,0,0,0,0,0,0,0,0,0,0,0,0,7
26082300452,95665131,95650,93697,3,0,0,0.894134521484375,0,0.15750885009765625,0,-0.1318683624267578,0,0,0,0,0,0,0,0,0,0,0,0,0,0,0,7
26085617114,95668122,95653,93697,3,0,0,0.894134521484375,0,0.15750885009765625,0,-0.1318683624267578,0,0,0,0,0,0,0,0,0,0,0,0,0,0,0,7
26088933776,95671121,95656,93697,3,0,0,0.894134521484375,0,0.15750885009765625,0,-0.1318683624267578,0,0,0,0,0,0,0,0,0,0,0,0,0,0,0,7
26092250438,95674134,95659,93697,3,0,0,0.894134521484375,0,0.15750885009765625,0,-0.1318683624267578,0,0,0,0,0,0,0,0,0,0,0,0,0,0,0,7
26095567100,95677125,95662,93697,3,0,0,0.894134521484375,0,0.15750885009765625,0,-0.1318683624267578,0,0,0,0,0,0,0,0,0,0,0,0,0,0,0,7
26099746250,95685133,95670,93697,3,0,0,0.894134521484375,0,0.15750885009765625,0,-0.1318683624267578,0,0,0,0,0,0,0,0,0,0,0,0,0,0,0,7
26103925400,95689127,95674,93697,3,0,0,0.894134521484375,0,0.15750885009765625,0,-0.1318683624267578,0,0,0,0,0,0,0,0,0,0,0,0,0,0,0,7
26108104550,95692120,95677,93697,3,0,0,0.894134521484375,0,0.15750885009765625,0,-0.1318683624267578,0,0,0,0,0,0,0,0,0,0,0,0,0,0,0,7
26112283700,95695129,95680,93697,3,0,0,0.894134521484375,0,0.15750885009765625,0,-0.1318683624267578,0,0,0,0,0,0,0,0,0,0,0,0,0,0,0,7
26116462850,95699121,95684,93697,3,0,0,0.894134521484375,0,0.15750885009765625,0,-0.1318683624267578,0,0,0,0,0,0,0,0,0,0,0,0,0,0,0,7
26120642000,95702137,95687,93697,3,0,0,0.894134521484375,0,0.15750885009765625,0,-0.1318683624267578,0,0,0,0,0,0,0,0,0,0,0,0,0,0,0,7
26124821150,95706124,95691,93697,3,0,0,0.894134521484375,0,0.15750885009765625,0,-0.1318683624267578,0,0,0,0,0,0,0,0,0,0,0,0,0,0,0,7
26129000300,95709121,95694,93697,3,0,0,0.894134521484375,0,0.15750885009765625,0,-0.1318683624267578,0,0,0,0,0,0,0,0,0,0,0,0,0,0,0,7
26133094300,95716135,95701,93697,3,0,0,0.894134521484375,0,0.15750885009765625,0,-0.1318683624267578,0,0,0,0,0,0,0,0,0,0,0,0,0,0,0,7
26137188300,95720120,95705,93697,3,0,0,0.894134521484375,0,0.15750885009765625,0,-0.1318683624267578,0,0,0,0,0,0,0,0,0,0,0,0,0,0,0,7
26141282300,95724120,95709,93697,3,0,0,0.894134521484375,0,0.15750885009765625,0,-0.1318683624267578,0,0,0,0,0,0,0,0,0,0,0,0,0,0,0,7
26145376300,95727124,95712,93697,3,0,0,0.894134521484375,0,0.15750885009765625,0,-0.1318683624267578,0,0,0,0,0,0,0,0,0,0,0,0,0,0,0,7
26149470300,95731127,95716,93697,3,0,0,0.894134521484375,0,0.15750885009765625,0,-0.1318683624267578,0,0,0,0,0,0,0,0,0,0,0,0,0,0,0,7
26153564300,95734121,95719,93697,3,0,0,0.894134521484375,0,0.15750885009765625,0,-0.1318683624267578,0,0,0,0,0,0,0,0,0,0,0,0,0,0,0,7
26157658300,95739122,95724,93697,3,0,0,0.894134521484375,0,0.15750885009765625,0,-0.1318683624267578,0,0,0,0,0,0,0,0,0,0,0,0,0,0,0,7
26161752300,95743140,95728,93697,3,0,0,0.894134521484375,0,0.15750885009765625,0,-0.1318683624267578,0,0,0,0,0,0,0,0,0,0,0,0,0,0,0,7
26165607300,95748124,95733,93697,3,0,0,0.894134521484375,0,0.15750885009765625,0,-0.1318683624267578,0,0,0,0,0,0,0,0,0,0,0,0,0,0,0,7
26169462300,95752124,95737,93697,3,0,0,0.894134521484375,0,0.15750885009765625,0,-0.1318683624267578,0,0,0,0,0,0,0,0,0,0,0,0,0,0,0,7
26173317300,95756129,95741,93697,3,0,0,0.894134521484375,0,0.15750885009765625,0,-0.1318683624267578,0,0,0,0,0,0,0,0,0,0,0,0,0,0,0,7
26177172300,95760122,95745,93697,3,0,0,0.894134521484375,0,0.15750885009765625,0,-0.1318683624267578,0,0,0,0,0,0,0,0,0,0,0,0,0,0,0,7
26181027300,95763121,95748,93697,3,0,0,0.894134521484375,0,0.15750885009765625,0,-0.1318683624267578,0,0,0,0,0,0,0,0,0,0,0,0,0,0,0,7
26184882300,95766120,95751,93697,3,0,0,0.894134521484375,0,0.15750885009765625,0,-0.1318683624267578,0,0,0,0,0,0,0,0,0,0,0,0,0,0,0,7
26188737300,95770127,95755,93697,3,0,0,0.894134521484375,0,0.15750885009765625,0,-0.1318683624267578,0,0,0,0,0,0,0,0,0,0,0,0,0,0,0,7
26192313050,95775129,95760,93697,3,0,0,0.894134521484375,0,0.15750885009765625,0,-0.1318683624267578,0,0,0,0,0,0,0,0,0,0,0,0,0,0,0,7
26195888800,95782120,95767,93697,3,0,0,0.894134521484375,0,0.15750885009765625,0,-0.1318683624267578,0,0,0,0,0,0,0,0,0,0,0,0,0,0,0,7
26199464550,95784128,95769,93697,3,0,0,0.894134521484375,0,0.15750885009765625,0,-0.1318683624267578,0,0,0,0,0,0,0,0,0,0,0,0,0,0,0,7
26203040300,95788121,95773,93697,3,0,0,0.894134521484375,0,0.15750885009765625,0,-0.1318683624267578,0,0,0,0,0,0,0,0,0,0,0,0,0,0,0,7
26206616050,95791121,95776,93697,3,0,0,0.894134521484375,0,0.15750885009765625,0,-0.1318683624267578,0,0,0,0,0,0,0,0,0,0,0,0,0,0,0,7
26210191800,95793124,95778,93697,3,0,0,0.894134521484375,0,0.15750885009765625,0,-0.1318683624267578,0,0,0,0,0,0,0,0,0,0,0,0,0,0,0,7
26213767550,95796121,95781,93697,3,0,0,0.894134521484375,0,0.15750885009765625,0,-0.1318683624267578,0,0,0,0,0,0,0,0,0,0,0,0,0,0,0,7
26217343300,95799137,95784,93697,3,0,0,0.894134521484375,0,0.15750885009765625,0,-0.1318683624267578,0,0,0,0,0,0,0,0,0,0,0,0,0,0,0,7
26221694666,95809122,95794,93697,3,0,0,0.894134521484375,0,0.15750885009765625,0,-0.1318683624267578,0,0,0,0,0,0,0,0,0,0,0,0,0,0,0,7
26226046028,95812126,95797,93697,3,0,0,0.894134521484375,0,0.15750885009765625,0,-0.1318683624267578,0,0,0,0,0,0,0,0,0,0,0,0,0,0,0,7
26230397390,95815133,95800,93697,3,0,0,0.894134521484375,0,0.15750885009765625,0,-0.1318683624267578,0,0,0,0,0,0,0,0,0,0,0,0,0,0,0,7
26234748752,95820120,95805,93697,3,0,0,0.894134521484375,0,0.15750885009765625,0,-0.1318683624267578,0,0,0,0,0,0,0,0,0,0,0,0,0,0,0,7
26239100114,95823121,95808,93697,3,0,0,0.894134521484375,0,0.15750885009765625,0,-0.1318683624267578,0,0,0,0,0,0,0,0,0,0,0,0,0,0,0,7
26243451476,95826128,95811,93697,3,0,0,0.894134521484375,0,0.15750885009765625,0,-0.1318683624267578,0,0,0,0,0,0,0,0,0,0,0,0,0,0,0,7
26247802838,95829125,95814,93697,3,0,0,0.894134521484375,0,0.15750885009765625,0,-0.1318683624267578,0,0,0,0,0,0,0,0,0,0,0,0,0,0,0,7
26252154200,95833121,95818,93697,3,0,0,0.894134521484375,0,0.15750885009765625,0,-0.1318683624267578,0,0,0,0,0,0,0,0,0,0,0,0,0,0,0,7
26255741791,95839123,95824,93697,3,0,0,0.894134521484375,0,0.15750885009765625,0,-0.1318683624267578,0,0,0,0,0,0,0,0,0,0,0,0,0,0,0,7
26259329378,95842136,95827,93697,3,0,0,0.894134521484375,0,0.15750885009765625,0,-0.1318683624267578,0,0,0,0,0,0,0,0,0,0,0,0,0,0,0,7
26262916965,95845129,95830,93697,3,0,0,0.894134521484375,0,0.15750885009765625,0,-0.1318683624267578,0,0,0,0,0,0,0,0,0,0,0,0,0,0,0,7
26266504552,95850128,95835,93697,3,0,0,0.894134521484375,0,0.15750885009765625,0,-0.1318683624267578,0,0,0,0,0,0,0,0,0,0,0,0,0,0,0,7
26270092139,95854126,95839,93697,3,0,0,0.894134521484375,0,0.15750885009765625,0,-0.1318683624267578,0,0,0,0,0,0,0,0,0,0,0,0,0,0,0,7
26273679726,95856135,95841,93697,3,0,0,0.894134521484375,0,0.15750885009765625,0,-0.1318683624267578,0,0,0,0,0,0,0,0,0,0,0,0,0,0,0,7
26277267313,95859124,95844,93697,3,0,0,0.894134521484375,0,0.15750885009765625,0,-0.1318683624267578,0,0,0,0,0,0,0,0,0,0,0,0,0,0,0,7
26280854900,95862120,95847,93697,3,0,0,0.894134521484375,0,0.15750885009765625,0,-0.1318683624267578,0,0,0,0,0,0,0,0,0,0,0,0,0,0,0,7
26284680375,95867121,95852,93697,3,0,0,0.894134521484375,0,0.15750885009765625,0,-0.1318683624267578,0,0,0,0,0,0,0,0,0,0,0,0,0,0,0,7
26288505850,95872124,95857,93697,3,0,0,0.894134521484375,0,0.15750885009765625,0,-0.1318683624267578,0,0,0,0,0,0,0,0,0,0,0,0,0,0,0,7
26292331325,95875129,95860,93697,3,0,0,0.894134521484375,0,0.15750885009765625,0,-0.1318683624267578,0,0,0,0,0,0,0,0,0,0,0,0,0,0,0,7
26296156800,95879121,95864,93697,3,0,0,0.894134521484375,0,0.15750885009765625,0,-0.1318683624267578,0,0,0,0,0,0,0,0,0,0,0,0,0,0,0,7
26299982275,95882126,95867,93697,3,0,0,0.894134521484375,0,0.15750885009765625,0,-0.1318683624267578,0,0,0,0,0,0,0,0,0,0,0,0,0,0,0,7
26303807750,95885133,95870,93697,3,0,0,0.894134521484375,0,0.15750885009765625,0,-0.1318683624267578,0,0,0,0,0,0,0,0,0,0,0,0,0,0,0,7
26307633225,95889121,95874,93697,3,0,0,0.894134521484375,0,0.15750885009765625,0,-0.1318683624267578,0,0,0,0,0,0,0,0,0,0,0,0,0,0,0,7
26311458700,95892122,95877,93697,3,0,0,0.894134521484375,0,0.15750885009765625,0,-0.1318683624267578,0,0,0,0,0,0,0,0,0,0,0,0,0,0,0,7
26314764400,95898135,95883,93697,3,0,0,0.894134521484375,0,0.15750885009765625,0,-0.1318683624267578,0,0,0,0,0,0,0,0,0,0,0,0,0,0,0,7
26318070100,95901127,95886,93697,3,0,0,0.894134521484375,0,0.15750885009765625,0,-0.1318683624267578,0,0,0,0,0,0,0,0,0,0,0,0,0,0,0,7
26321375800,95904120,95889,93697,3,0,0,0.894134521484375,0,0.15750885009765625,0,-0.1318683624267578,0,0,0,0,0,0,0,0,0,0,0,0,0,0,0,7
26324681500,95907121,95892,93697,3,0,0,0.894134521484375,0,0.15750885009765625,0,-0.1318683624267578,0,0,0,0,0,0,0,0,0,0,0,0,0,0,0,7
26327987200,95911137,95896,93697,3,0,0,0.894134521484375,0,0.15750885009765625,0,-0.1318683624267578,0,0,0,0,0,0,0,0,0,0,0,0,0,0,0,7
26331292900,95913126,95898,93697,3,0,0,0.894134521484375,0,0.15750885009765625,0,-0.1318683624267578,0,0,0,0,0,0,0,0,0,0,0,0,0,0,0,7
26334598600,95916120,95901,93697,3,0,0,0.894134521484375,0,0.15750885009765625,0,-0.1318683624267578,0,0,0,0,0,0,0,0,0,0,0,0,0,0,0,7
26337904300,95919121,95904,93697,3,0,0,0.894134521484375,0,0.15750885009765625,0,-0.1318683624267578,0,0,0,0,0,0,0,0,0,0,0,0,0,0,0,7
26341846450,95928121,95913,93697,3,0,0,0.894134521484375,0,0.15750885009765625,0,-0.1318683624267578,0,0,0,0,0,0,0,0,0,0,0,0,0,0,0,7
26345788600,95931121,95916,93697,3,0,0,0.894134521484375,0,0.15750885009765625,0,-0.1318683624267578,0,0,0,0,0,0,0,0,0,0,0,0,0,0,0,7
26349730750,95934122,95919,93697,3,0,0,0.894134521484375,0,0.15750885009765625,0,-0.1318683624267578,0,0,0,0,0,0,0,0,0,0,0,0,0,0,0,7
26353672900,95937121,95922,93697,3,0,0,0.894134521484375,0,0.15750885009765625,0,-0.1318683624267578,0,0,0,0,0,0,0,0,0,0,0,0,0,0,0,7
26357615050,95942122,95928,93697,3,0,0,0.894134521484375,0,0.15750885009765625,0,-0.1318683624267578,0,0,0,0,0,0,0,0,0,0,0,0,0,0,0,7
26361557200,95946124,95931,93697,3,0,0,0.894134521484375,0,0.15750885009765625,0,-0.1318683624267578,0,0,0,0,0,0,0,0,0,0,0,0,0,0,0,7
26365499350,95948120,95933,93697,3,0,0,0.894134521484375,0,0.15750885009765625,0,-0.1318683624267578,0,0,0,0,0,0,0,0,0,0,0,0,0,0,0,7
26369441500,95951124,95936,93697,3,0,0,0.894134521484375,0,0.15750885009765625,0,-0.1318683624267578,0,0,0,0,0,0,0,0,0,0,0,0,0,0,0,7
26372855741,95958120,95943,93697,3,0,0,0.894134521484375,0,0.15750885009765625,0,-0.1318683624267578,0,0,0,0,0,0,0,0,0,0,0,0,0,0,0,7
26376269978,95961121,95946,93697,3,0,0,0.894134521484375,0,0.15750885009765625,0,-0.1318683624267578,0,0,0,0,0,0,0,0,0,0,0,0,0,0,0,7
26379684215,95964121,95949,93697,3,0,0,0.894134521484375,0,0.15750885009765625,0,-0.1318683624267578,0,0,0,0,0,0,0,0,0,0,0,0,0,0,0,7
26383098452,95966126,95951,93697,3,0,0,0.894134521484375,0,0.15750885009765625,0,-0.1318683624267578,0,0,0,0,0,0,0,0,0,0,0,0,0,0,0,7
26386512689,95969125,95954,93697,3,0,0,0.894134521484375,0,0.15750885009765625,0,-0.1318683624267578,0,0,0,0,0,0,0,0,0,0,0,0,0,0,0,7
26389926926,95973121,95958,93697,3,0,0,0.894134521484375,0,0.15750885009765625,0,-0.1318683624267578,0,0,0,0,0,0,0,0,0,0,0,0,0,0,0,7
26393341163,95976120,95961,93697,3,0,0,0.894134521484375,0,0.15750885009765625,0,-0.1318683624267578,0,0,0,0,0,0,0,0,0,0,0,0,0,0,0,7
26396755400,95978120,95963,93697,3,0,0,0.894134521484375,0,0.15750885009765625,0,-0.1318683624267578,0,0,0,0,0,0,0,0,0,0,0,0,0,0,0,7
26400358500,95983125,95968,93697,3,0,0,0.894134521484375,0,0.15750885009765625,0,-0.1318683624267578,0,0,0,0,0,0,0,0,0,0,0,0,0,0,0,7
26403961600,95989121,95974,93697,3,0,0,0.894134521484375,0,0.15750885009765625,0,-0.1318683624267578,0,0,0,0,0,0,0,0,0,0,0,0,0,0,0,7
26407564700,95992123,95977,93697,3,0,0,0.894134521484375,0,0.15750885009765625,0,-0.1318683624267578,0,0,0,0,0,0,0,0,0,0,0,0,0,0,0,7
26411167800,95995145,95980,93697,3,0,0,0.894134521484375,0,0.15750885009765625,0,-0.1318683624267578,0,0,0,0,0,0,0,0,0,0,0,0,0,0,0,7
26414770900,95998120,95983,93697,3,0,0,0.894134521484375,0,0.15750885009765625,0,-0.1318683624267578,0,0,0,0,0,0,0,0,0,0,0,0,0,0,0,7
26418374000,96001123,95986,93697,3,0,0,0.894134521484375,0,0.15750885009765625,0,-0.1318683624267578,0,0,0,0,0,0,0,0,0,0,0,0,0,0,0,7
26421977100,96005129,95990,93697,3,0,0,0.894134521484375,0,0.15750885009765625,0,-0.1318683624267578,0,0,0,0,0,0,0,0,0,0,0,0,0,0,0,7
26425580200,96007121,95992,93697,3,0,0,0.894134521484375,0,0.15750885009765625,0,-0.1318683624267578,0,0,0,0,0,0,0,0,0,0,0,0,0,0,0,7
26428944125,96012122,95997,93697,3,0,0,0.894134521484375,0,0.15750885009765625,0,-0.1318683624267578,0,0,0,0,0,0,0,0,0,0,0,0,0,0,0,7
26432308050,96015129,96000,93697,3,0,0,0.894134521484375,0,0.15750885009765625,0,-0.1318683624267578,0,0,0,0,0,0,0,0,0,0,0,0,0,0,0,7
26435671975,96019121,96004,93697,3,0,0,0.894134521484375,0,0.15750885009765625,0,-0.1318683624267578,0,0,0,0,0,0,0,0,0,0,0,0,0,0,0,7
26439035900,96022126,96007,93697,3,0,0,0.894134521484375,0,0.15750885009765625,0,-0.1318683624267578,0,0,0,0,0,0,0,0,0,0,0,0,0,0,0,7
26442399825,96025137,96010,93697,3,0,0,0.894134521484375,0,0.15750885009765625,0,-0.1318683624267578,0,0,0,0,0,0,0,0,0,0,0,0,0,0,0,7
26445763750,96028121,96013,93697,3,0,0,0.894134521484375,0,0.15750885009765625,0,-0.1318683624267578,0,0,0,0,0,0,0,0,0,0,0,0,0,0,0,7
26449127675,96031121,96016,93697,3,0,0,0.894134521484375,0,0.15750885009765625,0,-0.1318683624267578,0,0,0,0,0,0,0,0,0,0,0,0,0,0,0,7
26452491600,96034120,96019,93697,3,0,0,0.894134521484375,0,0.15750885009765625,0,-0.1318683624267578,0,0,0,0,0,0,0,0,0,0,0,0,0,0,0,7
26456253016,96042122,96027,93697,3,0,0,0.894134521484375,0,0.15750885009765625,0,-0.1318683624267578,0,0,0,0,0,0,0,0,0,0,0,0,0,0,0,7
26460014428,96045129,96030,93697,3,0,0,0.894134521484375,0,0.15750885009765625,0,-0.1318683624267578,0,0,0,0,0,0,0,0,0,0,0,0,0,0,0,7
26463775840,96049121,96034,93697,3,0,0,0.894134521484375,0,0.15750885009765625,0,-0.1318683624267578,0,0,0,0,0,0,0,0,0,0,0,0,0,0,0,7
26467537252,96051137,96036,93697,3,0,0,0.894134521484375,0,0.15750885009765625,0,-0.1318683624267578,0,0,0,0,0,0,0,0,0,0,0,0,0,0,0,7
26471298664,96055129,96040,93697,3,0,0,0.894134521484375,0,0.15750885009765625,0,-0.1318683624267578,0,0,0,0,0,0,0,0,0,0,0,0,0,0,0,7
26475060076,96058122,96043,93697,3,0,0,0.894134521484375,0,0.15750885009765625,0,-0.1318683624267578,0,0,0,0,0,0,0,0,0,0,0,0,0,0,0,7
26478821488,96061120,96046,93697,3,0,0,0.894134521484375,0,0.15750885009765625,0,-0.1318683624267578,0,0,0,0,0,0,0,0,0,0,0,0,0,0,0,7
26482582900,96064127,96049,93697,3,0,0,0.894134521484375,0,0.15750885009765625,0,-0.1318683624267578,0,0,0,0,0,0,0,0,0,0,0,0,0,0,0,7
26486038466,96069121,96054,93697,3,0,0,0.894134521484375,0,0.15750885009765625,0,-0.1318683624267578,0,0,0,0,0,0,0,0,0,0,0,0,0,0,0,7
26489494028,96072120,96057,93697,3,0,0,0.894134521484375,0,0.15750885009765625,0,-0.1318683624267578,0,0,0,0,0,0,0,0,0,0,0,0,0,0,0,7
26492949590,96075133,96060,93697,3,0,0,0.894134521484375,0,0.15750885009765625,0,-0.1318683624267578,0,0,0,0,0,0,0,0,0,0,0,0,0,0,0,7
26496405152,96079139,96064,93697,3,0,0,0.894134521484375,0,0.15750885009765625,0,-0.1318683624267578,0,0,0,0,0,0,0,0,0,0,0,0,0,0,0,7
26499860714,96082120,96067,93697,3,0,0,0.894134521484375,0,0.15750885009765625,0,-0.1318683624267578,0,0,0,0,0,0,0,0,0,0,0,0,0,0,0,7
26503316276,96084120,96069,93697,3,0,0,0.894134521484375,0,0.15750885009765625,0,-0.1318683624267578,0,0,0,0,0,0,0,0,0,0,0,0,0,0,0,7
26506771838,96087123,96072,93697,3,0,0,0.894134521484375,0,0.15750885009765625,0,-0.1318683624267578,0,0,0,0,0,0,0,0,0,0,0,0,0,0,0,7
26510227400,96091124,96076,93697,3,0,0,0.894134521484375,0,0.15750885009765625,0,-0.1318683624267578,0,0,0,0,0,0,0,0,0,0,0,0,0,0,0,7
26514148825,96097121,96082,93697,3,0,0,0.894134521484375,0,0.15750885009765625,0,-0.1318683624267578,0,0,0,0,0,0,0,0,0,0,0,0,0,0,0,7
26518070250,96100132,96085,93697,3,0,0,0.894134521484375,0,0.15750885009765625,0,-0.1318683624267578,0,0,0,0,0,0,0,0,0,0,0,0,0,0,0,7
26521991675,96103120,96088,93697,3,0,0,0.894134521484375,0,0.15750885009765625,0,-0.1318683624267578,0,0,0,0,0,0,0,0,0,0,0,0,0,0,0,7
26525913100,96107139,96092,93697,3,0,0,0.894134521484375,0,0.15750885009765625,0,-0.1318683624267578,0,0,0,0,0,0,0,0,0,0,0,0,0,0,0,7
26529834525,96112124,96097,93697,3,0,0,0.894134521484375,0,0.15750885009765625,0,-0.1318683624267578,0,0,0,0,0,0,0,0,0,0,0,0,0,0,0,7
26533755950,96116122,96101,93697,3,0,0,0.894134521484375,0,0.15750885009765625,0,-0.1318683624267578,0,0,0,0,0,0,0,0,0,0,0,0,0,0,0,7
26537677375,96119121,96104,93697,3,0,0,0.894134521484375,0,0.15750885009765625,0,-0.1318683624267578,0,0,0,0,0,0,0,0,0,0,0,0,0,0,0,7
26541598800,96123125,96108,93697,3,0,0,0.894134521484375,0,0.15750885009765625,0,-0.1318683624267578,0,0,0,0,0,0,0,0,0,0,0,0,0,0,0,7
26545052216,96128121,96113,93697,3,0,0,0.894134521484375,0,0.15750885009765625,0,-0.1318683624267578,0,0,0,0,0,0,0,0,0,0,0,0,0,0,0,7
26548505628,96132121,96117,93697,3,0,0,0.894134521484375,0,0.15750885009765625,0,-0.1318683624267578,0,0,0,0,0,0,0,0,0,0,0,0,0,0,0,7
26551959040,96135145,96120,93697,3,0,0,0.894134521484375,0,0.15750885009765625,0,-0.1318683624267578,0,0,0,0,0,0,0,0,0,0,0,0,0,0,0,7
26555412452,96140121,96125,93697,3,0,0,0.894134521484375,0,0.15750885009765625,0,-0.1318683624267578,0,0,0,0,0,0,0,0,0,0,0,0,0,0,0,7
26558865864,96142120,96127,93697,3,0,0,0.894134521484375,0,0.15750885009765625,0,-0.1318683624267578,0,0,0,0,0,0,0,0,0,0,0,0,0,0,0,7
26562319276,96145131,96130,93697,3,0,0,0.894134521484375,0,0.15750885009765625,0,-0.1318683624267578,0,0,0,0,0,0,0,0,0,0,0,0,0,0,0,7
26565772688,96148126,96133,93697,3,0,0,0.894134521484375,0,0.15750885009765625,0,-0.1318683624267578,0,0,0,0,0,0,0,0,0,0,0,0,0,0,0,7
26569226100,96151125,96136,93697,3,0,0,0.894134521484375,0,0.15750885009765625,0,-0.1318683624267578,0,0,0,0,0,0,0,0,0,0,0,0,0,0,0,7
26572511166,96159121,96144,93697,3,0,0,0.894134521484375,0,0.15750885009765625,0,-0.1318683624267578,0,0,0,0,0,0,0,0,0,0,0,0,0,0,0,7
26575796228,96161120,96146,93697,3,0,0,0.894134521484375,0,0.15750885009765625,0,-0.1318683624267578,0,0,0,0,0,0,0,0,0,0,0,0,0,0,0,7
26579081290,96164135,96149,93697,3,0,0,0.894134521484375,0,0.15750885009765625,0,-0.1318683624267578,0,0,0,0,0,0,0,0,0,0,0,0,0,0,0,7
26582366352,96167121,96152,93697,3,0,0,0.894134521484375,0,0.15750885009765625,0,-0.1318683624267578,0,0,0,0,0,0,0,0,0,0,0,0,0,0,0,7
26585651414,96169120,96154,93697,3,0,0,0.894134521484375,0,0.15750885009765625,0,-0.1318683624267578,0,0,0,0,0,0,0,0,0,0,0,0,0,0,0,7
26588936476,96172121,96157,93697,3,0,0,0.894134521484375,0,0.15750885009765625,0,-0.1318683624267578,0,0,0,0,0,0,0,0,0,0,0,0,0,0,0,7
26592221538,96175129,96160,93697,3,0,0,0.894134521484375,0,0.15750885009765625,0,-0.1318683624267578,0,0,0,0,0,0,0,0,0,0,0,0,0,0,0,7
26595506600,96177137,96162,93697,3,0,0,0.894134521484375,0,0.15750885009765625,0,-0.1318683624267578,0,0,0,0,0,0,0,0,0,0,0,0,0,0,0,7
26598837575,96182122,96167,93697,3,0,0,0.894134521484375,0,0.15750885009765625,0,-0.1318683624267578,0,0,0,0,0,0,0,0,0,0,0,0,0,0,0,7
26602168550,96185129,96170,93697,3,0,0,0.894134521484375,0,0.15750885009765625,0,-0.1318683624267578,0,0,0,0,0,0,0,0,0,0,0,0,0,0,0,7
26605499525,96188120,96173,93697,3,0,0,0.894134521484375,0,0.15750885009765625,0,-0.1318683624267578,0,0,0,0,0,0,0,0,0,0,0,0,0,0,0,7
26608830500,96191141,96177,93697,3,0,0,0.894134521484375,0,0.15750885009765625,0,-0.1318683624267578,0,0,0,0,0,0,0,0,0,0,0,0,0,0,0,7
26612161475,96194120,96179,93697,3,0,0,0.894134521484375,0,0.15750885009765625,0,-0.1318683624267578,0,0,0,0,0,0,0,0,0,0,0,0,0,0,0,7
26615492450,96197121,96182,93697,3,0,0,0.894134521484375,0,0.15750885009765625,0,-0.1318683624267578,0,0,0,0,0,0,0,0,0,0,0,0,0,0,0,7
26618823425,96200130,96185,93697,3,0,0,0.894134521484375,0,0.15750885009765625,0,-0.1318683624267578,0,0,0,0,0,0,0,0,0,0,0,0,0,0,0,7
26622154400,96203123,96188,93697,3,0,0,0.894134521484375,0,0.15750885009765625,0,-0.1318683624267578,0,0,0,0,0,0,0,0,0,0,0,0,0,0,0,7
26625309100,96209121,96194,93697,3,0,0,0.894134521484375,0,0.15750885009765625,0,-0.1318683624267578,0,0,0,0,0,0,0,0,0,0,0,0,0,0,0,7
26628463800,96211123,96196,93697,3,0,0,0.894134521484375,0,0.15750885009765625,0,-0.1318683624267578,0,0,0,0,0,0,0,0,0,0,0,0,0,0,0,7
26631618500,96214120,96199,93697,3,0,0,0.894134521484375,0,0.15750885009765625,0,-0.1318683624267578,0,0,0,0,0,0,0,0,0,0,0,0,0,0,0,7
26634773200,96217121,96202,93697,3,0,0,0.894134521484375,0,0.15750885009765625,0,-0.1318683624267578,0,0,0,0,0,0,0,0,0,0,0,0,0,0,0,7
26637927900,96220138,96205,93697,3,0,0,0.894134521484375,0,0.15750885009765625,0,-0.1318683624267578,0,0,0,0,0,0,0,0,0,0,0,0,0,0,0,7
26641082600,96223121,96208,93697,3,0,0,0.894134521484375,0,0.15750885009765625,0,-0.1318683624267578,0,0,0,0,0,0,0,0,0,0,0,0,0,0,0,7
26644237300,96226120,96211,93697,3,0,0,0.894134521484375,0,0.15750885009765625,0,-0.1318683624267578,0,0,0,0,0,0,0,0,0,0,0,0,0,0,0,7
26647392000,96229121,96214,93697,3,0,0,0.894134521484375,0,0.15750885009765625,0,-0.1318683624267578,0,0,0,0,0,0,0,0,0,0,0,0,0,0,0,7
26650407741,96234135,96219,93697,3,0,0,0.894134521484375,0,0.15750885009765625,0,-0.1318683624267578,0,0,0,0,0,0,0,0,0,0,0,0,0,0,0,7
26653423478,96237121,96222,93697,3,0,0,0.894134521484375,0,0.15750885009765625,0,-0.1318683624267578,0,0,0,0,0,0,0,0,0,0,0,0,0,0,0,7
26656439215,96240122,96225,93697,3,0,0,0.894134521484375,0,0.15750885009765625,0,-0.1318683624267578,0,0,0,0,0,0,0,0,0,0,0,0,0,0,0,7
26659454952,96242120,96227,93697,3,0,0,0.894134521484375,0,0.15750885009765625,0,-0.1318683624267578,0,0,0,0,0,0,0,0,0,0,0,0,0,0,0,7
26662470689,96245132,96230,93697,3,0,0,0.894134521484375,0,0.15750885009765625,0,-0.1318683624267578,0,0,0,0,0,0,0,0,0,0,0,0,0,0,0,7
26665486426,96248135,96233,93697,3,0,0,0.894134521484375,0,0.15750885009765625,0,-0.1318683624267578,0,0,0,0,0,0,0,0,0,0,0,0,0,0,0,7
26668502163,96251121,96236,93697,3,0,0,0.894134521484375,0,0.15750885009765625,0,-0.1318683624267578,0,0,0,0,0,0,0,0,0,0,0,0,0,0,0,7
26671517900,96253123,96238,93697,3,0,0,0.894134521484375,0,0.15750885009765625,0,-0.1318683624267578,0,0,0,0,0,0,0,0,0,0,0,0,0,0,0,7
26674535541,96258120,96243,93697,3,0,0,0.894134521484375,0,0.15750885009765625,0,-0.1318683624267578,0,0,0,0,0,0,0,0,0,0,0,0,0,0,0,7
26677553178,96261139,96246,93697,3,0,0,0.894134521484375,0,0.15750885009765625,0,-0.1318683624267578,0,0,0,0,0,0,0,0,0,0,0,0,0,0,0,7
26680570815,96264121,96249,93697,3,0,0,0.894134521484375,0,0.15750885009765625,0,-0.1318683624267578,0,0,0,0,0,0,0,0,0,0,0,0,0,0,0,7
26683588452,96266120,96251,93697,3,0,0,0.894134521484375,0,0.15750885009765625,0,-0.1318683624267578,0,0,0,0,0,0,0,0,0,0,0,0,0,0,0,7
26686606089,96269123,96254,93697,3,0,0,0.894134521484375,0,0.15750885009765625,0,-0.1318683624267578,0,0,0,0,0,0,0,0,0,0,0,0,0,0,0,7
26689623726,96272120,96257,93697,3,0,0,0.894134521484375,0,0.15750885009765625,0,-0.1318683624267578,0,0,0,0,0,0,0,0,0,0,0,0,0,0,0,7
26692641363,96275146,96260,93697,3,0,0,0.894134521484375,0,0.15750885009765625,0,-0.1318683624267578,0,0,0,0,0,0,0,0,0,0,0,0,0,0,0,7
26695659000,96278124,96263,93697,3,0,0,0.894134521484375,0,0.15750885009765625,0,-0.1318683624267578,0,0,0,0,0,0,0,0,0,0,0,0,0,0,0,7
26698858875,96284120,96269,93697,3,0,0,0.894134521484375,0,0.15750885009765625,0,-0.1318683624267578,0,0,0,0,0,0,0,0,0,0,0,0,0,0,0,7
26702058750,96286124,96271,93697,3,0,0,0.894134521484375,0,0.15750885009765625,0,-0.1318683624267578,0,0,0,0,0,0,0,0,0,0,0,0,0,0,0,7
26705258625,96289137,96274,93697,3,0,0,0.894134521484375,0,0.15750885009765625,0,-0.1318683624267578,0,0,0,0,0,0,0,0,0,0,0,0,0,0,0,7
26708458500,96292120,96277,93697,3,0,0,0.894134521484375,0,0.15750885009765625,0,-0.1318683624267578,0,0,0,0,0,0,0,0,0,0,0,0,0,0,0,7
26711658375,96295129,96280,93697,3,0,0,0.894134521484375,0,0.15750885009765625,0,-0.1318683624267578,0,0,0,0,0,0,0,0,0,0,0,0,0,0,0,7
26714858250,96298122,96283,93697,3,0,0,0.894134521484375,0,0.15750885009765625,0,-0.1318683624267578,0,0,0,0,0,0,0,0,0,0,0,0,0,0,0,7
26718058125,96300130,96285,93697,3,0,0,0.894134521484375,0,0.15750885009765625,0,-0.1318683624267578,0,0,0,0,0,0,0,0,0,0,0,0,0,0,0,7
26721258000,96302127,96287,93697,3,0,0,0.894134521484375,0,0.15750885009765625,0,-0.1318683624267578,0,0,0,0,0,0,0,0,0,0,0,0,0,0,0,7
26724277400,96312120,96297,93697,3,0,0,0.894134521484375,0,0.15750885009765625,0,-0.1318683624267578,0,0,0,0,0,0,0,0,0,0,0,0,0,0,0,7
26727296800,96315133,96300,93697,3,0,0,0.894134521484375,0,0.15750885009765625,0,-0.1318683624267578,0,0,0,0,0,0,0,0,0,0,0,0,0,0,0,7
26730316200,96317137,96302,93697,3,0,0,0.894134521484375,0,0.15750885009765625,0,-0.1318683624267578,0,0,0,0,0,0,0,0,0,0,0,0,0,0,0,7
26733335600,96319127,96304,93697,3,0,0,0.894134521484375,0,0.15750885009765625,0,-0.1318683624267578,0,0,0,0,0,0,0,0,0,0,0,0,0,0,0,7
26736355000,96321121,96306,93697,3,0,0,0.894134521484375,0,0.15750885009765625,0,-0.1318683624267578,0,0,0,0,0,0,0,0,0,0,0,0,0,0,0,7
26739374400,96324120,96309,93697,3,0,0,0.894134521484375,0,0.15750885009765625,0,-0.1318683624267578,0,0,0,0,0,0,0,0,0,0,0,0,0,0,0,7
26742393800,96326120,96311,93697,3,0,0,0.894134521484375,0,0.15750885009765625,0,-0.1318683624267578,0,0,0,0,0,0,0,0,0,0,0,0,0,0,0,7
26745413200,96328124,96313,93697,3,0,0,0.894134521484375,0,0.15750885009765625,0,-0.1318683624267578,0,0,0,0,0,0,0,0,0,0,0,0,0,0,0,7
26748352225,96331139,96316,93697,3,0,0,0.894134521484375,0,0.15750885009765625,0,-0.1318683624267578,0,0,0,0,0,0,0,0,0,0,0,0,0,0,0,7
26751291250,96333125,96318,93697,3,0,0,0.894134521484375,0,0.15750885009765625,0,-0.1318683624267578,0,0,0,0,0,0,0,0,0,0,0,0,0,0,0,7
26754230275,96335129,96320,93697,3,0,0,0.894134521484375,0,0.15750885009765625,0,-0.1318683624267578,0,0,0,0,0,0,0,0,0,0,0,0,0,0,0,7
26757169300,96341120,96326,93697,3,0,0,0.894134521484375,0,0.15750885009765625,0,-0.1318683624267578,0,0,0,0,0,0,0,0,0,0,0,0,0,0,0,7
26760108325,96343121,96328,93697,3,0,0,0.894134521484375,0,0.15750885009765625,0,-0.1318683624267578,0,0,0,0,0,0,0,0,0,0,0,0,0,0,0,7
26763047350,96345149,96330,93697,3,0,0,0.894134521484375,0,0.15750885009765625,0,-0.1318683624267578,0,0,0,0,0,0,0,0,0,0,0,0,0,0,0,7
26765986375,96348122,96333,93697,3,0,0,0.894134521484375,0,0.15750885009765625,0,-0.1318683624267578,0,0,0,0,0,0,0,0,0,0,0,0,0,0,0,7
26768925400,96350128,96335,93697,3,0,0,0.894134521484375,0,0.15750885009765625,0,-0.1318683624267578,0,0,0,0,0,0,0,0,0,0,0,0,0,0,0,7
26772257100,96357124,96342,93697,3,0,0,0.894134521484375,0,0.15750885009765625,0,-0.1318683624267578,0,0,0,0,0,0,0,0,0,0,0,0,0,0,0,7
26775588800,96361127,96346,93697,3,0,0,0.894134521484375,0,0.15750885009765625,0,-0.1318683624267578,0,0,0,0,0,0,0,0,0,0,0,0,0,0,0,7
26778920500,96363121,96348,93697,3,0,0,0.894134521484375,0,0.15750885009765625,0,-0.1318683624267578,0,0,0,0,0,0,0,0,0,0,0,0,0,0,0,7
26782252200,96366120,96351,93697,3,0,0,0.894134521484375,0,0.15750885009765625,0,-0.1318683624267578,0,0,0,0,0,0,0,0,0,0,0,0,0,0,0,7
26785583900,96369123,96354,93697,3,0,0,0.894134521484375,0,0.15750885009765625,0,-0.1318683624267578,0,0,0,0,0,0,0,0,0,0,0,0,0,0,0,7
26788915600,96372126,96357,93697,3,0,0,0.894134521484375,0,0.15750885009765625,0,-0.1318683624267578,0,0,0,0,0,0,0,0,0,0,0,0,0,0,0,7
26792247300,96375133,96360,93697,3,0,0,0.894134521484375,0,0.15750885009765625,0,-0.1318683624267578,0,0,0,0,0,0,0,0,0,0,0,0,0,0,0,7
26795579000,96377123,96362,93697,3,0,0,0.894134521484375,0,0.15750885009765625,0,-0.1318683624267578,0,0,0,0,0,0,0,0,0,0,0,0,0,0,0,7
26799760416,96382120,96367,93697,3,0,0,0.894134521484375,0,0.15750885009765625,0,-0.1318683624267578,0,0,0,0,0,0,0,0,0,0,0,0,0,0,0,7
26803941828,96384120,96369,93697,3,0,0,0.894134521484375,0,0.15750885009765625,0,-0.1318683624267578,0,0,0,0,0,0,0,0,0,0,0,0,0,0,0,7
26808123240,96386131,96371,93697,3,0,0,0.894134521484375,0,0.15750885009765625,0,-0.1318683624267578,0,0,0,0,0,0,0,0,0,0,0,0,0,0,0,7
26812304652,96390122,96375,93697,3,0,0,0.894134521484375,0,0.15750885009765625,0,-0.1318683624267578,0,0,0,0,0,0,0,0,0,0,0,0,0,0,0,7
26816486064,96396121,96381,93697,3,0,0,0.894134521484375,0,0.15750885009765625,0,-0.1318683624267578,0,0,0,0,0,0,0,0,0,0,0,0,0,0,0,7
26820667476,96400136,96385,93697,3,0,0,0.894134521484375,0,0.15750885009765625,0,-0.1318683624267578,0,0,0,0,0,0,0,0,0,0,0,0,0,0,0,7
26824848888,96406122,96391,93697,3,0,0,0.894134521484375,0,0.15750885009765625,0,-0.1318683624267578,0,0,0,0,0,0,0,0,0,0,0,0,0,0,0,7
26829030300,96409121,96394,93697,3,0,0,0.894134521484375,0,0.15750885009765625,0,-0.1318683624267578,0,0,0,0,0,0,0,0,0,0,0,0,0,0,0,7
26831818816,96418120,96403,93697,3,0,0,0.894134521484375,0,0.15750885009765625,0,-0.1318683624267578,0,0,0,0,0,0,0,0,0,0,0,0,0,0,0,7
26834607330,96420120,96405,93697,3,0,0,0.894134521484375,0,0.15750885009765625,0,-0.1318683624267578,0,0,0,0,0,0,0,0,0,0,0,0,0,0,0,7
26837395844,96423125,96408,93697,3,0,0,0.894134521484375,0,0.15750885009765625,0,-0.1318683624267578,0,0,0,0,0,0,0,0,0,0,0,0,0,0,0,7
26840184358,96425129,96410,93697,3,0,0,0.894134521484375,0,0.15750885009765625,0,-0.1318683624267578,0,0,0,0,0,0,0,0,0,0,0,0,0,0,0,7
26842972872,96426120,96411,93697,3,0,0,0.894134521484375,0,0.15750885009765625,0,-0.1318683624267578,0,0,0,0,0,0,0,0,0,0,0,0,0,0,0,7
26845761386,96429139,96414,93697,3,0,0,0.894134521484375,0,0.15750885009765625,0,-0.1318683624267578,0,0,0,0,0,0,0,0,0,0,0,0,0,0,0,7
26848549900,96431128,96416,93697,3,0,0,0.894134521484375,0,0.15750885009765625,0,-0.1318683624267578,0,0,0,0,0,0,0,0,0,0,0,0,0,0,0,7
26851967016,96434120,96419,93697,3,0,0,0.894134521484375,0,0.15750885009765625,0,-0.1318683624267578,0,0,0,0,0,0,0,0,0,0,0,0,0,0,0,7
26855384128,96436120,96421,93697,3,0,0,0.894134521484375,0,0.15750885009765625,0,-0.1318683624267578,0,0,0,0,0,0,0,0,0,0,0,0,0,0,0,7
26858801240,96440120,96425,93697,3,0,0,0.894134521484375,0,0.15750885009765625,0,-0.1318683624267578,0,0,0,0,0,0,0,0,0,0,0,0,0,0,0,7
26862218352,96443139,96428,93697,3,0,0,0.894134521484375,0,0.15750885009765625,0,-0.1318683624267578,0,0,0,0,0,0,0,0,0,0,0,0,0,0,0,7
26865635464,96447121,96432,93697,3,0,0,0.894134521484375,0,0.15750885009765625,0,-0.1318683624267578,0,0,0,0,0,0,0,0,0,0,0,0,0,0,0,7
26869052576,96449121,96434,93697,3,0,0,0.894134521484375,0,0.15750885009765625,0,-0.1318683624267578,0,0,0,0,0,0,0,0,0,0,0,0,0,0,0,7
26872469688,96451121,96436,93697,3,0,0,0.894134521484375,0,0.15750885009765625,0,-0.1318683624267578,0,0,0,0,0,0,0,0,0,0,0,0,0,0,0,7
26875886800,96453121,96438,93697,3,0,0,0.894134521484375,0,0.15750885009765625,0,-0.1318683624267578,0,0,0,0,0,0,0,0,0,0,0,0,0,0,0,7
26878439700,96462120,96447,93697,3,0,0,0.894134521484375,0,0.15750885009765625,0,-0.1318683624267578,0,0,0,0,0,0,0,0,0,0,0,0,0,0,0,7
26881186286,96464123,96449,93697,3,0,0,0.894134521484375,0,0.15750885009765625,0,-0.1318683624267578,0,0,0,0,0,0,0,0,0,0,0,0,0,0,0,7
26883932872,96466120,96451,93697,3,0,0,0.894134521484375,0,0.15750885009765625,0,-0.1318683624267578,0,0,0,0,0,0,0,0,0,0,0,0,0,0,0,7
26886679458,96468124,96453,93697,3,0,0,0.894134521484375,0,0.15750885009765625,0,-0.1318683624267578,0,0,0,0,0,0,0,0,0,0,0,0,0,0,0,7
26889426044,96470126,96455,93697,3,0,0,0.894134521484375,0,0.15750885009765625,0,-0.1318683624267578,0,0,0,0,0,0,0,0,0,0,0,0,0,0,0,7
26892172630,96473128,96458,93697,3,0,0,0.894134521484375,0,0.15750885009765625,0,-0.1318683624267578,0,0,0,0,0,0,0,0,0,0,0,0,0,0,0,7
26894919216,96477123,96462,93697,3,0,0,0.894134521484375,0,0.15750885009765625,0,-0.1318683624267578,0,0,0,0,0,0,0,0,0,0,0,0,0,0,0,7
26897665802,96479121,96464,93697,3,0,0,0.894134521484375,0,0.15750885009765625,0,-0.1318683624267578,0,0,0,0,0,0,0,0,0,0,0,0,0,0,0,7
26900412388,96482120,96467,93697,3,0,0,0.894134521484375,0,0.15750885009765625,0,-0.1318683624267578,0,0,0,0,0,0,0,0,0,0,0,0,0,0,0,7
26903158974,96485149,96470,93697,3,0,0,0.894134521484375,0,0.15750885009765625,0,-0.1318683624267578,0,0,0,0,0,0,0,0,0,0,0,0,0,0,0,7
26905905560,96487125,96472,93697,3,0,0,0.894134521484375,0,0.15750885009765625,0,-0.1318683624267578,0,0,0,0,0,0,0,0,0,0,0,0,0,0,0,7
26908652146,96493122,96478,93697,3,0,0,0.894134521484375,0,0.15750885009765625,0,-0.1318683624267578,0,0,0,0,0,0,0,0,0,0,0,0,0,0,0,7
26911398732,96495129,96480,93697,3,0,0,0.894134521484375,0,0.15750885009765625,0,-0.1318683624267578,0,0,0,0,0,0,0,0,0,0,0,0,0,0,0,7
26914145318,96497124,96482,93697,3,0,0,0.894134521484375,0,0.15750885009765625,0,-0.1318683624267578,0,0,0,0,0,0,0,0,0,0,0,0,0,0,0,7
26916891904,96499138,96485,93697,3,0,0,0.894134521484375,0,0.15750885009765625,0,-0.1318683624267578,0,0,0,0,0,0,0,0,0,0,0,0,0,0,0,7
26919638490,96502124,96487,93697,3,0,0,0.894134521484375,0,0.15750885009765625,0,-0.1318683624267578,0,0,0,0,0,0,0,0,0,0,0,0,0,0,0,7
26923137000,96510124,96495,93697,3,0,0,0.894134521484375,0,0.15750885009765625,0,-0.1318683624267578,0,0,0,0,0,0,0,0,0,0,0,0,0,0,0,7
26926635500,96514137,96500,93697,3,0,0,0.894134521484375,0,0.15750885009765625,0,-0.1318683624267578,0,0,0,0,0,0,0,0,0,0,0,0,0,0,0,7
26930134000,96517121,96502,93697,3,0,0,0.894134521484375,0,0.15750885009765625,0,-0.1318683624267578,0,0,0,0,0,0,0,0,0,0,0,0,0,0,0,7
26933632500,96519121,96504,93697,3,0,0,0.894134521484375,0,0.15750885009765625,0,-0.1318683624267578,0,0,0,0,0,0,0,0,0,0,0,0,0,0,0,7
26937131000,96523120,96508,93697,3,0,0,0.894134521484375,0,0.15750885009765625,0,-0.1318683624267578,0,0,0,0,0,0,0,0,0,0,0,0,0,0,0,7
26940629500,96525129,96510,93697,3,0,0,0.894134521484375,0,0.15750885009765625,0,-0.1318683624267578,0,0,0,0,0,0,0,0,0,0,0,0,0,0,0,7
26944128000,96527141,96512,93697,3,0,0,0.894134521484375,0,0.15750885009765625,0,-0.1318683624267578,0,0,0,0,0,0,0,0,0,0,0,0,0,0,0,7
26947626500,96530122,96515,93697,3,0,0,0.894134521484375,0,0.15750885009765625,0,-0.1318683624267578,0,0,0,0,0,0,0,0,0,0,0,0,0,0,0,7
26951541916,96536120,96521,93697,3,0,0,0.894134521484375,0,0.15750885009765625,0,-0.1318683624267578,0,0,0,0,0,0,0,0,0,0,0,0,0,0,0,7
26955457328,96540127,96525,93697,3,0,0,0.894134521484375,0,0.15750885009765625,0,-0.1318683624267578,0,0,0,0,0,0,0,0,0,0,0,0,0,0,0,7
26959372740,96543127,96528,93697,3,0,0,0.894134521484375,0,0.15750885009765625,0,-0.1318683624267578,0,0,0,0,0,0,0,0,0,0,0,0,0,0,0,7
26963288152,96545129,96530,93697,3,0,0,0.894134521484375,0,0.15750885009765625,0,-0.1318683624267578,0,0,0,0,0,0,0,0,0,0,0,0,0,0,0,7
26967203564,96548121,96533,93697,3,0,0,0.894134521484375,0,0.15750885009765625,0,-0.1318683624267578,0,0,0,0,0,0,0,0,0,0,0,0,0,0,0,7
26971118976,96550129,96535,93697,3,0,0,0.894134521484375,0,0.15750885009765625,0,-0.1318683624267578,0,0,0,0,0,0,0,0,0,0,0,0,0,0,0,7
26975034388,96559122,96544,93697,3,0,0,0.894134521484375,0,0.15750885009765625,0,-0.1318683624267578,0,0,0,0,0,0,0,0,0,0,0,0,0,0,0,7
26978949800,96561121,96546,93697,3,0,0,0.894134521484375,0,0.15750885009765625,0,-0.1318683624267578,0,0,0,0,0,0,0,0,0,0,0,0,0,0,0,7
26982106825,96565129,96550,93697,3,0,0,0.894134521484375,0,0.15750885009765625,0,-0.1318683624267578,0,0,0,0,0,0,0,0,0,0,0,0,0,0,0,7
26985263850,96568130,96553,93697,3,0,0,0.894134521484375,0,0.15750885009765625,0,-0.1318683624267578,0,0,0,0,0,0,0,0,0,0,0,0,0,0,0,7
26988420875,96570135,96555,93697,3,0,0,0.894134521484375,0,0.15750885009765625,0,-0.1318683624267578,0,0,0,0,0,0,0,0,0,0,0,0,0,0,0,7
26991577900,96574120,96559,93697,3,0,0,0.894134521484375,0,0.15750885009765625,0,-0.1318683624267578,0,0,0,0,0,0,0,0,0,0,0,0,0,0,0,7
26994734925,96576125,96561,93697,3,0,0,0.894134521484375,0,0.15750885009765625,0,-0.1318683624267578,0,0,0,0,0,0,0,0,0,0,0,0,0,0,0,7
26997891950,96579121,96564,93697,3,0,0,0.894134521484375,0,0.15750885009765625,0,-0.1318683624267578,0,0,0,0,0,0,0,0,0,0,0,0,0,0,0,7
27001048975,96583138,96568,93697,3,0,0,0.894134521484375,0,0.15750885009765625,0,-0.1318683624267578,0,0,0,0,0,0,0,0,0,0,0,0,0,0,0,7
27004206000,96586120,96571,93697,3,0,0,0.894134521484375,0,0.15750885009765625,0,-0.1318683624267578,0,0,0,0,0,0,0,0,0,0,0,0,0,0,0,7
27008548191,96591120,96576,93697,3,0,0,0.894134521484375,0,0.15750885009765625,0,-0.1318683624267578,0,0,0,0,0,0,0,0,0,0,0,0,0,0,0,7
27012890378,96593123,96578,93697,3,0,0,0.894134521484375,0,0.15750885009765625,0,-0.1318683624267578,0,0,0,0,0,0,0,0,0,0,0,0,0,0,0,7
27017232565,96596127,96581,93697,3,0,0,0.894134521484375,0,0.15750885009765625,0,-0.1318683624267578,0,0,0,0,0,0,0,0,0,0,0,0,0,0,0,7
27021574752,96599125,96584,93697,3,0,0,0.894134521484375,0,0.15750885009765625,0,-0.1318683624267578,0,0,0,0,0,0,0,0,0,0,0,0,0,0,0,7
27025916939,96601125,96586,93697,3,0,0,0.894134521484375,0,0.15750885009765625,0,-0.1318683624267578,0,0,0,0,0,0,0,0,0,0,0,0,0,0,0,7
27030259126,96604120,96589,93697,3,0,0,0.894134521484375,0,0.15750885009765625,0,-0.1318683624267578,0,0,0,0,0,0,0,0,0,0,0,0,0,0,0,7
27034601313,96608121,96593,93697,3,0,0,0.894134521484375,0,0.15750885009765625,0,-0.1318683624267578,0,0,0,0,0,0,0,0,0,0,0,0,0,0,0,7
27038943500,96610126,96595,93697,3,0,0,0.894134521484375,0,0.15750885009765625,0,-0.1318683624267578,0,0,0,0,0,0,0,0,0,0,0,0,0,0,0,7
27042773700,96628120,96613,93697,3,0,0,0.894134521484375,0,0.15750885009765625,0,-0.1318683624267578,0,0,0,0,0,0,0,0,0,0,0,0,0,0,0,7
27046603900,96634124,96619,93697,3,0,0,0.894134521484375,0,0.15750885009765625,0,-0.1318683624267578,0,0,0,0,0,0,0,0,0,0,0,0,0,0,0,7
27050434100,96636120,96621,93697,3,0,0,0.894134521484375,0,0.15750885009765625,0,-0.1318683624267578,0,0,0,0,0,0,0,0,0,0,0,0,0,0,0,7
27054264300,96640136,96625,93697,3,0,0,0.894134521484375,0,0.15750885009765625,0,-0.1318683624267578,0,0,0,0,0,0,0,0,0,0,0,0,0,0,0,7
27058094500,96642123,96627,93697,3,0,0,0.894134521484375,0,0.15750885009765625,0,-0.1318683624267578,0,0,0,0,0,0,0,0,0,0,0,0,0,0,0,7
27061924700,96645129,96630,93697,3,0,0,0.894134521484375,0,0.15750885009765625,0,-0.1318683624267578,0,0,0,0,0,0,0,0,0,0,0,0,0,0,0,7
27065754900,96648120,96633,93697,3,0,0,0.894134521484375,0,0.15750885009765625,0,-0.1318683624267578,0,0,0,0,0,0,0,0,0,0,0,0,0,0,0,7
27069404175,96654135,96639,93697,3,0,0,0.894134521484375,0,0.15750885009765625,0,-0.1318683624267578,0,0,0,0,0,0,0,0,0,0,0,0,0,0,0,7
27072389856,96658120,96643,93697,3,0,0,0.894134521484375,0,0.15750885009765625,0,-0.1318683624267578,0,0,0,0,0,0,0,0,0,0,0,0,0,0,0,7
27075375537,96661121,96646,93697,3,0,0,0.894134521484375,0,0.15750885009765625,0,-0.1318683624267578,0,0,0,0,0,0,0,0,0,0,0,0,0,0,0,7
27078361218,96664121,96649,93697,3,0,0,0.894134521484375,0,0.15750885009765625,0,-0.1318683624267578,0,0,0,0,0,0,0,0,0,0,0,0,0,0,0,7
27081346899,96666127,96651,93697,3,0,0,0.894134521484375,0,0.15750885009765625,0,-0.1318683624267578,0,0,0,0,0,0,0,0,0,0,0,0,0,0,0,7
27084332580,96668139,96653,93697,3,0,0,0.894134521484375,0,0.15750885009765625,0,-0.1318683624267578,0,0,0,0,0,0,0,0,0,0,0,0,0,0,0,7
27087318261,96673121,96658,93697,3,0,0,0.894134521484375,0,0.15750885009765625,0,-0.1318683624267578,0,0,0,0,0,0,0,0,0,0,0,0,0,0,0,7
27090303942,96677121,96662,93697,3,0,0,0.894134521484375,0,0.15750885009765625,0,-0.1318683624267578,0,0,0,0,0,0,0,0,0,0,0,0,0,0,0,7
27093289623,96681139,96666,93697,3,0,0,0.894134521484375,0,0.15750885009765625,0,-0.1318683624267578,0,0,0,0,0,0,0,0,0,0,0,0,0,0,0,7
27096275304,96683125,96668,93697,3,0,0,0.894134521484375,0,0.15750885009765625,0,-0.1318683624267578,0,0,0,0,0,0,0,0,0,0,0,0,0,0,0,7
27099260985,96685129,96670,93697,3,0,0,0.894134521484375,0,0.15750885009765625,0,-0.1318683624267578,0,0,0,0,0,0,0,0,0,0,0,0,0,0,0,7
27102246666,96688122,96673,93697,3,0,0,0.894134521484375,0,0.15750885009765625,0,-0.1318683624267578,0,0,0,0,0,0,0,0,0,0,0,0,0,0,0,7
27105232347,96690120,96675,93697,3,0,0,0.894134521484375,0,0.15750885009765625,0,-0.1318683624267578,0,0,0,0,0,0,0,0,0,0,0,0,0,0,0,7
27108218028,96692124,96677,93697,3,0,0,0.894134521484375,0,0.15750885009765625,0,-0.1318683624267578,0,0,0,0,0,0,0,0,0,0,0,0,0,0,0,7
27111203709,96694126,96679,93697,3,0,0,0.894134521484375,0,0.15750885009765625,0,-0.1318683624267578,0,0,0,0,0,0,0,0,0,0,0,0,0,0,0,7
27114189390,96696137,96682,93697,3,0,0,0.894134521484375,0,0.15750885009765625,0,-0.1318683624267578,0,0,0,0,0,0,0,0,0,0,0,0,0,0,0,7
27117482941,96700133,96685,93697,3,0,0,0.894134521484375,0,0.15750885009765625,0,-0.1318683624267578,0,0,0,0,0,0,0,0,0,0,0,0,0,0,0,7
27120776478,96706120,96691,93697,3,0,0,0.894134521484375,0,0.15750885009765625,0,-0.1318683624267578,0,0,0,0,0,0,0,0,0,0,0,0,0,0,0,7
27124070015,96709140,96694,93697,3,0,0,0.894134521484375,0,0.15750885009765625,0,-0.1318683624267578,0,0,0,0,0,0,0,0,0,0,0,0,0,0,0,7
27127363552,96711125,96696,93697,3,0,0,0.894134521484375,0,0.15750885009765625,0,-0.1318683624267578,0,0,0,0,0,0,0,0,0,0,0,0,0,0,0,7
27130657089,96714120,96699,93697,3,0,0,0.894134521484375,0,0.15750885009765625,0,-0.1318683624267578,0,0,0,0,0,0,0,0,0,0,0,0,0,0,0,7
27133950626,96717123,96702,93697,3,0,0,0.894134521484375,0,0.15750885009765625,0,-0.1318683624267578,0,0,0,0,0,0,0,0,0,0,0,0,0,0,0,7
27137244163,96719121,96704,93697,3,0,0,0.894134521484375,0,0.15750885009765625,0,-0.1318683624267578,0,0,0,0,0,0,0,0,0,0,0,0,0,0,0,7
27140537700,96722126,96707,93697,3,0,0,0.894134521484375,0,0.15750885009765625,0,-0.1318683624267578,0,0,0,0,0,0,0,0,0,0,0,0,0,0,0,7
27143368766,96727121,96712,93697,3,0,0,0.894134521484375,0,0.15750885009765625,0,-0.1318683624267578,0,0,0,0,0,0,0,0,0,0,0,0,0,0,0,7
27146199828,96729125,96714,93697,3,0,0,0.894134521484375,0,0.15750885009765625,0,-0.1318683624267578,0,0,0,0,0,0,0,0,0,0,0,0,0,0,0,7
27149030890,96732121,96717,93697,3,0,0,0.894134521484375,0,0.15750885009765625,0,-0.1318683624267578,0,0,0,0,0,0,0,0,0,0,0,0,0,0,0,7
27151861952,96735129,96720,93697,3,0,0,0.894134521484375,0,0.15750885009765625,0,-0.1318683624267578,0,0,0,0,0,0,0,0,0,0,0,0,0,0,0,7
27154693014,96737139,96722,93697,3,0,0,0.894134521484375,0,0.15750885009765625,0,-0.1318683624267578,0,0,0,0,0,0,0,0,0,0,0,0,0,0,0,7
27157524076,96740120,96725,93697,3,0,0,0.894134521484375,0,0.15750885009765625,0,-0.1318683624267578,0,0,0,0,0,0,0,0,0,0,0,0,0,0,0,7
27160355138,96743121,96728,93697,3,0,0,0.894134521484375,0,0.15750885009765625,0,-0.1318683624267578,0,0,0,0,0,0,0,0,0,0,0,0,0,0,0,7
27163186200,96745129,96730,93697,3,0,0,0.894134521484375,0,0.15750885009765625,0,-0.1318683624267578,0,0,0,0,0,0,0,0,0,0,0,0,0,0,0,7
27165848300,96749121,96734,93697,3,0,0,0.894134521484375,0,0.15750885009765625,0,-0.1318683624267578,0,0,0,0,0,0,0,0,0,0,0,0,0,0,0,7
27168510400,96751141,96736,93697,3,0,0,0.894134521484375,0,0.15750885009765625,0,-0.1318683624267578,0,0,0,0,0,0,0,0,0,0,0,0,0,0,0,7
27171172500,96753125,96738,93697,3,0,0,0.894134521484375,0,0.15750885009765625,0,-0.1318683624267578,0,0,0,0,0,0,0,0,0,0,0,0,0,0,0,7
27173834600,96756121,96741,93697,3,0,0,0.894134521484375,0,0.15750885009765625,0,-0.1318683624267578,0,0,0,0,0,0,0,0,0,0,0,0,0,0,0,7
27176496700,96759121,96744,93697,3,0,0,0.894134521484375,0,0.15750885009765625,0,-0.1318683624267578,0,0,0,0,0,0,0,0,0,0,0,0,0,0,0,7
27179158800,96761121,96746,93697,3,0,0,0.894134521484375,0,0.15750885009765625,0,-0.1318683624267578,0,0,0,0,0,0,0,0,0,0,0,0,0,0,0,7
27181820900,96764127,96749,93697,3,0,0,0.894134521484375,0,0.15750885009765625,0,-0.1318683624267578,0,0,0,0,0,0,0,0,0,0,0,0,0,0,0,7
27184483000,96766135,96751,93697,3,0,0,0.894134521484375,0,0.15750885009765625,0,-0.1318683624267578,0,0,0,0,0,0,0,0,0,0,0,0,0,0,0,7
27187832916,96773121,96758,93697,3,0,0,0.894134521484375,0,0.15750885009765625,0,-0.1318683624267578,0,0,0,0,0,0,0,0,0,0,0,0,0,0,0,7
27191182828,96775131,96760,93697,3,0,0,0.894134521484375,0,0.15750885009765625,0,-0.1318683624267578,0,0,0,0,0,0,0,0,0,0,0,0,0,0,0,7
27194532740,96778126,96763,93697,3,0,0,0.894134521484375,0,0.15750885009765625,0,-0.1318683624267578,0,0,0,0,0,0,0,0,0,0,0,0,0,0,0,7
27197882652,96781125,96766,93697,3,0,0,0.894134521484375,0,0.15750885009765625,0,-0.1318683624267578,0,0,0,0,0,0,0,0,0,0,0,0,0,0,0,7
27201232564,96783122,96768,93697,3,0,0,0.894134521484375,0,0.15750885009765625,0,-0.1318683624267578,0,0,0,0,0,0,0,0,0,0,0,0,0,0,0,7
27204582476,96786120,96771,93697,3,0,0,0.894134521484375,0,0.15750885009765625,0,-0.1318683624267578,0,0,0,0,0,0,0,0,0,0,0,0,0,0,0,7
27207932388,96789121,96774,93697,3,0,0,0.894134521484375,0,0.15750885009765625,0,-0.1318683624267578,0,0,0,0,0,0,0,0,0,0,0,0,0,0,0,7
27211282300,96791122,96776,93697,3,0,0,0.894134521484375,0,0.15750885009765625,0,-0.1318683624267578,0,0,0,0,0,0,0,0,0,0,0,0,0,0,0,7
27214413891,96797121,96782,93697,3,0,0,0.894134521484375,0,0.15750885009765625,0,-0.1318683624267578,0,0,0,0,0,0,0,0,0,0,0,0,0,0,0,7
27217545478,96800134,96785,93697,3,0,0,0.894134521484375,0,0.15750885009765625,0,-0.1318683624267578,0,0,0,0,0,0,0,0,0,0,0,0,0,0,0,7
27220677065,96802120,96787,93697,3,0,0,0.894134521484375,0,0.15750885009765625,0,-0.1318683624267578,0,0,0,0,0,0,0,0,0,0,0,0,0,0,0,7
27223808652,96805129,96790,93697,3,0,0,0.894134521484375,0,0.15750885009765625,0,-0.1318683624267578,0,0,0,0,0,0,0,0,0,0,0,0,0,0,0,7
27226940239,96810120,96795,93697,3,0,0,0.894134521484375,0,0.15750885009765625,0,-0.1318683624267578,0,0,0,0,0,0,0,0,0,0,0,0,0,0,0,7
27230071826,96812122,96797,93697,3,0,0,0.894134521484375,0,0.15750885009765625,0,-0.1318683624267578,0,0,0,0,0,0,0,0,0,0,0,0,0,0,0,7
27233203413,96815129,96800,93697,3,0,0,0.894134521484375,0,0.15750885009765625,0,-0.1318683624267578,0,0,0,0,0,0,0,0,0,0,0,0,0,0,0,7
27236335000,96818120,96803,93697,3,0,0,0.894134521484375,0,0.15750885009765625,0,-0.1318683624267578,0,0,0,0,0,0,0,0,0,0,0,0,0,0,0,7
27238768691,96823125,96808,93697,3,0,0,0.894134521484375,0,0.15750885009765625,0,-0.1318683624267578,0,0,0,0,0,0,0,0,0,0,0,0,0,0,0,7
27241202378,96825131,96810,93697,3,0,0,0.894134521484375,0,0.15750885009765625,0,-0.1318683624267578,0,0,0,0,0,0,0,0,0,0,0,0,0,0,0,7
27243636065,96828120,96813,93697,3,0,0,0.894134521484375,0,0.15750885009765625,0,-0.1318683624267578,0,0,0,0,0,0,0,0,0,0,0,0,0,0,0,7
27246069752,96830120,96815,93697,3,0,0,0.894134521484375,0,0.15750885009765625,0,-0.1318683624267578,0,0,0,0,0,0,0,0,0,0,0,0,0,0,0,7
27248503439,96832122,96817,93697,3,0,0,0.894134521484375,0,0.15750885009765625,0,-0.1318683624267578,0,0,0,0,0,0,0,0,0,0,0,0,0,0,0,7
27250937126,96834126,96819,93697,3,0,0,0.894134521484375,0,0.15750885009765625,0,-0.1318683624267578,0,0,0,0,0,0,0,0,0,0,0,0,0,0,0,7
27253370813,96836135,96821,93697,3,0,0,0.894134521484375,0,0.15750885009765625,0,-0.1318683624267578,0,0,0,0,0,0,0,0,0,0,0,0,0,0,0,7
27255804500,96838120,96823,93697,3,0,0,0.894134521484375,0,0.15750885009765625,0,-0.1318683624267578,0,0,0,0,0,0,0,0,0,0,0,0,0,0,0,7
27258017550,96842120,96827,93697,3,0,0,0.894134521484375,0,0.15750885009765625,0,-0.1318683624267578,0,0,0,0,0,0,0,0,0,0,0,0,0,0,0,7
27260230600,96843121,96828,93697,3,0,0,0.894134521484375,0,0.15750885009765625,0,-0.1318683624267578,0,0,0,0,0,0,0,0,0,0,0,0,0,0,0,7
27262443650,96845132,96830,93697,3,0,0,0.894134521484375,0,0.15750885009765625,0,-0.1318683624267578,0,0,0,0,0,0,0,0,0,0,0,0,0,0,0,7
27264656700,96847121,96832,93697,3,0,0,0.894134521484375,0,0.15750885009765625,0,-0.1318683624267578,0,0,0,0,0,0,0,0,0,0,0,0,0,0,0,7
27266869750,96849141,96834,93697,3,0,0,0.894134521484375,0,0.15750885009765625,0,-0.1318683624267578,0,0,0,0,0,0,0,0,0,0,0,0,0,0,0,7
27269082800,96851125,96836,93697,3,0,0,0.894134521484375,0,0.15750885009765625,0,-0.1318683624267578,0,0,0,0,0,0,0,0,0,0,0,0,0,0,0,7
27271295850,96852122,96837,93697,3,0,0,0.894134521484375,0,0.15750885009765625,0,-0.1318683624267578,0,0,0,0,0,0,0,0,0,0,0,0,0,0,0,7
27273508900,96856120,96841,93697,3,0,0,0.894134521484375,0,0.15750885009765625,0,-0.1318683624267578,0,0,0,0,0,0,0,0,0,0,0,0,0,0,0,7
27277035000,96859121,96844,93697,3,0,0,0.894134521484375,0,0.15750885009765625,0,-0.1318683624267578,0,0,0,0,0,0,0,0,0,0,0,0,0,0,0,7
27280561100,96861121,96846,93697,3,0,0,0.894134521484375,0,0.15750885009765625,0,-0.1318683624267578,0,0,0,0,0,0,0,0,0,0,0,0,0,0,0,7
27284087200,96864136,96849,93697,3,0,0,0.894134521484375,0,0.15750885009765625,0,-0.1318683624267578,0,0,0,0,0,0,0,0,0,0,0,0,0,0,0,7
27287613300,96868120,96853,93697,3,0,0,0.894134521484375,0,0.15750885009765625,0,-0.1318683624267578,0,0,0,0,0,0,0,0,0,0,0,0,0,0,0,7
27291139400,96871120,96856,93697,3,0,0,0.894134521484375,0,0.15750885009765625,0,-0.1318683624267578,0,0,0,0,0,0,0,0,0,0,0,0,0,0,0,7
27294665500,96874124,96859,93697,3,0,0,0.894134521484375,0,0.15750885009765625,0,-0.1318683624267578,0,0,0,0,0,0,0,0,0,0,0,0,0,0,0,7
27298191600,96878136,96863,93697,3,0,0,0.894134521484375,0,0.15750885009765625,0,-0.1318683624267578,0,0,0,0,0,0,0,0,0,0,0,0,0,0,0,7
27301717700,96882121,96867,93697,3,0,0,0.894134521484375,0,0.15750885009765625,0,-0.1318683624267578,0,0,0,0,0,0,0,0,0,0,0,0,0,0,0,7
27304293916,96890126,96875,93697,3,0,0,0.894134521484375,0,0.15750885009765625,0,-0.1318683624267578,0,0,0,0,0,0,0,0,0,0,0,0,0,0,0,7
27306895294,96892138,96877,93697,3,0,0,0.894134521484375,0,0.15750885009765625,0,-0.1318683624267578,0,0,0,0,0,0,0,0,0,0,0,0,0,0,0,7
27309496672,96894120,96879,93697,3,0,0,0.894134521484375,0,0.15750885009765625,0,-0.1318683624267578,0,0,0,0,0,0,0,0,0,0,0,0,0,0,0,7
27312098050,96896122,96881,93697,3,0,0,0.894134521484375,0,0.15750885009765625,0,-0.1318683624267578,0,0,0,0,0,0,0,0,0,0,0,0,0,0,0,7
27314699428,96898121,96883,93697,3,0,0,0.894134521484375,0,0.15750885009765625,0,-0.1318683624267578,0,0,0,0,0,0,0,0,0,0,0,0,0,0,0,7
27317300806,96900133,96885,93697,3,0,0,0.894134521484375,0,0.15750885009765625,0,-0.1318683624267578,0,0,0,0,0,0,0,0,0,0,0,0,0,0,0,7
27319902184,96902120,96887,93697,3,0,0,0.894134521484375,0,0.15750885009765625,0,-0.1318683624267578,0,0,0,0,0,0,0,0,0,0,0,0,0,0,0,7
27322503562,96904127,96889,93697,3,0,0,0.894134521484375,0,0.15750885009765625,0,-0.1318683624267578,0,0,0,0,0,0,0,0,0,0,0,0,0,0,0,7
27325104940,96909121,96894,93697,3,0,0,0.894134521484375,0,0.15750885009765625,0,-0.1318683624267578,0,0,0,0,0,0,0,0,0,0,0,0,0,0,0,7
27327706318,96912122,96897,93697,3,0,0,0.894134521484375,0,0.15750885009765625,0,-0.1318683624267578,0,0,0,0,0,0,0,0,0,0,0,0,0,0,0,7
27330307696,96914120,96899,93697,3,0,0,0.894134521484375,0,0.15750885009765625,0,-0.1318683624267578,0,0,0,0,0,0,0,0,0,0,0,0,0,0,0,7
27332909074,96916124,96901,93697,3,0,0,0.894134521484375,0,0.15750885009765625,0,-0.1318683624267578,0,0,0,0,0,0,0,0,0,0,0,0,0,0,0,7
27335510452,96918126,96904,93697,3,0,0,0.894134521484375,0,0.15750885009765625,0,-0.1318683624267578,0,0,0,0,0,0,0,0,0,0,0,0,0,0,0,7
27338111830,96921124,96906,93697,3,0,0,0.894134521484375,0,0.15750885009765625,0,-0.1318683624267578,0,0,0,0,0,0,0,0,0,0,0,0,0,0,0,7
27340713208,96924124,96909,93697,3,0,0,0.894134521484375,0,0.15750885009765625,0,-0.1318683624267578,0,0,0,0,0,0,0,0,0,0,0,0,0,0,0,7
27343314586,96926120,96911,93697,3,0,0,0.894134521484375,0,0.15750885009765625,0,-0.1318683624267578,0,0,0,0,0,0,0,0,0,0,0,0,0,0,0,7
27346009000,96929121,96914,93697,3,0,0,0.894134521484375,0,0.15750885009765625,0,-0.1318683624267578,0,0,0,0,0,0,0,0,0,0,0,0,0,0,0,7
27348703400,96931120,96916,93697,3,0,0,0.894134521484375,0,0.15750885009765625,0,-0.1318683624267578,0,0,0,0,0,0,0,0,0,0,0,0,0,0,0,7
27351397800,96933141,96918,93697,3,0,0,0.894134521484375,0,0.15750885009765625,0,-0.1318683624267578,0,0,0,0,0,0,0,0,0,0,0,0,0,0,0,7
27354092200,96936122,96921,93697,3,0,0,0.894134521484375,0,0.15750885009765625,0,-0.1318683624267578,0,0,0,0,0,0,0,0,0,0,0,0,0,0,0,7
27356786600,96938120,96923,93697,3,0,0,0.894134521484375,0,0.15750885009765625,0,-0.1318683624267578,0,0,0,0,0,0,0,0,0,0,0,0,0,0,0,7
27359481000,96940120,96925,93697,3,0,0,0.894134521484375,0,0.15750885009765625,0,-0.1318683624267578,0,0,0,0,0,0,0,0,0,0,0,0,0,0,0,7
27362175400,96943121,96928,93697,3,0,0,0.894134521484375,0,0.15750885009765625,0,-0.1318683624267578,0,0,0,0,0,0,0,0,0,0,0,0,0,0,0,7
27364869800,96946126,96931,93697,3,0,0,0.894134521484375,0,0.15750885009765625,0,-0.1318683624267578,0,0,0,0,0,0,0,0,0,0,0,0,0,0,0,7
27368298925,96951121,96936,93697,3,0,0,0.894134521484375,0,0.15750885009765625,0,-0.1318683624267578,0,0,0,0,0,0,0,0,0,0,0,0,0,0,0,7
27371728050,96954120,96939,93697,3,0,0,0.894134521484375,0,0.15750885009765625,0,-0.1318683624267578,0,0,0,0,0,0,0,0,0,0,0,0,0,0,0,7
27375157175,96957122,96942,93697,3,0,0,0.894134521484375,0,0.15750885009765625,0,-0.1318683624267578,0,0,0,0,0,0,0,0,0,0,0,0,0,0,0,7
27378586300,96960127,96945,93697,3,0,0,0.894134521484375,0,0.15750885009765625,0,-0.1318683624267578,0,0,0,0,0,0,0,0,0,0,0,0,0,0,0,7
27382015425,96963125,96948,93697,3,0,0,0.894134521484375,0,0.15750885009765625,0,-0.1318683624267578,0,0,0,0,0,0,0,0,0,0,0,0,0,0,0,7
27385444550,96967121,96952,93697,3,0,0,0.894134521484375,0,0.15750885009765625,0,-0.1318683624267578,0,0,0,0,0,0,0,0,0,0,0,0,0,0,0,7
27388873675,96970122,96955,93697,3,0,0,0.894134521484375,0,0.15750885009765625,0,-0.1318683624267578,0,0,0,0,0,0,0,0,0,0,0,0,0,0,0,7
27392302800,96973120,96958,93697,3,0,0,0.894134521484375,0,0.15750885009765625,0,-0.1318683624267578,0,0,0,0,0,0,0,0,0,0,0,0,0,0,0,7
27396194800,96978123,96963,93697,3,0,0,0.894134521484375,0,0.15750885009765625,0,-0.1318683624267578,0,0,0,0,0,0,0,0,0,0,0,0,0,0,0,7
27400086800,96981120,96966,93697,3,0,0,0.894134521484375,0,0.15750885009765625,0,-0.1318683624267578,0,0,0,0,0,0,0,0,0,0,0,0,0,0,0,7
27403978800,96984120,96969,93697,3,0,0,0.894134521484375,0,0.15750885009765625,0,-0.1318683624267578,0,0,0,0,0,0,0,0,0,0,0,0,0,0,0,7
27407870800,96988127,96973,93697,3,0,0,0.894134521484375,0,0.15750885009765625,0,-0.1318683624267578,0,0,0,0,0,0,0,0,0,0,0,0,0,0,0,7
27411762800,96992121,96977,93697,3,0,0,0.894134521484375,0,0.15750885009765625,0,-0.1318683624267578,0,0,0,0,0,0,0,0,0,0,0,0,0,0,0,7
27415654800,96995133,96980,93697,3,0,0,0.894134521484375,0,0.15750885009765625,0,-0.1318683624267578,0,0,0,0,0,0,0,0,0,0,0,0,0,0,0,7
27419546800,97000129,96985,93697,3,0,0,0.894134521484375,0,0.15750885009765625,0,-0.1318683624267578,0,0,0,0,0,0,0,0,0,0,0,0,0,0,0,7
27423438800,97004135,96989,93697,3,0,0,0.894134521484375,0,0.15750885009765625,0,-0.1318683624267578,0,0,0,0,0,0,0,0,0,0,0,0,0,0,0,7
27427569100,97014120,96999,93697,3,0,0,0.894134521484375,0,0.15750885009765625,0,-0.1318683624267578,0,0,0,0,0,0,0,0,0,0,0,0,0,0,0,7
27431699400,97016130,97001,93697,3,0,0,0.894134521484375,0,0.15750885009765625,0,-0.1318683624267578,0,0,0,0,0,0,0,0,0,0,0,0,0,0,0,7
27435829700,97019128,97004,93697,3,0,0,0.894134521484375,0,0.15750885009765625,0,-0.1318683624267578,0,0,0,0,0,0,0,0,0,0,0,0,0,0,0,7
27439960000,97024124,97009,93697,3,0,0,0.894134521484375,0,0.15750885009765625,0,-0.1318683624267578,0,0,0,0,0,0,0,0,0,0,0,0,0,0,0,7
27444090300,97027121,97012,93697,3,0,0,0.894134521484375,0,0.15750885009765625,0,-0.1318683624267578,0,0,0,0,0,0,0,0,0,0,0,0,0,0,0,7
27448220600,97030127,97015,93697,3,0,0,0.894134521484375,0,0.15750885009765625,0,-0.1318683624267578,0,0,0,0,0,0,0,0,0,0,0,0,0,0,0,7
27452350900,97034120,97019,93697,3,0,0,0.894134521484375,0,0.15750885009765625,0,-0.1318683624267578,0,0,0,0,0,0,0,0,0,0,0,0,0,0,0,7
27456481200,97037120,97022,93697,3,0,0,0.894134521484375,0,0.15750885009765625,0,-0.1318683624267578,0,0,0,0,0,0,0,0,0,0,0,0,0,0,0,7
27460556816,97044129,97029,93697,3,0,0,0.894134521484375,0,0.15750885009765625,0,-0.1318683624267578,0,0,0,0,0,0,0,0,0,0,0,0,0,0,0,7
27464632428,97047124,97032,93697,3,0,0,0.894134521484375,0,0.15750885009765625,0,-0.1318683624267578,0,0,0,0,0,0,0,0,0,0,0,0,0,0,0,7
27468708040,97051121,97036,93697,3,0,0,0.894134521484375,0,0.15750885009765625,0,-0.1318683624267578,0,0,0,0,0,0,0,0,0,0,0,0,0,0,0,7
27472783652,97055129,97040,93697,3,0,0,0.894134521484375,0,0.15750885009765625,0,-0.1318683624267578,0,0,0,0,0,0,0,0,0,0,0,0,0,0,0,7
27476859264,97058126,97043,93697,3,0,0,0.894134521484375,0,0.15750885009765625,0,-0.1318683624267578,0,0,0,0,0,0,0,0,0,0,0,0,0,0,0,7
27480934876,97061129,97046,93697,3,0,0,0.894134521484375,0,0.15750885009765625,0,-0.1318683624267578,0,0,0,0,0,0,0,0,0,0,0,0,0,0,0,7
27485010488,97066119,97051,93697,3,0,0,0.894134521484375,0,0.15750885009765625,0,-0.1318683624267578,0,0,0,0,0,0,0,0,0,0,0,0,0,0,0,7
27489086100,97070120,97055,93697,3,0,0,0.894134521484375,0,0.15750885009765625,0,-0.1318683624267578,0,0,0,0,0,0,0,0,0,0,0,0,0,0,0,7
27493438248,97076121,97061,93697,3,0,0,0.894134521484375,0,0.15750885009765625,0,-0.1318683624267578,0,0,0,0,0,0,0,0,0,0,0,0,0,0,0,7
27497790390,97080120,97065,93697,3,0,0,0.894134521484375,0,0.15750885009765625,0,-0.1318683624267578,0,0,0,0,0,0,0,0,0,0,0,0,0,0,0,7
27502142532,97084120,97069,93697,3,0,0,0.894134521484375,0,0.15750885009765625,0,-0.1318683624267578,0,0,0,0,0,0,0,0,0,0,0,0,0,0,0,7
27506494674,97088135,97073,93697,3,0,0,0.894134521484375,0,0.15750885009765625,0,-0.1318683624267578,0,0,0,0,0,0,0,0,0,0,0,0,0,0,0,7
27510846816,97092120,97077,93697,3,0,0,0.894134521484375,0,0.15750885009765625,0,-0.1318683624267578,0,0,0,0,0,0,0,0,0,0,0,0,0,0,0,7
27515198958,97095133,97080,93697,3,0,0,0.894134521484375,0,0.15750885009765625,0,-0.1318683624267578,0,0,0,0,0,0,0,0,0,0,0,0,0,0,0,7
27519551100,97099121,97084,93697,3,0,0,0.894134521484375,0,0.15750885009765625,0,-0.1318683624267578,0,0,0,0,0,0,0,0,0,0,0,0,0,0,0,7
27523092916,97108121,97093,93697,3,0,0,0.894134521484375,0,0.15750885009765625,0,-0.1318683624267578,0,0,0,0,0,0,0,0,0,0,0,0,0,0,0,7
27526634730,97111124,97096,93697,3,0,0,0.894134521484375,0,0.15750885009765625,0,-0.1318683624267578,0,0,0,0,0,0,0,0,0,0,0,0,0,0,0,7
27530176544,97115152,97100,93697,3,0,0,0.894134521484375,0,0.15750885009765625,0,-0.1318683624267578,0,0,0,0,0,0,0,0,0,0,0,0,0,0,0,7
27533718358,97118120,97103,93697,3,0,0,0.894134521484375,0,0.15750885009765625,0,-0.1318683624267578,0,0,0,0,0,0,0,0,0,0,0,0,0,0,0,7
27537260172,97122120,97107,93697,3,0,0,0.894134521484375,0,0.15750885009765625,0,-0.1318683624267578,0,0,0,0,0,0,0,0,0,0,0,0,0,0,0,7
27540801986,97124120,97109,93697,3,0,0,0.894134521484375,0,0.15750885009765625,0,-0.1318683624267578,0,0,0,0,0,0,0,0,0,0,0,0,0,0,0,7
27544343800,97126120,97111,93697,3,0,0,0.894134521484375,0,0.15750885009765625,0,-0.1318683624267578,0,0,0,0,0,0,0,0,0,0,0,0,0,0,0,7
27547690066,97132121,97117,93697,3,0,0,0.894134521484375,0,0.15750885009765625,0,-0.1318683624267578,0,0,0,0,0,0,0,0,0,0,0,0,0,0,0,7
27551036328,97134120,97119,93697,3,0,0,0.894134521484375,0,0.15750885009765625,0,-0.1318683624267578,0,0,0,0,0,0,0,0,0,0,0,0,0,0,0,7
27554382590,97136120,97121,93697,3,0,0,0.894134521484375,0,0.15750885009765625,0,-0.1318683624267578,0,0,0,0,0,0,0,0,0,0,0,0,0,0,0,7
27557728852,97139122,97124,93697,3,0,0,0.894134521484375,0,0.15750885009765625,0,-0.1318683624267578,0,0,0,0,0,0,0,0,0,0,0,0,0,0,0,7
27561075114,97141121,97126,93697,3,0,0,0.894134521484375,0,0.15750885009765625,0,-0.1318683624267578,0,0,0,0,0,0,0,0,0,0,0,0,0,0,0,7
27564421376,97144136,97129,93697,3,0,0,0.894134521484375,0,0.15750885009765625,0,-0.1318683624267578,0,0,0,0,0,0,0,0,0,0,0,0,0,0,0,7
27567767638,97148124,97133,93697,3,0,0,0.894134521484375,0,0.15750885009765625,0,-0.1318683624267578,0,0,0,0,0,0,0,0,0,0,0,0,0,0,0,7
27571113900,97152125,97137,93697,3,0,0,0.894134521484375,0,0.15750885009765625,0,-0.1318683624267578,0,0,0,0,0,0,0,0,0,0,0,0,0,0,0,7
27575445375,97159125,97144,93697,3,0,0,0.894134521484375,0,0.15750885009765625,0,-0.1318683624267578,0,0,0,0,0,0,0,0,0,0,0,0,0,0,0,7
27579776850,97163120,97148,93697,3,0,0,0.894134521484375,0,0.15750885009765625,0,-0.1318683624267578,0,0,0,0,0,0,0,0,0,0,0,0,0,0,0,7
27584108325,97167121,97152,93697,3,0,0,0.894134521484375,0,0.15750885009765625,0,-0.1318683624267578,0,0,0,0,0,0,0,0,0,0,0,0,0,0,0,7
27588439800,97171140,97156,93697,3,0,0,0.894134521484375,0,0.15750885009765625,0,-0.1318683624267578,0,0,0,0,0,0,0,0,0,0,0,0,0,0,0,7
27592771275,97175129,97160,93697,3,0,0,0.894134521484375,0,0.15750885009765625,0,-0.1318683624267578,0,0,0,0,0,0,0,0,0,0,0,0,0,0,0,7
27597102750,97179121,97164,93697,3,0,0,0.894134521484375,0,0.15750885009765625,0,-0.1318683624267578,0,0,0,0,0,0,0,0,0,0,0,0,0,0,0,7
27601434225,97182120,97167,93697,3,0,0,0.894134521484375,0,0.15750885009765625,0,-0.1318683624267578,0,0,0,0,0,0,0,0,0,0,0,0,0,0,0,7
27605765700,97186137,97171,93697,3,0,0,0.894134521484375,0,0.15750885009765625,0,-0.1318683624267578,0,0,0,0,0,0,0,0,0,0,0,0,0,0,0,7
27609329400,97192120,97177,93697,3,0,0,0.894134521484375,0,0.15750885009765625,0,-0.1318683624267578,0,0,0,0,0,0,0,0,0,0,0,0,0,0,0,7
27612893100,97195129,97180,93697,3,0,0,0.894134521484375,0,0.15750885009765625,0,-0.1318683624267578,0,0,0,0,0,0,0,0,0,0,0,0,0,0,0,7
27616456800,97199139,97184,93697,3,0,0,0.894134521484375,0,0.15750885009765625,0,-0.1318683624267578,0,0,0,0,0,0,0,0,0,0,0,0,0,0,0,7
27620020500,97202122,97187,93697,3,0,0,0.894134521484375,0,0.15750885009765625,0,-0.1318683624267578,0,0,0,0,0,0,0,0,0,0,0,0,0,0,0,7
27623584200,97206124,97191,93697,3,0,0,0.894134521484375,0,0.15750885009765625,0,-0.1318683624267578,0,0,0,0,0,0,0,0,0,0,0,0,0,0,0,7
27627147900,97208120,97193,93697,3,0,0,0.894134521484375,0,0.15750885009765625,0,-0.1318683624267578,0,0,0,0,0,0,0,0,0,0,0,0,0,0,0,7
27630711600,97212126,97197,93697,3,0,0,0.894134521484375,0,0.15750885009765625,0,-0.1318683624267578,0,0,0,0,0,0,0,0,0,0,0,0,0,0,0,7
27635149625,97219124,97204,93697,3,0,0,0.894134521484375,0,0.15750885009765625,0,-0.1318683624267578,0,0,0,0,0,0,0,0,0,0,0,0,0,0,0,7
27639587650,97223121,97208,93697,3,0,0,0.894134521484375,0,0.15750885009765625,0,-0.1318683624267578,0,0,0,0,0,0,0,0,0,0,0,0,0,0,0,7
27644025675,97226128,97211,93697,3,0,0,0.894134521484375,0,0.15750885009765625,0,-0.1318683624267578,0,0,0,0,0,0,0,0,0,0,0,0,0,0,0,7
27648463700,97230120,97215,93697,3,0,0,0.894134521484375,0,0.15750885009765625,0,-0.1318683624267578,0,0,0,0,0,0,0,0,0,0,0,0,0,0,0,7
27652901725,97235133,97220,93697,3,0,0,0.894134521484375,0,0.15750885009765625,0,-0.1318683624267578,0,0,0,0,0,0,0,0,0,0,0,0,0,0,0,7
27657339750,97239123,97224,93697,3,0,0,0.894134521484375,0,0.15750885009765625,0,-0.1318683624267578,0,0,0,0,0,0,0,0,0,0,0,0,0,0,0,7
27661777775,97243128,97228,93697,3,0,0,0.894134521484375,0,0.15750885009765625,0,-0.1318683624267578,0,0,0,0,0,0,0,0,0,0,0,0,0,0,0,7
27666215800,97247122,97232,93697,3,0,0,0.894134521484375,0,0.15750885009765625,0,-0.1318683624267578,0,0,0,0,0,0,0,0,0,0,0,0,0,0,0,7
27670662500,97258120,97243,93697,3,0,0,0.894134521484375,0,0.15750885009765625,0,-0.1318683624267578,0,0,0,0,0,0,0,0,0,0,0,0,0,0,0,7
27675109200,97262120,97247,93697,3,0,0,0.894134521484375,0,0.15750885009765625,0,-0.1318683624267578,0,0,0,0,0,0,0,0,0,0,0,0,0,0,0,7
27679555900,97266120,97251,93697,3,0,0,0.894134521484375,0,0.15750885009765625,0,-0.1318683624267578,0,0,0,0,0,0,0,0,0,0,0,0,0,0,0,7
27684002600,97270135,97255,93697,3,0,0,0.894134521484375,0,0.15750885009765625,0,-0.1318683624267578,0,0,0,0,0,0,0,0,0,0,0,0,0,0,0,7
27688449300,97273120,97258,93697,3,0,0,0.894134521484375,0,0.15750885009765625,0,-0.1318683624267578,0,0,0,0,0,0,0,0,0,0,0,0,0,0,0,7
27692896000,97276122,97261,93697,3,0,0,0.894134521484375,0,0.15750885009765625,0,-0.1318683624267578,0,0,0,0,0,0,0,0,0,0,0,0,0,0,0,7
27697342700,97278120,97263,93697,3,0,0,0.894134521484375,0,0.15750885009765625,0,-0.1318683624267578,0,0,0,0,0,0,0,0,0,0,0,0,0,0,0,7
27701012475,97284136,97269,93697,3,0,0,0.894134521484375,0,0.15750885009765625,0,-0.1318683624267578,0,0,0,0,0,0,0,0,0,0,0,0,0,0,0,7
27704682250,97286121,97271,93697,3,0,0,0.894134521484375,0,0.15750885009765625,0,-0.1318683624267578,0,0,0,0,0,0,0,0,0,0,0,0,0,0,0,7
27708352025,97290120,97275,93697,3,0,0,0.894134521484375,0,0.15750885009765625,0,-0.1318683624267578,0,0,0,0,0,0,0,0,0,0,0,0,0,0,0,7
27712021800,97294120,97279,93697,3,0,0,0.894134521484375,0,0.15750885009765625,0,-0.1318683624267578,0,0,0,0,0,0,0,0,0,0,0,0,0,0,0,7
27715691575,97298138,97283,93697,3,0,0,0.894134521484375,0,0.15750885009765625,0,-0.1318683624267578,0,0,0,0,0,0,0,0,0,0,0,0,0,0,0,7
27719361350,97301127,97286,93697,3,0,0,0.894134521484375,0,0.15750885009765625,0,-0.1318683624267578,0,0,0,0,0,0,0,0,0,0,0,0,0,0,0,7
27723031125,97305131,97290,93697,3,0,0,0.894134521484375,0,0.15750885009765625,0,-0.1318683624267578,0,0,0,0,0,0,0,0,0,0,0,0,0,0,0,7
27726700900,97308120,97293,93697,3,0,0,0.894134521484375,0,0.15750885009765625,0,-0.1318683624267578,0,0,0,0,0,0,0,0,0,0,0,0,0,0,0,7
27730261541,97314124,97299,93697,3,0,0,0.894134521484375,0,0.15750885009765625,0,-0.1318683624267578,0,0,0,0,0,0,0,0,0,0,0,0,0,0,0,7
27733822178,97318122,97303,93697,3,0,0,0.894134521484375,0,0.15750885009765625,0,-0.1318683624267578,0,0,0,0,0,0,0,0,0,0,0,0,0,0,0,7
27737382815,97321120,97306,93697,3,0,0,0.894134521484375,0,0.15750885009765625,0,-0.1318683624267578,0,0,0,0,0,0,0,0,0,0,0,0,0,0,0,7
27740943452,97324126,97309,93697,3,0,0,0.894134521484375,0,0.15750885009765625,0,-0.1318683624267578,0,0,0,0,0,0,0,0,0,0,0,0,0,0,0,7
27744504089,97327128,97312,93697,3,0,0,0.894134521484375,0,0.15750885009765625,0,-0.1318683624267578,0,0,0,0,0,0,0,0,0,0,0,0,0,0,0,7
27748064726,97330124,97315,93697,3,0,0,0.894134521484375,0,0.15750885009765625,0,-0.1318683624267578,0,0,0,0,0,0,0,0,0,0,0,0,0,0,0,7
27751625363,97333121,97318,93697,3,0,0,0.894134521484375,0,0.15750885009765625,0,-0.1318683624267578,0,0,0,0,0,0,0,0,0,0,0,0,0,0,0,7
27755186000,97337121,97322,93697,3,0,0,0.894134521484375,0,0.15750885009765625,0,-0.1318683624267578,0,0,0,0,0,0,0,0,0,0,0,0,0,0,0,7
27758351500,97342122,97327,93697,3,0,0,0.894134521484375,0,0.15750885009765625,0,-0.1318683624267578,0,0,0,0,0,0,0,0,0,0,0,0,0,0,0,7
27761517000,97344120,97329,93697,3,0,0,0.894134521484375,0,0.15750885009765625,0,-0.1318683624267578,0,0,0,0,0,0,0,0,0,0,0,0,0,0,0,7
27764682500,97346120,97331,93697,3,0,0,0.894134521484375,0,0.15750885009765625,0,-0.1318683624267578,0,0,0,0,0,0,0,0,0,0,0,0,0,0,0,7
27767848000,97349121,97334,93697,3,0,0,0.894134521484375,0,0.15750885009765625,0,-0.1318683624267578,0,0,0,0,0,0,0,0,0,0,0,0,0,0,0,7
27771013500,97352129,97337,93697,3,0,0,0.894134521484375,0,0.15750885009765625,0,-0.1318683624267578,0,0,0,0,0,0,0,0,0,0,0,0,0,0,0,7
27774179000,97356124,97341,93697,3,0,0,0.894134521484375,0,0.15750885009765625,0,-0.1318683624267578,0,0,0,0,0,0,0,0,0,0,0,0,0,0,0,7
27777344500,97359125,97344,93697,3,0,0,0.894134521484375,0,0.15750885009765625,0,-0.1318683624267578,0,0,0,0,0,0,0,0,0,0,0,0,0,0,0,7
27780510000,97362120,97347,93697,3,0,0,0.894134521484375,0,0.15750885009765625,0,-0.1318683624267578,0,0,0,0,0,0,0,0,0,0,0,0,0,0,0,7
27783629941,97369125,97354,93697,3,0,0,0.894134521484375,0,0.15750885009765625,0,-0.1318683624267578,0,0,0,0,0,0,0,0,0,0,0,0,0,0,0,7
27786749878,97372124,97357,93697,3,0,0,0.894134521484375,0,0.15750885009765625,0,-0.1318683624267578,0,0,0,0,0,0,0,0,0,0,0,0,0,0,0,7
27789869815,97375129,97360,93697,3,0,0,0.894134521484375,0,0.15750885009765625,0,-0.1318683624267578,0,0,0,0,0,0,0,0,0,0,0,0,0,0,0,7
27792989752,97377120,97362,93697,3,0,0,0.894134521484375,0,0.15750885009765625,0,-0.1318683624267578,0,0,0,0,0,0,0,0,0,0,0,0,0,0,0,7
27796109689,97379120,97364,93697,3,0,0,0.894134521484375,0,0.15750885009765625,0,-0.1318683624267578,0,0,0,0,0,0,0,0,0,0,0,0,0,0,0,7
27799229626,97382134,97367,93697,3,0,0,0.894134521484375,0,0.15750885009765625,0,-0.1318683624267578,0,0,0,0,0,0,0,0,0,0,0,0,0,0,0,7
27802349563,97384123,97369,93697,3,0,0,0.894134521484375,0,0.15750885009765625,0,-0.1318683624267578,0,0,0,0,0,0,0,0,0,0,0,0,0,0,0,7
27805469500,97387121,97372,93697,3,0,0,0.894134521484375,0,0.15750885009765625,0,-0.1318683624267578,0,0,0,0,0,0,0,0,0,0,0,0,0,0,0,7
27807871266,97391120,97376,93697,3,0,0,0.894134521484375,0,0.15750885009765625,0,-0.1318683624267578,0,0,0,0,0,0,0,0,0,0,0,0,0,0,0,7
27810343661,97393124,97379,93697,3,0,0,0.894134521484375,0,0.15750885009765625,0,-0.1318683624267578,0,0,0,0,0,0,0,0,0,0,0,0,0,0,0,7
27812816056,97396140,97381,93697,3,0,0,0.894134521484375,0,0.15750885009765625,0,-0.1318683624267578,0,0,0,0,0,0,0,0,0,0,0,0,0,0,0,7
27815288451,97398120,97383,93697,3,0,0,0.894134521484375,0,0.15750885009765625,0,-0.1318683624267578,0,0,0,0,0,0,0,0,0,0,0,0,0,0,0,7
27817760846,97401127,97386,93697,3,0,0,0.894134521484375,0,0.15750885009765625,0,-0.1318683624267578,0,0,0,0,0,0,0,0,0,0,0,0,0,0,0,7
27820233241,97403120,97388,93697,3,0,0,0.894134521484375,0,0.15750885009765625,0,-0.1318683624267578,0,0,0,0,0,0,0,0,0,0,0,0,0,0,0,7
27822705636,97405131,97390,93697,3,0,0,0.894134521484375,0,0.15750885009765625,0,-0.1318683624267578,0,0,0,0,0,0,0,0,0,0,0,0,0,0,0,7
27825178031,97407121,97392,93697,3,0,0,0.894134521484375,0,0.15750885009765625,0,-0.1318683624267578,0,0,0,0,0,0,0,0,0,0,0,0,0,0,0,7
27827650426,97410135,97395,93697,3,0,0,0.894134521484375,0,0.15750885009765625,0,-0.1318683624267578,0,0,0,0,0,0,0,0,0,0,0,0,0,0,0,7
27830122821,97412120,97397,93697,3,0,0,0.894134521484375,0,0.15750885009765625,0,-0.1318683624267578,0,0,0,0,0,0,0,0,0,0,0,0,0,0,0,7
27832595216,97414124,97399,93697,3,0,0,0.894134521484375,0,0.15750885009765625,0,-0.1318683624267578,0,0,0,0,0,0,0,0,0,0,0,0,0,0,0,7
27835067611,97417125,97402,93697,3,0,0,0.894134521484375,0,0.15750885009765625,0,-0.1318683624267578,0,0,0,0,0,0,0,0,0,0,0,0,0,0,0,7
27837540006,97419120,97404,93697,3,0,0,0.894134521484375,0,0.15750885009765625,0,-0.1318683624267578,0,0,0,0,0,0,0,0,0,0,0,0,0,0,0,7
27840012401,97421123,97406,93697,3,0,0,0.894134521484375,0,0.15750885009765625,0,-0.1318683624267578,0,0,0,0,0,0,0,0,0,0,0,0,0,0,0,7
27842484796,97424134,97409,93697,3,0,0,0.894134521484375,0,0.15750885009765625,0,-0.1318683624267578,0,0,0,0,0,0,0,0,0,0,0,0,0,0,0,7
27844957191,97427120,97412,93697,3,0,0,0.894134521484375,0,0.15750885009765625,0,-0.1318683624267578,0,0,0,0,0,0,0,0,0,0,0,0,0,0,0,7
27847951525,97432120,97417,93698,3,0,0,0.012463569641113281,0,-0.0036630630493164062,0,-0.0048847198486328125,0,0,0,0,0,0,0,0,0,0,0,0,0,0,0,7
27850945850,97434122,97419,93700,3,0,0,0.012463569641113281,0,-0.0036630630493164062,0,-0.0048847198486328125,0,0,0,0,0,0,0,0,0,0,0,0,0,0,0,7
27853940175,97437130,97422,93703,3,0,0,0.012463569641113281,0,-0.0036630630493164062,0,-0.0048847198486328125,0,0,0,0,0,0,0,0,0,0,0,0,0,0,0,7
27856934500,97440120,97425,93706,3,0,0,0.009778976440429688,0,-0.3919410705566406,0,0.1904754638671875,0,0,0,0,0,0,0,0,0,0,0,0,0,0,0,7
27859928825,97442122,97427,93708,3,0,0,0.009395599365234375,0,-0.28937721252441406,0,0.24908447265625,0,0,0,0,0,0,0,0,0,0,0,0,0,0,0,7
27862923150,97445129,97430,93711,3,0,0,0.008245468139648438,0,-0.27472496032714844,0,0.34676361083984375,0,0,0,0,0,0,0,0,0,0,0,0,0,0,0,7
27865917475,97448120,97433,93714,3,0,0,0.007861137390136719,0,-0.28205108642578125,0,0.47374916076660156,0,0,0,0,0,0,0,0,0,0,0,0,0,0,0,7
27868911800,97451145,97436,93717,3,0,0,0.007094383239746094,0,-0.2673988342285156,0,0.5030517578125,0,0,0,0,0,0,0,0,0,0,0,0,0,0,0,7
27872310166,97456120,97441,93722,3,0,0,0.006327629089355469,0,-0.20146560668945312,0,0.376068115234375,0,0,0,0,0,0,0,0,0,0,0,0,0,0,0,7
27875708528,97459125,97444,93725,3,0,0,0.005177497863769531,0,-0.2600736618041992,0,0.4835166931152344,0,0,0,0,0,0,0,0,0,0,0,0,0,0,0,7
27879106890,97463123,97448,93729,3,0,0,0.0044097900390625,0,-0.23076915740966797,0,0.4346771240234375,0,0,0,0,0,0,0,0,0,0,0,0,0,0,0,7
27882505252,97466134,97451,93732,3,0,0,0.0044097900390625,0,-0.17216110229492188,0,0.3174610137939453,0,0,0,0,0,0,0,0,0,0,0,0,0,0,0,7
27885903614,97469121,97454,93735,3,0,0,0.003643035888671875,0,-0.15018272399902344,0,0.3272285461425781,0,0,0,0,0,0,0,0,0,0,0,0,0,0,0,7
27889301976,97472124,97457,93738,3,0,0,0.00287628173828125,0,-0.22344303131103516,0,0.41514015197753906,0,0,0,0,0,0,0,0,0,0,0,0,0,0,0,7
27892700338,97475133,97460,93741,3,0,0,0.0024929046630859375,0,-0.23076915740966797,0,0.41514015197753906,0,0,0,0,0,0,0,0,0,0,0,0,0,0,0,7
27896098700,97477121,97462,93743,3,0,0,0.002109527587890625,0,-0.15750885009765625,0,0.3076915740966797,0,0,0,0,0,0,0,0,0,0,0,0,0,0,0,7
27900549600,97487122,97472,93753,3,0,0,0.0009584426879882812,0,-0.15018272399902344,0,0.2686195373535156,0,0,0,0,0,0,0,0,0,0,0,0,0,0,0,7
27905000500,97490120,97475,93757,3,0,0,0.0005750656127929688,0,-0.15018272399902344,0,0.2979240417480469,0,0,0,0,0,0,0,0,0,0,0,0,0,0,0,7
27909451400,97494135,97479,93760,3,0,0,-0.00019168853759765625,0,-0.15018272399902344,0,0.28815650939941406,0,0,0,0,0,0,0,0,0,0,0,0,0,0,0,7
27913902300,97497121,97482,93764,3,0,0,-0.00019168853759765625,0,-0.11355304718017578,0,0.21001243591308594,0,0,0,0,0,0,0,0,0,0,0,0,0,0,0,7
27918353200,97502121,97487,93768,3,0,0,-0.0005750656127929688,0,-0.07692337036132812,0,0.1807079315185547,0,0,0,0,0,0,0,0,0,0,0,0,0,0,0,7
27922804100,97506126,97491,93772,3,0,0,-0.0005750656127929688,0,-0.05494499206542969,0,0.16117286682128906,0,0,0,0,0,0,0,0,0,0,0,0,0,0,0,7
27927255000,97510120,97495,93776,3,0,0,-0.0009584426879882812,0,-0.05494499206542969,0,0.122100830078125,0,0,0,0,0,0,0,0,0,0,0,0,0,0,0,7
27931705900,97513122,97498,93779,3,0,0,-0.0009584426879882812,0,-0.03296661376953125,0,0.10256385803222656,0,0,0,0,0,0,0,0,0,0,0,0,0,0,0,7
27935024066,97519121,97504,93785,3,0,0,-0.0013418197631835938,0,-0.04029273986816406,0,0.07325935363769531,0,0,0,0,0,0,0,0,0,0,0,0,0,0,0,7
27938030094,97522134,97507,93788,3,0,0,-0.0013418197631835938,0,-0.01831531524658203,0,0.043956756591796875,0,0,0,0,0,0,0,0,0,0,0,0,0,0,0,7
27941036122,97525133,97510,93791,3,0,0,-0.0013418197631835938,0,-0.01831531524658203,0,0.024419784545898438,0,0,0,0,0,0,0,0,0,0,0,0,0,0,0,7
27944042150,97527121,97512,93793,3,0,0,-0.0013418197631835938,0,-0.0036630630493164062,0,0.014652252197265625,0,0,0,0,0,0,0,0,0,0,0,0,0,0,0,7
27947048178,97530124,97515,93796,3,0,0,-0.0013418197631835938,0,-0.0036630630493164062,0,0.0048847198486328125,0,0,0,0,0,0,0,0,0,0,0,0,0,0,0,7
27950054206,97533124,97518,93799,3,0,0,-0.0013418197631835938,0,0.0036630630493164062,0,-0.0048847198486328125,0,0,0,0,0,0,0,0,0,0,0,0,0,0,0,7
27953060234,97537127,97522,93803,3,0,0,-0.0009584426879882812,0,-0.010989189147949219,0,-0.024419784545898438,0,0,0,0,0,0,0,0,0,0,0,0,0,0,0,7
27956066262,97540120,97525,93806,3,0,0,-0.0009584426879882812,0,0.010989189147949219,0,-0.05372428894042969,0,0,0,0,0,0,0,0,0,0,0,0,0,0,0,7
27959072290,97544121,97529,93810,3,0,0,-0.0009584426879882812,0,0.010989189147949219,0,-0.05372428894042969,0,0,0,0,0,0,0,0,0,0,0,0,0,0,0,7
27962078318,97547121,97532,93813,3,0,0,-0.0009584426879882812,0,0.0036630630493164062,0,-0.0634918212890625,0,0,0,0,0,0,0,0,0,0,0,0,0,0,0,7
27965084346,97549130,97534,93815,3,0,0,-0.0009584426879882812,0,0.01831531524658203,0,-0.07325935363769531,0,0,0,0,0,0,0,0,0,0,0,0,0,0,0,7
27968090374,97552123,97537,93818,3,0,0,-0.0009584426879882812,0,0.01831531524658203,0,-0.07325935363769531,0,0,0,0,0,0,0,0,0,0,0,0,0,0,0,7
27971096402,97554124,97539,93820,3,0,0,-0.0005750656127929688,0,0.01831531524658203,0,-0.08302879333496094,0,0,0,0,0,0,0,0,0,0,0,0,0,0,0,7
27974102430,97557121,97542,93823,3,0,0,-0.0005750656127929688,0,0.03296661376953125,0,-0.08302879333496094,0,0,0,0,0,0,0,0,0,0,0,0,0,0,0,7
27977108458,97559124,97544,93825,3,0,0,-0.0005750656127929688,0,0.010989189147949219,0,-0.09279632568359375,0,0,0,0,0,0,0,0,0,0,0,0,0,0,0,7
27980114486,97562130,97547,93828,3,0,0,-0.0005750656127929688,0,0.03296661376953125,0,-0.10256385803222656,0,0,0,0,0,0,0,0,0,0,0,0,0,0,0,7
27983526691,97568121,97553,93834,3,0,0,-0.00019168853759765625,0,0.025641441345214844,0,-0.10256385803222656,0,0,0,0,0,0,0,0,0,0,0,0,0,0,0,7
27986938878,97571123,97556,93837,3,0,0,-0.00019168853759765625,0,0.04029273986816406,0,-0.11233139038085938,0,0,0,0,0,0,0,0,0,0,0,0,0,0,0,7
27990351065,97574122,97559,93840,3,0,0,-0.00019168853759765625,0,0.025641441345214844,0,-0.122100830078125,0,0,0,0,0,0,0,0,0,0,0,0,0,0,0,7
27993763252,97576127,97562,93843,3,0,0,0.00019168853759765625,0,0.03296661376953125,0,-0.11233139038085938,0,0,0,0,0,0,0,0,0,0,0,0,0,0,0,7
27997175439,97579123,97564,93845,3,0,0,0.00019168853759765625,0,0.03296661376953125,0,-0.11233139038085938,0,0,0,0,0,0,0,0,0,0,0,0,0,0,0,7
28000587626,97584120,97569,93850,3,0,0,0.00019168853759765625,0,0.047618865966796875,0,-0.122100830078125,0,0,0,0,0,0,0,0,0,0,0,0,0,0,0,7
28003999813,97587123,97572,93853,3,0,0,0.0005750656127929688,0,0.03296661376953125,0,-0.1318683624267578,0,0,0,0,0,0,0,0,0,0,0,0,0,0,0,7
28007412000,97590126,97575,93856,3,0,0,0.0005750656127929688,0,0.047618865966796875,0,-0.15140342712402344,0,0,0,0,0,0,0,0,0,0,0,0,0,0,0,7
28010888491,97597121,97582,93863,3,0,0,0.0013418197631835938,0,0.06959724426269531,0,-0.17094039916992188,0,0,0,0,0,0,0,0,0,0,0,0,0,0,0,7
28014364978,97600131,97585,93866,3,0,0,0.0013418197631835938,0,0.07692337036132812,0,-0.17094039916992188,0,0,0,0,0,0,0,0,0,0,0,0,0,0,0,7
28017841465,97603123,97588,93869,3,0,0,0.0017251968383789062,0,0.06959724426269531,0,-0.16117286682128906,0,0,0,0,0,0,0,0,0,0,0,0,0,0,0,7
28021317952,97606134,97591,93872,3,0,0,0.002109527587890625,0,0.05494499206542969,0,-0.15140342712402344,0,0,0,0,0,0,0,0,0,0,0,0,0,0,0,7
28024794439,97609121,97594,93875,3,0,0,0.002109527587890625,0,0.0622711181640625,0,-0.15140342712402344,0,0,0,0,0,0,0,0,0,0,0,0,0,0,0,7
28028270926,97612124,97597,93878,3,0,0,0.002109527587890625,0,0.047618865966796875,0,-0.14163589477539062,0,0,0,0,0,0,0,0,0,0,0,0,0,0,0,7
28031747413,97615129,97600,93881,3,0,0,0.002109527587890625,0,0.047618865966796875,0,-0.14163589477539062,0,0,0,0,0,0,0,0,0,0,0,0,0,0,0,7
28035223900,97617125,97602,93883,3,0,0,0.0024929046630859375,0,0.047618865966796875,0,-0.14163589477539062,0,0,0,0,0,0,0,0,0,0,0,0,0,0,0,7
28038062200,97621122,97606,93887,3,0,0,0.0024929046630859375,0,0.04029273986816406,0,-0.1318683624267578,0,0,0,0,0,0,0,0,0,0,0,0,0,0,0,7
28040900500,97624122,97609,93890,3,0,0,0.0024929046630859375,0,0.04029273986816406,0,-0.122100830078125,0,0,0,0,0,0,0,0,0,0,0,0,0,0,0,7
28043738800,97626121,97611,93892,3,0,0,0.0024929046630859375,0,0.04029273986816406,0,-0.122100830078125,0,0,0,0,0,0,0,0,0,0,0,0,0,0,0,7
28046577100,97628125,97613,93894,3,0,0,0.00287628173828125,0,0.04029273986816406,0,-0.122100830078125,0,0,0,0,0,0,0,0,0,0,0,0,0,0,0,7
28049415400,97631121,97616,93897,3,0,0,0.00287628173828125,0,0.04029273986816406,0,-0.122100830078125,0,0,0,0,0,0,0,0,0,0,0,0,0,0,0,7
28052253700,97633137,97618,93899,3,0,0,0.00287628173828125,0,0.04029273986816406,0,-0.11233139038085938,0,0,0,0,0,0,0,0,0,0,0,0,0,0,0,7
28055092000,97636120,97621,93902,3,0,0,0.00287628173828125,0,0.03296661376953125,0,-0.122100830078125,0,0,0,0,0,0,0,0,0,0,0,0,0,0,0,7
28057930300,97639121,97624,93905,3,0,0,0.0032596588134765625,0,0.04029273986816406,0,-0.122100830078125,0,0,0,0,0,0,0,0,0,0,0,0,0,0,0,7
28060935616,97645131,97630,93911,3,0,0,0.0032596588134765625,0,0.03296661376953125,0,-0.122100830078125,0,0,0,0,0,0,0,0,0,0,0,0,0,0,0,7
28063940928,97647130,97632,93913,3,0,0,0.003643035888671875,0,0.04029273986816406,0,-0.122100830078125,0,0,0,0,0,0,0,0,0,0,0,0,0,0,0,7
28066946240,97650130,97635,93916,3,0,0,0.003643035888671875,0,0.047618865966796875,0,-0.122100830078125,0,0,0,0,0,0,0,0,0,0,0,0,0,0,0,7
28069951552,97652123,97637,93918,3,0,0,0.003643035888671875,0,0.05494499206542969,0,-0.1318683624267578,0,0,0,0,0,0,0,0,0,0,0,0,0,0,0,7
28072956864,97655130,97640,93921,3,0,0,0.0040264129638671875,0,0.047618865966796875,0,-0.122100830078125,0,0,0,0,0,0,0,0,0,0,0,0,0,0,0,7
28075962176,97658122,97643,93924,3,0,0,0.0040264129638671875,0,0.05494499206542969,0,-0.122100830078125,0,0,0,0,0,0,0,0,0,0,0,0,0,0,0,7
28078967488,97661129,97646,93927,3,0,0,0.0040264129638671875,0,0.05494499206542969,0,-0.11233139038085938,0,0,0,0,0,0,0,0,0,0,0,0,0,0,0,7
28081972800,97664121,97649,93930,3,0,0,0.0040264129638671875,0,0.03296661376953125,0,-0.11233139038085938,0,0,0,0,0,0,0,0,0,0,0,0,0,0,0,7
28085087400,97668120,97653,93934,3,0,0,0.0044097900390625,0,0.01831531524658203,0,-0.10256385803222656,0,0,0,0,0,0,0,0,0,0,0,0,0,0,0,7
28088202000,97670124,97655,93936,3,0,0,0.0044097900390625,0,0.01831531524658203,0,-0.09279632568359375,0,0,0,0,0,0,0,0,0,0,0,0,0,0,0,7
28091316600,97673121,97658,93939,3,0,0,0.0044097900390625,0,0.025641441345214844,0,-0.08302879333496094,0,0,0,0,0,0,0,0,0,0,0,0,0,0,0,7
28094431200,97675146,97660,93941,3,0,0,0.0044097900390625,0,0.01831531524658203,0,-0.08302879333496094,0,0,0,0,0,0,0,0,0,0,0,0,0,0,0,7
28097545800,97678124,97663,93944,3,0,0,0.0044097900390625,0,0.010989189147949219,0,-0.0634918212890625,0,0,0,0,0,0,0,0,0,0,0,0,0,0,0,7
28100660400,97681121,97666,93948,3,0,0,0.0044097900390625,0,0.010989189147949219,0,-0.043956756591796875,0,0,0,0,0,0,0,0,0,0,0,0,0,0,0,7
28103775000,97685129,97670,93951,3,0,0,0.0044097900390625,0,0.0036630630493164062,0,-0.043956756591796875,0,0,0,0,0,0,0,0,0,0,0,0,0,0,0,7
28106889600,97689131,97674,93955,3,0,0,0.0044097900390625,0,0.0036630630493164062,0,-0.024419784545898438,0,0,0,0,0,0,0,0,0,0,0,0,0,0,0,7
28110029816,97693120,97678,93959,3,0,0,0.0044097900390625,0,0.0036630630493164062,0,-0.024419784545898438,0,0,0,0,0,0,0,0,0,0,0,0,0,0,0,7
28113170028,97696121,97681,93962,3,0,0,0.0044097900390625,0,0.0036630630493164062,0,-0.014652252197265625,0,0,0,0,0,0,0,0,0,0,0,0,0,0,0,7
28116310240,97699125,97684,93965,3,0,0,0.0044097900390625,0,-0.0036630630493164062,0,-0.0048847198486328125,0,0,0,0,0,0,0,0,0,0,0,0,0,0,0,7
28119450452,97701123,97686,93967,3,0,0,0.0044097900390625,0,-0.0036630630493164062,0,-0.0048847198486328125,0,0,0,0,0,0,0,0,0,0,0,0,0,0,0,7
28122590664,97705134,97690,93971,3,0,0,0.0044097900390625,0,-0.010989189147949219,0,-0.014652252197265625,0,0,0,0,0,0,0,0,0,0,0,0,0,0,0,7
28125730876,97708123,97693,93974,3,0,0,0.0044097900390625,0,-0.01831531524658203,0,-0.014652252197265625,0,0,0,0,0,0,0,0,0,0,0,0,0,0,0,7
28128871088,97710120,97696,93977,3,0,0,0.0044097900390625,0,-0.0036630630493164062,0,-0.014652252197265625,0,0,0,0,0,0,0,0,0,0,0,0,0,0,0,7
28132011300,97713121,97699,93980,3,0,0,0.0044097900390625,0,-0.01831531524658203,0,-0.0048847198486328125,0,0,0,0,0,0,0,0,0,0,0,0,0,0,0,7
28135320275,97721121,97706,93987,3,0,0,0.0047931671142578125,0,0.010989189147949219,0,-0.0048847198486328125,0,0,0,0,0,0,0,0,0,0,0,0,0,0,0,7
28138629250,97724121,97709,93990,3,0,0,0.0047931671142578125,0,-0.010989189147949219,0,-0.0048847198486328125,0,0,0,0,0,0,0,0,0,0,0,0,0,0,0,7
28141938225,97726120,97711,93992,3,0,0,0.0047931671142578125,0,-0.010989189147949219,0,-0.0048847198486328125,0,0,0,0,0,0,0,0,0,0,0,0,0,0,0,7
28145247200,97729121,97714,93995,3,0,0,0.0044097900390625,0,-0.0036630630493164062,0,-0.0048847198486328125,0,0,0,0,0,0,0,0,0,0,0,0,0,0,0,7
28148556175,97732137,97717,93998,3,0,0,0.0047931671142578125,0,-0.0036630630493164062,0,-0.014652252197265625,0,0,0,0,0,0,0,0,0,0,0,0,0,0,0,7
28151865150,97735129,97720,94001,3,0,0,0.0047931671142578125,0,-0.010989189147949219,0,-0.0048847198486328125,0,0,0,0,0,0,0,0,0,0,0,0,0,0,0,7
28155174125,97738120,97723,94004,3,0,0,0.0044097900390625,0,0.0036630630493164062,0,-0.0048847198486328125,0,0,0,0,0,0,0,0,0,0,0,0,0,0,0,7
28158483100,97740122,97725,94006,3,0,0,0.0044097900390625,0,-0.01831531524658203,0,-0.0048847198486328125,0,0,0,0,0,0,0,0,0,0,0,0,0,0,0,7
28161419766,97745140,97730,94011,3,0,0,0.0044097900390625,0,-0.010989189147949219,0,-0.014652252197265625,0,0,0,0,0,0,0,0,0,0,0,0,0,0,0,7
28164356428,97747125,97732,94013,3,0,0,0.0044097900390625,0,-0.010989189147949219,0,-0.014652252197265625,0,0,0,0,0,0,0,0,0,0,0,0,0,0,0,7
28167293090,97750129,97735,94016,3,0,0,0.0047931671142578125,0,0.01831531524658203,0,-0.014652252197265625,0,0,0,0,0,0,0,0,0,0,0,0,0,0,0,7
28170229752,97753122,97738,94019,3,0,0,0.0044097900390625,0,-0.0036630630493164062,0,-0.014652252197265625,0,0,0,0,0,0,0,0,0,0,0,0,0,0,0,7
28173166414,97755129,97740,94021,3,0,0,0.0044097900390625,0,-0.0036630630493164062,0,-0.014652252197265625,0,0,0,0,0,0,0,0,0,0,0,0,0,0,0,7
28176103076,97758127,97743,94024,3,0,0,0.0044097900390625,0,-0.0036630630493164062,0,-0.0048847198486328125,0,0,0,0,0,0,0,0,0,0,0,0,0,0,0,7
28179039738,97760135,97745,94026,3,0,0,0.0044097900390625,0,-0.01831531524658203,0,-0.0048847198486328125,0,0,0,0,0,0,0,0,0,0,0,0,0,0,0,7
28181976400,97763121,97748,94029,3,0,0,0.0044097900390625,0,0.0036630630493164062,0,-0.0048847198486328125,0,0,0,0,0,0,0,0,0,0,0,0,0,0,0,7
28184917500,97768121,97754,94035,3,0,0,0.0047931671142578125,0,0.01831531524658203,0,-0.0048847198486328125,0,0,0,0,0,0,0,0,0,0,0,0,0,0,0,7
28187858600,97771121,97756,94037,3,0,0,0.0044097900390625,0,0.0036630630493164062,0,-0.014652252197265625,0,0,0,0,0,0,0,0,0,0,0,0,0,0,0,7
28190799700,97774130,97759,94040,3,0,0,0.0044097900390625,0,-0.010989189147949219,0,-0.014652252197265625,0,0,0,0,0,0,0,0,0,0,0,0,0,0,0,7
28193740800,97777122,97762,94043,3,0,0,0.0044097900390625,0,-0.0036630630493164062,0,-0.014652252197265625,0,0,0,0,0,0,0,0,0,0,0,0,0,0,0,7
28196681900,97780120,97765,94046,3,0,0,0.0047931671142578125,0,0.0036630630493164062,0,-0.014652252197265625,0,0,0,0,0,0,0,0,0,0,0,0,0,0,0,7
28199623000,97782121,97767,94048,3,0,0,0.0044097900390625,0,-0.010989189147949219,0,-0.0048847198486328125,0,0,0,0,0,0,0,0,0,0,0,0,0,0,0,7
28202564100,97785129,97770,94051,3,0,0,0.0044097900390625,0,-0.010989189147949219,0,-0.014652252197265625,0,0,0,0,0,0,0,0,0,0,0,0,0,0,0,7
28205505200,97787141,97772,94053,3,0,0,0.0047931671142578125,0,0.0036630630493164062,0,-0.014652252197265625,0,0,0,0,0,0,0,0,0,0,0,0,0,0,0,7
28208621750,97792120,97777,94058,3,0,0,0.0047931671142578125,0,-0.0036630630493164062,0,-0.0048847198486328125,0,0,0,0,0,0,0,0,0,0,0,0,0,0,0,7
28211738300,97795131,97780,94061,3,0,0,0.0044097900390625,0,-0.0036630630493164062,0,-0.014652252197265625,0,0,0,0,0,0,0,0,0,0,0,0,0,0,0,7
28214854850,97798122,97783,94064,3,0,0,0.0044097900390625,0,0.0036630630493164062,0,-0.014652252197265625,0,0,0,0,0,0,0,0,0,0,0,0,0,0,0,7
28217971400,97801143,97786,94067,3,0,0,0.0044097900390625,0,0.0036630630493164062,0,-0.0048847198486328125,0,0,0,0,0,0,0,0,0,0,0,0,0,0,0,7
28221087950,97803123,97788,94069,3,0,0,0.0047931671142578125,0,-0.0036630630493164062,0,-0.0048847198486328125,0,0,0,0,0,0,0,0,0,0,0,0,0,0,0,7
28224204500,97806122,97791,94072,3,0,0,0.0047931671142578125,0,-0.01831531524658203,0,-0.0048847198486328125,0,0,0,0,0,0,0,0,0,0,0,0,0,0,0,7
28227321050,97808120,97793,94074,3,0,0,0.0044097900390625,0,-0.01831531524658203,0,-0.014652252197265625,0,0,0,0,0,0,0,0,0,0,0,0,0,0,0,7
28230437600,97812120,97797,94078,3,0,0,0.0044097900390625,0,-0.0036630630493164062,0,-0.024419784545898438,0,0,0,0,0,0,0,0,0,0,0,0,0,0,0,7
28233628400,97817120,97802,94083,3,0,0,0.0044097900390625,0,-0.010989189147949219,0,-0.014652252197265625,0,0,0,0,0,0,0,0,0,0,0,0,0,0,0,7
28236819200,97819123,97804,94085,3,0,0,0.0044097900390625,0,-0.0036630630493164062,0,-0.014652252197265625,0,0,0,0,0,0,0,0,0,0,0,0,0,0,0,7
28240010000,97823124,97808,94089,3,0,0,0.0047931671142578125,0,-0.0036630630493164062,0,-0.0048847198486328125,0,0,0,0,0,0,0,0,0,0,0,0,0,0,0,7
28243200800,97826120,97811,94092,3,0,0,0.0047931671142578125,0,0.0036630630493164062,0,-0.014652252197265625,0,0,0,0,0,0,0,0,0,0,0,0,0,0,0,7
28246391600,97829141,97814,94095,3,0,0,0.0044097900390625,0,-0.010989189147949219,0,-0.014652252197265625,0,0,0,0,0,0,0,0,0,0,0,0,0,0,0,7
28249582400,97832124,97817,94098,3,0,0,0.0044097900390625,0,-0.010989189147949219,0,-0.0048847198486328125,0,0,0,0,0,0,0,0,0,0,0,0,0,0,0,7
28252773200,97835131,97820,94101,3,0,0,0.0044097900390625,0,0.0036630630493164062,0,-0.0048847198486328125,0,0,0,0,0,0,0,0,0,0,0,0,0,0,0,7
28255964000,97837121,97822,94103,3,0,0,0.0044097900390625,0,0.0036630630493164062,0,-0.0048847198486328125,0,0,0,0,0,0,0,0,0,0,0,0,0,0,0,7
28259500800,97846120,97831,94112,3,0,0,0.0044097900390625,0,-0.010989189147949219,0,-0.014652252197265625,0,0,0,0,0,0,0,0,0,0,0,0,0,0,0,7
28263037600,97849124,97834,94115,3,0,0,0.0047931671142578125,0,-0.0036630630493164062,0,-0.014652252197265625,0,0,0,0,0,0,0,0,0,0,0,0,0,0,0,7
28266574400,97851121,97837,94118,3,0,0,0.0044097900390625,0,-0.0036630630493164062,0,-0.0048847198486328125,0,0,0,0,0,0,0,0,0,0,0,0,0,0,0,7
28270111200,97854120,97839,94120,3,0,0,0.0044097900390625,0,-0.010989189147949219,0,-0.0048847198486328125,0,0,0,0,0,0,0,0,0,0,0,0,0,0,0,7
28273648000,97857145,97842,94123,3,0,0,0.0044097900390625,0,0.0036630630493164062,0,-0.014652252197265625,0,0,0,0,0,0,0,0,0,0,0,0,0,0,0,7
28277184800,97860122,97845,94126,3,0,0,0.0047931671142578125,0,0.010989189147949219,0,-0.014652252197265625,0,0,0,0,0,0,0,0,0,0,0,0,0,0,0,7
28280721600,97862120,97847,94128,3,0,0,0.0044097900390625,0,-0.010989189147949219,0,-0.014652252197265625,0,0,0,0,0,0,0,0,0,0,0,0,0,0,0,7
28284258400,97864123,97850,94131,3,0,0,0.0044097900390625,0,-0.0036630630493164062,0,-0.014652252197265625,0,0,0,0,0,0,0,0,0,0,0,0,0,0,0,7
28287217575,97871141,97856,94137,3,0,0,0.0047931671142578125,0,-0.010989189147949219,0,-0.014652252197265625,0,0,0,0,0,0,0,0,0,0,0,0,0,0,0,7
28290176750,97874120,97859,94140,3,0,0,0.0044097900390625,0,0.010989189147949219,0,-0.014652252197265625,0,0,0,0,0,0,0,0,0,0,0,0,0,0,0,7
28293135925,97877123,97862,94143,3,0,0,0.0044097900390625,0,-0.01831531524658203,0,-0.014652252197265625,0,0,0,0,0,0,0,0,0,0,0,0,0,0,0,7
28296095100,97879121,97864,94145,3,0,0,0.0044097900390625,0,0.0036630630493164062,0,-0.014652252197265625,0,0,0,0,0,0,0,0,0,0,0,0,0,0,0,7
28299054275,97882122,97867,94148,3,0,0,0.0044097900390625,0,0.0036630630493164062,0,-0.014652252197265625,0,0,0,0,0,0,0,0,0,0,0,0,0,0,0,7
28302013450,97885151,97870,94151,3,0,0,0.0044097900390625,0,0.0036630630493164062,0,-0.014652252197265625,0,0,0,0,0,0,0,0,0,0,0,0,0,0,0,7
28304972625,97887121,97872,94153,3,0,0,0.0047931671142578125,0,0.0036630630493164062,0,-0.014652252197265625,0,0,0,0,0,0,0,0,0,0,0,0,0,0,0,7
28307931800,97890122,97875,94156,3,0,0,0.0047931671142578125,0,-0.010989189147949219,0,-0.014652252197265625,0,0,0,0,0,0,0,0,0,0,0,0,0,0,0,7
28311102825,97894124,97879,94160,3,0,0,0.0047931671142578125,0,0.0036630630493164062,0,-0.014652252197265625,0,0,0,0,0,0,0,0,0,0,0,0,0,0,0,7
28314273850,97897121,97882,94163,3,0,0,0.0044097900390625,0,-0.0036630630493164062,0,-0.014652252197265625,0,0,0,0,0,0,0,0,0,0,0,0,0,0,0,7
28317444875,97899141,97884,94165,3,0,0,0.0047931671142578125,0,-0.0036630630493164062,0,-0.014652252197265625,0,0,0,0,0,0,0,0,0,0,0,0,0,0,0,7
28320615900,97902124,97887,94168,3,0,0,0.0047931671142578125,0,0.0036630630493164062,0,-0.014652252197265625,0,0,0,0,0,0,0,0,0,0,0,0,0,0,0,7
28323786925,97906122,97891,94172,3,0,0,0.0044097900390625,0,-0.0036630630493164062,0,-0.014652252197265625,0,0,0,0,0,0,0,0,0,0,0,0,0,0,0,7
28326957950,97909121,97894,94175,3,0,0,0.0044097900390625,0,0.0036630630493164062,0,-0.014652252197265625,0,0,0,0,0,0,0,0,0,0,0,0,0,0,0,7
28330128975,97911122,97897,94178,3,0,0,0.0047931671142578125,0,-0.0036630630493164062,0,-0.014652252197265625,0,0,0,0,0,0,0,0,0,0,0,0,0,0,0,7
28333300000,97915133,97900,94181,3,0,0,0.0044097900390625,0,-0.0036630630493164062,0,-0.014652252197265625,0,0,0,0,0,0,0,0,0,0,0,0,0,0,0,7
28336480466,97920120,97905,94186,3,0,0,0.0044097900390625,0,-0.0036630630493164062,0,-0.0048847198486328125,0,0,0,0,0,0,0,0,0,0,0,0,0,0,0,7
28339660928,97923124,97908,94189,3,0,0,0.0044097900390625,0,-0.0036630630493164062,0,-0.0048847198486328125,0,0,0,0,0,0,0,0,0,0,0,0,0,0,0,7
28342841390,97926126,97911,94192,3,0,0,0.0044097900390625,0,-0.0036630630493164062,0,-0.0048847198486328125,0,0,0,0,0,0,0,0,0,0,0,0,0,0,0,7
28346021852,97929121,97914,94195,3,0,0,0.0044097900390625,0,-0.010989189147949219,0,-0.0048847198486328125,0,0,0,0,0,0,0,0,0,0,0,0,0,0,0,7
28349202314,97932121,97917,94198,3,0,0,0.0047931671142578125,0,0.0036630630493164062,0,-0.014652252197265625,0,0,0,0,0,0,0,0,0,0,0,0,0,0,0,7
28352382776,97935131,97920,94201,3,0,0,0.0044097900390625,0,0.0036630630493164062,0,-0.014652252197265625,0,0,0,0,0,0,0,0,0,0,0,0,0,0,0,7
28355563238,97938120,97923,94204,3,0,0,0.0044097900390625,0,-0.0036630630493164062,0,-0.0048847198486328125,0,0,0,0,0,0,0,0,0,0,0,0,0,0,0,7
28358743700,97941141,97926,94207,3,0,0,0.0044097900390625,0,-0.0036630630493164062,0,-0.0048847198486328125,0,0,0,0,0,0,0,0,0,0,0,0,0,0,0,7
28362036800,97946120,97931,94212,3,0,0,0.0047931671142578125,0,-0.010989189147949219,0,-0.014652252197265625,0,0,0,0,0,0,0,0,0,0,0,0,0,0,0,7
28365148206,97950128,97935,94216,3,0,0,0.0044097900390625,0,-0.01831531524658203,0,-0.014652252197265625,0,0,0,0,0,0,0,0,0,0,0,0,0,0,0,7
28368259612,97954126,97939,94220,3,0,0,0.0044097900390625,0,-0.010989189147949219,0,-0.014652252197265625,0,0,0,0,0,0,0,0,0,0,0,0,0,0,0,7
28371371018,97957121,97942,94223,3,0,0,0.0044097900390625,0,0.0036630630493164062,0,-0.014652252197265625,0,0,0,0,0,0,0,0,0,0,0,0,0,0,0,7
28374482424,97959121,97944,94225,3,0,0,0.0044097900390625,0,-0.0036630630493164062,0,-0.0048847198486328125,0,0,0,0,0,0,0,0,0,0,0,0,0,0,0,7
28377593830,97961121,97946,94227,3,0,0,0.0044097900390625,0,0.010989189147949219,0,-0.0048847198486328125,0,0,0,0,0,0,0,0,0,0,0,0,0,0,0,7
28380705236,97964123,97949,94230,3,0,0,0.0044097900390625,0,-0.01831531524658203,0,-0.0048847198486328125,0,0,0,0,0,0,0,0,0,0,0,0,0,0,0,7
28383816642,97967121,97952,94233,3,0,0,0.0044097900390625,0,-0.010989189147949219,0,-0.0048847198486328125,0,0,0,0,0,0,0,0,0,0,0,0,0,0,0,7
28386928048,97974120,97959,94240,3,0,0,0.0044097900390625,0,-0.010989189147949219,0,-0.014652252197265625,0,0,0,0,0,0,0,0,0,0,0,0,0,0,0,7
28390039454,97977123,97962,94243,3,0,0,0.0044097900390625,0,-0.010989189147949219,0,-0.0048847198486328125,0,0,0,0,0,0,0,0,0,0,0,0,0,0,0,7
28393150860,97979121,97965,94246,3,0,0,0.0044097900390625,0,-0.010989189147949219,0,-0.0048847198486328125,0,0,0,0,0,0,0,0,0,0,0,0,0,0,0,7
28396262266,97982127,97967,94248,3,0,0,0.0047931671142578125,0,0.010989189147949219,0,-0.0048847198486328125,0,0,0,0,0,0,0,0,0,0,0,0,0,0,0,7
28399373672,97984126,97969,94250,3,0,0,0.0044097900390625,0,-0.010989189147949219,0,-0.014652252197265625,0,0,0,0,0,0,0,0,0,0,0,0,0,0,0,7
28402485078,97986120,97971,94252,3,0,0,0.0047931671142578125,0,-0.010989189147949219,0,-0.024419784545898438,0,0,0,0,0,0,0,0,0,0,0,0,0,0,0,7
28405596484,97988120,97973,94254,3,0,0,0.0044097900390625,0,-0.0036630630493164062,0,-0.0048847198486328125,0,0,0,0,0,0,0,0,0,0,0,0,0,0,0,7
28408707890,97991121,97976,94257,3,0,0,0.0044097900390625,0,-0.010989189147949219,0,-0.0048847198486328125,0,0,0,0,0,0,0,0,0,0,0,0,0,0,0,7
28411440275,97997142,97982,94263,3,0,0,0.0044097900390625,0,0.01831531524658203,0,-0.014652252197265625,0,0,0,0,0,0,0,0,0,0,0,0,0,0,0,7
28414002670,98000130,97985,94266,3,0,0,0.0044097900390625,0,-0.0036630630493164062,0,-0.0048847198486328125,0,0,0,0,0,0,0,0,0,0,0,0,0,0,0,7
28416565065,98002124,97987,94268,3,0,0,0.0044097900390625,0,-0.0036630630493164062,0,-0.014652252197265625,0,0,0,0,0,0,0,0,0,0,0,0,0,0,0,7
28419127460,98004120,97989,94270,3,0,0,0.0047931671142578125,0,0.010989189147949219,0,-0.014652252197265625,0,0,0,0,0,0,0,0,0,0,0,0,0,0,0,7
28421689855,98006122,97991,94272,3,0,0,0.0044097900390625,0,-0.0036630630493164062,0,-0.014652252197265625,0,0,0,0,0,0,0,0,0,0,0,0,0,0,0,7
28424252250,98008120,97993,94274,3,0,0,0.0044097900390625,0,0.0036630630493164062,0,-0.0048847198486328125,0,0,0,0,0,0,0,0,0,0,0,0,0,0,0,7
28426814645,98011140,97996,94277,3,0,0,0.0044097900390625,0,0.0036630630493164062,0,-0.014652252197265625,0,0,0,0,0,0,0,0,0,0,0,0,0,0,0,7
28429377040,98013121,97998,94279,3,0,0,0.0044097900390625,0,0.0036630630493164062,0,-0.014652252197265625,0,0,0,0,0,0,0,0,0,0,0,0,0,0,0,7
28431939435,98017121,98002,94283,3,0,0,0.0047931671142578125,0,-0.010989189147949219,0,-0.024419784545898438,0,0,0,0,0,0,0,0,0,0,0,0,0,0,0,7
28434501830,98019121,98004,94285,3,0,0,0.0044097900390625,0,-0.0036630630493164062,0,-0.014652252197265625,0,0,0,0,0,0,0,0,0,0,0,0,0,0,0,7
28437064225,98021121,98006,94287,3,0,0,0.0044097900390625,0,-0.0036630630493164062,0,-0.014652252197265625,0,0,0,0,0,0,0,0,0,0,0,0,0,0,0,7
28439626620,98024126,98009,94290,3,0,0,0.0044097900390625,0,-0.0036630630493164062,0,-0.014652252197265625,0,0,0,0,0,0,0,0,0,0,0,0,0,0,0,7
28442189015,98025148,98010,94291,3,0,0,0.0044097900390625,0,-0.01831531524658203,0,-0.0048847198486328125,0,0,0,0,0,0,0,0,0,0,0,0,0,0,0,7
28444751410,98027123,98012,94293,3,0,0,0.0044097900390625,0,-0.0036630630493164062,0,-0.0048847198486328125,0,0,0,0,0,0,0,0,0,0,0,0,0,0,0,7
28447313805,98029121,98014,94295,3,0,0,0.0044097900390625,0,-0.010989189147949219,0,-0.014652252197265625,0,0,0,0,0,0,0,0,0,0,0,0,0,0,0,7
28449876200,98032121,98017,94298,3,0,0,0.0044097900390625,0,-0.010989189147949219,0,-0.014652252197265625,0,0,0,0,0,0,0,0,0,0,0,0,0,0,0,7
28452491750,98035131,98020,94301,3,0,0,0.0044097900390625,0,-0.0036630630493164062,0,-0.014652252197265625,0,0,0,0,0,0,0,0,0,0,0,0,0,0,0,7
28455107300,98037121,98022,94303,3,0,0,0.0044097900390625,0,-0.0036630630493164062,0,-0.014652252197265625,0,0,0,0,0,0,0,0,0,0,0,0,0,0,0,7
28457722850,98040126,98025,94306,3,0,0,0.0044097900390625,0,-0.0036630630493164062,0,-0.014652252197265625,0,0,0,0,0,0,0,0,0,0,0,0,0,0,0,7
28460338400,98043123,98028,94309,3,0,0,0.0044097900390625,0,0.010989189147949219,0,-0.0048847198486328125,0,0,0,0,0,0,0,0,0,0,0,0,0,0,0,7
28462953950,98045130,98030,94311,3,0,0,0.0047931671142578125,0,-0.0036630630493164062,0,-0.0048847198486328125,0,0,0,0,0,0,0,0,0,0,0,0,0,0,0,7
28465569500,98047125,98032,94313,3,0,0,0.0047931671142578125,0,0.0036630630493164062,0,-0.0048847198486328125,0,0,0,0,0,0,0,0,0,0,0,0,0,0,0,7
28468185050,98049121,98034,94315,3,0,0,0.0044097900390625,0,-0.0036630630493164062,0,-0.014652252197265625,0,0,0,0,0,0,0,0,0,0,0,0,0,0,0,7
28470800600,98051122,98036,94317,3,0,0,0.0044097900390625,0,-0.010989189147949219,0,-0.0048847198486328125,0,0,0,0,0,0,0,0,0,0,0,0,0,0,0,7
28473304591,98057121,98042,94323,3,0,0,0.0044097900390625,0,-0.0036630630493164062,0,-0.0048847198486328125,0,0,0,0,0,0,0,0,0,0,0,0,0,0,0,7
28476002904,98059121,98044,94325,3,0,0,0.0044097900390625,0,-0.0036630630493164062,0,-0.0048847198486328125,0,0,0,0,0,0,0,0,0,0,0,0,0,0,0,7
28478701217,98062120,98047,94328,3,0,0,0.0044097900390625,0,0.0036630630493164062,0,-0.014652252197265625,0,0,0,0,0,0,0,0,0,0,0,0,0,0,0,7
28481399530,98064123,98049,94330,3,0,0,0.0044097900390625,0,-0.01831531524658203,0,-0.0048847198486328125,0,0,0,0,0,0,0,0,0,0,0,0,0,0,0,7
28484097843,98066126,98051,94332,3,0,0,0.0044097900390625,0,-0.0036630630493164062,0,-0.014652252197265625,0,0,0,0,0,0,0,0,0,0,0,0,0,0,0,7
28486796156,98068132,98053,94334,3,0,0,0.0044097900390625,0,-0.010989189147949219,0,-0.014652252197265625,0,0,0,0,0,0,0,0,0,0,0,0,0,0,0,7
28489494469,98070120,98055,94336,3,0,0,0.0044097900390625,0,0.010989189147949219,0,-0.014652252197265625,0,0,0,0,0,0,0,0,0,0,0,0,0,0,0,7
28492192782,98073120,98058,94339,3,0,0,0.0047931671142578125,0,-0.010989189147949219,0,-0.014652252197265625,0,0,0,0,0,0,0,0,0,0,0,0,0,0,0,7
28494891095,98079121,98064,94345,3,0,0,0.0044097900390625,0,-0.0036630630493164062,0,-0.014652252197265625,0,0,0,0,0,0,0,0,0,0,0,0,0,0,0,7
28497589408,98082128,98067,94348,3,0,0,0.0044097900390625,0,-0.01831531524658203,0,-0.024419784545898438,0,0,0,0,0,0,0,0,0,0,0,0,0,0,0,7
28500287721,98084120,98069,94350,3,0,0,0.0044097900390625,0,-0.01831531524658203,0,-0.014652252197265625,0,0,0,0,0,0,0,0,0,0,0,0,0,0,0,7
28502986034,98087120,98072,94353,3,0,0,0.0047931671142578125,0,0.0036630630493164062,0,-0.024419784545898438,0,0,0,0,0,0,0,0,0,0,0,0,0,0,0,7
28505684347,98091121,98076,94357,3,0,0,0.0044097900390625,0,-0.0036630630493164062,0,-0.024419784545898438,0,0,0,0,0,0,0,0,0,0,0,0,0,0,0,7
28508382660,98093123,98078,94359,3,0,0,0.0044097900390625,0,-0.0036630630493164062,0,-0.024419784545898438,0,0,0,0,0,0,0,0,0,0,0,0,0,0,0,7
28511080973,98095149,98080,94361,3,0,0,0.0047931671142578125,0,-0.010989189147949219,0,-0.014652252197265625,0,0,0,0,0,0,0,0,0,0,0,0,0,0,0,7
28513779286,98096127,98081,94362,3,0,0,0.0044097900390625,0,-0.010989189147949219,0,-0.014652252197265625,0,0,0,0,0,0,0,0,0,0,0,0,0,0,0,7
28516543500,98100130,98085,94366,3,0,0,0.0044097900390625,0,0.010989189147949219,0,-0.024419784545898438,0,0,0,0,0,0,0,0,0,0,0,0,0,0,0,7
28519307700,98102120,98087,94368,3,0,0,0.0044097900390625,0,0.010989189147949219,0,-0.014652252197265625,0,0,0,0,0,0,0,0,0,0,0,0,0,0,0,7
28522071900,98105132,98090,94371,3,0,0,0.0044097900390625,0,-0.010989189147949219,0,-0.024419784545898438,0,0,0,0,0,0,0,0,0,0,0,0,0,0,0,7
28524836100,98107121,98092,94373,3,0,0,0.0047931671142578125,0,0.0036630630493164062,0,-0.024419784545898438,0,0,0,0,0,0,0,0,0,0,0,0,0,0,0,7
28527600300,98110132,98095,94376,3,0,0,0.0044097900390625,0,-0.01831531524658203,0,-0.014652252197265625,0,0,0,0,0,0,0,0,0,0,0,0,0,0,0,7
28530364500,98112120,98097,94378,3,0,0,0.0047931671142578125,0,-0.0036630630493164062,0,-0.014652252197265625,0,0,0,0,0,0,0,0,0,0,0,0,0,0,0,7
28533128700,98115129,98100,94381,3,0,0,0.0044097900390625,0,-0.010989189147949219,0,-0.0048847198486328125,0,0,0,0,0,0,0,0,0,0,0,0,0,0,0,7
28535892900,98118124,98103,94384,3,0,0,0.0047931671142578125,0,0.0036630630493164062,0,-0.014652252197265625,0,0,0,0,0,0,0,0,0,0,0,0,0,0,0,7
28539003766,98122129,98107,94388,3,0,0,0.0044097900390625,0,-0.0036630630493164062,0,-0.014652252197265625,0,0,0,0,0,0,0,0,0,0,0,0,0,0,0,7
28542114628,98125129,98110,94391,3,0,0,0.0044097900390625,0,-0.025641441345214844,0,-0.0048847198486328125,0,0,0,0,0,0,0,0,0,0,0,0,0,0,0,7
28545225490,98128120,98113,94394,3,0,0,0.0044097900390625,0,-0.010989189147949219,0,-0.0048847198486328125,0,0,0,0,0,0,0,0,0,0,0,0,0,0,0,7
28548336352,98130122,98115,94396,3,0,0,0.0047931671142578125,0,-0.0036630630493164062,0,-0.014652252197265625,0,0,0,0,0,0,0,0,0,0,0,0,0,0,0,7
28551447214,98132121,98118,94399,3,0,0,0.0044097900390625,0,0.0036630630493164062,0,-0.014652252197265625,0,0,0,0,0,0,0,0,0,0,0,0,0,0,0,7
28554558076,98135129,98120,94401,3,0,0,0.0044097900390625,0,-0.0036630630493164062,0,-0.0048847198486328125,0,0,0,0,0,0,0,0,0,0,0,0,0,0,0,7
28557668938,98140121,98125,94406,3,0,0,0.0047931671142578125,0,-0.0036630630493164062,0,-0.0048847198486328125,0,0,0,0,0,0,0,0,0,0,0,0,0,0,0,7
28560779800,98142120,98128,94409,3,0,0,0.0044097900390625,0,-0.010989189147949219,0,-0.014652252197265625,0,0,0,0,0,0,0,0,0,0,0,0,0,0,0,7
28563420166,98148121,98133,94414,3,0,0,0.0044097900390625,0,-0.010989189147949219,0,-0.014652252197265625,0,0,0,0,0,0,0,0,0,0,0,0,0,0,0,7
28565979488,98150134,98135,94416,3,0,0,0.0044097900390625,0,-0.0036630630493164062,0,-0.0048847198486328125,0,0,0,0,0,0,0,0,0,0,0,0,0,0,0,7
28568538810,98152131,98137,94418,3,0,0,0.0044097900390625,0,-0.010989189147949219,0,-0.0048847198486328125,0,0,0,0,0,0,0,0,0,0,0,0,0,0,0,7
28571098132,98155132,98140,94421,3,0,0,0.0044097900390625,0,-0.010989189147949219,0,-0.0048847198486328125,0,0,0,0,0,0,0,0,0,0,0,0,0,0,0,7
28573657454,98157120,98142,94423,3,0,0,0.0044097900390625,0,-0.0036630630493164062,0,-0.0048847198486328125,0,0,0,0,0,0,0,0,0,0,0,0,0,0,0,7
28576216776,98159123,98144,94425,3,0,0,0.0044097900390625,0,0.0036630630493164062,0,-0.0048847198486328125,0,0,0,0,0,0,0,0,0,0,0,0,0,0,0,7
28578776098,98162120,98147,94428,3,0,0,0.0044097900390625,0,-0.0036630630493164062,0,-0.0048847198486328125,0,0,0,0,0,0,0,0,0,0,0,0,0,0,0,7
28581335420,98164127,98149,94430,3,0,0,0.0044097900390625,0,-0.01831531524658203,0,-0.0048847198486328125,0,0,0,0,0,0,0,0,0,0,0,0,0,0,0,7
28583894742,98168125,98153,94434,3,0,0,0.0044097900390625,0,0.0036630630493164062,0,-0.014652252197265625,0,0,0,0,0,0,0,0,0,0,0,0,0,0,0,7
28586454064,98170120,98155,94436,3,0,0,0.0044097900390625,0,-0.010989189147949219,0,-0.014652252197265625,0,0,0,0,0,0,0,0,0,0,0,0,0,0,0,7
28589013386,98173120,98158,94439,3,0,0,0.0047931671142578125,0,-0.010989189147949219,0,-0.014652252197265625,0,0,0,0,0,0,0,0,0,0,0,0,0,0,0,7
28591572708,98175129,98160,94441,3,0,0,0.0047931671142578125,0,0.0036630630493164062,0,-0.014652252197265625,0,0,0,0,0,0,0,0,0,0,0,0,0,0,0,7
28594132030,98178126,98163,94444,3,0,0,0.0044097900390625,0,-0.0036630630493164062,0,-0.0048847198486328125,0,0,0,0,0,0,0,0,0,0,0,0,0,0,0,7
28596691352,98180128,98165,94446,3,0,0,0.0044097900390625,0,0.0036630630493164062,0,-0.014652252197265625,0,0,0,0,0,0,0,0,0,0,0,0,0,0,0,7
28599250674,98182120,98167,94448,3,0,0,0.0044097900390625,0,-0.0036630630493164062,0,-0.014652252197265625,0,0,0,0,0,0,0,0,0,0,0,0,0,0,0,7
28601809996,98184123,98169,94450,3,0,0,0.0044097900390625,0,-0.0036630630493164062,0,-0.014652252197265625,0,0,0,0,0,0,0,0,0,0,0,0,0,0,0,7
28604837691,98192130,98177,94458,3,0,0,0.0044097900390625,0,-0.0036630630493164062,0,-0.014652252197265625,0,0,0,0,0,0,0,0,0,0,0,0,0,0,0,7
28607865378,98194126,98179,94460,3,0,0,0.0044097900390625,0,-0.010989189147949219,0,-0.0048847198486328125,0,0,0,0,0,0,0,0,0,0,0,0,0,0,0,7
28610893065,98196123,98181,94462,3,0,0,0.0044097900390625,0,-0.0036630630493164062,0,-0.014652252197265625,0,0,0,0,0,0,0,0,0,0,0,0,0,0,0,7
28613920752,98198121,98183,94464,3,0,0,0.0044097900390625,0,0.0036630630493164062,0,-0.0048847198486328125,0,0,0,0,0,0,0,0,0,0,0,0,0,0,0,7
28616948439,98201125,98186,94467,3,0,0,0.0044097900390625,0,0.010989189147949219,0,-0.014652252197265625,0,0,0,0,0,0,0,0,0,0,0,0,0,0,0,7
28619976126,98203121,98188,94469,3,0,0,0.0047931671142578125,0,-0.0036630630493164062,0,-0.024419784545898438,0,0,0,0,0,0,0,0,0,0,0,0,0,0,0,7
28623003813,98206126,98191,94472,3,0,0,0.0044097900390625,0,-0.01831531524658203,0,-0.014652252197265625,0,0,0,0,0,0,0,0,0,0,0,0,0,0,0,7
28626031500,98208128,98193,94474,3,0,0,0.0047931671142578125,0,-0.0036630630493164062,0,-0.0048847198486328125,0,0,0,0,0,0,0,0,0,0,0,0,0,0,0,7
28628528275,98212120,98197,94478,3,0,0,0.0047931671142578125,0,0.010989189147949219,0,-0.0048847198486328125,0,0,0,0,0,0,0,0,0,0,0,0,0,0,0,7
28631025050,98214120,98199,94480,3,0,0,0.0047931671142578125,0,0.025641441345214844,0,-0.014652252197265625,0,0,0,0,0,0,0,0,0,0,0,0,0,0,0,7
28633521825,98216120,98201,94482,3,0,0,0.0047931671142578125,0,-0.0036630630493164062,0,-0.0048847198486328125,0,0,0,0,0,0,0,0,0,0,0,0,0,0,0,7
28636018600,98218120,98203,94484,3,0,0,0.0047931671142578125,0,-0.010989189147949219,0,-0.014652252197265625,0,0,0,0,0,0,0,0,0,0,0,0,0,0,0,7
28638515375,98220126,98205,94486,3,0,0,0.0044097900390625,0,-0.01831531524658203,0,-0.014652252197265625,0,0,0,0,0,0,0,0,0,0,0,0,0,0,0,7
28641012150,98224120,98209,94490,3,0,0,0.0044097900390625,0,0.0036630630493164062,0,-0.014652252197265625,0,0,0,0,0,0,0,0,0,0,0,0,0,0,0,7
28643508925,98226124,98211,94492,3,0,0,0.0047931671142578125,0,-0.0036630630493164062,0,-0.0048847198486328125,0,0,0,0,0,0,0,0,0,0,0,0,0,0,0,7
28646005700,98228120,98213,94494,3,0,0,0.0044097900390625,0,-0.0036630630493164062,0,-0.014652252197265625,0,0,0,0,0,0,0,0,0,0,0,0,0,0,0,7
28649203266,98232121,98217,94498,3,0,0,0.0044097900390625,0,0.0036630630493164062,0,-0.0048847198486328125,0,0,0,0,0,0,0,0,0,0,0,0,0,0,0,7
28652400828,98234130,98219,94500,3,0,0,0.0047931671142578125,0,0.0036630630493164062,0,-0.0048847198486328125,0,0,0,0,0,0,0,0,0,0,0,0,0,0,0,7
28655598390,98237121,98222,94503,3,0,0,0.0047931671142578125,0,0.0036630630493164062,0,-0.014652252197265625,0,0,0,0,0,0,0,0,0,0,0,0,0,0,0,7
28658795952,98241120,98226,94507,3,0,0,0.0044097900390625,0,-0.010989189147949219,0,-0.014652252197265625,0,0,0,0,0,0,0,0,0,0,0,0,0,0,0,7
28661993514,98244120,98229,94510,3,0,0,0.0044097900390625,0,-0.010989189147949219,0,-0.0048847198486328125,0,0,0,0,0,0,0,0,0,0,0,0,0,0,0,7
28665191076,98246122,98231,94512,3,0,0,0.0044097900390625,0,-0.0036630630493164062,0,-0.014652252197265625,0,0,0,0,0,0,0,0,0,0,0,0,0,0,0,7
28668388638,98249140,98234,94515,3,0,0,0.0047931671142578125,0,0.0036630630493164062,0,-0.014652252197265625,0,0,0,0,0,0,0,0,0,0,0,0,0,0,0,7
28671586200,98252122,98237,94518,3,0,0,0.0044097900390625,0,-0.0036630630493164062,0,-0.0048847198486328125,0,0,0,0,0,0,0,0,0,0,0,0,0,0,0,7
28674189500,98258120,98243,94524,3,0,0,0.0044097900390625,0,-0.010989189147949219,0,-0.014652252197265625,0,0,0,0,0,0,0,0,0,0,0,0,0,0,0,7
28676854200,98260120,98245,94526,3,0,0,0.0044097900390625,0,-0.010989189147949219,0,-0.014652252197265625,0,0,0,0,0,0,0,0,0,0,0,0,0,0,0,7
28679518900,98263144,98248,94529,3,0,0,0.0044097900390625,0,-0.010989189147949219,0,-0.024419784545898438,0,0,0,0,0,0,0,0,0,0,0,0,0,0,0,7
28682183600,98265129,98250,94531,3,0,0,0.0044097900390625,0,0.0036630630493164062,0,-0.014652252197265625,0,0,0,0,0,0,0,0,0,0,0,0,0,0,0,7
28684848300,98267123,98252,94533,3,0,0,0.0044097900390625,0,-0.010989189147949219,0,-0.014652252197265625,0,0,0,0,0,0,0,0,0,0,0,0,0,0,0,7
28687513000,98269121,98254,94535,3,0,0,0.0044097900390625,0,-0.01831531524658203,0,-0.024419784545898438,0,0,0,0,0,0,0,0,0,0,0,0,0,0,0,7
28690177700,98272120,98257,94538,3,0,0,0.0044097900390625,0,0.0036630630493164062,0,-0.014652252197265625,0,0,0,0,0,0,0,0,0,0,0,0,0,0,0,7
28692842400,98274120,98260,94541,3,0,0,0.0044097900390625,0,-0.01831531524658203,0,-0.014652252197265625,0,0,0,0,0,0,0,0,0,0,0,0,0,0,0,7
28695507100,98278126,98263,94545,3,0,0,0.0044097900390625,0,-0.0036630630493164062,0,-0.014652252197265625,0,0,0,0,0,0,0,0,0,0,0,0,0,0,0,7
28698171800,98281120,98266,94547,3,0,0,0.0044097900390625,0,-0.01831531524658203,0,-0.014652252197265625,0,0,0,0,0,0,0,0,0,0,0,0,0,0,0,7
28700836500,98283122,98268,94549,3,0,0,0.0044097900390625,0,0.0036630630493164062,0,-0.014652252197265625,0,0,0,0,0,0,0,0,0,0,0,0,0,0,0,7
28703501200,98287121,98272,94553,3,0,0,0.0047931671142578125,0,-0.010989189147949219,0,-0.014652252197265625,0,0,0,0,0,0,0,0,0,0,0,0,0,0,0,7
28706165900,98289121,98274,94555,3,0,0,0.0044097900390625,0,-0.010989189147949219,0,-0.0048847198486328125,0,0,0,0,0,0,0,0,0,0,0,0,0,0,0,7
28708830600,98291140,98277,94558,3,0,0,0.0047931671142578125,0,-0.0036630630493164062,0,-0.014652252197265625,0,0,0,0,0,0,0,0,0,0,0,0,0,0,0,7
28711495300,98294120,98279,94560,3,0,0,0.0044097900390625,0,-0.0036630630493164062,0,-0.014652252197265625,0,0,0,0,0,0,0,0,0,0,0,0,0,0,0,7
28714160000,98296123,98281,94562,3,0,0,0.0044097900390625,0,-0.0036630630493164062,0,-0.0048847198486328125,0,0,0,0,0,0,0,0,0,0,0,0,0,0,0,7
28716738641,98302120,98287,94568,3,0,0,0.0044097900390625,0,-0.010989189147949219,0,-0.014652252197265625,0,0,0,0,0,0,0,0,0,0,0,0,0,0,0,7
28719317278,98304129,98289,94570,3,0,0,0.0044097900390625,0,-0.0036630630493164062,0,-0.014652252197265625,0,0,0,0,0,0,0,0,0,0,0,0,0,0,0,7
28721895915,98307120,98292,94573,3,0,0,0.0044097900390625,0,0.0036630630493164062,0,-0.014652252197265625,0,0,0,0,0,0,0,0,0,0,0,0,0,0,0,7
28724474552,98309121,98294,94575,3,0,0,0.0044097900390625,0,0.010989189147949219,0,-0.014652252197265625,0,0,0,0,0,0,0,0,0,0,0,0,0,0,0,7
28727053189,98310120,98295,94576,3,0,0,0.0047931671142578125,0,-0.010989189147949219,0,-0.014652252197265625,0,0,0,0,0,0,0,0,0,0,0,0,0,0,0,7
28729631826,98312122,98297,94578,3,0,0,0.0044097900390625,0,-0.010989189147949219,0,-0.014652252197265625,0,0,0,0,0,0,0,0,0,0,0,0,0,0,0,7
28732210463,98314120,98299,94580,3,0,0,0.0044097900390625,0,-0.01831531524658203,0,-0.014652252197265625,0,0,0,0,0,0,0,0,0,0,0,0,0,0,0,7
28734789100,98317123,98302,94583,3,0,0,0.0044097900390625,0,-0.010989189147949219,0,-0.0048847198486328125,0,0,0,0,0,0,0,0,0,0,0,0,0,0,0,7
28737689091,98321124,98306,94587,3,0,0,0.0047931671142578125,0,-0.0036630630493164062,0,-0.014652252197265625,0,0,0,0,0,0,0,0,0,0,0,0,0,0,0,7
28740589078,98323120,98309,94590,3,0,0,0.0044097900390625,0,-0.010989189147949219,0,-0.014652252197265625,0,0,0,0,0,0,0,0,0,0,0,0,0,0,0,7
28743489065,98326120,98311,94592,3,0,0,0.0044097900390625,0,-0.0036630630493164062,0,-0.014652252197265625,0,0,0,0,0,0,0,0,0,0,0,0,0,0,0,7
28746389052,98329125,98314,94595,3,0,0,0.0044097900390625,0,0.010989189147949219,0,-0.014652252197265625,0,0,0,0,0,0,0,0,0,0,0,0,0,0,0,7
28749289039,98332128,98317,94598,3,0,0,0.0047931671142578125,0,-0.010989189147949219,0,-0.024419784545898438,0,0,0,0,0,0,0,0,0,0,0,0,0,0,0,7
28752189026,98334126,98319,94600,3,0,0,0.0044097900390625,0,-0.0036630630493164062,0,-0.024419784545898438,0,0,0,0,0,0,0,0,0,0,0,0,0,0,0,7
28755089013,98337124,98322,94603,3,0,0,0.0047931671142578125,0,0.0036630630493164062,0,-0.014652252197265625,0,0,0,0,0,0,0,0,0,0,0,0,0,0,0,7
28757989000,98340121,98325,94606,3,0,0,0.0044097900390625,0,0.0036630630493164062,0,-0.014652252197265625,0,0,0,0,0,0,0,0,0,0,0,0,0,0,0,7
28760757850,98344120,98329,94610,3,0,0,0.0044097900390625,0,-0.010989189147949219,0,-0.014652252197265625,0,0,0,0,0,0,0,0,0,0,0,0,0,0,0,7
28763526700,98347141,98332,94613,3,0,0,0.0044097900390625,0,-0.010989189147949219,0,-0.014652252197265625,0,0,0,0,0,0,0,0,0,0,0,0,0,0,0,7
28766295550,98349121,98335,94616,3,0,0,0.0047931671142578125,0,-0.010989189147949219,0,-0.014652252197265625,0,0,0,0,0,0,0,0,0,0,0,0,0,0,0,7
28769064400,98352123,98337,94618,3,0,0,0.0044097900390625,0,-0.010989189147949219,0,-0.014652252197265625,0,0,0,0,0,0,0,0,0,0,0,0,0,0,0,7
28771833250,98355129,98340,94621,3,0,0,0.0044097900390625,0,0.0036630630493164062,0,-0.014652252197265625,0,0,0,0,0,0,0,0,0,0,0,0,0,0,0,7
28774602100,98357121,98342,94623,3,0,0,0.0044097900390625,0,-0.0036630630493164062,0,-0.024419784545898438,0,0,0,0,0,0,0,0,0,0,0,0,0,0,0,7
28777370950,98360126,98345,94626,3,0,0,0.0044097900390625,0,-0.0036630630493164062,0,-0.024419784545898438,0,0,0,0,0,0,0,0,0,0,0,0,0,0,0,7
28780139800,98362129,98347,94628,3,0,0,0.0044097900390625,0,-0.010989189147949219,0,-0.024419784545898438,0,0,0,0,0,0,0,0,0,0,0,0,0,0,0,7
28782976566,98366124,98351,94632,3,0,0,0.0047931671142578125,0,-0.010989189147949219,0,-0.014652252197265625,0,0,0,0,0,0,0,0,0,0,0,0,0,0,0,7
28785813328,98368120,98353,94634,3,0,0,0.0044097900390625,0,-0.010989189147949219,0,-0.014652252197265625,0,0,0,0,0,0,0,0,0,0,0,0,0,0,0,7
28788650090,98371124,98356,94637,3,0,0,0.0044097900390625,0,0.010989189147949219,0,-0.014652252197265625,0,0,0,0,0,0,0,0,0,0,0,0,0,0,0,7
28791486852,98374126,98359,94640,3,0,0,0.0044097900390625,0,-0.01831531524658203,0,-0.014652252197265625,0,0,0,0,0,0,0,0,0,0,0,0,0,0,0,7
28794323614,98378120,98363,94644,3,0,0,0.0044097900390625,0,-0.01831531524658203,0,-0.014652252197265625,0,0,0,0,0,0,0,0,0,0,0,0,0,0,0,7
28797160376,98381120,98366,94647,3,0,0,0.0044097900390625,0,0.0036630630493164062,0,-0.014652252197265625,0,0,0,0,0,0,0,0,0,0,0,0,0,0,0,7
28799997138,98383123,98368,94649,3,0,0,0.0044097900390625,0,-0.010989189147949219,0,-0.014652252197265625,0,0,0,0,0,0,0,0,0,0,0,0,0,0,0,7
28802833900,98385129,98370,94651,3,0,0,0.0044097900390625,0,-0.0036630630493164062,0,-0.014652252197265625,0,0,0,0,0,0,0,0,0,0,0,0,0,0,0,7
28805818591,98389140,98374,94655,3,0,0,0.0044097900390625,0,-0.01831531524658203,0,-0.014652252197265625,0,0,0,0,0,0,0,0,0,0,0,0,0,0,0,7
28808803278,98391123,98376,94657,3,0,0,0.0044097900390625,0,0.0036630630493164062,0,-0.024419784545898438,0,0,0,0,0,0,0,0,0,0,0,0,0,0,0,7
28811787965,98394120,98379,94660,3,0,0,0.0044097900390625,0,-0.010989189147949219,0,-0.024419784545898438,0,0,0,0,0,0,0,0,0,0,0,0,0,0,0,7
28814772652,98396122,98381,94662,3,0,0,0.0044097900390625,0,-0.010989189147949219,0,-0.024419784545898438,0,0,0,0,0,0,0,0,0,0,0,0,0,0,0,7
28817757339,98399123,98384,94665,3,0,0,0.0047931671142578125,0,0.0036630630493164062,0,-0.024419784545898438,0,0,0,0,0,0,0,0,0,0,0,0,0,0,0,7
28820742026,98402127,98387,94668,3,0,0,0.0044097900390625,0,0.0036630630493164062,0,-0.024419784545898438,0,0,0,0,0,0,0,0,0,0,0,0,0,0,0,7
28823726713,98405129,98390,94671,3,0,0,0.0044097900390625,0,-0.010989189147949219,0,-0.014652252197265625,0,0,0,0,0,0,0,0,0,0,0,0,0,0,0,7
28826711400,98408124,98394,94675,3,0,0,0.0044097900390625,0,-0.0036630630493164062,0,-0.014652252197265625,0,0,0,0,0,0,0,0,0,0,0,0,0,0,0,7
28830246550,98416130,98401,94682,3,0,0,0.0044097900390625,0,-0.0036630630493164062,0,-0.024419784545898438,0,0,0,0,0,0,0,0,0,0,0,0,0,0,0,7
28833781700,98418126,98404,94685,3,0,0,0.0044097900390625,0,-0.01831531524658203,0,-0.024419784545898438,0,0,0,0,0,0,0,0,0,0,0,0,0,0,0,7
28837316850,98422120,98407,94688,3,0,0,0.0044097900390625,0,0.0036630630493164062,0,-0.014652252197265625,0,0,0,0,0,0,0,0,0,0,0,0,0,0,0,7
28840852000,98425129,98410,94691,3,0,0,0.0044097900390625,0,-0.01831531524658203,0,-0.014652252197265625,0,0,0,0,0,0,0,0,0,0,0,0,0,0,0,7
28844387150,98428123,98413,94694,3,0,0,0.0044097900390625,0,-0.010989189147949219,0,-0.024419784545898438,0,0,0,0,0,0,0,0,0,0,0,0,0,0,0,7
28847922300,98430127,98415,94696,3,0,0,0.0044097900390625,0,-0.0036630630493164062,0,-0.014652252197265625,0,0,0,0,0,0,0,0,0,0,0,0,0,0,0,7
28851457450,98433123,98418,94699,3,0,0,0.0047931671142578125,0,0.0036630630493164062,0,-0.0048847198486328125,0,0,0,0,0,0,0,0,0,0,0,0,0,0,0,7
28854992600,98436120,98421,94702,3,0,0,0.0047931671142578125,0,-0.0036630630493164062,0,-0.014652252197265625,0,0,0,0,0,0,0,0,0,0,0,0,0,0,0,7
28857764100,98441122,98426,94707,3,0,0,0.0047931671142578125,0,0.010989189147949219,0,-0.014652252197265625,0,0,0,0,0,0,0,0,0,0,0,0,0,0,0,7
28860535600,98444126,98429,94710,3,0,0,0.0044097900390625,0,0.0036630630493164062,0,-0.014652252197265625,0,0,0,0,0,0,0,0,0,0,0,0,0,0,0,7
28863307100,98446126,98431,94712,3,0,0,0.0044097900390625,0,-0.0036630630493164062,0,-0.0048847198486328125,0,0,0,0,0,0,0,0,0,0,0,0,0,0,0,7
28866078600,98449123,98434,94715,3,0,0,0.0044097900390625,0,-0.010989189147949219,0,-0.014652252197265625,0,0,0,0,0,0,0,0,0,0,0,0,0,0,0,7
28868850100,98452122,98437,94718,3,0,0,0.0044097900390625,0,-0.010989189147949219,0,-0.0048847198486328125,0,0,0,0,0,0,0,0,0,0,0,0,0,0,0,7
28871621600,98454120,98439,94720,3,0,0,0.0044097900390625,0,-0.0036630630493164062,0,-0.0048847198486328125,0,0,0,0,0,0,0,0,0,0,0,0,0,0,0,7
28874393100,98457123,98442,94723,3,0,0,0.0047931671142578125,0,-0.0036630630493164062,0,-0.014652252197265625,0,0,0,0,0,0,0,0,0,0,0,0,0,0,0,7
28877164600,98459140,98444,94725,3,0,0,0.0044097900390625,0,0.0036630630493164062,0,-0.014652252197265625,0,0,0,0,0,0,0,0,0,0,0,0,0,0,0,7
28880331500,98463120,98448,94729,3,0,0,0.0044097900390625,0,0.0036630630493164062,0,-0.014652252197265625,0,0,0,0,0,0,0,0,0,0,0,0,0,0,0,7
28883419980,98466124,98451,94732,3,0,0,0.0044097900390625,0,-0.0036630630493164062,0,-0.014652252197265625,0,0,0,0,0,0,0,0,0,0,0,0,0,0,0,7
28886508460,98470122,98455,94736,3,0,0,0.0044097900390625,0,-0.010989189147949219,0,-0.014652252197265625,0,0,0,0,0,0,0,0,0,0,0,0,0,0,0,7
28889596940,98474130,98459,94740,3,0,0,0.0047931671142578125,0,-0.010989189147949219,0,-0.014652252197265625,0,0,0,0,0,0,0,0,0,0,0,0,0,0,0,7
28892685420,98476120,98461,94742,3,0,0,0.0044097900390625,0,-0.010989189147949219,0,-0.024419784545898438,0,0,0,0,0,0,0,0,0,0,0,0,0,0,0,7
28895773900,98479120,98464,94745,3,0,0,0.0047931671142578125,0,-0.01831531524658203,0,-0.024419784545898438,0,0,0,0,0,0,0,0,0,0,0,0,0,0,0,7
28898862380,98481120,98466,94747,3,0,0,0.0044097900390625,0,0.0036630630493164062,0,-0.014652252197265625,0,0,0,0,0,0,0,0,0,0,0,0,0,0,0,7
28901950860,98484120,98469,94750,3,0,0,0.0044097900390625,0,-0.0036630630493164062,0,-0.014652252197265625,0,0,0,0,0,0,0,0,0,0,0,0,0,0,0,7
28905039340,98490120,98475,94756,3,0,0,0.0044097900390625,0,0.0036630630493164062,0,-0.024419784545898438,0,0,0,0,0,0,0,0,0,0,0,0,0,0,0,7
28908127820,98492121,98477,94758,3,0,0,0.0044097900390625,0,-0.0036630630493164062,0,-0.024419784545898438,0,0,0,0,0,0,0,0,0,0,0,0,0,0,0,7
28911216300,98495133,98480,94761,3,0,0,0.0044097900390625,0,0.0036630630493164062,0,-0.024419784545898438,0,0,0,0,0,0,0,0,0,0,0,0,0,0,0,7
28914304780,98498120,98483,94764,3,0,0,0.0044097900390625,0,0.010989189147949219,0,-0.014652252197265625,0,0,0,0,0,0,0,0,0,0,0,0,0,0,0,7
28917393260,98500135,98485,94766,3,0,0,0.0044097900390625,0,-0.0036630630493164062,0,-0.014652252197265625,0,0,0,0,0,0,0,0,0,0,0,0,0,0,0,7
28920481740,98503124,98488,94769,3,0,0,0.0044097900390625,0,-0.0036630630493164062,0,-0.014652252197265625,0,0,0,0,0,0,0,0,0,0,0,0,0,0,0,7
28923570220,98506120,98491,94772,3,0,0,0.0044097900390625,0,0.010989189147949219,0,-0.024419784545898438,0,0,0,0,0,0,0,0,0,0,0,0,0,0,0,7
28926658700,98508120,98493,94774,3,0,0,0.0047931671142578125,0,-0.0036630630493164062,0,-0.014652252197265625,0,0,0,0,0,0,0,0,0,0,0,0,0,0,0,7
28929434600,98514126,98499,94780,3,0,0,0.0044097900390625,0,-0.0036630630493164062,0,-0.014652252197265625,0,0,0,0,0,0,0,0,0,0,0,0,0,0,0,7
28932210500,98516130,98501,94782,3,0,0,0.0044097900390625,0,-0.0036630630493164062,0,-0.024419784545898438,0,0,0,0,0,0,0,0,0,0,0,0,0,0,0,7
28934986400,98519121,98504,94785,3,0,0,0.0044097900390625,0,-0.0036630630493164062,0,-0.024419784545898438,0,0,0,0,0,0,0,0,0,0,0,0,0,0,0,7
28937762300,98521121,98506,94787,3,0,0,0.0044097900390625,0,-0.0036630630493164062,0,-0.024419784545898438,0,0,0,0,0,0,0,0,0,0,0,0,0,0,0,7
28940538200,98523120,98508,94789,3,0,0,0.0044097900390625,0,-0.01831531524658203,0,-0.014652252197265625,0,0,0,0,0,0,0,0,0,0,0,0,0,0,0,7
28943314100,98526120,98511,94792,3,0,0,0.0044097900390625,0,-0.010989189147949219,0,-0.024419784545898438,0,0,0,0,0,0,0,0,0,0,0,0,0,0,0,7
28946090000,98529141,98514,94795,3,0,0,0.0047931671142578125,0,0.010989189147949219,0,-0.014652252197265625,0,0,0,0,0,0,0,0,0,0,0,0,0,0,0,7
28948865900,98531120,98516,94797,3,0,0,0.0044097900390625,0,-0.0036630630493164062,0,-0.024419784545898438,0,0,0,0,0,0,0,0,0,0,0,0,0,0,0,7
28952024391,98538120,98523,94804,3,0,0,0.0044097900390625,0,-0.0036630630493164062,0,-0.014652252197265625,0,0,0,0,0,0,0,0,0,0,0,0,0,0,0,7
28955182878,98541121,98526,94807,3,0,0,0.0044097900390625,0,0.0036630630493164062,0,-0.0048847198486328125,0,0,0,0,0,0,0,0,0,0,0,0,0,0,0,7
28958341365,98544129,98529,94810,3,0,0,0.0044097900390625,0,-0.010989189147949219,0,-0.0048847198486328125,0,0,0,0,0,0,0,0,0,0,0,0,0,0,0,7
28961499852,98546120,98531,94812,3,0,0,0.0044097900390625,0,-0.0036630630493164062,0,-0.0048847198486328125,0,0,0,0,0,0,0,0,0,0,0,0,0,0,0,7
28964658339,98548121,98533,94814,3,0,0,0.0044097900390625,0,0.010989189147949219,0,-0.0048847198486328125,0,0,0,0,0,0,0,0,0,0,0,0,0,0,0,7
28967816826,98551121,98536,94817,3,0,0,0.0047931671142578125,0,-0.0036630630493164062,0,-0.0048847198486328125,0,0,0,0,0,0,0,0,0,0,0,0,0,0,0,7
28970975313,98553124,98538,94819,3,0,0,0.0044097900390625,0,-0.0036630630493164062,0,-0.0048847198486328125,0,0,0,0,0,0,0,0,0,0,0,0,0,0,0,7
28974133800,98556126,98541,94822,3,0,0,0.0044097900390625,0,0.0036630630493164062,0,-0.0048847198486328125,0,0,0,0,0,0,0,0,0,0,0,0,0,0,0,7
28976759075,98560120,98545,94826,3,0,0,0.0044097900390625,0,-0.01831531524658203,0,-0.014652252197265625,0,0,0,0,0,0,0,0,0,0,0,0,0,0,0,7
28979384096,98562120,98547,94828,3,0,0,0.0044097900390625,0,-0.010989189147949219,0,-0.014652252197265625,0,0,0,0,0,0,0,0,0,0,0,0,0,0,0,7
28982009117,98564121,98549,94830,3,0,0,0.0044097900390625,0,-0.01831531524658203,0,-0.014652252197265625,0,0,0,0,0,0,0,0,0,0,0,0,0,0,0,7
28984634138,98567121,98552,94833,3,0,0,0.0044097900390625,0,-0.0036630630493164062,0,-0.014652252197265625,0,0,0,0,0,0,0,0,0,0,0,0,0,0,0,7
28987259159,98570126,98555,94836,3,0,0,0.0044097900390625,0,-0.010989189147949219,0,-0.014652252197265625,0,0,0,0,0,0,0,0,0,0,0,0,0,0,0,7
28989884180,98572127,98557,94838,3,0,0,0.0044097900390625,0,-0.0036630630493164062,0,-0.0048847198486328125,0,0,0,0,0,0,0,0,0,0,0,0,0,0,0,7
28992509201,98575129,98560,94841,3,0,0,0.0047931671142578125,0,0.010989189147949219,0,-0.0048847198486328125,0,0,0,0,0,0,0,0,0,0,0,0,0,0,0,7
28995134222,98577121,98562,94843,3,0,0,0.0047931671142578125,0,-0.0036630630493164062,0,-0.0048847198486328125,0,0,0,0,0,0,0,0,0,0,0,0,0,0,0,7
28997759243,98581120,98566,94847,3,0,0,0.0044097900390625,0,-0.025641441345214844,0,-0.014652252197265625,0,0,0,0,0,0,0,0,0,0,0,0,0,0,0,7
29000384264,98583121,98568,94849,3,0,0,0.0044097900390625,0,-0.010989189147949219,0,-0.014652252197265625,0,0,0,0,0,0,0,0,0,0,0,0,0,0,0,7
29003009285,98586128,98571,94852,3,0,0,0.0047931671142578125,0,-0.010989189147949219,0,-0.014652252197265625,0,0,0,0,0,0,0,0,0,0,0,0,0,0,0,7
29005634306,98589121,98574,94855,3,0,0,0.0044097900390625,0,-0.01831531524658203,0,-0.014652252197265625,0,0,0,0,0,0,0,0,0,0,0,0,0,0,0,7
29008259327,98591121,98576,94857,3,0,0,0.0047931671142578125,0,-0.01831531524658203,0,-0.014652252197265625,0,0,0,0,0,0,0,0,0,0,0,0,0,0,0,7
29010884348,98594122,98579,94860,3,0,0,0.0044097900390625,0,-0.0036630630493164062,0,-0.014652252197265625,0,0,0,0,0,0,0,0,0,0,0,0,0,0,0,7
29013509369,98596121,98582,94863,3,0,0,0.0044097900390625,0,-0.0036630630493164062,0,-0.014652252197265625,0,0,0,0,0,0,0,0,0,0,0,0,0,0,0,7
29016134390,98598130,98583,94865,3,0,0,0.0044097900390625,0,-0.01831531524658203,0,-0.0048847198486328125,0,0,0,0,0,0,0,0,0,0,0,0,0,0,0,7
29018617641,98602122,98587,94868,3,0,0,0.0044097900390625,0,0.0036630630493164062,0,-0.0048847198486328125,0,0,0,0,0,0,0,0,0,0,0,0,0,0,0,7
29021100878,98604120,98590,94871,3,0,0,0.0047931671142578125,0,-0.010989189147949219,0,-0.0048847198486328125,0,0,0,0,0,0,0,0,0,0,0,0,0,0,0,7
29023584115,98607123,98592,94873,3,0,0,0.0044097900390625,0,-0.01831531524658203,0,-0.014652252197265625,0,0,0,0,0,0,0,0,0,0,0,0,0,0,0,7
29026067352,98609121,98594,94875,3,0,0,0.0044097900390625,0,-0.0036630630493164062,0,-0.014652252197265625,0,0,0,0,0,0,0,0,0,0,0,0,0,0,0,7
29028550589,98611125,98596,94877,3,0,0,0.0044097900390625,0,-0.0036630630493164062,0,-0.014652252197265625,0,0,0,0,0,0,0,0,0,0,0,0,0,0,0,7
29031033826,98614126,98599,94880,3,0,0,0.0044097900390625,0,0.0036630630493164062,0,-0.024419784545898438,0,0,0,0,0,0,0,0,0,0,0,0,0,0,0,7
29033517063,98616120,98601,94882,3,0,0,0.0044097900390625,0,-0.0036630630493164062,0,-0.024419784545898438,0,0,0,0,0,0,0,0,0,0,0,0,0,0,0,7
29036000300,98618120,98603,94884,3,0,0,0.0047931671142578125,0,0.0036630630493164062,0,-0.014652252197265625,0,0,0,0,0,0,0,0,0,0,0,0,0,0,0,7
29038734341,98623122,98608,94889,3,0,0,0.0044097900390625,0,-0.010989189147949219,0,-0.014652252197265625,0,0,0,0,0,0,0,0,0,0,0,0,0,0,0,7
29041468378,98625129,98610,94891,3,0,0,0.0047931671142578125,0,0.0036630630493164062,0,-0.014652252197265625,0,0,0,0,0,0,0,0,0,0,0,0,0,0,0,7
29044202415,98627144,98612,94893,3,0,0,0.0047931671142578125,0,0.0036630630493164062,0,-0.014652252197265625,0,0,0,0,0,0,0,0,0,0,0,0,0,0,0,7
29046936452,98629121,98614,94895,3,0,0,0.0044097900390625,0,-0.0036630630493164062,0,-0.0048847198486328125,0,0,0,0,0,0,0,0,0,0,0,0,0,0,0,7
29049670489,98631122,98616,94897,3,0,0,0.0047931671142578125,0,-0.010989189147949219,0,-0.014652252197265625,0,0,0,0,0,0,0,0,0,0,0,0,0,0,0,7
29052404526,98633121,98618,94899,3,0,0,0.0044097900390625,0,0.0036630630493164062,0,-0.014652252197265625,0,0,0,0,0,0,0,0,0,0,0,0,0,0,0,7
29055138563,98637121,98622,94903,3,0,0,0.0044097900390625,0,-0.0036630630493164062,0,-0.014652252197265625,0,0,0,0,0,0,0,0,0,0,0,0,0,0,0,7
29057872600,98640131,98625,94906,3,0,0,0.0047931671142578125,0,-0.0036630630493164062,0,-0.0048847198486328125,0,0,0,0,0,0,0,0,0,0,0,0,0,0,0,7
29061119150,98649121,98634,94915,3,0,0,0.0047931671142578125,0,0.0036630630493164062,0,-0.0048847198486328125,0,0,0,0,0,0,0,0,0,0,0,0,0,0,0,7
29064365700,98652125,98637,94918,3,0,0,0.0044097900390625,0,-0.01831531524658203,0,-0.0048847198486328125,0,0,0,0,0,0,0,0,0,0,0,0,0,0,0,7
29067612250,98654126,98639,94920,3,0,0,0.0044097900390625,0,-0.0036630630493164062,0,-0.0048847198486328125,0,0,0,0,0,0,0,0,0,0,0,0,0,0,0,7
29070858800,98657121,98642,94923,3,0,0,0.0044097900390625,0,-0.010989189147949219,0,-0.0048847198486328125,0,0,0,0,0,0,0,0,0,0,0,0,0,0,0,7
29074105350,98659121,98644,94925,3,0,0,0.0044097900390625,0,-0.010989189147949219,0,0.0048847198486328125,0,0,0,0,0,0,0,0,0,0,0,0,0,0,0,7
29077351900,98662120,98647,94928,3,0,0,0.0047931671142578125,0,0.0036630630493164062,0,-0.014652252197265625,0,0,0,0,0,0,0,0,0,0,0,0,0,0,0,7
29080598450,98664122,98649,94930,3,0,0,0.0044097900390625,0,0.0036630630493164062,0,-0.0048847198486328125,0,0,0,0,0,0,0,0,0,0,0,0,0,0,0,7
29083845000,98666120,98651,94932,3,0,0,0.0044097900390625,0,-0.0036630630493164062,0,-0.0048847198486328125,0,0,0,0,0,0,0,0,0,0,0,0,0,0,0,7
29086736750,98670126,98655,94936,3,0,0,0.0044097900390625,0,0.0036630630493164062,0,-0.0048847198486328125,0,0,0,0,0,0,0,0,0,0,0,0,0,0,0,7
29089628500,98672121,98657,94938,3,0,0,0.0044097900390625,0,-0.010989189147949219,0,-0.0048847198486328125,0,0,0,0,0,0,0,0,0,0,0,0,0,0,0,7
29092520250,98674120,98659,94940,3,0,0,0.0044097900390625,0,-0.0036630630493164062,0,-0.0048847198486328125,0,0,0,0,0,0,0,0,0,0,0,0,0,0,0,7
29095412000,98677125,98662,94943,3,0,0,0.0044097900390625,0,0.0036630630493164062,0,-0.014652252197265625,0,0,0,0,0,0,0,0,0,0,0,0,0,0,0,7
29098303750,98679121,98664,94945,3,0,0,0.0044097900390625,0,-0.0036630630493164062,0,-0.0048847198486328125,0,0,0,0,0,0,0,0,0,0,0,0,0,0,0,7
29101195500,98682126,98667,94948,3,0,0,0.0044097900390625,0,-0.010989189147949219,0,-0.0048847198486328125,0,0,0,0,0,0,0,0,0,0,0,0,0,0,0,7
29104087250,98685133,98670,94951,3,0,0,0.0047931671142578125,0,0.0036630630493164062,0,-0.0048847198486328125,0,0,0,0,0,0,0,0,0,0,0,0,0,0,0,7
29106979000,98687121,98672,94953,3,0,0,0.0047931671142578125,0,0.010989189147949219,0,-0.0048847198486328125,0,0,0,0,0,0,0,0,0,0,0,0,0,0,0,7
29109491125,98693121,98678,94959,3,0,0,0.0047931671142578125,0,-0.0036630630493164062,0,-0.014652252197265625,0,0,0,0,0,0,0,0,0,0,0,0,0,0,0,7
29112003250,98695129,98680,94961,3,0,0,0.0044097900390625,0,-0.01831531524658203,0,-0.014652252197265625,0,0,0,0,0,0,0,0,0,0,0,0,0,0,0,7
29114515375,98697141,98682,94963,3,0,0,0.0044097900390625,0,-0.0036630630493164062,0,-0.014652252197265625,0,0,0,0,0,0,0,0,0,0,0,0,0,0,0,7
29117027500,98699121,98684,94965,3,0,0,0.0044097900390625,0,-0.0036630630493164062,0,-0.014652252197265625,0,0,0,0,0,0,0,0,0,0,0,0,0,0,0,7
29119539625,98701123,98686,94967,3,0,0,0.0044097900390625,0,-0.0036630630493164062,0,-0.014652252197265625,0,0,0,0,0,0,0,0,0,0,0,0,0,0,0,7
29122051750,98704121,98689,94970,3,0,0,0.0044097900390625,0,-0.0036630630493164062,0,-0.014652252197265625,0,0,0,0,0,0,0,0,0,0,0,0,0,0,0,7
29124563875,98707121,98692,94973,3,0,0,0.0044097900390625,0,-0.010989189147949219,0,-0.0048847198486328125,0,0,0,0,0,0,0,0,0,0,0,0,0,0,0,7
29127076000,98709121,98694,94975,3,0,0,0.0047931671142578125,0,-0.0036630630493164062,0,-0.0048847198486328125,0,0,0,0,0,0,0,0,0,0,0,0,0,0,0,7
29129444766,98713120,98698,94979,3,0,0,0.0044097900390625,0,-0.010989189147949219,0,-0.0048847198486328125,0,0,0,0,0,0,0,0,0,0,0,0,0,0,0,7
29131813528,98715129,98700,94981,3,0,0,0.0044097900390625,0,-0.010989189147949219,0,-0.0048847198486328125,0,0,0,0,0,0,0,0,0,0,0,0,0,0,0,7
29134182290,98717121,98702,94983,3,0,0,0.0047931671142578125,0,-0.0036630630493164062,0,-0.0048847198486328125,0,0,0,0,0,0,0,0,0,0,0,0,0,0,0,7
29136551052,98719125,98704,94985,3,0,0,0.0047931671142578125,0,0.0036630630493164062,0,-0.0048847198486328125,0,0,0,0,0,0,0,0,0,0,0,0,0,0,0,7
29138919814,98722120,98707,94988,3,0,0,0.0044097900390625,0,-0.0036630630493164062,0,-0.014652252197265625,0,0,0,0,0,0,0,0,0,0,0,0,0,0,0,7
29141288576,98724126,98709,94990,3,0,0,0.0044097900390625,0,-0.01831531524658203,0,-0.024419784545898438,0,0,0,0,0,0,0,0,0,0,0,0,0,0,0,7
29143657338,98726126,98711,94992,3,0,0,0.0047931671142578125,0,0.0036630630493164062,0,-0.0048847198486328125,0,0,0,0,0,0,0,0,0,0,0,0,0,0,0,7
29146026100,98728121,98713,94994,3,0,0,0.0044097900390625,0,0.0036630630493164062,0,-0.014652252197265625,0,0,0,0,0,0,0,0,0,0,0,0,0,0,0,7
29148746266,98732120,98717,94998,3,0,0,0.0044097900390625,0,-0.010989189147949219,0,-0.014652252197265625,0,0,0,0,0,0,0,0,0,0,0,0,0,0,0,7
29151466428,98735132,98720,95001,3,0,0,0.0044097900390625,0,0.0036630630493164062,0,-0.014652252197265625,0,0,0,0,0,0,0,0,0,0,0,0,0,0,0,7
29154186590,98738126,98723,95004,3,0,0,0.0047931671142578125,0,0.010989189147949219,0,-0.014652252197265625,0,0,0,0,0,0,0,0,0,0,0,0,0,0,0,7
29156906752,98740126,98726,95007,3,0,0,0.0047931671142578125,0,0.0036630630493164062,0,-0.014652252197265625,0,0,0,0,0,0,0,0,0,0,0,0,0,0,0,7
29159626914,98743124,98728,95009,3,0,0,0.0044097900390625,0,-0.010989189147949219,0,-0.0048847198486328125,0,0,0,0,0,0,0,0,0,0,0,0,0,0,0,7
29162347076,98745129,98730,95011,3,0,0,0.0044097900390625,0,-0.010989189147949219,0,-0.0048847198486328125,0,0,0,0,0,0,0,0,0,0,0,0,0,0,0,7
29165067238,98747123,98732,95013,3,0,0,0.0044097900390625,0,-0.0036630630493164062,0,-0.0048847198486328125,0,0,0,0,0,0,0,0,0,0,0,0,0,0,0,7
29167787400,98749121,98734,95015,3,0,0,0.0044097900390625,0,-0.010989189147949219,0,-0.014652252197265625,0,0,0,0,0,0,0,0,0,0,0,0,0,0,0,7
29170724891,98754126,98739,95020,3,0,0,0.0047931671142578125,0,0.0036630630493164062,0,-0.024419784545898438,0,0,0,0,0,0,0,0,0,0,0,0,0,0,0,7
29173662378,98757121,98742,95023,3,0,0,0.0044097900390625,0,-0.0036630630493164062,0,-0.014652252197265625,0,0,0,0,0,0,0,0,0,0,0,0,0,0,0,7
29176599865,98760123,98745,95026,3,0,0,0.0047931671142578125,0,0.0036630630493164062,0,-0.014652252197265625,0,0,0,0,0,0,0,0,0,0,0,0,0,0,0,7
29179537352,98762120,98747,95028,3,0,0,0.0047931671142578125,0,0.0036630630493164062,0,-0.014652252197265625,0,0,0,0,0,0,0,0,0,0,0,0,0,0,0,7
29182474839,98764124,98749,95030,3,0,0,0.0047931671142578125,0,-0.01831531524658203,0,-0.014652252197265625,0,0,0,0,0,0,0,0,0,0,0,0,0,0,0,7
29185412326,98766126,98751,95032,3,0,0,0.0047931671142578125,0,-0.0036630630493164062,0,-0.014652252197265625,0,0,0,0,0,0,0,0,0,0,0,0,0,0,0,7
29188349813,98769121,98754,95035,3,0,0,0.0047931671142578125,0,0.0036630630493164062,0,-0.024419784545898438,0,0,0,0,0,0,0,0,0,0,0,0,0,0,0,7
29191287300,98773121,98758,95039,3,0,0,0.0044097900390625,0,-0.0036630630493164062,0,-0.024419784545898438,0,0,0,0,0,0,0,0,0,0,0,0,0,0,0,7
29193725191,98777124,98762,95043,3,0,0,0.0044097900390625,0,0.0036630630493164062,0,-0.024419784545898438,0,0,0,0,0,0,0,0,0,0,0,0,0,0,0,7
29196194678,98779121,98764,95045,3,0,0,0.0044097900390625,0,-0.0036630630493164062,0,-0.014652252197265625,0,0,0,0,0,0,0,0,0,0,0,0,0,0,0,7
29198664165,98781142,98766,95047,3,0,0,0.0047931671142578125,0,-0.0036630630493164062,0,-0.014652252197265625,0,0,0,0,0,0,0,0,0,0,0,0,0,0,0,7
29201133652,98783121,98768,95049,3,0,0,0.0047931671142578125,0,0.010989189147949219,0,-0.024419784545898438,0,0,0,0,0,0,0,0,0,0,0,0,0,0,0,7
29203603139,98786120,98771,95052,3,0,0,0.0047931671142578125,0,-0.0036630630493164062,0,-0.014652252197265625,0,0,0,0,0,0,0,0,0,0,0,0,0,0,0,7
29206072626,98787120,98772,95053,3,0,0,0.0044097900390625,0,-0.010989189147949219,0,-0.024419784545898438,0,0,0,0,0,0,0,0,0,0,0,0,0,0,0,7
29208542113,98790120,98775,95056,3,0,0,0.0047931671142578125,0,-0.0036630630493164062,0,-0.014652252197265625,0,0,0,0,0,0,0,0,0,0,0,0,0,0,0,7
29211011600,98793124,98778,95059,3,0,0,0.0044097900390625,0,-0.010989189147949219,0,-0.014652252197265625,0,0,0,0,0,0,0,0,0,0,0,0,0,0,0,7
29213481087,98797122,98782,95063,3,0,0,0.0044097900390625,0,-0.0036630630493164062,0,-0.014652252197265625,0,0,0,0,0,0,0,0,0,0,0,0,0,0,0,7
29215950574,98799121,98784,95065,3,0,0,0.0044097900390625,0,0.0036630630493164062,0,-0.014652252197265625,0,0,0,0,0,0,0,0,0,0,0,0,0,0,0,7
29218420061,98801127,98786,95067,3,0,0,0.0047931671142578125,0,0.0036630630493164062,0,-0.014652252197265625,0,0,0,0,0,0,0,0,0,0,0,0,0,0,0,7
29220889548,98803121,98788,95069,3,0,0,0.0044097900390625,0,-0.0036630630493164062,0,-0.014652252197265625,0,0,0,0,0,0,0,0,0,0,0,0,0,0,0,7
29223359035,98806124,98791,95072,3,0,0,0.0044097900390625,0,-0.0036630630493164062,0,-0.014652252197265625,0,0,0,0,0,0,0,0,0,0,0,0,0,0,0,7
29225828522,98808126,98793,95074,3,0,0,0.0044097900390625,0,-0.0036630630493164062,0,-0.014652252197265625,0,0,0,0,0,0,0,0,0,0,0,0,0,0,0,7
29228298009,98811120,98796,95077,3,0,0,0.0047931671142578125,0,0.0036630630493164062,0,-0.0048847198486328125,0,0,0,0,0,0,0,0,0,0,0,0,0,0,0,7
29230767496,98813121,98798,95079,3,0,0,0.0047931671142578125,0,0.0036630630493164062,0,-0.0048847198486328125,0,0,0,0,0,0,0,0,0,0,0,0,0,0,0,7
29233350566,98817121,98802,95083,3,0,0,0.0047931671142578125,0,-0.0036630630493164062,0,-0.014652252197265625,0,0,0,0,0,0,0,0,0,0,0,0,0,0,0,7
29235933628,98820121,98805,95086,3,0,0,0.0044097900390625,0,-0.0036630630493164062,0,-0.014652252197265625,0,0,0,0,0,0,0,0,0,0,0,0,0,0,0,7
29238516690,98822130,98807,95088,3,0,0,0.0047931671142578125,0,-0.0036630630493164062,0,-0.014652252197265625,0,0,0,0,0,0,0,0,0,0,0,0,0,0,0,7
29241099752,98824126,98809,95090,3,0,0,0.0044097900390625,0,0.0036630630493164062,0,-0.024419784545898438,0,0,0,0,0,0,0,0,0,0,0,0,0,0,0,7
29243682814,98827121,98812,95093,3,0,0,0.0044097900390625,0,-0.0036630630493164062,0,-0.024419784545898438,0,0,0,0,0,0,0,0,0,0,0,0,0,0,0,7
29246265876,98829121,98814,95095,3,0,0,0.0047931671142578125,0,-0.010989189147949219,0,-0.024419784545898438,0,0,0,0,0,0,0,0,0,0,0,0,0,0,0,7
29248848938,98831121,98816,95097,3,0,0,0.0047931671142578125,0,-0.0036630630493164062,0,-0.024419784545898438,0,0,0,0,0,0,0,0,0,0,0,0,0,0,0,7
29251432000,98833121,98818,95099,3,0,0,0.0047931671142578125,0,-0.0036630630493164062,0,-0.014652252197265625,0,0,0,0,0,0,0,0,0,0,0,0,0,0,0,7
29254491500,98838126,98823,95104,3,0,0,0.0044097900390625,0,-0.025641441345214844,0,-0.014652252197265625,0,0,0,0,0,0,0,0,0,0,0,0,0,0,0,7
29257551000,98841121,98826,95107,3,0,0,0.0047931671142578125,0,0.010989189147949219,0,-0.024419784545898438,0,0,0,0,0,0,0,0,0,0,0,0,0,0,0,7
29260610500,98843124,98828,95109,3,0,0,0.0044097900390625,0,-0.01831531524658203,0,-0.014652252197265625,0,0,0,0,0,0,0,0,0,0,0,0,0,0,0,7
29263670000,98846120,98831,95112,3,0,0,0.0044097900390625,0,0.0036630630493164062,0,-0.0048847198486328125,0,0,0,0,0,0,0,0,0,0,0,0,0,0,0,7
29266729500,98848120,98833,95114,3,0,0,0.0044097900390625,0,-0.0036630630493164062,0,-0.014652252197265625,0,0,0,0,0,0,0,0,0,0,0,0,0,0,0,7
29269789000,98852129,98837,95118,3,0,0,0.0044097900390625,0,0.0036630630493164062,0,-0.014652252197265625,0,0,0,0,0,0,0,0,0,0,0,0,0,0,0,7
29272848500,98856120,98841,95122,3,0,0,0.0047931671142578125,0,-0.0036630630493164062,0,-0.014652252197265625,0,0,0,0,0,0,0,0,0,0,0,0,0,0,0,7
29275908000,98858120,98843,95124,3,0,0,0.0044097900390625,0,-0.010989189147949219,0,-0.014652252197265625,0,0,0,0,0,0,0,0,0,0,0,0,0,0,0,7
29278757900,98863122,98848,95129,3,0,0,0.0044097900390625,0,0.0036630630493164062,0,-0.0048847198486328125,0,0,0,0,0,0,0,0,0,0,0,0,0,0,0,7
29281607800,98866126,98851,95132,3,0,0,0.0044097900390625,0,-0.010989189147949219,0,-0.014652252197265625,0,0,0,0,0,0,0,0,0,0,0,0,0,0,0,7
29284457700,98868123,98853,95134,3,0,0,0.0044097900390625,0,0.0036630630493164062,0,-0.014652252197265625,0,0,0,0,0,0,0,0,0,0,0,0,0,0,0,7
29287307600,98870121,98855,95136,3,0,0,0.0044097900390625,0,-0.010989189147949219,0,-0.014652252197265625,0,0,0,0,0,0,0,0,0,0,0,0,0,0,0,7
29290157500,98872124,98857,95138,3,0,0,0.0044097900390625,0,0.0036630630493164062,0,-0.014652252197265625,0,0,0,0,0,0,0,0,0,0,0,0,0,0,0,7
29293007400,98875129,98860,95141,3,0,0,0.0044097900390625,0,-0.025641441345214844,0,-0.014652252197265625,0,0,0,0,0,0,0,0,0,0,0,0,0,0,0,7
29295857300,98877121,98862,95143,3,0,0,0.0044097900390625,0,-0.010989189147949219,0,-0.014652252197265625,0,0,0,0,0,0,0,0,0,0,0,0,0,0,0,7
29298707200,98880130,98865,95146,3,0,0,0.0044097900390625,0,-0.0036630630493164062,0,-0.014652252197265625,0,0,0,0,0,0,0,0,0,0,0,0,0,0,0,7
29301680300,98885129,98870,95151,3,0,0,0.0044097900390625,0,0.0036630630493164062,0,-0.0048847198486328125,0,0,0,0,0,0,0,0,0,0,0,0,0,0,0,7
29304653400,98887121,98872,95153,3,0,0,0.0044097900390625,0,-0.010989189147949219,0,-0.014652252197265625,0,0,0,0,0,0,0,0,0,0,0,0,0,0,0,7
29307626500,98890120,98875,95156,3,0,0,0.0044097900390625,0,0.0036630630493164062,0,-0.014652252197265625,0,0,0,0,0,0,0,0,0,0,0,0,0,0,0,7
29310599600,98892128,98877,95158,3,0,0,0.0047931671142578125,0,-0.0036630630493164062,0,-0.0048847198486328125,0,0,0,0,0,0,0,0,0,0,0,0,0,0,0,7
29313572700,98897123,98882,95163,3,0,0,0.0044097900390625,0,-0.0036630630493164062,0,-0.0048847198486328125,0,0,0,0,0,0,0,0,0,0,0,0,0,0,0,7
29316545800,98899121,98884,95165,3,0,0,0.0047931671142578125,0,-0.0036630630493164062,0,-0.014652252197265625,0,0,0,0,0,0,0,0,0,0,0,0,0,0,0,7
29319518900,98902121,98887,95168,3,0,0,0.0047931671142578125,0,0.010989189147949219,0,-0.014652252197265625,0,0,0,0,0,0,0,0,0,0,0,0,0,0,0,7
29322492000,98904120,98889,95170,3,0,0,0.0044097900390625,0,-0.0036630630493164062,0,-0.014652252197265625,0,0,0,0,0,0,0,0,0,0,0,0,0,0,0,7
29325144950,98908126,98893,95175,3,0,0,0.0047931671142578125,0,0.0036630630493164062,0,-0.014652252197265625,0,0,0,0,0,0,0,0,0,0,0,0,0,0,0,7
29327797900,98911120,98896,95177,3,0,0,0.0044097900390625,0,0.010989189147949219,0,-0.014652252197265625,0,0,0,0,0,0,0,0,0,0,0,0,0,0,0,7
29330450850,98913122,98898,95179,3,0,0,0.0044097900390625,0,0.010989189147949219,0,-0.024419784545898438,0,0,0,0,0,0,0,0,0,0,0,0,0,0,0,7
29333103800,98916120,98901,95182,3,0,0,0.0044097900390625,0,-0.010989189147949219,0,-0.024419784545898438,0,0,0,0,0,0,0,0,0,0,0,0,0,0,0,7
29335756750,98918120,98903,95184,3,0,0,0.0044097900390625,0,-0.010989189147949219,0,-0.014652252197265625,0,0,0,0,0,0,0,0,0,0,0,0,0,0,0,7
29338409700,98920127,98905,95186,3,0,0,0.0047931671142578125,0,0.010989189147949219,0,-0.014652252197265625,0,0,0,0,0,0,0,0,0,0,0,0,0,0,0,7
29341062650,98923121,98908,95189,3,0,0,0.0047931671142578125,0,0.0036630630493164062,0,-0.014652252197265625,0,0,0,0,0,0,0,0,0,0,0,0,0,0,0,7
29343715600,98926122,98911,95192,3,0,0,0.0047931671142578125,0,0.010989189147949219,0,-0.014652252197265625,0,0,0,0,0,0,0,0,0,0,0,0,0,0,0,7
29346412550,98930124,98915,95196,3,0,0,0.0047931671142578125,0,-0.010989189147949219,0,-0.024419784545898438,0,0,0,0,0,0,0,0,0,0,0,0,0,0,0,7
29349109500,98931121,98917,95198,3,0,0,0.0047931671142578125,0,-0.010989189147949219,0,-0.024419784545898438,0,0,0,0,0,0,0,0,0,0,0,0,0,0,0,7
29351806450,98934128,98919,95200,3,0,0,0.0047931671142578125,0,-0.0036630630493164062,0,-0.014652252197265625,0,0,0,0,0,0,0,0,0,0,0,0,0,0,0,7
29354503400,98936127,98922,95203,3,0,0,0.0044097900390625,0,-0.010989189147949219,0,-0.014652252197265625,0,0,0,0,0,0,0,0,0,0,0,0,0,0,0,7
29357200350,98939121,98924,95205,3,0,0,0.0047931671142578125,0,0.0036630630493164062,0,-0.014652252197265625,0,0,0,0,0,0,0,0,0,0,0,0,0,0,0,7
29359897300,98943121,98928,95209,3,0,0,0.0044097900390625,0,-0.0036630630493164062,0,-0.014652252197265625,0,0,0,0,0,0,0,0,0,0,0,0,0,0,0,7
29362594250,98945129,98930,95211,3,0,0,0.0047931671142578125,0,-0.0036630630493164062,0,-0.024419784545898438,0,0,0,0,0,0,0,0,0,0,0,0,0,0,0,7
29365291200,98947121,98933,95214,3,0,0,0.0044097900390625,0,-0.010989189147949219,0,-0.024419784545898438,0,0,0,0,0,0,0,0,0,0,0,0,0,0,0,7
29368589741,98951125,98936,95217,3,0,0,0.0047931671142578125,0,0.010989189147949219,0,-0.014652252197265625,0,0,0,0,0,0,0,0,0,0,0,0,0,0,0,7
29371888278,98954121,98939,95220,3,0,0,0.0044097900390625,0,-0.010989189147949219,0,-0.014652252197265625,0,0,0,0,0,0,0,0,0,0,0,0,0,0,0,7
29375186815,98958120,98943,95224,3,0,0,0.0044097900390625,0,0.0036630630493164062,0,-0.024419784545898438,0,0,0,0,0,0,0,0,0,0,0,0,0,0,0,7
29378485352,98961120,98946,95227,3,0,0,0.0047931671142578125,0,0.010989189147949219,0,-0.014652252197265625,0,0,0,0,0,0,0,0,0,0,0,0,0,0,0,7
29381783889,98964127,98949,95230,3,0,0,0.0047931671142578125,0,-0.0036630630493164062,0,-0.014652252197265625,0,0,0,0,0,0,0,0,0,0,0,0,0,0,0,7
29385082426,98967124,98952,95233,3,0,0,0.0044097900390625,0,-0.0036630630493164062,0,-0.014652252197265625,0,0,0,0,0,0,0,0,0,0,0,0,0,0,0,7
29388380963,98970121,98955,95236,3,0,0,0.0047931671142578125,0,-0.0036630630493164062,0,-0.014652252197265625,0,0,0,0,0,0,0,0,0,0,0,0,0,0,0,7
29391679500,98974120,98959,95240,3,0,0,0.0047931671142578125,0,0.0036630630493164062,0,-0.014652252197265625,0,0,0,0,0,0,0,0,0,0,0,0,0,0,0,7
29394970875,98980124,98965,95246,3,0,0,0.0044097900390625,0,-0.0036630630493164062,0,-0.024419784545898438,0,0,0,0,0,0,0,0,0,0,0,0,0,0,0,7
29398262250,98982120,98967,95248,3,0,0,0.0044097900390625,0,-0.0036630630493164062,0,-0.014652252197265625,0,0,0,0,0,0,0,0,0,0,0,0,0,0,0,7
29401553625,98985129,98970,95251,3,0,0,0.0044097900390625,0,-0.0036630630493164062,0,-0.014652252197265625,0,0,0,0,0,0,0,0,0,0,0,0,0,0,0,7
29404845000,98989121,98974,95255,3,0,0,0.0047931671142578125,0,0.010989189147949219,0,-0.014652252197265625,0,0,0,0,0,0,0,0,0,0,0,0,0,0,0,7
29408136375,98993120,98978,95259,3,0,0,0.0044097900390625,0,-0.0036630630493164062,0,-0.014652252197265625,0,0,0,0,0,0,0,0,0,0,0,0,0,0,0,7
29411427750,98995129,98980,95261,3,0,0,0.0044097900390625,0,-0.0036630630493164062,0,-0.0048847198486328125,0,0,0,0,0,0,0,0,0,0,0,0,0,0,0,7
29414719125,98998120,98983,95264,3,0,0,0.0044097900390625,0,-0.010989189147949219,0,-0.0048847198486328125,0,0,0,0,0,0,0,0,0,0,0,0,0,0,0,7
29418010500,99000131,98985,95266,3,0,0,0.0044097900390625,0,-0.010989189147949219,0,-0.0048847198486328125,0,0,0,0,0,0,0,0,0,0,0,0,0,0,0,7
29421459850,99004130,98989,95270,3,0,0,0.0044097900390625,0,-0.0036630630493164062,0,-0.0048847198486328125,0,0,0,0,0,0,0,0,0,0,0,0,0,0,0,7
29424909200,99007121,98992,95273,3,0,0,0.0044097900390625,0,0.0036630630493164062,0,-0.0048847198486328125,0,0,0,0,0,0,0,0,0,0,0,0,0,0,0,7
29428358550,99011120,98997,95278,3,0,0,0.0047931671142578125,0,-0.0036630630493164062,0,-0.0048847198486328125,0,0,0,0,0,0,0,0,0,0,0,0,0,0,0,7
29431807900,99014119,98999,95280,3,0,0,0.0044097900390625,0,-0.0036630630493164062,0,-0.014652252197265625,0,0,0,0,0,0,0,0,0,0,0,0,0,0,0,7
29435257250,99017125,99002,95283,3,0,0,0.0044097900390625,0,0.0036630630493164062,0,-0.014652252197265625,0,0,0,0,0,0,0,0,0,0,0,0,0,0,0,7
29438706600,99021122,99006,95287,3,0,0,0.0044097900390625,0,-0.0036630630493164062,0,-0.014652252197265625,0,0,0,0,0,0,0,0,0,0,0,0,0,0,0,7
29442155950,99024120,99009,95291,3,0,0,0.0047931671142578125,0,-0.0036630630493164062,0,-0.014652252197265625,0,0,0,0,0,0,0,0,0,0,0,0,0,0,0,7
29445605300,99027121,99012,95293,3,0,0,0.0044097900390625,0,-0.0036630630493164062,0,-0.014652252197265625,0,0,0,0,0,0,0,0,0,0,0,0,0,0,0,7
29449785750,99033145,99018,95299,3,0,0,0.0047931671142578125,0,0.010989189147949219,0,-0.014652252197265625,0,0,0,0,0,0,0,0,0,0,0,0,0,0,0,7
29453966200,99036120,99021,95302,3,0,0,0.0047931671142578125,0,0.01831531524658203,0,-0.014652252197265625,0,0,0,0,0,0,0,0,0,0,0,0,0,0,0,7
29458146650,99038124,99024,95305,3,0,0,0.0047931671142578125,0,0.0036630630493164062,0,-0.014652252197265625,0,0,0,0,0,0,0,0,0,0,0,0,0,0,0,7
29462327100,99041121,99026,95307,3,0,0,0.0047931671142578125,0,-0.010989189147949219,0,-0.014652252197265625,0,0,0,0,0,0,0,0,0,0,0,0,0,0,0,7
29466507550,99044121,99029,95310,3,0,0,0.0044097900390625,0,-0.025641441345214844,0,-0.014652252197265625,0,0,0,0,0,0,0,0,0,0,0,0,0,0,0,7
29470688000,99049121,99034,95315,3,0,0,0.0044097900390625,0,-0.010989189147949219,0,-0.014652252197265625,0,0,0,0,0,0,0,0,0,0,0,0,0,0,0,7
29474868450,99052123,99038,95319,3,0,0,0.0044097900390625,0,0.010989189147949219,0,-0.014652252197265625,0,0,0,0,0,0,0,0,0,0,0,0,0,0,0,7
29479048900,99059121,99045,95326,3,0,0,0.0047931671142578125,0,0.0036630630493164062,0,-0.014652252197265625,0,0,0,0,0,0,0,0,0,0,0,0,0,0,0,7
29481829532,99065129,99050,95331,3,0,0,0.0047931671142578125,0,0.0036630630493164062,0,-0.014652252197265625,0,0,0,0,0,0,0,0,0,0,0,0,0,0,0,7
29484610160,99067125,99052,95333,3,0,0,0.0044097900390625,0,0.0036630630493164062,0,-0.014652252197265625,0,0,0,0,0,0,0,0,0,0,0,0,0,0,0,7
29487390788,99070120,99055,95336,3,0,0,0.0044097900390625,0,-0.0036630630493164062,0,-0.0048847198486328125,0,0,0,0,0,0,0,0,0,0,0,0,0,0,0,7
29490171416,99072120,99057,95338,3,0,0,0.0047931671142578125,0,0.0036630630493164062,0,-0.0048847198486328125,0,0,0,0,0,0,0,0,0,0,0,0,0,0,0,7
29492952044,99075153,99060,95341,3,0,0,0.0044097900390625,0,-0.0036630630493164062,0,-0.0048847198486328125,0,0,0,0,0,0,0,0,0,0,0,0,0,0,0,7
29495732672,99078121,99063,95344,3,0,0,0.0044097900390625,0,-0.0036630630493164062,0,0.0048847198486328125,0,0,0,0,0,0,0,0,0,0,0,0,0,0,0,7
29498513300,99081121,99066,95347,3,0,0,0.0044097900390625,0,-0.010989189147949219,0,-0.0048847198486328125,0,0,0,0,0,0,0,0,0,0,0,0,0,0,0,7
29501948825,99086120,99071,95352,3,0,0,0.0047931671142578125,0,0.01831531524658203,0,-0.014652252197265625,0,0,0,0,0,0,0,0,0,0,0,0,0,0,0,7
29505384350,99089140,99074,95355,3,0,0,0.0044097900390625,0,-0.01831531524658203,0,-0.024419784545898438,0,0,0,0,0,0,0,0,0,0,0,0,0,0,0,7
29508819875,99093120,99078,95359,3,0,0,0.0044097900390625,0,-0.01831531524658203,0,-0.014652252197265625,0,0,0,0,0,0,0,0,0,0,0,0,0,0,0,7
29512255400,99095131,99080,95361,3,0,0,0.0044097900390625,0,-0.0036630630493164062,0,-0.014652252197265625,0,0,0,0,0,0,0,0,0,0,0,0,0,0,0,7
29515690925,99098120,99083,95364,3,0,0,0.0047931671142578125,0,-0.010989189147949219,0,-0.014652252197265625,0,0,0,0,0,0,0,0,0,0,0,0,0,0,0,7
29519126450,99100132,99085,95366,3,0,0,0.0047931671142578125,0,0.010989189147949219,0,-0.0048847198486328125,0,0,0,0,0,0,0,0,0,0,0,0,0,0,0,7
29522561975,99102127,99087,95368,3,0,0,0.0044097900390625,0,-0.0036630630493164062,0,0.0048847198486328125,0,0,0,0,0,0,0,0,0,0,0,0,0,0,0,7
29525997500,99105129,99090,95371,3,0,0,0.0044097900390625,0,-0.0036630630493164062,0,-0.014652252197265625,0,0,0,0,0,0,0,0,0,0,0,0,0,0,0,7
29528937375,99113121,99098,95379,3,0,0,0.0047931671142578125,0,0.0036630630493164062,0,-0.0048847198486328125,0,0,0,0,0,0,0,0,0,0,0,0,0,0,0,7
29531877250,99115129,99100,95381,3,0,0,0.0044097900390625,0,-0.01831531524658203,0,-0.014652252197265625,0,0,0,0,0,0,0,0,0,0,0,0,0,0,0,7
29534817125,99118126,99103,95384,3,0,0,0.0047931671142578125,0,0.0036630630493164062,0,0.0048847198486328125,0,0,0,0,0,0,0,0,0,0,0,0,0,0,0,7
29537757000,99121121,99106,95387,3,0,0,0.0047931671142578125,0,-0.0036630630493164062,0,-0.0048847198486328125,0,0,0,0,0,0,0,0,0,0,0,0,0,0,0,7
29540696875,99125133,99110,95391,3,0,0,0.0044097900390625,0,-0.010989189147949219,0,-0.014652252197265625,0,0,0,0,0,0,0,0,0,0,0,0,0,0,0,7
29543636750,99127120,99112,95393,3,0,0,0.0044097900390625,0,0.010989189147949219,0,-0.014652252197265625,0,0,0,0,0,0,0,0,0,0,0,0,0,0,0,7
29546576625,99130126,99115,95396,3,0,0,0.0047931671142578125,0,0.0036630630493164062,0,-0.0048847198486328125,0,0,0,0,0,0,0,0,0,0,0,0,0,0,0,7
29549516500,99132127,99117,95398,3,0,0,0.0044097900390625,0,-0.0036630630493164062,0,-0.014652252197265625,0,0,0,0,0,0,0,0,0,0,0,0,0,0,0,7
29551980141,99135129,99120,95401,3,0,0,0.0047931671142578125,0,-0.0036630630493164062,0,-0.014652252197265625,0,0,0,0,0,0,0,0,0,0,0,0,0,0,0,7
29554443778,99138120,99123,95404,3,0,0,0.0044097900390625,0,-0.010989189147949219,0,-0.014652252197265625,0,0,0,0,0,0,0,0,0,0,0,0,0,0,0,7
29556907415,99140121,99125,95406,3,0,0,0.0044097900390625,0,0.0036630630493164062,0,-0.014652252197265625,0,0,0,0,0,0,0,0,0,0,0,0,0,0,0,7
29559371052,99142120,99127,95408,3,0,0,0.0044097900390625,0,0.0036630630493164062,0,-0.014652252197265625,0,0,0,0,0,0,0,0,0,0,0,0,0,0,0,7
29561834689,99145150,99130,95411,3,0,0,0.0044097900390625,0,0.0036630630493164062,0,-0.014652252197265625,0,0,0,0,0,0,0,0,0,0,0,0,0,0,0,7
29564298326,99147121,99132,95413,3,0,0,0.0044097900390625,0,0.0036630630493164062,0,-0.014652252197265625,0,0,0,0,0,0,0,0,0,0,0,0,0,0,0,7
29566761963,99149125,99134,95415,3,0,0,0.0044097900390625,0,-0.0036630630493164062,0,-0.014652252197265625,0,0,0,0,0,0,0,0,0,0,0,0,0,0,0,7
29569225600,99151121,99136,95417,3,0,0,0.0044097900390625,0,-0.0036630630493164062,0,-0.0048847198486328125,0,0,0,0,0,0,0,0,0,0,0,0,0,0,0,7
29572132825,99155130,99140,95421,3,0,0,0.0047931671142578125,0,-0.0036630630493164062,0,-0.014652252197265625,0,0,0,0,0,0,0,0,0,0,0,0,0,0,0,7
29575040050,99157121,99142,95424,3,0,0,0.0044097900390625,0,-0.010989189147949219,0,-0.014652252197265625,0,0,0,0,0,0,0,0,0,0,0,0,0,0,0,7
29577947275,99160126,99145,95426,3,0,0,0.0044097900390625,0,-0.0036630630493164062,0,-0.014652252197265625,0,0,0,0,0,0,0,0,0,0,0,0,0,0,0,7
29580854500,99162124,99147,95428,3,0,0,0.0044097900390625,0,0.0036630630493164062,0,-0.014652252197265625,0,0,0,0,0,0,0,0,0,0,0,0,0,0,0,7
29583761725,99165129,99150,95431,3,0,0,0.0044097900390625,0,0.0036630630493164062,0,-0.014652252197265625,0,0,0,0,0,0,0,0,0,0,0,0,0,0,0,7
29586668950,99167120,99152,95433,3,0,0,0.0044097900390625,0,-0.0036630630493164062,0,-0.0048847198486328125,0,0,0,0,0,0,0,0,0,0,0,0,0,0,0,7
29589576175,99170124,99155,95436,3,0,0,0.0044097900390625,0,0.0036630630493164062,0,-0.0048847198486328125,0,0,0,0,0,0,0,0,0,0,0,0,0,0,0,7
29592483400,99174128,99159,95440,3,0,0,0.0044097900390625,0,-0.0036630630493164062,0,-0.0048847198486328125,0,0,0,0,0,0,0,0,0,0,0,0,0,0,0,7
29595262625,99179121,99164,95445,3,0,0,0.0044097900390625,0,-0.010989189147949219,0,0.0048847198486328125,0,0,0,0,0,0,0,0,0,0,0,0,0,0,0,7
29598041850,99182122,99167,95448,3,0,0,0.0047931671142578125,0,0.0036630630493164062,0,-0.0048847198486328125,0,0,0,0,0,0,0,0,0,0,0,0,0,0,0,7
29600821075,99184120,99169,95450,3,0,0,0.0044097900390625,0,-0.0036630630493164062,0,-0.014652252197265625,0,0,0,0,0,0,0,0,0,0,0,0,0,0,0,7
29603600300,99186127,99171,95452,3,0,0,0.0047931671142578125,0,0.010989189147949219,0,-0.014652252197265625,0,0,0,0,0,0,0,0,0,0,0,0,0,0,0,7
29606379525,99189121,99174,95455,3,0,0,0.0047931671142578125,0,-0.0036630630493164062,0,-0.0048847198486328125,0,0,0,0,0,0,0,0,0,0,0,0,0,0,0,7
29609158750,99191124,99176,95457,3,0,0,0.0047931671142578125,0,-0.010989189147949219,0,-0.0048847198486328125,0,0,0,0,0,0,0,0,0,0,0,0,0,0,0,7
29611937975,99193120,99179,95460,3,0,0,0.0047931671142578125,0,0.010989189147949219,0,-0.014652252197265625,0,0,0,0,0,0,0,0,0,0,0,0,0,0,0,7
29614717200,99196121,99181,95462,3,0,0,0.0047931671142578125,0,-0.010989189147949219,0,-0.014652252197265625,0,0,0,0,0,0,0,0,0,0,0,0,0,0,0,7
29617400941,99202126,99187,95468,3,0,0,0.0044097900390625,0,-0.0036630630493164062,0,-0.014652252197265625,0,0,0,0,0,0,0,0,0,0,0,0,0,0,0,7
29620084678,99204121,99189,95470,3,0,0,0.0044097900390625,0,-0.0036630630493164062,0,-0.014652252197265625,0,0,0,0,0,0,0,0,0,0,0,0,0,0,0,7
29622768415,99207124,99192,95473,3,0,0,0.0044097900390625,0,-0.010989189147949219,0,-0.024419784545898438,0,0,0,0,0,0,0,0,0,0,0,0,0,0,0,7
29625452152,99209121,99194,95475,3,0,0,0.0044097900390625,0,-0.0036630630493164062,0,-0.014652252197265625,0,0,0,0,0,0,0,0,0,0,0,0,0,0,0,7
29628135889,99211122,99196,95477,3,0,0,0.0044097900390625,0,-0.0036630630493164062,0,-0.014652252197265625,0,0,0,0,0,0,0,0,0,0,0,0,0,0,0,7
29630819626,99214126,99199,95480,3,0,0,0.0044097900390625,0,0.0036630630493164062,0,-0.014652252197265625,0,0,0,0,0,0,0,0,0,0,0,0,0,0,0,7
29633503363,99216128,99201,95482,3,0,0,0.0044097900390625,0,0.0036630630493164062,0,-0.014652252197265625,0,0,0,0,0,0,0,0,0,0,0,0,0,0,0,7
29636187100,99218121,99203,95484,3,0,0,0.0044097900390625,0,-0.01831531524658203,0,-0.014652252197265625,0,0,0,0,0,0,0,0,0,0,0,0,0,0,0,7
29639021125,99223121,99208,95489,3,0,0,0.0044097900390625,0,-0.0036630630493164062,0,-0.014652252197265625,0,0,0,0,0,0,0,0,0,0,0,0,0,0,0,7
29641855150,99225133,99210,95491,3,0,0,0.0047931671142578125,0,-0.0036630630493164062,0,-0.014652252197265625,0,0,0,0,0,0,0,0,0,0,0,0,0,0,0,7
29644689175,99227121,99212,95493,3,0,0,0.0044097900390625,0,-0.010989189147949219,0,-0.014652252197265625,0,0,0,0,0,0,0,0,0,0,0,0,0,0,0,7
29647523200,99230126,99215,95496,3,0,0,0.0044097900390625,0,-0.0036630630493164062,0,-0.014652252197265625,0,0,0,0,0,0,0,0,0,0,0,0,0,0,0,7
29650357225,99232123,99217,95498,3,0,0,0.0044097900390625,0,-0.0036630630493164062,0,-0.014652252197265625,0,0,0,0,0,0,0,0,0,0,0,0,0,0,0,7
29653191250,99234120,99219,95500,3,0,0,0.0044097900390625,0,-0.0036630630493164062,0,-0.014652252197265625,0,0,0,0,0,0,0,0,0,0,0,0,0,0,0,7
29656025275,99237121,99222,95503,3,0,0,0.0044097900390625,0,-0.0036630630493164062,0,-0.024419784545898438,0,0,0,0,0,0,0,0,0,0,0,0,0,0,0,7
29658859300,99239121,99224,95505,3,0,0,0.0044097900390625,0,0.0036630630493164062,0,-0.024419784545898438,0,0,0,0,0,0,0,0,0,0,0,0,0,0,0,7
29663707941,99246120,99231,95512,3,0,0,0.0047931671142578125,0,-0.0036630630493164062,0,-0.024419784545898438,0,0,0,0,0,0,0,0,0,0,0,0,0,0,0,7
29668556578,99250128,99235,95516,3,0,0,0.0047931671142578125,0,0.0036630630493164062,0,-0.014652252197265625,0,0,0,0,0,0,0,0,0,0,0,0,0,0,0,7
29673405215,99256126,99241,95522,3,0,0,0.0044097900390625,0,-0.01831531524658203,0,-0.014652252197265625,0,0,0,0,0,0,0,0,0,0,0,0,0,0,0,7
29678253852,99260120,99245,95526,3,0,0,0.0047931671142578125,0,-0.0036630630493164062,0,-0.014652252197265625,0,0,0,0,0,0,0,0,0,0,0,0,0,0,0,7
29683102489,99264120,99249,95530,3,0,0,0.0044097900390625,0,-0.0036630630493164062,0,-0.0048847198486328125,0,0,0,0,0,0,0,0,0,0,0,0,0,0,0,7
29687951126,99270130,99255,95536,3,0,0,0.0044097900390625,0,-0.010989189147949219,0,-0.014652252197265625,0,0,0,0,0,0,0,0,0,0,0,0,0,0,0,7
29692799763,99274122,99259,95540,3,0,0,0.0044097900390625,0,-0.0036630630493164062,0,-0.014652252197265625,0,0,0,0,0,0,0,0,0,0,0,0,0,0,0,7
29697648400,99278124,99263,95544,3,0,0,0.0044097900390625,0,0.0036630630493164062,0,-0.014652252197265625,0,0,0,0,0,0,0,0,0,0,0,0,0,0,0,7
29702133920,99289121,99274,95555,3,0,0,0.0047931671142578125,0,-0.01831531524658203,0,-0.024419784545898438,0,0,0,0,0,0,0,0,0,0,0,0,0,0,0,7
29706619436,99292120,99277,95558,3,0,0,0.0047931671142578125,0,-0.01831531524658203,0,-0.024419784545898438,0,0,0,0,0,0,0,0,0,0,0,0,0,0,0,7
29711104952,99296121,99281,95562,3,0,0,0.0047931671142578125,0,-0.0036630630493164062,0,-0.024419784545898438,0,0,0,0,0,0,0,0,0,0,0,0,0,0,0,7
29715590468,99299144,99284,95565,3,0,0,0.0044097900390625,0,-0.0036630630493164062,0,-0.014652252197265625,0,0,0,0,0,0,0,0,0,0,0,0,0,0,0,7
29720075984,99302120,99287,95568,3,0,0,0.0044097900390625,0,-0.0036630630493164062,0,-0.014652252197265625,0,0,0,0,0,0,0,0,0,0,0,0,0,0,0,7
29724561500,99306120,99291,95572,3,0,0,0.0044097900390625,0,-0.01831531524658203,0,-0.014652252197265625,0,0,0,0,0,0,0,0,0,0,0,0,0,0,0,7
29728749358,99314125,99299,95580,3,0,0,0.0044097900390625,0,-0.010989189147949219,0,-0.014652252197265625,0,0,0,0,0,0,0,0,0,0,0,0,0,0,0,7
29732937215,99318121,99303,95584,3,0,0,0.0044097900390625,0,0.0036630630493164062,0,-0.024419784545898438,0,0,0,0,0,0,0,0,0,0,0,0,0,0,0,7
29737125072,99321121,99306,95587,3,0,0,0.0044097900390625,0,0.0036630630493164062,0,-0.024419784545898438,0,0,0,0,0,0,0,0,0,0,0,0,0,0,0,7
29741312929,99324120,99309,95590,3,0,0,0.0044097900390625,0,0.0036630630493164062,0,-0.024419784545898438,0,0,0,0,0,0,0,0,0,0,0,0,0,0,0,7
29745500786,99328131,99313,95594,3,0,0,0.0044097900390625,0,0.0036630630493164062,0,-0.024419784545898438,0,0,0,0,0,0,0,0,0,0,0,0,0,0,0,7
29749688643,99331121,99316,95597,3,0,0,0.0044097900390625,0,-0.0036630630493164062,0,-0.0048847198486328125,0,0,0,0,0,0,0,0,0,0,0,0,0,0,0,7
29753876500,99335129,99320,95601,3,0,0,0.0044097900390625,0,-0.010989189147949219,0,-0.014652252197265625,0,0,0,0,0,0,0,0,0,0,0,0,0,0,0,7
29757244225,99341144,99326,95607,3,0,0,0.0047931671142578125,0,-0.0036630630493164062,0,-0.014652252197265625,0,0,0,0,0,0,0,0,0,0,0,0,0,0,0,7
29760611950,99343120,99328,95609,3,0,0,0.0044097900390625,0,-0.01831531524658203,0,-0.014652252197265625,0,0,0,0,0,0,0,0,0,0,0,0,0,0,0,7
29763979675,99346120,99331,95612,3,0,0,0.0044097900390625,0,-0.0036630630493164062,0,-0.014652252197265625,0,0,0,0,0,0,0,0,0,0,0,0,0,0,0,7
29767347400,99350128,99335,95616,3,0,0,0.0044097900390625,0,-0.010989189147949219,0,-0.0048847198486328125,0,0,0,0,0,0,0,0,0,0,0,0,0,0,0,7
29770715125,99353120,99338,95619,3,0,0,0.0044097900390625,0,0.0036630630493164062,0,-0.014652252197265625,0,0,0,0,0,0,0,0,0,0,0,0,0,0,0,7
29774082850,99356128,99341,95622,3,0,0,0.0044097900390625,0,-0.01831531524658203,0,-0.014652252197265625,0,0,0,0,0,0,0,0,0,0,0,0,0,0,0,7
29777450575,99359120,99344,95625,3,0,0,0.0044097900390625,0,-0.010989189147949219,0,-0.014652252197265625,0,0,0,0,0,0,0,0,0,0,0,0,0,0,0,7
29780818300,99363121,99348,95629,3,0,0,0.0044097900390625,0,-0.0036630630493164062,0,-0.014652252197265625,0,0,0,0,0,0,0,0,0,0,0,0,0,0,0,7
29783982316,99367120,99352,95633,3,0,0,0.0047931671142578125,0,-0.010989189147949219,0,-0.014652252197265625,0,0,0,0,0,0,0,0,0,0,0,0,0,0,0,7
29787146328,99371121,99356,95637,3,0,0,0.0047931671142578125,0,-0.0036630630493164062,0,-0.014652252197265625,0,0,0,0,0,0,0,0,0,0,0,0,0,0,0,7
29790310340,99374120,99359,95640,3,0,0,0.0044097900390625,0,-0.0036630630493164062,0,-0.0048847198486328125,0,0,0,0,0,0,0,0,0,0,0,0,0,0,0,7
29793474352,99377123,99362,95643,3,0,0,0.0044097900390625,0,-0.0036630630493164062,0,-0.0048847198486328125,0,0,0,0,0,0,0,0,0,0,0,0,0,0,0,7
29796638364,99380120,99365,95646,3,0,0,0.0044097900390625,0,-0.0036630630493164062,0,-0.014652252197265625,0,0,0,0,0,0,0,0,0,0,0,0,0,0,0,7
29799802376,99383140,99368,95649,3,0,0,0.0047931671142578125,0,0.0036630630493164062,0,-0.0048847198486328125,0,0,0,0,0,0,0,0,0,0,0,0,0,0,0,7
29802966388,99386124,99371,95652,3,0,0,0.0047931671142578125,0,0.0036630630493164062,0,-0.014652252197265625,0,0,0,0,0,0,0,0,0,0,0,0,0,0,0,7
29806130400,99388120,99373,95654,3,0,0,0.0047931671142578125,0,-0.010989189147949219,0,-0.014652252197265625,0,0,0,0,0,0,0,0,0,0,0,0,0,0,0,7
29809257766,99393120,99378,95659,3,0,0,0.0044097900390625,0,-0.01831531524658203,0,-0.0048847198486328125,0,0,0,0,0,0,0,0,0,0,0,0,0,0,0,7
29812052308,99395129,99381,95662,3,0,0,0.0044097900390625,0,-0.010989189147949219,0,-0.014652252197265625,0,0,0,0,0,0,0,0,0,0,0,0,0,0,0,7
29814846850,99398129,99383,95664,3,0,0,0.0044097900390625,0,-0.0036630630493164062,0,-0.014652252197265625,0,0,0,0,0,0,0,0,0,0,0,0,0,0,0,7
29817641392,99401122,99386,95667,3,0,0,0.0047931671142578125,0,-0.0036630630493164062,0,-0.014652252197265625,0,0,0,0,0,0,0,0,0,0,0,0,0,0,0,7
29820435934,99404120,99390,95671,3,0,0,0.0044097900390625,0,0.0036630630493164062,0,-0.014652252197265625,0,0,0,0,0,0,0,0,0,0,0,0,0,0,0,7
29823230476,99407125,99392,95673,3,0,0,0.0047931671142578125,0,-0.010989189147949219,0,-0.024419784545898438,0,0,0,0,0,0,0,0,0,0,0,0,0,0,0,7
29826025018,99410130,99395,95676,3,0,0,0.0044097900390625,0,0.0036630630493164062,0,-0.024419784545898438,0,0,0,0,0,0,0,0,0,0,0,0,0,0,0,7
29828819560,99413121,99398,95679,3,0,0,0.0044097900390625,0,-0.010989189147949219,0,-0.024419784545898438,0,0,0,0,0,0,0,0,0,0,0,0,0,0,0,7
29831614102,99418121,99403,95684,3,0,0,0.0047931671142578125,0,-0.010989189147949219,0,-0.024419784545898438,0,0,0,0,0,0,0,0,0,0,0,0,0,0,0,7
29834408644,99420120,99406,95687,3,0,0,0.0047931671142578125,0,-0.0036630630493164062,0,-0.024419784545898438,0,0,0,0,0,0,0,0,0,0,0,0,0,0,0,7
29837203186,99423125,99408,95689,3,0,0,0.0044097900390625,0,-0.03296661376953125,0,-0.014652252197265625,0,0,0,0,0,0,0,0,0,0,0,0,0,0,0,7
29839997728,99426126,99411,95692,3,0,0,0.0044097900390625,0,0.0036630630493164062,0,-0.014652252197265625,0,0,0,0,0,0,0,0,0,0,0,0,0,0,0,7
29842792270,99428125,99413,95694,3,0,0,0.0044097900390625,0,-0.010989189147949219,0,-0.014652252197265625,0,0,0,0,0,0,0,0,0,0,0,0,0,0,0,7
29845586812,99430120,99415,95696,3,0,0,0.0044097900390625,0,-0.0036630630493164062,0,-0.014652252197265625,0,0,0,0,0,0,0,0,0,0,0,0,0,0,0,7
29848381354,99432121,99417,95698,3,0,0,0.0044097900390625,0,-0.010989189147949219,0,-0.014652252197265625,0,0,0,0,0,0,0,0,0,0,0,0,0,0,0,7
29851175896,99434120,99419,95700,3,0,0,0.0044097900390625,0,0.0036630630493164062,0,-0.014652252197265625,0,0,0,0,0,0,0,0,0,0,0,0,0,0,0,7
29854188366,99437121,99423,95704,3,0,0,0.0044097900390625,0,-0.0036630630493164062,0,-0.014652252197265625,0,0,0,0,0,0,0,0,0,0,0,0,0,0,0,7
29856976514,99440128,99425,95706,3,0,0,0.0044097900390625,0,-0.0036630630493164062,0,-0.024419784545898438,0,0,0,0,0,0,0,0,0,0,0,0,0,0,0,7
29859764662,99443122,99428,95709,3,0,0,0.0047931671142578125,0,0.0036630630493164062,0,-0.014652252197265625,0,0,0,0,0,0,0,0,0,0,0,0,0,0,0,7
29862552810,99445129,99430,95711,3,0,0,0.0047931671142578125,0,-0.0036630630493164062,0,-0.014652252197265625,0,0,0,0,0,0,0,0,0,0,0,0,0,0,0,7
29865340958,99447121,99432,95713,3,0,0,0.0044097900390625,0,-0.010989189147949219,0,-0.0048847198486328125,0,0,0,0,0,0,0,0,0,0,0,0,0,0,0,7
29868129106,99450128,99435,95716,3,0,0,0.0044097900390625,0,0.010989189147949219,0,-0.0048847198486328125,0,0,0,0,0,0,0,0,0,0,0,0,0,0,0,7
29870917254,99452132,99437,95718,3,0,0,0.0047931671142578125,0,0.0036630630493164062,0,-0.0048847198486328125,0,0,0,0,0,0,0,0,0,0,0,0,0,0,0,7
29873705402,99455129,99440,95721,3,0,0,0.0044097900390625,0,0.0036630630493164062,0,-0.014652252197265625,0,0,0,0,0,0,0,0,0,0,0,0,0,0,0,7
29876493550,99462120,99447,95728,3,0,0,0.0044097900390625,0,0.0036630630493164062,0,-0.014652252197265625,0,0,0,0,0,0,0,0,0,0,0,0,0,0,0,7
29879281698,99464123,99449,95730,3,0,0,0.0044097900390625,0,0.0036630630493164062,0,-0.014652252197265625,0,0,0,0,0,0,0,0,0,0,0,0,0,0,0,7
29882069846,99466126,99451,95732,3,0,0,0.0044097900390625,0,0.0036630630493164062,0,-0.014652252197265625,0,0,0,0,0,0,0,0,0,0,0,0,0,0,0,7
29884857994,99468130,99453,95734,3,0,0,0.0044097900390625,0,-0.010989189147949219,0,-0.014652252197265625,0,0,0,0,0,0,0,0,0,0,0,0,0,0,0,7
29887646142,99470120,99455,95736,3,0,0,0.0047931671142578125,0,0.0036630630493164062,0,-0.0048847198486328125,0,0,0,0,0,0,0,0,0,0,0,0,0,0,0,7
29890434290,99473124,99458,95739,3,0,0,0.0044097900390625,0,-0.0036630630493164062,0,-0.014652252197265625,0,0,0,0,0,0,0,0,0,0,0,0,0,0,0,7
29893222438,99476120,99461,95742,3,0,0,0.0044097900390625,0,-0.0036630630493164062,0,-0.014652252197265625,0,0,0,0,0,0,0,0,0,0,0,0,0,0,0,7
29896010586,99478120,99463,95744,3,0,0,0.0044097900390625,0,-0.01831531524658203,0,-0.014652252197265625,0,0,0,0,0,0,0,0,0,0,0,0,0,0,0,7
29898522725,99482126,99467,95748,3,0,0,0.0044097900390625,0,-0.010989189147949219,0,-0.014652252197265625,0,0,0,0,0,0,0,0,0,0,0,0,0,0,0,7
29901034850,99484121,99469,95750,3,0,0,0.0047931671142578125,0,0.01831531524658203,0,-0.0048847198486328125,0,0,0,0,0,0,0,0,0,0,0,0,0,0,0,7
29903546975,99487121,99472,95753,3,0,0,0.0044097900390625,0,-0.0036630630493164062,0,-0.014652252197265625,0,0,0,0,0,0,0,0,0,0,0,0,0,0,0,7
29906059100,99489125,99475,95756,3,0,0,0.0044097900390625,0,0.0036630630493164062,0,-0.014652252197265625,0,0,0,0,0,0,0,0,0,0,0,0,0,0,0,7
29908571225,99492121,99477,95758,3,0,0,0.0044097900390625,0,-0.0036630630493164062,0,-0.014652252197265625,0,0,0,0,0,0,0,0,0,0,0,0,0,0,0,7
29911083350,99494130,99479,95760,3,0,0,0.0044097900390625,0,-0.0036630630493164062,0,-0.014652252197265625,0,0,0,0,0,0,0,0,0,0,0,0,0,0,0,7
29913595475,99496127,99481,95763,3,0,0,0.0044097900390625,0,0.0036630630493164062,0,-0.014652252197265625,0,0,0,0,0,0,0,0,0,0,0,0,0,0,0,7
29916107600,99498122,99484,95765,3,0,0,0.0047931671142578125,0,-0.01831531524658203,0,-0.024419784545898438,0,0,0,0,0,0,0,0,0,0,0,0,0,0,0,7
29918574916,99501125,99487,95768,3,0,0,0.0044097900390625,0,-0.0036630630493164062,0,-0.024419784545898438,0,0,0,0,0,0,0,0,0,0,0,0,0,0,0,7
29921215201,99504120,99489,95770,3,0,0,0.0044097900390625,0,-0.0036630630493164062,0,-0.014652252197265625,0,0,0,0,0,0,0,0,0,0,0,0,0,0,0,7
29923855486,99506122,99491,95772,3,0,0,0.0044097900390625,0,-0.025641441345214844,0,-0.014652252197265625,0,0,0,0,0,0,0,0,0,0,0,0,0,0,0,7
29926495771,99508127,99493,95775,3,0,0,0.0047931671142578125,0,0.0036630630493164062,0,-0.014652252197265625,0,0,0,0,0,0,0,0,0,0,0,0,0,0,0,7
29929136056,99510130,99496,95777,3,0,0,0.0047931671142578125,0,-0.0036630630493164062,0,-0.014652252197265625,0,0,0,0,0,0,0,0,0,0,0,0,0,0,0,7
29931776341,99513121,99498,95779,3,0,0,0.0044097900390625,0,0.010989189147949219,0,-0.024419784545898438,0,0,0,0,0,0,0,0,0,0,0,0,0,0,0,7
29934416626,99515133,99500,95781,3,0,0,0.0044097900390625,0,-0.01831531524658203,0,-0.014652252197265625,0,0,0,0,0,0,0,0,0,0,0,0,0,0,0,7
29937056911,99518124,99503,95784,3,0,0,0.0044097900390625,0,-0.010989189147949219,0,-0.014652252197265625,0,0,0,0,0,0,0,0,0,0,0,0,0,0,0,7
29939697196,99524126,99509,95790,3,0,0,0.0044097900390625,0,-0.0036630630493164062,0,-0.0048847198486328125,0,0,0,0,0,0,0,0,0,0,0,0,0,0,0,7
29942337481,99526124,99511,95792,3,0,0,0.0044097900390625,0,-0.0036630630493164062,0,-0.014652252197265625,0,0,0,0,0,0,0,0,0,0,0,0,0,0,0,7
29944977766,99529121,99514,95795,3,0,0,0.0044097900390625,0,-0.010989189147949219,0,-0.014652252197265625,0,0,0,0,0,0,0,0,0,0,0,0,0,0,0,7
29947618051,99531125,99516,95797,3,0,0,0.0044097900390625,0,-0.010989189147949219,0,-0.024419784545898438,0,0,0,0,0,0,0,0,0,0,0,0,0,0,0,7
29950258336,99533121,99518,95799,3,0,0,0.0044097900390625,0,-0.010989189147949219,0,-0.014652252197265625,0,0,0,0,0,0,0,0,0,0,0,0,0,0,0,7
29952898621,99535131,99520,95801,3,0,0,0.0047931671142578125,0,0.0036630630493164062,0,-0.014652252197265625,0,0,0,0,0,0,0,0,0,0,0,0,0,0,0,7
29955538906,99538126,99523,95804,3,0,0,0.0047931671142578125,0,0.0036630630493164062,0,-0.014652252197265625,0,0,0,0,0,0,0,0,0,0,0,0,0,0,0,7
29958179191,99540120,99526,95807,3,0,0,0.0047931671142578125,0,0.010989189147949219,0,-0.0048847198486328125,0,0,0,0,0,0,0,0,0,0,0,0,0,0,0,7
29961072100,99544125,99529,95810,3,0,0,0.0047931671142578125,0,-0.025641441345214844,0,-0.0048847198486328125,0,0,0,0,0,0,0,0,0,0,0,0,0,0,0,7
29963965000,99546120,99531,95812,3,0,0,0.0047931671142578125,0,-0.0036630630493164062,0,-0.014652252197265625,0,0,0,0,0,0,0,0,0,0,0,0,0,0,0,7
29966857900,99549121,99534,95815,3,0,0,0.0044097900390625,0,0.0036630630493164062,0,-0.014652252197265625,0,0,0,0,0,0,0,0,0,0,0,0,0,0,0,7
29969750800,99551142,99536,95817,3,0,0,0.0044097900390625,0,-0.010989189147949219,0,-0.014652252197265625,0,0,0,0,0,0,0,0,0,0,0,0,0,0,0,7
29972643700,99553121,99538,95819,3,0,0,0.0047931671142578125,0,0.0036630630493164062,0,-0.014652252197265625,0,0,0,0,0,0,0,0,0,0,0,0,0,0,0,7
29975536600,99556122,99541,95822,3,0,0,0.0047931671142578125,0,-0.0036630630493164062,0,-0.024419784545898438,0,0,0,0,0,0,0,0,0,0,0,0,0,0,0,7
29978429500,99559122,99544,95825,3,0,0,0.0047931671142578125,0,-0.0036630630493164062,0,-0.014652252197265625,0,0,0,0,0,0,0,0,0,0,0,0,0,0,0,7
29981322400,99563121,99548,95829,3,0,0,0.0044097900390625,0,-0.010989189147949219,0,-0.014652252197265625,0,0,0,0,0,0,0,0,0,0,0,0,0,0,0,7
29985081875,99567121,99553,95834,3,0,0,0.0047931671142578125,0,0.010989189147949219,0,-0.0048847198486328125,0,0,0,0,0,0,0,0,0,0,0,0,0,0,0,7
29988841350,99570120,99555,95836,3,0,0,0.0044097900390625,0,-0.010989189147949219,0,-0.0048847198486328125,0,0,0,0,0,0,0,0,0,0,0,0,0,0,0,7
29992600825,99574120,99559,95840,3,0,0,0.0044097900390625,0,-0.010989189147949219,0,-0.014652252197265625,0,0,0,0,0,0,0,0,0,0,0,0,0,0,0,7
29996360300,99579141,99564,95845,3,0,0,0.0047931671142578125,0,-0.0036630630493164062,0,-0.014652252197265625,0,0,0,0,0,0,0,0,0,0,0,0,0,0,0,7
30000119775,99582120,99567,95848,3,0,0,0.0047931671142578125,0,-0.0036630630493164062,0,-0.014652252197265625,0,0,0,0,0,0,0,0,0,0,0,0,0,0,0,7
30003879250,99585131,99570,95851,3,0,0,0.0047931671142578125,0,-0.0036630630493164062,0,-0.014652252197265625,0,0,0,0,0,0,0,0,0,0,0,0,0,0,0,7
30007638725,99590120,99575,95856,3,0,0,0.0044097900390625,0,0.0036630630493164062,0,-0.014652252197265625,0,0,0,0,0,0,0,0,0,0,0,0,0,0,0,7
30011398200,99593142,99578,95859,3,0,0,0.0047931671142578125,0,-0.0036630630493164062,0,-0.014652252197265625,0,0,0,0,0,0,0,0,0,0,0,0,0,0,0,7
30015518525,99598121,99583,95864,3,0,0,0.0044097900390625,0,-0.01831531524658203,0,-0.014652252197265625,0,0,0,0,0,0,0,0,0,0,0,0,0,0,0,7
30019638850,99601125,99586,95867,3,0,0,0.0044097900390625,0,-0.010989189147949219,0,-0.0048847198486328125,0,0,0,0,0,0,0,0,0,0,0,0,0,0,0,7
30023759175,99608127,99593,95874,3,0,0,0.0044097900390625,0,-0.010989189147949219,0,-0.014652252197265625,0,0,0,0,0,0,0,0,0,0,0,0,0,0,0,7
30027879500,99611121,99596,95877,3,0,0,0.0047931671142578125,0,0.010989189147949219,0,-0.014652252197265625,0,0,0,0,0,0,0,0,0,0,0,0,0,0,0,7
30031999825,99614122,99599,95880,3,0,0,0.0047931671142578125,0,-0.0036630630493164062,0,-0.0048847198486328125,0,0,0,0,0,0,0,0,0,0,0,0,0,0,0,7
30036120150,99617122,99602,95883,3,0,0,0.0044097900390625,0,-0.0036630630493164062,0,-0.0048847198486328125,0,0,0,0,0,0,0,0,0,0,0,0,0,0,0,7
30040240475,99619121,99604,95885,3,0,0,0.0044097900390625,0,-0.010989189147949219,0,-0.014652252197265625,0,0,0,0,0,0,0,0,0,0,0,0,0,0,0,7
30044360800,99626124,99611,95892,3,0,0,0.0047931671142578125,0,-0.0036630630493164062,0,-0.014652252197265625,0,0,0,0,0,0,0,0,0,0,0,0,0,0,0,7
30048934374,99634130,99619,95900,3,0,0,0.0044097900390625,0,-0.0036630630493164062,0,-0.014652252197265625,0,0,0,0,0,0,0,0,0,0,0,0,0,0,0,7
30053507945,99637121,99622,95903,3,0,0,0.0044097900390625,0,-0.0036630630493164062,0,-0.014652252197265625,0,0,0,0,0,0,0,0,0,0,0,0,0,0,0,7
30058081516,99641121,99626,95907,3,0,0,0.0044097900390625,0,0.010989189147949219,0,-0.014652252197265625,0,0,0,0,0,0,0,0,0,0,0,0,0,0,0,7
30062655087,99645129,99630,95911,3,0,0,0.0044097900390625,0,-0.0036630630493164062,0,-0.014652252197265625,0,0,0,0,0,0,0,0,0,0,0,0,0,0,0,7
30067228658,99648126,99633,95915,3,0,0,0.0044097900390625,0,0.010989189147949219,0,-0.0048847198486328125,0,0,0,0,0,0,0,0,0,0,0,0,0,0,0,7
30071802229,99653121,99638,95919,3,0,0,0.0044097900390625,0,-0.0036630630493164062,0,-0.014652252197265625,0,0,0,0,0,0,0,0,0,0,0,0,0,0,0,7
30076375800,99657121,99642,95923,3,0,0,0.0044097900390625,0,-0.0036630630493164062,0,-0.014652252197265625,0,0,0,0,0,0,0,0,0,0,0,0,0,0,0,7
30080135090,99663145,99648,95929,3,0,0,0.0047931671142578125,0,0.0036630630493164062,0,-0.014652252197265625,0,0,0,0,0,0,0,0,0,0,0,0,0,0,0,7
30083894375,99666120,99651,95932,3,0,0,0.0047931671142578125,0,-0.0036630630493164062,0,-0.0048847198486328125,0,0,0,0,0,0,0,0,0,0,0,0,0,0,0,7
30087653660,99670120,99655,95936,3,0,0,0.0047931671142578125,0,0.0036630630493164062,0,-0.014652252197265625,0,0,0,0,0,0,0,0,0,0,0,0,0,0,0,7
30091412945,99674120,99659,95940,3,0,0,0.0044097900390625,0,-0.010989189147949219,0,-0.014652252197265625,0,0,0,0,0,0,0,0,0,0,0,0,0,0,0,7
30095172230,99677141,99662,95943,3,0,0,0.0047931671142578125,0,0.0036630630493164062,0,-0.014652252197265625,0,0,0,0,0,0,0,0,0,0,0,0,0,0,0,7
30098931515,99681120,99666,95947,3,0,0,0.0044097900390625,0,0.0036630630493164062,0,-0.0048847198486328125,0,0,0,0,0,0,0,0,0,0,0,0,0,0,0,7
30102690800,99684123,99669,95950,3,0,0,0.0044097900390625,0,-0.0036630630493164062,0,-0.014652252197265625,0,0,0,0,0,0,0,0,0,0,0,0,0,0,0,7
30106825200,99690126,99675,95956,3,0,0,0.0044097900390625,0,-0.0036630630493164062,0,-0.014652252197265625,0,0,0,0,0,0,0,0,0,0,0,0,0,0,0,7
30110959600,99693122,99678,95959,3,0,0,0.0044097900390625,0,-0.010989189147949219,0,-0.024419784545898438,0,0,0,0,0,0,0,0,0,0,0,0,0,0,0,7
30115094000,99696123,99681,95962,3,0,0,0.0047931671142578125,0,-0.0036630630493164062,0,-0.0048847198486328125,0,0,0,0,0,0,0,0,0,0,0,0,0,0,0,7
30119228400,99702120,99687,95968,3,0,0,0.0044097900390625,0,-0.01831531524658203,0,0.0048847198486328125,0,0,0,0,0,0,0,0,0,0,0,0,0,0,0,7
30123362800,99706126,99691,95972,3,0,0,0.0047931671142578125,0,0.0036630630493164062,0,-0.0048847198486328125,0,0,0,0,0,0,0,0,0,0,0,0,0,0,0,7
30127497200,99709123,99694,95975,3,0,0,0.0044097900390625,0,-0.010989189147949219,0,-0.014652252197265625,0,0,0,0,0,0,0,0,0,0,0,0,0,0,0,7
30131631600,99713124,99698,95979,3,0,0,0.0047931671142578125,0,0.0036630630493164062,0,-0.014652252197265625,0,0,0,0,0,0,0,0,0,0,0,0,0,0,0,7
30135766000,99716120,99701,95982,3,0,0,0.0047931671142578125,0,-0.010989189147949219,0,-0.014652252197265625,0,0,0,0,0,0,0,0,0,0,0,0,0,0,0,7
