"timestamp_ns","yaw_ident_debug.timestamp_us","yaw_ident_debug.sample_seq","yaw_ident_debug.motor_rx_seq","yaw_ident_debug.state","yaw_ident_debug.elapsed_s","yaw_ident_debug.frequency_hz","yaw_ident_debug.position_rad","yaw_ident_debug.gyro_yaw_rad_s","yaw_ident_debug.motor_speed_rad_s","yaw_ident_debug.torque_command_nm","yaw_ident_debug.torque_feedback_nm"
9254628305,11744124,11729,11729,0,0,0,-0.4795694351196289,0,-0.0036630630493164062,0,-0.0048847198486328125
9256482698,11745129,11730,11730,0,0,0,-0.4795694351196289,0,-0.0036630630493164062,0,-0.0048847198486328125
9258337091,11747121,11732,11732,0,0,0,-0.4795694351196289,0,0.010989189147949219,0,0.0048847198486328125
9260191484,11749121,11734,11734,0,0,0,-0.4795694351196289,0,0.010989189147949219,0,-0.0048847198486328125
9262045877,11750129,11735,11735,0,0,0,-0.4795694351196289,0,-0.010989189147949219,0,-0.0048847198486328125
9263900270,11752127,11737,11737,0,0,0,-0.4795694351196289,0,-0.0036630630493164062,0,-0.0048847198486328125
9265754663,11753121,11739,11739,0,0,0,-0.4795694351196289,0,0.0036630630493164062,0,-0.0048847198486328125
9267609056,11755137,11740,11740,0,0,0,-0.4795694351196289,0,-0.0036630630493164062,0,-0.0048847198486328125
9269463449,11756137,11741,11741,0,0,0,-0.4795694351196289,0,-0.0036630630493164062,0,-0.0048847198486328125
9271317842,11758121,11743,11743,0,0,0,-0.4795694351196289,0,-0.0036630630493164062,0,-0.0048847198486328125
9273172235,11759121,11744,11744,0,0,0,-0.4795694351196289,0,-0.010989189147949219,0,-0.0048847198486328125
9275026628,11760121,11746,11746,0,0,0,-0.4795694351196289,0,-0.0036630630493164062,0,-0.0048847198486328125
9276881021,11763121,11748,11748,0,0,0,-0.4795694351196289,0,0.0036630630493164062,0,-0.0048847198486328125
9278735414,11764121,11749,11749,0,0,0,-0.4795694351196289,0,0.0036630630493164062,0,-0.0048847198486328125
9280589807,11766121,11751,11751,0,0,0,-0.4795694351196289,0,-0.01831531524658203,0,-0.0048847198486328125
9282444200,11767121,11752,11752,0,0,0,-0.4799528121948242,0,-0.01831531524658203,0,-0.0048847198486328125
9284337380,11772120,11757,11757,0,0,0,-0.4795694351196289,0,-0.010989189147949219,0,-0.014652252197265625
9286230548,11773125,11758,11758,0,0,0,-0.4795694351196289,0,-0.0036630630493164062,0,-0.0048847198486328125
9288123716,11775129,11760,11760,0,0,0,-0.4795694351196289,0,-0.0036630630493164062,0,-0.0048847198486328125
9290016884,11776121,11761,11761,0,0,0,-0.4795694351196289,0,-0.0036630630493164062,0,-0.0048847198486328125
9291910052,11778120,11763,11763,0,0,0,-0.4795694351196289,0,-0.0036630630493164062,0,-0.0048847198486328125
9293803220,11779121,11764,11764,0,0,0,-0.4795694351196289,0,-0.0036630630493164062,0,-0.0048847198486328125
9295696388,11782120,11767,11767,0,0,0,-0.4795694351196289,0,-0.0036630630493164062,0,0.0048847198486328125
9297589556,11785134,11771,11771,0,0,0,-0.4795694351196289,0,0.0036630630493164062,0,-0.0048847198486328125
9299482724,11787121,11772,11772,0,0,0,-0.4795694351196289,0,0.0036630630493164062,0,-0.014652252197265625
9301375892,11788121,11773,11773,0,0,0,-0.4795694351196289,0,-0.0036630630493164062,0,-0.014652252197265625
9303269060,11790122,11775,11775,0,0,0,-0.4795694351196289,0,-0.0036630630493164062,0,-0.014652252197265625
9305162228,11791121,11776,11777,0,0,0,-0.4795694351196289,0,-0.01831531524658203,0,-0.014652252197265625
9307055396,11793121,11778,11778,0,0,0,-0.4795694351196289,0,-0.0036630630493164062,0,-0.014652252197265625
9308948564,11795130,11780,11780,0,0,0,-0.4795694351196289,0,-0.0036630630493164062,0,-0.0048847198486328125
9310841732,11796121,11781,11781,0,0,0,-0.4795694351196289,0,0.010989189147949219,0,-0.014652252197265625
9312734900,11797129,11782,11782,0,0,0,-0.4795694351196289,0,0.0036630630493164062,0,-0.014652252197265625
9314476730,11801123,11786,11786,0,0,0,-0.4795694351196289,0,-0.0036630630493164062,0,-0.014652252197265625
9316218548,11802125,11787,11787,0,0,0,-0.4795694351196289,0,-0.0036630630493164062,0,-0.014652252197265625
9317960366,11804120,11789,11789,0,0,0,-0.4795694351196289,0,-0.0036630630493164062,0,-0.014652252197265625
9319702184,11805130,11790,11790,0,0,0,-0.4795694351196289,0,-0.0036630630493164062,0,-0.0048847198486328125
9321444002,11807121,11792,11792,0,0,0,-0.4795694351196289,0,0.0036630630493164062,0,-0.0048847198486328125
9323185820,11808121,11793,11793,0,0,0,-0.4795694351196289,0,-0.010989189147949219,0,-0.014652252197265625
9324927638,11810124,11795,11795,0,0,0,-0.4795694351196289,0,-0.010989189147949219,0,-0.014652252197265625
9326669456,11811131,11796,11796,0,0,0,-0.4795694351196289,0,-0.0036630630493164062,0,-0.014652252197265625
9328411274,11813125,11798,11798,0,0,0,-0.4795694351196289,0,-0.0036630630493164062,0,-0.014652252197265625
9330153092,11814122,11799,11799,0,0,0,-0.4799528121948242,0,-0.01831531524658203,0,-0.0048847198486328125
9331894910,11816120,11801,11801,0,0,0,-0.4795694351196289,0,0.0036630630493164062,0,-0.0048847198486328125
9333636728,11818121,11803,11803,0,0,0,-0.4795694351196289,0,0.0036630630493164062,0,-0.0048847198486328125
9335378546,11820120,11805,11805,0,0,0,-0.4795694351196289,0,0.0036630630493164062,0,-0.0048847198486328125
9337120364,11821121,11806,11806,0,0,0,-0.4795694351196289,0,-0.010989189147949219,0,-0.0048847198486328125
9338862182,11823124,11808,11808,0,0,0,-0.4795694351196289,0,-0.0036630630493164062,0,-0.014652252197265625
9340604000,11825137,11810,11810,0,0,0,-0.4795694351196289,0,-0.010989189147949219,0,-0.014652252197265625
9342188675,11828121,11813,11813,0,0,0,-0.4795694351196289,0,0.0036630630493164062,0,-0.0048847198486328125
9343773350,11830120,11815,11815,0,0,0,-0.4795694351196289,0,0.0036630630493164062,0,-0.0048847198486328125
9345358025,11831125,11816,11816,0,0,0,-0.4795694351196289,0,-0.0036630630493164062,0,-0.0048847198486328125
9346942700,11833120,11818,11818,0,0,0,-0.4799528121948242,0,-0.010989189147949219,0,-0.0048847198486328125
9348527375,11834121,11819,11819,0,0,0,-0.4795694351196289,0,-0.010989189147949219,0,-0.0048847198486328125
9350112050,11835131,11821,11821,0,0,0,-0.4795694351196289,0,-0.0036630630493164062,0,-0.0048847198486328125
9351696725,11837121,11822,11822,0,0,0,-0.4799528121948242,0,0.010989189147949219,0,-0.0048847198486328125
9353281400,11840137,11825,11825,0,0,0,-0.4795694351196289,0,-0.010989189147949219,0,-0.014652252197265625
9354866075,11841125,11826,11826,0,0,0,-0.4795694351196289,0,0.0036630630493164062,0,-0.014652252197265625
9356450750,11843122,11828,11828,0,0,0,-0.4795694351196289,0,0.0036630630493164062,0,-0.014652252197265625
9358035425,11844124,11829,11829,0,0,0,-0.4795694351196289,0,-0.010989189147949219,0,-0.014652252197265625
9359620100,11846120,11831,11831,0,0,0,-0.4795694351196289,0,-0.0036630630493164062,0,-0.014652252197265625
9361204775,11847121,11832,11832,0,0,0,-0.4795694351196289,0,0.0036630630493164062,0,-0.014652252197265625
9362789450,11848123,11833,11833,0,0,0,-0.4795694351196289,0,0.0036630630493164062,0,-0.014652252197265625
9364374125,11850129,11835,11835,0,0,0,-0.4795694351196289,0,-0.01831531524658203,0,-0.014652252197265625
9365958800,11851121,11836,11836,0,0,0,-0.4795694351196289,0,0.0036630630493164062,0,-0.014652252197265625
9368936730,11859121,11844,11844,0,0,0,-0.4795694351196289,0,-0.01831531524658203,0,-0.014652252197265625
9371343055,11861121,11846,11846,0,0,0,-0.4795694351196289,0,0.0036630630493164062,0,-0.014652252197265625
9373749380,11862121,11847,11847,0,0,0,-0.4795694351196289,0,-0.0036630630493164062,0,-0.014652252197265625
9376155705,11863121,11848,11848,0,0,0,-0.4795694351196289,0,0.010989189147949219,0,-0.014652252197265625
9378562030,11864123,11850,11850,0,0,0,-0.4795694351196289,0,-0.0036630630493164062,0,-0.014652252197265625
9380968355,11866121,11851,11851,0,0,0,-0.4795694351196289,0,-0.0036630630493164062,0,-0.014652252197265625
9383374680,11867128,11852,11852,0,0,0,-0.4795694351196289,0,-0.010989189147949219,0,-0.014652252197265625
9385781005,11868139,11854,11854,0,0,0,-0.4795694351196289,0,-0.0036630630493164062,0,-0.014652252197265625
9388187330,11870121,11856,11856,0,0,0,-0.4795694351196289,0,-0.010989189147949219,0,-0.0048847198486328125
9390593655,11879121,11864,11864,0,0,0,-0.4795694351196289,0,0.0036630630493164062,0,-0.0048847198486328125
9392999980,11885131,11870,11870,0,0,0,-0.4795694351196289,0,0.01831531524658203,0,-0.014652252197265625
9395406305,11889125,11874,11874,0,0,0,-0.4795694351196289,0,-0.0036630630493164062,0,-0.0048847198486328125
9397812630,11891121,11876,11876,0,0,0,-0.4795694351196289,0,-0.0036630630493164062,0,-0.0048847198486328125
9400218955,11895137,11880,11880,0,0,0,-0.4795694351196289,0,-0.010989189147949219,0,-0.0048847198486328125
9402625280,11897129,11882,11882,0,0,0,-0.4795694351196289,0,-0.0036630630493164062,0,-0.0048847198486328125
9405031605,11898120,11883,11884,0,0,0,-0.4795694351196289,0,0.0036630630493164062,0,-0.0048847198486328125
9407437930,11901125,11886,11886,0,0,0,-0.4795694351196289,0,-0.010989189147949219,0,-0.0048847198486328125
9409844255,11904120,11889,11889,0,0,0,-0.4795694351196289,0,-0.010989189147949219,0,-0.0048847198486328125
9412250580,11905130,11891,11891,0,0,0,-0.4795694351196289,0,0.0036630630493164062,0,-0.0048847198486328125
9414656905,11907121,11892,11892,0,0,0,-0.4795694351196289,0,-0.01831531524658203,0,-0.0048847198486328125
9417063230,11908121,11893,11893,0,0,0,-0.4795694351196289,0,-0.0036630630493164062,0,-0.0048847198486328125
9419469555,11909128,11894,11894,0,0,0,-0.4795694351196289,0,-0.0036630630493164062,0,-0.014652252197265625
9421875880,11910139,11895,11896,0,0,0,-0.4795694351196289,0,-0.010989189147949219,0,-0.0048847198486328125
9424282205,11912120,11897,11897,0,0,0,-0.4795694351196289,0,-0.0036630630493164062,0,-0.0048847198486328125
9426688530,11913121,11898,11898,0,0,0,-0.4795694351196289,0,-0.0036630630493164062,0,-0.0048847198486328125
9429094855,11914122,11899,11899,0,0,0,-0.4795694351196289,0,-0.0036630630493164062,0,-0.0048847198486328125
9431501180,11916121,11901,11901,0,0,0,-0.4795694351196289,0,-0.0036630630493164062,0,-0.0048847198486328125
9432847030,11921121,11906,11906,0,0,0,-0.4799528121948242,0,-0.010989189147949219,0,-0.0048847198486328125
9434097093,11922122,11907,11907,0,0,0,-0.4795694351196289,0,-0.0036630630493164062,0,-0.0048847198486328125
9435347156,11923133,11908,11908,0,0,0,-0.4795694351196289,0,0.0036630630493164062,0,-0.0048847198486328125
9436597219,11924135,11909,11909,0,0,0,-0.4795694351196289,0,0.0036630630493164062,0,-0.014652252197265625
9437847282,11925133,11910,11910,0,0,0,-0.4795694351196289,0,-0.01831531524658203,0,-0.0048847198486328125
9439097345,11927121,11912,11912,0,0,0,-0.4795694351196289,0,0.0036630630493164062,0,-0.0048847198486328125
9440347408,11928122,11913,11913,0,0,0,-0.4795694351196289,0,0.0036630630493164062,0,-0.0048847198486328125
9441597471,11929121,11914,11914,0,0,0,-0.4795694351196289,0,0.0036630630493164062,0,-0.0048847198486328125
9442847534,11930122,11915,11915,0,0,0,-0.4795694351196289,0,-0.01831531524658203,0,-0.0048847198486328125
9444097597,11931124,11916,11916,0,0,0,-0.4795694351196289,0,-0.010989189147949219,0,-0.0048847198486328125
9445347660,11932122,11917,11917,0,0,0,-0.4795694351196289,0,-0.010989189147949219,0,-0.0048847198486328125
9446597723,11933121,11918,11918,0,0,0,-0.4795694351196289,0,-0.010989189147949219,0,-0.014652252197265625
9447847786,11934121,11919,11919,0,0,0,-0.4795694351196289,0,-0.0036630630493164062,0,-0.014652252197265625
9449097849,11935131,11920,11920,0,0,0,-0.4795694351196289,0,0.0036630630493164062,0,-0.014652252197265625
9450347912,11937129,11922,11922,0,0,0,-0.4795694351196289,0,0.010989189147949219,0,-0.0048847198486328125
9451597975,11938135,11923,11923,0,0,0,-0.4795694351196289,0,-0.0036630630493164062,0,-0.0048847198486328125
9452848038,11940121,11925,11925,0,0,0,-0.4795694351196289,0,-0.0036630630493164062,0,-0.0048847198486328125
9454098101,11941121,11926,11926,0,0,0,-0.4795694351196289,0,-0.0036630630493164062,0,-0.014652252197265625
9455348164,11942121,11927,11927,0,0,0,-0.4795694351196289,0,0.0036630630493164062,0,-0.014652252197265625
9456598227,11943123,11928,11928,0,0,0,-0.4795694351196289,0,-0.0036630630493164062,0,-0.014652252197265625
9457848290,11944120,11929,11929,0,0,0,-0.4795694351196289,0,-0.0036630630493164062,0,-0.014652252197265625
9459098353,11945129,11930,11930,0,0,0,-0.4795694351196289,0,-0.025641441345214844,0,-0.014652252197265625
9460348416,11946120,11931,11931,0,0,0,-0.4795694351196289,0,0.0036630630493164062,0,-0.014652252197265625
9461598479,11947125,11932,11932,0,0,0,-0.4795694351196289,0,-0.010989189147949219,0,-0.014652252197265625
9462848542,11948121,11933,11933,0,0,0,-0.4795694351196289,0,-0.0036630630493164062,0,-0.014652252197265625
9464098605,11949121,11934,11934,0,0,0,-0.4795694351196289,0,-0.010989189147949219,0,-0.014652252197265625
9465348668,11950129,11935,11935,0,0,0,-0.4795694351196289,0,0.010989189147949219,0,-0.014652252197265625
9466598731,11951130,11936,11936,0,0,0,-0.4795694351196289,0,-0.0036630630493164062,0,-0.014652252197265625
9467848794,11953125,11938,11938,0,0,0,-0.4795694351196289,0,-0.0036630630493164062,0,-0.014652252197265625
9469098857,11954120,11939,11939,0,0,0,-0.4795694351196289,0,-0.0036630630493164062,0,-0.014652252197265625
9470348920,11956120,11941,11941,0,0,0,-0.4799528121948242,0,-0.010989189147949219,0,-0.024419784545898438
9471598983,11957121,11942,11942,0,0,0,-0.4795694351196289,0,-0.010989189147949219,0,-0.024419784545898438
9473003955,11960125,11945,11945,0,0,0,-0.4795694351196289,0,-0.01831531524658203,0,-0.014652252197265625
9474408898,11961121,11946,11946,0,0,0,-0.4795694351196289,0,-0.0036630630493164062,0,-0.014652252197265625
9475813841,11962120,11947,11947,0,0,0,-0.4795694351196289,0,0.0036630630493164062,0,-0.0048847198486328125
9477218784,11963121,11948,11948,0,0,0,-0.4795694351196289,0,-0.010989189147949219,0,-0.014652252197265625
9478623727,11965137,11950,11950,0,0,0,-0.4795694351196289,0,0.0036630630493164062,0,-0.0048847198486328125
9480028670,11966135,11951,11951,0,0,0,-0.4795694351196289,0,-0.010989189147949219,0,-0.0048847198486328125
9481433613,11967125,11952,11952,0,0,0,-0.4795694351196289,0,-0.0036630630493164062,0,-0.0048847198486328125
9482838556,11967125,11952,11952,0,0,0,-0.4795694351196289,0,0.0036630630493164062,0,-0.0048847198486328125
9484243499,11968125,11953,11954,0,0,0,-0.4795694351196289,0,0.01831531524658203,0,-0.0048847198486328125
9485648442,11970121,11955,11955,0,0,0,-0.4795694351196289,0,0.0036630630493164062,0,-0.0048847198486328125
9487053385,11971121,11956,11956,0,0,0,-0.4795694351196289,0,-0.0036630630493164062,0,-0.0048847198486328125
9488458328,11973121,11958,11958,0,0,0,-0.4795694351196289,0,-0.010989189147949219,0,-0.0048847198486328125
9489863271,11974121,11959,11959,0,0,0,-0.4795694351196289,0,-0.010989189147949219,0,-0.0048847198486328125
9491268214,11975129,11960,11961,0,0,0,-0.4795694351196289,0,0.010989189147949219,0,-0.0048847198486328125
9492673157,11977121,11962,11962,0,0,0,-0.4795694351196289,0,0.0036630630493164062,0,-0.0048847198486328125
9494078100,11978121,11963,11963,0,0,0,-0.4795694351196289,0,0.0036630630493164062,0,-0.0048847198486328125
9495848910,11982121,11967,11967,0,0,0,-0.4795694351196289,0,0.0036630630493164062,0,-0.014652252197265625
9497619716,11984125,11969,11969,0,0,0,-0.4795694351196289,0,-0.010989189147949219,0,-0.014652252197265625
9499390522,11986120,11971,11971,0,0,0,-0.4795694351196289,0,-0.0036630630493164062,0,-0.014652252197265625
9501161328,11988122,11973,11973,0,0,0,-0.4795694351196289,0,-0.0036630630493164062,0,-0.0048847198486328125
9502932134,11989125,11974,11974,0,0,0,-0.4795694351196289,0,0.0036630630493164062,0,-0.014652252197265625
9504702940,11991121,11976,11976,0,0,0,-0.4795694351196289,0,-0.0036630630493164062,0,-0.014652252197265625
9506473746,11992122,11977,11977,0,0,0,-0.4795694351196289,0,-0.0036630630493164062,0,-0.014652252197265625
9508244552,11993131,11978,11978,0,0,0,-0.4795694351196289,0,0.0036630630493164062,0,-0.014652252197265625
9510015358,11995133,11980,11980,0,0,0,-0.4795694351196289,0,0.0036630630493164062,0,-0.014652252197265625
9511786164,11996121,11981,11981,0,0,0,-0.4795694351196289,0,-0.01831531524658203,0,-0.014652252197265625
9513556970,11998121,11983,11983,0,0,0,-0.4795694351196289,0,-0.010989189147949219,0,-0.014652252197265625
9515327776,11999121,11984,11985,0,0,0,-0.4795694351196289,0,-0.0036630630493164062,0,-0.014652252197265625
9517098582,12001125,11986,11986,0,0,0,-0.4795694351196289,0,0.0036630630493164062,0,-0.014652252197265625
9518869388,12003121,11988,11988,0,0,0,-0.4795694351196289,0,0.0036630630493164062,0,-0.014652252197265625
9520640194,12005133,11990,11990,0,0,0,-0.4795694351196289,0,-0.01831531524658203,0,-0.0048847198486328125
9522411000,12007128,11992,11992,0,0,0,-0.4795694351196289,0,-0.01831531524658203,0,-0.0048847198486328125
9524462055,12011121,11996,11996,0,0,0,-0.4795694351196289,0,0.0036630630493164062,0,-0.014652252197265625
9526513098,12012121,11998,11998,0,0,0,-0.4795694351196289,0,0.0036630630493164062,0,-0.014652252197265625
9528564141,12014121,11999,11999,0,0,0,-0.4795694351196289,0,-0.010989189147949219,0,-0.014652252197265625
9530615184,12016121,12001,12001,0,0,0,-0.4795694351196289,0,-0.0036630630493164062,0,-0.0048847198486328125
9532666227,12018124,12003,12003,0,0,0,-0.4795694351196289,0,-0.0036630630493164062,0,-0.014652252197265625
9534717270,12020121,12005,12005,0,0,0,-0.4795694351196289,0,-0.01831531524658203,0,-0.014652252197265625
9536768313,12022137,12007,12007,0,0,0,-0.4795694351196289,0,-0.0036630630493164062,0,-0.014652252197265625
9538819356,12024121,12009,12009,0,0,0,-0.4799528121948242,0,-0.01831531524658203,0,-0.014652252197265625
9540870399,12026125,12011,12011,0,0,0,-0.4795694351196289,0,0.0036630630493164062,0,-0.014652252197265625
9542921442,12028121,12013,12013,0,0,0,-0.4795694351196289,0,0.0036630630493164062,0,-0.014652252197265625
9544972485,12030122,12015,12015,0,0,0,-0.4799528121948242,0,-0.010989189147949219,0,-0.014652252197265625
9547023528,12032122,12017,12017,0,0,0,-0.4795694351196289,0,0.0036630630493164062,0,-0.014652252197265625
9549074571,12034124,12019,12019,0,0,0,-0.4795694351196289,0,0.0036630630493164062,0,-0.014652252197265625
9551125614,12036135,12021,12021,0,0,0,-0.4795694351196289,0,0.0036630630493164062,0,-0.014652252197265625
9553176657,12037125,12022,12022,0,0,0,-0.4795694351196289,0,0.0036630630493164062,0,-0.014652252197265625
9555227700,12039125,12024,12024,0,0,0,-0.4795694351196289,0,0.0036630630493164062,0,-0.014652252197265625
9557163556,12043123,12028,12028,0,0,0,-0.4795694351196289,0,-0.0036630630493164062,0,-0.014652252197265625
9559099402,12045129,12030,12030,0,0,0,-0.4795694351196289,0,0.0036630630493164062,0,-0.014652252197265625
9561035248,12047125,12032,12032,0,0,0,-0.4795694351196289,0,-0.0036630630493164062,0,-0.014652252197265625
9562971094,12048121,12033,12033,0,0,0,-0.4795694351196289,0,0.0036630630493164062,0,-0.0048847198486328125
9564906940,12050143,12035,12035,0,0,0,-0.4795694351196289,0,-0.0036630630493164062,0,-0.0048847198486328125
9566842786,12052123,12037,12037,0,0,0,-0.4795694351196289,0,-0.025641441345214844,0,-0.0048847198486328125
9568778632,12054121,12039,12039,0,0,0,-0.4795694351196289,0,0.0036630630493164062,0,-0.0048847198486328125
9570714478,12055133,12041,12041,0,0,0,-0.4799528121948242,0,-0.010989189147949219,0,-0.014652252197265625
9572650324,12057121,12042,12042,0,0,0,-0.4795694351196289,0,-0.0036630630493164062,0,-0.014652252197265625
9574586170,12059123,12044,12044,0,0,0,-0.4795694351196289,0,-0.010989189147949219,0,-0.014652252197265625
9576522016,12060124,12045,12045,0,0,0,-0.4795694351196289,0,-0.0036630630493164062,0,-0.014652252197265625
9578457862,12062120,12047,12047,0,0,0,-0.4795694351196289,0,-0.0036630630493164062,0,-0.014652252197265625
9580393708,12064138,12049,12049,0,0,0,-0.4795694351196289,0,0.0036630630493164062,0,-0.014652252197265625
9582329554,12066121,12051,12051,0,0,0,-0.4799528121948242,0,-0.025641441345214844,0,-0.014652252197265625
9584265400,12068124,12053,12053,0,0,0,-0.4795694351196289,0,0.0036630630493164062,0,-0.014652252197265625
9586644455,12075131,12061,12061,0,0,0,-0.4799528121948242,0,-0.010989189147949219,0,-0.014652252197265625
9589023498,12077129,12062,12062,0,0,0,-0.4799528121948242,0,-0.010989189147949219,0,-0.014652252197265625
9591402541,12078135,12063,12063,0,0,0,-0.4795694351196289,0,-0.01831531524658203,0,-0.014652252197265625
9593781584,12080123,12065,12065,0,0,0,-0.4795694351196289,0,0.010989189147949219,0,-0.014652252197265625
9596160627,12082121,12067,12067,0,0,0,-0.4795694351196289,0,0.0036630630493164062,0,-0.014652252197265625
9598539670,12084125,12069,12069,0,0,0,-0.4795694351196289,0,-0.0036630630493164062,0,-0.014652252197265625
9600918713,12086120,12071,12071,0,0,0,-0.4799528121948242,0,-0.010989189147949219,0,-0.014652252197265625
9603297756,12088123,12073,12073,0,0,0,-0.4795694351196289,0,-0.0036630630493164062,0,-0.014652252197265625
9605676799,12089125,12075,12075,0,0,0,-0.4795694351196289,0,-0.0036630630493164062,0,-0.014652252197265625
9608055842,12092139,12077,12077,0,0,0,-0.4795694351196289,0,0.0036630630493164062,0,-0.014652252197265625
9610434885,12094120,12079,12079,0,0,0,-0.4795694351196289,0,0.0036630630493164062,0,-0.014652252197265625
9612813928,12096123,12081,12081,0,0,0,-0.4799528121948242,0,-0.025641441345214844,0,-0.014652252197265625
9615192971,12098121,12083,12083,0,0,0,-0.4795694351196289,0,0.01831531524658203,0,-0.014652252197265625
9617572014,12100134,12085,12085,0,0,0,-0.4795694351196289,0,-0.01831531524658203,0,-0.014652252197265625
9619951057,12105141,12090,12090,0,0,0,-0.4795694351196289,0,-0.0036630630493164062,0,-0.014652252197265625
9622330100,12107125,12092,12092,0,0,0,-0.4795694351196289,0,-0.0036630630493164062,0,-0.014652252197265625
9624473650,12112121,12097,12097,0,0,0,-0.4795694351196289,0,-0.0036630630493164062,0,-0.0048847198486328125
9626617200,12114121,12099,12099,0,0,0,-0.4795694351196289,0,-0.010989189147949219,0,-0.0048847198486328125
9628760750,12116121,12101,12101,0,0,0,-0.4795694351196289,0,-0.0036630630493164062,0,-0.014652252197265625
9630904300,12117124,12102,12102,0,0,0,-0.4795694351196289,0,0.0036630630493164062,0,-0.014652252197265625
9633047850,12119129,12104,12104,0,0,0,-0.4799528121948242,0,-0.025641441345214844,0,-0.014652252197265625
9635191400,12121129,12106,12106,0,0,0,-0.4795694351196289,0,-0.0036630630493164062,0,-0.014652252197265625
9637334950,12123121,12108,12108,0,0,0,-0.4795694351196289,0,-0.0036630630493164062,0,-0.014652252197265625
9639478500,12124121,12109,12109,0,0,0,-0.4795694351196289,0,-0.0036630630493164062,0,-0.014652252197265625
9641622050,12126125,12111,12111,0,0,0,-0.4795694351196289,0,-0.010989189147949219,0,-0.014652252197265625
9643765600,12128121,12113,12113,0,0,0,-0.4795694351196289,0,-0.0036630630493164062,0,-0.0048847198486328125
9645909150,12130123,12115,12115,0,0,0,-0.4795694351196289,0,0.010989189147949219,0,-0.0048847198486328125
9648052700,12132121,12117,12118,0,0,0,-0.4795694351196289,0,0.0036630630493164062,0,-0.0048847198486328125
9650196250,12135134,12120,12120,0,0,0,-0.4795694351196289,0,-0.0036630630493164062,0,-0.0048847198486328125
9652339800,12137121,12122,12122,0,0,0,-0.4799528121948242,0,-0.010989189147949219,0,-0.014652252197265625
9654499759,12141121,12126,12126,0,0,0,-0.4795694351196289,0,-0.0036630630493164062,0,-0.0048847198486328125
9656659716,12143121,12128,12128,0,0,0,-0.4795694351196289,0,-0.0036630630493164062,0,-0.014652252197265625
9658819673,12145130,12130,12130,0,0,0,-0.4795694351196289,0,-0.0036630630493164062,0,-0.0048847198486328125
9660979630,12148136,12133,12133,0,0,0,-0.4795694351196289,0,-0.010989189147949219,0,-0.0048847198486328125
9663139587,12149125,12134,12134,0,0,0,-0.4795694351196289,0,-0.010989189147949219,0,-0.0048847198486328125
9665299544,12152123,12137,12137,0,0,0,-0.4795694351196289,0,0.010989189147949219,0,-0.014652252197265625
9667459501,12154122,12139,12139,0,0,0,-0.4795694351196289,0,-0.0036630630493164062,0,-0.0048847198486328125
9669619458,12156121,12141,12141,0,0,0,-0.4795694351196289,0,-0.0036630630493164062,0,-0.0048847198486328125
9671779415,12157121,12142,12142,0,0,0,-0.4795694351196289,0,-0.0036630630493164062,0,-0.0048847198486328125
9673939372,12159123,12144,12144,0,0,0,-0.4795694351196289,0,-0.0036630630493164062,0,-0.0048847198486328125
9676099329,12161129,12146,12146,0,0,0,-0.4795694351196289,0,-0.01831531524658203,0,-0.0048847198486328125
9678259286,12163129,12148,12148,0,0,0,-0.4795694351196289,0,-0.010989189147949219,0,-0.0048847198486328125
9680419243,12165129,12150,12150,0,0,0,-0.4795694351196289,0,-0.0036630630493164062,0,-0.0048847198486328125
9682579200,12167123,12152,12152,0,0,0,-0.4795694351196289,0,-0.0036630630493164062,0,-0.0048847198486328125
9684796059,12173120,12158,12158,0,0,0,-0.4795694351196289,0,-0.0036630630493164062,0,-0.014652252197265625
9687012916,12175139,12160,12160,0,0,0,-0.4795694351196289,0,0.0036630630493164062,0,-0.014652252197265625
9689229773,12178120,12163,12163,0,0,0,-0.4795694351196289,0,-0.0036630630493164062,0,-0.0048847198486328125
9691446630,12179125,12164,12164,0,0,0,-0.4795694351196289,0,0.0036630630493164062,0,-0.0048847198486328125
9693663487,12181121,12166,12166,0,0,0,-0.4795694351196289,0,-0.010989189147949219,0,-0.0048847198486328125
9695880344,12182121,12167,12167,0,0,0,-0.4795694351196289,0,-0.01831531524658203,0,-0.0048847198486328125
9698097201,12184124,12169,12169,0,0,0,-0.4795694351196289,0,-0.010989189147949219,0,-0.0048847198486328125
9700314058,12185129,12170,12170,0,0,0,-0.4795694351196289,0,0.0036630630493164062,0,-0.0048847198486328125
9702530915,12187125,12172,12172,0,0,0,-0.4795694351196289,0,0.01831531524658203,0,0.0048847198486328125
9704747772,12191126,12176,12176,0,0,0,-0.4795694351196289,0,0.0036630630493164062,0,-0.0048847198486328125
9706964629,12192125,12177,12177,0,0,0,-0.4795694351196289,0,-0.0036630630493164062,0,-0.0048847198486328125
9709181486,12194120,12179,12179,0,0,0,-0.4795694351196289,0,-0.010989189147949219,0,-0.0048847198486328125
9711398343,12196123,12181,12181,0,0,0,-0.4795694351196289,0,-0.01831531524658203,0,0.0048847198486328125
9713615200,12198121,12183,12183,0,0,0,-0.4795694351196289,0,-0.0036630630493164062,0,-0.0048847198486328125
9715419145,12205137,12190,12190,0,0,0,-0.4795694351196289,0,-0.0036630630493164062,0,-0.0048847198486328125
9717223080,12206121,12191,12191,0,0,0,-0.4795694351196289,0,-0.0036630630493164062,0,-0.0048847198486328125
9719027015,12207121,12192,12192,0,0,0,-0.4795694351196289,0,-0.010989189147949219,0,-0.0048847198486328125
9720830950,12209123,12194,12194,0,0,0,-0.4795694351196289,0,-0.0036630630493164062,0,-0.0048847198486328125
9722634885,12210120,12195,12195,0,0,0,-0.4795694351196289,0,0.0036630630493164062,0,-0.0048847198486328125
9724438820,12211121,12196,12196,0,0,0,-0.4795694351196289,0,-0.0036630630493164062,0,-0.0048847198486328125
9726242755,12212122,12197,12197,0,0,0,-0.4795694351196289,0,0.0036630630493164062,0,-0.014652252197265625
9728046690,12214121,12199,12199,0,0,0,-0.4795694351196289,0,-0.0036630630493164062,0,-0.014652252197265625
9729850625,12215129,12200,12200,0,0,0,-0.4795694351196289,0,0.0036630630493164062,0,-0.014652252197265625
9731654560,12216124,12201,12201,0,0,0,-0.4795694351196289,0,-0.0036630630493164062,0,-0.014652252197265625
9733458495,12217131,12202,12202,0,0,0,-0.4795694351196289,0,-0.010989189147949219,0,-0.014652252197265625
9735262430,12218135,12203,12203,0,0,0,-0.4795694351196289,0,0.0036630630493164062,0,-0.014652252197265625
9737066365,12221125,12206,12206,0,0,0,-0.4795694351196289,0,0.010989189147949219,0,-0.014652252197265625
9738870300,12223121,12208,12208,0,0,0,-0.4795694351196289,0,-0.010989189147949219,0,-0.014652252197265625
9740772895,12227121,12212,12212,0,0,0,-0.4795694351196289,0,-0.010989189147949219,0,-0.0048847198486328125
9742675482,12228121,12213,12213,0,0,0,-0.4795694351196289,0,-0.01831531524658203,0,-0.0048847198486328125
9744578069,12229124,12214,12214,0,0,0,-0.4795694351196289,0,0.0036630630493164062,0,-0.0048847198486328125
9746480656,12230121,12215,12215,0,0,0,-0.4795694351196289,0,0.0036630630493164062,0,-0.0048847198486328125
9748383243,12232136,12217,12217,0,0,0,-0.4795694351196289,0,-0.0036630630493164062,0,-0.014652252197265625
9750285830,12233126,12218,12218,0,0,0,-0.4799528121948242,0,-0.010989189147949219,0,-0.014652252197265625
9752188417,12234124,12219,12219,0,0,0,-0.4795694351196289,0,-0.0036630630493164062,0,-0.014652252197265625
9754091004,12235129,12220,12220,0,0,0,-0.4795694351196289,0,0.0036630630493164062,0,-0.0048847198486328125
9755993591,12240121,12225,12225,0,0,0,-0.4795694351196289,0,-0.010989189147949219,0,-0.014652252197265625
9757896178,12242125,12227,12227,0,0,0,-0.4795694351196289,0,-0.0036630630493164062,0,-0.014652252197265625
9759798765,12244121,12229,12229,0,0,0,-0.4795694351196289,0,0.0036630630493164062,0,-0.014652252197265625
9761701352,12245141,12230,12230,0,0,0,-0.4795694351196289,0,0.0036630630493164062,0,-0.014652252197265625
9763603939,12247125,12232,12232,0,0,0,-0.4795694351196289,0,-0.010989189147949219,0,-0.014652252197265625
9765506526,12249123,12234,12234,0,0,0,-0.4795694351196289,0,0.0036630630493164062,0,-0.014652252197265625
9767409113,12251121,12236,12236,0,0,0,-0.4795694351196289,0,-0.0036630630493164062,0,-0.0048847198486328125
9769311700,12254123,12239,12239,0,0,0,-0.4795694351196289,0,-0.0036630630493164062,0,-0.0048847198486328125
9771824570,12257121,12242,12242,0,0,0,-0.4795694351196289,0,-0.0036630630493164062,0,-0.0048847198486328125
9774337432,12259129,12244,12244,0,0,0,-0.4795694351196289,0,-0.010989189147949219,0,-0.0048847198486328125
9776850294,12261125,12246,12246,0,0,0,-0.4795694351196289,0,-0.0036630630493164062,0,-0.0048847198486328125
9779363156,12263125,12248,12248,0,0,0,-0.4795694351196289,0,0.010989189147949219,0,-0.0048847198486328125
9781876018,12264122,12249,12249,0,0,0,-0.4795694351196289,0,-0.0036630630493164062,0,-0.014652252197265625
9784388880,12268121,12253,12253,0,0,0,-0.4795694351196289,0,-0.010989189147949219,0,-0.014652252197265625
9786901742,12270123,12255,12255,0,0,0,-0.4795694351196289,0,0.0036630630493164062,0,-0.024419784545898438
9789414604,12272121,12257,12257,0,0,0,-0.4795694351196289,0,-0.010989189147949219,0,-0.014652252197265625
9791927466,12274139,12259,12259,0,0,0,-0.4795694351196289,0,-0.0036630630493164062,0,-0.014652252197265625
9794440328,12276121,12261,12261,0,0,0,-0.4795694351196289,0,0.0036630630493164062,0,-0.014652252197265625
9796953190,12278122,12263,12263,0,0,0,-0.4799528121948242,0,-0.01831531524658203,0,-0.0048847198486328125
9799466052,12279124,12265,12265,0,0,0,-0.4795694351196289,0,0.0036630630493164062,0,-0.014652252197265625
9801978914,12283123,12268,12268,0,0,0,-0.4799528121948242,0,-0.010989189147949219,0,-0.014652252197265625
9804491776,12285130,12270,12270,0,0,0,-0.4795694351196289,0,0.010989189147949219,0,-0.014652252197265625
9807004638,12292125,12277,12277,0,0,0,-0.4795694351196289,0,-0.0036630630493164062,0,-0.014652252197265625
9809517500,12294120,12279,12279,0,0,0,-0.4795694351196289,0,0.010989189147949219,0,-0.014652252197265625
9811610224,12298121,12283,12283,0,0,0,-0.4795694351196289,0,-0.010989189147949219,0,-0.0048847198486328125
9813702940,12299123,12284,12284,0,0,0,-0.4795694351196289,0,0.0036630630493164062,0,-0.0048847198486328125
9815795656,12301131,12286,12286,0,0,0,-0.4795694351196289,0,-0.025641441345214844,0,-0.014652252197265625
9817888372,12302135,12287,12287,0,0,0,-0.4795694351196289,0,-0.01831531524658203,0,-0.014652252197265625
9819981088,12305130,12290,12290,0,0,0,-0.4795694351196289,0,-0.0036630630493164062,0,-0.0048847198486328125
9822073804,12307122,12292,12292,0,0,0,-0.4795694351196289,0,0.0036630630493164062,0,-0.0048847198486328125
9824166520,12309122,12294,12294,0,0,0,-0.4795694351196289,0,-0.025641441345214844,0,-0.014652252197265625
9826259236,12310120,12296,12296,0,0,0,-0.4795694351196289,0,-0.010989189147949219,0,-0.014652252197265625
9828351952,12312123,12297,12298,0,0,0,-0.4795694351196289,0,-0.01831531524658203,0,-0.014652252197265625
9830444668,12315137,12300,12300,0,0,0,-0.4795694351196289,0,0.0036630630493164062,0,-0.014652252197265625
9832537384,12317125,12302,12302,0,0,0,-0.4795694351196289,0,-0.010989189147949219,0,-0.0048847198486328125
9834630100,12319121,12304,12304,0,0,0,-0.4795694351196289,0,-0.010989189147949219,0,-0.014652252197265625
9836768896,12326121,12311,12311,0,0,0,-0.4795694351196289,0,0.0036630630493164062,0,-0.0048847198486328125
9838907682,12328122,12313,12313,0,0,0,-0.4795694351196289,0,-0.025641441345214844,0,-0.014652252197265625
9841046468,12330135,12315,12315,0,0,0,-0.4795694351196289,0,0.0036630630493164062,0,-0.014652252197265625
9843185254,12331125,12316,12316,0,0,0,-0.4795694351196289,0,-0.010989189147949219,0,-0.0048847198486328125
9845324040,12333123,12318,12318,0,0,0,-0.4795694351196289,0,-0.0036630630493164062,0,-0.0048847198486328125
9847462826,12334120,12319,12320,0,0,0,-0.4799528121948242,0,-0.025641441345214844,0,-0.0048847198486328125
9849601612,12336122,12321,12321,0,0,0,-0.4795694351196289,0,-0.0036630630493164062,0,-0.014652252197265625
9851740398,12338121,12323,12323,0,0,0,-0.4795694351196289,0,-0.010989189147949219,0,-0.014652252197265625
9853879184,12340121,12325,12325,0,0,0,-0.4795694351196289,0,-0.01831531524658203,0,-0.014652252197265625
9856017970,12341122,12326,12326,0,0,0,-0.4799528121948242,0,-0.01831531524658203,0,-0.014652252197265625
9858156756,12344135,12329,12329,0,0,0,-0.4795694351196289,0,0.0036630630493164062,0,-0.0048847198486328125
9860295542,12345137,12330,12330,0,0,0,-0.4795694351196289,0,0.0036630630493164062,0,-0.0048847198486328125
9862434328,12347121,12332,12332,0,0,0,-0.4795694351196289,0,0.0036630630493164062,0,-0.0048847198486328125
9864573114,12349123,12334,12334,0,0,0,-0.4795694351196289,0,-0.0036630630493164062,0,-0.014652252197265625
9866711900,12351121,12336,12336,0,0,0,-0.4795694351196289,0,0.0036630630493164062,0,-0.014652252197265625
9868698170,12355129,12340,12340,0,0,0,-0.4795694351196289,0,0.01831531524658203,0,-0.0048847198486328125
9870684432,12357130,12342,12342,0,0,0,-0.4795694351196289,0,0.010989189147949219,0,-0.014652252197265625
9872670694,12358139,12343,12343,0,0,0,-0.4795694351196289,0,-0.025641441345214844,0,-0.014652252197265625
9874656956,12362122,12347,12347,0,0,0,-0.4795694351196289,0,-0.0036630630493164062,0,-0.014652252197265625
9876643218,12364122,12349,12349,0,0,0,-0.4795694351196289,0,-0.0036630630493164062,0,-0.0048847198486328125
9878629480,12365131,12350,12350,0,0,0,-0.4795694351196289,0,-0.0036630630493164062,0,-0.0048847198486328125
9880615742,12367121,12352,12352,0,0,0,-0.4795694351196289,0,0.0036630630493164062,0,-0.0048847198486328125
9882602004,12368121,12353,12353,0,0,0,-0.4795694351196289,0,-0.0036630630493164062,0,-0.0048847198486328125
9884588266,12371128,12356,12356,0,0,0,-0.4795694351196289,0,-0.010989189147949219,0,-0.014652252197265625
9886574528,12373125,12358,12358,0,0,0,-0.4795694351196289,0,-0.0036630630493164062,0,-0.0048847198486328125
9888560790,12375130,12360,12360,0,0,0,-0.4799528121948242,0,-0.01831531524658203,0,-0.0048847198486328125
9890547052,12377121,12362,12362,0,0,0,-0.4795694351196289,0,0.0036630630493164062,0,-0.014652252197265625
9892533314,12378123,12363,12363,0,0,0,-0.4795694351196289,0,-0.01831531524658203,0,-0.014652252197265625
9894519576,12380121,12365,12365,0,0,0,-0.4795694351196289,0,-0.010989189147949219,0,-0.014652252197265625
9896505838,12381121,12366,12366,0,0,0,-0.4795694351196289,0,-0.0036630630493164062,0,-0.014652252197265625
9898492100,12383123,12368,12368,0,0,0,-0.4795694351196289,0,-0.010989189147949219,0,-0.0048847198486328125
9901942950,12393121,12378,12378,0,0,0,-0.4795694351196289,0,-0.0036630630493164062,0,-0.0048847198486328125
9904810722,12400144,12385,12385,0,0,0,-0.4795694351196289,0,-0.010989189147949219,0,-0.014652252197265625
9907678494,12401128,12386,12386,0,0,0,-0.4795694351196289,0,0.0036630630493164062,0,-0.014652252197265625
9910546266,12412122,12397,12397,0,0,0,-0.4795694351196289,0,0.010989189147949219,0,-0.014652252197265625
9913414038,12422121,12407,12407,0,0,0,-0.4795694351196289,0,0.010989189147949219,0,-0.0048847198486328125
9916281810,12423122,12408,12408,0,0,0,-0.4795694351196289,0,-0.0036630630493164062,0,-0.0048847198486328125
9919149582,12425129,12410,12410,0,0,0,-0.4795694351196289,0,-0.010989189147949219,0,-0.014652252197265625
9922017354,12426121,12411,12411,0,0,0,-0.4795694351196289,0,-0.0036630630493164062,0,-0.014652252197265625
9924885126,12427129,12412,12412,0,0,0,-0.4795694351196289,0,-0.0036630630493164062,0,-0.0048847198486328125
9927752898,12429125,12414,12414,0,0,0,-0.4795694351196289,0,0.0036630630493164062,0,-0.0048847198486328125
9930620670,12430121,12415,12415,0,0,0,-0.4795694351196289,0,0.0036630630493164062,0,-0.014652252197265625
9933488442,12431121,12416,12416,0,0,0,-0.4795694351196289,0,-0.0036630630493164062,0,-0.0048847198486328125
9936356214,12433121,12418,12418,0,0,0,-0.4799528121948242,0,-0.0036630630493164062,0,-0.0048847198486328125
9939223986,12434120,12419,12419,0,0,0,-0.4795694351196289,0,-0.01831531524658203,0,-0.0048847198486328125
9942091758,12437125,12422,12422,0,0,0,-0.4795694351196289,0,-0.0036630630493164062,0,-0.0048847198486328125
9944959530,12438121,12423,12423,0,0,0,-0.4795694351196289,0,-0.0036630630493164062,0,-0.0048847198486328125
9947827302,12444122,12429,12429,0,0,0,-0.4795694351196289,0,-0.010989189147949219,0,-0.014652252197265625
9950695074,12445133,12430,12430,0,0,0,-0.4795694351196289,0,0.010989189147949219,0,-0.014652252197265625
9953562846,12447121,12432,12432,0,0,0,-0.4795694351196289,0,0.010989189147949219,0,-0.014652252197265625
9956430618,12449123,12434,12434,0,0,0,-0.4795694351196289,0,0.0036630630493164062,0,-0.014652252197265625
9959298390,12450129,12435,12435,0,0,0,-0.4795694351196289,0,-0.0036630630493164062,0,-0.014652252197265625
9962166162,12451121,12436,12436,0,0,0,-0.4795694351196289,0,-0.0036630630493164062,0,-0.014652252197265625
9965033934,12453125,12438,12438,0,0,0,-0.4795694351196289,0,-0.0036630630493164062,0,-0.014652252197265625
9967901706,12454121,12439,12439,0,0,0,-0.4795694351196289,0,-0.0036630630493164062,0,-0.014652252197265625
9970769478,12455137,12440,12440,0,0,0,-0.4795694351196289,0,-0.010989189147949219,0,-0.014652252197265625
9973432355,12460121,12445,12445,0,0,0,-0.4795694351196289,0,-0.010989189147949219,0,-0.0048847198486328125
9976095198,12461124,12446,12446,0,0,0,-0.4795694351196289,0,-0.0036630630493164062,0,-0.0048847198486328125
9978758041,12462121,12447,12447,0,0,0,-0.4795694351196289,0,-0.0036630630493164062,0,-0.0048847198486328125
9981420884,12464121,12449,12449,0,0,0,-0.4795694351196289,0,0.0036630630493164062,0,-0.014652252197265625
9984083727,12465131,12451,12451,0,0,0,-0.4795694351196289,0,-0.0036630630493164062,0,-0.014652252197265625
9986746570,12467121,12452,12452,0,0,0,-0.4795694351196289,0,-0.0036630630493164062,0,-0.014652252197265625
9989409413,12468121,12453,12453,0,0,0,-0.4795694351196289,0,-0.01831531524658203,0,-0.014652252197265625
9992072256,12473122,12458,12458,0,0,0,-0.4795694351196289,0,0.0036630630493164062,0,-0.014652252197265625
9994735099,12474125,12459,12459,0,0,0,-0.4795694351196289,0,-0.0036630630493164062,0,-0.014652252197265625
9997397942,12475129,12461,12461,0,0,0,-0.4795694351196289,0,-0.0036630630493164062,0,-0.014652252197265625
10000060785,12477125,12462,12462,0,0,0,-0.4795694351196289,0,-0.0036630630493164062,0,-0.014652252197265625
10002723628,12483129,12468,12468,0,0,0,-0.4795694351196289,0,-0.01831531524658203,0,-0.014652252197265625
10005386471,12490124,12475,12475,0,0,0,-0.4795694351196289,0,-0.0036630630493164062,0,-0.0048847198486328125
10008049314,12494122,12479,12479,0,0,0,-0.4795694351196289,0,-0.010989189147949219,0,-0.014652252197265625
10010712157,12496121,12481,12481,0,0,0,-0.4795694351196289,0,-0.0036630630493164062,0,-0.014652252197265625
10013375000,12498139,12483,12483,0,0,0,-0.4795694351196289,0,0.0036630630493164062,0,-0.014652252197265625
10015682450,12501124,12486,12486,0,0,0,-0.4795694351196289,0,-0.0036630630493164062,0,-0.014652252197265625
10017989900,12507123,12492,12492,0,0,0,-0.4795694351196289,0,0.0036630630493164062,0,-0.014652252197265625
10020297350,12509121,12494,12494,0,0,0,-0.4795694351196289,0,-0.010989189147949219,0,-0.014652252197265625
10022604800,12511132,12496,12496,0,0,0,-0.4795694351196289,0,-0.0036630630493164062,0,-0.0048847198486328125
10024912250,12513125,12498,12498,0,0,0,-0.4795694351196289,0,-0.01831531524658203,0,-0.0048847198486328125
10027219700,12514121,12499,12499,0,0,0,-0.4795694351196289,0,-0.010989189147949219,0,-0.0048847198486328125
10029527150,12515131,12500,12500,0,0,0,-0.4795694351196289,0,-0.0036630630493164062,0,-0.0048847198486328125
10031834600,12516120,12501,12501,0,0,0,-0.4795694351196289,0,0.0036630630493164062,0,-0.014652252197265625
10034142050,12517122,12502,12502,0,0,0,-0.4795694351196289,0,-0.0036630630493164062,0,-0.014652252197265625
10036449500,12518121,12503,12503,0,0,0,-0.4795694351196289,0,0.0036630630493164062,0,-0.014652252197265625
10038756950,12522121,12507,12507,0,0,0,-0.4795694351196289,0,-0.0036630630493164062,0,-0.014652252197265625
10041064400,12526135,12511,12511,0,0,0,-0.4795694351196289,0,0.0036630630493164062,0,-0.014652252197265625
10042470420,12529121,12514,12514,0,0,0,-0.4795694351196289,0,-0.010989189147949219,0,-0.014652252197265625
10043876435,12530121,12515,12515,0,0,0,-0.4795694351196289,0,-0.010989189147949219,0,-0.014652252197265625
10045282450,12531122,12516,12516,0,0,0,-0.4795694351196289,0,-0.01831531524658203,0,-0.024419784545898438
10046688465,12532125,12517,12517,0,0,0,-0.4795694351196289,0,-0.010989189147949219,0,-0.014652252197265625
10048094480,12533121,12518,12518,0,0,0,-0.4795694351196289,0,-0.01831531524658203,0,-0.014652252197265625
10049500495,12534121,12519,12519,0,0,0,-0.4795694351196289,0,0.010989189147949219,0,-0.014652252197265625
10050906510,12535133,12520,12520,0,0,0,-0.4795694351196289,0,-0.0036630630493164062,0,-0.014652252197265625
10052312525,12538121,12523,12523,0,0,0,-0.4795694351196289,0,-0.0036630630493164062,0,-0.014652252197265625
10053718540,12539130,12524,12524,0,0,0,-0.4795694351196289,0,-0.010989189147949219,0,-0.014652252197265625
10055124555,12541125,12526,12526,0,0,0,-0.4799528121948242,0,-0.010989189147949219,0,-0.014652252197265625
10056530570,12542121,12527,12527,0,0,0,-0.4795694351196289,0,-0.01831531524658203,0,-0.014652252197265625
10057936585,12543121,12528,12528,0,0,0,-0.4795694351196289,0,0.0036630630493164062,0,-0.014652252197265625
10059342600,12544123,12529,12529,0,0,0,-0.4795694351196289,0,0.0036630630493164062,0,-0.0048847198486328125
10061150270,12548125,12533,12533,0,0,0,-0.4795694351196289,0,-0.0036630630493164062,0,-0.014652252197265625
10062957932,12550128,12535,12535,0,0,0,-0.4795694351196289,0,-0.0036630630493164062,0,-0.014652252197265625
10064765594,12551121,12536,12536,0,0,0,-0.4795694351196289,0,-0.0036630630493164062,0,-0.014652252197265625
10066573256,12552125,12537,12537,0,0,0,-0.4795694351196289,0,-0.010989189147949219,0,-0.014652252197265625
10068380918,12555133,12540,12540,0,0,0,-0.4795694351196289,0,-0.0036630630493164062,0,-0.024419784545898438
10070188580,12556124,12541,12541,0,0,0,-0.4795694351196289,0,0.0036630630493164062,0,-0.014652252197265625
10071996242,12557123,12542,12543,0,0,0,-0.4795694351196289,0,0.01831531524658203,0,-0.014652252197265625
10073803904,12559121,12544,12544,0,0,0,-0.4795694351196289,0,-0.0036630630493164062,0,-0.014652252197265625
10075611566,12560122,12545,12545,0,0,0,-0.4795694351196289,0,-0.0036630630493164062,0,-0.024419784545898438
10077419228,12561125,12546,12546,0,0,0,-0.4795694351196289,0,-0.010989189147949219,0,-0.014652252197265625
10079226890,12562121,12547,12547,0,0,0,-0.4795694351196289,0,-0.010989189147949219,0,-0.014652252197265625
10081034552,12563121,12548,12549,0,0,0,-0.4795694351196289,0,0.0036630630493164062,0,-0.014652252197265625
10082842214,12565132,12550,12550,0,0,0,-0.4795694351196289,0,-0.0036630630493164062,0,-0.014652252197265625
10084649876,12566120,12551,12551,0,0,0,-0.4795694351196289,0,-0.0036630630493164062,0,-0.0048847198486328125
10086457538,12567129,12552,12552,0,0,0,-0.4795694351196289,0,-0.01831531524658203,0,-0.0048847198486328125
10088265200,12568137,12553,12553,0,0,0,-0.4795694351196289,0,-0.0036630630493164062,0,-0.014652252197265625
10089779050,12576121,12561,12561,0,0,0,-0.4795694351196289,0,0.01831531524658203,0,-0.0048847198486328125
10091292900,12577125,12562,12562,0,0,0,-0.4795694351196289,0,0.0036630630493164062,0,0.0048847198486328125
10092806750,12578121,12563,12564,0,0,0,-0.4795694351196289,0,-0.010989189147949219,0,0.0048847198486328125
10094320600,12580121,12565,12565,0,0,0,-0.4795694351196289,0,-0.01831531524658203,0,-0.0048847198486328125
10095834450,12581130,12566,12566,0,0,0,-0.4795694351196289,0,0.010989189147949219,0,-0.0048847198486328125
10097348300,12582139,12567,12567,0,0,0,-0.4795694351196289,0,0.0036630630493164062,0,-0.014652252197265625
10098862150,12583125,12568,12568,0,0,0,-0.4795694351196289,0,-0.0036630630493164062,0,-0.014652252197265625
10100376000,12587121,12572,12572,0,0,0,-0.4795694351196289,0,0.0036630630493164062,0,-0.014652252197265625
10101889850,12588121,12573,12573,0,0,0,-0.4795694351196289,0,-0.010989189147949219,0,-0.014652252197265625
10103403700,12590125,12575,12575,0,0,0,-0.4799528121948242,0,-0.010989189147949219,0,-0.014652252197265625
10104917550,12591121,12576,12576,0,0,0,-0.4795694351196289,0,-0.010989189147949219,0,-0.014652252197265625
10106431400,12592120,12577,12577,0,0,0,-0.4795694351196289,0,0.010989189147949219,0,-0.014652252197265625
10107945250,12593123,12578,12578,0,0,0,-0.4795694351196289,0,-0.0036630630493164062,0,-0.0048847198486328125
10109459100,12594122,12579,12580,0,0,0,-0.4795694351196289,0,-0.0036630630493164062,0,-0.0048847198486328125
10110972950,12596136,12581,12581,0,0,0,-0.4795694351196289,0,0.0036630630493164062,0,-0.014652252197265625
10112486800,12597126,12582,12582,0,0,0,-0.4795694351196289,0,-0.0036630630493164062,0,-0.0048847198486328125
10113803650,12600130,12586,12586,0,0,0,-0.4795694351196289,0,-0.01831531524658203,0,-0.014652252197265625
10115120500,12602122,12587,12587,0,0,0,-0.4795694351196289,0,-0.0036630630493164062,0,-0.014652252197265625
10116437350,12604120,12589,12589,0,0,0,-0.4795694351196289,0,-0.0036630630493164062,0,-0.014652252197265625
10117754200,12605129,12590,12590,0,0,0,-0.4795694351196289,0,0.0036630630493164062,0,-0.014652252197265625
10119071050,12606124,12591,12591,0,0,0,-0.4795694351196289,0,-0.0036630630493164062,0,-0.014652252197265625
10120387900,12607121,12592,12592,0,0,0,-0.4795694351196289,0,0.0036630630493164062,0,-0.014652252197265625
10121704750,12608122,12593,12593,0,0,0,-0.4795694351196289,0,-0.0036630630493164062,0,-0.014652252197265625
10123021600,12609129,12594,12594,0,0,0,-0.4795694351196289,0,-0.0036630630493164062,0,-0.014652252197265625
10124338450,12610137,12595,12595,0,0,0,-0.4795694351196289,0,-0.0036630630493164062,0,-0.014652252197265625
10125655300,12611129,12596,12596,0,0,0,-0.4795694351196289,0,-0.0036630630493164062,0,-0.0048847198486328125
10126972150,12612121,12597,12597,0,0,0,-0.4795694351196289,0,-0.0036630630493164062,0,-0.0048847198486328125
10128289000,12612121,12597,12598,0,0,0,-0.4795694351196289,0,-0.0036630630493164062,0,-0.014652252197265625
10129605850,12613121,12598,12598,0,0,0,-0.4795694351196289,0,-0.0036630630493164062,0,-0.014652252197265625
10130922700,12614124,12599,12599,0,0,0,-0.4795694351196289,0,-0.010989189147949219,0,-0.0048847198486328125
10132239550,12617121,12602,12602,0,0,0,-0.4795694351196289,0,-0.0036630630493164062,0,-0.0048847198486328125
10133556400,12618122,12603,12603,0,0,0,-0.4795694351196289,0,-0.0036630630493164062,0,-0.0048847198486328125
10134813685,12622122,12607,12607,0,0,0,-0.4795694351196289,0,-0.010989189147949219,0,-0.0048847198486328125
10136047879,12623131,12608,12608,0,0,0,-0.4795694351196289,0,-0.010989189147949219,0,-0.0048847198486328125
10137282073,12624135,12609,12609,0,0,0,-0.4795694351196289,0,0.0036630630493164062,0,-0.0048847198486328125
10138516267,12625134,12610,12610,0,0,0,-0.4795694351196289,0,-0.0036630630493164062,0,-0.014652252197265625
10139750461,12626122,12611,12611,0,0,0,-0.4795694351196289,0,-0.0036630630493164062,0,-0.014652252197265625
10140984655,12627125,12612,12612,0,0,0,-0.4795694351196289,0,0.0036630630493164062,0,-0.014652252197265625
10142218849,12628121,12613,12613,0,0,0,-0.4795694351196289,0,-0.0036630630493164062,0,-0.024419784545898438
10143453043,12629121,12614,12614,0,0,0,-0.4795694351196289,0,-0.010989189147949219,0,-0.014652252197265625
10144687237,12630121,12615,12615,0,0,0,-0.4795694351196289,0,-0.0036630630493164062,0,-0.014652252197265625
10145921431,12631123,12616,12616,0,0,0,-0.4795694351196289,0,-0.010989189147949219,0,-0.014652252197265625
10147155625,12632121,12617,12617,0,0,0,-0.4795694351196289,0,0.0036630630493164062,0,-0.014652252197265625
10148389819,12633121,12618,12619,0,0,0,-0.4795694351196289,0,0.0036630630493164062,0,-0.014652252197265625
10149624013,12635134,12620,12620,0,0,0,-0.4795694351196289,0,-0.0036630630493164062,0,-0.014652252197265625
10150858207,12637128,12622,12622,0,0,0,-0.4795694351196289,0,-0.0036630630493164062,0,-0.014652252197265625
10152092401,12638135,12623,12623,0,0,0,-0.4795694351196289,0,0.0036630630493164062,0,-0.014652252197265625
10153326595,12639127,12624,12624,0,0,0,-0.4795694351196289,0,-0.010989189147949219,0,-0.014652252197265625
10154560789,12641121,12626,12626,0,0,0,-0.4795694351196289,0,-0.0036630630493164062,0,-0.014652252197265625
10155794983,12642120,12627,12627,0,0,0,-0.4795694351196289,0,-0.01831531524658203,0,-0.014652252197265625
10157029177,12643124,12628,12628,0,0,0,-0.4795694351196289,0,0.0036630630493164062,0,-0.014652252197265625
10158263371,12644122,12629,12629,0,0,0,-0.4795694351196289,0,-0.0036630630493164062,0,-0.014652252197265625
10159497565,12645129,12630,12630,0,0,0,-0.4795694351196289,0,-0.010989189147949219,0,-0.0048847198486328125
10160731759,12646121,12631,12631,0,0,0,-0.4795694351196289,0,-0.010989189147949219,0,-0.0048847198486328125
10161965953,12647123,12632,12632,0,0,0,-0.4795694351196289,0,0.010989189147949219,0,-0.0048847198486328125
10163200147,12648125,12633,12633,0,0,0,-0.4795694351196289,0,-0.0036630630493164062,0,-0.0048847198486328125
10164434341,12649121,12634,12634,0,0,0,-0.4795694351196289,0,-0.0036630630493164062,0,-0.014652252197265625
10165668535,12651130,12636,12636,0,0,0,-0.4795694351196289,0,-0.0036630630493164062,0,-0.0048847198486328125
10166902729,12652140,12637,12637,0,0,0,-0.4795694351196289,0,0.0036630630493164062,0,-0.0048847198486328125
10168136923,12654121,12639,12639,0,0,0,-0.4795694351196289,0,-0.010989189147949219,0,-0.0048847198486328125
10169371117,12655130,12640,12640,0,0,0,-0.4795694351196289,0,-0.0036630630493164062,0,-0.0048847198486328125
10170605311,12656125,12641,12641,0,0,0,-0.4795694351196289,0,-0.010989189147949219,0,-0.014652252197265625
10171839505,12657121,12642,12642,0,0,0,-0.4795694351196289,0,-0.010989189147949219,0,-0.014652252197265625
10173073699,12658121,12643,12643,0,0,0,-0.4795694351196289,0,-0.010989189147949219,0,-0.014652252197265625
10174767110,12663121,12648,12648,0,0,0,-0.4795694351196289,0,-0.01831531524658203,0,-0.014652252197265625
10176460516,12664125,12649,12649,0,0,0,-0.4795694351196289,0,-0.01831531524658203,0,-0.014652252197265625
10178153922,12665137,12650,12650,0,0,0,-0.4795694351196289,0,0.010989189147949219,0,-0.0048847198486328125
10179847328,12666135,12651,12651,0,0,0,-0.4795694351196289,0,-0.0036630630493164062,0,-0.0048847198486328125
10181540734,12667125,12652,12652,0,0,0,-0.4795694351196289,0,0.010989189147949219,0,-0.0048847198486328125
10183234140,12668122,12653,12653,0,0,0,-0.4795694351196289,0,0.010989189147949219,0,-0.0048847198486328125
10184927546,12670121,12655,12655,0,0,0,-0.4795694351196289,0,0.0036630630493164062,0,-0.014652252197265625
10186620952,12671121,12656,12656,0,0,0,-0.4795694351196289,0,-0.01831531524658203,0,-0.014652252197265625
10188314358,12672124,12658,12658,0,0,0,-0.4795694351196289,0,0.010989189147949219,0,-0.014652252197265625
10190007764,12674121,12659,12659,0,0,0,-0.4795694351196289,0,0.0036630630493164062,0,-0.014652252197265625
10191701170,12676122,12661,12661,0,0,0,-0.4795694351196289,0,-0.01831531524658203,0,-0.014652252197265625
10193394576,12677125,12662,12662,0,0,0,-0.4795694351196289,0,0.010989189147949219,0,-0.014652252197265625
10195087982,12679129,12664,12664,0,0,0,-0.4795694351196289,0,0.010989189147949219,0,-0.0048847198486328125
10196781388,12680135,12665,12665,0,0,0,-0.4795694351196289,0,-0.0036630630493164062,0,-0.0048847198486328125
10198474794,12682120,12667,12667,0,0,0,-0.4795694351196289,0,0.0036630630493164062,0,-0.0048847198486328125
10200168200,12684121,12669,12669,0,0,0,-0.4795694351196289,0,-0.010989189147949219,0,-0.0048847198486328125
10201970755,12689123,12674,12674,0,0,0,-0.4799528121948242,0,-0.01831531524658203,0,-0.0048847198486328125
10203773298,12690121,12675,12675,0,0,0,-0.4795694351196289,0,0.0036630630493164062,0,-0.0048847198486328125
10205575841,12691121,12676,12676,0,0,0,-0.4795694351196289,0,-0.010989189147949219,0,-0.0048847198486328125
10207378384,12693133,12678,12678,0,0,0,-0.4795694351196289,0,0.010989189147949219,0,-0.014652252197265625
10209180927,12694135,12679,12679,0,0,0,-0.4795694351196289,0,0.0036630630493164062,0,-0.014652252197265625
10210983470,12696121,12681,12681,0,0,0,-0.4795694351196289,0,0.0036630630493164062,0,-0.014652252197265625
10212786013,12697123,12682,12682,0,0,0,-0.4799528121948242,0,-0.025641441345214844,0,-0.014652252197265625
10214588556,12699121,12684,12684,0,0,0,-0.4799528121948242,0,-0.01831531524658203,0,-0.014652252197265625
10216391099,12701126,12686,12686,0,0,0,-0.4795694351196289,0,-0.0036630630493164062,0,-0.014652252197265625
10218193642,12702123,12687,12687,0,0,0,-0.4799528121948242,0,-0.0036630630493164062,0,-0.014652252197265625
10219996185,12704122,12689,12689,0,0,0,-0.4795694351196289,0,0.010989189147949219,0,-0.0048847198486328125
10221798728,12706124,12691,12691,0,0,0,-0.4795694351196289,0,0.0036630630493164062,0,-0.0048847198486328125
10223601271,12708135,12693,12693,0,0,0,-0.4795694351196289,0,-0.0036630630493164062,0,-0.014652252197265625
10225403814,12710122,12695,12695,0,0,0,-0.4795694351196289,0,-0.010989189147949219,0,-0.014652252197265625
10227206357,12712121,12697,12697,0,0,0,-0.4795694351196289,0,-0.0036630630493164062,0,-0.014652252197265625
10229008900,12713121,12698,12698,0,0,0,-0.4795694351196289,0,-0.010989189147949219,0,-0.014652252197265625
10231013630,12717121,12703,12703,0,0,0,-0.4795694351196289,0,0.0036630630493164062,0,-0.0048847198486328125
10233018348,12719121,12704,12704,0,0,0,-0.4795694351196289,0,-0.0036630630493164062,0,-0.0048847198486328125
10235023066,12721128,12706,12706,0,0,0,-0.4795694351196289,0,-0.0036630630493164062,0,-0.014652252197265625
10237027784,12723125,12708,12708,0,0,0,-0.4795694351196289,0,-0.0036630630493164062,0,-0.014652252197265625
10239032502,12725129,12710,12710,0,0,0,-0.4795694351196289,0,-0.0036630630493164062,0,-0.014652252197265625
10241037220,12727125,12712,12712,0,0,0,-0.4799528121948242,0,-0.01831531524658203,0,-0.014652252197265625
10243041938,12729121,12714,12714,0,0,0,-0.4795694351196289,0,0.010989189147949219,0,-0.0048847198486328125
10245046656,12731123,12716,12716,0,0,0,-0.4795694351196289,0,-0.01831531524658203,0,0.0048847198486328125
10247051374,12733121,12718,12718,0,0,0,-0.4795694351196289,0,-0.0036630630493164062,0,-0.0048847198486328125
10249056092,12735141,12720,12720,0,0,0,-0.4795694351196289,0,-0.0036630630493164062,0,-0.0048847198486328125
10251060810,12737125,12722,12722,0,0,0,-0.4795694351196289,0,-0.0036630630493164062,0,-0.0048847198486328125
10253065528,12738121,12723,12723,0,0,0,-0.4795694351196289,0,-0.0036630630493164062,0,-0.0048847198486328125
10255070246,12740121,12725,12725,0,0,0,-0.4795694351196289,0,-0.0036630630493164062,0,-0.0048847198486328125
10257074964,12742120,12727,12727,0,0,0,-0.4799528121948242,0,-0.010989189147949219,0,-0.0048847198486328125
10259079682,12743124,12728,12728,0,0,0,-0.4795694351196289,0,-0.0036630630493164062,0,-0.0048847198486328125
10261084400,12745129,12730,12730,0,0,0,-0.4795694351196289,0,-0.0036630630493164062,0,-0.014652252197265625
10263149476,12750143,12735,12735,0,0,0,-0.4795694351196289,0,-0.010989189147949219,0,-0.0048847198486328125
10265214542,12752123,12737,12737,0,0,0,-0.4795694351196289,0,-0.010989189147949219,0,-0.0048847198486328125
10267279608,12755131,12740,12740,0,0,0,-0.4795694351196289,0,0.010989189147949219,0,-0.014652252197265625
10269344674,12756124,12741,12741,0,0,0,-0.4795694351196289,0,-0.0036630630493164062,0,-0.014652252197265625
10271409740,12758121,12743,12743,0,0,0,-0.4795694351196289,0,0.0036630630493164062,0,-0.014652252197265625
10273474806,12759122,12744,12744,0,0,0,-0.4795694351196289,0,0.0036630630493164062,0,-0.014652252197265625
10275539872,12761121,12746,12746,0,0,0,-0.4795694351196289,0,-0.0036630630493164062,0,-0.014652252197265625
10277604938,12762121,12747,12747,0,0,0,-0.4795694351196289,0,-0.025641441345214844,0,-0.0048847198486328125
10279670004,12764140,12749,12749,0,0,0,-0.4795694351196289,0,-0.0036630630493164062,0,-0.014652252197265625
10281735070,12766120,12751,12751,0,0,0,-0.4795694351196289,0,0.0036630630493164062,0,-0.0048847198486328125
10283800136,12768123,12753,12753,0,0,0,-0.4795694351196289,0,0.0036630630493164062,0,-0.014652252197265625
10285865202,12770121,12756,12756,0,0,0,-0.4795694351196289,0,-0.0036630630493164062,0,-0.0048847198486328125
10287930268,12772124,12757,12757,0,0,0,-0.4795694351196289,0,-0.0036630630493164062,0,-0.014652252197265625
10289995334,12774120,12759,12759,0,0,0,-0.4795694351196289,0,-0.010989189147949219,0,-0.014652252197265625
10292060400,12776123,12761,12761,0,0,0,-0.4795694351196289,0,0.0036630630493164062,0,-0.014652252197265625
10293838316,12784122,12769,12769,0,0,0,-0.4795694351196289,0,-0.010989189147949219,0,-0.014652252197265625
10295616222,12785133,12770,12770,0,0,0,-0.4795694351196289,0,-0.010989189147949219,0,-0.014652252197265625
10297394128,12787121,12772,12772,0,0,0,-0.4795694351196289,0,-0.01831531524658203,0,-0.014652252197265625
10299172034,12788121,12773,12773,0,0,0,-0.4795694351196289,0,-0.0036630630493164062,0,-0.014652252197265625
10300949940,12790121,12775,12775,0,0,0,-0.4795694351196289,0,0.0036630630493164062,0,-0.014652252197265625
10302727846,12791129,12776,12776,0,0,0,-0.4795694351196289,0,-0.0036630630493164062,0,-0.014652252197265625
10304505752,12792136,12777,12777,0,0,0,-0.4795694351196289,0,0.010989189147949219,0,-0.014652252197265625
10306283658,12794121,12779,12779,0,0,0,-0.4795694351196289,0,-0.0036630630493164062,0,-0.024419784545898438
10308061564,12795129,12780,12780,0,0,0,-0.4799528121948242,0,-0.0036630630493164062,0,-0.014652252197265625
10309839470,12796122,12781,12781,0,0,0,-0.4795694351196289,0,0.010989189147949219,0,-0.014652252197265625
10311617376,12798121,12783,12783,0,0,0,-0.4795694351196289,0,0.0036630630493164062,0,-0.014652252197265625
10313395282,12799121,12785,12785,0,0,0,-0.4795694351196289,0,0.0036630630493164062,0,-0.0048847198486328125
10315173188,12801127,12786,12786,0,0,0,-0.4795694351196289,0,-0.010989189147949219,0,-0.0048847198486328125
10316951094,12802121,12787,12787,0,0,0,-0.4795694351196289,0,-0.0036630630493164062,0,-0.0048847198486328125
10318729000,12803121,12788,12789,0,0,0,-0.4795694351196289,0,-0.01831531524658203,0,-0.0048847198486328125
10320333105,12807125,12792,12792,0,0,0,-0.4795694351196289,0,-0.0036630630493164062,0,-0.0048847198486328125
10321937198,12808120,12793,12793,0,0,0,-0.4795694351196289,0,0.01831531524658203,0,-0.0048847198486328125
10323541291,12809125,12794,12794,0,0,0,-0.4795694351196289,0,-0.010989189147949219,0,-0.014652252197265625
10325145384,12810121,12796,12796,0,0,0,-0.4795694351196289,0,-0.010989189147949219,0,-0.014652252197265625
10326749477,12812121,12797,12797,0,0,0,-0.4795694351196289,0,-0.010989189147949219,0,-0.014652252197265625
10328353570,12814125,12799,12799,0,0,0,-0.4795694351196289,0,0.010989189147949219,0,-0.014652252197265625
10329957663,12816121,12801,12801,0,0,0,-0.4795694351196289,0,-0.0036630630493164062,0,-0.014652252197265625
10331561756,12817121,12802,12802,0,0,0,-0.4795694351196289,0,-0.0036630630493164062,0,-0.014652252197265625
10333165849,12819128,12804,12804,0,0,0,-0.4795694351196289,0,-0.010989189147949219,0,-0.014652252197265625
10334769942,12820135,12805,12806,0,0,0,-0.4795694351196289,0,0.0036630630493164062,0,-0.014652252197265625
10336374035,12822124,12807,12807,0,0,0,-0.4795694351196289,0,0.010989189147949219,0,-0.014652252197265625
10337978128,12823121,12808,12809,0,0,0,-0.4795694351196289,0,0.0036630630493164062,0,-0.014652252197265625
10339582221,12825129,12810,12810,0,0,0,-0.4795694351196289,0,-0.010989189147949219,0,-0.014652252197265625
10341186314,12826122,12811,12811,0,0,0,-0.4795694351196289,0,-0.010989189147949219,0,-0.014652252197265625
10342790407,12828121,12813,12813,0,0,0,-0.4795694351196289,0,-0.010989189147949219,0,-0.014652252197265625
10344394500,12829121,12814,12814,0,0,0,-0.4795694351196289,0,-0.010989189147949219,0,-0.0048847198486328125
10345937500,12832122,12817,12817,0,0,0,-0.4795694351196289,0,-0.010989189147949219,0,-0.014652252197265625
10347480500,12833129,12818,12818,0,0,0,-0.4795694351196289,0,-0.0036630630493164062,0,-0.0048847198486328125
10349023500,12835133,12820,12820,0,0,0,-0.4795694351196289,0,-0.0036630630493164062,0,-0.0048847198486328125
10350566500,12836121,12821,12821,0,0,0,-0.4795694351196289,0,-0.010989189147949219,0,-0.0048847198486328125
10352109500,12838124,12823,12823,0,0,0,-0.4795694351196289,0,-0.0036630630493164062,0,-0.014652252197265625
10353652500,12839121,12824,12824,0,0,0,-0.4795694351196289,0,-0.010989189147949219,0,-0.014652252197265625
10355195500,12840121,12825,12825,0,0,0,-0.4795694351196289,0,-0.0036630630493164062,0,-0.014652252197265625
10356738500,12841121,12826,12826,0,0,0,-0.4795694351196289,0,-0.0036630630493164062,0,-0.014652252197265625
10358281500,12842123,12827,12827,0,0,0,-0.4795694351196289,0,-0.010989189147949219,0,-0.0048847198486328125
10359824500,12844120,12829,12829,0,0,0,-0.4795694351196289,0,-0.0036630630493164062,0,-0.0048847198486328125
10361367500,12845129,12830,12830,0,0,0,-0.4795694351196289,0,-0.0036630630493164062,0,-0.014652252197265625
10362910500,12847131,12832,12832,0,0,0,-0.4795694351196289,0,-0.01831531524658203,0,-0.014652252197265625
10364453500,12848135,12833,12833,0,0,0,-0.4799528121948242,0,-0.010989189147949219,0,-0.014652252197265625
10365996500,12850128,12835,12835,0,0,0,-0.4795694351196289,0,-0.010989189147949219,0,-0.014652252197265625
10367539500,12852124,12837,12837,0,0,0,-0.4795694351196289,0,0.0036630630493164062,0,-0.014652252197265625
10369082500,12853121,12838,12838,0,0,0,-0.4795694351196289,0,-0.0036630630493164062,0,-0.014652252197265625
10370983200,12858120,12843,12844,0,0,0,-0.4795694351196289,0,0.0036630630493164062,0,-0.014652252197265625
10372883900,12860121,12845,12845,0,0,0,-0.4795694351196289,0,0.0036630630493164062,0,-0.014652252197265625
10374784600,12861128,12846,12846,0,0,0,-0.4795694351196289,0,-0.01831531524658203,0,-0.014652252197265625
10376685300,12863127,12848,12848,0,0,0,-0.4795694351196289,0,0.0036630630493164062,0,-0.024419784545898438
10378586000,12864122,12849,12849,0,0,0,-0.4795694351196289,0,-0.010989189147949219,0,-0.014652252197265625
10380486700,12866120,12851,12851,0,0,0,-0.4795694351196289,0,-0.0036630630493164062,0,-0.014652252197265625
10382387400,12867125,12853,12853,0,0,0,-0.4795694351196289,0,-0.010989189147949219,0,-0.014652252197265625
10384288100,12870121,12855,12855,0,0,0,-0.4795694351196289,0,-0.01831531524658203,0,-0.014652252197265625
10386188800,12872124,12857,12857,0,0,0,-0.4795694351196289,0,-0.0036630630493164062,0,-0.014652252197265625
10388089500,12874120,12859,12859,0,0,0,-0.4795694351196289,0,-0.0036630630493164062,0,-0.014652252197265625
10389990200,12878121,12863,12863,0,0,0,-0.4795694351196289,0,-0.0036630630493164062,0,-0.014652252197265625
10391890900,12879121,12864,12864,0,0,0,-0.4795694351196289,0,0.0036630630493164062,0,-0.014652252197265625
10393791600,12881121,12866,12866,0,0,0,-0.4795694351196289,0,-0.0036630630493164062,0,-0.014652252197265625
10395692300,12882120,12867,12867,0,0,0,-0.4795694351196289,0,-0.0036630630493164062,0,-0.014652252197265625
10397593000,12883121,12868,12868,0,0,0,-0.4795694351196289,0,-0.0036630630493164062,0,-0.014652252197265625
10399493700,12884123,12869,12869,0,0,0,-0.4795694351196289,0,-0.0036630630493164062,0,-0.014652252197265625
10402027655,12893121,12878,12878,0,0,0,-0.4795694351196289,0,0.0036630630493164062,0,-0.0048847198486328125
10404360832,12895130,12880,12880,0,0,0,-0.4795694351196289,0,-0.0036630630493164062,0,-0.0048847198486328125
10406694009,12896126,12881,12881,0,0,0,-0.4795694351196289,0,-0.010989189147949219,0,-0.0048847198486328125
10409027186,12898121,12883,12883,0,0,0,-0.4795694351196289,0,0.010989189147949219,0,-0.0048847198486328125
10411360363,12899121,12884,12884,0,0,0,-0.4795694351196289,0,-0.0036630630493164062,0,-0.0048847198486328125
10413693540,12902121,12887,12887,0,0,0,-0.4795694351196289,0,-0.0036630630493164062,0,-0.0048847198486328125
10416026717,12905136,12890,12890,0,0,0,-0.4795694351196289,0,-0.0036630630493164062,0,-0.0048847198486328125
10418359894,12906121,12891,12891,0,0,0,-0.4795694351196289,0,-0.0036630630493164062,0,-0.0048847198486328125
10420693071,12908120,12893,12893,0,0,0,-0.4795694351196289,0,0.0036630630493164062,0,-0.0048847198486328125
10423026248,12909125,12894,12894,0,0,0,-0.4795694351196289,0,-0.01831531524658203,0,-0.0048847198486328125
10425359425,12913123,12898,12898,0,0,0,-0.4795694351196289,0,0.0036630630493164062,0,-0.014652252197265625
10427692602,12914120,12899,12899,0,0,0,-0.4795694351196289,0,-0.0036630630493164062,0,-0.0048847198486328125
10430025779,12916120,12901,12901,0,0,0,-0.4795694351196289,0,0.010989189147949219,0,-0.0048847198486328125
10432358956,12919125,12904,12904,0,0,0,-0.4795694351196289,0,0.0036630630493164062,0,-0.0048847198486328125
10434692133,12923121,12908,12908,0,0,0,-0.4795694351196289,0,-0.0036630630493164062,0,-0.014652252197265625
10437025310,12925133,12910,12910,0,0,0,-0.4795694351196289,0,-0.010989189147949219,0,-0.014652252197265625
10439358487,12928122,12913,12913,0,0,0,-0.4795694351196289,0,-0.010989189147949219,0,-0.0048847198486328125
10441691664,12930124,12915,12915,0,0,0,-0.4795694351196289,0,-0.01831531524658203,0,-0.0048847198486328125
10444024841,12931129,12916,12916,0,0,0,-0.4795694351196289,0,0.0036630630493164062,0,-0.0048847198486328125
10446358018,12933125,12918,12918,0,0,0,-0.4795694351196289,0,-0.0036630630493164062,0,-0.0048847198486328125
10448691195,12934122,12919,12919,0,0,0,-0.4795694351196289,0,0.0036630630493164062,0,-0.014652252197265625
10451024372,12937121,12922,12922,0,0,0,-0.4795694351196289,0,-0.0036630630493164062,0,-0.014652252197265625
10453357549,12938124,12923,12923,0,0,0,-0.4795694351196289,0,-0.010989189147949219,0,-0.014652252197265625
10455690726,12939121,12924,12925,0,0,0,-0.4795694351196289,0,-0.0036630630493164062,0,-0.014652252197265625
10458023903,12941122,12926,12926,0,0,0,-0.4795694351196289,0,0.0036630630493164062,0,-0.014652252197265625
10460357080,12942123,12927,12927,0,0,0,-0.4795694351196289,0,-0.0036630630493164062,0,-0.014652252197265625
10462690257,12943121,12928,12928,0,0,0,-0.4795694351196289,0,-0.0036630630493164062,0,-0.014652252197265625
10465023434,12945137,12930,12930,0,0,0,-0.4795694351196289,0,-0.0036630630493164062,0,-0.014652252197265625
10467356611,12947125,12932,12932,0,0,0,-0.4795694351196289,0,-0.010989189147949219,0,-0.014652252197265625
10469689788,12948120,12933,12933,0,0,0,-0.4795694351196289,0,0.010989189147949219,0,-0.014652252197265625
10472474740,12959132,12944,12944,0,0,0,-0.4795694351196289,0,-0.01831531524658203,0,-0.0048847198486328125
10475259680,12960136,12945,12945,0,0,0,-0.4795694351196289,0,0.0036630630493164062,0,-0.0048847198486328125
10478044620,12961125,12946,12947,0,0,0,-0.4795694351196289,0,0.010989189147949219,0,-0.0048847198486328125
10480829560,12963122,12948,12948,0,0,0,-0.4795694351196289,0,0.0036630630493164062,0,-0.0048847198486328125
10483614500,12964121,12949,12949,0,0,0,-0.4795694351196289,0,0.0036630630493164062,0,-0.0048847198486328125
10486399440,12965130,12950,12950,0,0,0,-0.4795694351196289,0,-0.010989189147949219,0,-0.014652252197265625
10489184380,12967125,12952,12952,0,0,0,-0.4795694351196289,0,-0.010989189147949219,0,-0.014652252197265625
10491969320,12968121,12953,12953,0,0,0,-0.4795694351196289,0,0.0036630630493164062,0,-0.014652252197265625
10494754260,12969121,12954,12954,0,0,0,-0.4795694351196289,0,-0.010989189147949219,0,-0.014652252197265625
10497539200,12970121,12955,12955,0,0,0,-0.4795694351196289,0,-0.0036630630493164062,0,-0.014652252197265625
10500324140,12972121,12957,12957,0,0,0,-0.4795694351196289,0,-0.0036630630493164062,0,-0.024419784545898438
10503109080,12973129,12958,12958,0,0,0,-0.4799528121948242,0,-0.010989189147949219,0,-0.014652252197265625
10505894020,12974135,12959,12960,0,0,0,-0.4795694351196289,0,0.0036630630493164062,0,-0.014652252197265625
10508678960,12976121,12961,12961,0,0,0,-0.4795694351196289,0,0.0036630630493164062,0,-0.014652252197265625
10511463900,12989125,12974,12974,0,0,0,-0.4795694351196289,0,-0.010989189147949219,0,-0.0048847198486328125
10516137040,13030135,13015,13015,0,0,0,-0.4799528121948242,0,-0.010989189147949219,0,-0.0048847198486328125
10520810176,13032121,13017,13017,0,0,0,-0.4795694351196289,0,-0.010989189147949219,0,-0.0048847198486328125
10525483312,13033125,13018,13018,0,0,0,-0.4795694351196289,0,-0.010989189147949219,0,-0.0048847198486328125
10530156448,13034121,13019,13019,0,0,0,-0.4795694351196289,0,0.0036630630493164062,0,-0.0048847198486328125
10534829584,13036121,13021,13022,0,0,0,-0.4795694351196289,0,-0.010989189147949219,0,-0.014652252197265625
10539502720,13039121,13024,13024,0,0,0,-0.4795694351196289,0,-0.010989189147949219,0,-0.014652252197265625
10544175856,13042120,13027,13027,0,0,0,-0.4795694351196289,0,-0.0036630630493164062,0,-0.014652252197265625
10548848992,13043128,13028,13028,0,0,0,-0.4795694351196289,0,-0.010989189147949219,0,-0.014652252197265625
10553522128,13045135,13030,13030,0,0,0,-0.4795694351196289,0,0.0036630630493164062,0,-0.014652252197265625
10558195264,13046124,13031,13031,0,0,0,-0.4795694351196289,0,-0.0036630630493164062,0,-0.014652252197265625
10562868400,13048121,13033,13033,0,0,0,-0.4795694351196289,0,0.0036630630493164062,0,-0.014652252197265625
10565062324,13055130,13040,13040,0,0,0,-0.4795694351196289,0,0.0036630630493164062,0,-0.0048847198486328125
10567256247,13060121,13045,13045,0,0,0,-0.4795694351196289,0,-0.0036630630493164062,0,-0.0048847198486328125
10569450170,13061121,13046,13046,0,0,0,-0.4799528121948242,0,-0.01831531524658203,0,-0.0048847198486328125
10571644093,13064121,13049,13049,0,0,0,-0.4795694351196289,0,0.0036630630493164062,0,-0.014652252197265625
10573838016,13065130,13050,13050,0,0,0,-0.4795694351196289,0,-0.010989189147949219,0,-0.014652252197265625
10576031939,13066123,13051,13051,0,0,0,-0.4795694351196289,0,-0.0036630630493164062,0,-0.014652252197265625
10578225862,13067121,13052,13053,0,0,0,-0.4795694351196289,0,-0.010989189147949219,0,-0.014652252197265625
10580419785,13069121,13054,13054,0,0,0,-0.4795694351196289,0,0.010989189147949219,0,-0.014652252197265625
10582613708,13071129,13056,13056,0,0,0,-0.4795694351196289,0,0.0036630630493164062,0,-0.014652252197265625
10584807631,13073125,13058,13058,0,0,0,-0.4795694351196289,0,0.010989189147949219,0,-0.014652252197265625
10587001554,13074123,13059,13059,0,0,0,-0.4795694351196289,0,0.010989189147949219,0,-0.014652252197265625
10589195477,13075133,13060,13060,0,0,0,-0.4795694351196289,0,0.0036630630493164062,0,-0.014652252197265625
10591389400,13076122,13061,13061,0,0,0,-0.4795694351196289,0,-0.010989189147949219,0,-0.014652252197265625
10593065977,13079123,13064,13064,0,0,0,-0.4795694351196289,0,-0.0036630630493164062,0,-0.014652252197265625
10594742548,13080120,13065,13065,0,0,0,-0.4795694351196289,0,-0.0036630630493164062,0,-0.0048847198486328125
10596419119,13082121,13067,13067,0,0,0,-0.4795694351196289,0,-0.010989189147949219,0,-0.014652252197265625
10598095690,13083125,13068,13068,0,0,0,-0.4795694351196289,0,-0.0036630630493164062,0,-0.014652252197265625
10599772261,13084121,13069,13069,0,0,0,-0.4795694351196289,0,0.0036630630493164062,0,-0.014652252197265625
10601448832,13090121,13075,13075,0,0,0,-0.4795694351196289,0,-0.01831531524658203,0,-0.014652252197265625
10603125403,13091125,13076,13076,0,0,0,-0.4795694351196289,0,-0.0036630630493164062,0,-0.014652252197265625
10604801974,13092121,13077,13077,0,0,0,-0.4795694351196289,0,0.0036630630493164062,0,-0.014652252197265625
10606478545,13094120,13079,13079,0,0,0,-0.4795694351196289,0,0.0036630630493164062,0,-0.014652252197265625
10608155116,13095131,13080,13080,0,0,0,-0.4795694351196289,0,-0.010989189147949219,0,-0.014652252197265625
10609831687,13096121,13081,13081,0,0,0,-0.4795694351196289,0,-0.0036630630493164062,0,-0.014652252197265625
10611508258,13097121,13082,13082,0,0,0,-0.4795694351196289,0,-0.0036630630493164062,0,-0.0048847198486328125
10613184829,13098121,13083,13083,0,0,0,-0.4795694351196289,0,-0.0036630630493164062,0,-0.0048847198486328125
10614861400,13100145,13085,13085,0,0,0,-0.4795694351196289,0,-0.010989189147949219,0,-0.0048847198486328125
10616424925,13102121,13087,13087,0,0,0,-0.4795694351196289,0,-0.0036630630493164062,0,-0.014652252197265625
10617988450,13104124,13089,13089,0,0,0,-0.4795694351196289,0,-0.010989189147949219,0,-0.014652252197265625
10619551975,13105129,13090,13090,0,0,0,-0.4795694351196289,0,-0.01831531524658203,0,-0.014652252197265625
10621115500,13107121,13092,13092,0,0,0,-0.4795694351196289,0,-0.0036630630493164062,0,-0.0048847198486328125
10622679025,13108124,13093,13093,0,0,0,-0.4795694351196289,0,-0.010989189147949219,0,-0.0048847198486328125
10624242550,13109121,13094,13094,0,0,0,-0.4795694351196289,0,0.0036630630493164062,0,-0.0048847198486328125
10625806075,13110121,13095,13095,0,0,0,-0.4795694351196289,0,-0.0036630630493164062,0,-0.0048847198486328125
10627369600,13112124,13097,13097,0,0,0,-0.4799528121948242,0,-0.0036630630493164062,0,-0.0048847198486328125
10628933125,13113129,13098,13098,0,0,0,-0.4795694351196289,0,-0.0036630630493164062,0,-0.0048847198486328125
10630496650,13114135,13099,13099,0,0,0,-0.4795694351196289,0,0.0036630630493164062,0,-0.0048847198486328125
10632060175,13116123,13101,13101,0,0,0,-0.4795694351196289,0,-0.0036630630493164062,0,-0.0048847198486328125
10633623700,13117121,13102,13102,0,0,0,-0.4795694351196289,0,-0.0036630630493164062,0,-0.0048847198486328125
10635187225,13119121,13104,13104,0,0,0,-0.4795694351196289,0,-0.0036630630493164062,0,-0.0048847198486328125
10636750750,13122121,13107,13107,0,0,0,-0.4795694351196289,0,-0.010989189147949219,0,-0.0048847198486328125
10638314275,13123121,13108,13108,0,0,0,-0.4795694351196289,0,-0.01831531524658203,0,-0.0048847198486328125
10639877800,13125129,13110,13110,0,0,0,-0.4795694351196289,0,-0.01831531524658203,0,-0.014652252197265625
10641366395,13130121,13115,13115,0,0,0,-0.4795694351196289,0,-0.0036630630493164062,0,-0.0048847198486328125
10642854982,13131121,13116,13116,0,0,0,-0.4795694351196289,0,-0.0036630630493164062,0,-0.0048847198486328125
10644343569,13132123,13117,13117,0,0,0,-0.4795694351196289,0,0.0036630630493164062,0,-0.014652252197265625
10645832156,13133124,13118,13118,0,0,0,-0.4795694351196289,0,-0.01831531524658203,0,-0.0048847198486328125
10647320743,13135129,13120,13120,0,0,0,-0.4795694351196289,0,-0.0036630630493164062,0,-0.0048847198486328125
10648809330,13137123,13122,13122,0,0,0,-0.4795694351196289,0,-0.01831531524658203,0,-0.0048847198486328125
10650297917,13139121,13124,13124,0,0,0,-0.4795694351196289,0,-0.010989189147949219,0,-0.0048847198486328125
10651786504,13140121,13125,13125,0,0,0,-0.4795694351196289,0,-0.010989189147949219,0,0.0048847198486328125
10653275091,13141132,13126,13126,0,0,0,-0.4795694351196289,0,-0.0036630630493164062,0,-0.0048847198486328125
10654763678,13142135,13127,13127,0,0,0,-0.4795694351196289,0,-0.0036630630493164062,0,-0.0048847198486328125
10656252265,13143125,13128,13128,0,0,0,-0.4795694351196289,0,0.0036630630493164062,0,-0.0048847198486328125
10657740852,13144121,13129,13129,0,0,0,-0.4795694351196289,0,0.0036630630493164062,0,-0.0048847198486328125
10659229439,13146121,13131,13131,0,0,0,-0.4795694351196289,0,0.0036630630493164062,0,-0.0048847198486328125
10660718026,13147121,13132,13132,0,0,0,-0.4795694351196289,0,0.0036630630493164062,0,-0.0048847198486328125
10662206613,13148120,13133,13133,0,0,0,-0.4795694351196289,0,-0.0036630630493164062,0,-0.0048847198486328125
10663695200,13149125,13134,13134,0,0,0,-0.4795694351196289,0,-0.0036630630493164062,0,-0.014652252197265625
10665216545,13151121,13136,13136,0,0,0,-0.4795694351196289,0,-0.01831531524658203,0,-0.0048847198486328125
10666737882,13152123,13137,13137,0,0,0,-0.4795694351196289,0,0.0036630630493164062,0,-0.014652252197265625
10668259219,13155138,13140,13140,0,0,0,-0.4795694351196289,0,-0.0036630630493164062,0,-0.014652252197265625
10669780556,13156135,13141,13141,0,0,0,-0.4795694351196289,0,-0.0036630630493164062,0,-0.0048847198486328125
10671301893,13157129,13142,13142,0,0,0,-0.4795694351196289,0,-0.0036630630493164062,0,-0.014652252197265625
10672823230,13158121,13143,13143,0,0,0,-0.4795694351196289,0,-0.0036630630493164062,0,-0.014652252197265625
10674344567,13159121,13144,13144,0,0,0,-0.4795694351196289,0,-0.010989189147949219,0,-0.014652252197265625
10675865904,13161123,13146,13146,0,0,0,-0.4795694351196289,0,-0.0036630630493164062,0,-0.014652252197265625
10677387241,13162124,13147,13147,0,0,0,-0.4795694351196289,0,-0.010989189147949219,0,-0.0048847198486328125
10678908578,13164121,13149,13149,0,0,0,-0.4795694351196289,0,0.0036630630493164062,0,-0.014652252197265625
10680429915,13166123,13151,13151,0,0,0,-0.4795694351196289,0,0.010989189147949219,0,-0.014652252197265625
10681951252,13167121,13152,13152,0,0,0,-0.4795694351196289,0,-0.01831531524658203,0,-0.014652252197265625
10683472589,13168121,13153,13153,0,0,0,-0.4795694351196289,0,-0.010989189147949219,0,-0.014652252197265625
10684993926,13170139,13155,13155,0,0,0,-0.4795694351196289,0,0.0036630630493164062,0,-0.014652252197265625
10686515263,13172121,13157,13157,0,0,0,-0.4795694351196289,0,0.0036630630493164062,0,-0.014652252197265625
10688036600,13173121,13158,13158,0,0,0,-0.4795694351196289,0,-0.0036630630493164062,0,-0.014652252197265625
10689735885,13176121,13162,13162,0,0,0,-0.4795694351196289,0,0.010989189147949219,0,-0.014652252197265625
10691435166,13178124,13163,13163,0,0,0,-0.4795694351196289,0,-0.01831531524658203,0,-0.014652252197265625
10693134447,13179121,13164,13164,0,0,0,-0.4795694351196289,0,-0.0036630630493164062,0,-0.014652252197265625
10694833728,13180121,13165,13165,0,0,0,-0.4795694351196289,0,-0.0036630630493164062,0,-0.014652252197265625
10696533009,13181121,13166,13167,0,0,0,-0.4799528121948242,0,-0.010989189147949219,0,-0.014652252197265625
10698232290,13183128,13168,13168,0,0,0,-0.4795694351196289,0,-0.0036630630493164062,0,-0.014652252197265625
10699931571,13184135,13169,13169,0,0,0,-0.4795694351196289,0,-0.010989189147949219,0,-0.0048847198486328125
10701630852,13189121,13174,13174,0,0,0,-0.4795694351196289,0,-0.010989189147949219,0,-0.014652252197265625
10703330133,13191124,13176,13176,0,0,0,-0.4795694351196289,0,-0.010989189147949219,0,-0.014652252197265625
10705029414,13192121,13177,13178,0,0,0,-0.4799528121948242,0,-0.01831531524658203,0,-0.014652252197265625
10706728695,13194121,13179,13179,0,0,0,-0.4795694351196289,0,0.010989189147949219,0,-0.014652252197265625
10708427976,13195132,13180,13180,0,0,0,-0.4795694351196289,0,-0.0036630630493164062,0,-0.014652252197265625
10710127257,13196121,13181,13181,0,0,0,-0.4799528121948242,0,-0.01831531524658203,0,-0.014652252197265625
10711826538,13197129,13182,13182,0,0,0,-0.4795694351196289,0,-0.0036630630493164062,0,-0.014652252197265625
10713525819,13199129,13184,13184,0,0,0,-0.4795694351196289,0,0.010989189147949219,0,-0.024419784545898438
10715225100,13200130,13185,13185,0,0,0,-0.4795694351196289,0,0.010989189147949219,0,-0.014652252197265625
10717033645,13204122,13189,13189,0,0,0,-0.4795694351196289,0,0.010989189147949219,0,-0.014652252197265625
10718842182,13205129,13190,13190,0,0,0,-0.4795694351196289,0,-0.01831531524658203,0,-0.014652252197265625
10720650719,13208121,13193,13193,0,0,0,-0.4795694351196289,0,-0.010989189147949219,0,-0.024419784545898438
10722459256,13210121,13195,13195,0,0,0,-0.4795694351196289,0,0.0036630630493164062,0,-0.014652252197265625
10724267793,13211130,13197,13197,0,0,0,-0.4795694351196289,0,-0.010989189147949219,0,-0.014652252197265625
10726076330,13213126,13198,13198,0,0,0,-0.4795694351196289,0,-0.0036630630493164062,0,-0.014652252197265625
10727884867,13214121,13199,13199,0,0,0,-0.4795694351196289,0,0.0036630630493164062,0,-0.014652252197265625
10729693404,13216121,13201,13201,0,0,0,-0.4795694351196289,0,0.0036630630493164062,0,-0.014652252197265625
10731501941,13217121,13202,13202,0,0,0,-0.4795694351196289,0,-0.010989189147949219,0,-0.014652252197265625
10733310478,13218121,13203,13203,0,0,0,-0.4795694351196289,0,0.0036630630493164062,0,-0.014652252197265625
10735119015,13220124,13205,13205,0,0,0,-0.4795694351196289,0,-0.010989189147949219,0,-0.0048847198486328125
10736927552,13223121,13208,13209,0,0,0,-0.4795694351196289,0,0.010989189147949219,0,-0.0048847198486328125
10738736089,13225137,13210,13210,0,0,0,-0.4795694351196289,0,-0.0036630630493164062,0,-0.0048847198486328125
10740544626,13226135,13211,13211,0,0,0,-0.4799528121948242,0,-0.0036630630493164062,0,-0.014652252197265625
10742353163,13227125,13212,13212,0,0,0,-0.4795694351196289,0,0.0036630630493164062,0,-0.0048847198486328125
10744161700,13229121,13214,13214,0,0,0,-0.4795694351196289,0,-0.010989189147949219,0,-0.0048847198486328125
10746006955,13234121,13219,13219,0,0,0,-0.4795694351196289,0,-0.01831531524658203,0,-0.014652252197265625
10747852198,13235129,13220,13220,0,0,0,-0.4795694351196289,0,-0.010989189147949219,0,-0.014652252197265625
10749697441,13238121,13223,13223,0,0,0,-0.4795694351196289,0,0.0036630630493164062,0,-0.0048847198486328125
10751542684,13239129,13224,13224,0,0,0,-0.4799528121948242,0,-0.0036630630493164062,0,-0.014652252197265625
10753387927,13241125,13226,13226,0,0,0,-0.4795694351196289,0,0.0036630630493164062,0,-0.0048847198486328125
10755233170,13242121,13227,13227,0,0,0,-0.4795694351196289,0,-0.0036630630493164062,0,-0.0048847198486328125
10757078413,13243121,13228,13228,0,0,0,-0.4795694351196289,0,-0.010989189147949219,0,-0.0048847198486328125
10758923656,13245130,13230,13230,0,0,0,-0.4795694351196289,0,-0.010989189147949219,0,-0.0048847198486328125
10760768899,13247121,13232,13232,0,0,0,-0.4795694351196289,0,-0.0036630630493164062,0,-0.014652252197265625
10762614142,13248123,13233,13233,0,0,0,-0.4795694351196289,0,-0.010989189147949219,0,-0.014652252197265625
10764459385,13250129,13235,13235,0,0,0,-0.4795694351196289,0,0.0036630630493164062,0,-0.014652252197265625
10766304628,13252123,13237,13237,0,0,0,-0.4795694351196289,0,-0.0036630630493164062,0,-0.014652252197265625
10768149871,13254135,13239,13239,0,0,0,-0.4799528121948242,0,-0.010989189147949219,0,-0.014652252197265625
10769995114,13255133,13240,13240,0,0,0,-0.4799528121948242,0,-0.01831531524658203,0,-0.014652252197265625
10771840357,13257125,13242,13242,0,0,0,-0.4795694351196289,0,-0.0036630630493164062,0,-0.014652252197265625
10773685600,13258121,13243,13243,0,0,0,-0.4795694351196289,0,-0.010989189147949219,0,-0.014652252197265625
10775501285,13262121,13247,13247,0,0,0,-0.4795694351196289,0,0.0036630630493164062,0,-0.0048847198486328125
10777316966,13263121,13249,13249,0,0,0,-0.4795694351196289,0,0.01831531524658203,0,-0.014652252197265625
10779132647,13265133,13250,13250,0,0,0,-0.4795694351196289,0,0.0036630630493164062,0,-0.0048847198486328125
10780948328,13267129,13252,13252,0,0,0,-0.4795694351196289,0,0.0036630630493164062,0,-0.0048847198486328125
10782764009,13269127,13254,13254,0,0,0,-0.4795694351196289,0,-0.010989189147949219,0,-0.0048847198486328125
10784579690,13271121,13256,13256,0,0,0,-0.4795694351196289,0,-0.0036630630493164062,0,-0.0048847198486328125
10786395371,13272120,13257,13257,0,0,0,-0.4795694351196289,0,-0.010989189147949219,0,-0.0048847198486328125
10788211052,13273124,13259,13259,0,0,0,-0.4795694351196289,0,-0.010989189147949219,0,-0.014652252197265625
10790026733,13275129,13260,13260,0,0,0,-0.4795694351196289,0,-0.010989189147949219,0,-0.014652252197265625
10791842414,13276121,13261,13262,0,0,0,-0.4795694351196289,0,0.0036630630493164062,0,-0.0048847198486328125
10793658095,13278124,13263,13263,0,0,0,-0.4795694351196289,0,0.0036630630493164062,0,-0.0048847198486328125
10795473776,13280121,13265,13265,0,0,0,-0.4795694351196289,0,-0.0036630630493164062,0,-0.0048847198486328125
10797289457,13282137,13267,13267,0,0,0,-0.4795694351196289,0,-0.01831531524658203,0,-0.0048847198486328125
10799105138,13283125,13268,13268,0,0,0,-0.4795694351196289,0,-0.010989189147949219,0,-0.0048847198486328125
10800920819,13285129,13270,13270,0,0,0,-0.4795694351196289,0,0.010989189147949219,0,-0.0048847198486328125
10802736500,13287122,13273,13273,0,0,0,-0.4795694351196289,0,-0.010989189147949219,0,-0.014652252197265625
10804649100,13290122,13276,13276,0,0,0,-0.4795694351196289,0,-0.0036630630493164062,0,-0.0048847198486328125
10806561700,13292120,13277,13277,0,0,0,-0.4795694351196289,0,-0.0036630630493164062,0,-0.0048847198486328125
10808474300,13294124,13279,13279,0,0,0,-0.4795694351196289,0,-0.010989189147949219,0,-0.0048847198486328125
10810386900,13296135,13281,13281,0,0,0,-0.4795694351196289,0,0.0036630630493164062,0,-0.0048847198486328125
10812299500,13297126,13282,13282,0,0,0,-0.4795694351196289,0,0.010989189147949219,0,-0.0048847198486328125
10814212100,13299121,13284,13284,0,0,0,-0.4799528121948242,0,-0.010989189147949219,0,-0.0048847198486328125
10816124700,13301123,13286,13286,0,0,0,-0.4795694351196289,0,0.01831531524658203,0,-0.014652252197265625
10818037300,13304121,13289,13289,0,0,0,-0.4795694351196289,0,-0.01831531524658203,0,-0.014652252197265625
10819949900,13305130,13290,13290,0,0,0,-0.4795694351196289,0,0.0036630630493164062,0,-0.024419784545898438
10821862500,13307125,13292,13292,0,0,0,-0.4795694351196289,0,-0.0036630630493164062,0,-0.014652252197265625
10823775100,13308121,13293,13293,0,0,0,-0.4795694351196289,0,-0.010989189147949219,0,-0.024419784545898438
10825687700,13310135,13295,13295,0,0,0,-0.4795694351196289,0,-0.010989189147949219,0,-0.014652252197265625
10827600300,13312121,13297,13297,0,0,0,-0.4799528121948242,0,-0.0036630630493164062,0,-0.014652252197265625
10829512900,13314121,13299,13299,0,0,0,-0.4795694351196289,0,0.010989189147949219,0,-0.014652252197265625
10831425500,13316121,13301,13301,0,0,0,-0.4795694351196289,0,-0.0036630630493164062,0,-0.014652252197265625
10833338100,13317121,13302,13302,0,0,0,-0.4795694351196289,0,-0.010989189147949219,0,-0.014652252197265625
10835166405,13322121,13308,13308,0,0,0,-0.4795694351196289,0,-0.0036630630493164062,0,-0.014652252197265625
10836994698,13324135,13309,13309,0,0,0,-0.4795694351196289,0,-0.010989189147949219,0,-0.014652252197265625
10838822991,13325133,13310,13311,0,0,0,-0.4795694351196289,0,0.0036630630493164062,0,-0.0048847198486328125
10840651284,13327123,13312,13312,0,0,0,-0.4795694351196289,0,-0.0036630630493164062,0,-0.0048847198486328125
10842479577,13328121,13313,13314,0,0,0,-0.4795694351196289,0,-0.0036630630493164062,0,-0.0048847198486328125
10844307870,13330120,13315,13315,0,0,0,-0.4795694351196289,0,-0.0036630630493164062,0,-0.014652252197265625
10846136163,13332122,13317,13317,0,0,0,-0.4795694351196289,0,-0.010989189147949219,0,-0.014652252197265625
10847964456,13334121,13319,13319,0,0,0,-0.4795694351196289,0,-0.0036630630493164062,0,-0.014652252197265625
10849792749,13336125,13321,13321,0,0,0,-0.4795694351196289,0,-0.0036630630493164062,0,-0.014652252197265625
10851621042,13338135,13323,13323,0,0,0,-0.4799528121948242,0,-0.010989189147949219,0,-0.0048847198486328125
10853449335,13339125,13324,13324,0,0,0,-0.4795694351196289,0,-0.0036630630493164062,0,-0.0048847198486328125
10855277628,13341121,13326,13326,0,0,0,-0.4795694351196289,0,-0.0036630630493164062,0,-0.0048847198486328125
10857105921,13342121,13328,13328,0,0,0,-0.4795694351196289,0,-0.0036630630493164062,0,-0.0048847198486328125
10858934214,13344125,13329,13329,0,0,0,-0.4795694351196289,0,-0.0036630630493164062,0,-0.014652252197265625
10860762507,13345130,13331,13331,0,0,0,-0.4799528121948242,0,-0.010989189147949219,0,-0.014652252197265625
10862590800,13347121,13332,13332,0,0,0,-0.4795694351196289,0,-0.010989189147949219,0,-0.014652252197265625
10864578080,13355130,13340,13340,0,0,0,-0.4799528121948242,0,-0.0036630630493164062,0,-0.0048847198486328125
10866565348,13356123,13341,13341,0,0,0,-0.4799528121948242,0,-0.010989189147949219,0,-0.0048847198486328125
10868552616,13358121,13343,13343,0,0,0,-0.4795694351196289,0,-0.0036630630493164062,0,-0.0048847198486328125
10870539884,13359121,13344,13344,0,0,0,-0.4795694351196289,0,0.0036630630493164062,0,-0.0048847198486328125
10872527152,13361121,13346,13346,0,0,0,-0.4795694351196289,0,-0.0036630630493164062,0,-0.0048847198486328125
10874514420,13362121,13347,13347,0,0,0,-0.4795694351196289,0,-0.0036630630493164062,0,-0.0048847198486328125
10876501688,13364124,13349,13349,0,0,0,-0.4795694351196289,0,-0.0036630630493164062,0,-0.0048847198486328125
10878488956,13366135,13351,13351,0,0,0,-0.4795694351196289,0,-0.0036630630493164062,0,-0.014652252197265625
10880476224,13367125,13352,13352,0,0,0,-0.4795694351196289,0,-0.010989189147949219,0,-0.0048847198486328125
10882463492,13369123,13354,13354,0,0,0,-0.4795694351196289,0,-0.0036630630493164062,0,-0.014652252197265625
10884450760,13371121,13356,13356,0,0,0,-0.4795694351196289,0,-0.0036630630493164062,0,-0.014652252197265625
10886438028,13373125,13358,13358,0,0,0,-0.4795694351196289,0,-0.010989189147949219,0,-0.014652252197265625
10888425296,13375129,13360,13360,0,0,0,-0.4795694351196289,0,-0.0036630630493164062,0,-0.014652252197265625
10890412564,13376121,13361,13361,0,0,0,-0.4799528121948242,0,-0.010989189147949219,0,-0.014652252197265625
10892399832,13377123,13362,13362,0,0,0,-0.4795694351196289,0,0.0036630630493164062,0,-0.014652252197265625
10894387100,13379129,13364,13364,0,0,0,-0.4795694351196289,0,0.0036630630493164062,0,-0.014652252197265625
10896272380,13382121,13367,13367,0,0,0,-0.4795694351196289,0,-0.01831531524658203,0,-0.014652252197265625
10898157648,13384121,13369,13369,0,0,0,-0.4795694351196289,0,-0.010989189147949219,0,-0.014652252197265625
10900042916,13385131,13370,13370,0,0,0,-0.4795694351196289,0,-0.010989189147949219,0,-0.014652252197265625
10901928184,13388121,13373,13373,0,0,0,-0.4795694351196289,0,0.010989189147949219,0,-0.014652252197265625
10903813452,13390121,13375,13375,0,0,0,-0.4795694351196289,0,0.010989189147949219,0,-0.014652252197265625
10905698720,13391120,13376,13376,0,0,0,-0.4795694351196289,0,-0.010989189147949219,0,-0.0048847198486328125
10907583988,13393130,13378,13378,0,0,0,-0.4795694351196289,0,-0.0036630630493164062,0,-0.0048847198486328125
10909469256,13395133,13380,13380,0,0,0,-0.4799528121948242,0,-0.01831531524658203,0,-0.014652252197265625
10911354524,13396122,13382,13382,0,0,0,-0.4795694351196289,0,-0.0036630630493164062,0,-0.014652252197265625
10913239792,13398123,13383,13383,0,0,0,-0.4795694351196289,0,-0.010989189147949219,0,-0.0048847198486328125
10915125060,13400130,13385,13385,0,0,0,-0.4799528121948242,0,-0.0036630630493164062,0,-0.0048847198486328125
10917010328,13401123,13386,13386,0,0,0,-0.4799528121948242,0,0.0036630630493164062,0,-0.014652252197265625
10918895596,13404121,13389,13389,0,0,0,-0.4795694351196289,0,-0.010989189147949219,0,-0.014652252197265625
10920780864,13406123,13391,13391,0,0,0,-0.4795694351196289,0,-0.0036630630493164062,0,-0.0048847198486328125
10922666132,13407128,13392,13392,0,0,0,-0.4795694351196289,0,-0.0036630630493164062,0,-0.014652252197265625
10924551400,13409125,13394,13394,0,0,0,-0.4795694351196289,0,-0.0036630630493164062,0,-0.014652252197265625
10926530235,13412120,13398,13398,0,0,0,-0.4795694351196289,0,0.0036630630493164062,0,-0.014652252197265625
10928509066,13414122,13399,13399,0,0,0,-0.4795694351196289,0,0.01831531524658203,0,-0.014652252197265625
10930487897,13416121,13401,13401,0,0,0,-0.4795694351196289,0,-0.0036630630493164062,0,-0.024419784545898438
10932466728,13418124,13403,13403,0,0,0,-0.4795694351196289,0,0.010989189147949219,0,-0.024419784545898438
10934445559,13421129,13406,13406,0,0,0,-0.4795694351196289,0,-0.0036630630493164062,0,-0.014652252197265625
10936424390,13422137,13408,13408,0,0,0,-0.4795694351196289,0,-0.0036630630493164062,0,-0.014652252197265625
10938403221,13424121,13409,13409,0,0,0,-0.4795694351196289,0,-0.010989189147949219,0,-0.014652252197265625
10940382052,13425129,13410,13410,0,0,0,-0.4795694351196289,0,0.0036630630493164062,0,-0.014652252197265625
10942360883,13427123,13412,13412,0,0,0,-0.4795694351196289,0,0.0036630630493164062,0,-0.014652252197265625
10944339714,13429121,13414,13414,0,0,0,-0.4795694351196289,0,-0.0036630630493164062,0,-0.014652252197265625
10946318545,13430121,13415,13415,0,0,0,-0.4795694351196289,0,-0.0036630630493164062,0,-0.014652252197265625
10948297376,13433121,13418,13418,0,0,0,-0.4795694351196289,0,-0.010989189147949219,0,-0.0048847198486328125
10950276207,13436135,13421,13421,0,0,0,-0.4795694351196289,0,-0.0036630630493164062,0,-0.0048847198486328125
10952255038,13438121,13423,13423,0,0,0,-0.4795694351196289,0,-0.0036630630493164062,0,-0.0048847198486328125
10954233869,13439124,13424,13424,0,0,0,-0.4795694351196289,0,0.0036630630493164062,0,-0.014652252197265625
10956212700,13441121,13426,13426,0,0,0,-0.4795694351196289,0,-0.010989189147949219,0,-0.014652252197265625
10958172470,13445129,13430,13430,0,0,0,-0.4795694351196289,0,0.0036630630493164062,0,-0.0048847198486328125
10960132232,13446121,13431,13431,0,0,0,-0.4795694351196289,0,-0.0036630630493164062,0,-0.0048847198486328125
10962091994,13449129,13434,13434,0,0,0,-0.4795694351196289,0,-0.010989189147949219,0,-0.0048847198486328125
10964051756,13450143,13435,13435,0,0,0,-0.4795694351196289,0,-0.010989189147949219,0,-0.0048847198486328125
10966011518,13452127,13437,13437,0,0,0,-0.4795694351196289,0,-0.010989189147949219,0,-0.0048847198486328125
10967971280,13454120,13439,13439,0,0,0,-0.4795694351196289,0,0.0036630630493164062,0,-0.014652252197265625
10969931042,13455129,13440,13440,0,0,0,-0.4795694351196289,0,-0.0036630630493164062,0,-0.014652252197265625
10971890804,13458121,13443,13443,0,0,0,-0.4795694351196289,0,-0.0036630630493164062,0,-0.014652252197265625
10973850566,13460125,13445,13445,0,0,0,-0.4795694351196289,0,-0.01831531524658203,0,-0.014652252197265625
10975810328,13461121,13446,13446,0,0,0,-0.4795694351196289,0,-0.0036630630493164062,0,-0.0048847198486328125
10977770090,13463129,13448,13448,0,0,0,-0.4795694351196289,0,-0.0036630630493164062,0,-0.0048847198486328125
10979729852,13465133,13450,13450,0,0,0,-0.4795694351196289,0,-0.0036630630493164062,0,-0.014652252197265625
10981689614,13466121,13451,13451,0,0,0,-0.4795694351196289,0,-0.010989189147949219,0,-0.014652252197265625
10983649376,13468124,13453,13453,0,0,0,-0.4795694351196289,0,0.010989189147949219,0,-0.014652252197265625
10985609138,13471121,13456,13456,0,0,0,-0.4795694351196289,0,-0.01831531524658203,0,-0.0048847198486328125
10987568900,13472122,13457,13457,0,0,0,-0.4795694351196289,0,-0.010989189147949219,0,-0.0048847198486328125
10989563580,13479125,13464,13464,0,0,0,-0.4795694351196289,0,-0.010989189147949219,0,-0.014652252197265625
10991558248,13480122,13465,13465,0,0,0,-0.4795694351196289,0,-0.0036630630493164062,0,-0.0048847198486328125
10993552916,13482121,13467,13467,0,0,0,-0.4795694351196289,0,-0.010989189147949219,0,-0.014652252197265625
10995547584,13485131,13470,13470,0,0,0,-0.4795694351196289,0,-0.01831531524658203,0,-0.014652252197265625
10997542252,13487121,13472,13473,0,0,0,-0.4795694351196289,0,-0.0036630630493164062,0,-0.014652252197265625
10999536920,13489125,13474,13474,0,0,0,-0.4795694351196289,0,0.0036630630493164062,0,-0.014652252197265625
11001531588,13491129,13476,13476,0,0,0,-0.4799528121948242,0,-0.010989189147949219,0,-0.014652252197265625
11003526256,13492136,13477,13477,0,0,0,-0.4795694351196289,0,0.0036630630493164062,0,-0.014652252197265625
11005520924,13494121,13479,13479,0,0,0,-0.4799528121948242,0,-0.01831531524658203,0,-0.0048847198486328125
11007515592,13495130,13480,13480,0,0,0,-0.4795694351196289,0,-0.010989189147949219,0,-0.0048847198486328125
11009510260,13497125,13482,13482,0,0,0,-0.4795694351196289,0,0.010989189147949219,0,-0.0048847198486328125
11011504928,13498121,13483,13483,0,0,0,-0.4795694351196289,0,-0.0036630630493164062,0,-0.0048847198486328125
11013499596,13499121,13484,13484,0,0,0,-0.4795694351196289,0,-0.0036630630493164062,0,-0.0048847198486328125
11015494264,13500130,13486,13486,0,0,0,-0.4795694351196289,0,-0.010989189147949219,0,-0.014652252197265625
11017488932,13502121,13487,13487,0,0,0,-0.4795694351196289,0,0.0036630630493164062,0,-0.014652252197265625
11019483600,13504121,13489,13489,0,0,0,-0.4795694351196289,0,-0.0036630630493164062,0,-0.014652252197265625
11021231870,13507125,13492,13492,0,0,0,-0.4799528121948242,0,-0.01831531524658203,0,-0.024419784545898438
11022784041,13511121,13496,13496,0,0,0,-0.4795694351196289,0,0.01831531524658203,0,-0.014652252197265625
11024336212,13513121,13498,13498,0,0,0,-0.4795694351196289,0,-0.0036630630493164062,0,-0.014652252197265625
11025888383,13514123,13499,13499,0,0,0,-0.4795694351196289,0,-0.0036630630493164062,0,-0.014652252197265625
11027440554,13515130,13500,13500,0,0,0,-0.4795694351196289,0,-0.0036630630493164062,0,-0.0048847198486328125
11028992725,13517121,13502,13502,0,0,0,-0.4795694351196289,0,-0.01831531524658203,0,-0.0048847198486328125
11030544896,13518125,13503,13503,0,0,0,-0.4795694351196289,0,0.0036630630493164062,0,-0.014652252197265625
11032097067,13521125,13506,13506,0,0,0,-0.4795694351196289,0,-0.0036630630493164062,0,-0.0048847198486328125
11033649238,13522123,13507,13508,0,0,0,-0.4795694351196289,0,0.010989189147949219,0,-0.0048847198486328125
11035201409,13524121,13509,13509,0,0,0,-0.4799528121948242,0,-0.010989189147949219,0,-0.0048847198486328125
11036753580,13525129,13510,13510,0,0,0,-0.4795694351196289,0,0.0036630630493164062,0,-0.014652252197265625
11038305751,13527121,13512,13512,0,0,0,-0.4795694351196289,0,-0.0036630630493164062,0,-0.014652252197265625
11039857922,13528120,13513,13513,0,0,0,-0.4795694351196289,0,-0.0036630630493164062,0,-0.014652252197265625
11041410093,13530122,13515,13515,0,0,0,-0.4795694351196289,0,-0.0036630630493164062,0,-0.014652252197265625
11042962264,13531121,13516,13516,0,0,0,-0.4795694351196289,0,-0.0036630630493164062,0,-0.014652252197265625
11044514435,13532121,13517,13517,0,0,0,-0.4795694351196289,0,-0.010989189147949219,0,-0.014652252197265625
11046066606,13537121,13522,13522,0,0,0,-0.4795694351196289,0,0.0036630630493164062,0,-0.014652252197265625
11047618777,13538122,13523,13523,0,0,0,-0.4795694351196289,0,0.0036630630493164062,0,-0.014652252197265625
11049170948,13539125,13524,13524,0,0,0,-0.4795694351196289,0,-0.0036630630493164062,0,-0.014652252197265625
11050723119,13540121,13525,13525,0,0,0,-0.4795694351196289,0,-0.0036630630493164062,0,-0.014652252197265625
11052275290,13541121,13526,13526,0,0,0,-0.4795694351196289,0,0.0036630630493164062,0,-0.014652252197265625
11053827461,13542121,13527,13527,0,0,0,-0.4795694351196289,0,0.0036630630493164062,0,-0.014652252197265625
11055379632,13543123,13528,13528,0,0,0,-0.4795694351196289,0,-0.010989189147949219,0,-0.014652252197265625
11056931803,13544121,13529,13529,0,0,0,-0.4795694351196289,0,-0.01831531524658203,0,-0.014652252197265625
11058483974,13545130,13530,13530,0,0,0,-0.4795694351196289,0,-0.0036630630493164062,0,-0.014652252197265625
11060036145,13546120,13531,13531,0,0,0,-0.4795694351196289,0,-0.010989189147949219,0,-0.014652252197265625
11061588316,13547133,13532,13532,0,0,0,-0.4795694351196289,0,-0.0036630630493164062,0,-0.014652252197265625
11063140487,13548135,13533,13533,0,0,0,-0.4795694351196289,0,-0.0036630630493164062,0,-0.014652252197265625
11064692658,13549125,13534,13534,0,0,0,-0.4795694351196289,0,-0.010989189147949219,0,-0.014652252197265625
11066244829,13550129,13535,13535,0,0,0,-0.4795694351196289,0,0.0036630630493164062,0,-0.014652252197265625
11067797000,13551124,13536,13536,0,0,0,-0.4795694351196289,0,0.010989189147949219,0,-0.014652252197265625
11069349171,13552123,13537,13537,0,0,0,-0.4795694351196289,0,-0.0036630630493164062,0,-0.014652252197265625
11070675595,13557121,13542,13542,0,0,0,-0.4795694351196289,0,0.0036630630493164062,0,-0.0048847198486328125
11072012720,13559123,13544,13544,0,0,0,-0.4795694351196289,0,0.0036630630493164062,0,-0.0048847198486328125
11073349845,13560121,13545,13545,0,0,0,-0.4795694351196289,0,-0.0036630630493164062,0,-0.0048847198486328125
11074686970,13561129,13546,13546,0,0,0,-0.4795694351196289,0,0.010989189147949219,0,-0.0048847198486328125
11076024095,13562136,13547,13547,0,0,0,-0.4795694351196289,0,0.0036630630493164062,0,-0.014652252197265625
11077361220,13563130,13548,13548,0,0,0,-0.4795694351196289,0,-0.01831531524658203,0,-0.014652252197265625
11078698345,13564122,13549,13549,0,0,0,-0.4795694351196289,0,-0.0036630630493164062,0,-0.014652252197265625
11080035470,13565130,13550,13550,0,0,0,-0.4795694351196289,0,-0.010989189147949219,0,-0.014652252197265625
11081372595,13566121,13551,13551,0,0,0,-0.4795694351196289,0,-0.0036630630493164062,0,-0.014652252197265625
11082709720,13567124,13552,13552,0,0,0,-0.4795694351196289,0,-0.010989189147949219,0,-0.014652252197265625
11084046845,13568125,13553,13553,0,0,0,-0.4799528121948242,0,-0.0036630630493164062,0.11501312255859375,-0.014652252197265625
11085383970,13571122,13556,13556,0,0,0,-0.4795694351196289,0,-0.010989189147949219,0,-0.014652252197265625
11086721095,13572124,13557,13557,0,0,0,-0.4795694351196289,0,0.010989189147949219,0,-0.0048847198486328125
11088058220,13573122,13558,13559,0,0,0,-0.4795694351196289,0,-0.010989189147949219,0,-0.0048847198486328125
11089395345,13574121,13559,13560,0,0,0,-0.4795694351196289,0,0.0036630630493164062,0,-0.0048847198486328125
11090732470,13576141,13561,13561,0,0,0,-0.4795694351196289,0,-0.0036630630493164062,0,0.0048847198486328125
11092069595,13579122,13564,13564,0,0,0,-0.4795694351196289,0,-0.010989189147949219,0,0.0048847198486328125
11093406720,13580123,13565,13565,0,0,0,-0.4795694351196289,0,-0.010989189147949219,0,0.0048847198486328125
11094743845,13581121,13566,13566,0,0,0,-0.4795694351196289,0,0.0036630630493164062,0,-0.0048847198486328125
11096080970,13582122,13567,13567,0,0,0,-0.4795694351196289,0,0.010989189147949219,0,0.0048847198486328125
11097418095,13583121,13568,13568,0,0,0,-0.4795694351196289,0,-0.0036630630493164062,0,-0.0048847198486328125
11098755220,13585130,13570,13570,0,0,0,-0.4795694351196289,0,0.0036630630493164062,0,-0.0048847198486328125
11100092345,13588123,13573,13573,0,0,0,-0.4795694351196289,0,-0.010989189147949219,0,-0.0048847198486328125
11101429470,13589129,13574,13574,0,0,0,-0.4795694351196289,0,-0.025641441345214844,0,-0.0048847198486328125
11102766595,13590136,13575,13575,0,0,0,-0.4795694351196289,0,-0.0036630630493164062,0,-0.0048847198486328125
11104103720,13591125,13576,13576,0,0,0,-0.4795694351196289,0,0.0036630630493164062,0,-0.0048847198486328125
11105440845,13592124,13577,13577,0,0,0,-0.4795694351196289,0,-0.0036630630493164062,0,-0.0048847198486328125
11106777970,13593121,13578,13578,0,0,0,-0.4795694351196289,0,0.010989189147949219,0,-0.014652252197265625
11108115095,13594121,13579,13579,0,0,0,-0.4795694351196289,0,-0.010989189147949219,0,-0.014652252197265625
11109452220,13595130,13580,13580,0,0,0,-0.4795694351196289,0,-0.0036630630493164062,0,-0.014652252197265625
11110789345,13596124,13581,13581,0,0,0,-0.4795694351196289,0,0.0036630630493164062,0,-0.014652252197265625
11112126470,13597125,13582,13582,0,0,0,-0.4795694351196289,0,-0.010989189147949219,0,-0.014652252197265625
11113459350,13600131,13585,13585,0,0,0,-0.4795694351196289,0,-0.010989189147949219,0,-0.014652252197265625
11114822109,13601126,13586,13586,0,0,0,-0.4795694351196289,0,-0.0036630630493164062,0,-0.014652252197265625
11116184868,13602121,13587,13587,0,0,0,-0.4795694351196289,0,-0.01831531524658203,0,-0.014652252197265625
11117547627,13604135,13589,13590,0,0,0,-0.4795694351196289,0,-0.0036630630493164062,0,-0.0048847198486328125
11118910386,13606121,13591,13591,0,0,0,-0.4795694351196289,0,0.010989189147949219,0,-0.0048847198486328125
11120273145,13607121,13592,13592,0,0,0,-0.4795694351196289,0,0.0036630630493164062,0,0.0048847198486328125
11121635904,13608122,13593,13593,0,0,0,-0.4795694351196289,0,-0.0036630630493164062,0,0.0048847198486328125
11122998663,13609124,13594,13594,0,0,0,-0.4795694351196289,0,-0.0036630630493164062,0,0.0048847198486328125
11124361422,13610121,13595,13595,0,0,0,-0.4795694351196289,0,-0.010989189147949219,0,0.0048847198486328125
11125724181,13611121,13596,13596,0,0,0,-0.4795694351196289,0,0.0036630630493164062,0,-0.0048847198486328125
11127086940,13612121,13597,13597,0,0,0,-0.4795694351196289,0,0.0036630630493164062,0,-0.0048847198486328125
11128449699,13613125,13598,13598,0,0,0,-0.4795694351196289,0,-0.0036630630493164062,0,-0.014652252197265625
11129812458,13613125,13599,13599,0,0,0,-0.4795694351196289,0,-0.0036630630493164062,0,-0.0048847198486328125
11131175217,13615129,13600,13600,0,0,0,-0.4795694351196289,0,-0.01831531524658203,0,-0.014652252197265625
11132537976,13616122,13602,13602,0,0,0,-0.4795694351196289,0,-0.010989189147949219,0,-0.014652252197265625
11133900735,13618139,13603,13603,0,0,0,-0.4795694351196289,0,-0.0036630630493164062,0,-0.014652252197265625
11135263494,13622121,13607,13607,0,0,0,-0.4795694351196289,0,-0.010989189147949219,0,-0.014652252197265625
11136626253,13623122,13608,13608,0,0,0,-0.4795694351196289,0,0.0036630630493164062,0,-0.014652252197265625
11137989012,13624121,13609,13609,0,0,0,-0.4799528121948242,0,-0.0036630630493164062,0.11501312255859375,-0.014652252197265625
11139351771,13625131,13610,13610,0,0,0,-0.4795694351196289,0,-0.03296661376953125,0,-0.014652252197265625
11140714530,13626125,13611,13611,0,0,0,-0.4795694351196289,0,0.01831531524658203,0,-0.0048847198486328125
11142077289,13627122,13612,13612,0,0,0,-0.4795694351196289,0,-0.010989189147949219,0,-0.0048847198486328125
11143440048,13628121,13613,13613,0,0,0,-0.4795694351196289,0,-0.0036630630493164062,0,0.0048847198486328125
11144802807,13629122,13614,13614,0,0,0,-0.4795694351196289,0,-0.0036630630493164062,0,0.0048847198486328125
11146165566,13630123,13615,13615,0,0,0,-0.4795694351196289,0,0.0036630630493164062,0,0.0048847198486328125
11147528325,13632137,13617,13617,0,0,0,-0.4795694351196289,0,-0.010989189147949219,0,0.0048847198486328125
11148891084,13633125,13618,13618,0,0,0,-0.4795694351196289,0,-0.0036630630493164062,0,0.0048847198486328125
11150253843,13634125,13619,13619,0,0,0,-0.4795694351196289,0,-0.0036630630493164062,0,0.0048847198486328125
11151616602,13636121,13621,13622,0,0,0,-0.4795694351196289,0,0.0036630630493164062,0,0.0048847198486328125
11152979361,13638123,13623,13623,0,0,0,-0.4795694351196289,0,-0.0036630630493164062,0,-0.0048847198486328125
11154342120,13639121,13624,13624,0,0,0,-0.4795694351196289,0,-0.0036630630493164062,0,-0.0048847198486328125
11155704879,13640122,13625,13625,0,0,0,-0.4795694351196289,0,-0.010989189147949219,0,-0.0048847198486328125
11157129435,13644121,13629,13629,0,0,0,-0.4795694351196289,0,0.010989189147949219,0,-0.014652252197265625
11158553966,13645138,13630,13630,0,0,0,-0.4795694351196289,0,-0.0036630630493164062,0,-0.014652252197265625
11159978497,13647125,13632,13632,0,0,0,-0.4795694351196289,0,-0.0036630630493164062,0,-0.0048847198486328125
11161403028,13648121,13633,13633,0,0,0,-0.4795694351196289,0,-0.010989189147949219,0,-0.0048847198486328125
11162827559,13649121,13634,13634,0,0,0,-0.4795694351196289,0,0.01831531524658203,0,-0.0048847198486328125
11164252090,13650132,13635,13635,0,0,0,-0.4795694351196289,0,-0.0036630630493164062,0,-0.0048847198486328125
11165676621,13651121,13636,13636,0,0,0,-0.4795694351196289,0,-0.0036630630493164062,0,-0.014652252197265625
11167101152,13653121,13638,13638,0,0,0,-0.4795694351196289,0,0.0036630630493164062,0,-0.014652252197265625
11168525683,13654122,13640,13640,0,0,0,-0.4795694351196289,0,-0.01831531524658203,0,-0.014652252197265625
11169950214,13656121,13641,13641,0,0,0,-0.4799528121948242,0,-0.025641441345214844,0,-0.024419784545898438
11171374745,13657121,13642,13642,0,0,0,-0.4795694351196289,0,-0.010989189147949219,0,-0.014652252197265625
11172799276,13658121,13643,13643,0,0,0,-0.4795694351196289,0,-0.0036630630493164062,0,-0.014652252197265625
11174223807,13660135,13645,13645,0,0,0,-0.4795694351196289,0,-0.0036630630493164062,0,-0.014652252197265625
11175648338,13661125,13646,13646,0,0,0,-0.4795694351196289,0,-0.0036630630493164062,0,-0.0048847198486328125
11177072869,13662121,13647,13647,0,0,0,-0.4795694351196289,0,0.0036630630493164062,0,-0.0048847198486328125
11178497400,13663125,13648,13648,0,0,0,-0.4795694351196289,0,-0.0036630630493164062,0,-0.0048847198486328125
11179892500,13666121,13651,13651,0,0,0,-0.4795694351196289,0,-0.01831531524658203,0,-0.014652252197265625
11181287600,13667124,13652,13652,0,0,0,-0.4795694351196289,0,-0.0036630630493164062,0,-0.014652252197265625
11182682700,13668121,13653,13653,0,0,0,-0.4795694351196289,0,-0.010989189147949219,0,-0.014652252197265625
11184077800,13671124,13656,13656,0,0,0,-0.4795694351196289,0,-0.0036630630493164062,0,-0.0048847198486328125
11185472900,13672121,13657,13657,0,0,0,-0.4795694351196289,0,-0.0036630630493164062,0,-0.0048847198486328125
11186868000,13673128,13658,13658,0,0,0,-0.4795694351196289,0,-0.0036630630493164062,0,-0.0048847198486328125
11188263100,13674136,13659,13659,0,0,0,-0.4795694351196289,0,-0.0036630630493164062,0,-0.0048847198486328125
11189658200,13676121,13661,13661,0,0,0,-0.4795694351196289,0,0.010989189147949219,0,-0.014652252197265625
11191053300,13677122,13662,13662,0,0,0,-0.4795694351196289,0,0.010989189147949219,0,-0.014652252197265625
11192448400,13678121,13663,13663,0,0,0,-0.4795694351196289,0,0.010989189147949219,0,-0.014652252197265625
11193843500,13679125,13664,13664,0,0,0,-0.4795694351196289,0,-0.0036630630493164062,0,-0.014652252197265625
11195238600,13680121,13666,13666,0,0,0,-0.4795694351196289,0,-0.0036630630493164062,0,-0.014652252197265625
11196633700,13682121,13667,13667,0,0,0,-0.4795694351196289,0,0.0036630630493164062,0,-0.014652252197265625
11198028800,13683123,13668,13668,0,0,0,-0.4795694351196289,0,0.0036630630493164062,0,-0.014652252197265625
11199423900,13684124,13669,13669,0,0,0,-0.4795694351196289,0,-0.0036630630493164062,0,-0.0048847198486328125
11200819000,13685130,13670,13670,0,0,0,-0.4795694351196289,0,-0.010989189147949219,0,-0.014652252197265625
11202167120,13691121,13676,13676,0,0,0,-0.4795694351196289,0,0.025641441345214844,0,-0.014652252197265625
11203515232,13692124,13677,13677,0,0,0,-0.4795694351196289,0,-0.0036630630493164062,0,-0.0048847198486328125
11204863344,13693121,13678,13678,0,0,0,-0.4795694351196289,0,0.0036630630493164062,0,-0.014652252197265625
11206211456,13694121,13679,13679,0,0,0,-0.4795694351196289,0,0.0036630630493164062,0,-0.014652252197265625
11207559568,13695130,13680,13680,0,0,0,-0.4795694351196289,0,-0.01831531524658203,0,-0.014652252197265625
11208907680,13696123,13681,13681,0,0,0,-0.4795694351196289,0,-0.0036630630493164062,0,-0.014652252197265625
11210255792,13697121,13682,13682,0,0,0,-0.4795694351196289,0,0.010989189147949219,0,-0.014652252197265625
11211603904,13698121,13683,13683,0,0,0,-0.4795694351196289,0,-0.010989189147949219,0,-0.014652252197265625
11212952016,13699121,13684,13684,0,0,0,-0.4795694351196289,0,-0.01831531524658203,0,-0.014652252197265625
11214300128,13700133,13685,13685,0,0,0,-0.4795694351196289,0,-0.0036630630493164062,0,-0.014652252197265625
11215648240,13701131,13686,13686,0,0,0,-0.4795694351196289,0,-0.01831531524658203,0,-0.014652252197265625
11216996352,13702135,13687,13687,0,0,0,-0.4795694351196289,0,-0.010989189147949219,0,-0.014652252197265625
11218344464,13704123,13689,13689,0,0,0,-0.4795694351196289,0,-0.010989189147949219,0,-0.014652252197265625
11219692576,13705129,13690,13690,0,0,0,-0.4795694351196289,0,0.0036630630493164062,0,-0.014652252197265625
11221040688,13706121,13691,13691,0,0,0,-0.4795694351196289,0,-0.0036630630493164062,0,-0.014652252197265625
11222388800,13707121,13692,13692,0,0,0,-0.4795694351196289,0,-0.010989189147949219,0,-0.014652252197265625
11223847355,13710121,13695,13695,0,0,0,-0.4795694351196289,0,-0.0036630630493164062,0,-0.014652252197265625
11225305898,13711121,13696,13696,0,0,0,-0.4795694351196289,0,-0.010989189147949219,0,-0.014652252197265625
11226764441,13712122,13697,13697,0,0,0,-0.4795694351196289,0,0.010989189147949219,0,-0.014652252197265625
11228222984,13713124,13698,13698,0,0,0,-0.4795694351196289,0,-0.010989189147949219,0,-0.014652252197265625
11229681527,13714121,13699,13699,0,0,0,-0.4795694351196289,0,0.0036630630493164062,0,-0.0048847198486328125
11231140070,13715137,13700,13700,0,0,0,-0.4795694351196289,0,-0.0036630630493164062,0,-0.014652252197265625
11232598613,13717127,13702,13702,0,0,0,-0.4799528121948242,0,-0.010989189147949219,0,-0.014652252197265625
11234057156,13718121,13703,13703,0,0,0,-0.4795694351196289,0,-0.01831531524658203,0,-0.014652252197265625
11235515699,13719121,13704,13704,0,0,0,-0.4799528121948242,0,-0.01831531524658203,0,-0.014652252197265625
11236974242,13723121,13708,13708,0,0,0,-0.4795694351196289,0,0.010989189147949219,0,-0.014652252197265625
11238432785,13725132,13710,13710,0,0,0,-0.4795694351196289,0,0.0036630630493164062,0,-0.014652252197265625
11239891328,13726121,13711,13711,0,0,0,-0.4795694351196289,0,-0.0036630630493164062,0,-0.014652252197265625
11241349871,13727122,13712,13712,0,0,0,-0.4795694351196289,0,0.0036630630493164062,0,-0.014652252197265625
11242808414,13728121,13713,13714,0,0,0,-0.4795694351196289,0,-0.0036630630493164062,0,-0.014652252197265625
11244266957,13730137,13715,13715,0,0,0,-0.4795694351196289,0,0.010989189147949219,0,-0.0048847198486328125
11245725500,13731125,13716,13716,0,0,0,-0.4795694351196289,0,-0.010989189147949219,0,-0.0048847198486328125
11247566610,13733123,13718,13718,0,0,0,-0.4795694351196289,0,-0.0036630630493164062,0,-0.0048847198486328125
11249407716,13734121,13719,13719,0,0,0,-0.4795694351196289,0,-0.0036630630493164062,0,-0.0048847198486328125
11251248822,13735130,13720,13720,0,0,0,-0.4795694351196289,0,0.0036630630493164062,0,-0.0048847198486328125
11253089928,13738120,13724,13724,0,0,0,-0.4795694351196289,0,0.0036630630493164062,0,-0.0048847198486328125
11254931034,13740121,13725,13725,0,0,0,-0.4795694351196289,0,-0.010989189147949219,0,-0.0048847198486328125
11256772140,13742124,13727,13727,0,0,0,-0.4795694351196289,0,-0.0036630630493164062,0,-0.0048847198486328125
11258613246,13743129,13728,13728,0,0,0,-0.4795694351196289,0,-0.01831531524658203,0,-0.0048847198486328125
11260454352,13745134,13730,13730,0,0,0,-0.4795694351196289,0,-0.010989189147949219,0,-0.014652252197265625
11262295458,13747121,13732,13732,0,0,0,-0.4795694351196289,0,-0.0036630630493164062,0,-0.014652252197265625
11264136564,13749121,13734,13734,0,0,0,-0.4795694351196289,0,-0.0036630630493164062,0,-0.014652252197265625
11265977670,13750132,13736,13736,0,0,0,-0.4795694351196289,0,-0.010989189147949219,0,-0.014652252197265625
11267818776,13754123,13739,13739,0,0,0,-0.4795694351196289,0,0.0036630630493164062,0,-0.014652252197265625
11269659882,13755129,13740,13740,0,0,0,-0.4795694351196289,0,0.010989189147949219,0,-0.014652252197265625
11271500988,13757129,13742,13742,0,0,0,-0.4795694351196289,0,0.0036630630493164062,0,-0.014652252197265625
11273342094,13758139,13743,13743,0,0,0,-0.4795694351196289,0,-0.0036630630493164062,0,-0.0048847198486328125
11275183200,13760120,13745,13745,0,0,0,-0.4795694351196289,0,-0.010989189147949219,0,-0.0048847198486328125
11277060575,13763121,13748,13748,0,0,0,-0.4795694351196289,0,-0.0036630630493164062,0,-0.0048847198486328125
11278937950,13765129,13750,13750,0,0,0,-0.4799528121948242,0,-0.01831531524658203,0,-0.0048847198486328125
11280815325,13767121,13752,13752,0,0,0,-0.4795694351196289,0,-0.0036630630493164062,0,-0.0048847198486328125
11282692700,13769121,13754,13754,0,0,0,-0.4795694351196289,0,-0.01831531524658203,0,-0.0048847198486328125
11284570075,13771132,13756,13756,0,0,0,-0.4795694351196289,0,-0.0036630630493164062,0,-0.0048847198486328125
11286447450,13772135,13757,13757,0,0,0,-0.4795694351196289,0,0.0036630630493164062,0,-0.0048847198486328125
11288324825,13773125,13758,13759,0,0,0,-0.4795694351196289,0,-0.010989189147949219,0,-0.0048847198486328125
11290202200,13775132,13760,13760,0,0,0,-0.4795694351196289,0,0.010989189147949219,0,-0.0048847198486328125
11292079575,13777121,13762,13762,0,0,0,-0.4795694351196289,0,-0.010989189147949219,0,-0.0048847198486328125
11293956950,13778121,13763,13763,0,0,0,-0.4795694351196289,0,-0.0036630630493164062,0,-0.0048847198486328125
11295834325,13780121,13765,13765,0,0,0,-0.4799528121948242,0,-0.010989189147949219,0,-0.0048847198486328125
11297711700,13782121,13767,13767,0,0,0,-0.4795694351196289,0,0.0036630630493164062,0,-0.014652252197265625
11299589075,13784121,13769,13769,0,0,0,-0.4795694351196289,0,-0.0036630630493164062,0,-0.014652252197265625
11301466450,13785137,13771,13771,0,0,0,-0.4795694351196289,0,-0.0036630630493164062,0,-0.014652252197265625
11303343825,13788121,13773,13773,0,0,0,-0.4795694351196289,0,-0.010989189147949219,0,-0.014652252197265625
11305221200,13790121,13775,13775,0,0,0,-0.4799528121948242,0,-0.01831531524658203,0,-0.014652252197265625
11307433050,13798121,13783,13783,0,0,0,-0.4795694351196289,0,0.010989189147949219,0,-0.014652252197265625
11309644900,13799131,13784,13784,0,0,0,-0.4795694351196289,0,0.0036630630493164062,0,-0.014652252197265625
11311856750,13801128,13786,13786,0,0,0,-0.4795694351196289,0,-0.0036630630493164062,0,-0.014652252197265625
11314068600,13803121,13788,13788,0,0,0,-0.4795694351196289,0,-0.0036630630493164062,0,-0.0048847198486328125
11316280450,13805130,13790,13790,0,0,0,-0.4795694351196289,0,-0.0036630630493164062,0,-0.0048847198486328125
11318492300,13807121,13792,13792,0,0,0,-0.4799528121948242,0,-0.025641441345214844,0,-0.0048847198486328125
11320704150,13809122,13794,13794,0,0,0,-0.4795694351196289,0,0.0036630630493164062,0,-0.014652252197265625
11322916000,13810121,13795,13795,0,0,0,-0.4795694351196289,0,-0.0036630630493164062,0,-0.014652252197265625
11325127850,13812123,13797,13797,0,0,0,-0.4795694351196289,0,0.0036630630493164062,0,-0.0048847198486328125
11327339700,13814135,13799,13799,0,0,0,-0.4799528121948242,0,-0.01831531524658203,0,-0.0048847198486328125
11329551550,13816124,13801,13801,0,0,0,-0.4795694351196289,0,-0.0036630630493164062,0,-0.014652252197265625
11331763400,13817121,13802,13803,0,0,0,-0.4795694351196289,0,-0.0036630630493164062,0,-0.0048847198486328125
11333975250,13820122,13805,13805,0,0,0,-0.4795694351196289,0,0.0036630630493164062,0,-0.0048847198486328125
11336187100,13821121,13806,13806,0,0,0,-0.4795694351196289,0,-0.01831531524658203,0,-0.0048847198486328125
11338398950,13823121,13808,13808,0,0,0,-0.4795694351196289,0,-0.01831531524658203,0,-0.014652252197265625
11340610800,13825129,13810,13810,0,0,0,-0.4795694351196289,0,0.0036630630493164062,0,-0.0048847198486328125
11342482930,13830121,13815,13815,0,0,0,-0.4795694351196289,0,0.010989189147949219,0,-0.0048847198486328125
11344355048,13831121,13816,13816,0,0,0,-0.4795694351196289,0,0.0036630630493164062,0,-0.0048847198486328125
11346227166,13833123,13818,13818,0,0,0,-0.4795694351196289,0,-0.010989189147949219,0,0.0048847198486328125
11348099284,13834120,13819,13819,0,0,0,-0.4795694351196289,0,0.0036630630493164062,0,-0.0048847198486328125
11349971402,13836120,13821,13821,0,0,0,-0.4795694351196289,0,-0.010989189147949219,0,-0.0048847198486328125
11351843520,13838121,13823,13823,0,0,0,-0.4795694351196289,0,0.010989189147949219,0,-0.0048847198486328125
11353715638,13839121,13824,13824,0,0,0,-0.4795694351196289,0,-0.0036630630493164062,0,0.0048847198486328125
11355587756,13840121,13825,13826,0,0,0,-0.4795694351196289,0,-0.025641441345214844,0,-0.0048847198486328125
11357459874,13842139,13827,13827,0,0,0,-0.4795694351196289,0,-0.0036630630493164062,0,-0.0048847198486328125
11359331992,13844121,13829,13829,0,0,0,-0.4795694351196289,0,0.0036630630493164062,0,-0.0048847198486328125
11361204110,13845133,13830,13830,0,0,0,-0.4795694351196289,0,-0.0036630630493164062,0,-0.014652252197265625
11363076228,13847121,13832,13832,0,0,0,-0.4799528121948242,0,-0.0036630630493164062,0,-0.014652252197265625
11364948346,13849123,13834,13834,0,0,0,-0.4799528121948242,0,-0.010989189147949219,0,-0.0048847198486328125
11366820464,13851121,13836,13836,0,0,0,-0.4795694351196289,0,0.0036630630493164062,0,-0.014652252197265625
11368692582,13853125,13838,13838,0,0,0,-0.4795694351196289,0,-0.010989189147949219,0,-0.014652252197265625
11370564700,13855137,13840,13840,0,0,0,-0.4795694351196289,0,0.0036630630493164062,0,-0.014652252197265625
11372357705,13859121,13844,13844,0,0,0,-0.4795694351196289,0,-0.010989189147949219,0,-0.014652252197265625
11374150698,13861121,13846,13846,0,0,0,-0.4795694351196289,0,-0.0036630630493164062,0,-0.014652252197265625
11375943691,13862122,13847,13847,0,0,0,-0.4795694351196289,0,0.010989189147949219,0,-0.014652252197265625
11377736684,13863121,13848,13849,0,0,0,-0.4795694351196289,0,-0.0036630630493164062,0,-0.014652252197265625
11379529677,13865129,13850,13850,0,0,0,-0.4795694351196289,0,0.0036630630493164062,0,-0.0048847198486328125
11381322670,13866124,13851,13851,0,0,0,-0.4795694351196289,0,0.0036630630493164062,0,-0.0048847198486328125
11383115663,13868121,13853,13853,0,0,0,-0.4795694351196289,0,0.010989189147949219,0,-0.0048847198486328125
11384908656,13870137,13855,13855,0,0,0,-0.4795694351196289,0,-0.01831531524658203,0,-0.0048847198486328125
11386701649,13871125,13856,13856,0,0,0,-0.4795694351196289,0,-0.0036630630493164062,0,-0.0048847198486328125
11388494642,13873121,13858,13858,0,0,0,-0.4795694351196289,0,-0.01831531524658203,0,-0.0048847198486328125
11390287635,13876121,13861,13861,0,0,0,-0.4795694351196289,0,-0.0036630630493164062,0,-0.014652252197265625
11392080628,13877121,13862,13862,0,0,0,-0.4795694351196289,0,0.0036630630493164062,0,-0.014652252197265625
11393873621,13879121,13864,13864,0,0,0,-0.4795694351196289,0,-0.0036630630493164062,0,-0.014652252197265625
11395666614,13880121,13865,13865,0,0,0,-0.4795694351196289,0,-0.010989189147949219,0,-0.0048847198486328125
11397459607,13882125,13867,13867,0,0,0,-0.4795694351196289,0,0.0036630630493164062,0,-0.0048847198486328125
11399252600,13883131,13868,13868,0,0,0,-0.4795694351196289,0,0.010989189147949219,0,-0.014652252197265625
11401106335,13888121,13873,13873,0,0,0,-0.4795694351196289,0,0.0036630630493164062,0,-0.014652252197265625
11402960066,13891123,13876,13876,0,0,0,-0.4795694351196289,0,-0.010989189147949219,0,-0.0048847198486328125
11404813797,13894121,13879,13879,0,0,0,-0.4795694351196289,0,-0.0036630630493164062,0,-0.014652252197265625
11406667528,13895133,13880,13880,0,0,0,-0.4795694351196289,0,0.0036630630493164062,0,-0.014652252197265625
11408521259,13897129,13882,13882,0,0,0,-0.4795694351196289,0,-0.010989189147949219,0,-0.0048847198486328125
11410374990,13898135,13883,13883,0,0,0,-0.4795694351196289,0,-0.025641441345214844,0,-0.0048847198486328125
11412228721,13899127,13884,13884,0,0,0,-0.4795694351196289,0,-0.0036630630493164062,0,-0.0048847198486328125
11414082452,13901124,13886,13886,0,0,0,-0.4795694351196289,0,0.010989189147949219,0,-0.014652252197265625
11415936183,13902121,13887,13887,0,0,0,-0.4795694351196289,0,-0.010989189147949219,0,-0.014652252197265625
11417789914,13904121,13889,13889,0,0,0,-0.4795694351196289,0,-0.0036630630493164062,0,-0.014652252197265625
11419643645,13905129,13890,13891,0,0,0,-0.4795694351196289,0,-0.0036630630493164062,0,-0.014652252197265625
11421497376,13907123,13892,13892,0,0,0,-0.4795694351196289,0,0.0036630630493164062,0,-0.014652252197265625
11423351107,13909122,13894,13894,0,0,0,-0.4795694351196289,0,0.0036630630493164062,0,-0.014652252197265625
11425204838,13910121,13895,13895,0,0,0,-0.4795694351196289,0,-0.01831531524658203,0,-0.014652252197265625
11427058569,13912137,13897,13897,0,0,0,-0.4795694351196289,0,-0.010989189147949219,0,-0.014652252197265625
11428912300,13913125,13898,13898,0,0,0,-0.4799528121948242,0,-0.0036630630493164062,0,-0.014652252197265625
11431074005,13921121,13906,13906,0,0,0,-0.4795694351196289,0,0.01831531524658203,0,-0.0048847198486328125
11433235698,13923121,13908,13908,0,0,0,-0.4795694351196289,0,-0.01831531524658203,0,-0.014652252197265625
11435397391,13925138,13910,13910,0,0,0,-0.4795694351196289,0,-0.010989189147949219,0,-0.0048847198486328125
11437559084,13927125,13912,13912,0,0,0,-0.4795694351196289,0,0.010989189147949219,0,-0.0048847198486328125
11439720777,13928124,13913,13914,0,0,0,-0.4795694351196289,0,0.0036630630493164062,0,-0.014652252197265625
11441882470,13930121,13915,13915,0,0,0,-0.4795694351196289,0,-0.0036630630493164062,0,-0.014652252197265625
11444044163,13932125,13917,13917,0,0,0,-0.4795694351196289,0,-0.0036630630493164062,0,-0.014652252197265625
11446205856,13934121,13919,13919,0,0,0,-0.4799528121948242,0,-0.010989189147949219,0,-0.0048847198486328125
11448367549,13935130,13920,13920,0,0,0,-0.4795694351196289,0,-0.010989189147949219,0,-0.0048847198486328125
11450529242,13936122,13922,13922,0,0,0,-0.4795694351196289,0,-0.0036630630493164062,0,-0.014652252197265625
11452690935,13938121,13923,13923,0,0,0,-0.4795694351196289,0,-0.0036630630493164062,0,-0.0048847198486328125
11454852628,13940139,13925,13925,0,0,0,-0.4795694351196289,0,0.010989189147949219,0,-0.014652252197265625
11457014321,13941125,13927,13927,0,0,0,-0.4795694351196289,0,-0.010989189147949219,0,-0.014652252197265625
11459176014,13943121,13928,13928,0,0,0,-0.4795694351196289,0,-0.01831531524658203,0,-0.014652252197265625
11461337707,13946121,13931,13931,0,0,0,-0.4795694351196289,0,0.0036630630493164062,0,-0.014652252197265625
11463499400,13948121,13933,13933,0,0,0,-0.4795694351196289,0,0.01831531524658203,0,-0.014652252197265625
11465592050,13952123,13937,13937,0,0,0,-0.4795694351196289,0,-0.010989189147949219,0,-0.014652252197265625
11467684700,13955133,13940,13940,0,0,0,-0.4795694351196289,0,0.0036630630493164062,0,-0.0048847198486328125
11469777350,13957123,13942,13942,0,0,0,-0.4795694351196289,0,0.0036630630493164062,0,-0.0048847198486328125
11471870000,13958121,13943,13943,0,0,0,-0.4795694351196289,0,-0.010989189147949219,0,-0.014652252197265625
11473962650,13960122,13945,13945,0,0,0,-0.4795694351196289,0,-0.010989189147949219,0,-0.0048847198486328125
11476055300,13962120,13947,13947,0,0,0,-0.4795694351196289,0,0.01831531524658203,0,-0.014652252197265625
11478147950,13964122,13949,13949,0,0,0,-0.4795694351196289,0,-0.0036630630493164062,0,-0.014652252197265625
11480240600,13966121,13951,13951,0,0,0,-0.4795694351196289,0,-0.010989189147949219,0,-0.024419784545898438
11482333250,13968135,13953,13953,0,0,0,-0.4795694351196289,0,0.0036630630493164062,0,-0.0048847198486328125
11484425900,13970121,13955,13955,0,0,0,-0.4795694351196289,0,-0.010989189147949219,0,-0.014652252197265625
11486518550,13972121,13957,13957,0,0,0,-0.4795694351196289,0,0.010989189147949219,0,-0.014652252197265625
11488611200,13974124,13959,13959,0,0,0,-0.4795694351196289,0,-0.01831531524658203,0,-0.014652252197265625
11490703850,13976121,13961,13961,0,0,0,-0.4795694351196289,0,0.0036630630493164062,0,-0.0048847198486328125
11492796500,13978123,13963,13963,0,0,0,-0.4795694351196289,0,0.0036630630493164062,0,-0.0048847198486328125
11494889150,13980121,13965,13965,0,0,0,-0.4795694351196289,0,-0.010989189147949219,0,-0.0048847198486328125
11496981800,13981129,13967,13967,0,0,0,-0.4795694351196289,0,0.010989189147949219,0,0.0048847198486328125
11498888276,13985130,13971,13971,0,0,0,-0.4795694351196289,0,0.0036630630493164062,0,-0.0048847198486328125
11500794742,13987121,13972,13972,0,0,0,-0.4799528121948242,0,-0.010989189147949219,0,-0.0048847198486328125
11502701208,13989121,13974,13974,0,0,0,-0.4795694351196289,0,-0.010989189147949219,0,-0.0048847198486328125
11504607674,13990124,13975,13975,0,0,0,-0.4795694351196289,0,0.01831531524658203,0,-0.0048847198486328125
11506514140,13991121,13976,13977,0,0,0,-0.4795694351196289,0,-0.010989189147949219,0,-0.0048847198486328125
11508420606,13993121,13978,13978,0,0,0,-0.4795694351196289,0,-0.010989189147949219,0,-0.0048847198486328125
11510327072,13996136,13981,13981,0,0,0,-0.4795694351196289,0,-0.0036630630493164062,0,-0.014652252197265625
11512233538,13997125,13982,13982,0,0,0,-0.4795694351196289,0,-0.0036630630493164062,0,-0.014652252197265625
11514140004,13998125,13983,13983,0,0,0,-0.4795694351196289,0,0.0036630630493164062,0,-0.014652252197265625
11516046470,14000130,13985,13985,0,0,0,-0.4795694351196289,0,-0.0036630630493164062,0,-0.014652252197265625
11517952936,14001124,13986,13986,0,0,0,-0.4795694351196289,0,-0.010989189147949219,0,-0.014652252197265625
11519859402,14003125,13988,13988,0,0,0,-0.4795694351196289,0,-0.0036630630493164062,0,-0.024419784545898438
11521765868,14005129,13990,13990,0,0,0,-0.4795694351196289,0,0.0036630630493164062,0,-0.024419784545898438
11523672334,14006121,13992,13992,0,0,0,-0.4795694351196289,0,-0.0036630630493164062,0,-0.014652252197265625
11525578800,14009129,13994,13994,0,0,0,-0.4795694351196289,0,-0.01831531524658203,0,-0.014652252197265625
11527400620,14015132,14000,14000,0,0,0,-0.4795694351196289,0,-0.010989189147949219,0,-0.014652252197265625
11529222432,14016121,14002,14002,0,0,0,-0.4795694351196289,0,-0.0036630630493164062,0,-0.014652252197265625
11531044244,14018121,14003,14003,0,0,0,-0.4795694351196289,0,0.0036630630493164062,0,-0.014652252197265625
11532866056,14020120,14005,14005,0,0,0,-0.4795694351196289,0,-0.010989189147949219,0,-0.014652252197265625
11534687868,14022121,14007,14007,0,0,0,-0.4795694351196289,0,-0.010989189147949219,0,-0.014652252197265625
11536509680,14025134,14010,14010,0,0,0,-0.4795694351196289,0,0.0036630630493164062,0,-0.014652252197265625
11538331492,14026121,14011,14011,0,0,0,-0.4795694351196289,0,0.010989189147949219,0,-0.014652252197265625
11540153304,14027125,14012,14012,0,0,0,-0.4795694351196289,0,0.010989189147949219,0,-0.014652252197265625
11541975116,14029121,14014,14014,0,0,0,-0.4795694351196289,0,-0.0036630630493164062,0,-0.014652252197265625
11543796928,14030121,14015,14015,0,0,0,-0.4795694351196289,0,-0.0036630630493164062,0,-0.014652252197265625
11545618740,14031122,14016,14017,0,0,0,-0.4795694351196289,0,-0.010989189147949219,0,-0.014652252197265625
11547440552,14033121,14018,14018,0,0,0,-0.4795694351196289,0,-0.0036630630493164062,0,-0.014652252197265625
11549262364,14034120,14019,14019,0,0,0,-0.4795694351196289,0,0.0036630630493164062,0,-0.014652252197265625
11551084176,14035130,14020,14021,0,0,0,-0.4795694351196289,0,-0.01831531524658203,0,-0.0048847198486328125
11552905988,14037128,14022,14023,0,0,0,-0.4795694351196289,0,-0.0036630630493164062,0,-0.0048847198486328125
11554727800,14039125,14024,14024,0,0,0,-0.4795694351196289,0,-0.010989189147949219,0,-0.0048847198486328125
11556451935,14046121,14031,14031,0,0,0,-0.4795694351196289,0,0.0036630630493164062,0,-0.0048847198486328125
11558176066,14047121,14032,14032,0,0,0,-0.4795694351196289,0,0.0036630630493164062,0,-0.0048847198486328125
11559900197,14048124,14033,14033,0,0,0,-0.4795694351196289,0,0.0036630630493164062,0,-0.0048847198486328125
11561624328,14049121,14035,14035,0,0,0,-0.4795694351196289,0,-0.0036630630493164062,0,-0.0048847198486328125
11563348459,14051129,14036,14036,0,0,0,-0.4795694351196289,0,-0.0036630630493164062,0,-0.0048847198486328125
11565072590,14052140,14037,14037,0,0,0,-0.4795694351196289,0,0.0036630630493164062,0,-0.0048847198486328125
11566796721,14054121,14039,14039,0,0,0,-0.4795694351196289,0,-0.010989189147949219,0,-0.0048847198486328125
11568520852,14056124,14041,14041,0,0,0,-0.4795694351196289,0,-0.0036630630493164062,0,-0.014652252197265625
11570244983,14058121,14043,14043,0,0,0,-0.4795694351196289,0,-0.0036630630493164062,0,-0.0048847198486328125
11571969114,14059121,14044,14044,0,0,0,-0.4795694351196289,0,-0.0036630630493164062,0,-0.0048847198486328125
11573693245,14060122,14045,14045,0,0,0,-0.4795694351196289,0,-0.0036630630493164062,0,-0.0048847198486328125
11575417376,14062121,14047,14047,0,0,0,-0.4795694351196289,0,-0.0036630630493164062,0,-0.0048847198486328125
11577141507,14063121,14048,14048,0,0,0,-0.4795694351196289,0,-0.0036630630493164062,0,-0.014652252197265625
11578865638,14064122,14049,14049,0,0,0,-0.4795694351196289,0,-0.0036630630493164062,0,-0.0048847198486328125
11580589769,14065139,14050,14051,0,0,0,-0.4799528121948242,0,-0.025641441345214844,0,-0.0048847198486328125
11582313900,14067125,14052,14052,0,0,0,-0.4795694351196289,0,-0.0036630630493164062,0,0.0048847198486328125
11584058345,14074121,14059,14059,0,0,0,-0.4795694351196289,0,-0.0036630630493164062,0,-0.014652252197265625
11585802782,14076121,14061,14061,0,0,0,-0.4795694351196289,0,0.0036630630493164062,0,-0.014652252197265625
11587547219,14077125,14062,14062,0,0,0,-0.4795694351196289,0,-0.0036630630493164062,0,-0.014652252197265625
11589291656,14078120,14063,14063,0,0,0,-0.4795694351196289,0,-0.0036630630493164062,0,-0.0048847198486328125
11591036093,14079129,14064,14064,0,0,0,-0.4795694351196289,0,0.0036630630493164062,0,-0.0048847198486328125
11592780530,14081127,14066,14066,0,0,0,-0.4795694351196289,0,-0.0036630630493164062,0,-0.014652252197265625
11594524967,14082120,14067,14067,0,0,0,-0.4795694351196289,0,-0.0036630630493164062,0,-0.014652252197265625
11596269404,14083121,14068,14068,0,0,0,-0.4795694351196289,0,0.0036630630493164062,0,-0.014652252197265625
11598013841,14085133,14070,14070,0,0,0,-0.4795694351196289,0,0.0036630630493164062,0,-0.014652252197265625
11599758278,14087121,14072,14073,0,0,0,-0.4795694351196289,0,-0.0036630630493164062,0,-0.014652252197265625
11601502715,14089123,14074,14074,0,0,0,-0.4795694351196289,0,0.0036630630493164062,0,-0.014652252197265625
11603247152,14090124,14075,14075,0,0,0,-0.4795694351196289,0,-0.0036630630493164062,0,-0.0048847198486328125
11604991589,14091122,14076,14076,0,0,0,-0.4795694351196289,0,0.0036630630493164062,0,-0.0048847198486328125
11606736026,14092121,14077,14077,0,0,0,-0.4795694351196289,0,-0.0036630630493164062,0,-0.0048847198486328125
11608480463,14094137,14079,14079,0,0,0,-0.4795694351196289,0,0.0036630630493164062,0,-0.014652252197265625
11610224900,14095133,14080,14080,0,0,0,-0.4795694351196289,0,-0.0036630630493164062,0,-0.014652252197265625
11611792550,14098125,14083,14083,0,0,0,-0.4795694351196289,0,-0.01831531524658203,0,-0.0048847198486328125
11613360200,14099121,14084,14084,0,0,0,-0.4795694351196289,0,-0.0036630630493164062,0,-0.014652252197265625
11614927850,14100130,14085,14085,0,0,0,-0.4795694351196289,0,-0.010989189147949219,0,-0.014652252197265625
11616495500,14102123,14087,14087,0,0,0,-0.4795694351196289,0,0.0036630630493164062,0,-0.014652252197265625
11618063150,14103121,14088,14088,0,0,0,-0.4795694351196289,0,-0.0036630630493164062,0,-0.014652252197265625
11619630800,14105129,14090,14090,0,0,0,-0.4795694351196289,0,-0.0036630630493164062,0,-0.0048847198486328125
11621198450,14106124,14091,14091,0,0,0,-0.4795694351196289,0,-0.0036630630493164062,0,-0.0048847198486328125
11622766100,14107131,14092,14092,0,0,0,-0.4795694351196289,0,0.0036630630493164062,0,-0.0048847198486328125
11624333750,14108136,14093,14093,0,0,0,-0.4799528121948242,0,-0.010989189147949219,0,-0.0048847198486328125
11625901400,14109126,14094,14094,0,0,0,-0.4795694351196289,0,-0.0036630630493164062,0,-0.014652252197265625
11627469050,14110122,14095,14095,0,0,0,-0.4795694351196289,0,-0.010989189147949219,0,-0.014652252197265625
11629036700,14112121,14097,14097,0,0,0,-0.4795694351196289,0,-0.010989189147949219,0,-0.014652252197265625
11630604350,14113121,14098,14098,0,0,0,-0.4795694351196289,0,-0.0036630630493164062,0,-0.014652252197265625
11632172000,14114124,14099,14099,0,0,0,-0.4795694351196289,0,-0.010989189147949219,0,-0.014652252197265625
11633739650,14118122,14103,14103,0,0,0,-0.4795694351196289,0,-0.0036630630493164062,0,-0.014652252197265625
11635307300,14120121,14105,14105,0,0,0,-0.4795694351196289,0,-0.0036630630493164062,0,-0.014652252197265625
11636964000,14124121,14109,14109,0,0,0,-0.4795694351196289,0,-0.010989189147949219,0,-0.0048847198486328125
11638620700,14126120,14111,14111,0,0,0,-0.4795694351196289,0,0.010989189147949219,0,-0.0048847198486328125
11640277400,14127125,14112,14112,0,0,0,-0.4795694351196289,0,-0.01831531524658203,0,-0.0048847198486328125
11641934100,14128121,14113,14113,0,0,0,-0.4795694351196289,0,0.0036630630493164062,0,-0.0048847198486328125
11643590800,14129121,14114,14114,0,0,0,-0.4795694351196289,0,0.0036630630493164062,0,-0.0048847198486328125
11645247500,14132121,14117,14117,0,0,0,-0.4795694351196289,0,-0.01831531524658203,0,-0.0048847198486328125
11646904200,14133121,14118,14118,0,0,0,-0.4795694351196289,0,0.0036630630493164062,0,-0.0048847198486328125
11648560900,14134121,14119,14119,0,0,0,-0.4795694351196289,0,-0.0036630630493164062,0,-0.0048847198486328125
11650217600,14136137,14121,14121,0,0,0,-0.4795694351196289,0,-0.0036630630493164062,0,-0.0048847198486328125
11651874300,14138121,14123,14123,0,0,0,-0.4795694351196289,0,0.0036630630493164062,0,0.0048847198486328125
11653531000,14139123,14124,14124,0,0,0,-0.4795694351196289,0,0.0036630630493164062,0,-0.0048847198486328125
11655187700,14141121,14126,14126,0,0,0,-0.4795694351196289,0,-0.0036630630493164062,0,-0.0048847198486328125
11656844400,14142121,14127,14127,0,0,0,-0.4795694351196289,0,-0.0036630630493164062,0,-0.0048847198486328125
11658501100,14143126,14128,14128,0,0,0,-0.4795694351196289,0,-0.01831531524658203,0,-0.0048847198486328125
11660157800,14145129,14130,14130,0,0,0,-0.4795694351196289,0,0.0036630630493164062,0,-0.0048847198486328125
11661814500,14146121,14131,14131,0,0,0,-0.4795694351196289,0,-0.010989189147949219,0,-0.014652252197265625
11663743970,14153121,14138,14138,0,0,0,-0.4795694351196289,0,-0.0036630630493164062,0,-0.014652252197265625
11665673432,14154121,14139,14140,0,0,0,-0.4795694351196289,0,-0.010989189147949219,0,-0.014652252197265625
11667602894,14156125,14141,14141,0,0,0,-0.4795694351196289,0,0.01831531524658203,0,-0.014652252197265625
11669532356,14158121,14143,14143,0,0,0,-0.4795694351196289,0,-0.0036630630493164062,0,-0.014652252197265625
11671461818,14159122,14144,14144,0,0,0,-0.4795694351196289,0,-0.0036630630493164062,0,-0.014652252197265625
11673391280,14160122,14145,14145,0,0,0,-0.4795694351196289,0,-0.010989189147949219,0,-0.014652252197265625
11675320742,14162121,14147,14147,0,0,0,-0.4795694351196289,0,-0.0036630630493164062,0,-0.014652252197265625
11677250204,14164140,14149,14149,0,0,0,-0.4795694351196289,0,0.010989189147949219,0,-0.014652252197265625
11679179666,14165135,14150,14150,0,0,0,-0.4795694351196289,0,-0.01831531524658203,0,-0.014652252197265625
11681109128,14166121,14151,14151,0,0,0,-0.4795694351196289,0,-0.0036630630493164062,0,-0.014652252197265625
11683038590,14168123,14153,14153,0,0,0,-0.4795694351196289,0,0.0036630630493164062,0,-0.014652252197265625
11684968052,14169126,14155,14155,0,0,0,-0.4795694351196289,0,-0.010989189147949219,0,-0.014652252197265625
11686897514,14172125,14157,14157,0,0,0,-0.4795694351196289,0,-0.0036630630493164062,0,-0.014652252197265625
11688826976,14174121,14159,14159,0,0,0,-0.4795694351196289,0,0.0036630630493164062,0,-0.014652252197265625
11690756438,14175130,14160,14160,0,0,0,-0.4795694351196289,0,-0.0036630630493164062,0,-0.014652252197265625
11692685900,14177132,14162,14162,0,0,0,-0.4795694351196289,0,-0.010989189147949219,0,-0.0048847198486328125
11694457900,14181123,14166,14166,0,0,0,-0.4795694351196289,0,-0.01831531524658203,0,-0.0048847198486328125
11696229900,14183121,14168,14168,0,0,0,-0.4795694351196289,0,0.0036630630493164062,0,-0.0048847198486328125
11698001900,14184121,14169,14169,0,0,0,-0.4799528121948242,0,-0.01831531524658203,0,-0.0048847198486328125
11699773900,14186121,14171,14171,0,0,0,-0.4795694351196289,0,-0.025641441345214844,0,-0.0048847198486328125
11701545900,14187121,14172,14172,0,0,0,-0.4795694351196289,0,0.010989189147949219,0,-0.0048847198486328125
11703317900,14189123,14174,14174,0,0,0,-0.4795694351196289,0,-0.0036630630493164062,0,-0.014652252197265625
11705089900,14190121,14175,14175,0,0,0,-0.4795694351196289,0,-0.010989189147949219,0,-0.014652252197265625
11706861900,14191129,14176,14176,0,0,0,-0.4795694351196289,0,-0.0036630630493164062,0,-0.014652252197265625
11708633900,14194121,14179,14179,0,0,0,-0.4795694351196289,0,-0.010989189147949219,0,-0.014652252197265625
11710405900,14196122,14181,14181,0,0,0,-0.4795694351196289,0,0.0036630630493164062,0,-0.014652252197265625
11712177900,14197123,14182,14182,0,0,0,-0.4795694351196289,0,-0.010989189147949219,0,-0.0048847198486328125
11713949900,14199121,14184,14184,0,0,0,-0.4795694351196289,0,-0.010989189147949219,0,-0.0048847198486328125
11715721900,14200130,14185,14185,0,0,0,-0.4795694351196289,0,0.010989189147949219,0,-0.0048847198486328125
11717493900,14202121,14187,14187,0,0,0,-0.4795694351196289,0,-0.0036630630493164062,0,-0.014652252197265625
11719265900,14204122,14189,14189,0,0,0,-0.4795694351196289,0,-0.010989189147949219,0,-0.0048847198486328125
11721037900,14205139,14190,14190,0,0,0,-0.4799528121948242,0,-0.0036630630493164062,0,-0.0048847198486328125
11722786720,14209122,14194,14194,0,0,0,-0.4799528121948242,0,-0.01831531524658203,0,-0.0048847198486328125
11724535532,14210123,14195,14195,0,0,0,-0.4795694351196289,0,-0.010989189147949219,0,-0.0048847198486328125
11726284344,14212121,14197,14197,0,0,0,-0.4795694351196289,0,0.0036630630493164062,0,-0.0048847198486328125
11728033156,14214125,14199,14199,0,0,0,-0.4795694351196289,0,-0.010989189147949219,0,-0.0048847198486328125
11729781968,14216121,14201,14201,0,0,0,-0.4795694351196289,0,-0.0036630630493164062,0,-0.0048847198486328125
11731530780,14218123,14203,14203,0,0,0,-0.4795694351196289,0,0.010989189147949219,0,-0.0048847198486328125
11733279592,14220136,14205,14205,0,0,0,-0.4795694351196289,0,-0.0036630630493164062,0,-0.0048847198486328125
11735028404,14222124,14207,14207,0,0,0,-0.4795694351196289,0,-0.010989189147949219,0,-0.014652252197265625
11736777216,14224120,14209,14209,0,0,0,-0.4795694351196289,0,0.0036630630493164062,0,-0.014652252197265625
11738526028,14225129,14210,14210,0,0,0,-0.4795694351196289,0,-0.010989189147949219,0,-0.014652252197265625
11740274840,14226122,14211,14211,0,0,0,-0.4795694351196289,0,-0.0036630630493164062,0,-0.014652252197265625
11742023652,14227125,14213,14213,0,0,0,-0.4795694351196289,0,-0.0036630630493164062,0,-0.0048847198486328125
11743772464,14229121,14214,14214,0,0,0,-0.4795694351196289,0,-0.0036630630493164062,0,-0.0048847198486328125
11745521276,14230124,14215,14215,0,0,0,-0.4795694351196289,0,-0.01831531524658203,0,-0.0048847198486328125
11747270088,14232121,14217,14217,0,0,0,-0.4795694351196289,0,0.010989189147949219,0,-0.014652252197265625
11749018900,14234137,14219,14219,0,0,0,-0.4795694351196289,0,-0.0036630630493164062,0,-0.014652252197265625
11750954360,14237121,14222,14222,0,0,0,-0.4795694351196289,0,0.0036630630493164062,0,-0.0048847198486328125
11752889816,14243125,14228,14228,0,0,0,-0.4795694351196289,0,0.010989189147949219,0,-0.0048847198486328125
11754825272,14245129,14230,14230,0,0,0,-0.4795694351196289,0,0.0036630630493164062,0,-0.0048847198486328125
11756760728,14247131,14232,14232,0,0,0,-0.4795694351196289,0,0.0036630630493164062,0,-0.0048847198486328125
11758696184,14248139,14233,14233,0,0,0,-0.4795694351196289,0,-0.010989189147949219,0,-0.0048847198486328125
11760631640,14249125,14234,14234,0,0,0,-0.4795694351196289,0,-0.01831531524658203,0,-0.0048847198486328125
11762567096,14251126,14236,14236,0,0,0,-0.4795694351196289,0,-0.0036630630493164062,0,-0.0048847198486328125
11764502552,14252125,14237,14237,0,0,0,-0.4795694351196289,0,0.0036630630493164062,0,-0.0048847198486328125
11766438008,14255131,14240,14240,0,0,0,-0.4795694351196289,0,0.010989189147949219,0,-0.0048847198486328125
11768373464,14256125,14241,14241,0,0,0,-0.4795694351196289,0,0.0036630630493164062,0,-0.0048847198486328125
11770308920,14258121,14243,14243,0,0,0,-0.4795694351196289,0,0.0036630630493164062,0,-0.0048847198486328125
11772244376,14259125,14244,14244,0,0,0,-0.4799528121948242,0,-0.010989189147949219,0,-0.0048847198486328125
11774179832,14260123,14245,14246,0,0,0,-0.4795694351196289,0,0.0036630630493164062,0,-0.0048847198486328125
11776115288,14262135,14247,14247,0,0,0,-0.4795694351196289,0,0.0036630630493164062,0,-0.014652252197265625
11778050744,14263127,14248,14248,0,0,0,-0.4795694351196289,0,0.0036630630493164062,0,-0.014652252197265625
11779986200,14265129,14250,14250,0,0,0,-0.4795694351196289,0,0.0036630630493164062,0,-0.014652252197265625
11781869000,14273121,14258,14259,0,0,0,-0.4795694351196289,0,-0.0036630630493164062,0,-0.014652252197265625
11783751800,14275137,14260,14260,0,0,0,-0.4795694351196289,0,-0.010989189147949219,0,-0.014652252197265625
11785634600,14276137,14261,14261,0,0,0,-0.4795694351196289,0,-0.010989189147949219,0,-0.014652252197265625
11787517400,14277129,14262,14262,0,0,0,-0.4795694351196289,0,-0.0036630630493164062,0,-0.014652252197265625
11789400200,14279121,14264,14264,0,0,0,-0.4795694351196289,0,0.010989189147949219,0,-0.0048847198486328125
11791283000,14281121,14266,14266,0,0,0,-0.4795694351196289,0,0.0036630630493164062,0,-0.0048847198486328125
11793165800,14283121,14268,14268,0,0,0,-0.4795694351196289,0,-0.01831531524658203,0,0.0048847198486328125
11795048600,14285134,14270,14270,0,0,0,-0.4795694351196289,0,-0.0036630630493164062,0,0.0048847198486328125
11796931400,14286121,14271,14271,0,0,0,-0.4795694351196289,0,0.0036630630493164062,0,-0.014652252197265625
11798814200,14288124,14273,14273,0,0,0,-0.4795694351196289,0,0.0036630630493164062,0,-0.014652252197265625
11800697000,14289131,14274,14274,0,0,0,-0.4795694351196289,0,-0.0036630630493164062,0,-0.014652252197265625
11802579800,14290135,14275,14275,0,0,0,-0.4799528121948242,0,-0.010989189147949219,0,-0.014652252197265625
11804462600,14291125,14276,14276,0,0,0,-0.4795694351196289,0,0.0036630630493164062,0,-0.014652252197265625
11806345400,14292122,14277,14277,0,0,0,-0.4795694351196289,0,-0.010989189147949219,0,-0.014652252197265625
11808228200,14294121,14279,14279,0,0,0,-0.4795694351196289,0,-0.01831531524658203,0,-0.014652252197265625
11810111000,14295129,14280,14280,0,0,0,-0.4795694351196289,0,-0.0036630630493164062,0,-0.014652252197265625
11811699855,14298121,14283,14283,0,0,0,-0.4795694351196289,0,0.0036630630493164062,0,-0.0048847198486328125
11813288698,14301127,14286,14286,0,0,0,-0.4795694351196289,0,0.010989189147949219,0,-0.0048847198486328125
11814877541,14302121,14287,14287,0,0,0,-0.4795694351196289,0,-0.010989189147949219,0,-0.0048847198486328125
11816466384,14304135,14289,14289,0,0,0,-0.4795694351196289,0,0.0036630630493164062,0,-0.014652252197265625
11818055227,14305136,14290,14290,0,0,0,-0.4795694351196289,0,-0.0036630630493164062,0,-0.014652252197265625
11819644070,14307121,14292,14292,0,0,0,-0.4795694351196289,0,-0.010989189147949219,0,-0.0048847198486328125
11821232913,14308121,14293,14293,0,0,0,-0.4795694351196289,0,-0.0036630630493164062,0,-0.0048847198486328125
11822821756,14309125,14294,14294,0,0,0,-0.4795694351196289,0,-0.0036630630493164062,0,-0.0048847198486328125
11824410599,14311121,14296,14296,0,0,0,-0.4795694351196289,0,-0.0036630630493164062,0,-0.0048847198486328125
11825999442,14312121,14297,14298,0,0,0,-0.4795694351196289,0,0.0036630630493164062,0,-0.014652252197265625
11827588285,14314125,14299,14299,0,0,0,-0.4795694351196289,0,0.0036630630493164062,0,-0.0048847198486328125
11829177128,14315129,14300,14300,0,0,0,-0.4795694351196289,0,-0.025641441345214844,0,-0.014652252197265625
11830765971,14316121,14301,14301,0,0,0,-0.4795694351196289,0,0.0036630630493164062,0,-0.014652252197265625
11832354814,14317133,14302,14302,0,0,0,-0.4795694351196289,0,0.0036630630493164062,0,-0.014652252197265625
11833943657,14319125,14304,14304,0,0,0,-0.4795694351196289,0,-0.0036630630493164062,0,-0.014652252197265625
11835532500,14320121,14305,14305,0,0,0,-0.4795694351196289,0,-0.0036630630493164062,0,-0.014652252197265625
11837142400,14323121,14308,14309,0,0,0,-0.4795694351196289,0,-0.010989189147949219,0,-0.014652252197265625
11838752300,14325130,14310,14310,0,0,0,-0.4795694351196289,0,-0.010989189147949219,0,-0.024419784545898438
11840362200,14326123,14311,14311,0,0,0,-0.4795694351196289,0,-0.0036630630493164062,0,-0.024419784545898438
11841972100,14328121,14313,14313,0,0,0,-0.4795694351196289,0,-0.010989189147949219,0,-0.014652252197265625
11843582000,14331129,14316,14316,0,0,0,-0.4795694351196289,0,-0.010989189147949219,0,-0.014652252197265625
11845191900,14332137,14317,14317,0,0,0,-0.4795694351196289,0,-0.010989189147949219,0,-0.014652252197265625
11846801800,14333125,14318,14318,0,0,0,-0.4795694351196289,0,-0.010989189147949219,0,-0.014652252197265625
11848411700,14335133,14320,14320,0,0,0,-0.4795694351196289,0,-0.0036630630493164062,0,-0.014652252197265625
11850021600,14336121,14321,14322,0,0,0,-0.4795694351196289,0,0.010989189147949219,0,-0.014652252197265625
11851631500,14338125,14323,14323,0,0,0,-0.4795694351196289,0,-0.010989189147949219,0,-0.014652252197265625
11853241400,14339123,14324,14324,0,0,0,-0.4795694351196289,0,-0.0036630630493164062,0,-0.014652252197265625
11854851300,14340121,14325,14325,0,0,0,-0.4795694351196289,0,-0.010989189147949219,0,-0.014652252197265625
11856461200,14341121,14326,14326,0,0,0,-0.4795694351196289,0,0.0036630630493164062,0,-0.014652252197265625
11858071100,14342122,14328,14328,0,0,0,-0.4795694351196289,0,0.0036630630493164062,0,-0.014652252197265625
11859681000,14344121,14329,14329,0,0,0,-0.4795694351196289,0,-0.0036630630493164062,0,-0.014652252197265625
11861290900,14346139,14331,14331,0,0,0,-0.4795694351196289,0,-0.01831531524658203,0,-0.014652252197265625
11863018210,14349121,14334,14334,0,0,0,-0.4795694351196289,0,-0.010989189147949219,0,-0.024419784545898438
11864745516,14350131,14335,14335,0,0,0,-0.4795694351196289,0,0.0036630630493164062,0,-0.014652252197265625
11866472822,14351125,14336,14336,0,0,0,-0.4795694351196289,0,-0.0036630630493164062,0,-0.014652252197265625
11868200128,14353121,14338,14338,0,0,0,-0.4795694351196289,0,-0.010989189147949219,0,-0.014652252197265625
11869927434,14354121,14339,14339,0,0,0,-0.4795694351196289,0,0.010989189147949219,0,-0.014652252197265625
11871654740,14356121,14341,14341,0,0,0,-0.4795694351196289,0,-0.010989189147949219,0,-0.024419784545898438
11873382046,14358120,14343,14343,0,0,0,-0.4795694351196289,0,0.010989189147949219,0,-0.014652252197265625
11875109352,14359132,14344,14344,0,0,0,-0.4795694351196289,0,-0.010989189147949219,0,-0.014652252197265625
11876836658,14361125,14346,14346,0,0,0,-0.4795694351196289,0,-0.01831531524658203,0,-0.0048847198486328125
11878563964,14363123,14348,14348,0,0,0,-0.4795694351196289,0,-0.010989189147949219,0,-0.0048847198486328125
11880291270,14364126,14349,14349,0,0,0,-0.4795694351196289,0,0.0036630630493164062,0,-0.0048847198486328125
11882018576,14367125,14352,14352,0,0,0,-0.4795694351196289,0,-0.01831531524658203,0,-0.0048847198486328125
11883745882,14368122,14353,14353,0,0,0,-0.4795694351196289,0,0.010989189147949219,0,-0.0048847198486328125
11885473188,14371122,14356,14356,0,0,0,-0.4799528121948242,0,-0.0036630630493164062,0,-0.014652252197265625
11887200494,14373129,14358,14358,0,0,0,-0.4795694351196289,0,-0.010989189147949219,0,-0.014652252197265625
11888927800,14374135,14359,14359,0,0,0,-0.4795694351196289,0,-0.0036630630493164062,0,-0.014652252197265625
11890527800,14380124,14365,14365,0,0,0,-0.4799528121948242,0,-0.025641441345214844,0,-0.0048847198486328125
11892127800,14381121,14366,14366,0,0,0,-0.4795694351196289,0,0.0036630630493164062,0,-0.0048847198486328125
11893727800,14382120,14367,14367,0,0,0,-0.4795694351196289,0,0.01831531524658203,0,-0.014652252197265625
11895327800,14383121,14368,14368,0,0,0,-0.4795694351196289,0,-0.010989189147949219,0,-0.014652252197265625
11896927800,14384123,14369,14369,0,0,0,-0.4795694351196289,0,0.0036630630493164062,0,-0.014652252197265625
11898527800,14387129,14372,14372,0,0,0,-0.4795694351196289,0,-0.010989189147949219,0,-0.0048847198486328125
11900127800,14388139,14373,14373,0,0,0,-0.4795694351196289,0,-0.010989189147949219,0,-0.014652252197265625
11901727800,14389126,14374,14374,0,0,0,-0.4795694351196289,0,-0.0036630630493164062,0,-0.014652252197265625
11903327800,14390121,14375,14375,0,0,0,-0.4795694351196289,0,0.0036630630493164062,0,-0.0048847198486328125
11904927800,14392123,14377,14377,0,0,0,-0.4795694351196289,0,-0.010989189147949219,0,-0.014652252197265625
11906527800,14393125,14378,14378,0,0,0,-0.4795694351196289,0,0.0036630630493164062,0,-0.014652252197265625
11908127800,14394121,14379,14379,0,0,0,-0.4795694351196289,0,0.0036630630493164062,0,-0.014652252197265625
11909727800,14395130,14380,14381,0,0,0,-0.4795694351196289,0,-0.0036630630493164062,0,-0.014652252197265625
11911327800,14397123,14382,14382,0,0,0,-0.4795694351196289,0,0.0036630630493164062,0,-0.014652252197265625
11912927800,14398121,14383,14383,0,0,0,-0.4795694351196289,0,-0.010989189147949219,0,-0.014652252197265625
11914527800,14399121,14384,14384,0,0,0,-0.4795694351196289,0,-0.010989189147949219,0,-0.014652252197265625
11916230985,14403125,14388,14388,0,0,0,-0.4795694351196289,0,-0.0036630630493164062,0,-0.014652252197265625
11917672220,14404125,14389,14389,0,0,0,-0.4795694351196289,0,-0.010989189147949219,0,-0.014652252197265625
11919113455,14409125,14394,14394,0,0,0,-0.4795694351196289,0,0.0036630630493164062,0,-0.014652252197265625
11920554690,14410121,14395,14395,0,0,0,-0.4795694351196289,0,-0.0036630630493164062,0,-0.014652252197265625
11921995925,14411121,14396,14396,0,0,0,-0.4795694351196289,0,-0.0036630630493164062,0,-0.014652252197265625
11923437160,14413123,14398,14398,0,0,0,-0.4795694351196289,0,-0.0036630630493164062,0,-0.014652252197265625
11924878395,14414121,14399,14399,0,0,0,-0.4795694351196289,0,0.0036630630493164062,0,-0.0048847198486328125
11926319630,14415137,14400,14400,0,0,0,-0.4795694351196289,0,-0.0036630630493164062,0,-0.0048847198486328125
11927760865,14416135,14401,14401,0,0,0,-0.4795694351196289,0,0.0036630630493164062,0,-0.0048847198486328125
11929202100,14417129,14402,14402,0,0,0,-0.4795694351196289,0,-0.0036630630493164062,0,-0.014652252197265625
11930643335,14419121,14404,14404,0,0,0,-0.4795694351196289,0,0.0036630630493164062,0,-0.0048847198486328125
11932084570,14420121,14405,14405,0,0,0,-0.4795694351196289,0,-0.0036630630493164062,0,-0.0048847198486328125
11933525805,14423121,14408,14408,0,0,0,-0.4795694351196289,0,-0.0036630630493164062,0,-0.0048847198486328125
11934967040,14424121,14409,14409,0,0,0,-0.4799528121948242,0,-0.01831531524658203,0,-0.014652252197265625
11936408275,14425133,14410,14410,0,0,0,-0.4795694351196289,0,-0.0036630630493164062,0,-0.014652252197265625
11937849510,14427121,14412,14412,0,0,0,-0.4799528121948242,0,-0.01831531524658203,0,-0.014652252197265625
11939290745,14429131,14414,14414,0,0,0,-0.4795694351196289,0,0.0036630630493164062,0,-0.014652252197265625
11940731980,14430139,14415,14415,0,0,0,-0.4795694351196289,0,0.0036630630493164062,0,-0.014652252197265625
11942173215,14431125,14416,14416,0,0,0,-0.4795694351196289,0,-0.0036630630493164062,0,-0.014652252197265625
11943614450,14432121,14417,14417,0,0,0,-0.4795694351196289,0,-0.0036630630493164062,0,-0.014652252197265625
11945055685,14433125,14418,14418,0,0,0,-0.4795694351196289,0,-0.010989189147949219,0,-0.014652252197265625
11946496920,14434123,14419,14419,0,0,0,-0.4795694351196289,0,0.010989189147949219,0,-0.0048847198486328125
11947938155,14435129,14420,14420,0,0,0,-0.4795694351196289,0,0.01831531524658203,0,-0.0048847198486328125
11949379390,14437123,14422,14422,0,0,0,-0.4795694351196289,0,-0.0036630630493164062,0,-0.014652252197265625
11950820625,14438124,14423,14423,0,0,0,-0.4799528121948242,0,-0.010989189147949219,0,-0.014652252197265625
11952261860,14439121,14424,14424,0,0,0,-0.4795694351196289,0,-0.0036630630493164062,0,-0.014652252197265625
11953703095,14440121,14425,14425,0,0,0,-0.4795694351196289,0,0.010989189147949219,0,-0.0048847198486328125
11955144330,14441121,14426,14426,0,0,0,-0.4795694351196289,0,-0.010989189147949219,0,-0.0048847198486328125
11956585565,14443128,14428,14428,0,0,0,-0.4795694351196289,0,-0.010989189147949219,0,-0.0048847198486328125
11958026800,14444136,14429,14429,0,0,0,-0.4795694351196289,0,-0.0036630630493164062,0,-0.0048847198486328125
11959468035,14445133,14430,14430,0,0,0,-0.4795694351196289,0,-0.0036630630493164062,0,-0.0048847198486328125
11960909270,14446124,14431,14431,0,0,0,-0.4795694351196289,0,-0.010989189147949219,0,-0.0048847198486328125
11962506870,14449121,14434,14434,0,0,0,-0.4795694351196289,0,-0.0036630630493164062,0,-0.0048847198486328125
11964054496,14450130,14435,14435,0,0,0,-0.4795694351196289,0,-0.0036630630493164062,0,-0.0048847198486328125
11965602122,14451125,14436,14436,0,0,0,-0.4795694351196289,0,-0.010989189147949219,0,-0.0048847198486328125
11967149748,14454125,14439,14439,0,0,0,-0.4795694351196289,0,-0.0036630630493164062,0,-0.0048847198486328125
11968697374,14455132,14440,14440,0,0,0,-0.4795694351196289,0,-0.010989189147949219,0,-0.0048847198486328125
11970245000,14456121,14441,14441,0,0,0,-0.4795694351196289,0,0.010989189147949219,0,-0.014652252197265625
11971792626,14457129,14442,14442,0,0,0,-0.4795694351196289,0,0.0036630630493164062,0,-0.014652252197265625
11973340252,14459129,14444,14444,0,0,0,-0.4795694351196289,0,0.0036630630493164062,0,-0.014652252197265625
11974887878,14460122,14445,14445,0,0,0,-0.4795694351196289,0,0.0036630630493164062,0,-0.014652252197265625
11976435504,14461121,14446,14446,0,0,0,-0.4795694351196289,0,-0.01831531524658203,0,-0.014652252197265625
11977983130,14462124,14447,14447,0,0,0,-0.4795694351196289,0,-0.0036630630493164062,0,-0.014652252197265625
11979530756,14464121,14449,14449,0,0,0,-0.4795694351196289,0,-0.010989189147949219,0,-0.014652252197265625
11981078382,14465130,14450,14450,0,0,0,-0.4795694351196289,0,0.0036630630493164062,0,-0.014652252197265625
11982626008,14466122,14451,14451,0,0,0,-0.4795694351196289,0,-0.010989189147949219,0,-0.014652252197265625
11984173634,14470121,14455,14455,0,0,0,-0.4795694351196289,0,0.0036630630493164062,0,-0.014652252197265625
11985721260,14471130,14456,14456,0,0,0,-0.4795694351196289,0,-0.0036630630493164062,0,-0.014652252197265625
11987268886,14474120,14459,14459,0,0,0,-0.4795694351196289,0,-0.0036630630493164062,0,-0.014652252197265625
11988816512,14476121,14461,14461,0,0,0,-0.4795694351196289,0,0.0036630630493164062,0,-0.014652252197265625
11990364138,14478121,14463,14463,0,0,0,-0.4795694351196289,0,-0.01831531524658203,0,-0.0048847198486328125
11991911764,14479123,14464,14464,0,0,0,-0.4795694351196289,0,0.010989189147949219,0,-0.014652252197265625
11993459390,14481122,14466,14466,0,0,0,-0.4795694351196289,0,-0.0036630630493164062,0,-0.014652252197265625
11995007016,14482121,14467,14467,0,0,0,-0.4795694351196289,0,-0.0036630630493164062,0,-0.014652252197265625
11996554642,14483125,14468,14468,0,0,0,-0.4795694351196289,0,-0.010989189147949219,0,-0.014652252197265625
11998102268,14484123,14469,14469,0,0,0,-0.4799528121948242,0,-0.0036630630493164062,0,-0.014652252197265625
11999649894,14486135,14471,14471,0,0,0,-0.4795694351196289,0,-0.0036630630493164062,0,-0.014652252197265625
12001197520,14488125,14473,14473,0,0,0,-0.4795694351196289,0,-0.0036630630493164062,0,-0.014652252197265625
12002745146,14489121,14474,14474,0,0,0,-0.4795694351196289,0,-0.0036630630493164062,0,-0.014652252197265625
12004292772,14490121,14475,14475,0,0,0,-0.4799528121948242,0,-0.0036630630493164062,0,-0.014652252197265625
12005840398,14491125,14476,14477,0,0,0,-0.4795694351196289,0,-0.0036630630493164062,0,-0.0048847198486328125
12007388024,14493121,14478,14478,0,0,0,-0.4795694351196289,0,-0.0036630630493164062,0,-0.0048847198486328125
12008935650,14494121,14479,14479,0,0,0,-0.4795694351196289,0,-0.0036630630493164062,0,-0.0048847198486328125
12010483276,14495131,14480,14480,0,0,0,-0.4795694351196289,0,0.0036630630493164062,0,-0.0048847198486328125
12012431400,14505129,14490,14490,0,0,0,-0.4795694351196289,0,-0.0036630630493164062,0,-0.0048847198486328125
12014379500,14506121,14491,14491,0,0,0,-0.4795694351196289,0,-0.0036630630493164062,0,-0.0048847198486328125
12016327600,14507121,14492,14493,0,0,0,-0.4795694351196289,0,-0.0036630630493164062,0,-0.014652252197265625
12018275700,14509125,14494,14494,0,0,0,-0.4795694351196289,0,-0.0036630630493164062,0,-0.014652252197265625
12020223800,14510121,14495,14495,0,0,0,-0.4795694351196289,0,0.0036630630493164062,0,-0.014652252197265625
12022171900,14511121,14496,14496,0,0,0,-0.4795694351196289,0,0.0036630630493164062,0,-0.014652252197265625
12024120000,14512126,14497,14497,0,0,0,-0.4795694351196289,0,0.0036630630493164062,0,-0.014652252197265625
12026068100,14515133,14500,14500,0,0,0,-0.4795694351196289,0,-0.010989189147949219,0,-0.0048847198486328125
12028016200,14516122,14501,14501,0,0,0,-0.4795694351196289,0,-0.0036630630493164062,0,-0.0048847198486328125
12029964300,14518121,14503,14503,0,0,0,-0.4795694351196289,0,-0.010989189147949219,0,-0.014652252197265625
12031912400,14519121,14505,14505,0,0,0,-0.4795694351196289,0,0.01831531524658203,0,-0.0048847198486328125
12033860500,14521122,14506,14506,0,0,0,-0.4795694351196289,0,-0.0036630630493164062,0,-0.0048847198486328125
12035808600,14523121,14508,14508,0,0,0,-0.4795694351196289,0,0.0036630630493164062,0,0.0048847198486328125
12037756700,14524122,14509,14509,0,0,0,-0.4795694351196289,0,0.0036630630493164062,0,0.0048847198486328125
12039704800,14525133,14510,14510,0,0,0,-0.4795694351196289,0,-0.0036630630493164062,0,-0.0048847198486328125
12041652900,14526121,14511,14511,0,0,0,-0.4795694351196289,0,0.0036630630493164062,0,-0.0048847198486328125
12043078660,14530121,14515,14515,0,0,0,-0.4795694351196289,0,-0.010989189147949219,0,-0.014652252197265625
12044504416,14531121,14516,14516,0,0,0,-0.4795694351196289,0,-0.010989189147949219,0,-0.014652252197265625
12045930172,14532122,14517,14517,0,0,0,-0.4795694351196289,0,-0.01831531524658203,0,-0.0048847198486328125
12047355928,14533125,14518,14518,0,0,0,-0.4795694351196289,0,0.010989189147949219,0,-0.0048847198486328125
12048781684,14534121,14519,14519,0,0,0,-0.4795694351196289,0,-0.0036630630493164062,0,-0.0048847198486328125
12050207440,14535129,14520,14520,0,0,0,-0.4795694351196289,0,0.0036630630493164062,0,-0.0048847198486328125
12051633196,14536121,14521,14521,0,0,0,-0.4795694351196289,0,-0.01831531524658203,0,-0.014652252197265625
12053058952,14538125,14523,14523,0,0,0,-0.4795694351196289,0,0.010989189147949219,0,-0.014652252197265625
12054484708,14539121,14524,14524,0,0,0,-0.4795694351196289,0,-0.0036630630493164062,0,-0.014652252197265625
12055910464,14540121,14525,14525,0,0,0,-0.4795694351196289,0,-0.010989189147949219,0,-0.014652252197265625
12057336220,14541133,14526,14526,0,0,0,-0.4795694351196289,0,-0.010989189147949219,0,-0.0048847198486328125
12058761976,14542137,14527,14527,0,0,0,-0.4795694351196289,0,-0.01831531524658203,0,-0.0048847198486328125
12060187732,14545131,14530,14530,0,0,0,-0.4795694351196289,0,0.0036630630493164062,0,-0.014652252197265625
12061613488,14546125,14531,14531,0,0,0,-0.4795694351196289,0,0.025641441345214844,0,-0.0048847198486328125
12063039244,14547122,14532,14533,0,0,0,-0.4795694351196289,0,-0.0036630630493164062,0,-0.0048847198486328125
12064465000,14549125,14534,14534,0,0,0,-0.4795694351196289,0,-0.010989189147949219,0,-0.0048847198486328125
12066023410,14552124,14537,14537,0,0,0,-0.4795694351196289,0,-0.0036630630493164062,0,-0.014652252197265625
12067581816,14554125,14539,14539,0,0,0,-0.4795694351196289,0,-0.010989189147949219,0,-0.0048847198486328125
12069140222,14555138,14540,14540,0,0,0,-0.4795694351196289,0,-0.010989189147949219,0,-0.0048847198486328125
12070698628,14556135,14541,14541,0,0,0,-0.4799528121948242,0,-0.010989189147949219,0,-0.0048847198486328125
12072257034,14557125,14542,14542,0,0,0,-0.4795694351196289,0,-0.0036630630493164062,0,-0.014652252197265625
12073815440,14558123,14544,14544,0,0,0,-0.4795694351196289,0,-0.010989189147949219,0,-0.014652252197265625
12075373846,14560121,14545,14545,0,0,0,-0.4795694351196289,0,0.0036630630493164062,0,-0.014652252197265625
12076932252,14562124,14547,14547,0,0,0,-0.4795694351196289,0,0.0036630630493164062,0,-0.014652252197265625
12078490658,14563121,14548,14548,0,0,0,-0.4799528121948242,0,0.0036630630493164062,0,-0.014652252197265625
12080049064,14564121,14549,14549,0,0,0,-0.4795694351196289,0,0.0036630630493164062,0,-0.014652252197265625
12081607470,14566123,14551,14551,0,0,0,-0.4795694351196289,0,-0.010989189147949219,0,-0.014652252197265625
12083165876,14567125,14552,14552,0,0,0,-0.4795694351196289,0,-0.0036630630493164062,0,-0.014652252197265625
12084724282,14568121,14553,14553,0,0,0,-0.4795694351196289,0,-0.01831531524658203,0,-0.014652252197265625
12086282688,14570139,14555,14555,0,0,0,-0.4795694351196289,0,0.0036630630493164062,0,-0.0048847198486328125
12087841094,14571127,14556,14556,0,0,0,-0.4795694351196289,0,0.0036630630493164062,0,-0.0048847198486328125
12089399500,14574122,14559,14559,0,0,0,-0.4795694351196289,0,0.010989189147949219,0,-0.0048847198486328125
12090946860,14577121,14562,14563,0,0,0,-0.4795694351196289,0,0.0036630630493164062,0,-0.0048847198486328125
12092494216,14579123,14564,14564,0,0,0,-0.4795694351196289,0,-0.0036630630493164062,0,-0.014652252197265625
12094041572,14580121,14565,14565,0,0,0,-0.4795694351196289,0,0.0036630630493164062,0,-0.014652252197265625
12095588928,14581122,14566,14566,0,0,0,-0.4799528121948242,0,-0.025641441345214844,0,-0.014652252197265625
12097136284,14582123,14567,14567,0,0,0,-0.4795694351196289,0,-0.010989189147949219,0,-0.014652252197265625
12098683640,14584136,14569,14569,0,0,0,-0.4795694351196289,0,0.0036630630493164062,0,-0.014652252197265625
12100230996,14585133,14570,14570,0,0,0,-0.4795694351196289,0,0.010989189147949219,0,-0.014652252197265625
12101778352,14586121,14571,14571,0,0,0,-0.4795694351196289,0,0.0036630630493164062,0,-0.014652252197265625
12103325708,14588120,14573,14573,0,0,0,-0.4795694351196289,0,-0.010989189147949219,0,-0.014652252197265625
12104873064,14591125,14576,14576,0,0,0,-0.4795694351196289,0,-0.0036630630493164062,0,-0.0048847198486328125
12106420420,14592121,14577,14577,0,0,0,-0.4795694351196289,0,-0.0036630630493164062,0,-0.0048847198486328125
12107967776,14594121,14579,14579,0,0,0,-0.4795694351196289,0,-0.0036630630493164062,0,-0.0048847198486328125
12109515132,14595131,14580,14580,0,0,0,-0.4795694351196289,0,-0.010989189147949219,0,-0.0048847198486328125
12111062488,14596125,14581,14581,0,0,0,-0.4795694351196289,0,0.010989189147949219,0,-0.014652252197265625
12112609844,14598135,14583,14583,0,0,0,-0.4795694351196289,0,0.0036630630493164062,0,-0.014652252197265625
12114157200,14599129,14584,14584,0,0,0,-0.4795694351196289,0,-0.0036630630493164062,0,-0.014652252197265625
12115812900,14602121,14587,14587,0,0,0,-0.4795694351196289,0,-0.010989189147949219,0,-0.014652252197265625
12117468600,14604125,14589,14589,0,0,0,-0.4795694351196289,0,0.010989189147949219,0,-0.014652252197265625
12119124300,14605130,14590,14590,0,0,0,-0.4795694351196289,0,-0.010989189147949219,0,-0.0048847198486328125
12120780000,14607125,14592,14592,0,0,0,-0.4795694351196289,0,-0.010989189147949219,0,-0.014652252197265625
12122435700,14608123,14593,14594,0,0,0,-0.4795694351196289,0,0.010989189147949219,0,-0.0048847198486328125
12124091400,14610121,14595,14595,0,0,0,-0.4795694351196289,0,0.010989189147949219,0,-0.0048847198486328125
12125747100,14612139,14597,14597,0,0,0,-0.4795694351196289,0,0.010989189147949219,0,-0.0048847198486328125
12127402800,14613125,14598,14598,0,0,0,-0.4795694351196289,0,-0.010989189147949219,0,-0.0048847198486328125
12129058500,14614121,14599,14599,0,0,0,-0.4795694351196289,0,-0.0036630630493164062,0,-0.0048847198486328125
12130714200,14615130,14600,14600,0,0,0,-0.4799528121948242,0,-0.010989189147949219,0,-0.014652252197265625
12132369900,14617121,14602,14602,0,0,0,-0.4795694351196289,0,-0.01831531524658203,0,-0.014652252197265625
12134025600,14618121,14603,14603,0,0,0,-0.4795694351196289,0,0.01831531524658203,0,-0.024419784545898438
12135681300,14621121,14606,14606,0,0,0,-0.4795694351196289,0,-0.0036630630493164062,0,-0.014652252197265625
12137337000,14622121,14607,14607,0,0,0,-0.4795694351196289,0,-0.0036630630493164062,0,-0.014652252197265625
12138992700,14623121,14608,14609,0,0,0,-0.4795694351196289,0,-0.010989189147949219,0,-0.014652252197265625
12140648400,14625141,14610,14610,0,0,0,-0.4795694351196289,0,-0.010989189147949219,0,-0.014652252197265625
12142568280,14631121,14616,14616,0,0,0,-0.4795694351196289,0,-0.0036630630493164062,0,-0.0048847198486328125
12144488148,14632123,14617,14617,0,0,0,-0.4795694351196289,0,-0.0036630630493164062,0,-0.0048847198486328125
12146408016,14634121,14620,14620,0,0,0,-0.4795694351196289,0,0.0036630630493164062,0,-0.0048847198486328125
12148327884,14636124,14621,14621,0,0,0,-0.4795694351196289,0,-0.010989189147949219,0,-0.0048847198486328125
12150247752,14638121,14623,14623,0,0,0,-0.4795694351196289,0,0.0036630630493164062,0,-0.0048847198486328125
12152167620,14639129,14624,14624,0,0,0,-0.4795694351196289,0,-0.0036630630493164062,0,-0.0048847198486328125
12154087488,14641129,14626,14626,0,0,0,-0.4795694351196289,0,-0.0036630630493164062,0,-0.0048847198486328125
12156007356,14643121,14628,14628,0,0,0,-0.4795694351196289,0,-0.0036630630493164062,0,-0.014652252197265625
12157927224,14644121,14629,14629,0,0,0,-0.4795694351196289,0,-0.0036630630493164062,0,-0.0048847198486328125
12159847092,14646120,14631,14631,0,0,0,-0.4795694351196289,0,-0.010989189147949219,0,-0.0048847198486328125
12161766960,14648121,14633,14633,0,0,0,-0.4795694351196289,0,0.010989189147949219,0,-0.0048847198486328125
12163686828,14650129,14635,14635,0,0,0,-0.4795694351196289,0,0.0036630630493164062,0,-0.0048847198486328125
12165606696,14652123,14637,14637,0,0,0,-0.4795694351196289,0,-0.01831531524658203,0,-0.014652252197265625
12167526564,14654139,14639,14639,0,0,0,-0.4795694351196289,0,-0.010989189147949219,0,-0.0048847198486328125
12169446432,14655134,14640,14640,0,0,0,-0.4795694351196289,0,0.010989189147949219,0,-0.0048847198486328125
12171366300,14656121,14641,14641,0,0,0,-0.4799528121948242,0,-0.010989189147949219,0,-0.0048847198486328125
12172945035,14659121,14644,14644,0,0,0,-0.4795694351196289,0,-0.0036630630493164062,0,-0.0048847198486328125
12174523766,14661123,14646,14646,0,0,0,-0.4795694351196289,0,-0.0036630630493164062,0,-0.0048847198486328125
12176102497,14662125,14647,14647,0,0,0,-0.4795694351196289,0,0.0036630630493164062,0,-0.0048847198486328125
12177681228,14664121,14649,14649,0,0,0,-0.4795694351196289,0,0.0036630630493164062,0,0.0048847198486328125
12179259959,14665133,14651,14651,0,0,0,-0.4795694351196289,0,-0.0036630630493164062,0,0.0048847198486328125
12180838690,14667129,14652,14652,0,0,0,-0.4795694351196289,0,0.0036630630493164062,0,-0.0048847198486328125
12182417421,14668136,14653,14653,0,0,0,-0.4795694351196289,0,-0.0036630630493164062,0,-0.0048847198486328125
12183996152,14670124,14655,14655,0,0,0,-0.4795694351196289,0,-0.025641441345214844,0,-0.0048847198486328125
12185574883,14671121,14656,14656,0,0,0,-0.4795694351196289,0,-0.0036630630493164062,0,-0.0048847198486328125
12187153614,14672121,14657,14657,0,0,0,-0.4795694351196289,0,0.0036630630493164062,0,-0.0048847198486328125
12188732345,14674122,14659,14659,0,0,0,-0.4795694351196289,0,0.010989189147949219,0,-0.0048847198486328125
12190311076,14675129,14660,14660,0,0,0,-0.4795694351196289,0,-0.0036630630493164062,0,-0.0048847198486328125
12191889807,14677121,14662,14662,0,0,0,-0.4795694351196289,0,0.0036630630493164062,0,-0.0048847198486328125
12193468538,14678124,14663,14663,0,0,0,-0.4795694351196289,0,-0.010989189147949219,0,-0.0048847198486328125
12195047269,14680121,14665,14665,0,0,0,-0.4795694351196289,0,0.0036630630493164062,0,-0.014652252197265625
12196626000,14681129,14666,14666,0,0,0,-0.4795694351196289,0,-0.0036630630493164062,0,-0.014652252197265625
12198307405,14684121,14669,14669,0,0,0,-0.4795694351196289,0,-0.0036630630493164062,0,-0.0048847198486328125
12199988798,14686124,14671,14671,0,0,0,-0.4795694351196289,0,-0.010989189147949219,0,-0.0048847198486328125
12201670191,14687123,14672,14672,0,0,0,-0.4795694351196289,0,-0.010989189147949219,0,-0.0048847198486328125
12203351584,14688121,14673,14673,0,0,0,-0.4795694351196289,0,-0.0036630630493164062,0,-0.0048847198486328125
12205032977,14690122,14675,14675,0,0,0,-0.4795694351196289,0,-0.0036630630493164062,0,-0.0048847198486328125
12206714370,14691125,14676,14676,0,0,0,-0.4795694351196289,0,-0.0036630630493164062,0,-0.0048847198486328125
12208395763,14692121,14677,14677,0,0,0,-0.4795694351196289,0,-0.0036630630493164062,0,-0.014652252197265625
12210077156,14693121,14678,14678,0,0,0,-0.4795694351196289,0,-0.0036630630493164062,0,-0.014652252197265625
12211758549,14696136,14682,14682,0,0,0,-0.4795694351196289,0,-0.0036630630493164062,0,-0.014652252197265625
12213439942,14698122,14683,14683,0,0,0,-0.4795694351196289,0,0.0036630630493164062,0,-0.0048847198486328125
12215121335,14700130,14685,14685,0,0,0,-0.4795694351196289,0,-0.010989189147949219,0,-0.0048847198486328125
12216802728,14702121,14687,14687,0,0,0,-0.4795694351196289,0,-0.0036630630493164062,0,-0.0048847198486328125
12218484121,14703123,14688,14688,0,0,0,-0.4795694351196289,0,-0.010989189147949219,0,-0.0048847198486328125
12220165514,14705129,14690,14690,0,0,0,-0.4795694351196289,0,0.0036630630493164062,0,-0.0048847198486328125
12221846907,14706120,14691,14691,0,0,0,-0.4795694351196289,0,0.0036630630493164062,0,-0.014652252197265625
12223528300,14708121,14693,14693,0,0,0,-0.4795694351196289,0,0.0036630630493164062,0,-0.014652252197265625
12225228710,14712125,14697,14697,0,0,0,-0.4795694351196289,0,-0.010989189147949219,0,-0.014652252197265625
12226929116,14714121,14699,14699,0,0,0,-0.4795694351196289,0,-0.0036630630493164062,0,-0.024419784545898438
12228629522,14715134,14700,14700,0,0,0,-0.4795694351196289,0,-0.0036630630493164062,0,-0.014652252197265625
12230329928,14716123,14701,14701,0,0,0,-0.4795694351196289,0,-0.0036630630493164062,0,-0.014652252197265625
12232030334,14718121,14703,14703,0,0,0,-0.4795694351196289,0,0.01831531524658203,0,-0.014652252197265625
12233730740,14720125,14705,14705,0,0,0,-0.4795694351196289,0,0.010989189147949219,0,-0.0048847198486328125
12235431146,14721121,14706,14706,0,0,0,-0.4795694351196289,0,-0.010989189147949219,0,-0.0048847198486328125
12237131552,14723132,14708,14708,0,0,0,-0.4799528121948242,0,-0.025641441345214844,0,-0.0048847198486328125
12238831958,14725133,14710,14710,0,0,0,-0.4795694351196289,0,-0.0036630630493164062,0,-0.0048847198486328125
12240532364,14726121,14711,14711,0,0,0,-0.4795694351196289,0,0.010989189147949219,0,-0.0048847198486328125
12242232770,14728124,14713,14713,0,0,0,-0.4795694351196289,0,-0.01831531524658203,0,-0.0048847198486328125
12243933176,14729121,14714,14714,0,0,0,-0.4795694351196289,0,-0.01831531524658203,0,-0.0048847198486328125
12245633582,14731121,14716,14716,0,0,0,-0.4799528121948242,0,-0.010989189147949219,0,-0.0048847198486328125
12247333988,14732123,14717,14717,0,0,0,-0.4795694351196289,0,0.0036630630493164062,0,-0.0048847198486328125
12249034394,14734121,14719,14719,0,0,0,-0.4795694351196289,0,-0.0036630630493164062,0,-0.0048847198486328125
12250734800,14735129,14720,14720,0,0,0,-0.4795694351196289,0,-0.0036630630493164062,0,-0.0048847198486328125
12252572905,14742121,14727,14727,0,0,0,-0.4795694351196289,0,0.0036630630493164062,0,-0.0048847198486328125
12254410998,14743121,14728,14728,0,0,0,-0.4795694351196289,0,-0.0036630630493164062,0,0.0048847198486328125
12256249091,14744124,14730,14730,0,0,0,-0.4795694351196289,0,-0.010989189147949219,0,-0.0048847198486328125
12258087184,14746121,14731,14731,0,0,0,-0.4795694351196289,0,-0.010989189147949219,0,-0.0048847198486328125
12259925277,14747121,14732,14732,0,0,0,-0.4795694351196289,0,0.0036630630493164062,0,-0.0048847198486328125
12261763370,14748122,14733,14733,0,0,0,-0.4795694351196289,0,-0.010989189147949219,0,-0.014652252197265625
12263601463,14749125,14734,14734,0,0,0,-0.4795694351196289,0,-0.010989189147949219,0,-0.014652252197265625
12265439556,14750129,14735,14735,0,0,0,-0.4799528121948242,0,-0.01831531524658203,0,-0.014652252197265625
12267277649,14751129,14736,14736,0,0,0,-0.4795694351196289,0,-0.0036630630493164062,0,-0.014652252197265625
12269115742,14753127,14738,14738,0,0,0,-0.4795694351196289,0,-0.010989189147949219,0,-0.0048847198486328125
12270953835,14755130,14740,14740,0,0,0,-0.4795694351196289,0,-0.0036630630493164062,0,-0.0048847198486328125
12272791928,14757125,14742,14742,0,0,0,-0.4795694351196289,0,-0.0036630630493164062,0,-0.0048847198486328125
12274630021,14758121,14743,14743,0,0,0,-0.4795694351196289,0,-0.0036630630493164062,0,-0.0048847198486328125
12276468114,14760121,14745,14745,0,0,0,-0.4799528121948242,0,-0.0036630630493164062,0,0.0048847198486328125
12278306207,14762121,14747,14747,0,0,0,-0.4795694351196289,0,-0.0036630630493164062,0,-0.0048847198486328125
12280144300,14764121,14749,14749,0,0,0,-0.4795694351196289,0,0.010989189147949219,0,-0.0048847198486328125
12281559185,14768122,14753,14753,0,0,0,-0.4795694351196289,0,-0.010989189147949219,0,-0.0048847198486328125
12282974066,14770125,14755,14755,0,0,0,-0.4795694351196289,0,-0.0036630630493164062,0,-0.0048847198486328125
12284388947,14771121,14756,14756,0,0,0,-0.4795694351196289,0,-0.0036630630493164062,0,-0.0048847198486328125
12285803828,14772121,14757,14757,0,0,0,-0.4795694351196289,0,0.0036630630493164062,0,-0.0048847198486328125
12287218709,14773125,14758,14758,0,0,0,-0.4795694351196289,0,0.0036630630493164062,0,-0.014652252197265625
12288633590,14774122,14759,14759,0,0,0,-0.4795694351196289,0,0.0036630630493164062,0,-0.0048847198486328125
12290048471,14775129,14760,14760,0,0,0,-0.4795694351196289,0,0.0036630630493164062,0,-0.014652252197265625
12291463352,14776121,14761,14762,0,0,0,-0.4795694351196289,0,0.0036630630493164062,0,-0.014652252197265625
12292878233,14778125,14763,14763,0,0,0,-0.4795694351196289,0,-0.010989189147949219,0,-0.014652252197265625
12294293114,14779129,14764,14764,0,0,0,-0.4795694351196289,0,-0.010989189147949219,0,-0.014652252197265625
12295707995,14780135,14765,14765,0,0,0,-0.4795694351196289,0,-0.0036630630493164062,0,-0.014652252197265625
12297122876,14781128,14766,14766,0,0,0,-0.4795694351196289,0,-0.010989189147949219,0,-0.014652252197265625
12298537757,14782122,14767,14767,0,0,0,-0.4795694351196289,0,0.01831531524658203,0,-0.014652252197265625
12299952638,14783121,14768,14768,0,0,0,-0.4795694351196289,0,-0.010989189147949219,0,-0.014652252197265625
12301367519,14784121,14769,14769,0,0,0,-0.4795694351196289,0,-0.010989189147949219,0,-0.014652252197265625
12302782400,14787122,14772,14772,0,0,0,-0.4795694351196289,0,-0.010989189147949219,0,-0.0048847198486328125
12304399125,14791121,14776,14776,0,0,0,-0.4795694351196289,0,-0.01831531524658203,0,-0.0048847198486328125
12306015850,14792122,14777,14777,0,0,0,-0.4795694351196289,0,-0.010989189147949219,0,-0.0048847198486328125
12307632575,14793129,14778,14778,0,0,0,-0.4799528121948242,0,-0.01831531524658203,0,-0.0048847198486328125
12309249300,14794139,14779,14780,0,0,0,-0.4795694351196289,0,-0.0036630630493164062,0,-0.0048847198486328125
12310866025,14795134,14780,14780,0,0,0,-0.4795694351196289,0,-0.0036630630493164062,0,-0.014652252197265625
12312482750,14796121,14781,14781,0,0,0,-0.4795694351196289,0,-0.0036630630493164062,0,-0.014652252197265625
12314099475,14797121,14782,14783,0,0,0,-0.4795694351196289,0,-0.0036630630493164062,0,-0.014652252197265625
12315716200,14798122,14783,14783,0,0,0,-0.4795694351196289,0,0.0036630630493164062,0,-0.014652252197265625
12317332925,14799125,14784,14784,0,0,0,-0.4795694351196289,0,0.0036630630493164062,0,-0.0048847198486328125
12318949650,14802124,14787,14787,0,0,0,-0.4795694351196289,0,-0.010989189147949219,0,-0.0048847198486328125
12320566375,14805129,14790,14790,0,0,0,-0.4799528121948242,0,-0.01831531524658203,0,-0.0048847198486328125
12322183100,14807133,14792,14792,0,0,0,-0.4795694351196289,0,0.010989189147949219,0,-0.0048847198486328125
12323799825,14809125,14794,14794,0,0,0,-0.4795694351196289,0,0.0036630630493164062,0,-0.014652252197265625
12325416550,14810122,14795,14795,0,0,0,-0.4799528121948242,0,-0.010989189147949219,0,-0.014652252197265625
12327033275,14812121,14797,14797,0,0,0,-0.4795694351196289,0,-0.0036630630493164062,0,-0.014652252197265625
12328650000,14813121,14798,14798,0,0,0,-0.4795694351196289,0,0.0036630630493164062,0,-0.0048847198486328125
12330161445,14816121,14801,14802,0,0,0,-0.4795694351196289,0,-0.01831531524658203,0,-0.0048847198486328125
12331672882,14818122,14803,14803,0,0,0,-0.4795694351196289,0,0.0036630630493164062,0,-0.014652252197265625
12333184319,14820120,14805,14805,0,0,0,-0.4795694351196289,0,0.0036630630493164062,0,-0.014652252197265625
12334695756,14822135,14807,14807,0,0,0,-0.4795694351196289,0,-0.0036630630493164062,0,-0.014652252197265625
12336207193,14823128,14808,14808,0,0,0,-0.4795694351196289,0,-0.010989189147949219,0,-0.014652252197265625
12337718630,14824121,14809,14809,0,0,0,-0.4795694351196289,0,-0.0036630630493164062,0,-0.014652252197265625
12339230067,14826121,14811,14811,0,0,0,-0.4795694351196289,0,0.010989189147949219,0,-0.014652252197265625
12340741504,14827123,14812,14812,0,0,0,-0.4795694351196289,0,-0.0036630630493164062,0,-0.014652252197265625
12342252941,14828124,14813,14813,0,0,0,-0.4799528121948242,0,-0.025641441345214844,0,-0.0048847198486328125
12343764378,14829121,14814,14814,0,0,0,-0.4799528121948242,0,-0.010989189147949219,0,-0.0048847198486328125
12345275815,14831125,14816,14816,0,0,0,-0.4799528121948242,0,-0.01831531524658203,0,-0.0048847198486328125
12346787252,14833121,14818,14818,0,0,0,-0.4795694351196289,0,0.0036630630493164062,0,-0.0048847198486328125
12348298689,14834121,14819,14819,0,0,0,-0.4795694351196289,0,-0.0036630630493164062,0,-0.014652252197265625
12349810126,14835138,14820,14820,0,0,0,-0.4795694351196289,0,-0.0036630630493164062,0,-0.014652252197265625
12351321563,14836139,14821,14821,0,0,0,-0.4795694351196289,0,0.010989189147949219,0,-0.014652252197265625
12352833000,14838121,14823,14823,0,0,0,-0.4795694351196289,0,0.01831531524658203,0,-0.014652252197265625
12354434905,14840123,14825,14825,0,0,0,-0.4795694351196289,0,0.0036630630493164062,0,-0.014652252197265625
12356036798,14841121,14826,14826,0,0,0,-0.4795694351196289,0,-0.0036630630493164062,0,-0.014652252197265625
12357638691,14843123,14828,14828,0,0,0,-0.4795694351196289,0,-0.0036630630493164062,0,-0.014652252197265625
12359240584,14844125,14829,14829,0,0,0,-0.4795694351196289,0,-0.0036630630493164062,0,-0.014652252197265625
12360842477,14845130,14830,14831,0,0,0,-0.4795694351196289,0,-0.010989189147949219,0,-0.014652252197265625
12362444370,14848123,14833,14833,0,0,0,-0.4795694351196289,0,0.010989189147949219,0,-0.014652252197265625
12364046263,14849129,14834,14834,0,0,0,-0.4795694351196289,0,0.0036630630493164062,0,-0.0048847198486328125
12365648156,14851125,14836,14836,0,0,0,-0.4795694351196289,0,-0.0036630630493164062,0,-0.0048847198486328125
12367250049,14852126,14837,14837,0,0,0,-0.4795694351196289,0,0.0036630630493164062,0,-0.0048847198486328125
12368851942,14854121,14839,14839,0,0,0,-0.4795694351196289,0,0.0036630630493164062,0,-0.0048847198486328125
12370453835,14855130,14840,14840,0,0,0,-0.4795694351196289,0,-0.0036630630493164062,0,-0.0048847198486328125
12372055728,14857125,14842,14842,0,0,0,-0.4795694351196289,0,0.0036630630493164062,0,-0.0048847198486328125
12373657621,14858121,14843,14843,0,0,0,-0.4799528121948242,0,-0.01831531524658203,0,-0.0048847198486328125
12375259514,14859121,14844,14844,0,0,0,-0.4795694351196289,0,-0.01831531524658203,0,-0.0048847198486328125
12376861407,14860124,14845,14845,0,0,0,-0.4795694351196289,0,-0.0036630630493164062,0,-0.014652252197265625
12378463300,14863129,14848,14848,0,0,0,-0.4795694351196289,0,-0.0036630630493164062,0,-0.0048847198486328125
12379934280,14868121,14853,14853,0,0,0,-0.4795694351196289,0,-0.010989189147949219,0,-0.0048847198486328125
12381405248,14871122,14856,14856,0,0,0,-0.4795694351196289,0,-0.01831531524658203,0,-0.0048847198486328125
12382876216,14872122,14857,14857,0,0,0,-0.4795694351196289,0,0.0036630630493164062,0,-0.0048847198486328125
12384347184,14873125,14858,14858,0,0,0,-0.4795694351196289,0,0.0036630630493164062,0,-0.0048847198486328125
12385818152,14874121,14859,14859,0,0,0,-0.4795694351196289,0,-0.010989189147949219,0,-0.0048847198486328125
12387289120,14875129,14860,14860,0,0,0,-0.4795694351196289,0,0.0036630630493164062,0,-0.0048847198486328125
12388760088,14876121,14861,14861,0,0,0,-0.4795694351196289,0,-0.010989189147949219,0,-0.0048847198486328125
12390231056,14877130,14862,14862,0,0,0,-0.4795694351196289,0,0.010989189147949219,0,-0.0048847198486328125
12391702024,14878135,14863,14863,0,0,0,-0.4795694351196289,0,0.01831531524658203,0,-0.0048847198486328125
12393172992,14879125,14864,14864,0,0,0,-0.4795694351196289,0,0.0036630630493164062,0,-0.014652252197265625
12394643960,14881124,14866,14866,0,0,0,-0.4795694351196289,0,-0.0036630630493164062,0,-0.014652252197265625
12396114928,14882121,14867,14867,0,0,0,-0.4795694351196289,0,-0.0036630630493164062,0,-0.014652252197265625
12397585896,14883121,14868,14868,0,0,0,-0.4795694351196289,0,-0.010989189147949219,0,-0.014652252197265625
12399056864,14884121,14869,14869,0,0,0,-0.4795694351196289,0,-0.0036630630493164062,0,-0.0048847198486328125
12400527832,14885132,14871,14871,0,0,0,-0.4795694351196289,0,-0.010989189147949219,0,-0.014652252197265625
12401998800,14887121,14872,14872,0,0,0,-0.4795694351196289,0,-0.0036630630493164062,0,-0.0048847198486328125
12403424605,14889123,14874,14874,0,0,0,-0.4795694351196289,0,-0.025641441345214844,0,-0.0048847198486328125
12404850398,14890123,14875,14875,0,0,0,-0.4795694351196289,0,-0.0036630630493164062,0,-0.0048847198486328125
12406276191,14891128,14876,14876,0,0,0,-0.4795694351196289,0,0.0036630630493164062,0,-0.0048847198486328125
12407701984,14893126,14878,14878,0,0,0,-0.4795694351196289,0,0.0036630630493164062,0,-0.0048847198486328125
12409127777,14894125,14879,14879,0,0,0,-0.4795694351196289,0,-0.010989189147949219,0,-0.0048847198486328125
12410553570,14895130,14880,14880,0,0,0,-0.4795694351196289,0,-0.01831531524658203,0,-0.0048847198486328125
12411979363,14896122,14881,14881,0,0,0,-0.4795694351196289,0,0.01831531524658203,0,-0.014652252197265625
12413405156,14897122,14882,14882,0,0,0,-0.4795694351196289,0,-0.0036630630493164062,0,-0.014652252197265625
12414830949,14899121,14884,14884,0,0,0,-0.4795694351196289,0,0.0036630630493164062,0,-0.014652252197265625
12416256742,14900130,14885,14885,0,0,0,-0.4795694351196289,0,-0.01831531524658203,0,-0.014652252197265625
12417682535,14901124,14886,14886,0,0,0,-0.4795694351196289,0,-0.010989189147949219,0,-0.014652252197265625
12419108328,14903121,14888,14888,0,0,0,-0.4795694351196289,0,-0.0036630630493164062,0,-0.014652252197265625
12420534121,14904121,14889,14889,0,0,0,-0.4795694351196289,0,-0.010989189147949219,0,-0.014652252197265625
12421959914,14905137,14890,14890,0,0,0,-0.4795694351196289,0,-0.010989189147949219,0,-0.024419784545898438
12423385707,14906137,14891,14891,0,0,0,-0.4795694351196289,0,0.0036630630493164062,0,-0.014652252197265625
12424811500,14909121,14894,14894,0,0,0,-0.4795694351196289,0,0.0036630630493164062,0,-0.014652252197265625
12426288075,14913121,14898,14898,0,0,0,-0.4795694351196289,0,0.0036630630493164062,0,-0.014652252197265625
12427764650,14915133,14900,14900,0,0,0,-0.4795694351196289,0,0.0036630630493164062,0,-0.014652252197265625
12429241225,14916121,14901,14901,0,0,0,-0.4795694351196289,0,-0.0036630630493164062,0,-0.014652252197265625
12430717800,14918122,14903,14903,0,0,0,-0.4795694351196289,0,-0.0036630630493164062,0,-0.014652252197265625
12432194375,14919131,14904,14904,0,0,0,-0.4795694351196289,0,0.0036630630493164062,0,-0.014652252197265625
12433670950,14920135,14905,14905,0,0,0,-0.4795694351196289,0,-0.0036630630493164062,0,-0.014652252197265625
12435147525,14922122,14907,14907,0,0,0,-0.4795694351196289,0,-0.0036630630493164062,0,-0.014652252197265625
12436624100,14923125,14908,14908,0,0,0,-0.4795694351196289,0,-0.0036630630493164062,0,-0.0048847198486328125
12438100675,14925130,14910,14910,0,0,0,-0.4795694351196289,0,-0.0036630630493164062,0,-0.0048847198486328125
12439577250,14926121,14911,14911,0,0,0,-0.4795694351196289,0,0.0036630630493164062,0,-0.014652252197265625
12441053825,14928121,14913,14913,0,0,0,-0.4795694351196289,0,-0.01831531524658203,0,-0.014652252197265625
12442530400,14929121,14914,14914,0,0,0,-0.4795694351196289,0,-0.0036630630493164062,0,-0.014652252197265625
12444006975,14930120,14915,14915,0,0,0,-0.4795694351196289,0,-0.0036630630493164062,0,-0.014652252197265625
12445483550,14931125,14916,14916,0,0,0,-0.4795694351196289,0,-0.010989189147949219,0,-0.014652252197265625
12446960125,14932122,14917,14917,0,0,0,-0.4795694351196289,0,-0.0036630630493164062,0,-0.014652252197265625
12448436700,14933128,14918,14919,0,0,0,-0.4795694351196289,0,-0.010989189147949219,0,-0.014652252197265625
12449818645,14936121,14921,14921,0,0,0,-0.4795694351196289,0,-0.01831531524658203,0,-0.014652252197265625
12451200582,14938121,14923,14923,0,0,0,-0.4795694351196289,0,-0.0036630630493164062,0,-0.014652252197265625
12452582519,14939125,14924,14924,0,0,0,-0.4795694351196289,0,0.0036630630493164062,0,-0.0048847198486328125
12453964456,14940121,14925,14925,0,0,0,-0.4795694351196289,0,0.010989189147949219,0,-0.0048847198486328125
12455346393,14941121,14926,14926,0,0,0,-0.4795694351196289,0,-0.0036630630493164062,0,-0.0048847198486328125
12456728330,14942121,14927,14927,0,0,0,-0.4795694351196289,0,-0.010989189147949219,0,-0.0048847198486328125
12458110267,14943123,14928,14928,0,0,0,-0.4795694351196289,0,0.010989189147949219,0,-0.0048847198486328125
12459492204,14944124,14929,14929,0,0,0,-0.4795694351196289,0,0.0036630630493164062,0,-0.0048847198486328125
12460874141,14946121,14931,14931,0,0,0,-0.4795694351196289,0,-0.01831531524658203,0,-0.0048847198486328125
12462256078,14947130,14932,14932,0,0,0,-0.4795694351196289,0,-0.010989189147949219,0,-0.014652252197265625
12463638015,14948137,14933,14933,0,0,0,-0.4795694351196289,0,-0.0036630630493164062,0,-0.014652252197265625
12465019952,14949126,14934,14934,0,0,0,-0.4795694351196289,0,-0.010989189147949219,0,-0.014652252197265625
12466401889,14950129,14935,14935,0,0,0,-0.4795694351196289,0,-0.010989189147949219,0,-0.014652252197265625
12467783826,14951123,14936,14936,0,0,0,-0.4795694351196289,0,0.010989189147949219,0,-0.014652252197265625
12469165763,14952127,14937,14937,0,0,0,-0.4795694351196289,0,0.0036630630493164062,0,-0.014652252197265625
12470547700,14955130,14940,14940,0,0,0,-0.4795694351196289,0,-0.0036630630493164062,0,-0.0048847198486328125
12472108275,14959121,14944,14944,0,0,0,-0.4795694351196289,0,-0.0036630630493164062,0,-0.0048847198486328125
12473668850,14960125,14945,14945,0,0,0,-0.4795694351196289,0,0.0036630630493164062,0,-0.0048847198486328125
12475229425,14961129,14946,14946,0,0,0,-0.4795694351196289,0,0.010989189147949219,0,-0.0048847198486328125
12476790000,14962135,14947,14947,0,0,0,-0.4795694351196289,0,-0.0036630630493164062,0,-0.014652252197265625
12478350575,14963125,14948,14948,0,0,0,-0.4795694351196289,0,-0.010989189147949219,0,-0.014652252197265625
12479911150,14965129,14950,14950,0,0,0,-0.4795694351196289,0,0.010989189147949219,0,-0.014652252197265625
12481471725,14966121,14951,14951,0,0,0,-0.4795694351196289,0,-0.0036630630493164062,0,-0.014652252197265625
12483032300,14967121,14952,14952,0,0,0,-0.4795694351196289,0,-0.010989189147949219,0,-0.014652252197265625
12484592875,14968124,14953,14953,0,0,0,-0.4795694351196289,0,-0.0036630630493164062,0,-0.014652252197265625
12486153450,14970121,14955,14955,0,0,0,-0.4795694351196289,0,0.010989189147949219,0,-0.014652252197265625
12487714025,14972123,14957,14957,0,0,0,-0.4795694351196289,0,0.0036630630493164062,0,-0.014652252197265625
12489274600,14973125,14958,14958,0,0,0,-0.4795694351196289,0,-0.0036630630493164062,0,-0.014652252197265625
12490835175,14975137,14960,14960,0,0,0,-0.4795694351196289,0,-0.0036630630493164062,0,-0.014652252197265625
12492395750,14976136,14961,14961,0,0,0,-0.4795694351196289,0,-0.01831531524658203,0,-0.014652252197265625
12493956325,14978121,14963,14963,0,0,0,-0.4795694351196289,0,0.0036630630493164062,0,-0.014652252197265625
12495516900,14980122,14965,14965,0,0,0,-0.4795694351196289,0,0.0036630630493164062,0,-0.014652252197265625
12497183925,14989133,14974,14974,0,0,0,-0.4795694351196289,0,-0.010989189147949219,0,-0.0048847198486328125
12498850950,14990135,14975,14975,0,0,0,-0.4795694351196289,0,-0.0036630630493164062,0,-0.0048847198486328125
12500517975,14991125,14976,14976,0,0,0,-0.4795694351196289,0,0.0036630630493164062,0,-0.0048847198486328125
12502185000,14992122,14977,14977,0,0,0,-0.4795694351196289,0,-0.0036630630493164062,0,-0.0048847198486328125
12503852025,14993123,14978,14978,0,0,0,-0.4795694351196289,0,-0.0036630630493164062,0,-0.0048847198486328125
12505519050,14994121,14979,14979,0,0,0,-0.4795694351196289,0,0.0036630630493164062,0,-0.0048847198486328125
12507186075,14995130,14981,14981,0,0,0,-0.4795694351196289,0,-0.0036630630493164062,0,-0.0048847198486328125
12508853100,14997125,14982,14982,0,0,0,-0.4795694351196289,0,0.0036630630493164062,0,0.0048847198486328125
12510520125,14998121,14983,14983,0,0,0,-0.4795694351196289,0,0.0036630630493164062,0,-0.0048847198486328125
12512187150,15000130,14985,14985,0,0,0,-0.4795694351196289,0,-0.0036630630493164062,0,-0.0048847198486328125
12513854175,15001126,14986,14986,0,0,0,-0.4795694351196289,0,-0.010989189147949219,0,-0.014652252197265625
12515521200,15002125,14987,14988,0,0,0,-0.4795694351196289,0,-0.010989189147949219,0,-0.014652252197265625
12517188225,15004135,14989,14989,0,0,0,-0.4795694351196289,0,-0.0036630630493164062,0,-0.014652252197265625
12518855250,15005134,14990,14990,0,0,0,-0.4795694351196289,0,-0.010989189147949219,0,-0.014652252197265625
12520522275,15006123,14991,14991,0,0,0,-0.4795694351196289,0,0.010989189147949219,0,-0.014652252197265625
12522189300,15007121,14992,14992,0,0,0,-0.4795694351196289,0,-0.0036630630493164062,0,-0.014652252197265625
12523589425,15010125,14995,14995,0,0,0,-0.4795694351196289,0,-0.010989189147949219,0,-0.014652252197265625
12524989550,15011121,14996,14996,0,0,0,-0.4795694351196289,0,-0.0036630630493164062,0,-0.014652252197265625
12526389675,15012121,14997,14997,0,0,0,-0.4795694351196289,0,-0.0036630630493164062,0,-0.014652252197265625
12527789800,15013121,14998,14998,0,0,0,-0.4795694351196289,0,0.0036630630493164062,0,-0.0048847198486328125
12529189925,15015129,15000,15000,0,0,0,-0.4795694351196289,0,-0.010989189147949219,0,-0.014652252197265625
12530590050,15016121,15001,15001,0,0,0,-0.4795694351196289,0,0.0036630630493164062,0,-0.0048847198486328125
12531990175,15017130,15002,15002,0,0,0,-0.4795694351196289,0,-0.0036630630493164062,0,-0.0048847198486328125
12533390300,15018139,15003,15003,0,0,0,-0.4795694351196289,0,-0.01831531524658203,0,-0.0048847198486328125
12534790425,15020120,15005,15005,0,0,0,-0.4795694351196289,0,0.0036630630493164062,0,-0.0048847198486328125
12536190550,15021121,15006,15006,0,0,0,-0.4795694351196289,0,-0.0036630630493164062,0,-0.014652252197265625
12537590675,15023120,15008,15008,0,0,0,-0.4795694351196289,0,-0.0036630630493164062,0,-0.014652252197265625
12538990800,15024121,15009,15009,0,0,0,-0.4795694351196289,0,-0.0036630630493164062,0,-0.014652252197265625
12540390925,15026125,15011,15011,0,0,0,-0.4795694351196289,0,-0.0036630630493164062,0,-0.014652252197265625
12541791050,15027121,15012,15012,0,0,0,-0.4795694351196289,0,-0.0036630630493164062,0,-0.014652252197265625
12543191175,15028121,15013,15013,0,0,0,-0.4795694351196289,0,-0.0036630630493164062,0,-0.014652252197265625
12544591300,15029122,15014,15014,0,0,0,-0.4795694351196289,0,0.0036630630493164062,0,-0.014652252197265625
12545864920,15032136,15017,15017,0,0,0,-0.4799528121948242,0,-0.010989189147949219,0,-0.014652252197265625
12547138532,15034121,15019,15019,0,0,0,-0.4795694351196289,0,-0.0036630630493164062,0,-0.014652252197265625
12548412144,15035132,15020,15020,0,0,0,-0.4799528121948242,0,-0.025641441345214844,0,-0.014652252197265625
12549685756,15037122,15022,15022,0,0,0,-0.4795694351196289,0,-0.0036630630493164062,0,-0.0048847198486328125
12550959368,15038121,15023,15023,0,0,0,-0.4795694351196289,0,-0.0036630630493164062,0,-0.0048847198486328125
12552232980,15039125,15024,15024,0,0,0,-0.4795694351196289,0,0.0036630630493164062,0,-0.0048847198486328125
12553506592,15040121,15025,15025,0,0,0,-0.4795694351196289,0,-0.0036630630493164062,0,-0.0048847198486328125
12554780204,15041121,15026,15026,0,0,0,-0.4795694351196289,0,0.0036630630493164062,0,-0.0048847198486328125
12556053816,15042121,15027,15027,0,0,0,-0.4795694351196289,0,-0.010989189147949219,0,-0.0048847198486328125
12557327428,15043123,15028,15028,0,0,0,-0.4795694351196289,0,0.0036630630493164062,0,-0.0048847198486328125
12558601040,15045138,15030,15030,0,0,0,-0.4795694351196289,0,-0.0036630630493164062,0,-0.0048847198486328125
12559874652,15046135,15031,15031,0,0,0,-0.4795694351196289,0,-0.0036630630493164062,0,-0.014652252197265625
12561148264,15047129,15032,15032,0,0,0,-0.4795694351196289,0,-0.010989189147949219,0,-0.014652252197265625
12562421876,15048121,15033,15033,0,0,0,-0.4795694351196289,0,-0.0036630630493164062,0,-0.014652252197265625
12563695488,15049121,15034,15034,0,0,0,-0.4795694351196289,0,0.0036630630493164062,0,-0.014652252197265625
12564969100,15050129,15035,15035,0,0,0,-0.4799528121948242,0,-0.01831531524658203,0,-0.014652252197265625
12566497900,15052123,15037,15037,0,0,0,-0.4795694351196289,0,0.0036630630493164062,0,-0.014652252197265625
12568026700,15054120,15039,15039,0,0,0,-0.4799528121948242,0,-0.010989189147949219,0,-0.0048847198486328125
12569555500,15054120,15040,15040,0,0,0,-0.4795694351196289,0,-0.0036630630493164062,0,-0.0048847198486328125
12571084300,15056121,15041,15041,0,0,0,-0.4795694351196289,0,-0.010989189147949219,0,-0.0048847198486328125
12572613100,15057121,15042,15042,0,0,0,-0.4795694351196289,0,-0.010989189147949219,0,-0.0048847198486328125
12574141900,15058121,15043,15043,0,0,0,-0.4795694351196289,0,0.010989189147949219,0,-0.0048847198486328125
12575670700,15060139,15045,15045,0,0,0,-0.4795694351196289,0,0.010989189147949219,0,-0.0048847198486328125
12577199500,15062121,15047,15047,0,0,0,-0.4795694351196289,0,0.0036630630493164062,0,-0.014652252197265625
12578728300,15063121,15048,15048,0,0,0,-0.4795694351196289,0,-0.0036630630493164062,0,-0.0048847198486328125
12580257100,15064123,15049,15049,0,0,0,-0.4795694351196289,0,-0.0036630630493164062,0,-0.0048847198486328125
12581785900,15065130,15050,15050,0,0,0,-0.4795694351196289,0,0.0036630630493164062,0,-0.0048847198486328125
12583314700,15066121,15051,15051,0,0,0,-0.4795694351196289,0,-0.0036630630493164062,0,-0.0048847198486328125
12584843500,15067121,15052,15052,0,0,0,-0.4795694351196289,0,-0.010989189147949219,0,-0.0048847198486328125
12586372300,15068125,15053,15053,0,0,0,-0.4795694351196289,0,-0.010989189147949219,0,-0.0048847198486328125
12587901100,15071121,15056,15056,0,0,0,-0.4795694351196289,0,-0.0036630630493164062,0,-0.0048847198486328125
12589429900,15074135,15059,15059,0,0,0,-0.4795694351196289,0,-0.010989189147949219,0,-0.014652252197265625
12591060795,15078121,15063,15063,0,0,0,-0.4795694351196289,0,0.010989189147949219,0,-0.014652252197265625
12592691682,15080123,15065,15065,0,0,0,-0.4795694351196289,0,-0.010989189147949219,0,-0.0048847198486328125
12594322569,15082121,15067,15067,0,0,0,-0.4795694351196289,0,0.010989189147949219,0,-0.0048847198486328125
12595953456,15084124,15069,15069,0,0,0,-0.4795694351196289,0,-0.0036630630493164062,0,-0.0048847198486328125
12597584343,15086121,15071,15071,0,0,0,-0.4795694351196289,0,-0.0036630630493164062,0,-0.0048847198486328125
12599215230,15087129,15072,15072,0,0,0,-0.4795694351196289,0,-0.0036630630493164062,0,-0.0048847198486328125
12600846117,15088137,15073,15074,0,0,0,-0.4795694351196289,0,0.01831531524658203,0,-0.0048847198486328125
12602477004,15090121,15075,15075,0,0,0,-0.4795694351196289,0,-0.0036630630493164062,0,-0.0048847198486328125
12604107891,15092121,15077,15077,0,0,0,-0.4799528121948242,0,-0.010989189147949219,0,-0.0048847198486328125
12605738778,15093123,15078,15078,0,0,0,-0.4795694351196289,0,-0.0036630630493164062,0,-0.0048847198486328125
12607369665,15094120,15079,15079,0,0,0,-0.4795694351196289,0,0.0036630630493164062,0,-0.0048847198486328125
12609000552,15095130,15080,15080,0,0,0,-0.4795694351196289,0,-0.0036630630493164062,0,-0.0048847198486328125
12610631439,15097125,15082,15082,0,0,0,-0.4795694351196289,0,-0.0036630630493164062,0,-0.0048847198486328125
12612262326,15098121,15083,15083,0,0,0,-0.4795694351196289,0,-0.0036630630493164062,0,-0.0048847198486328125
12613893213,15099121,15084,15084,0,0,0,-0.4795694351196289,0,-0.010989189147949219,0,-0.0048847198486328125
12615524100,15100130,15085,15085,0,0,0,-0.4795694351196289,0,-0.0036630630493164062,0,-0.0048847198486328125
12617228710,15107121,15092,15092,0,0,0,-0.4795694351196289,0,-0.0036630630493164062,0,-0.0048847198486328125
12618933316,15108122,15093,15093,0,0,0,-0.4795694351196289,0,0.0036630630493164062,0,-0.0048847198486328125
12620637922,15109123,15094,15094,0,0,0,-0.4795694351196289,0,-0.010989189147949219,0,-0.0048847198486328125
12622342528,15110120,15095,15095,0,0,0,-0.4795694351196289,0,0.0036630630493164062,0,-0.0048847198486328125
12624047134,15111121,15096,15096,0,0,0,-0.4795694351196289,0,-0.010989189147949219,0,-0.0048847198486328125
12625751740,15112121,15097,15097,0,0,0,-0.4795694351196289,0,-0.010989189147949219,0,-0.0048847198486328125
12627456346,15114121,15099,15099,0,0,0,-0.4795694351196289,0,-0.010989189147949219,0,-0.0048847198486328125
12629160952,15115137,15100,15100,0,0,0,-0.4795694351196289,0,-0.0036630630493164062,0,-0.0048847198486328125
12630865558,15116135,15101,15101,0,0,0,-0.4795694351196289,0,-0.0036630630493164062,0,-0.0048847198486328125
12632570164,15117127,15102,15102,0,0,0,-0.4795694351196289,0,-0.010989189147949219,0,-0.0048847198486328125
12634274770,15118125,15103,15103,0,0,0,-0.4795694351196289,0,0.010989189147949219,0,-0.0048847198486328125
12635979376,15121121,15106,15106,0,0,0,-0.4795694351196289,0,0.0036630630493164062,0,-0.014652252197265625
12637683982,15123121,15108,15108,0,0,0,-0.4795694351196289,0,-0.01831531524658203,0,-0.014652252197265625
12639388588,15124121,15109,15109,0,0,0,-0.4795694351196289,0,-0.0036630630493164062,0,-0.014652252197265625
12641093194,15126125,15111,15111,0,0,0,-0.4795694351196289,0,-0.010989189147949219,0,-0.014652252197265625
12642797800,15128121,15113,15113,0,0,0,-0.4795694351196289,0,-0.010989189147949219,0,-0.014652252197265625
12644152685,15130138,15115,15115,0,0,0,-0.4795694351196289,0,-0.0036630630493164062,0,-0.014652252197265625
12645507566,15131125,15116,15116,0,0,0,-0.4795694351196289,0,0.0036630630493164062,0,-0.014652252197265625
12646862447,15132122,15117,15118,0,0,0,-0.4795694351196289,0,-0.0036630630493164062,0,-0.014652252197265625
12648217328,15134125,15119,15119,0,0,0,-0.4795694351196289,0,-0.0036630630493164062,0,-0.014652252197265625
12649572209,15136121,15121,15121,0,0,0,-0.4795694351196289,0,-0.010989189147949219,0,-0.0048847198486328125
12650927090,15138123,15123,15123,0,0,0,-0.4795694351196289,0,-0.010989189147949219,0,-0.0048847198486328125
12652281971,15139121,15124,15124,0,0,0,-0.4795694351196289,0,0.0036630630493164062,0,-0.014652252197265625
12653636852,15141121,15126,15126,0,0,0,-0.4795694351196289,0,0.0036630630493164062,0,-0.014652252197265625
12654991733,15142125,15127,15127,0,0,0,-0.4795694351196289,0,0.0036630630493164062,0,-0.014652252197265625
12656346614,15143129,15128,15128,0,0,0,-0.4795694351196289,0,-0.01831531524658203,0,-0.0048847198486328125
12657701495,15144135,15129,15129,0,0,0,-0.4795694351196289,0,-0.0036630630493164062,0,-0.0048847198486328125
12659056376,15145134,15130,15130,0,0,0,-0.4795694351196289,0,-0.0036630630493164062,0,-0.0048847198486328125
12660411257,15146122,15131,15131,0,0,0,-0.4795694351196289,0,-0.0036630630493164062,0,-0.014652252197265625
12661766138,15147125,15132,15132,0,0,0,-0.4795694351196289,0,-0.0036630630493164062,0,-0.014652252197265625
12663121019,15148121,15133,15133,0,0,0,-0.4795694351196289,0,-0.01831531524658203,0,-0.014652252197265625
12664475900,15149121,15134,15134,0,0,0,-0.4795694351196289,0,-0.0036630630493164062,0,-0.014652252197265625
12665746045,15152123,15137,15137,0,0,0,-0.4795694351196289,0,-0.0036630630493164062,0,-0.0048847198486328125
12667057527,15154120,15139,15139,0,0,0,-0.4795694351196289,0,0.0036630630493164062,0,-0.0048847198486328125
12668369009,15155134,15140,15140,0,0,0,-0.4795694351196289,0,0.010989189147949219,0,-0.0048847198486328125
12669680491,15156121,15141,15141,0,0,0,-0.4795694351196289,0,0.010989189147949219,0,-0.0048847198486328125
12670991973,15157129,15142,15142,0,0,0,-0.4795694351196289,0,-0.010989189147949219,0,-0.0048847198486328125
12672303455,15158135,15143,15143,0,0,0,-0.4799528121948242,0,-0.01831531524658203,0,-0.0048847198486328125
12673614937,15159127,15144,15144,0,0,0,-0.4795694351196289,0,0.0036630630493164062,0,-0.0048847198486328125
12674926419,15160120,15145,15145,0,0,0,-0.4795694351196289,0,0.0036630630493164062,0,-0.0048847198486328125
12676237901,15161121,15146,15146,0,0,0,-0.4795694351196289,0,-0.01831531524658203,0,-0.014652252197265625
12677549383,15162121,15147,15147,0,0,0,-0.4795694351196289,0,-0.010989189147949219,0,-0.0048847198486328125
12678860865,15163125,15148,15148,0,0,0,-0.4795694351196289,0,0.0036630630493164062,0,-0.0048847198486328125
12680172347,15164121,15149,15149,0,0,0,-0.4795694351196289,0,-0.0036630630493164062,0,-0.0048847198486328125
12681483829,15166121,15151,15151,0,0,0,-0.4795694351196289,0,-0.0036630630493164062,0,-0.0048847198486328125
12682795311,15167123,15152,15152,0,0,0,-0.4795694351196289,0,-0.010989189147949219,0,-0.0048847198486328125
12684106793,15168121,15153,15153,0,0,0,-0.4795694351196289,0,-0.010989189147949219,0,-0.0048847198486328125
12685418275,15169121,15154,15154,0,0,0,-0.4795694351196289,0,-0.0036630630493164062,0,-0.0048847198486328125
12686729757,15173124,15158,15158,0,0,0,-0.4795694351196289,0,-0.0036630630493164062,0,-0.0048847198486328125
12688041239,15174121,15159,15159,0,0,0,-0.4799528121948242,0,-0.01831531524658203,0,-0.0048847198486328125
12689352721,15175131,15160,15160,0,0,0,-0.4795694351196289,0,-0.0036630630493164062,0,-0.014652252197265625
12690664203,15176125,15161,15161,0,0,0,-0.4795694351196289,0,-0.0036630630493164062,0,-0.014652252197265625
12691975685,15177121,15162,15162,0,0,0,-0.4795694351196289,0,-0.0036630630493164062,0,-0.0048847198486328125
12693287167,15178121,15163,15163,0,0,0,-0.4795694351196289,0,-0.0036630630493164062,0,-0.0048847198486328125
12694598649,15180123,15165,15165,0,0,0,-0.4795694351196289,0,-0.010989189147949219,0,-0.0048847198486328125
12695910131,15181121,15166,15166,0,0,0,-0.4795694351196289,0,-0.010989189147949219,0,-0.0048847198486328125
12697221613,15182121,15167,15167,0,0,0,-0.4795694351196289,0,-0.0036630630493164062,0,-0.0048847198486328125
12698533095,15184125,15169,15169,0,0,0,-0.4795694351196289,0,-0.0036630630493164062,0,-0.0048847198486328125
12699844577,15185137,15170,15170,0,0,0,-0.4795694351196289,0,-0.0036630630493164062,0,-0.0048847198486328125
12701156059,15187125,15172,15172,0,0,0,-0.4795694351196289,0,-0.01831531524658203,0,-0.0048847198486328125
12702467541,15188123,15173,15173,0,0,0,-0.4795694351196289,0,0.0036630630493164062,0,-0.0048847198486328125
12703779023,15189121,15174,15174,0,0,0,-0.4795694351196289,0,0.01831531524658203,0,-0.0048847198486328125
12705090505,15190121,15175,15175,0,0,0,-0.4795694351196289,0,-0.0036630630493164062,0,-0.014652252197265625
12706401987,15191121,15176,15176,0,0,0,-0.4795694351196289,0,0.0036630630493164062,0,-0.014652252197265625
12708321455,15195130,15180,15180,0,0,0,-0.4795694351196289,0,-0.010989189147949219,0,-0.014652252197265625
12710240898,15196123,15182,15182,0,0,0,-0.4795694351196289,0,0.010989189147949219,0,-0.014652252197265625
12712160341,15198121,15183,15183,0,0,0,-0.4795694351196289,0,0.0036630630493164062,0,-0.014652252197265625
12714079784,15199129,15184,15184,0,0,0,-0.4795694351196289,0,-0.0036630630493164062,0,-0.014652252197265625
12715999227,15200148,15185,15185,0,0,0,-0.4795694351196289,0,0.0036630630493164062,0,-0.014652252197265625
12717918670,15202121,15187,15187,0,0,0,-0.4795694351196289,0,-0.010989189147949219,0,-0.014652252197265625
12719838113,15203122,15188,15189,0,0,0,-0.4795694351196289,0,0.0036630630493164062,0,-0.0048847198486328125
12721757556,15205134,15190,15190,0,0,0,-0.4795694351196289,0,0.0036630630493164062,0,-0.014652252197265625
12723676999,15206121,15191,15191,0,0,0,-0.4795694351196289,0,-0.010989189147949219,0,-0.014652252197265625
12725596442,15207121,15192,15192,0,0,0,-0.4795694351196289,0,-0.025641441345214844,0,-0.024419784545898438
12727515885,15209124,15194,15194,0,0,0,-0.4795694351196289,0,-0.0036630630493164062,0,-0.014652252197265625
12729435328,15211121,15196,15196,0,0,0,-0.4795694351196289,0,-0.0036630630493164062,0,-0.014652252197265625
12731354771,15214135,15199,15199,0,0,0,-0.4795694351196289,0,-0.0036630630493164062,0,-0.014652252197265625
12733274214,15216121,15201,15201,0,0,0,-0.4795694351196289,0,-0.010989189147949219,0,-0.0048847198486328125
12735193657,15218121,15203,15203,0,0,0,-0.4795694351196289,0,-0.010989189147949219,0,-0.0048847198486328125
12737113100,15221125,15206,15206,0,0,0,-0.4795694351196289,0,-0.0036630630493164062,0,-0.0048847198486328125
12738648970,15227129,15212,15212,0,0,0,-0.4795694351196289,0,-0.01831531524658203,0,-0.014652252197265625
12740116390,15228135,15213,15213,0,0,0,-0.4799528121948242,0,-0.025641441345214844,0,-0.014652252197265625
12741583810,15230121,15215,15215,0,0,0,-0.4799528121948242,0,-0.010989189147949219,0,-0.014652252197265625
12743051230,15231121,15216,15216,0,0,0,-0.4795694351196289,0,-0.010989189147949219,0,-0.014652252197265625
12744518650,15232121,15217,15217,0,0,0,-0.4795694351196289,0,-0.010989189147949219,0,-0.0048847198486328125
12745986070,15233123,15218,15218,0,0,0,-0.4795694351196289,0,0.0036630630493164062,0,-0.0048847198486328125
12747453490,15234125,15219,15219,0,0,0,-0.4795694351196289,0,0.0036630630493164062,0,-0.0048847198486328125
12748920910,15236121,15221,15221,0,0,0,-0.4795694351196289,0,-0.010989189147949219,0,-0.0048847198486328125
12750388330,15237121,15222,15222,0,0,0,-0.4795694351196289,0,0.0036630630493164062,0,0.0048847198486328125
12751855750,15239121,15224,15224,0,0,0,-0.4795694351196289,0,0.0036630630493164062,0,0.0048847198486328125
12753323170,15240121,15225,15225,0,0,0,-0.4795694351196289,0,-0.0036630630493164062,0,0.0048847198486328125
12754790590,15241128,15226,15226,0,0,0,-0.4795694351196289,0,-0.010989189147949219,0,-0.0048847198486328125
12756258010,15243125,15228,15228,0,0,0,-0.4799528121948242,0,-0.010989189147949219,0,-0.0048847198486328125
12757725430,15244121,15229,15229,0,0,0,-0.4795694351196289,0,0.0036630630493164062,0,-0.014652252197265625
12759192850,15245129,15230,15230,0,0,0,-0.4795694351196289,0,-0.0036630630493164062,0,-0.014652252197265625
12760660270,15246123,15231,15232,0,0,0,-0.4795694351196289,0,0.0036630630493164062,0,-0.014652252197265625
12762127690,15249121,15234,15235,0,0,0,-0.4795694351196289,0,-0.010989189147949219,0,-0.0048847198486328125
12763595110,15251121,15236,15236,0,0,0,-0.4795694351196289,0,0.0036630630493164062,0,-0.0048847198486328125
12765062530,15252123,15237,15237,0,0,0,-0.4795694351196289,0,-0.0036630630493164062,0,-0.0048847198486328125
12766529950,15254123,15239,15239,0,0,0,-0.4795694351196289,0,-0.010989189147949219,0,-0.0048847198486328125
12767997370,15255137,15240,15240,0,0,0,-0.4795694351196289,0,-0.0036630630493164062,0,-0.0048847198486328125
12769464790,15256135,15241,15241,0,0,0,-0.4795694351196289,0,-0.0036630630493164062,0,-0.0048847198486328125
12770932210,15257125,15242,15242,0,0,0,-0.4795694351196289,0,-0.0036630630493164062,0,-0.0048847198486328125
12772399630,15259121,15244,15244,0,0,0,-0.4795694351196289,0,0.010989189147949219,0,-0.0048847198486328125
12773867050,15260121,15245,15245,0,0,0,-0.4795694351196289,0,-0.0036630630493164062,0,-0.0048847198486328125
12775334470,15261122,15246,15246,0,0,0,-0.4795694351196289,0,-0.010989189147949219,0,-0.0048847198486328125
12776801890,15262123,15247,15247,0,0,0,-0.4799528121948242,0,-0.0036630630493164062,0,-0.0048847198486328125
12778269310,15264121,15249,15249,0,0,0,-0.4795694351196289,0,0.0036630630493164062,0,-0.0048847198486328125
12779736730,15265129,15250,15250,0,0,0,-0.4799528121948242,0,-0.010989189147949219,0,-0.0048847198486328125
12781204150,15266121,15251,15251,0,0,0,-0.4795694351196289,0,-0.0036630630493164062,0,-0.0048847198486328125
12782671570,15268122,15253,15253,0,0,0,-0.4795694351196289,0,-0.0036630630493164062,0,-0.014652252197265625
12784138990,15269130,15254,15254,0,0,0,-0.4795694351196289,0,-0.0036630630493164062,0,-0.014652252197265625
12785694230,15273121,15258,15258,0,0,0,-0.4795694351196289,0,-0.0036630630493164062,0,-0.014652252197265625
12787249448,15274121,15259,15259,0,0,0,-0.4795694351196289,0,-0.0036630630493164062,0,-0.014652252197265625
12788804666,15275132,15260,15260,0,0,0,-0.4795694351196289,0,-0.01831531524658203,0,-0.014652252197265625
12790359884,15277122,15262,15262,0,0,0,-0.4795694351196289,0,-0.010989189147949219,0,-0.014652252197265625
12791915102,15278121,15263,15263,0,0,0,-0.4795694351196289,0,-0.010989189147949219,0,-0.014652252197265625
12793470320,15279125,15264,15264,0,0,0,-0.4795694351196289,0,-0.0036630630493164062,0,-0.014652252197265625
12795025538,15280121,15265,15265,0,0,0,-0.4795694351196289,0,0.0036630630493164062,0,-0.014652252197265625
12796580756,15282121,15267,15267,0,0,0,-0.4795694351196289,0,-0.0036630630493164062,0,-0.0048847198486328125
12798135974,15283131,15268,15268,0,0,0,-0.4795694351196289,0,-0.0036630630493164062,0,-0.0048847198486328125
12799691192,15284135,15269,15269,0,0,0,-0.4795694351196289,0,-0.0036630630493164062,0,-0.0048847198486328125
12801246410,15285134,15270,15270,0,0,0,-0.4795694351196289,0,-0.0036630630493164062,0,-0.0048847198486328125
12802801628,15287125,15272,15272,0,0,0,-0.4795694351196289,0,-0.0036630630493164062,0,0.0048847198486328125
12804356846,15288121,15273,15273,0,0,0,-0.4799528121948242,0,-0.010989189147949219,0,-0.0048847198486328125
12805912064,15290121,15275,15275,0,0,0,-0.4795694351196289,0,-0.0036630630493164062,0,-0.0048847198486328125
12807467282,15292124,15277,15277,0,0,0,-0.4795694351196289,0,0.010989189147949219,0,-0.0048847198486328125
12809022500,15293121,15278,15278,0,0,0,-0.4795694351196289,0,-0.025641441345214844,0,-0.0048847198486328125
12810900525,15298135,15283,15283,0,0,0,-0.4795694351196289,0,-0.0036630630493164062,0,-0.014652252197265625
12812778550,15299125,15284,15284,0,0,0,-0.4795694351196289,0,0.0036630630493164062,0,-0.014652252197265625
12814656575,15301123,15286,15286,0,0,0,-0.4795694351196289,0,-0.0036630630493164062,0,-0.014652252197265625
12816534600,15303121,15288,15288,0,0,0,-0.4795694351196289,0,0.0036630630493164062,0,-0.014652252197265625
12818412625,15304123,15289,15289,0,0,0,-0.4795694351196289,0,-0.0036630630493164062,0,-0.014652252197265625
12820290650,15306121,15291,15291,0,0,0,-0.4795694351196289,0,0.0036630630493164062,0,-0.014652252197265625
12822168675,15308125,15293,15293,0,0,0,-0.4795694351196289,0,0.0036630630493164062,0,-0.014652252197265625
12824046700,15309121,15294,15294,0,0,0,-0.4795694351196289,0,-0.01831531524658203,0,-0.014652252197265625
12825924725,15311129,15296,15296,0,0,0,-0.4795694351196289,0,-0.010989189147949219,0,-0.014652252197265625
12827802750,15312137,15297,15297,0,0,0,-0.4795694351196289,0,-0.0036630630493164062,0,-0.014652252197265625
12829680775,15314121,15299,15299,0,0,0,-0.4795694351196289,0,0.0036630630493164062,0,-0.014652252197265625
12831558800,15316124,15301,15301,0,0,0,-0.4795694351196289,0,0.0036630630493164062,0,-0.014652252197265625
12833436825,15317121,15302,15302,0,0,0,-0.4795694351196289,0,0.0036630630493164062,0,-0.0048847198486328125
12835314850,15320123,15305,15305,0,0,0,-0.4795694351196289,0,-0.0036630630493164062,0,-0.0048847198486328125
12837192875,15321124,15306,15306,0,0,0,-0.4795694351196289,0,0.0036630630493164062,0,-0.0048847198486328125
12839070900,15323121,15308,15308,0,0,0,-0.4795694351196289,0,0.0036630630493164062,0,-0.0048847198486328125
12840614870,15327125,15312,15312,0,0,0,-0.4795694351196289,0,-0.0036630630493164062,0,-0.0048847198486328125
12842158832,15329125,15314,15314,0,0,0,-0.4795694351196289,0,-0.010989189147949219,0,-0.0048847198486328125
12843702794,15331121,15316,15316,0,0,0,-0.4795694351196289,0,-0.0036630630493164062,0,-0.0048847198486328125
12845246756,15333123,15318,15318,0,0,0,-0.4795694351196289,0,0.0036630630493164062,0,-0.0048847198486328125
12846790718,15334121,15320,15320,0,0,0,-0.4795694351196289,0,-0.01831531524658203,0,-0.014652252197265625
12848334680,15337125,15322,15322,0,0,0,-0.4795694351196289,0,-0.010989189147949219,0,-0.014652252197265625
12849878642,15339129,15324,15324,0,0,0,-0.4795694351196289,0,-0.0036630630493164062,0,-0.0048847198486328125
12851422604,15340135,15325,15325,0,0,0,-0.4795694351196289,0,-0.010989189147949219,0,-0.0048847198486328125
12852966566,15341127,15326,15326,0,0,0,-0.4795694351196289,0,-0.0036630630493164062,0,-0.0048847198486328125
12854510528,15342121,15327,15327,0,0,0,-0.4795694351196289,0,0.0036630630493164062,0,-0.014652252197265625
12856054490,15343121,15328,15328,0,0,0,-0.4795694351196289,0,-0.0036630630493164062,0,-0.014652252197265625
12857598452,15344121,15329,15329,0,0,0,-0.4795694351196289,0,-0.0036630630493164062,0,-0.014652252197265625
12859142414,15345132,15330,15330,0,0,0,-0.4795694351196289,0,-0.0036630630493164062,0,-0.014652252197265625
12860686376,15346121,15331,15331,0,0,0,-0.4795694351196289,0,0.0036630630493164062,0,-0.014652252197265625
12862230338,15348121,15333,15333,0,0,0,-0.4795694351196289,0,-0.0036630630493164062,0,-0.014652252197265625
12863774300,15349124,15334,15334,0,0,0,-0.4795694351196289,0,-0.0036630630493164062,0,-0.014652252197265625
12865567585,15353129,15338,15338,0,0,0,-0.4795694351196289,0,-0.0036630630493164062,0,-0.0048847198486328125
12867360866,15354137,15339,15339,0,0,0,-0.4795694351196289,0,0.0036630630493164062,0,-0.0048847198486328125
12869154147,15355133,15340,15340,0,0,0,-0.4795694351196289,0,0.0036630630493164062,0,-0.014652252197265625
12870947428,15356121,15341,15341,0,0,0,-0.4795694351196289,0,-0.0036630630493164062,0,-0.014652252197265625
12872740709,15357121,15342,15342,0,0,0,-0.4799528121948242,0,-0.010989189147949219,0,-0.0048847198486328125
12874533990,15358124,15343,15343,0,0,0,-0.4795694351196289,0,-0.025641441345214844,0,-0.014652252197265625
12876327271,15359121,15344,15344,0,0,0,-0.4795694351196289,0,0.0036630630493164062,0,-0.014652252197265625
12878120552,15360120,15346,15346,0,0,0,-0.4795694351196289,0,-0.0036630630493164062,0,-0.0048847198486328125
12879913833,15363121,15348,15348,0,0,0,-0.4795694351196289,0,-0.010989189147949219,0,-0.014652252197265625
12881707114,15367130,15352,15352,0,0,0,-0.4795694351196289,0,-0.010989189147949219,0,-0.014652252197265625
12883500395,15368135,15353,15353,0,0,0,-0.4795694351196289,0,0.0036630630493164062,0,-0.014652252197265625
12885293676,15371121,15356,15356,0,0,0,-0.4799528121948242,0,0.0036630630493164062,0,-0.0048847198486328125
12887086957,15372121,15357,15357,0,0,0,-0.4795694351196289,0,-0.010989189147949219,0,-0.0048847198486328125
12888880238,15374124,15359,15359,0,0,0,-0.4795694351196289,0,-0.0036630630493164062,0,-0.0048847198486328125
12890673519,15375130,15360,15360,0,0,0,-0.4795694351196289,0,-0.0036630630493164062,0,-0.014652252197265625
12892466800,15377122,15362,15362,0,0,0,-0.4795694351196289,0,-0.010989189147949219,0,-0.014652252197265625
12894227795,15380121,15365,15365,0,0,0,-0.4795694351196289,0,0.0036630630493164062,0,-0.0048847198486328125
12895988782,15381129,15366,15366,0,0,0,-0.4795694351196289,0,-0.0036630630493164062,0,-0.0048847198486328125
12897749769,15383127,15368,15368,0,0,0,-0.4795694351196289,0,-0.0036630630493164062,0,-0.0048847198486328125
12899510756,15384121,15369,15369,0,0,0,-0.4795694351196289,0,0.0036630630493164062,0,-0.0048847198486328125
12901271743,15385130,15370,15370,0,0,0,-0.4795694351196289,0,0.0036630630493164062,0,-0.0048847198486328125
12903032730,15387125,15372,15372,0,0,0,-0.4795694351196289,0,0.0036630630493164062,0,-0.0048847198486328125
12904793717,15388121,15373,15373,0,0,0,-0.4799528121948242,0,-0.010989189147949219,0,-0.0048847198486328125
12906554704,15390121,15375,15375,0,0,0,-0.4795694351196289,0,-0.0036630630493164062,0,-0.014652252197265625
12908315691,15392121,15377,15377,0,0,0,-0.4795694351196289,0,-0.0036630630493164062,0,-0.0048847198486328125
12910076678,15394121,15379,15379,0,0,0,-0.4795694351196289,0,-0.0036630630493164062,0,-0.0048847198486328125
12911837665,15396137,15381,15381,0,0,0,-0.4795694351196289,0,0.0036630630493164062,0,-0.0048847198486328125
12913598652,15397125,15382,15382,0,0,0,-0.4795694351196289,0,-0.010989189147949219,0,-0.0048847198486328125
12915359639,15399123,15384,15384,0,0,0,-0.4795694351196289,0,-0.01831531524658203,0,-0.0048847198486328125
12917120626,15401123,15386,15386,0,0,0,-0.4795694351196289,0,-0.0036630630493164062,0,-0.0048847198486328125
12918881613,15403125,15388,15388,0,0,0,-0.4795694351196289,0,-0.0036630630493164062,0,-0.0048847198486328125
12920642600,15405129,15390,15390,0,0,0,-0.4795694351196289,0,0.010989189147949219,0,-0.014652252197265625
12922401755,15409129,15394,15394,0,0,0,-0.4795694351196289,0,-0.0036630630493164062,0,-0.014652252197265625
12924160898,15411125,15396,15396,0,0,0,-0.4795694351196289,0,-0.010989189147949219,0,-0.014652252197265625
12925920041,15412122,15397,15397,0,0,0,-0.4795694351196289,0,0.010989189147949219,0,-0.014652252197265625
12927679184,15414121,15399,15399,0,0,0,-0.4795694351196289,0,-0.0036630630493164062,0,-0.014652252197265625
12929438327,15416125,15401,15401,0,0,0,-0.4795694351196289,0,0.01831531524658203,0,-0.014652252197265625
12931197470,15417122,15402,15402,0,0,0,-0.4795694351196289,0,0.0036630630493164062,0,-0.0048847198486328125
12932956613,15418120,15403,15403,0,0,0,-0.4795694351196289,0,-0.01831531524658203,0,-0.0048847198486328125
12934715756,15420123,15405,15405,0,0,0,-0.4795694351196289,0,-0.0036630630493164062,0,-0.0048847198486328125
12936474899,15422121,15407,15407,0,0,0,-0.4795694351196289,0,-0.0036630630493164062,0,-0.0048847198486328125
12938234042,15424138,15409,15409,0,0,0,-0.4795694351196289,0,-0.010989189147949219,0,-0.0048847198486328125
12939993185,15425134,15410,15410,0,0,0,-0.4795694351196289,0,-0.0036630630493164062,0,-0.014652252197265625
12941752328,15426121,15411,15411,0,0,0,-0.4795694351196289,0,-0.0036630630493164062,0,-0.0048847198486328125
12943511471,15428124,15413,15413,0,0,0,-0.4795694351196289,0,-0.010989189147949219,0,-0.0048847198486328125
12945270614,15429121,15414,15414,0,0,0,-0.4795694351196289,0,-0.0036630630493164062,0,-0.014652252197265625
12947029757,15431121,15416,15416,0,0,0,-0.4795694351196289,0,-0.0036630630493164062,0,-0.014652252197265625
12948788900,15432125,15417,15417,0,0,0,-0.4795694351196289,0,0.0036630630493164062,0,-0.0048847198486328125
12951273375,15439125,15424,15424,0,0,0,-0.4795694351196289,0,-0.0036630630493164062,0,-0.014652252197265625
12953757850,15440121,15425,15425,0,0,0,-0.4795694351196289,0,0.0036630630493164062,0,-0.014652252197265625
12956242325,15443122,15428,15428,0,0,0,-0.4795694351196289,0,-0.010989189147949219,0,-0.0048847198486328125
12958726800,15446121,15431,15431,0,0,0,-0.4799528121948242,0,-0.010989189147949219,0,-0.0048847198486328125
12961211275,15447121,15432,15432,0,0,0,-0.4799528121948242,0,-0.01831531524658203,0,-0.014652252197265625
12963695750,15448121,15433,15434,0,0,0,-0.4795694351196289,0,-0.010989189147949219,0,-0.014652252197265625
12966180225,15450129,15435,15435,0,0,0,-0.4795694351196289,0,-0.0036630630493164062,0,-0.0048847198486328125
12968664700,15452137,15437,15437,0,0,0,-0.4795694351196289,0,-0.0036630630493164062,0,-0.0048847198486328125
12971149175,15456121,15441,15441,0,0,0,-0.4795694351196289,0,-0.010989189147949219,0,-0.014652252197265625
12973633650,15458121,15443,15443,0,0,0,-0.4795694351196289,0,-0.0036630630493164062,0,-0.014652252197265625
12976118125,15459121,15444,15444,0,0,0,-0.4795694351196289,0,-0.0036630630493164062,0,-0.014652252197265625
12978602600,15460122,15446,15446,0,0,0,-0.4795694351196289,0,-0.0036630630493164062,0,-0.014652252197265625
12981087075,15462121,15447,15447,0,0,0,-0.4795694351196289,0,-0.0036630630493164062,0,-0.014652252197265625
12983571550,15463121,15448,15448,0,0,0,-0.4795694351196289,0,-0.010989189147949219,0,-0.014652252197265625
12986056025,15465139,15450,15450,0,0,0,-0.4795694351196289,0,-0.0036630630493164062,0,-0.014652252197265625
12988540500,15473120,15458,15458,0,0,0,-0.4795694351196289,0,0.0036630630493164062,0,-0.014652252197265625
12990922462,15483121,15468,15468,0,0,0,-0.4795694351196289,0,-0.0036630630493164062,0,-0.014652252197265625
12992768182,15484121,15470,15470,0,0,0,-0.4795694351196289,0,0.0036630630493164062,0,-0.014652252197265625
12994613902,15488121,15473,15473,0,0,0,-0.4795694351196289,0,-0.0036630630493164062,0,-0.0048847198486328125
12996459622,15491121,15476,15476,0,0,0,-0.4795694351196289,0,-0.0036630630493164062,0,-0.014652252197265625
12998305342,15492121,15477,15477,0,0,0,-0.4799528121948242,0,-0.01831531524658203,0,-0.0048847198486328125
13000151062,15494137,15479,15479,0,0,0,-0.4795694351196289,0,0.0036630630493164062,0,-0.0048847198486328125
13001996782,15495138,15480,15480,0,0,0,-0.4795694351196289,0,-0.010989189147949219,0,-0.0048847198486328125
13003842502,15496122,15481,15481,0,0,0,-0.4795694351196289,0,-0.01831531524658203,0,-0.0048847198486328125
13005688222,15498121,15483,15483,0,0,0,-0.4795694351196289,0,0.0036630630493164062,0,-0.014652252197265625
13007533942,15499123,15484,15484,0,0,0,-0.4795694351196289,0,-0.0036630630493164062,0,-0.014652252197265625
13009379662,15500130,15485,15485,0,0,0,-0.4795694351196289,0,0.0036630630493164062,0,-0.014652252197265625
13011225382,15502121,15487,15487,0,0,0,-0.4795694351196289,0,0.0036630630493164062,0,-0.014652252197265625
13013071102,15505129,15490,15490,0,0,0,-0.4795694351196289,0,0.0036630630493164062,0,-0.014652252197265625
13014916822,15506121,15491,15491,0,0,0,-0.4795694351196289,0,0.0036630630493164062,0,-0.014652252197265625
13016762542,15507131,15492,15493,0,0,0,-0.4795694351196289,0,-0.01831531524658203,0,-0.014652252197265625
13018608262,15509125,15494,15494,0,0,0,-0.4795694351196289,0,-0.010989189147949219,0,-0.014652252197265625
13020453982,15510121,15495,15495,0,0,0,-0.4795694351196289,0,-0.0036630630493164062,0,-0.014652252197265625
13022299702,15511124,15496,15496,0,0,0,-0.4795694351196289,0,0.010989189147949219,0,-0.014652252197265625
13024145422,15513121,15498,15498,0,0,0,-0.4795694351196289,0,0.010989189147949219,0,-0.014652252197265625
13025991142,15514121,15499,15500,0,0,0,-0.4799528121948242,0,-0.01831531524658203,0,-0.014652252197265625
13027836862,15516121,15501,15501,0,0,0,-0.4795694351196289,0,0.010989189147949219,0,-0.014652252197265625
13029682582,15517122,15502,15502,0,0,0,-0.4795694351196289,0,-0.0036630630493164062,0,-0.014652252197265625
13031528302,15518121,15503,15503,0,0,0,-0.4795694351196289,0,-0.0036630630493164062,0,-0.014652252197265625
13033374022,15520121,15505,15505,0,0,0,-0.4795694351196289,0,-0.010989189147949219,0,-0.0048847198486328125
13035219742,15521129,15506,15506,0,0,0,-0.4795694351196289,0,0.0036630630493164062,0,-0.0048847198486328125
13037065462,15523126,15508,15508,0,0,0,-0.4799528121948242,0,-0.010989189147949219,0,-0.0048847198486328125
13038911182,15524125,15509,15509,0,0,0,-0.4799528121948242,0,-0.010989189147949219,0,-0.0048847198486328125
13040680660,15526121,15511,15511,0,0,0,-0.4795694351196289,0,-0.010989189147949219,0,-0.0048847198486328125
13042450116,15528122,15513,15513,0,0,0,-0.4795694351196289,0,0.010989189147949219,0,-0.014652252197265625
13044219572,15530121,15515,15515,0,0,0,-0.4795694351196289,0,0.010989189147949219,0,-0.014652252197265625
13045989028,15532126,15517,15517,0,0,0,-0.4795694351196289,0,0.01831531524658203,0,-0.0048847198486328125
13047758484,15533121,15518,15518,0,0,0,-0.4795694351196289,0,0.0036630630493164062,0,-0.0048847198486328125
13049527940,15536137,15521,15521,0,0,0,-0.4799528121948242,0,-0.01831531524658203,0,-0.014652252197265625
13051297396,15538121,15523,15523,0,0,0,-0.4795694351196289,0,0.0036630630493164062,0,-0.014652252197265625
13053066852,15539121,15524,15524,0,0,0,-0.4795694351196289,0,-0.0036630630493164062,0,-0.014652252197265625
13054836308,15540124,15525,15525,0,0,0,-0.4795694351196289,0,-0.0036630630493164062,0,-0.0048847198486328125
13056605764,15542121,15527,15527,0,0,0,-0.4795694351196289,0,-0.010989189147949219,0,-0.014652252197265625
13058375220,15544123,15529,15529,0,0,0,-0.4795694351196289,0,0.0036630630493164062,0,-0.014652252197265625
13060144676,15546121,15531,15531,0,0,0,-0.4795694351196289,0,0.0036630630493164062,0,-0.014652252197265625
13061914132,15548124,15533,15533,0,0,0,-0.4795694351196289,0,0.010989189147949219,0,-0.014652252197265625
13063683588,15549129,15534,15534,0,0,0,-0.4795694351196289,0,-0.010989189147949219,0,-0.014652252197265625
13065453044,15550143,15535,15535,0,0,0,-0.4795694351196289,0,0.0036630630493164062,0,-0.014652252197265625
13067222500,15552125,15537,15537,0,0,0,-0.4795694351196289,0,-0.0036630630493164062,0,-0.0048847198486328125
13068826970,15555129,15540,15540,0,0,0,-0.4795694351196289,0,0.010989189147949219,0,-0.0048847198486328125
13070431432,15557124,15542,15542,0,0,0,-0.4795694351196289,0,-0.0036630630493164062,0,0.0048847198486328125
13072035894,15558121,15543,15543,0,0,0,-0.4795694351196289,0,-0.0036630630493164062,0,-0.0048847198486328125
13073640356,15559122,15544,15544,0,0,0,-0.4795694351196289,0,-0.010989189147949219,0,-0.0048847198486328125
13075244818,15561125,15546,15546,0,0,0,-0.4795694351196289,0,-0.0036630630493164062,0,-0.014652252197265625
13076849280,15562121,15547,15547,0,0,0,-0.4795694351196289,0,-0.0036630630493164062,0,-0.014652252197265625
13078453742,15563129,15548,15548,0,0,0,-0.4795694351196289,0,-0.0036630630493164062,0,-0.0048847198486328125
13080058204,15564136,15549,15549,0,0,0,-0.4795694351196289,0,-0.0036630630493164062,0,-0.0048847198486328125
13081662666,15566120,15551,15551,0,0,0,-0.4795694351196289,0,-0.0036630630493164062,0,-0.014652252197265625
13083267128,15567121,15552,15552,0,0,0,-0.4799528121948242,0,-0.025641441345214844,0,-0.014652252197265625
13084871590,15568121,15553,15553,0,0,0,-0.4795694351196289,0,-0.0036630630493164062,0,-0.014652252197265625
13086476052,15570121,15555,15555,0,0,0,-0.4795694351196289,0,-0.010989189147949219,0,-0.014652252197265625
13088080514,15571121,15556,15557,0,0,0,-0.4795694351196289,0,0.010989189147949219,0,-0.014652252197265625
13089684976,15575130,15560,15560,0,0,0,-0.4795694351196289,0,-0.0036630630493164062,0,-0.0048847198486328125
13091289438,15576121,15561,15561,0,0,0,-0.4795694351196289,0,-0.010989189147949219,0,-0.0048847198486328125
13092893900,15578135,15563,15563,0,0,0,-0.4795694351196289,0,-0.010989189147949219,0,-0.0048847198486328125
13094522845,15583121,15568,15568,0,0,0,-0.4795694351196289,0,-0.010989189147949219,0,-0.014652252197265625
13096151782,15584120,15569,15569,0,0,0,-0.4795694351196289,0,-0.0036630630493164062,0,-0.014652252197265625
13097780719,15584120,15569,15569,0,0,0,-0.4795694351196289,0,0.0036630630493164062,0,-0.014652252197265625
13099409656,15585130,15570,15570,0,0,0,-0.4795694351196289,0,-0.0036630630493164062,0,-0.0048847198486328125
13101038593,15588121,15573,15573,0,0,0,-0.4795694351196289,0,-0.010989189147949219,0,-0.0048847198486328125
13102667530,15592134,15577,15577,0,0,0,-0.4795694351196289,0,-0.0036630630493164062,0,-0.014652252197265625
13104296467,15593125,15578,15578,0,0,0,-0.4795694351196289,0,-0.0036630630493164062,0,-0.014652252197265625
13105925404,15594123,15579,15579,0,0,0,-0.4795694351196289,0,0.0036630630493164062,0,-0.014652252197265625
13107554341,15595129,15580,15580,0,0,0,-0.4795694351196289,0,-0.0036630630493164062,0,-0.014652252197265625
13109183278,15596122,15581,15581,0,0,0,-0.4795694351196289,0,-0.01831531524658203,0,-0.014652252197265625
13110812215,15598124,15583,15583,0,0,0,-0.4799528121948242,0,-0.010989189147949219,0,-0.014652252197265625
13112441152,15599122,15584,15584,0,0,0,-0.4795694351196289,0,-0.0036630630493164062,0,-0.014652252197265625
13114070089,15600130,15585,15585,0,0,0,-0.4795694351196289,0,-0.010989189147949219,0,-0.014652252197265625
13115699026,15601124,15586,15586,0,0,0,-0.4795694351196289,0,-0.0036630630493164062,0,-0.014652252197265625
13117327963,15602123,15587,15587,0,0,0,-0.4795694351196289,0,-0.0036630630493164062,0,-0.014652252197265625
13118956900,15603121,15588,15588,0,0,0,-0.4795694351196289,0,-0.010989189147949219,0,-0.0048847198486328125
13120488060,15606139,15591,15592,0,0,0,-0.4795694351196289,0,0.0036630630493164062,0,-0.0048847198486328125
13122019216,15608121,15593,15593,0,0,0,-0.4795694351196289,0,0.010989189147949219,0,-0.0048847198486328125
13123550372,15609122,15594,15594,0,0,0,-0.4795694351196289,0,-0.0036630630493164062,0,-0.0048847198486328125
13125081528,15610122,15595,15595,0,0,0,-0.4795694351196289,0,-0.010989189147949219,0,-0.0048847198486328125
13126612684,15611124,15596,15596,0,0,0,-0.4795694351196289,0,-0.0036630630493164062,0,-0.0048847198486328125
13128143840,15612121,15597,15597,0,0,0,-0.4795694351196289,0,0.0036630630493164062,0,0.0048847198486328125
13129674996,15613121,15598,15598,0,0,0,-0.4795694351196289,0,-0.010989189147949219,0,0.0048847198486328125
13131206152,15617121,15602,15602,0,0,0,-0.4795694351196289,0,-0.0036630630493164062,0,-0.0048847198486328125
13132737308,15618121,15603,15603,0,0,0,-0.4795694351196289,0,-0.0036630630493164062,0,-0.0048847198486328125
13134268464,15621124,15606,15606,0,0,0,-0.4799528121948242,0,-0.0036630630493164062,0,-0.0048847198486328125
13135799620,15622121,15607,15607,0,0,0,-0.4795694351196289,0,-0.010989189147949219,0,-0.0048847198486328125
13137330776,15624121,15609,15609,0,0,0,-0.4795694351196289,0,-0.010989189147949219,0,-0.0048847198486328125
13138861932,15625130,15610,15610,0,0,0,-0.4795694351196289,0,0.010989189147949219,0,-0.0048847198486328125
13140393088,15626121,15611,15611,0,0,0,-0.4795694351196289,0,-0.0036630630493164062,0,-0.0048847198486328125
13141924244,15627125,15612,15612,0,0,0,-0.4795694351196289,0,-0.010989189147949219,0,-0.0048847198486328125
13143455400,15628121,15613,15613,0,0,0,-0.4795694351196289,0,-0.010989189147949219,0,-0.0048847198486328125
13144756245,15631123,15616,15616,0,0,0,-0.4795694351196289,0,-0.010989189147949219,0,-0.0048847198486328125
13146057082,15632121,15617,15617,0,0,0,-0.4795694351196289,0,-0.010989189147949219,0,-0.0048847198486328125
13147357919,15634135,15619,15619,0,0,0,-0.4795694351196289,0,-0.0036630630493164062,0,-0.014652252197265625
13148658756,15635137,15620,15620,0,0,0,-0.4795694351196289,0,-0.0036630630493164062,0,-0.014652252197265625
13149959593,15637121,15622,15622,0,0,0,-0.4795694351196289,0,-0.0036630630493164062,0,-0.014652252197265625
13151260430,15638121,15623,15623,0,0,0,-0.4795694351196289,0,-0.010989189147949219,0,-0.014652252197265625
13152561267,15639123,15624,15624,0,0,0,-0.4795694351196289,0,-0.010989189147949219,0,-0.014652252197265625
13153862104,15640126,15625,15625,0,0,0,-0.4795694351196289,0,0.010989189147949219,0,-0.0048847198486328125
13155162941,15641121,15626,15626,0,0,0,-0.4795694351196289,0,0.0036630630493164062,0,-0.0048847198486328125
13156463778,15642120,15627,15627,0,0,0,-0.4795694351196289,0,-0.0036630630493164062,0,-0.0048847198486328125
13157764615,15643121,15628,15628,0,0,0,-0.4795694351196289,0,-0.0036630630493164062,0,-0.0048847198486328125
13159065452,15644123,15629,15629,0,0,0,-0.4795694351196289,0,-0.010989189147949219,0,-0.0048847198486328125
13160366289,15646121,15631,15631,0,0,0,-0.4799528121948242,0,-0.010989189147949219,0,-0.0048847198486328125
13161667126,15647129,15632,15632,0,0,0,-0.4799528121948242,0,-0.01831531524658203,0,-0.0048847198486328125
13162967963,15648139,15633,15633,0,0,0,-0.4795694351196289,0,-0.0036630630493164062,0,-0.0048847198486328125
13164268800,15649125,15634,15634,0,0,0,-0.4795694351196289,0,0.010989189147949219,0,-0.0048847198486328125
13165616285,15652126,15637,15637,0,0,0,-0.4795694351196289,0,0.01831531524658203,0,-0.0048847198486328125
13166963766,15653121,15638,15638,0,0,0,-0.4795694351196289,0,-0.0036630630493164062,0,-0.0048847198486328125
13168311247,15655129,15640,15640,0,0,0,-0.4795694351196289,0,0.0036630630493164062,0,-0.0048847198486328125
13169658728,15656124,15641,15641,0,0,0,-0.4795694351196289,0,-0.0036630630493164062,0,-0.0048847198486328125
13171006209,15657121,15642,15642,0,0,0,-0.4799528121948242,0,-0.01831531524658203,0,-0.0048847198486328125
13172353690,15658121,15643,15643,0,0,0,-0.4795694351196289,0,0.0036630630493164062,0,-0.014652252197265625
13173701171,15660123,15645,15645,0,0,0,-0.4795694351196289,0,0.010989189147949219,0,-0.014652252197265625
13175048652,15661128,15646,15646,0,0,0,-0.4795694351196289,0,-0.010989189147949219,0,-0.014652252197265625
13176396133,15662135,15647,15647,0,0,0,-0.4795694351196289,0,-0.0036630630493164062,0,-0.014652252197265625
13177743614,15663125,15648,15648,0,0,0,-0.4795694351196289,0,-0.0036630630493164062,0,-0.0048847198486328125
13179091095,15664125,15649,15649,0,0,0,-0.4795694351196289,0,0.010989189147949219,0,-0.014652252197265625
13180438576,15666121,15651,15651,0,0,0,-0.4795694351196289,0,-0.0036630630493164062,0,-0.014652252197265625
13181786057,15667121,15652,15652,0,0,0,-0.4795694351196289,0,0.0036630630493164062,0,-0.014652252197265625
13183133538,15668122,15653,15653,0,0,0,-0.4795694351196289,0,-0.01831531524658203,0,-0.014652252197265625
13184481019,15669125,15654,15654,0,0,0,-0.4799528121948242,0,-0.0036630630493164062,0,-0.014652252197265625
13185828500,15671121,15656,15656,0,0,0,-0.4795694351196289,0,-0.0036630630493164062,0,-0.0048847198486328125
13187310935,15673123,15658,15658,0,0,0,-0.4795694351196289,0,-0.010989189147949219,0,-0.0048847198486328125
13188793366,15674120,15659,15659,0,0,0,-0.4795694351196289,0,-0.010989189147949219,0,-0.0048847198486328125
13190275797,15675138,15660,15660,0,0,0,-0.4795694351196289,0,-0.0036630630493164062,0,-0.0048847198486328125
13191758228,15676135,15661,15661,0,0,0,-0.4795694351196289,0,-0.0036630630493164062,0,-0.0048847198486328125
13193240659,15677129,15662,15662,0,0,0,-0.4795694351196289,0,-0.0036630630493164062,0,-0.014652252197265625
13194723090,15678121,15663,15663,0,0,0,-0.4795694351196289,0,-0.010989189147949219,0,-0.014652252197265625
13196205521,15681124,15666,15666,0,0,0,-0.4795694351196289,0,0.0036630630493164062,0,-0.0048847198486328125
13197687952,15682121,15667,15667,0,0,0,-0.4795694351196289,0,-0.010989189147949219,0,-0.0048847198486328125
13199170383,15683121,15668,15668,0,0,0,-0.4795694351196289,0,0.0036630630493164062,0,-0.0048847198486328125
13200652814,15684120,15669,15669,0,0,0,-0.4795694351196289,0,-0.0036630630493164062,0,-0.0048847198486328125
13202135245,15687121,15672,15672,0,0,0,-0.4795694351196289,0,-0.0036630630493164062,0,-0.014652252197265625
13203617676,15688121,15673,15673,0,0,0,-0.4795694351196289,0,-0.010989189147949219,0,-0.014652252197265625
13205100107,15690139,15675,15675,0,0,0,-0.4795694351196289,0,0.0036630630493164062,0,-0.014652252197265625
13206582538,15691125,15676,15676,0,0,0,-0.4795694351196289,0,-0.0036630630493164062,0,-0.014652252197265625
13208064969,15693124,15678,15678,0,0,0,-0.4795694351196289,0,0.0036630630493164062,0,-0.014652252197265625
13209547400,15694121,15679,15679,0,0,0,-0.4795694351196289,0,-0.0036630630493164062,0,-0.014652252197265625
13211192895,15699122,15684,15684,0,0,0,-0.4795694351196289,0,-0.0036630630493164062,0,-0.0048847198486328125
13212838382,15700130,15685,15685,0,0,0,-0.4795694351196289,0,-0.0036630630493164062,0,-0.0048847198486328125
13214483869,15701124,15686,15686,0,0,0,-0.4795694351196289,0,-0.0036630630493164062,0,-0.0048847198486328125
13216129356,15703129,15688,15688,0,0,0,-0.4795694351196289,0,0.0036630630493164062,0,-0.0048847198486328125
13217774843,15704136,15689,15689,0,0,0,-0.4795694351196289,0,-0.0036630630493164062,0,-0.0048847198486328125
13219420330,15705133,15690,15690,0,0,0,-0.4795694351196289,0,-0.01831531524658203,0,-0.0048847198486328125
13221065817,15706125,15691,15691,0,0,0,-0.4795694351196289,0,-0.010989189147949219,0,-0.0048847198486328125
13222711304,15707121,15693,15693,0,0,0,-0.4795694351196289,0,-0.010989189147949219,0,-0.0048847198486328125
13224356791,15710123,15695,15695,0,0,0,-0.4795694351196289,0,0.0036630630493164062,0,-0.0048847198486328125
13226002278,15711121,15696,15696,0,0,0,-0.4795694351196289,0,-0.0036630630493164062,0,-0.0048847198486328125
13227647765,15713121,15698,15698,0,0,0,-0.4795694351196289,0,-0.010989189147949219,0,-0.0048847198486328125
13229293252,15714124,15699,15699,0,0,0,-0.4795694351196289,0,-0.0036630630493164062,0,-0.0048847198486328125
13230938739,15715130,15700,15700,0,0,0,-0.4795694351196289,0,-0.0036630630493164062,0,-0.0048847198486328125
13232584226,15716121,15701,15701,0,0,0,-0.4799528121948242,0,-0.010989189147949219,0,-0.0048847198486328125
13234229713,15717129,15702,15702,0,0,0,-0.4795694351196289,0,0.010989189147949219,0,-0.0048847198486328125
13235875200,15719125,15704,15704,0,0,0,-0.4795694351196289,0,-0.0036630630493164062,0,-0.0048847198486328125
13237556955,15724121,15709,15709,0,0,0,-0.4795694351196289,0,-0.0036630630493164062,0,-0.014652252197265625
13239238698,15726122,15711,15711,0,0,0,-0.4795694351196289,0,0.010989189147949219,0,-0.014652252197265625
13240920441,15727125,15712,15712,0,0,0,-0.4795694351196289,0,-0.010989189147949219,0,-0.014652252197265625
13242602184,15728121,15713,15713,0,0,0,-0.4795694351196289,0,-0.010989189147949219,0,-0.014652252197265625
13244283927,15729121,15714,15714,0,0,0,-0.4795694351196289,0,-0.0036630630493164062,0,-0.014652252197265625
13245965670,15730121,15715,15715,0,0,0,-0.4795694351196289,0,-0.01831531524658203,0,-0.024419784545898438
13247647413,15732136,15717,15717,0,0,0,-0.4795694351196289,0,-0.01831531524658203,0,-0.014652252197265625
13249329156,15733125,15718,15718,0,0,0,-0.4795694351196289,0,0.010989189147949219,0,-0.014652252197265625
13251010899,15734120,15719,15719,0,0,0,-0.4795694351196289,0,0.010989189147949219,0,-0.014652252197265625
13252692642,15737121,15722,15722,0,0,0,-0.4795694351196289,0,0.010989189147949219,0,-0.014652252197265625
13254374385,15741121,15726,15726,0,0,0,-0.4795694351196289,0,-0.010989189147949219,0,-0.0048847198486328125
13256056128,15742120,15727,15728,0,0,0,-0.4795694351196289,0,-0.010989189147949219,0,-0.014652252197265625
13257737871,15744121,15729,15729,0,0,0,-0.4795694351196289,0,0.0036630630493164062,0,-0.014652252197265625
13259419614,15745137,15730,15730,0,0,0,-0.4795694351196289,0,-0.010989189147949219,0,-0.014652252197265625
13261101357,15746135,15731,15731,0,0,0,-0.4795694351196289,0,-0.010989189147949219,0,-0.014652252197265625
13262783100,15747127,15733,15733,0,0,0,-0.4795694351196289,0,0.0036630630493164062,0,-0.0048847198486328125
13264625820,15751125,15736,15736,0,0,0,-0.4795694351196289,0,-0.0036630630493164062,0,-0.0048847198486328125
13266468532,15752124,15737,15737,0,0,0,-0.4795694351196289,0,-0.010989189147949219,0,-0.0048847198486328125
13268311244,15754121,15739,15739,0,0,0,-0.4795694351196289,0,-0.0036630630493164062,0,0.0048847198486328125
13270153956,15756124,15741,15741,0,0,0,-0.4795694351196289,0,0.010989189147949219,0,-0.0048847198486328125
13271996668,15757121,15742,15742,0,0,0,-0.4795694351196289,0,-0.01831531524658203,0,-0.0048847198486328125
13273839380,15758121,15744,15744,0,0,0,-0.4795694351196289,0,0.0036630630493164062,0,-0.0048847198486328125
13275682092,15760137,15745,15745,0,0,0,-0.4795694351196289,0,0.0036630630493164062,0,-0.0048847198486328125
13277524804,15762121,15747,15747,0,0,0,-0.4795694351196289,0,0.0036630630493164062,0,-0.0048847198486328125
13279367516,15764125,15749,15749,0,0,0,-0.4795694351196289,0,-0.0036630630493164062,0,-0.014652252197265625
13281210228,15765129,15750,15750,0,0,0,-0.4795694351196289,0,-0.0036630630493164062,0,-0.0048847198486328125
13283052940,15767121,15752,15752,0,0,0,-0.4795694351196289,0,-0.0036630630493164062,0,-0.0048847198486328125
13284895652,15769121,15754,15754,0,0,0,-0.4795694351196289,0,-0.010989189147949219,0,-0.0048847198486328125
13286738364,15771121,15756,15756,0,0,0,-0.4795694351196289,0,0.010989189147949219,0,-0.0048847198486328125
13288581076,15773129,15758,15758,0,0,0,-0.4795694351196289,0,-0.0036630630493164062,0,-0.0048847198486328125
13290423788,15774135,15759,15759,0,0,0,-0.4795694351196289,0,-0.0036630630493164062,0,-0.0048847198486328125
13292266500,15776122,15761,15762,0,0,0,-0.4795694351196289,0,-0.0036630630493164062,0,-0.0048847198486328125
13294169210,15780124,15765,15765,0,0,0,-0.4795694351196289,0,-0.010989189147949219,0,-0.0048847198486328125
13296071916,15781121,15767,15767,0,0,0,-0.4795694351196289,0,-0.0036630630493164062,0,-0.0048847198486328125
13297974622,15783121,15768,15768,0,0,0,-0.4795694351196289,0,0.0036630630493164062,0,-0.0048847198486328125
13299877328,15784122,15769,15769,0,0,0,-0.4795694351196289,0,-0.010989189147949219,0,-0.014652252197265625
13301780034,15787129,15772,15772,0,0,0,-0.4795694351196289,0,-0.01831531524658203,0,-0.014652252197265625
13303682740,15788135,15773,15773,0,0,0,-0.4795694351196289,0,0.0036630630493164062,0,-0.014652252197265625
13305585446,15790120,15775,15775,0,0,0,-0.4795694351196289,0,0.010989189147949219,0,-0.014652252197265625
13307488152,15791121,15776,15776,0,0,0,-0.4795694351196289,0,0.0036630630493164062,0,-0.014652252197265625
13309390858,15794121,15779,15779,0,0,0,-0.4795694351196289,0,-0.0036630630493164062,0,-0.014652252197265625
13311293564,15797123,15782,15782,0,0,0,-0.4795694351196289,0,-0.0036630630493164062,0,-0.014652252197265625
13313196270,15799122,15784,15784,0,0,0,-0.4795694351196289,0,0.010989189147949219,0,-0.014652252197265625
13315098976,15800130,15785,15785,0,0,0,-0.4795694351196289,0,-0.0036630630493164062,0,-0.014652252197265625
13317001682,15802135,15787,15787,0,0,0,-0.4795694351196289,0,0.0036630630493164062,0,-0.014652252197265625
13318904388,15803125,15788,15788,0,0,0,-0.4795694351196289,0,-0.0036630630493164062,0,-0.0048847198486328125
13320807094,15805131,15790,15790,0,0,0,-0.4795694351196289,0,-0.0036630630493164062,0,-0.014652252197265625
13322709800,15807121,15792,15792,0,0,0,-0.4795694351196289,0,-0.010989189147949219,0,-0.0048847198486328125
13324908310,15814124,15799,15799,0,0,0,-0.4795694351196289,0,-0.010989189147949219,0,-0.0048847198486328125
13327106816,15816135,15801,15801,0,0,0,-0.4795694351196289,0,-0.010989189147949219,0,-0.014652252197265625
13329305322,15818123,15803,15803,0,0,0,-0.4795694351196289,0,0.0036630630493164062,0,-0.0048847198486328125
13331503828,15819121,15804,15804,0,0,0,-0.4795694351196289,0,0.0036630630493164062,0,-0.0048847198486328125
13333702334,15821121,15806,15806,0,0,0,-0.4795694351196289,0,-0.025641441345214844,0,-0.0048847198486328125
13335900840,15823121,15808,15808,0,0,0,-0.4795694351196289,0,-0.010989189147949219,0,-0.0048847198486328125
13338099346,15825130,15810,15810,0,0,0,-0.4795694351196289,0,-0.010989189147949219,0,-0.0048847198486328125
13340297852,15827121,15812,15812,0,0,0,-0.4799528121948242,0,-0.010989189147949219,0,-0.0048847198486328125
13342496358,15828121,15813,15813,0,0,0,-0.4795694351196289,0,0.0036630630493164062,0,-0.0048847198486328125
13344694864,15831125,15816,15816,0,0,0,-0.4795694351196289,0,0.0036630630493164062,0,-0.0048847198486328125
13346893370,15832122,15818,15818,0,0,0,-0.4795694351196289,0,-0.0036630630493164062,0,-0.0048847198486328125
13349091876,15834122,15819,15819,0,0,0,-0.4795694351196289,0,0.0036630630493164062,0,-0.0048847198486328125
13351290382,15837121,15822,15822,0,0,0,-0.4799528121948242,0,-0.01831531524658203,0,-0.014652252197265625
13353488888,15839121,15824,15824,0,0,0,-0.4795694351196289,0,0.0036630630493164062,0,-0.014652252197265625
13355687394,15841121,15826,15826,0,0,0,-0.4795694351196289,0,0.0036630630493164062,0,-0.014652252197265625
13357885900,15842123,15827,15827,0,0,0,-0.4795694351196289,0,0.0036630630493164062,0,-0.014652252197265625
13359818236,15846121,15831,15831,0,0,0,-0.4795694351196289,0,-0.010989189147949219,0,-0.014652252197265625
13361750562,15848120,15833,15833,0,0,0,-0.4795694351196289,0,0.010989189147949219,0,-0.014652252197265625
13363682888,15849121,15834,15834,0,0,0,-0.4795694351196289,0,-0.010989189147949219,0,-0.014652252197265625
13365615214,15851125,15836,15836,0,0,0,-0.4795694351196289,0,-0.010989189147949219,0,-0.014652252197265625
13367547540,15853121,15838,15838,0,0,0,-0.4795694351196289,0,-0.0036630630493164062,0,-0.014652252197265625
13369479866,15855132,15840,15840,0,0,0,-0.4795694351196289,0,0.0036630630493164062,0,-0.014652252197265625
13371412192,15857129,15842,15842,0,0,0,-0.4795694351196289,0,-0.0036630630493164062,0,-0.014652252197265625
13373344518,15859129,15844,15844,0,0,0,-0.4795694351196289,0,-0.010989189147949219,0,-0.0048847198486328125
13375276844,15862121,15847,15847,0,0,0,-0.4795694351196289,0,0.0036630630493164062,0,-0.014652252197265625
13377209170,15863123,15848,15848,0,0,0,-0.4795694351196289,0,-0.0036630630493164062,0,-0.014652252197265625
13379141496,15865129,15850,15850,0,0,0,-0.4795694351196289,0,0.0036630630493164062,0,-0.014652252197265625
13381073822,15866121,15851,15851,0,0,0,-0.4799528121948242,0,-0.010989189147949219,0,-0.014652252197265625
13383006148,15868121,15853,15853,0,0,0,-0.4795694351196289,0,-0.01831531524658203,0,-0.014652252197265625
13384938474,15870121,15855,15855,0,0,0,-0.4795694351196289,0,-0.0036630630493164062,0,-0.014652252197265625
13386870800,15871130,15856,15856,0,0,0,-0.4795694351196289,0,0.0036630630493164062,0,-0.0048847198486328125
13390100035,15896126,15881,15881,0,0,0,-0.4795694351196289,0,-0.01831531524658203,0,-0.014652252197265625
13393329266,15902121,15887,15887,0,0,0,-0.4795694351196289,0,-0.0036630630493164062,0,-0.014652252197265625
13396558497,15904121,15889,15889,0,0,0,-0.4795694351196289,0,0.0036630630493164062,0,-0.014652252197265625
13399787728,15907121,15892,15892,0,0,0,-0.4799528121948242,0,-0.01831531524658203,0,-0.0048847198486328125
13403016959,15908121,15893,15893,0,0,0,-0.4795694351196289,0,-0.0036630630493164062,0,-0.0048847198486328125
13406246190,15909125,15894,15894,0,0,0,-0.4795694351196289,0,0.0036630630493164062,0,-0.014652252197265625
13409475421,15911121,15896,15896,0,0,0,-0.4795694351196289,0,-0.010989189147949219,0,-0.014652252197265625
13412704652,15912121,15897,15897,0,0,0,-0.4795694351196289,0,-0.0036630630493164062,0,-0.014652252197265625
13415933883,15913131,15898,15898,0,0,0,-0.4795694351196289,0,-0.0036630630493164062,0,-0.014652252197265625
13419163114,15914139,15899,15899,0,0,0,-0.4799528121948242,0,-0.010989189147949219,0,-0.014652252197265625
13422392345,15916121,15901,15901,0,0,0,-0.4795694351196289,0,0.0036630630493164062,0,-0.014652252197265625
13425621576,15917125,15902,15902,0,0,0,-0.4795694351196289,0,-0.010989189147949219,0,-0.014652252197265625
13428850807,15919121,15904,15904,0,0,0,-0.4795694351196289,0,-0.0036630630493164062,0,-0.014652252197265625
13432080038,15920121,15905,15905,0,0,0,-0.4795694351196289,0,-0.0036630630493164062,0,-0.014652252197265625
13435309269,15922120,15907,15907,0,0,0,-0.4795694351196289,0,-0.0036630630493164062,0,-0.0048847198486328125
13438538500,15923121,15908,15908,0,0,0,-0.4795694351196289,0,-0.0036630630493164062,0,-0.014652252197265625
13440256072,15929127,15914,15914,0,0,0,-0.4799528121948242,0,-0.01831531524658203,0,-0.014652252197265625
13441973638,15930124,15915,15915,0,0,0,-0.4795694351196289,0,-0.0036630630493164062,0,-0.014652252197265625
13443691204,15931121,15916,15916,0,0,0,-0.4795694351196289,0,0.0036630630493164062,0,-0.0048847198486328125
13445408770,15932121,15917,15917,0,0,0,-0.4795694351196289,0,-0.0036630630493164062,0,-0.0048847198486328125
13447126336,15933121,15918,15918,0,0,0,-0.4799528121948242,0,-0.010989189147949219,0,-0.0048847198486328125
13448843902,15934123,15919,15919,0,0,0,-0.4795694351196289,0,-0.010989189147949219,0,-0.014652252197265625
13450561468,15935129,15920,15920,0,0,0,-0.4799528121948242,0,-0.01831531524658203,0,-0.0048847198486328125
13452279034,15937122,15922,15922,0,0,0,-0.4795694351196289,0,-0.0036630630493164062,0,-0.0048847198486328125
13453996600,15939121,15924,15924,0,0,0,-0.4795694351196289,0,-0.0036630630493164062,0,-0.0048847198486328125
13455657960,15942137,15927,15927,0,0,0,-0.4795694351196289,0,-0.010989189147949219,0,-0.0048847198486328125
13457319316,15943125,15928,15928,0,0,0,-0.4795694351196289,0,-0.01831531524658203,0,-0.0048847198486328125
13458980672,15944121,15929,15929,0,0,0,-0.4795694351196289,0,0.0036630630493164062,0,-0.014652252197265625
13460642028,15946124,15931,15931,0,0,0,-0.4795694351196289,0,0.010989189147949219,0,-0.014652252197265625
13462303384,15947121,15932,15932,0,0,0,-0.4795694351196289,0,-0.010989189147949219,0,-0.014652252197265625
13463964740,15948121,15933,15933,0,0,0,-0.4795694351196289,0,-0.010989189147949219,0,-0.014652252197265625
13465626096,15949122,15934,15934,0,0,0,-0.4795694351196289,0,-0.0036630630493164062,0,-0.014652252197265625
13467287452,15951121,15936,15936,0,0,0,-0.4795694351196289,0,0.0036630630493164062,0,-0.014652252197265625
13468948808,15952123,15937,15937,0,0,0,-0.4795694351196289,0,-0.0036630630493164062,0,-0.014652252197265625
13470610164,15954124,15939,15939,0,0,0,-0.4795694351196289,0,-0.0036630630493164062,0,-0.014652252197265625
13472271520,15956135,15941,15941,0,0,0,-0.4795694351196289,0,-0.0036630630493164062,0,-0.024419784545898438
13473932876,15958122,15943,15943,0,0,0,-0.4799528121948242,0,-0.010989189147949219,0,-0.014652252197265625
13475594232,15959125,15944,15944,0,0,0,-0.4795694351196289,0,0.0036630630493164062,0,-0.014652252197265625
13477255588,15961121,15946,15946,0,0,0,-0.4795694351196289,0,-0.0036630630493164062,0,-0.014652252197265625
13478916944,15963123,15948,15948,0,0,0,-0.4795694351196289,0,-0.0036630630493164062,0,-0.014652252197265625
13480578300,15965129,15950,15950,0,0,0,-0.4795694351196289,0,-0.010989189147949219,0,-0.014652252197265625
13482258280,15968121,15954,15954,0,0,0,-0.4795694351196289,0,-0.0036630630493164062,0,-0.014652252197265625
13483938248,15970135,15955,15955,0,0,0,-0.4795694351196289,0,-0.0036630630493164062,0,-0.014652252197265625
13485618216,15972120,15957,15957,0,0,0,-0.4795694351196289,0,0.0036630630493164062,0,-0.0048847198486328125
13487298184,15974121,15959,15959,0,0,0,-0.4795694351196289,0,-0.010989189147949219,0,-0.0048847198486328125
13488978152,15975133,15960,15961,0,0,0,-0.4795694351196289,0,-0.01831531524658203,0,-0.0048847198486328125
13490658120,15977121,15962,15962,0,0,0,-0.4795694351196289,0,-0.0036630630493164062,0,-0.0048847198486328125
13492338088,15979123,15964,15964,0,0,0,-0.4799528121948242,0,-0.010989189147949219,0,-0.014652252197265625
13494018056,15980121,15965,15965,0,0,0,-0.4795694351196289,0,-0.010989189147949219,0,-0.014652252197265625
13495698024,15981121,15966,15966,0,0,0,-0.4795694351196289,0,-0.0036630630493164062,0,-0.0048847198486328125
13497377992,15983132,15968,15969,0,0,0,-0.4795694351196289,0,-0.0036630630493164062,0,-0.0048847198486328125
13499057960,15985134,15970,15970,0,0,0,-0.4795694351196289,0,-0.0036630630493164062,0,-0.0048847198486328125
13500737928,15986121,15971,15971,0,0,0,-0.4795694351196289,0,-0.010989189147949219,0,-0.0048847198486328125
13502417896,15988125,15973,15973,0,0,0,-0.4795694351196289,0,0.0036630630493164062,0,-0.0048847198486328125
13504097864,15989122,15974,15974,0,0,0,-0.4795694351196289,0,-0.0036630630493164062,0,-0.0048847198486328125
13505777832,15990121,15975,15975,0,0,0,-0.4795694351196289,0,-0.0036630630493164062,0,-0.0048847198486328125
13507457800,15992124,15977,15977,0,0,0,-0.4799528121948242,0,-0.01831531524658203,0,-0.0048847198486328125
13509357550,15996125,15981,15981,0,0,0,-0.4795694351196289,0,-0.01831531524658203,0,-0.014652252197265625
13511257300,15998135,15983,15983,0,0,0,-0.4795694351196289,0,-0.0036630630493164062,0,-0.0048847198486328125
13513157050,15999125,15984,15984,0,0,0,-0.4795694351196289,0,0.0036630630493164062,0,-0.014652252197265625
13515056800,16001123,15986,15986,0,0,0,-0.4795694351196289,0,-0.0036630630493164062,0,-0.014652252197265625
13516956550,16003121,15988,15988,0,0,0,-0.4795694351196289,0,-0.0036630630493164062,0,-0.014652252197265625
13518856300,16005129,15990,15990,0,0,0,-0.4795694351196289,0,-0.010989189147949219,0,-0.0048847198486328125
13520756050,16006121,15991,15991,0,0,0,-0.4795694351196289,0,-0.0036630630493164062,0,-0.014652252197265625
13522655800,16008122,15993,15993,0,0,0,-0.4799528121948242,0,-0.010989189147949219,0,-0.014652252197265625
13524555550,16010121,15995,15995,0,0,0,-0.4795694351196289,0,-0.0036630630493164062,0,-0.0048847198486328125
13526455300,16011129,15997,15997,0,0,0,-0.4795694351196289,0,0.0036630630493164062,0,-0.0048847198486328125
13528355050,16013125,15998,15998,0,0,0,-0.4795694351196289,0,-0.0036630630493164062,0,-0.0048847198486328125
13530254800,16015130,16000,16000,0,0,0,-0.4795694351196289,0,-0.010989189147949219,0,-0.0048847198486328125
13532154550,16017125,16002,16002,0,0,0,-0.4799528121948242,0,-0.010989189147949219,0,-0.0048847198486328125
13534054300,16018121,16003,16003,0,0,0,-0.4795694351196289,0,0.0036630630493164062,0,-0.0048847198486328125
13535954050,16020121,16005,16005,0,0,0,-0.4795694351196289,0,0.010989189147949219,0,-0.0048847198486328125
13537853800,16022120,16007,16007,0,0,0,-0.4795694351196289,0,0.0036630630493164062,0,-0.0048847198486328125
13539522370,16026135,16011,16011,0,0,0,-0.4795694351196289,0,-0.0036630630493164062,0,-0.0048847198486328125
13541190932,16028121,16013,16013,0,0,0,-0.4795694351196289,0,-0.010989189147949219,0,-0.0048847198486328125
13542859494,16029123,16014,16014,0,0,0,-0.4799528121948242,0,0.0036630630493164062,0,-0.014652252197265625
13544528056,16031121,16016,16016,0,0,0,-0.4795694351196289,0,-0.0036630630493164062,0,-0.014652252197265625
13546196618,16032121,16017,16017,0,0,0,-0.4799528121948242,0,-0.010989189147949219,0,-0.014652252197265625
13547865180,16034120,16019,16019,0,0,0,-0.4795694351196289,0,-0.010989189147949219,0,-0.014652252197265625
13549533742,16035129,16020,16020,0,0,0,-0.4795694351196289,0,0.010989189147949219,0,-0.024419784545898438
13551202304,16037123,16022,16022,0,0,0,-0.4795694351196289,0,-0.010989189147949219,0,-0.024419784545898438
13552870866,16038121,16023,16023,0,0,0,-0.4795694351196289,0,0.010989189147949219,0,-0.024419784545898438
13554539428,16040135,16025,16025,0,0,0,-0.4795694351196289,0,0.0036630630493164062,0,-0.024419784545898438
13556207990,16041129,16026,16026,0,0,0,-0.4795694351196289,0,0.010989189147949219,0,-0.024419784545898438
13557876552,16043121,16028,16028,0,0,0,-0.4795694351196289,0,-0.0036630630493164062,0,-0.024419784545898438
13559545114,16044122,16029,16030,0,0,0,-0.4795694351196289,0,0.010989189147949219,0,-0.014652252197265625
13561213676,16046125,16031,16031,0,0,0,-0.4795694351196289,0,0.0036630630493164062,0,-0.014652252197265625
13562882238,16047122,16032,16032,0,0,0,-0.4795694351196289,0,-0.010989189147949219,0,-0.014652252197265625
13564550800,16049121,16034,16034,0,0,0,-0.4795694351196289,0,-0.010989189147949219,0,-0.014652252197265625
13566093275,16055133,16040,16040,0,0,0,-0.4795694351196289,0,0.0036630630493164062,0,-0.014652252197265625
13567635750,16056120,16041,16041,0,0,0,-0.4795694351196289,0,-0.01831531524658203,0,-0.014652252197265625
13569178225,16058123,16043,16043,0,0,0,-0.4795694351196289,0,-0.010989189147949219,0,-0.0048847198486328125
13570720700,16059121,16044,16044,0,0,0,-0.4799528121948242,0,-0.0036630630493164062,0,-0.0048847198486328125
13572263175,16060121,16045,16045,0,0,0,-0.4795694351196289,0,-0.01831531524658203,0,-0.0048847198486328125
13573805650,16061121,16046,16046,0,0,0,-0.4795694351196289,0,0.0036630630493164062,0,-0.0048847198486328125
13575348125,16062124,16048,16048,0,0,0,-0.4795694351196289,0,0.0036630630493164062,0,-0.0048847198486328125
13576890600,16064121,16049,16049,0,0,0,-0.4795694351196289,0,-0.0036630630493164062,0,-0.0048847198486328125
13578433075,16065129,16050,16050,0,0,0,-0.4795694351196289,0,-0.010989189147949219,0,-0.0048847198486328125
13579975550,16066122,16051,16051,0,0,0,-0.4795694351196289,0,0.0036630630493164062,0,-0.0048847198486328125
13581518025,16067133,16052,16052,0,0,0,-0.4795694351196289,0,-0.0036630630493164062,0,-0.014652252197265625
13583060500,16068135,16053,16053,0,0,0,-0.4795694351196289,0,-0.010989189147949219,0,-0.014652252197265625
13584602975,16070124,16055,16055,0,0,0,-0.4795694351196289,0,-0.0036630630493164062,0,-0.014652252197265625
13586145450,16071121,16056,16056,0,0,0,-0.4795694351196289,0,0.0036630630493164062,0,-0.014652252197265625
13587687925,16073121,16058,16058,0,0,0,-0.4795694351196289,0,0.0036630630493164062,0,-0.014652252197265625
13589230400,16074122,16059,16059,0,0,0,-0.4795694351196289,0,-0.0036630630493164062,0,-0.0048847198486328125
13590912005,16077121,16062,16062,0,0,0,-0.4795694351196289,0,0.0036630630493164062,0,-0.0048847198486328125
13592593598,16078121,16063,16063,0,0,0,-0.4795694351196289,0,-0.010989189147949219,0,-0.014652252197265625
13594275191,16079123,16064,16064,0,0,0,-0.4795694351196289,0,-0.01831531524658203,0,-0.0048847198486328125
13595956784,16080121,16065,16065,0,0,0,-0.4795694351196289,0,-0.0036630630493164062,0,-0.0048847198486328125
13597638377,16081129,16066,16066,0,0,0,-0.4795694351196289,0,0.0036630630493164062,0,-0.0048847198486328125
13599319970,16083128,16068,16068,0,0,0,-0.4795694351196289,0,0.0036630630493164062,0,-0.0048847198486328125
13601001563,16084121,16069,16069,0,0,0,-0.4795694351196289,0,-0.010989189147949219,0,-0.0048847198486328125
13602683156,16085129,16070,16070,0,0,0,-0.4799528121948242,0,0.0036630630493164062,0,-0.0048847198486328125
13604364749,16086120,16072,16072,0,0,0,-0.4795694351196289,0,0.0036630630493164062,0,-0.0048847198486328125
13606046342,16088121,16073,16073,0,0,0,-0.4795694351196289,0,-0.01831531524658203,0,-0.014652252197265625
13607727935,16089121,16074,16074,0,0,0,-0.4795694351196289,0,-0.0036630630493164062,0,-0.014652252197265625
13609409528,16094121,16079,16079,0,0,0,-0.4795694351196289,0,-0.0036630630493164062,0,-0.014652252197265625
13611091121,16096140,16081,16081,0,0,0,-0.4795694351196289,0,-0.0036630630493164062,0,-0.0048847198486328125
13612772714,16097125,16082,16082,0,0,0,-0.4795694351196289,0,-0.01831531524658203,0,-0.014652252197265625
13614454307,16099125,16084,16084,0,0,0,-0.4795694351196289,0,-0.0036630630493164062,0,-0.014652252197265625
13616135900,16101123,16086,16086,0,0,0,-0.4795694351196289,0,-0.010989189147949219,0,-0.014652252197265625
13618079780,16106121,16091,16091,0,0,0,-0.4795694351196289,0,0.010989189147949219,0,-0.014652252197265625
13620023648,16108123,16093,16093,0,0,0,-0.4795694351196289,0,-0.010989189147949219,0,-0.014652252197265625
13621967516,16109129,16094,16094,0,0,0,-0.4795694351196289,0,-0.0036630630493164062,0,-0.014652252197265625
13623911384,16111125,16096,16096,0,0,0,-0.4795694351196289,0,-0.0036630630493164062,0,-0.014652252197265625
13625855252,16112124,16097,16097,0,0,0,-0.4795694351196289,0,-0.0036630630493164062,0,-0.014652252197265625
13627799120,16114121,16099,16099,0,0,0,-0.4795694351196289,0,-0.0036630630493164062,0,-0.014652252197265625
13629742988,16116123,16101,16101,0,0,0,-0.4795694351196289,0,0.010989189147949219,0,-0.014652252197265625
13631686856,16118121,16103,16103,0,0,0,-0.4795694351196289,0,-0.010989189147949219,0,-0.0048847198486328125
13633630724,16120124,16105,16105,0,0,0,-0.4795694351196289,0,-0.010989189147949219,0,-0.014652252197265625
13635574592,16122120,16107,16107,0,0,0,-0.4795694351196289,0,0.010989189147949219,0,-0.014652252197265625
13637518460,16123129,16109,16109,0,0,0,-0.4795694351196289,0,-0.0036630630493164062,0,-0.014652252197265625
13639462328,16125137,16110,16110,0,0,0,-0.4795694351196289,0,0.0036630630493164062,0,-0.014652252197265625
13641406196,16127121,16112,16112,0,0,0,-0.4795694351196289,0,-0.0036630630493164062,0,-0.014652252197265625
13643350064,16128124,16113,16113,0,0,0,-0.4795694351196289,0,-0.0036630630493164062,0,-0.014652252197265625
13645293932,16130120,16115,16115,0,0,0,-0.4795694351196289,0,0.0036630630493164062,0,-0.014652252197265625
13647237800,16132123,16117,16117,0,0,0,-0.4795694351196289,0,-0.010989189147949219,0,-0.024419784545898438
13648856035,16135129,16120,16120,0,0,0,-0.4795694351196289,0,-0.010989189147949219,0,-0.014652252197265625
13650342101,16138135,16123,16123,0,0,0,-0.4795694351196289,0,0.0036630630493164062,0,-0.014652252197265625
13651828167,16140121,16125,16125,0,0,0,-0.4795694351196289,0,-0.0036630630493164062,0,-0.0048847198486328125
13653314233,16141125,16126,16126,0,0,0,-0.4795694351196289,0,-0.010989189147949219,0,-0.014652252197265625
13654800299,16142121,16127,16127,0,0,0,-0.4795694351196289,0,0.0036630630493164062,0,-0.014652252197265625
13656286365,16143121,16128,16129,0,0,0,-0.4795694351196289,0,-0.0036630630493164062,0,-0.014652252197265625
13657772431,16145132,16130,16130,0,0,0,-0.4795694351196289,0,-0.010989189147949219,0,-0.014652252197265625
13659258497,16146121,16131,16131,0,0,0,-0.4795694351196289,0,-0.0036630630493164062,0,-0.0048847198486328125
13660744563,16147121,16132,16132,0,0,0,-0.4795694351196289,0,-0.0036630630493164062,0,-0.0048847198486328125
13662230629,16148121,16133,16133,0,0,0,-0.4795694351196289,0,-0.0036630630493164062,0,-0.0048847198486328125
13663716695,16150128,16135,16135,0,0,0,-0.4795694351196289,0,-0.010989189147949219,0,-0.0048847198486328125
13665202761,16151129,16136,16136,0,0,0,-0.4799528121948242,0,-0.010989189147949219,0,-0.014652252197265625
13666688827,16153127,16138,16138,0,0,0,-0.4795694351196289,0,0.010989189147949219,0,-0.014652252197265625
13668174893,16155130,16140,16140,0,0,0,-0.4795694351196289,0,-0.0036630630493164062,0,-0.014652252197265625
13669660959,16156120,16141,16141,0,0,0,-0.4795694351196289,0,-0.0036630630493164062,0,-0.014652252197265625
13671147025,16158121,16143,16143,0,0,0,-0.4795694351196289,0,0.0036630630493164062,0,-0.014652252197265625
13672633091,16164121,16149,16149,0,0,0,-0.4795694351196289,0,-0.0036630630493164062,0,-0.014652252197265625
13674119157,16165137,16150,16150,0,0,0,-0.4795694351196289,0,-0.010989189147949219,0,-0.014652252197265625
13675605223,16166137,16151,16151,0,0,0,-0.4795694351196289,0,-0.0036630630493164062,0,-0.014652252197265625
13677091289,16167125,16152,16152,0,0,0,-0.4795694351196289,0,0.0036630630493164062,0,-0.014652252197265625
13678577355,16168121,16153,16153,0,0,0,-0.4795694351196289,0,0.0036630630493164062,0,-0.014652252197265625
13680063421,16170125,16155,16155,0,0,0,-0.4795694351196289,0,-0.010989189147949219,0,-0.014652252197265625
13681549487,16171121,16156,16156,0,0,0,-0.4795694351196289,0,0.010989189147949219,0,-0.014652252197265625
13683035553,16172122,16157,16157,0,0,0,-0.4795694351196289,0,-0.0036630630493164062,0,-0.014652252197265625
13684521619,16173121,16158,16158,0,0,0,-0.4795694351196289,0,-0.0036630630493164062,0,-0.0048847198486328125
13686007685,16174123,16159,16159,0,0,0,-0.4795694351196289,0,0.0036630630493164062,0,-0.0048847198486328125
13687493751,16175133,16160,16160,0,0,0,-0.4795694351196289,0,0.0036630630493164062,0,-0.0048847198486328125
13688979817,16176121,16161,16161,0,0,0,-0.4795694351196289,0,-0.01831531524658203,0,-0.0048847198486328125
13690465883,16177121,16162,16162,0,0,0,-0.4795694351196289,0,-0.0036630630493164062,0,-0.014652252197265625
13691951949,16178125,16163,16163,0,0,0,-0.4795694351196289,0,-0.010989189147949219,0,-0.014652252197265625
13693438015,16179131,16164,16164,0,0,0,-0.4795694351196289,0,-0.010989189147949219,0,-0.014652252197265625
13694924081,16180135,16165,16165,0,0,0,-0.4795694351196289,0,-0.0036630630493164062,0,-0.014652252197265625
13696413100,16183121,16168,16168,0,0,0,-0.4795694351196289,0,-0.010989189147949219,0,-0.0048847198486328125
13697902100,16184121,16169,16169,0,0,0,-0.4795694351196289,0,-0.0036630630493164062,0,-0.0048847198486328125
13699391100,16185129,16170,16170,0,0,0,-0.4795694351196289,0,-0.010989189147949219,0,-0.0048847198486328125
13700880100,16187121,16172,16172,0,0,0,-0.4795694351196289,0,-0.0036630630493164062,0,-0.0048847198486328125
13702369100,16188120,16173,16173,0,0,0,-0.4795694351196289,0,-0.0036630630493164062,0,-0.0048847198486328125
13703858100,16189122,16174,16174,0,0,0,-0.4795694351196289,0,-0.0036630630493164062,0,-0.0048847198486328125
13705347100,16190122,16175,16175,0,0,0,-0.4795694351196289,0,-0.0036630630493164062,0,-0.0048847198486328125
13706836100,16191125,16176,16176,0,0,0,-0.4795694351196289,0,0.010989189147949219,0,0.0048847198486328125
13708325100,16192121,16177,16177,0,0,0,-0.4795694351196289,0,-0.01831531524658203,0,-0.0048847198486328125
13709814100,16193128,16178,16178,0,0,0,-0.4795694351196289,0,-0.010989189147949219,0,-0.0048847198486328125
13711303100,16194135,16179,16179,0,0,0,-0.4795694351196289,0,-0.010989189147949219,0,-0.014652252197265625
13712792100,16195135,16180,16180,0,0,0,-0.4795694351196289,0,-0.0036630630493164062,0,-0.014652252197265625
13714281100,16196121,16181,16181,0,0,0,-0.4795694351196289,0,-0.0036630630493164062,0,-0.014652252197265625
13715770100,16200130,16186,16186,0,0,0,-0.4795694351196289,0,-0.0036630630493164062,0,-0.014652252197265625
13717259100,16202121,16187,16187,0,0,0,-0.4795694351196289,0,0.010989189147949219,0,-0.014652252197265625
13718748100,16203123,16188,16188,0,0,0,-0.4795694351196289,0,-0.0036630630493164062,0,-0.014652252197265625
13720719055,16207132,16192,16192,0,0,0,-0.4795694351196289,0,0.010989189147949219,0,-0.0048847198486328125
13722689998,16208137,16193,16193,0,0,0,-0.4795694351196289,0,-0.0036630630493164062,0,-0.014652252197265625
13724660941,16210121,16195,16195,0,0,0,-0.4795694351196289,0,-0.0036630630493164062,0,-0.014652252197265625
13726631884,16211122,16196,16196,0,0,0,-0.4795694351196289,0,-0.0036630630493164062,0,-0.014652252197265625
13728602827,16213121,16198,16198,0,0,0,-0.4799528121948242,0,-0.01831531524658203,0,-0.014652252197265625
13730573770,16216121,16201,16201,0,0,0,-0.4795694351196289,0,0.0036630630493164062,0,-0.0048847198486328125
13732544713,16217121,16202,16202,0,0,0,-0.4795694351196289,0,-0.0036630630493164062,0,-0.014652252197265625
13734515656,16220124,16205,16205,0,0,0,-0.4795694351196289,0,-0.010989189147949219,0,-0.014652252197265625
13736486599,16222135,16207,16207,0,0,0,-0.4795694351196289,0,-0.01831531524658203,0,-0.014652252197265625
13738457542,16224123,16209,16209,0,0,0,-0.4795694351196289,0,0.010989189147949219,0,-0.0048847198486328125
13740428485,16225129,16210,16210,0,0,0,-0.4795694351196289,0,0.010989189147949219,0,-0.0048847198486328125
13742399428,16227121,16212,16212,0,0,0,-0.4795694351196289,0,-0.025641441345214844,0,-0.0048847198486328125
13744370371,16228124,16213,16213,0,0,0,-0.4795694351196289,0,0.0036630630493164062,0,-0.0048847198486328125
13746341314,16230121,16215,16215,0,0,0,-0.4799528121948242,0,-0.01831531524658203,0,-0.014652252197265625
13748312257,16231121,16216,16217,0,0,0,-0.4795694351196289,0,0.010989189147949219,0,-0.0048847198486328125
13750283200,16234121,16219,16219,0,0,0,-0.4795694351196289,0,0.0036630630493164062,0,-0.0048847198486328125
13752251205,16239122,16224,16224,0,0,0,-0.4795694351196289,0,-0.0036630630493164062,0,-0.0048847198486328125
13754219198,16240122,16225,16225,0,0,0,-0.4795694351196289,0,0.0036630630493164062,0,-0.0048847198486328125
13756187191,16242121,16227,16227,0,0,0,-0.4795694351196289,0,0.010989189147949219,0,-0.0048847198486328125
13758155184,16244124,16229,16229,0,0,0,-0.4795694351196289,0,-0.0036630630493164062,0,-0.0048847198486328125
13760123177,16245131,16230,16230,0,0,0,-0.4795694351196289,0,-0.0036630630493164062,0,-0.0048847198486328125
13762091170,16247121,16232,16232,0,0,0,-0.4795694351196289,0,-0.010989189147949219,0,-0.0048847198486328125
13764059163,16249133,16234,16234,0,0,0,-0.4795694351196289,0,0.0036630630493164062,0,-0.0048847198486328125
13766027156,16250143,16236,16236,0,0,0,-0.4795694351196289,0,-0.0036630630493164062,0,-0.0048847198486328125
13767995149,16253123,16238,16238,0,0,0,-0.4795694351196289,0,-0.010989189147949219,0,-0.0048847198486328125
13769963142,16254120,16240,16240,0,0,0,-0.4795694351196289,0,0.0036630630493164062,0,-0.014652252197265625
13771931135,16257125,16242,16242,0,0,0,-0.4795694351196289,0,-0.0036630630493164062,0,-0.014652252197265625
13773899128,16259121,16244,16244,0,0,0,-0.4795694351196289,0,-0.010989189147949219,0,-0.014652252197265625
13775867121,16261123,16246,16246,0,0,0,-0.4795694351196289,0,-0.0036630630493164062,0,-0.014652252197265625
13777835114,16262121,16247,16247,0,0,0,-0.4795694351196289,0,-0.01831531524658203,0,-0.0048847198486328125
13779803107,16264135,16249,16249,0,0,0,-0.4795694351196289,0,-0.010989189147949219,0,-0.0048847198486328125
13781771100,16266121,16251,16251,0,0,0,-0.4795694351196289,0,-0.010989189147949219,0,-0.0048847198486328125
13784199845,16274120,16259,16259,0,0,0,-0.4795694351196289,0,0.0036630630493164062,0,-0.0048847198486328125
13786628582,16276121,16261,16261,0,0,0,-0.4795694351196289,0,-0.0036630630493164062,0,-0.0048847198486328125
13789057319,16278139,16263,16263,0,0,0,-0.4795694351196289,0,-0.01831531524658203,0,-0.0048847198486328125
13791486056,16279126,16264,16264,0,0,0,-0.4795694351196289,0,-0.0036630630493164062,0,-0.014652252197265625
13793914793,16281121,16266,16266,0,0,0,-0.4795694351196289,0,0.01831531524658203,0,-0.014652252197265625
13796343530,16282123,16267,16267,0,0,0,-0.4795694351196289,0,-0.0036630630493164062,0,-0.0048847198486328125
13798772267,16284121,16269,16269,0,0,0,-0.4795694351196289,0,-0.010989189147949219,0,-0.0048847198486328125
13801201004,16286124,16271,16271,0,0,0,-0.4795694351196289,0,0.0036630630493164062,0,-0.0048847198486328125
13803629741,16288121,16273,16273,0,0,0,-0.4795694351196289,0,-0.0036630630493164062,0,-0.0048847198486328125
13806058478,16292135,16278,16278,0,0,0,-0.4795694351196289,0,-0.010989189147949219,0,-0.0048847198486328125
13808487215,16294124,16279,16279,0,0,0,-0.4795694351196289,0,-0.010989189147949219,0,-0.014652252197265625
13810915952,16296121,16281,16281,0,0,0,-0.4799528121948242,0,-0.01831531524658203,0,-0.014652252197265625
13813344689,16298122,16283,16283,0,0,0,-0.4799528121948242,0,-0.0036630630493164062,0,-0.014652252197265625
13815773426,16300131,16285,16285,0,0,0,-0.4795694351196289,0,0.0036630630493164062,0,-0.014652252197265625
13818202163,16302124,16287,16287,0,0,0,-0.4795694351196289,0,0.0036630630493164062,0,-0.0048847198486328125
13820630900,16305137,16290,16290,0,0,0,-0.4795694351196289,0,0.010989189147949219,0,-0.0048847198486328125
13822596936,16309122,16294,16294,0,0,0,-0.4795694351196289,0,0.0036630630493164062,0,-0.0048847198486328125
13824562964,16310121,16295,16296,0,0,0,-0.4799528121948242,0,-0.025641441345214844,0,-0.0048847198486328125
13826528992,16312121,16297,16297,0,0,0,-0.4795694351196289,0,-0.0036630630493164062,0,-0.0048847198486328125
13828495020,16314121,16299,16299,0,0,0,-0.4795694351196289,0,-0.0036630630493164062,0,-0.014652252197265625
13830461048,16316121,16301,16301,0,0,0,-0.4795694351196289,0,-0.010989189147949219,0,-0.014652252197265625
13832427076,16318121,16303,16303,0,0,0,-0.4799528121948242,0,-0.025641441345214844,0,-0.014652252197265625
13834393104,16321125,16306,16306,0,0,0,-0.4795694351196289,0,0.0036630630493164062,0,-0.014652252197265625
13836359132,16322120,16307,16307,0,0,0,-0.4795694351196289,0,-0.0036630630493164062,0,-0.024419784545898438
13838325160,16324120,16309,16309,0,0,0,-0.4795694351196289,0,-0.010989189147949219,0,-0.014652252197265625
13840291188,16325129,16310,16310,0,0,0,-0.4795694351196289,0,0.0036630630493164062,0,-0.014652252197265625
13842257216,16327123,16312,16312,0,0,0,-0.4799528121948242,0,-0.01831531524658203,0,-0.014652252197265625
13844223244,16329121,16314,16314,0,0,0,-0.4795694351196289,0,0.0036630630493164062,0,-0.014652252197265625
13846189272,16330120,16315,16315,0,0,0,-0.4795694351196289,0,-0.0036630630493164062,0,-0.014652252197265625
13848155300,16332122,16317,16317,0,0,0,-0.4795694351196289,0,-0.010989189147949219,0,-0.0048847198486328125
13850003505,16338120,16323,16323,0,0,0,-0.4795694351196289,0,-0.0036630630493164062,0,-0.0048847198486328125
13851851698,16339121,16324,16324,0,0,0,-0.4795694351196289,0,-0.0036630630493164062,0,-0.014652252197265625
13853699891,16341121,16326,16326,0,0,0,-0.4795694351196289,0,0.010989189147949219,0,-0.014652252197265625
13855548084,16342121,16327,16327,0,0,0,-0.4795694351196289,0,0.0036630630493164062,0,-0.0048847198486328125
13857396277,16344125,16329,16329,0,0,0,-0.4795694351196289,0,-0.0036630630493164062,0,-0.0048847198486328125
13859244470,16345129,16330,16330,0,0,0,-0.4799528121948242,0,-0.01831531524658203,0,-0.0048847198486328125
13861092663,16346121,16331,16331,0,0,0,-0.4799528121948242,0,-0.01831531524658203,0,-0.0048847198486328125
13862940856,16347129,16332,16332,0,0,0,-0.4795694351196289,0,0.0036630630493164062,0,-0.0048847198486328125
13864789049,16349129,16334,16334,0,0,0,-0.4795694351196289,0,-0.010989189147949219,0,-0.014652252197265625
13866637242,16351121,16336,16336,0,0,0,-0.4795694351196289,0,0.010989189147949219,0,-0.014652252197265625
13868485435,16353121,16338,16338,0,0,0,-0.4799528121948242,0,-0.0036630630493164062,0,-0.0048847198486328125
13870333628,16355129,16340,16340,0,0,0,-0.4795694351196289,0,0.0036630630493164062,0,-0.0048847198486328125
13872181821,16357125,16342,16342,0,0,0,-0.4795694351196289,0,-0.0036630630493164062,0,-0.0048847198486328125
13874030014,16358121,16343,16343,0,0,0,-0.4795694351196289,0,-0.0036630630493164062,0,-0.0048847198486328125
13875878207,16360124,16345,16345,0,0,0,-0.4795694351196289,0,-0.010989189147949219,0,-0.014652252197265625
13877726400,16362135,16347,16347,0,0,0,-0.4795694351196289,0,-0.01831531524658203,0,-0.014652252197265625
13879579830,16366121,16351,16351,0,0,0,-0.4795694351196289,0,-0.0036630630493164062,0,-0.0048847198486328125
13881433248,16368121,16353,16353,0,0,0,-0.4795694351196289,0,-0.0036630630493164062,0,-0.0048847198486328125
13883286666,16370121,16355,16355,0,0,0,-0.4799528121948242,0,-0.010989189147949219,0,-0.0048847198486328125
13885140084,16372120,16357,16357,0,0,0,-0.4795694351196289,0,-0.0036630630493164062,0,-0.0048847198486328125
13886993502,16374121,16359,16359,0,0,0,-0.4795694351196289,0,-0.010989189147949219,0,-0.014652252197265625
13888846920,16375137,16361,16361,0,0,0,-0.4799528121948242,0,-0.01831531524658203,0,-0.014652252197265625
13890700338,16377127,16363,16363,0,0,0,-0.4795694351196289,0,-0.0036630630493164062,0,-0.014652252197265625
13892553756,16379121,16364,16364,0,0,0,-0.4795694351196289,0,0.010989189147949219,0,-0.0048847198486328125
13894407174,16381125,16366,16366,0,0,0,-0.4799528121948242,0,-0.01831531524658203,0,0.0048847198486328125
13896260592,16382120,16367,16367,0,0,0,-0.4799528121948242,0,-0.010989189147949219,0,0.0048847198486328125
13898114010,16384121,16369,16369,0,0,0,-0.4799528121948242,0,0.0036630630493164062,0,-0.0048847198486328125
13899967428,16385131,16370,16370,0,0,0,-0.4799528121948242,0,-0.010989189147949219,0,-0.0048847198486328125
13901820846,16387121,16372,16372,0,0,0,-0.4799528121948242,0,-0.0036630630493164062,0,-0.0048847198486328125
13903674264,16388121,16373,16373,0,0,0,-0.4799528121948242,0,-0.01831531524658203,0,-0.014652252197265625
13905527682,16390137,16375,16375,0,0,0,-0.4799528121948242,0,-0.010989189147949219,0,-0.014652252197265625
13907381100,16392121,16377,16377,0,0,0,-0.4799528121948242,0,-0.0036630630493164062,0,-0.014652252197265625
13909678825,16401123,16386,16386,0,0,0,-0.4799528121948242,0,-0.025641441345214844,0,-0.0048847198486328125
13911976550,16403129,16388,16388,0,0,0,-0.4799528121948242,0,-0.01831531524658203,0,-0.0048847198486328125
13914274275,16405134,16390,16390,0,0,0,-0.4799528121948242,0,-0.0036630630493164062,0,-0.0048847198486328125
13916572000,16406122,16391,16391,0,0,0,-0.4799528121948242,0,-0.010989189147949219,0,-0.0048847198486328125
13918869725,16408121,16393,16393,0,0,0,-0.4799528121948242,0,-0.025641441345214844,0,-0.014652252197265625
13921167450,16410124,16395,16395,0,0,0,-0.4799528121948242,0,-0.0036630630493164062,0,-0.014652252197265625
13923465175,16411121,16396,16397,0,0,0,-0.4799528121948242,0,-0.01831531524658203,0,-0.014652252197265625
13925762900,16413121,16398,16398,0,0,0,-0.4799528121948242,0,-0.025641441345214844,0,-0.014652252197265625
13928060625,16415134,16400,16400,0,0,0,-0.4799528121948242,0,-0.01831531524658203,0,-0.0048847198486328125
13930358350,16417129,16402,16402,0,0,0,-0.4799528121948242,0,-0.0036630630493164062,0,-0.0048847198486328125
13932656075,16419127,16404,16404,0,0,0,-0.4799528121948242,0,0.0036630630493164062,0,-0.0048847198486328125
13934953800,16421121,16406,16406,0,0,0,-0.4799528121948242,0,-0.010989189147949219,0,-0.0048847198486328125
13937251525,16423125,16408,16408,0,0,0,-0.48033618927001953,0,-0.01831531524658203,0,-0.0048847198486328125
13939549250,16425129,16411,16411,0,0,0,-0.4799528121948242,0,-0.0036630630493164062,0,-0.014652252197265625
13941846975,16427123,16412,16412,0,0,0,-0.48033618927001953,0,-0.0036630630493164062,0,-0.0048847198486328125
13944144700,16429121,16414,16414,0,0,0,-0.48033618927001953,0,-0.025641441345214844,0,-0.014652252197265625
13946058700,16432136,16417,16417,0,0,0,-0.48033618927001953,0,-0.0036630630493164062,0,-0.014652252197265625
13947972700,16434121,16419,16419,0,0,0,-0.48033618927001953,0,-0.010989189147949219,0,-0.0048847198486328125
13949886700,16436124,16421,16421,0,0,0,-0.48033618927001953,0,-0.01831531524658203,0,-0.0048847198486328125
13951800700,16438121,16423,16423,0,0,0,-0.48033618927001953,0,-0.01831531524658203,0,-0.0048847198486328125
13953714700,16441121,16426,16426,0,0,0,-0.48033618927001953,0,-0.010989189147949219,0,-0.0048847198486328125
13955628700,16442121,16427,16427,0,0,0,-0.48033618927001953,0,-0.010989189147949219,0,-0.0048847198486328125
13957542700,16444124,16429,16429,0,0,0,-0.48033618927001953,0,-0.010989189147949219,0,-0.0048847198486328125
13959456700,16445137,16430,16430,0,0,0,-0.48033618927001953,0,-0.010989189147949219,0,-0.0048847198486328125
13961370700,16447129,16432,16432,0,0,0,-0.48033618927001953,0,-0.01831531524658203,0,-0.0048847198486328125
13963284700,16449121,16434,16434,0,0,0,-0.48033618927001953,0,-0.01831531524658203,0,-0.0048847198486328125
13965198700,16450129,16435,16435,0,0,0,-0.48033618927001953,0,-0.010989189147949219,0,-0.0048847198486328125
13967112700,16452127,16437,16437,0,0,0,-0.48033618927001953,0,-0.025641441345214844,0,-0.0048847198486328125
13969026700,16454120,16439,16439,0,0,0,-0.48033618927001953,0,-0.01831531524658203,0,-0.0048847198486328125
13970940700,16456123,16441,16441,0,0,0,-0.48071956634521484,0,-0.010989189147949219,0,-0.0048847198486328125
13972854700,16457121,16442,16442,0,0,0,-0.48071956634521484,0,-0.025641441345214844,0,-0.0048847198486328125
13974827350,16461125,16446,16446,0,0,0,-0.48071956634521484,0,-0.03296661376953125,0,-0.0048847198486328125
13976800000,16463121,16448,16448,0,0,0,-0.48071956634521484,0,-0.010989189147949219,0,-0.0048847198486328125
13978772650,16464123,16450,16450,0,0,0,-0.48071956634521484,0,-0.03296661376953125,0,-0.0048847198486328125
13980745300,16467121,16452,16452,0,0,0,-0.48071956634521484,0,-0.025641441345214844,0,-0.0048847198486328125
13982717950,16469121,16454,16454,0,0,0,-0.48071956634521484,0,-0.01831531524658203,0,-0.0048847198486328125
13984690600,16471122,16456,16456,0,0,0,-0.48071956634521484,0,-0.025641441345214844,0,0.0048847198486328125
13986663250,16473132,16458,16458,0,0,0,-0.48110389709472656,0,-0.03296661376953125,0,0.0048847198486328125
13988635900,16474135,16459,16459,0,0,0,-0.48110389709472656,0,-0.04029273986816406,0,0.0048847198486328125
13990608550,16476124,16461,16461,0,0,0,-0.48110389709472656,0,-0.025641441345214844,0,0.0048847198486328125
13992581200,16478120,16463,16463,0,0,0,-0.48110389709472656,0,-0.03296661376953125,0,0.0048847198486328125
13994553850,16480122,16465,16465,0,0,0,-0.48110389709472656,0,-0.03296661376953125,0,0.0048847198486328125
13996526500,16482121,16467,16467,0,0,0,-0.48110389709472656,0,-0.03296661376953125,0,0.0048847198486328125
13998499150,16483121,16469,16469,0,0,0,-0.4814872741699219,0,-0.04029273986816406,0,0.0048847198486328125
14000471800,16486120,16471,16471,0,0,0,-0.4814872741699219,0,-0.04029273986816406,0,0.0048847198486328125
14002444450,16487129,16472,16472,0,0,0,-0.4814872741699219,0,-0.03296661376953125,0,0.0048847198486328125
14004417100,16489128,16474,16474,0,0,0,-0.4814872741699219,0,-0.047618865966796875,0,-0.0048847198486328125
14006337080,16492121,16477,16478,0,0,0,-0.4814872741699219,0,-0.04029273986816406,0,-0.014652252197265625
14008257048,16494124,16479,16479,0,0,0,-0.4818706512451172,0,-0.04029273986816406,0,-0.014652252197265625
14010177016,16496121,16481,16481,0,0,0,-0.4818706512451172,0,-0.04029273986816406,0,-0.0048847198486328125
14012096984,16498121,16483,16483,0,0,0,-0.4818706512451172,0,-0.047618865966796875,0,-0.0048847198486328125
14014016952,16500130,16485,16485,0,0,0,-0.4818706512451172,0,-0.04029273986816406,0,-0.0048847198486328125
14015936920,16501132,16486,16487,0,0,0,-0.4818706512451172,0,-0.047618865966796875,0,-0.0048847198486328125
14017856888,16504120,16489,16489,0,0,0,-0.4822540283203125,0,-0.05494499206542969,0,-0.0048847198486328125
14019776856,16506122,16491,16491,0,0,0,-0.4822540283203125,0,-0.047618865966796875,0,-0.0048847198486328125
14021696824,16507121,16492,16492,0,0,0,-0.4822540283203125,0,-0.047618865966796875,0,-0.0048847198486328125
14023616792,16509123,16494,16494,0,0,0,-0.4822540283203125,0,-0.047618865966796875,0,-0.0048847198486328125
14025536760,16510125,16495,16495,0,0,0,-0.4822540283203125,0,-0.047618865966796875,0,-0.0048847198486328125
14027456728,16512122,16497,16497,0,0,0,-0.4826374053955078,0,-0.04029273986816406,0,-0.0048847198486328125
14029376696,16514123,16499,16499,0,0,0,-0.4826374053955078,0,-0.0622711181640625,0,-0.0048847198486328125
14031296664,16515137,16500,16500,0,0,0,-0.4826374053955078,0,-0.047618865966796875,0,-0.0048847198486328125
14033216632,16517125,16502,16502,0,0,0,-0.4826374053955078,0,-0.05494499206542969,0,-0.0048847198486328125
14035136600,16520120,16505,16505,0,0,0,-0.4830207824707031,0,-0.0622711181640625,0,-0.0048847198486328125
14037015725,16526124,16511,16511,0,0,0,-0.48340415954589844,0,-0.0622711181640625,0,0.0048847198486328125
14038894850,16527121,16512,16512,0,0,0,-0.48340415954589844,0,-0.0622711181640625,0,0.0048847198486328125
14040773975,16528121,16513,16513,0,0,0,-0.48340415954589844,0,-0.0622711181640625,0,0.014652252197265625
14042653100,16529129,16514,16514,0,0,0,-0.48340415954589844,0,-0.05494499206542969,0,0.014652252197265625
14044532225,16531129,16516,16516,0,0,0,-0.48378753662109375,0,-0.06959724426269531,0,0.014652252197265625
14046411350,16532122,16517,16517,0,0,0,-0.48378753662109375,0,-0.07692337036132812,0,0.014652252197265625
14048290475,16534125,16519,16519,0,0,0,-0.48378753662109375,0,-0.08424949645996094,0,0.024419784545898438
14050169600,16535131,16520,16520,0,0,0,-0.48378753662109375,0,-0.06959724426269531,0,0.024419784545898438
14052048725,16537121,16522,16522,0,0,0,-0.48417186737060547,0,-0.07692337036132812,0,0.03418731689453125
14053927850,16538122,16523,16523,0,0,0,-0.48417186737060547,0,-0.0622711181640625,0,0.014652252197265625
14055806975,16540121,16525,16525,0,0,0,-0.48417186737060547,0,-0.07692337036132812,0,0.014652252197265625
14057686100,16542121,16527,16527,0,0,0,-0.4845552444458008,0,-0.07692337036132812,0,0.0048847198486328125
14059565225,16544135,16529,16529,0,0,0,-0.4845552444458008,0,-0.07692337036132812,0,-0.0048847198486328125
14061444350,16546121,16531,16531,0,0,0,-0.4849386215209961,0,-0.09157466888427734,0,-0.03418731689453125
14063323475,16548121,16533,16533,0,0,0,-0.4849386215209961,0,-0.06959724426269531,0,-0.03418731689453125
14065202600,16549121,16534,16534,0,0,0,-0.4849386215209961,0,-0.07692337036132812,0,-0.03418731689453125
14067140885,16554120,16539,16539,0,0,0,-0.4853219985961914,0,-0.09890079498291016,0,-0.014652252197265625
14069079166,16555134,16540,16541,0,0,0,-0.4857053756713867,0,-0.08424949645996094,0,-0.014652252197265625
14071017447,16558135,16543,16543,0,0,0,-0.4857053756713867,0,-0.08424949645996094,0,-0.0048847198486328125
14072955728,16560125,16545,16545,0,0,0,-0.4857053756713867,0,-0.06959724426269531,0,0.0048847198486328125
14074894009,16562120,16547,16547,0,0,0,-0.48608875274658203,0,-0.09157466888427734,0,0.014652252197265625
14076832290,16564123,16549,16549,0,0,0,-0.48647212982177734,0,-0.09890079498291016,0,0.014652252197265625
14078770571,16565129,16550,16550,0,0,0,-0.48647212982177734,0,-0.09890079498291016,0,0.03418731689453125
14080708852,16567123,16552,16552,0,0,0,-0.48647212982177734,0,-0.10622692108154297,0,0.043956756591796875
14082647133,16569121,16554,16554,0,0,0,-0.48685550689697266,0,-0.1208791732788086,0,0.05372428894042969
14084585414,16570120,16555,16555,0,0,0,-0.48685550689697266,0,-0.11355304718017578,0,0.05372428894042969
14086523695,16572137,16557,16557,0,0,0,-0.4872398376464844,0,-0.1282052993774414,0,0.05372428894042969
14088461976,16574121,16559,16559,0,0,0,-0.4876232147216797,0,-0.13553142547607422,0,0.03418731689453125
14090400257,16575129,16560,16560,0,0,0,-0.4876232147216797,0,-0.14285755157470703,0,-0.014652252197265625
14092338538,16577121,16562,16562,0,0,0,-0.488006591796875,0,-0.1208791732788086,0,-0.03418731689453125
14094276819,16578121,16563,16563,0,0,0,-0.488006591796875,0,-0.11355304718017578,0,-0.05372428894042969
14096215100,16580123,16565,16565,0,0,0,-0.488006591796875,0,-0.09157466888427734,0,-0.0634918212890625
14098107705,16584124,16569,16569,0,0,0,-0.4883899688720703,0,-0.09890079498291016,0,-0.0048847198486328125
14100000298,16587126,16572,16572,0,0,0,-0.4887733459472656,0,-0.1282052993774414,0,0.0048847198486328125
14101892891,16589125,16574,16574,0,0,0,-0.48915672302246094,0,-0.1208791732788086,0,0.0048847198486328125
14103785484,16591121,16576,16576,0,0,0,-0.48915672302246094,0,-0.11355304718017578,0,0.0048847198486328125
14105678077,16592124,16577,16577,0,0,0,-0.48954010009765625,0,-0.1208791732788086,0,0.014652252197265625
14107570670,16593123,16578,16578,0,0,0,-0.48992347717285156,0,-0.1282052993774414,0,0.03418731689453125
14109463263,16595130,16580,16580,0,0,0,-0.48992347717285156,0,-0.13553142547607422,0,0.03418731689453125
14111355856,16596123,16581,16581,0,0,0,-0.4903078079223633,0,-0.15018272399902344,0,0.03418731689453125
14113248449,16598121,16583,16583,0,0,0,-0.4903078079223633,0,-0.15750885009765625,0,0.024419784545898438
14115141042,16600144,16585,16585,0,0,0,-0.4906911849975586,0,-0.15750885009765625,0,-0.024419784545898438
14117033635,16601129,16586,16586,0,0,0,-0.4910745620727539,0,-0.15750885009765625,0,-0.07325935363769531
14118926228,16604120,16589,16589,0,0,0,-0.4910745620727539,0,-0.11355304718017578,0,-0.08302879333496094
14120818821,16605133,16590,16590,0,0,0,-0.4910745620727539,0,-0.09890079498291016,0,-0.0634918212890625
14122711414,16607121,16592,16592,0,0,0,-0.4914579391479492,0,-0.10622692108154297,0,-0.024419784545898438
14124604007,16609123,16594,16594,0,0,0,-0.49184131622314453,0,-0.1208791732788086,0,0.0048847198486328125
14126496600,16611121,16596,16596,0,0,0,-0.49184131622314453,0,-0.1282052993774414,0,0.014652252197265625
14128372880,16615133,16600,16600,0,0,0,-0.49260807037353516,0,-0.13553142547607422,0,0.05372428894042969
14130249148,16616121,16601,16601,0,0,0,-0.49260807037353516,0,-0.16483497619628906,0,0.0634918212890625
14132125416,16617122,16602,16602,0,0,0,-0.49299144744873047,0,-0.17216110229492188,0,0.0634918212890625
14134001684,16618125,16603,16603,0,0,0,-0.4933757781982422,0,-0.20879077911376953,0,0.05372428894042969
14135877952,16619121,16604,16604,0,0,0,-0.4937591552734375,0,-0.20879077911376953,0,0.014652252197265625
14137754220,16621125,16606,16606,0,0,0,-0.4937591552734375,0,-0.20146560668945312,0,-0.024419784545898438
14139630488,16625131,16610,16610,0,0,0,-0.4941425323486328,0,-0.1282052993774414,0,-0.08302879333496094
14141506756,16626125,16611,16611,0,0,0,-0.4941425323486328,0,-0.10622692108154297,0,-0.05372428894042969
14143383024,16628135,16613,16613,0,0,0,-0.4945259094238281,0,-0.1208791732788086,0,-0.03418731689453125
14145259292,16630123,16615,16615,0,0,0,-0.49490928649902344,0,-0.1282052993774414,0,0.024419784545898438
14147135560,16631121,16616,16616,0,0,0,-0.49529266357421875,0,-0.14285755157470703,0,0.07325935363769531
14149011828,16633120,16618,16618,0,0,0,-0.49529266357421875,0,-0.1794872283935547,0,0.10256385803222656
14150888096,16635129,16620,16620,0,0,0,-0.4960594177246094,0,-0.22344303131103516,0,0.10256385803222656
14152764364,16638123,16623,16623,0,0,0,-0.4968271255493164,0,-0.22344303131103516,0,-0.03418731689453125
14154640632,16640122,16625,16625,0,0,0,-0.4968271255493164,0,-0.1794872283935547,0,-0.07325935363769531
14156516900,16641128,16626,16626,0,0,0,-0.4968271255493164,0,-0.14285755157470703,0,-0.122100830078125
14159081345,16649121,16634,16634,0,0,0,-0.49797725677490234,0,-0.16483497619628906,0,0.11233139038085938
14161645782,16651123,16636,16636,0,0,0,-0.49874401092529297,0,-0.22344303131103516,0,0.1318683624267578
14164210219,16654122,16639,16639,0,0,0,-0.49951171875,0,-0.2600736618041992,0,0.024419784545898438
14166774656,16656135,16641,16641,0,0,0,-0.4998950958251953,0,-0.23809528350830078,0,-0.03418731689453125
14169339093,16659123,16644,16644,0,0,0,-0.4998950958251953,0,-0.1208791732788086,0,-0.1318683624267578
14171903530,16662120,16647,16647,0,0,0,-0.5002784729003906,0,-0.11355304718017578,0,-0.024419784545898438
14174467967,16664122,16649,16649,0,0,0,-0.5006618499755859,0,-0.1282052993774414,0,0.024419784545898438
14177032404,16666121,16651,16651,0,0,0,-0.5010452270507812,0,-0.1941394805908203,0,0.11233139038085938
14179596841,16668125,16653,16653,0,0,0,-0.5021953582763672,0,-0.28937721252441406,0,0.11233139038085938
14182161278,16671129,16656,16656,0,0,0,-0.5029630661010742,0,-0.27472496032714844,0,0.024419784545898438
14184725715,16674121,16659,16659,0,0,0,-0.5029630661010742,0,-0.14285755157470703,0,-0.11233139038085938
14187290152,16675131,16660,16660,0,0,0,-0.5029630661010742,0,-0.1208791732788086,0,-0.14163589477539062
14189854589,16677121,16662,16662,0,0,0,-0.5029630661010742,0,-0.08424949645996094,0,-0.122100830078125
14192419026,16678121,16663,16663,0,0,0,-0.5029630661010742,0,-0.07692337036132812,0,-0.08302879333496094
14194983463,16679125,16664,16664,0,0,0,-0.5033464431762695,0,-0.1282052993774414,0,0.024419784545898438
14197547900,16681121,16666,16666,0,0,0,-0.5037298202514648,0,-0.17216110229492188,0,0.07325935363769531
14199321620,16687121,16672,16672,0,0,0,-0.5056476593017578,0,-0.23809528350830078,0,0.0048847198486328125
14201095335,16688123,16673,16673,0,0,0,-0.5056476593017578,0,-0.21611690521240234,0,-0.043956756591796875
14202869050,16689121,16674,16674,0,0,0,-0.5056476593017578,0,-0.13553142547607422,0,-0.122100830078125
14204642765,16691121,16676,16676,0,0,0,-0.5056476593017578,0,-0.1282052993774414,0,-0.1318683624267578
14206416480,16692124,16678,16678,0,0,0,-0.5056476593017578,0,-0.09157466888427734,0,-0.08302879333496094
14208190195,16694121,16679,16679,0,0,0,-0.5060310363769531,0,-0.11355304718017578,0,-0.043956756591796875
14209963910,16695130,16680,16680,0,0,0,-0.5064144134521484,0,-0.16483497619628906,0,0.07325935363769531
14211737625,16697133,16682,16682,0,0,0,-0.5071811676025391,0,-0.20879077911376953,0,0.09279632568359375
14213511340,16699125,16684,16684,0,0,0,-0.5079479217529297,0,-0.2967033386230469,0,0.11233139038085938
14215285055,16700134,16685,16685,0,0,0,-0.508331298828125,0,-0.3040294647216797,0,0.08302879333496094
14217058770,16701126,16686,16686,0,0,0,-0.508331298828125,0,-0.2673988342285156,0,-0.0048847198486328125
14218832485,16703122,16688,16688,0,0,0,-0.5087156295776367,0,-0.1868133544921875,0,-0.08302879333496094
14220606200,16705133,16690,16690,0,0,0,-0.5087156295776367,0,-0.15750885009765625,0,-0.11233139038085938
14222139410,16709123,16694,16694,0,0,0,-0.509099006652832,0,-0.11355304718017578,0,-0.043956756591796875
14223672616,16710121,16695,16695,0,0,0,-0.509099006652832,0,-0.14285755157470703,0,0.014652252197265625
14225205822,16711129,16696,16696,0,0,0,-0.5098657608032227,0,-0.22344303131103516,0,0.07325935363769531
14226739028,16713129,16698,16698,0,0,0,-0.510249137878418,0,-0.2600736618041992,0,0.07325935363769531
14228272234,16715129,16700,16700,0,0,0,-0.5110158920288086,0,-0.27472496032714844,0,0.043956756591796875
14229805440,16716121,16701,16701,0,0,0,-0.5110158920288086,0,-0.23809528350830078,0,0.0048847198486328125
14231338646,16717123,16702,16702,0,0,0,-0.5110158920288086,0,-0.17216110229492188,0,-0.08302879333496094
14232871852,16719121,16704,16704,0,0,0,-0.5110158920288086,0,-0.14285755157470703,0,-0.10256385803222656
14234405058,16720120,16705,16705,0,0,0,-0.5110158920288086,0,-0.10622692108154297,0,-0.11233139038085938
14235938264,16721125,16707,16707,0,0,0,-0.5110158920288086,0,-0.10622692108154297,0,-0.08302879333496094
14237471470,16723121,16708,16708,0,0,0,-0.5113992691040039,0,-0.09890079498291016,0,-0.043956756591796875
14239004676,16724121,16709,16709,0,0,0,-0.5117835998535156,0,-0.15750885009765625,0,0.043956756591796875
14240537882,16726139,16711,16711,0,0,0,-0.5121669769287109,0,-0.1941394805908203,0,0.08302879333496094
14242071088,16727125,16712,16712,0,0,0,-0.5125503540039062,0,-0.2454214096069336,0,0.10256385803222656
14243604294,16728121,16713,16713,0,0,0,-0.5133171081542969,0,-0.28937721252441406,0,0.11233139038085938
14245137500,16730122,16715,16715,0,0,0,-0.5137004852294922,0,-0.2673988342285156,0,0.08302879333496094
14246825835,16733122,16718,16718,0,0,0,-0.5140838623046875,0,-0.20146560668945312,0,-0.05372428894042969
14248514166,16734125,16719,16719,0,0,0,-0.5140838623046875,0,-0.13553142547607422,0,-0.122100830078125
14250202497,16736121,16721,16721,0,0,0,-0.5140838623046875,0,-0.1208791732788086,0,-0.14163589477539062
14251890828,16737125,16722,16722,0,0,0,-0.5140838623046875,0,-0.10622692108154297,0,-0.1318683624267578
14253579159,16739129,16724,16724,0,0,0,-0.5140838623046875,0,-0.09890079498291016,0,-0.07325935363769531
14255267490,16740136,16725,16725,0,0,0,-0.5144672393798828,0,-0.10622692108154297,0,-0.03418731689453125
14256955821,16741126,16726,16726,0,0,0,-0.5148515701293945,0,-0.1941394805908203,0,0.0634918212890625
14258644152,16743121,16728,16728,0,0,0,-0.5156183242797852,0,-0.22344303131103516,0,0.08302879333496094
14260332483,16746123,16731,16731,0,0,0,-0.5163850784301758,0,-0.2454214096069336,0,0.024419784545898438
14262020814,16748121,16733,16733,0,0,0,-0.5163850784301758,0,-0.1794872283935547,0,-0.08302879333496094
14263709145,16750132,16735,16735,0,0,0,-0.5163850784301758,0,-0.14285755157470703,0,-0.122100830078125
14265397476,16751122,16736,16736,0,0,0,-0.5163850784301758,0,-0.10622692108154297,0,-0.14163589477539062
14267085807,16753129,16738,16738,0,0,0,-0.5163850784301758,0,-0.06959724426269531,0,-0.14163589477539062
14268774138,16754137,16739,16739,0,0,0,-0.5163850784301758,0,-0.06959724426269531,0,-0.0634918212890625
14270462469,16756121,16741,16741,0,0,0,-0.5167684555053711,0,-0.08424949645996094,0,-0.024419784545898438
14272150800,16757121,16742,16742,0,0,0,-0.5171518325805664,0,-0.10622692108154297,0,0.014652252197265625
14274430680,16763125,16748,16748,0,0,0,-0.5186862945556641,0,-0.2600736618041992,0,0.03418731689453125
14276710548,16764122,16749,16749,0,0,0,-0.5190696716308594,0,-0.23076915740966797,0,-0.014652252197265625
14278990416,16765129,16750,16750,0,0,0,-0.5190696716308594,0,-0.14285755157470703,0,-0.11233139038085938
14281270284,16767131,16752,16752,0,0,0,-0.5186862945556641,0,-0.11355304718017578,0,-0.14163589477539062
14283550152,16768136,16753,16753,0,0,0,-0.5186862945556641,0,-0.07692337036132812,0,-0.14163589477539062
14285830020,16769125,16754,16755,0,0,0,-0.5190696716308594,0,-0.05494499206542969,0,-0.11233139038085938
14288109888,16771124,16756,16756,0,0,0,-0.5190696716308594,0,-0.06959724426269531,0,-0.07325935363769531
14290389756,16772121,16757,16757,0,0,0,-0.5190696716308594,0,-0.09890079498291016,0,-0.014652252197265625
14292669624,16774121,16759,16759,0,0,0,-0.5194530487060547,0,-0.10622692108154297,0,0.0048847198486328125
14294949492,16776121,16761,16761,0,0,0,-0.51983642578125,0,-0.13553142547607422,0,0.05372428894042969
14297229360,16777122,16763,16763,0,0,0,-0.5202198028564453,0,-0.13553142547607422,0,0.05372428894042969
14299509228,16779125,16764,16764,0,0,0,-0.5202198028564453,0,-0.16483497619628906,0,0.05372428894042969
14301789096,16780121,16765,16765,0,0,0,-0.5206031799316406,0,-0.1794872283935547,0,0.043956756591796875
14304068964,16782135,16767,16767,0,0,0,-0.5209875106811523,0,-0.16483497619628906,0,0.0048847198486328125
14306348832,16787125,16772,16772,0,0,0,-0.5213708877563477,0,-0.11355304718017578,0,-0.09279632568359375
14308628700,16793121,16778,16778,0,0,0,-0.521754264831543,0,-0.08424949645996094,0,-0.014652252197265625
14310365360,16797125,16782,16782,0,0,0,-0.5221376419067383,0,-0.06959724426269531,0,-0.024419784545898438
14312102020,16798121,16783,16783,0,0,0,-0.5221376419067383,0,-0.07692337036132812,0,-0.03418731689453125
14313838680,16799123,16784,16784,0,0,0,-0.5221376419067383,0,-0.0622711181640625,0,-0.024419784545898438
14315575340,16800134,16785,16786,0,0,0,-0.5221376419067383,0,-0.07692337036132812,0,-0.024419784545898438
14317312000,16802120,16787,16787,0,0,0,-0.5221376419067383,0,-0.06959724426269531,0,-0.014652252197265625
14319048660,16805129,16790,16790,0,0,0,-0.5225210189819336,0,-0.09157466888427734,0,0.014652252197265625
14320785320,16806121,16791,16791,0,0,0,-0.5229043960571289,0,-0.10622692108154297,0,0.024419784545898438
14322521980,16808124,16793,16793,0,0,0,-0.5229043960571289,0,-0.1282052993774414,0,0.024419784545898438
14324258640,16809129,16794,16794,0,0,0,-0.5232877731323242,0,-0.1282052993774414,0,0.014652252197265625
14325995300,16810135,16795,16795,0,0,0,-0.5236711502075195,0,-0.1282052993774414,0,-0.014652252197265625
14327731960,16812122,16797,16797,0,0,0,-0.5236711502075195,0,-0.1208791732788086,0,-0.03418731689453125
14329468620,16813125,16798,16798,0,0,0,-0.5236711502075195,0,-0.09890079498291016,0,-0.043956756591796875
14331205280,16815129,16800,16800,0,0,0,-0.5236711502075195,0,-0.07692337036132812,0,-0.05372428894042969
14332941940,16816124,16801,16801,0,0,0,-0.5236711502075195,0,-0.07692337036132812,0,-0.05372428894042969
14334678600,16817123,16803,16803,0,0,0,-0.5240554809570312,0,-0.08424949645996094,0,-0.03418731689453125
14336217470,16823129,16808,16808,0,0,0,-0.5240554809570312,0,-0.047618865966796875,0,-0.03418731689453125
14337756332,16824139,16809,16809,0,0,0,-0.5240554809570312,0,-0.0622711181640625,0,-0.043956756591796875
14339295194,16825136,16810,16811,0,0,0,-0.5244388580322266,0,-0.047618865966796875,0,-0.03418731689453125
14340834056,16827121,16812,16812,0,0,0,-0.5244388580322266,0,-0.06959724426269531,0,-0.043956756591796875
14342372918,16828122,16813,16813,0,0,0,-0.5244388580322266,0,-0.06959724426269531,0,-0.03418731689453125
14343911780,16829125,16814,16815,0,0,0,-0.5244388580322266,0,-0.047618865966796875,0,-0.03418731689453125
14345450642,16831121,16816,16816,0,0,0,-0.5244388580322266,0,-0.047618865966796875,0,-0.03418731689453125
14346989504,16832122,16817,16817,0,0,0,-0.5244388580322266,0,-0.04029273986816406,0,-0.03418731689453125
14348528366,16834121,16819,16819,0,0,0,-0.5244388580322266,0,-0.047618865966796875,0,-0.03418731689453125
14350067228,16835130,16820,16820,0,0,0,-0.5244388580322266,0,-0.04029273986816406,0,-0.03418731689453125
14351606090,16837133,16822,16822,0,0,0,-0.5248222351074219,0,-0.03296661376953125,0,-0.024419784545898438
14353144952,16838135,16823,16823,0,0,0,-0.5248222351074219,0,-0.025641441345214844,0,-0.014652252197265625
14354683814,16840121,16825,16825,0,0,0,-0.5248222351074219,0,-0.03296661376953125,0,-0.014652252197265625
14356222676,16841123,16826,16826,0,0,0,-0.5248222351074219,0,-0.03296661376953125,0,-0.014652252197265625
14357761538,16842125,16827,16828,0,0,0,-0.5248222351074219,0,-0.025641441345214844,0,-0.024419784545898438
14359300400,16844121,16829,16829,0,0,0,-0.5248222351074219,0,-0.03296661376953125,0,-0.024419784545898438
14361186800,16847121,16832,16832,0,0,0,-0.5248222351074219,0,-0.01831531524658203,0,-0.024419784545898438
14363073200,16849123,16834,16834,0,0,0,-0.5248222351074219,0,-0.03296661376953125,0,-0.03418731689453125
14364959600,16851129,16836,16836,0,0,0,-0.5248222351074219,0,-0.01831531524658203,0,-0.03418731689453125
14366846000,16852137,16837,16838,0,0,0,-0.5248222351074219,0,-0.025641441345214844,0,-0.024419784545898438
14368732400,16854122,16839,16839,0,0,0,-0.5252056121826172,0,-0.025641441345214844,0,-0.03418731689453125
14370618800,16856121,16841,16841,0,0,0,-0.5252056121826172,0,-0.025641441345214844,0,-0.03418731689453125
14372505200,16858125,16843,16843,0,0,0,-0.5252056121826172,0,-0.01831531524658203,0,-0.043956756591796875
14374391600,16860121,16845,16845,0,0,0,-0.5252056121826172,0,0.0036630630493164062,0,-0.03418731689453125
14376278000,16862122,16847,16847,0,0,0,-0.5252056121826172,0,-0.0036630630493164062,0,-0.03418731689453125
14378164400,16863121,16848,16849,0,0,0,-0.5252056121826172,0,-0.010989189147949219,0,-0.03418731689453125
14380050800,16866139,16851,16851,0,0,0,-0.5252056121826172,0,-0.0036630630493164062,0,-0.024419784545898438
14381937200,16867125,16853,16853,0,0,0,-0.5252056121826172,0,-0.0036630630493164062,0,-0.024419784545898438
14383823600,16869122,16854,16854,0,0,0,-0.5252056121826172,0,-0.010989189147949219,0,-0.014652252197265625
14385710000,16871125,16856,16856,0,0,0,-0.5252056121826172,0,0.0036630630493164062,0,-0.014652252197265625
14387596400,16872121,16857,16857,0,0,0,-0.5252056121826172,0,-0.0036630630493164062,0,-0.0048847198486328125
14389482800,16874124,16859,16859,0,0,0,-0.5252056121826172,0,-0.0036630630493164062,0,-0.0048847198486328125
14391579310,16880135,16866,16866,0,0,0,-0.5252056121826172,0,0.0036630630493164062,0,-0.014652252197265625
14393675816,16882124,16867,16868,0,0,0,-0.5252056121826172,0,0.0036630630493164062,0,-0.024419784545898438
14395772322,16885129,16870,16870,0,0,0,-0.5248222351074219,0,0.010989189147949219,0,-0.024419784545898438
14397868828,16887125,16872,16872,0,0,0,-0.5252056121826172,0,0.0036630630493164062,0,-0.014652252197265625
14399965334,16888121,16873,16873,0,0,0,-0.5248222351074219,0,-0.0036630630493164062,0,-0.014652252197265625
14402061840,16890121,16875,16875,0,0,0,-0.5248222351074219,0,-0.0036630630493164062,0,-0.0048847198486328125
14404158346,16892121,16877,16877,0,0,0,-0.5248222351074219,0,-0.0036630630493164062,0,-0.0048847198486328125
14406254852,16893129,16878,16878,0,0,0,-0.5248222351074219,0,-0.0036630630493164062,0,-0.0048847198486328125
14408351358,16895137,16880,16880,0,0,0,-0.5248222351074219,0,-0.0036630630493164062,0,-0.014652252197265625
14410447864,16896122,16881,16882,0,0,0,-0.5248222351074219,0,-0.0036630630493164062,0,-0.014652252197265625
14412544370,16898121,16883,16883,0,0,0,-0.5248222351074219,0,0.0036630630493164062,0,-0.0048847198486328125
14414640876,16900134,16885,16885,0,0,0,-0.5248222351074219,0,0.010989189147949219,0,-0.014652252197265625
14416737382,16903125,16888,16888,0,0,0,-0.5248222351074219,0,-0.0036630630493164062,0,-0.014652252197265625
14418833888,16904123,16889,16889,0,0,0,-0.5248222351074219,0,-0.0036630630493164062,0,-0.0048847198486328125
14420930394,16906121,16891,16891,0,0,0,-0.5248222351074219,0,-0.0036630630493164062,0,-0.014652252197265625
14423026900,16907130,16892,16892,0,0,0,-0.5252056121826172,0,-0.01831531524658203,0,-0.014652252197265625
14424835900,16912123,16897,16897,0,0,0,-0.5248222351074219,0,0.0036630630493164062,0,-0.0048847198486328125
14426644900,16914121,16899,16899,0,0,0,-0.5248222351074219,0,-0.0036630630493164062,0,-0.0048847198486328125
14428453900,16915131,16900,16900,0,0,0,-0.5248222351074219,0,0.0036630630493164062,0,-0.014652252197265625
14430262900,16916124,16901,16901,0,0,0,-0.5248222351074219,0,-0.0036630630493164062,0,-0.0048847198486328125
14432071900,16918121,16903,16903,0,0,0,-0.5248222351074219,0,0.0036630630493164062,0,-0.0048847198486328125
14433880900,16920122,16905,16905,0,0,0,-0.5248222351074219,0,-0.01831531524658203,0,-0.0048847198486328125
14435689900,16922135,16907,16907,0,0,0,-0.5248222351074219,0,0.0036630630493164062,0,-0.014652252197265625
14437498900,16923125,16908,16908,0,0,0,-0.5248222351074219,0,-0.0036630630493164062,0,-0.014652252197265625
14439307900,16925130,16910,16910,0,0,0,-0.5248222351074219,0,-0.0036630630493164062,0,-0.024419784545898438
14441116900,16926121,16911,16911,0,0,0,-0.5248222351074219,0,0.0036630630493164062,0,-0.014652252197265625
14442925900,16928123,16913,16913,0,0,0,-0.5248222351074219,0,0.0036630630493164062,0,-0.014652252197265625
14444734900,16929125,16914,16914,0,0,0,-0.5248222351074219,0,-0.010989189147949219,0,-0.014652252197265625
14446543900,16931121,16916,16916,0,0,0,-0.5248222351074219,0,0.0036630630493164062,0,-0.014652252197265625
14448352900,16932125,16917,16917,0,0,0,-0.5248222351074219,0,-0.010989189147949219,0,-0.014652252197265625
14450161900,16934120,16919,16919,0,0,0,-0.5248222351074219,0,-0.0036630630493164062,0,-0.024419784545898438
14451970900,16936137,16921,16921,0,0,0,-0.5248222351074219,0,-0.0036630630493164062,0,-0.014652252197265625
14453834495,16940124,16925,16925,0,0,0,-0.5248222351074219,0,0.0036630630493164062,0,-0.0048847198486328125
14455698082,16942121,16927,16927,0,0,0,-0.5248222351074219,0,-0.0036630630493164062,0,-0.014652252197265625
14457561669,16944122,16929,16929,0,0,0,-0.5248222351074219,0,0.0036630630493164062,0,-0.014652252197265625
14459425256,16946121,16931,16931,0,0,0,-0.5252056121826172,0,-0.01831531524658203,0,-0.014652252197265625
14461288843,16948121,16933,16933,0,0,0,-0.5248222351074219,0,-0.0036630630493164062,0,-0.014652252197265625
14463152430,16949131,16935,16935,0,0,0,-0.5248222351074219,0,-0.0036630630493164062,0,-0.014652252197265625
14465016017,16951126,16936,16936,0,0,0,-0.5248222351074219,0,-0.0036630630493164062,0,-0.0048847198486328125
14466879604,16953125,16938,16938,0,0,0,-0.5248222351074219,0,-0.0036630630493164062,0,-0.0048847198486328125
14468743191,16954121,16939,16939,0,0,0,-0.5248222351074219,0,-0.0036630630493164062,0,-0.0048847198486328125
14470606778,16956121,16941,16942,0,0,0,-0.5248222351074219,0,0.0036630630493164062,0,-0.014652252197265625
14472470365,16958125,16943,16943,0,0,0,-0.5248222351074219,0,0.01831531524658203,0,-0.014652252197265625
14474333952,16960121,16945,16945,0,0,0,-0.5248222351074219,0,-0.010989189147949219,0,-0.014652252197265625
14476197539,16962123,16947,16947,0,0,0,-0.5248222351074219,0,-0.010989189147949219,0,-0.014652252197265625
14478061126,16964136,16949,16949,0,0,0,-0.5248222351074219,0,0.0036630630493164062,0,0.0048847198486328125
14479924713,16965135,16950,16950,0,0,0,-0.5248222351074219,0,-0.0036630630493164062,0,0.0048847198486328125
14481788300,16966124,16951,16951,0,0,0,-0.5248222351074219,0,0.0036630630493164062,0,0.0048847198486328125
14483688275,16970122,16955,16955,0,0,0,-0.5248222351074219,0,-0.0036630630493164062,0,0.014652252197265625
14485588250,16971121,16956,16957,0,0,0,-0.5252056121826172,0,-0.010989189147949219,0,0.0048847198486328125
14487488225,16973123,16958,16958,0,0,0,-0.5248222351074219,0,-0.01831531524658203,0,0.0048847198486328125
14489388200,16974124,16960,16960,0,0,0,-0.5248222351074219,0,-0.010989189147949219,0,-0.0048847198486328125
14491288175,16976121,16961,16961,0,0,0,-0.5248222351074219,0,-0.0036630630493164062,0,-0.014652252197265625
14493188150,16978137,16963,16963,0,0,0,-0.5248222351074219,0,0.0036630630493164062,0,-0.014652252197265625
14495088125,16979125,16964,16964,0,0,0,-0.5248222351074219,0,0.0036630630493164062,0,-0.014652252197265625
14496988100,16981121,16966,16966,0,0,0,-0.5248222351074219,0,-0.01831531524658203,0,-0.014652252197265625
14498888075,16983121,16968,16968,0,0,0,-0.5248222351074219,0,-0.0036630630493164062,0,-0.014652252197265625
14500788050,16985130,16970,16970,0,0,0,-0.5248222351074219,0,0.0036630630493164062,0,-0.014652252197265625
14502688025,16988121,16973,16973,0,0,0,-0.5248222351074219,0,0.0036630630493164062,0,-0.014652252197265625
14504588000,16989121,16974,16974,0,0,0,-0.5248222351074219,0,0.0036630630493164062,0,-0.0048847198486328125
14506487975,16991131,16976,16976,0,0,0,-0.5248222351074219,0,-0.010989189147949219,0,-0.0048847198486328125
14508387950,16993125,16978,16978,0,0,0,-0.5248222351074219,0,-0.0036630630493164062,0,-0.0048847198486328125
14510287925,16995133,16980,16980,0,0,0,-0.5248222351074219,0,-0.0036630630493164062,0,-0.0048847198486328125
14512187900,16996122,16981,16982,0,0,0,-0.5248222351074219,0,-0.0036630630493164062,0,-0.014652252197265625
14514478630,17005137,16990,16990,0,0,0,-0.5248222351074219,0,-0.0036630630493164062,0,-0.014652252197265625
14516769348,17007128,16992,16992,0,0,0,-0.5248222351074219,0,-0.010989189147949219,0,-0.014652252197265625
14519060066,17009121,16994,16994,0,0,0,-0.5248222351074219,0,0.0036630630493164062,0,-0.024419784545898438
14521350784,17011125,16996,16996,0,0,0,-0.5248222351074219,0,-0.0036630630493164062,0,-0.014652252197265625
14523641502,17014121,16999,16999,0,0,0,-0.5248222351074219,0,-0.010989189147949219,0,-0.014652252197265625
14525932220,17015131,17001,17001,0,0,0,-0.5248222351074219,0,0.0036630630493164062,0,-0.014652252197265625
14528222938,17018120,17003,17003,0,0,0,-0.5248222351074219,0,0.0036630630493164062,0,-0.014652252197265625
14530513656,17020137,17005,17005,0,0,0,-0.5248222351074219,0,-0.010989189147949219,0,-0.0048847198486328125
14532804374,17021125,17006,17006,0,0,0,-0.5252056121826172,0,-0.01831531524658203,0,-0.0048847198486328125
14535095092,17023122,17008,17008,0,0,0,-0.5248222351074219,0,0.0036630630493164062,0,-0.0048847198486328125
14537385810,17024124,17009,17009,0,0,0,-0.5248222351074219,0,0.0036630630493164062,0,-0.014652252197265625
14539676528,17026121,17011,17011,0,0,0,-0.5248222351074219,0,-0.0036630630493164062,0,-0.014652252197265625
14541967246,17028123,17013,17013,0,0,0,-0.5248222351074219,0,-0.0036630630493164062,0,-0.0048847198486328125
14544257964,17029121,17014,17014,0,0,0,-0.5248222351074219,0,0.0036630630493164062,0,-0.014652252197265625
14546548682,17031122,17016,17016,0,0,0,-0.5248222351074219,0,0.0036630630493164062,0,-0.014652252197265625
14548839400,17033129,17018,17018,0,0,0,-0.5248222351074219,0,-0.01831531524658203,0,-0.014652252197265625
14550551438,17037121,17022,17022,0,0,0,-0.5248222351074219,0,-0.0036630630493164062,0,-0.014652252197265625
14552263471,17039121,17024,17024,0,0,0,-0.5248222351074219,0,-0.0036630630493164062,0,-0.024419784545898438
14553975504,17040124,17025,17025,0,0,0,-0.5248222351074219,0,0.0036630630493164062,0,-0.014652252197265625
14555687537,17042121,17027,17027,0,0,0,-0.5248222351074219,0,-0.010989189147949219,0,-0.014652252197265625
14557399570,17044123,17029,17029,0,0,0,-0.5248222351074219,0,-0.010989189147949219,0,-0.014652252197265625
14559111603,17046121,17031,17031,0,0,0,-0.5248222351074219,0,0.0036630630493164062,0,-0.0048847198486328125
14560823636,17047129,17032,17032,0,0,0,-0.5248222351074219,0,-0.010989189147949219,0,-0.014652252197265625
14562535669,17049127,17035,17035,0,0,0,-0.5248222351074219,0,0.010989189147949219,0,-0.0048847198486328125
14564247702,17051121,17036,17036,0,0,0,-0.5248222351074219,0,-0.0036630630493164062,0,-0.0048847198486328125
14565959735,17052125,17037,17037,0,0,0,-0.5248222351074219,0,-0.0036630630493164062,0,-0.0048847198486328125
14567671768,17053125,17038,17039,0,0,0,-0.5248222351074219,0,-0.010989189147949219,0,-0.0048847198486328125
14569383801,17055129,17040,17040,0,0,0,-0.5248222351074219,0,-0.0036630630493164062,0,-0.014652252197265625
14571095834,17056122,17041,17041,0,0,0,-0.5248222351074219,0,0.010989189147949219,0,-0.0048847198486328125
14572807867,17058121,17043,17043,0,0,0,-0.5248222351074219,0,-0.0036630630493164062,0,-0.0048847198486328125
14574519900,17059121,17044,17044,0,0,0,-0.5248222351074219,0,-0.010989189147949219,0,-0.014652252197265625
14575900635,17062135,17047,17047,0,0,0,-0.5248222351074219,0,-0.0036630630493164062,0,-0.014652252197265625
14577281366,17064122,17049,17049,0,0,0,-0.5248222351074219,0,-0.0036630630493164062,0,-0.014652252197265625
14578662097,17065131,17050,17050,0,0,0,-0.5248222351074219,0,-0.010989189147949219,0,-0.014652252197265625
14580042828,17066121,17051,17051,0,0,0,-0.5248222351074219,0,-0.0036630630493164062,0,-0.014652252197265625
14581423559,17067121,17052,17052,0,0,0,-0.5248222351074219,0,-0.010989189147949219,0,-0.014652252197265625
14582804290,17068121,17053,17053,0,0,0,-0.5248222351074219,0,-0.0036630630493164062,0,-0.014652252197265625
14584185021,17070121,17055,17055,0,0,0,-0.5248222351074219,0,-0.0036630630493164062,0,-0.0048847198486328125
14585565752,17071121,17056,17056,0,0,0,-0.5248222351074219,0,0.0036630630493164062,0,-0.0048847198486328125
14586946483,17072121,17057,17057,0,0,0,-0.5248222351074219,0,-0.010989189147949219,0,-0.0048847198486328125
14588327214,17073123,17059,17059,0,0,0,-0.5248222351074219,0,-0.010989189147949219,0,-0.014652252197265625
14589707945,17075137,17060,17060,0,0,0,-0.5248222351074219,0,-0.0036630630493164062,0,-0.0048847198486328125
14591088676,17076135,17061,17061,0,0,0,-0.5252056121826172,0,-0.0036630630493164062,0,-0.0048847198486328125
14592469407,17077128,17062,17062,0,0,0,-0.5252056121826172,0,-0.010989189147949219,0,-0.0048847198486328125
14593850138,17079121,17064,17064,0,0,0,-0.5248222351074219,0,0.010989189147949219,0,0.0048847198486328125
14595230869,17080121,17065,17065,0,0,0,-0.5248222351074219,0,-0.0036630630493164062,0,0.0048847198486328125
14596611600,17081123,17066,17067,0,0,0,-0.5248222351074219,0,-0.0036630630493164062,0,0.0048847198486328125
14598047135,17084120,17069,17069,0,0,0,-0.5248222351074219,0,-0.010989189147949219,0,-0.0048847198486328125
14599482666,17085129,17070,17070,0,0,0,-0.5248222351074219,0,-0.010989189147949219,0,-0.014652252197265625
14600918197,17086122,17071,17071,0,0,0,-0.5248222351074219,0,0.0036630630493164062,0,-0.014652252197265625
14602353728,17087121,17072,17072,0,0,0,-0.5248222351074219,0,-0.010989189147949219,0,-0.014652252197265625
14603789259,17088121,17073,17073,0,0,0,-0.5248222351074219,0,-0.010989189147949219,0,-0.014652252197265625
14605224790,17089130,17074,17074,0,0,0,-0.5248222351074219,0,0.0036630630493164062,0,-0.014652252197265625
14606660321,17090139,17075,17075,0,0,0,-0.5248222351074219,0,0.0036630630493164062,0,-0.0048847198486328125
14608095852,17091125,17076,17076,0,0,0,-0.5248222351074219,0,-0.010989189147949219,0,-0.0048847198486328125
14609531383,17092121,17077,17077,0,0,0,-0.5248222351074219,0,0.010989189147949219,0,-0.0048847198486328125
14610966914,17094123,17079,17079,0,0,0,-0.5248222351074219,0,-0.0036630630493164062,0,0.0048847198486328125
14612402445,17096122,17081,17081,0,0,0,-0.5248222351074219,0,-0.010989189147949219,0,-0.0048847198486328125
14613837976,17097121,17082,17082,0,0,0,-0.5248222351074219,0,0.0036630630493164062,0,-0.0048847198486328125
14615273507,17099122,17084,17084,0,0,0,-0.5248222351074219,0,-0.010989189147949219,0,-0.014652252197265625
14616709038,17100129,17085,17085,0,0,0,-0.5248222351074219,0,0.0036630630493164062,0,-0.014652252197265625
14618144569,17102123,17087,17087,0,0,0,-0.5248222351074219,0,-0.0036630630493164062,0,-0.014652252197265625
14619580100,17104135,17089,17089,0,0,0,-0.5248222351074219,0,-0.0036630630493164062,0,-0.014652252197265625
14621847920,17111125,17096,17096,0,0,0,-0.5248222351074219,0,0.010989189147949219,0,-0.014652252197265625
14624115732,17113121,17098,17098,0,0,0,-0.5248222351074219,0,-0.0036630630493164062,0,-0.024419784545898438
14626383544,17114121,17099,17099,0,0,0,-0.5248222351074219,0,-0.010989189147949219,0,-0.014652252197265625
14628651356,17116121,17101,17101,0,0,0,-0.5248222351074219,0,-0.0036630630493164062,0,-0.014652252197265625
14630919168,17118135,17103,17103,0,0,0,-0.5248222351074219,0,-0.0036630630493164062,0,-0.014652252197265625
14633186980,17120121,17105,17105,0,0,0,-0.5248222351074219,0,-0.01831531524658203,0,-0.014652252197265625
14635454792,17122121,17107,17107,0,0,0,-0.5248222351074219,0,-0.0036630630493164062,0,-0.024419784545898438
14637722604,17124121,17109,17109,0,0,0,-0.5248222351074219,0,0.0036630630493164062,0,-0.014652252197265625
14639990416,17126121,17111,17111,0,0,0,-0.5248222351074219,0,0.010989189147949219,0,-0.0048847198486328125
14642258228,17127124,17113,17113,0,0,0,-0.5248222351074219,0,-0.010989189147949219,0,-0.0048847198486328125
14644526040,17129121,17114,17114,0,0,0,-0.5248222351074219,0,0.0036630630493164062,0,-0.0048847198486328125
14646793852,17131130,17116,17116,0,0,0,-0.5248222351074219,0,-0.0036630630493164062,0,-0.0048847198486328125
14649061664,17133125,17118,17118,0,0,0,-0.5248222351074219,0,-0.0036630630493164062,0,-0.0048847198486328125
14651329476,17135131,17120,17120,0,0,0,-0.5248222351074219,0,-0.010989189147949219,0,-0.0048847198486328125
14653597288,17137121,17122,17122,0,0,0,-0.5248222351074219,0,0.0036630630493164062,0,-0.014652252197265625
14655865100,17140126,17125,17125,0,0,0,-0.5248222351074219,0,-0.0036630630493164062,0,-0.014652252197265625
14657890118,17144122,17129,17129,0,0,0,-0.5248222351074219,0,-0.010989189147949219,0,-0.0048847198486328125
14659915131,17146136,17131,17131,0,0,0,-0.5248222351074219,0,-0.0036630630493164062,0,-0.0048847198486328125
14661940144,17148125,17133,17133,0,0,0,-0.5248222351074219,0,0.0036630630493164062,0,-0.0048847198486328125
14663965157,17150129,17135,17135,0,0,0,-0.5248222351074219,0,-0.010989189147949219,0,-0.0048847198486328125
14665990170,17152125,17137,17137,0,0,0,-0.5248222351074219,0,0.0036630630493164062,0,-0.0048847198486328125
14668015183,17154121,17139,17139,0,0,0,-0.5248222351074219,0,0.0036630630493164062,0,-0.0048847198486328125
14670040196,17155129,17140,17140,0,0,0,-0.5248222351074219,0,-0.010989189147949219,0,-0.0048847198486328125
14672065209,17157121,17142,17142,0,0,0,-0.5252056121826172,0,-0.010989189147949219,0,-0.0048847198486328125
14674090222,17159129,17144,17144,0,0,0,-0.5248222351074219,0,-0.0036630630493164062,0,-0.014652252197265625
14676115235,17160137,17145,17145,0,0,0,-0.5248222351074219,0,0.0036630630493164062,0,-0.014652252197265625
14678140248,17163121,17148,17148,0,0,0,-0.5248222351074219,0,0.0036630630493164062,0,-0.014652252197265625
14680165261,17165131,17150,17150,0,0,0,-0.5248222351074219,0,0.010989189147949219,0,-0.0048847198486328125
14682190274,17167121,17152,17152,0,0,0,-0.5248222351074219,0,-0.01831531524658203,0,-0.0048847198486328125
14684215287,17169125,17154,17154,0,0,0,-0.5248222351074219,0,0.0036630630493164062,0,-0.014652252197265625
14686240300,17170121,17155,17155,0,0,0,-0.5248222351074219,0,-0.0036630630493164062,0,-0.014652252197265625
14688330476,17174135,17159,17159,0,0,0,-0.5248222351074219,0,0.0036630630493164062,0,-0.014652252197265625
14690420642,17176120,17161,17161,0,0,0,-0.5248222351074219,0,-0.0036630630493164062,0,-0.014652252197265625
14692510808,17178121,17163,17163,0,0,0,-0.5248222351074219,0,0.0036630630493164062,0,-0.014652252197265625
14694600974,17180121,17165,17165,0,0,0,-0.5248222351074219,0,-0.010989189147949219,0,-0.014652252197265625
14696691140,17183121,17168,17168,0,0,0,-0.5248222351074219,0,-0.010989189147949219,0,-0.024419784545898438
14698781306,17184120,17169,17169,0,0,0,-0.5248222351074219,0,0.0036630630493164062,0,-0.024419784545898438
14700871472,17187129,17172,17172,0,0,0,-0.5248222351074219,0,-0.0036630630493164062,0,-0.014652252197265625
14702961638,17189127,17175,17175,0,0,0,-0.5248222351074219,0,0.01831531524658203,0,-0.014652252197265625
14705051804,17191121,17176,17176,0,0,0,-0.5252056121826172,0,-0.010989189147949219,0,-0.0048847198486328125
14707141970,17193121,17178,17178,0,0,0,-0.5248222351074219,0,-0.010989189147949219,0,-0.014652252197265625
14709232136,17194123,17179,17180,0,0,0,-0.5248222351074219,0,-0.0036630630493164062,0,-0.0048847198486328125
14711322302,17196121,17181,17181,0,0,0,-0.5248222351074219,0,-0.0036630630493164062,0,-0.014652252197265625
14713412468,17198125,17183,17183,0,0,0,-0.5248222351074219,0,-0.010989189147949219,0,-0.014652252197265625
14715502634,17200130,17185,17185,0,0,0,-0.5248222351074219,0,-0.0036630630493164062,0,-0.014652252197265625
14717592800,17202137,17187,17187,0,0,0,-0.5248222351074219,0,-0.010989189147949219,0,-0.014652252197265625
14719601356,17206124,17191,17191,0,0,0,-0.5248222351074219,0,0.0036630630493164062,0,-0.014652252197265625
14721609902,17208121,17193,17193,0,0,0,-0.5248222351074219,0,-0.0036630630493164062,0,-0.0048847198486328125
14723618448,17209121,17194,17194,0,0,0,-0.5248222351074219,0,-0.010989189147949219,0,-0.0048847198486328125
14725626994,17211121,17196,17196,0,0,0,-0.5252056121826172,0,0.0036630630493164062,0,-0.014652252197265625
14727635540,17213121,17198,17198,0,0,0,-0.5248222351074219,0,0.0036630630493164062,0,-0.024419784545898438
14729644086,17214124,17199,17200,0,0,0,-0.5248222351074219,0,-0.010989189147949219,0,-0.014652252197265625
14731652632,17216135,17201,17201,0,0,0,-0.5248222351074219,0,-0.0036630630493164062,0,-0.0048847198486328125
14733661178,17218123,17203,17203,0,0,0,-0.5248222351074219,0,-0.0036630630493164062,0,0.0048847198486328125
14735669724,17220120,17206,17206,0,0,0,-0.5248222351074219,0,0.0036630630493164062,0,-0.0048847198486328125
14737678270,17222121,17207,17207,0,0,0,-0.5248222351074219,0,-0.0036630630493164062,0,-0.0048847198486328125
14739686816,17224121,17209,17209,0,0,0,-0.5248222351074219,0,-0.010989189147949219,0,-0.0048847198486328125
14741695362,17226121,17211,17211,0,0,0,-0.5248222351074219,0,-0.0036630630493164062,0,-0.014652252197265625
14743703908,17228121,17213,17213,0,0,0,-0.5248222351074219,0,0.0036630630493164062,0,-0.0048847198486328125
14745712454,17231127,17216,17216,0,0,0,-0.5248222351074219,0,-0.010989189147949219,0,-0.0048847198486328125
14747721000,17232121,17217,17217,0,0,0,-0.5248222351074219,0,-0.010989189147949219,0,-0.0048847198486328125
14750102118,17240121,17225,17225,0,0,0,-0.5248222351074219,0,-0.0036630630493164062,0,-0.014652252197265625
14752483231,17242121,17227,17227,0,0,0,-0.5248222351074219,0,-0.0036630630493164062,0,-0.014652252197265625
14754864344,17244135,17229,17229,0,0,0,-0.5248222351074219,0,0.0036630630493164062,0,-0.014652252197265625
14757245457,17246121,17231,17231,0,0,0,-0.5248222351074219,0,-0.0036630630493164062,0,-0.014652252197265625
14759626570,17247123,17232,17232,0,0,0,-0.5248222351074219,0,-0.0036630630493164062,0,-0.014652252197265625
14762007683,17249122,17234,17234,0,0,0,-0.5248222351074219,0,-0.0036630630493164062,0,-0.024419784545898438
14764388796,17251121,17236,17236,0,0,0,-0.5248222351074219,0,-0.0036630630493164062,0,-0.014652252197265625
14766769909,17253121,17238,17238,0,0,0,-0.5248222351074219,0,0.010989189147949219,0,-0.014652252197265625
14769151022,17254121,17239,17239,0,0,0,-0.5248222351074219,0,-0.0036630630493164062,0,-0.014652252197265625
14771532135,17256124,17241,17241,0,0,0,-0.5248222351074219,0,-0.0036630630493164062,0,-0.014652252197265625
14773913248,17258135,17243,17243,0,0,0,-0.5248222351074219,0,-0.010989189147949219,0,-0.014652252197265625
14776294361,17259126,17244,17244,0,0,0,-0.5248222351074219,0,-0.010989189147949219,0,-0.0048847198486328125
14778675474,17263121,17248,17248,0,0,0,-0.5248222351074219,0,-0.010989189147949219,0,-0.0048847198486328125
14781056587,17266121,17251,17251,0,0,0,-0.5248222351074219,0,-0.010989189147949219,0,-0.0048847198486328125
14783437700,17267121,17252,17252,0,0,0,-0.5248222351074219,0,0.0036630630493164062,0,-0.0048847198486328125
14785197620,17272138,17257,17257,0,0,0,-0.5248222351074219,0,-0.0036630630493164062,0,-0.014652252197265625
14786957540,17274120,17259,17259,0,0,0,-0.5248222351074219,0,0.0036630630493164062,0,-0.014652252197265625
14788717460,17275130,17260,17260,0,0,0,-0.5248222351074219,0,-0.0036630630493164062,0,-0.014652252197265625
14790477380,17277125,17262,17262,0,0,0,-0.5248222351074219,0,-0.0036630630493164062,0,-0.0048847198486328125
14792237300,17279121,17264,17264,0,0,0,-0.5248222351074219,0,-0.0036630630493164062,0,-0.014652252197265625
14793997220,17280121,17265,17265,0,0,0,-0.5248222351074219,0,-0.0036630630493164062,0,-0.014652252197265625
14795757140,17282121,17267,17267,0,0,0,-0.5248222351074219,0,-0.0036630630493164062,0,-0.0048847198486328125
14797517060,17283121,17268,17268,0,0,0,-0.5248222351074219,0,-0.010989189147949219,0,-0.014652252197265625
14799276980,17284120,17269,17269,0,0,0,-0.5248222351074219,0,-0.010989189147949219,0,-0.014652252197265625
14801036900,17287125,17272,17272,0,0,0,-0.5248222351074219,0,-0.010989189147949219,0,-0.0048847198486328125
14802796820,17288121,17274,17274,0,0,0,-0.5248222351074219,0,-0.010989189147949219,0,-0.0048847198486328125
14804556740,17290120,17275,17275,0,0,0,-0.5248222351074219,0,0.0036630630493164062,0,-0.014652252197265625
14806316660,17291121,17276,17276,0,0,0,-0.5248222351074219,0,-0.010989189147949219,0,-0.014652252197265625
14808076580,17293124,17278,17278,0,0,0,-0.5248222351074219,0,0.0036630630493164062,0,-0.0048847198486328125
14809836500,17294121,17280,17280,0,0,0,-0.5248222351074219,0,0.0036630630493164062,0,-0.0048847198486328125
14811584130,17298121,17283,17283,0,0,0,-0.5248222351074219,0,0.0036630630493164062,0,-0.0048847198486328125
14813331748,17299129,17284,17284,0,0,0,-0.5248222351074219,0,0.0036630630493164062,0,-0.014652252197265625
14815079366,17301131,17286,17286,0,0,0,-0.5248222351074219,0,0.010989189147949219,0,-0.0048847198486328125
14816826984,17302121,17287,17287,0,0,0,-0.5248222351074219,0,-0.0036630630493164062,0,-0.0048847198486328125
14818574602,17303121,17288,17289,0,0,0,-0.5248222351074219,0,-0.0036630630493164062,0,-0.0048847198486328125
14820322220,17305131,17290,17290,0,0,0,-0.5248222351074219,0,-0.0036630630493164062,0,-0.014652252197265625
14822069838,17307121,17292,17292,0,0,0,-0.5248222351074219,0,0.0036630630493164062,0,-0.014652252197265625
14823817456,17308121,17293,17293,0,0,0,-0.5252056121826172,0,-0.01831531524658203,0,-0.0048847198486328125
14825565074,17310123,17295,17295,0,0,0,-0.5248222351074219,0,-0.010989189147949219,0,-0.014652252197265625
14827312692,17311121,17296,17296,0,0,0,-0.5248222351074219,0,-0.010989189147949219,0,-0.0048847198486328125
14829060310,17313128,17298,17298,0,0,0,-0.5248222351074219,0,-0.0036630630493164062,0,-0.014652252197265625
14830807928,17315134,17300,17300,0,0,0,-0.5248222351074219,0,-0.0036630630493164062,0,-0.014652252197265625
14832555546,17316121,17302,17302,0,0,0,-0.5248222351074219,0,-0.010989189147949219,0,-0.0048847198486328125
14834303164,17318123,17303,17303,0,0,0,-0.5248222351074219,0,-0.010989189147949219,0,-0.0048847198486328125
14836050782,17320121,17305,17305,0,0,0,-0.5248222351074219,0,0.0036630630493164062,0,-0.0048847198486328125
14837798400,17322124,17307,17307,0,0,0,-0.5248222351074219,0,0.0036630630493164062,0,-0.0048847198486328125
14840155230,17326122,17311,17311,0,0,0,-0.5248222351074219,0,-0.010989189147949219,0,-0.014652252197265625
14842512048,17328135,17313,17313,0,0,0,-0.5248222351074219,0,-0.010989189147949219,0,-0.024419784545898438
14844868866,17331121,17316,17316,0,0,0,-0.5248222351074219,0,-0.0036630630493164062,0,-0.014652252197265625
14847225684,17332122,17317,17318,0,0,0,-0.5248222351074219,0,-0.0036630630493164062,0,-0.024419784545898438
14849582502,17334123,17319,17319,0,0,0,-0.5248222351074219,0,0.0036630630493164062,0,-0.024419784545898438
14851939320,17336121,17321,17321,0,0,0,-0.5248222351074219,0,-0.010989189147949219,0,-0.024419784545898438
14854296138,17342135,17327,17327,0,0,0,-0.5248222351074219,0,-0.0036630630493164062,0,-0.0048847198486328125
14856652956,17343128,17328,17328,0,0,0,-0.5248222351074219,0,-0.0036630630493164062,0,-0.014652252197265625
14859009774,17345129,17330,17330,0,0,0,-0.5248222351074219,0,-0.0036630630493164062,0,-0.0048847198486328125
14861366592,17347123,17332,17332,0,0,0,-0.5248222351074219,0,0.0036630630493164062,0,-0.0048847198486328125
14863723410,17349121,17334,17334,0,0,0,-0.5248222351074219,0,-0.0036630630493164062,0,-0.014652252197265625
14866080228,17350128,17335,17335,0,0,0,-0.5248222351074219,0,-0.010989189147949219,0,-0.0048847198486328125
14868437046,17354121,17339,17339,0,0,0,-0.5248222351074219,0,-0.010989189147949219,0,-0.0048847198486328125
14870793864,17356135,17341,17341,0,0,0,-0.5248222351074219,0,-0.010989189147949219,0,-0.014652252197265625
14873150682,17358121,17343,17343,0,0,0,-0.5248222351074219,0,-0.0036630630493164062,0,-0.0048847198486328125
14875507500,17360121,17345,17345,0,0,0,-0.5248222351074219,0,-0.0036630630493164062,0,0.0048847198486328125
14877890788,17367121,17352,17352,0,0,0,-0.5248222351074219,0,-0.0036630630493164062,0,-0.0048847198486328125
14880274064,17370135,17355,17355,0,0,0,-0.5248222351074219,0,-0.0036630630493164062,0,0.0048847198486328125
14882657340,17372124,17357,17357,0,0,0,-0.5248222351074219,0,-0.0036630630493164062,0,0.0048847198486328125
14885040616,17373121,17358,17358,0,0,0,-0.5248222351074219,0,-0.01831531524658203,0,-0.0048847198486328125
14887423892,17375130,17360,17360,0,0,0,-0.5252056121826172,0,0.0036630630493164062,0,-0.0048847198486328125
14889807168,17377121,17362,17362,0,0,0,-0.5248222351074219,0,0.0036630630493164062,0,-0.014652252197265625
14892190444,17378121,17363,17363,0,0,0,-0.5248222351074219,0,0.010989189147949219,0,-0.0048847198486328125
14894573720,17380124,17365,17365,0,0,0,-0.5248222351074219,0,-0.010989189147949219,0,-0.0048847198486328125
14896956996,17381121,17366,17366,0,0,0,-0.5248222351074219,0,0.0036630630493164062,0,-0.014652252197265625
14899340272,17383129,17368,17368,0,0,0,-0.5248222351074219,0,-0.010989189147949219,0,-0.014652252197265625
14901723548,17387121,17372,17372,0,0,0,-0.5248222351074219,0,-0.0036630630493164062,0,-0.014652252197265625
14904106824,17389121,17374,17374,0,0,0,-0.5248222351074219,0,-0.0036630630493164062,0,-0.014652252197265625
14906490100,17391121,17376,17376,0,0,0,-0.5248222351074219,0,-0.0036630630493164062,0,-0.014652252197265625
14908431627,17395129,17380,17380,0,0,0,-0.5248222351074219,0,0.0036630630493164062,0,-0.0048847198486328125
14910373148,17397130,17382,17382,0,0,0,-0.5248222351074219,0,-0.0036630630493164062,0,-0.014652252197265625
14912314669,17398135,17383,17383,0,0,0,-0.5248222351074219,0,0.0036630630493164062,0,-0.014652252197265625
14914256190,17400130,17385,17385,0,0,0,-0.5248222351074219,0,-0.0036630630493164062,0,-0.014652252197265625
14916197711,17402121,17387,17387,0,0,0,-0.5248222351074219,0,-0.0036630630493164062,0,-0.014652252197265625
14918139232,17404121,17389,17389,0,0,0,-0.5248222351074219,0,0.0036630630493164062,0,-0.014652252197265625
14920080753,17405132,17390,17390,0,0,0,-0.5248222351074219,0,-0.0036630630493164062,0,-0.0048847198486328125
14922022274,17408121,17393,17393,0,0,0,-0.5248222351074219,0,-0.0036630630493164062,0,-0.0048847198486328125
14923963795,17409125,17394,17394,0,0,0,-0.5248222351074219,0,-0.01831531524658203,0,-0.014652252197265625
14925905316,17411128,17396,17396,0,0,0,-0.5248222351074219,0,-0.010989189147949219,0,-0.014652252197265625
14927846837,17413127,17398,17398,0,0,0,-0.5248222351074219,0,0.010989189147949219,0,-0.014652252197265625
14929788358,17415130,17400,17400,0,0,0,-0.5248222351074219,0,-0.010989189147949219,0,-0.024419784545898438
14931729879,17416121,17401,17401,0,0,0,-0.5248222351074219,0,-0.010989189147949219,0,-0.014652252197265625
14933671400,17418121,17403,17403,0,0,0,-0.5248222351074219,0,0.0036630630493164062,0,-0.014652252197265625
14935581570,17422125,17407,17407,0,0,0,-0.5248222351074219,0,-0.0036630630493164062,0,-0.024419784545898438
14937491732,17423121,17408,17408,0,0,0,-0.5248222351074219,0,0.010989189147949219,0,-0.014652252197265625
14939401894,17426137,17411,17411,0,0,0,-0.5252056121826172,0,-0.010989189147949219,0,-0.014652252197265625
14941312056,17429121,17414,17414,0,0,0,-0.5248222351074219,0,0.0036630630493164062,0,-0.0048847198486328125
14943222218,17431121,17416,17416,0,0,0,-0.5248222351074219,0,-0.01831531524658203,0,-0.0048847198486328125
14945132380,17432122,17417,17417,0,0,0,-0.5248222351074219,0,-0.01831531524658203,0,-0.014652252197265625
14947042542,17433121,17419,17419,0,0,0,-0.5248222351074219,0,-0.010989189147949219,0,-0.014652252197265625
14948952704,17435129,17420,17420,0,0,0,-0.5248222351074219,0,0.0036630630493164062,0,-0.024419784545898438
14950862866,17437121,17422,17422,0,0,0,-0.5248222351074219,0,-0.010989189147949219,0,-0.014652252197265625
14952773028,17439129,17424,17424,0,0,0,-0.5248222351074219,0,0.0036630630493164062,0,-0.014652252197265625
14954683190,17440135,17425,17426,0,0,0,-0.5248222351074219,0,-0.0036630630493164062,0,-0.014652252197265625
14956593352,17442122,17427,17427,0,0,0,-0.5248222351074219,0,-0.0036630630493164062,0,-0.014652252197265625
14958503514,17443121,17428,17428,0,0,0,-0.5248222351074219,0,-0.0036630630493164062,0,-0.014652252197265625
14960413676,17445129,17430,17430,0,0,0,-0.5248222351074219,0,-0.010989189147949219,0,-0.0048847198486328125
14962323838,17447121,17432,17432,0,0,0,-0.5248222351074219,0,-0.010989189147949219,0,-0.0048847198486328125
14964234000,17449121,17434,17434,0,0,0,-0.5248222351074219,0,-0.01831531524658203,0,-0.014652252197265625
14966274425,17453129,17438,17438,0,0,0,-0.5248222351074219,0,-0.0036630630493164062,0,0.0048847198486328125
14968314850,17455136,17440,17440,0,0,0,-0.5248222351074219,0,0.010989189147949219,0,-0.0048847198486328125
14970355275,17457121,17442,17442,0,0,0,-0.5248222351074219,0,-0.010989189147949219,0,-0.014652252197265625
14972395700,17459125,17444,17444,0,0,0,-0.5248222351074219,0,-0.010989189147949219,0,-0.014652252197265625
14974436125,17461121,17446,17446,0,0,0,-0.5248222351074219,0,-0.010989189147949219,0,-0.014652252197265625
14976476550,17463123,17448,17448,0,0,0,-0.5248222351074219,0,0.0036630630493164062,0,-0.014652252197265625
14978516975,17464121,17449,17449,0,0,0,-0.5248222351074219,0,-0.0036630630493164062,0,-0.014652252197265625
14980557400,17466120,17451,17451,0,0,0,-0.5248222351074219,0,-0.010989189147949219,0,-0.014652252197265625
14982597825,17468135,17453,17453,0,0,0,-0.5248222351074219,0,-0.010989189147949219,0,-0.014652252197265625
14984638250,17470121,17455,17455,0,0,0,-0.5248222351074219,0,0.0036630630493164062,0,-0.014652252197265625
14986678675,17472120,17457,17457,0,0,0,-0.5248222351074219,0,-0.0036630630493164062,0,-0.014652252197265625
14988719100,17474121,17459,17459,0,0,0,-0.5248222351074219,0,-0.0036630630493164062,0,-0.014652252197265625
14990759525,17476121,17461,17461,0,0,0,-0.5248222351074219,0,0.0036630630493164062,0,-0.0048847198486328125
14992799950,17478121,17463,17463,0,0,0,-0.5248222351074219,0,-0.0036630630493164062,0,-0.0048847198486328125
14994840375,17479124,17464,17465,0,0,0,-0.5248222351074219,0,-0.0036630630493164062,0,-0.0048847198486328125
14996880800,17481129,17466,17466,0,0,0,-0.5248222351074219,0,0.0036630630493164062,0,-0.0048847198486328125
14999483460,17489121,17474,17474,0,0,0,-0.5248222351074219,0,-0.0036630630493164062,0,-0.0048847198486328125
15002086120,17494121,17479,17479,0,0,0,-0.5248222351074219,0,-0.0036630630493164062,0,-0.0048847198486328125
15004688780,17496139,17481,17481,0,0,0,-0.5248222351074219,0,-0.0036630630493164062,0,-0.0048847198486328125
15007291440,17498121,17483,17483,0,0,0,-0.5248222351074219,0,-0.010989189147949219,0,-0.014652252197265625
15009894100,17499121,17484,17484,0,0,0,-0.5248222351074219,0,-0.0036630630493164062,0,-0.0048847198486328125
15012496760,17501123,17486,17486,0,0,0,-0.5252056121826172,0,-0.010989189147949219,0,-0.0048847198486328125
15015099420,17503121,17488,17488,0,0,0,-0.5248222351074219,0,-0.01831531524658203,0,-0.0048847198486328125
15017702080,17506120,17491,17491,0,0,0,-0.5248222351074219,0,0.010989189147949219,0,-0.0048847198486328125
15020304740,17507121,17492,17492,0,0,0,-0.5248222351074219,0,-0.0036630630493164062,0,-0.014652252197265625
15022907400,17509133,17494,17494,0,0,0,-0.5248222351074219,0,-0.010989189147949219,0,-0.014652252197265625
15025510060,17511125,17496,17496,0,0,0,-0.5248222351074219,0,-0.0036630630493164062,0,-0.014652252197265625
15028112720,17513123,17498,17498,0,0,0,-0.5248222351074219,0,-0.0036630630493164062,0,-0.0048847198486328125
15030715380,17515129,17500,17500,0,0,0,-0.5248222351074219,0,-0.0036630630493164062,0,-0.0048847198486328125
15033318040,17516121,17501,17502,0,0,0,-0.5248222351074219,0,-0.010989189147949219,0,-0.0048847198486328125
15035920700,17520121,17505,17505,0,0,0,-0.5248222351074219,0,0.0036630630493164062,0,-0.0048847198486328125
15038062140,17524135,17509,17509,0,0,0,-0.5248222351074219,0,0.0036630630493164062,0,-0.014652252197265625
15040203570,17526121,17511,17511,0,0,0,-0.5248222351074219,0,0.0036630630493164062,0,-0.0048847198486328125
15042345000,17529123,17514,17515,0,0,0,-0.5248222351074219,0,-0.0036630630493164062,0,-0.0048847198486328125
15044486430,17531121,17516,17516,0,0,0,-0.5248222351074219,0,-0.0036630630493164062,0,-0.014652252197265625
15046627860,17533124,17518,17518,0,0,0,-0.5248222351074219,0,-0.010989189147949219,0,-0.014652252197265625
15048769290,17535129,17520,17520,0,0,0,-0.5248222351074219,0,-0.0036630630493164062,0,-0.014652252197265625
15050910720,17537131,17522,17523,0,0,0,-0.5248222351074219,0,-0.010989189147949219,0,-0.0048847198486328125
15053052150,17539126,17524,17524,0,0,0,-0.5248222351074219,0,0.0036630630493164062,0,-0.014652252197265625
15055193580,17540120,17525,17525,0,0,0,-0.5248222351074219,0,-0.0036630630493164062,0,-0.014652252197265625
15057335010,17542123,17527,17527,0,0,0,-0.5248222351074219,0,-0.0036630630493164062,0,-0.014652252197265625
15059476440,17543121,17528,17528,0,0,0,-0.5248222351074219,0,-0.0036630630493164062,0,-0.014652252197265625
15061617870,17545129,17530,17530,0,0,0,-0.5248222351074219,0,-0.0036630630493164062,0,-0.014652252197265625
15063759300,17547121,17532,17532,0,0,0,-0.5248222351074219,0,-0.01831531524658203,0,-0.014652252197265625
15065639618,17553125,17538,17538,0,0,0,-0.5248222351074219,0,0.010989189147949219,0,-0.0048847198486328125
15067519932,17554125,17539,17539,0,0,0,-0.5248222351074219,0,-0.0036630630493164062,0,-0.014652252197265625
15069400246,17555129,17540,17541,0,0,0,-0.5248222351074219,0,-0.0036630630493164062,0,-0.0048847198486328125
15071280560,17557121,17542,17542,0,0,0,-0.5248222351074219,0,-0.010989189147949219,0,-0.014652252197265625
15073160874,17559121,17544,17544,0,0,0,-0.5248222351074219,0,-0.010989189147949219,0,-0.014652252197265625
15075041188,17560121,17545,17545,0,0,0,-0.5248222351074219,0,0.010989189147949219,0,-0.0048847198486328125
15076921502,17561121,17546,17546,0,0,0,-0.5248222351074219,0,-0.0036630630493164062,0,-0.0048847198486328125
15078801816,17563121,17548,17548,0,0,0,-0.5248222351074219,0,-0.010989189147949219,0,-0.0048847198486328125
15080682130,17565137,17550,17550,0,0,0,-0.5248222351074219,0,-0.010989189147949219,0,-0.0048847198486328125
15082562444,17567129,17552,17552,0,0,0,-0.5248222351074219,0,0.010989189147949219,0,-0.0048847198486328125
15084442758,17568121,17553,17553,0,0,0,-0.5248222351074219,0,-0.010989189147949219,0,-0.014652252197265625
15086323072,17570121,17555,17555,0,0,0,-0.5248222351074219,0,-0.010989189147949219,0,0.0048847198486328125
15088203386,17572120,17557,17558,0,0,0,-0.5248222351074219,0,-0.0036630630493164062,0,-0.014652252197265625
15090083700,17574121,17559,17559,0,0,0,-0.5248222351074219,0,0.0036630630493164062,0,-0.014652252197265625
15092039995,17578121,17563,17563,0,0,0,-0.5248222351074219,0,-0.0036630630493164062,0,-0.0048847198486328125
15093996282,17580135,17565,17565,0,0,0,-0.5248222351074219,0,-0.0036630630493164062,0,-0.0048847198486328125
15095952569,17582121,17567,17567,0,0,0,-0.5248222351074219,0,-0.0036630630493164062,0,-0.0048847198486328125
15097908856,17583125,17568,17568,0,0,0,-0.5248222351074219,0,-0.0036630630493164062,0,-0.014652252197265625
15099865143,17584121,17570,17570,0,0,0,-0.5248222351074219,0,-0.0036630630493164062,0,-0.014652252197265625
15101821430,17587123,17572,17572,0,0,0,-0.5248222351074219,0,-0.010989189147949219,0,-0.014652252197265625
15103777717,17589121,17574,17574,0,0,0,-0.5248222351074219,0,-0.0036630630493164062,0,-0.024419784545898438
15105734004,17591125,17576,17576,0,0,0,-0.5248222351074219,0,-0.010989189147949219,0,-0.014652252197265625
15107690291,17593128,17578,17578,0,0,0,-0.5248222351074219,0,-0.0036630630493164062,0,-0.014652252197265625
15109646578,17595135,17580,17580,0,0,0,-0.5248222351074219,0,-0.0036630630493164062,0,-0.0048847198486328125
15111602865,17597121,17582,17582,0,0,0,-0.5248222351074219,0,-0.010989189147949219,0,-0.0048847198486328125
15113559152,17599122,17584,17584,0,0,0,-0.5248222351074219,0,0.0036630630493164062,0,-0.0048847198486328125
15115515439,17601124,17586,17586,0,0,0,-0.5248222351074219,0,0.010989189147949219,0,-0.0048847198486328125
15117471726,17603121,17588,17588,0,0,0,-0.5248222351074219,0,-0.0036630630493164062,0,-0.014652252197265625
15119428013,17604125,17589,17589,0,0,0,-0.5248222351074219,0,-0.0036630630493164062,0,-0.014652252197265625
15121384300,17606121,17591,17591,0,0,0,-0.5248222351074219,0,-0.0036630630493164062,0,-0.014652252197265625
15123752925,17614121,17599,17599,0,0,0,-0.5248222351074219,0,-0.0036630630493164062,0,-0.024419784545898438
15126121550,17615130,17600,17600,0,0,0,-0.5248222351074219,0,-0.0036630630493164062,0,-0.014652252197265625
15128490175,17617121,17602,17602,0,0,0,-0.5248222351074219,0,-0.010989189147949219,0,-0.014652252197265625
15130858800,17618121,17603,17603,0,0,0,-0.5248222351074219,0,-0.0036630630493164062,0,-0.0048847198486328125
15133227425,17620124,17605,17605,0,0,0,-0.5248222351074219,0,-0.0036630630493164062,0,-0.014652252197265625
15135596050,17622135,17607,17607,0,0,0,-0.5248222351074219,0,-0.0036630630493164062,0,-0.0048847198486328125
15137964675,17624123,17609,17609,0,0,0,-0.5248222351074219,0,-0.010989189147949219,0,-0.0048847198486328125
15140333300,17625133,17610,17610,0,0,0,-0.5248222351074219,0,-0.0036630630493164062,0,0.0048847198486328125
15142701925,17627121,17612,17612,0,0,0,-0.5248222351074219,0,-0.010989189147949219,0,-0.0048847198486328125
15145070550,17631121,17616,17616,0,0,0,-0.5248222351074219,0,0.0036630630493164062,0,-0.0048847198486328125
15147439175,17634121,17619,17619,0,0,0,-0.5248222351074219,0,-0.0036630630493164062,0,-0.0048847198486328125
15149807800,17636135,17621,17621,0,0,0,-0.5248222351074219,0,-0.010989189147949219,0,-0.0048847198486328125
15152176425,17638121,17623,17623,0,0,0,-0.5248222351074219,0,0.0036630630493164062,0,-0.0048847198486328125
15154545050,17639121,17624,17624,0,0,0,-0.5248222351074219,0,-0.0036630630493164062,0,-0.014652252197265625
15156913675,17641125,17626,17626,0,0,0,-0.5248222351074219,0,-0.010989189147949219,0,-0.0048847198486328125
15159282300,17642121,17627,17628,0,0,0,-0.5248222351074219,0,0.0036630630493164062,0,-0.014652252197265625
15161049000,17648121,17633,17633,0,0,0,-0.5248222351074219,0,-0.010989189147949219,0,-0.0048847198486328125
15162815700,17649132,17634,17634,0,0,0,-0.5248222351074219,0,-0.010989189147949219,0,-0.0048847198486328125
15164582400,17650145,17635,17635,0,0,0,-0.5248222351074219,0,-0.0036630630493164062,0,-0.0048847198486328125
15166349100,17652123,17637,17637,0,0,0,-0.5248222351074219,0,-0.0036630630493164062,0,-0.0048847198486328125
15168115800,17653123,17638,17638,0,0,0,-0.5248222351074219,0,-0.0036630630493164062,0,-0.014652252197265625
15169882500,17655129,17640,17640,0,0,0,-0.5252056121826172,0,-0.0036630630493164062,0,-0.014652252197265625
15171649200,17656120,17641,17641,0,0,0,-0.5248222351074219,0,0.0036630630493164062,0,-0.014652252197265625
15173415900,17657121,17642,17642,0,0,0,-0.5248222351074219,0,-0.010989189147949219,0,-0.0048847198486328125
15175182600,17659121,17644,17644,0,0,0,-0.5248222351074219,0,0.010989189147949219,0,-0.014652252197265625
15176949300,17661121,17646,17646,0,0,0,-0.5248222351074219,0,-0.0036630630493164062,0,-0.014652252197265625
15178716000,17664135,17649,17649,0,0,0,-0.5248222351074219,0,0.0036630630493164062,0,-0.014652252197265625
15180482700,17665134,17650,17650,0,0,0,-0.5248222351074219,0,0.0036630630493164062,0,-0.014652252197265625
15182249400,17667121,17652,17652,0,0,0,-0.5248222351074219,0,-0.010989189147949219,0,-0.0048847198486328125
15184016100,17669121,17654,17654,0,0,0,-0.5248222351074219,0,-0.0036630630493164062,0,-0.0048847198486328125
15185870125,17672121,17657,17657,0,0,0,-0.5252056121826172,0,-0.0036630630493164062,0,-0.0048847198486328125
15187724150,17675129,17660,17660,0,0,0,-0.5248222351074219,0,0.0036630630493164062,0,-0.0048847198486328125
15189578175,17676121,17661,17661,0,0,0,-0.5248222351074219,0,0.0036630630493164062,0,-0.0048847198486328125
15191432200,17678139,17663,17663,0,0,0,-0.5248222351074219,0,-0.0036630630493164062,0,-0.0048847198486328125
15193286225,17679125,17664,17664,0,0,0,-0.5248222351074219,0,-0.0036630630493164062,0,-0.0048847198486328125
15195140250,17681121,17666,17666,0,0,0,-0.5248222351074219,0,-0.010989189147949219,0,-0.0048847198486328125
15196994275,17682122,17667,17667,0,0,0,-0.5248222351074219,0,-0.010989189147949219,0,-0.0048847198486328125
15198848300,17684121,17669,17669,0,0,0,-0.5248222351074219,0,0.0036630630493164062,0,-0.0048847198486328125
15200702325,17686121,17671,17671,0,0,0,-0.5248222351074219,0,-0.0036630630493164062,0,-0.014652252197265625
15202556350,17687123,17672,17672,0,0,0,-0.5248222351074219,0,-0.0036630630493164062,0,-0.014652252197265625
15204410375,17689122,17674,17674,0,0,0,-0.5248222351074219,0,-0.010989189147949219,0,-0.014652252197265625
15206264400,17691132,17676,17676,0,0,0,-0.5248222351074219,0,-0.0036630630493164062,0,-0.0048847198486328125
15208118425,17692135,17677,17678,0,0,0,-0.5248222351074219,0,0.0036630630493164062,0,-0.0048847198486328125
15209972450,17694121,17679,17679,0,0,0,-0.5248222351074219,0,-0.0036630630493164062,0,-0.0048847198486328125
15211826475,17696121,17681,17681,0,0,0,-0.5248222351074219,0,-0.0036630630493164062,0,-0.0048847198486328125
15213680500,17698121,17683,17683,0,0,0,-0.5248222351074219,0,-0.010989189147949219,0,-0.0048847198486328125
15215596225,17702121,17687,17687,0,0,0,-0.5248222351074219,0,-0.0036630630493164062,0,-0.014652252197265625
15217511950,17704121,17689,17689,0,0,0,-0.5248222351074219,0,0.0036630630493164062,0,-0.014652252197265625
15219427675,17705137,17690,17690,0,0,0,-0.5248222351074219,0,-0.0036630630493164062,0,-0.0048847198486328125
15221343400,17707128,17692,17692,0,0,0,-0.5248222351074219,0,-0.0036630630493164062,0,-0.0048847198486328125
15223259125,17709121,17694,17694,0,0,0,-0.5248222351074219,0,-0.0036630630493164062,0,-0.0048847198486328125
15225174850,17711123,17696,17696,0,0,0,-0.5248222351074219,0,-0.0036630630493164062,0,-0.0048847198486328125
15227090575,17713121,17698,17698,0,0,0,-0.5248222351074219,0,-0.0036630630493164062,0,-0.0048847198486328125
15229006300,17714120,17699,17699,0,0,0,-0.5248222351074219,0,0.0036630630493164062,0,-0.0048847198486328125
15230922025,17716122,17701,17701,0,0,0,-0.5248222351074219,0,-0.0036630630493164062,0,-0.014652252197265625
15232837750,17718121,17703,17703,0,0,0,-0.5248222351074219,0,-0.0036630630493164062,0,-0.014652252197265625
15234753475,17721125,17706,17706,0,0,0,-0.5248222351074219,0,-0.0036630630493164062,0,-0.014652252197265625
15236669200,17722120,17707,17707,0,0,0,-0.5248222351074219,0,-0.0036630630493164062,0,-0.014652252197265625
15238584925,17724122,17709,17709,0,0,0,-0.5248222351074219,0,-0.010989189147949219,0,-0.014652252197265625
15240500650,17725129,17710,17710,0,0,0,-0.5248222351074219,0,-0.010989189147949219,0,-0.014652252197265625
15242416375,17727121,17712,17712,0,0,0,-0.5252056121826172,0,-0.010989189147949219,0,-0.014652252197265625
15244332100,17728125,17713,17713,0,0,0,-0.5248222351074219,0,-0.010989189147949219,0,-0.014652252197265625
15246815525,17740123,17725,17725,0,0,0,-0.5248222351074219,0,-0.010989189147949219,0,-0.014652252197265625
15249298950,17741125,17726,17726,0,0,0,-0.5248222351074219,0,-0.010989189147949219,0,-0.014652252197265625
15251782375,17743121,17728,17728,0,0,0,-0.5248222351074219,0,0.0036630630493164062,0,-0.0048847198486328125
15254265800,17744121,17730,17730,0,0,0,-0.5248222351074219,0,-0.0036630630493164062,0,-0.0048847198486328125
15256749225,17746121,17731,17731,0,0,0,-0.5248222351074219,0,-0.010989189147949219,0,-0.0048847198486328125
15259232650,17748135,17733,17733,0,0,0,-0.5248222351074219,0,0.0036630630493164062,0,-0.014652252197265625
15261716075,17750129,17735,17735,0,0,0,-0.5248222351074219,0,-0.0036630630493164062,0,-0.0048847198486328125
15264199500,17752123,17737,17737,0,0,0,-0.5248222351074219,0,-0.010989189147949219,0,-0.0048847198486328125
15266682925,17754120,17739,17739,0,0,0,-0.5248222351074219,0,0.0036630630493164062,0,-0.0048847198486328125
15269166350,17756121,17741,17741,0,0,0,-0.5248222351074219,0,-0.010989189147949219,0,-0.0048847198486328125
15271649775,17758121,17743,17743,0,0,0,-0.5248222351074219,0,-0.010989189147949219,0,-0.0048847198486328125
15274133200,17760121,17745,17745,0,0,0,-0.5248222351074219,0,-0.01831531524658203,0,-0.014652252197265625
15276616625,17763125,17748,17748,0,0,0,-0.5252056121826172,0,-0.0036630630493164062,0,-0.014652252197265625
15279100050,17764121,17749,17750,0,0,0,-0.5248222351074219,0,-0.0036630630493164062,0,-0.014652252197265625
15281583475,17766121,17751,17751,0,0,0,-0.5252056121826172,0,-0.0036630630493164062,0,-0.0048847198486328125
15284066900,17768121,17753,17753,0,0,0,-0.5248222351074219,0,0.0036630630493164062,0,-0.014652252197265625
15286162159,17772120,17757,17757,0,0,0,-0.5248222351074219,0,-0.010989189147949219,0,-0.014652252197265625
15288257416,17774122,17759,17759,0,0,0,-0.5248222351074219,0,-0.0036630630493164062,0,-0.014652252197265625
15290352673,17776135,17761,17761,0,0,0,-0.5248222351074219,0,-0.010989189147949219,0,-0.014652252197265625
15292447930,17778125,17763,17763,0,0,0,-0.5248222351074219,0,0.0036630630493164062,0,-0.014652252197265625
15294543187,17780121,17765,17765,0,0,0,-0.5248222351074219,0,-0.010989189147949219,0,-0.024419784545898438
15296638444,17782123,17767,17767,0,0,0,-0.5248222351074219,0,-0.010989189147949219,0,-0.024419784545898438
15298733701,17785129,17770,17770,0,0,0,-0.5248222351074219,0,-0.0036630630493164062,0,-0.014652252197265625
15300828958,17787121,17772,17772,0,0,0,-0.5248222351074219,0,-0.01831531524658203,0,-0.024419784545898438
15302924215,17789129,17774,17774,0,0,0,-0.5248222351074219,0,0.010989189147949219,0,-0.014652252197265625
15305019472,17791125,17776,17776,0,0,0,-0.5248222351074219,0,-0.0036630630493164062,0,-0.014652252197265625
15307114729,17792121,17778,17778,0,0,0,-0.5248222351074219,0,-0.0036630630493164062,0,-0.0048847198486328125
15309209986,17794124,17779,17779,0,0,0,-0.5248222351074219,0,0.0036630630493164062,0,-0.0048847198486328125
15311305243,17796121,17781,17781,0,0,0,-0.5248222351074219,0,-0.010989189147949219,0,0.0048847198486328125
15313400500,17798123,17783,17783,0,0,0,-0.5248222351074219,0,-0.010989189147949219,0,-0.0048847198486328125
15315309996,17803131,17788,17788,0,0,0,-0.5248222351074219,0,-0.010989189147949219,0,-0.0048847198486328125
15317219482,17804135,17789,17789,0,0,0,-0.5248222351074219,0,-0.010989189147949219,0,-0.0048847198486328125
15319128968,17806121,17791,17791,0,0,0,-0.5248222351074219,0,0.010989189147949219,0,-0.0048847198486328125
15321038454,17808121,17793,17793,0,0,0,-0.5248222351074219,0,-0.0036630630493164062,0,-0.014652252197265625
15322947940,17810121,17795,17795,0,0,0,-0.5248222351074219,0,-0.010989189147949219,0,-0.014652252197265625
15324857426,17813121,17798,17798,0,0,0,-0.5248222351074219,0,-0.0036630630493164062,0,-0.0048847198486328125
15326766912,17814121,17799,17799,0,0,0,-0.5248222351074219,0,-0.0036630630493164062,0,0.0048847198486328125
15328676398,17816121,17801,17801,0,0,0,-0.5248222351074219,0,-0.0036630630493164062,0,-0.0048847198486328125
15330585884,17817128,17802,17802,0,0,0,-0.5248222351074219,0,-0.0036630630493164062,0,-0.0048847198486328125
15332495370,17819127,17804,17804,0,0,0,-0.5248222351074219,0,-0.0036630630493164062,0,-0.0048847198486328125
15334404856,17820121,17805,17805,0,0,0,-0.5248222351074219,0,0.0036630630493164062,0,-0.014652252197265625
15336314342,17822120,17807,17807,0,0,0,-0.5248222351074219,0,-0.0036630630493164062,0,-0.014652252197265625
15338223828,17823124,17808,17808,0,0,0,-0.5248222351074219,0,0.0036630630493164062,0,-0.014652252197265625
15340133314,17824121,17810,17810,0,0,0,-0.5248222351074219,0,0.0036630630493164062,0,-0.024419784545898438
15342042800,17826121,17811,17811,0,0,0,-0.5248222351074219,0,-0.010989189147949219,0,-0.014652252197265625
15345912375,17831129,17816,17816,0,0,0,-0.5248222351074219,0,0.01831531524658203,0,-0.014652252197265625
15349781950,17834121,17819,17819,0,0,0,-0.5248222351074219,0,-0.0036630630493164062,0,-0.0048847198486328125
15353651525,17836125,17821,17821,0,0,0,-0.5248222351074219,0,-0.0036630630493164062,0,-0.0048847198486328125
15357521100,17837122,17822,17822,0,0,0,-0.5248222351074219,0,0.0036630630493164062,0,-0.0048847198486328125
15361390675,17839121,17824,17824,0,0,0,-0.5248222351074219,0,-0.010989189147949219,0,-0.0048847198486328125
15365260250,17841121,17826,17826,0,0,0,-0.5248222351074219,0,-0.010989189147949219,0,-0.0048847198486328125
15369129825,17847125,17832,17832,0,0,0,-0.5248222351074219,0,-0.0036630630493164062,0,-0.0048847198486328125
15372999400,17851121,17836,17836,0,0,0,-0.5248222351074219,0,-0.0036630630493164062,0,-0.0048847198486328125
15376868975,17867121,17852,17852,0,0,0,-0.5248222351074219,0,-0.0036630630493164062,0,-0.024419784545898438
15380738550,17877123,17862,17862,0,0,0,-0.5248222351074219,0,-0.010989189147949219,0,-0.0048847198486328125
15384608125,17879121,17864,17864,0,0,0,-0.5248222351074219,0,-0.0036630630493164062,0,-0.0048847198486328125
15388477700,17881124,17866,17866,0,0,0,-0.5248222351074219,0,-0.0036630630493164062,0,-0.0048847198486328125
15392347275,17882121,17867,17867,0,0,0,-0.5248222351074219,0,-0.0036630630493164062,0,-0.0048847198486328125
15396216850,17883121,17868,17868,0,0,0,-0.5252056121826172,0,-0.01831531524658203,0,-0.014652252197265625
15400086425,17885131,17870,17870,0,0,0,-0.5248222351074219,0,0.0036630630493164062,0,-0.0048847198486328125
15403956000,17887129,17872,17872,0,0,0,-0.5248222351074219,0,0.0036630630493164062,0,-0.014652252197265625
15406007841,17894125,17879,17879,0,0,0,-0.5248222351074219,0,-0.0036630630493164062,0,-0.014652252197265625
15408059678,17896122,17881,17881,0,0,0,-0.5248222351074219,0,0.010989189147949219,0,-0.014652252197265625
15410111515,17897121,17882,17882,0,0,0,-0.5248222351074219,0,0.0036630630493164062,0,-0.014652252197265625
15412163352,17898123,17883,17883,0,0,0,-0.5248222351074219,0,0.010989189147949219,0,-0.014652252197265625
15414215189,17899121,17885,17885,0,0,0,-0.5248222351074219,0,-0.0036630630493164062,0,-0.014652252197265625
15416267026,17901131,17886,17886,0,0,0,-0.5248222351074219,0,-0.010989189147949219,0,-0.014652252197265625
15418318863,17903125,17888,17888,0,0,0,-0.5248222351074219,0,-0.010989189147949219,0,-0.014652252197265625
15420370700,17905130,17890,17890,0,0,0,-0.5248222351074219,0,-0.010989189147949219,0,-0.0048847198486328125
15421851530,17909121,17894,17894,0,0,0,-0.5248222351074219,0,-0.010989189147949219,0,-0.0048847198486328125
15423332348,17910124,17895,17895,0,0,0,-0.5248222351074219,0,-0.010989189147949219,0,-0.0048847198486328125
15424813166,17912121,17897,17897,0,0,0,-0.5248222351074219,0,0.010989189147949219,0,-0.0048847198486328125
15426293984,17913121,17898,17898,0,0,0,-0.5248222351074219,0,-0.0036630630493164062,0,-0.0048847198486328125
15427774802,17914122,17899,17899,0,0,0,-0.5248222351074219,0,-0.0036630630493164062,0,-0.014652252197265625
15429255620,17915141,17900,17900,0,0,0,-0.5248222351074219,0,0.0036630630493164062,0,-0.0048847198486328125
15430736438,17917125,17902,17902,0,0,0,-0.5248222351074219,0,-0.0036630630493164062,0,-0.014652252197265625
15432217256,17918121,17903,17903,0,0,0,-0.5248222351074219,0,-0.010989189147949219,0,-0.0048847198486328125
15433698074,17920121,17905,17905,0,0,0,-0.5248222351074219,0,-0.0036630630493164062,0,-0.0048847198486328125
15435178892,17921121,17906,17906,0,0,0,-0.5248222351074219,0,-0.0036630630493164062,0,0.0048847198486328125
15436659710,17922120,17907,17907,0,0,0,-0.5248222351074219,0,-0.0036630630493164062,0,0.0048847198486328125
15438140528,17923125,17908,17908,0,0,0,-0.5248222351074219,0,-0.010989189147949219,0,0.0048847198486328125
15439621346,17925129,17910,17910,0,0,0,-0.5248222351074219,0,-0.010989189147949219,0,0.0048847198486328125
15441102164,17926121,17911,17911,0,0,0,-0.5248222351074219,0,-0.0036630630493164062,0,0.0048847198486328125
15442582982,17927123,17912,17912,0,0,0,-0.5248222351074219,0,0.0036630630493164062,0,0.0048847198486328125
15444063800,17929129,17914,17914,0,0,0,-0.5248222351074219,0,-0.010989189147949219,0,0.0048847198486328125
15445694600,17932121,17917,17917,0,0,0,-0.5248222351074219,0,-0.0036630630493164062,0,0.0048847198486328125
15447325400,17933121,17918,17918,0,0,0,-0.5248222351074219,0,-0.01831531524658203,0,-0.0048847198486328125
15448956200,17935131,17920,17920,0,0,0,-0.5248222351074219,0,0.0036630630493164062,0,-0.0048847198486328125
15450587000,17936121,17921,17921,0,0,0,-0.5248222351074219,0,-0.0036630630493164062,0,-0.0048847198486328125
15452217800,17937122,17922,17923,0,0,0,-0.5248222351074219,0,0.0036630630493164062,0,-0.014652252197265625
15453848600,17939125,17924,17924,0,0,0,-0.5248222351074219,0,0.0036630630493164062,0,-0.014652252197265625
15455479400,17940121,17925,17925,0,0,0,-0.5248222351074219,0,-0.0036630630493164062,0,-0.0048847198486328125
15457110200,17941121,17926,17926,0,0,0,-0.5248222351074219,0,-0.0036630630493164062,0,-0.0048847198486328125
15458741000,17942121,17927,17927,0,0,0,-0.5248222351074219,0,-0.0036630630493164062,0,-0.0048847198486328125
15460371800,17944138,17929,17929,0,0,0,-0.5248222351074219,0,0.0036630630493164062,0,-0.0048847198486328125
15462002600,17945134,17930,17930,0,0,0,-0.5248222351074219,0,-0.0036630630493164062,0,-0.0048847198486328125
15463633400,17946121,17931,17931,0,0,0,-0.5248222351074219,0,-0.0036630630493164062,0,-0.0048847198486328125
15465264200,17948123,17933,17933,0,0,0,-0.5248222351074219,0,-0.0036630630493164062,0,-0.0048847198486328125
15466895000,17949121,17935,17935,0,0,0,-0.5248222351074219,0,-0.010989189147949219,0,-0.0048847198486328125
15468525800,17951121,17936,17936,0,0,0,-0.5248222351074219,0,-0.0036630630493164062,0,-0.0048847198486328125
15470156600,17954121,17939,17939,0,0,0,-0.5248222351074219,0,-0.0036630630493164062,0,-0.0048847198486328125
15471582295,17958135,17943,17943,0,0,0,-0.5248222351074219,0,-0.0036630630493164062,0,-0.014652252197265625
15473007982,17960125,17945,17945,0,0,0,-0.5248222351074219,0,-0.0036630630493164062,0,-0.014652252197265625
15474433669,17961121,17946,17946,0,0,0,-0.5248222351074219,0,-0.010989189147949219,0,-0.014652252197265625
15475859356,17962120,17947,17947,0,0,0,-0.5248222351074219,0,0.0036630630493164062,0,-0.014652252197265625
15477285043,17963121,17948,17948,0,0,0,-0.5248222351074219,0,-0.0036630630493164062,0,-0.0048847198486328125
15478710730,17965130,17950,17950,0,0,0,-0.5248222351074219,0,0.010989189147949219,0,-0.014652252197265625
15480136417,17966121,17951,17951,0,0,0,-0.5248222351074219,0,0.0036630630493164062,0,-0.014652252197265625
15481562104,17967121,17952,17952,0,0,0,-0.5248222351074219,0,-0.010989189147949219,0,-0.0048847198486328125
15482987791,17969121,17954,17954,0,0,0,-0.5248222351074219,0,-0.0036630630493164062,0,-0.014652252197265625
15484413478,17970120,17955,17955,0,0,0,-0.5248222351074219,0,-0.0036630630493164062,0,-0.014652252197265625
15485839165,17972136,17957,17957,0,0,0,-0.5248222351074219,0,-0.0036630630493164062,0,-0.014652252197265625
15487264852,17973128,17958,17958,0,0,0,-0.5248222351074219,0,-0.0036630630493164062,0,-0.014652252197265625
15488690539,17974121,17959,17959,0,0,0,-0.5248222351074219,0,-0.0036630630493164062,0,-0.024419784545898438
15490116226,17975129,17960,17960,0,0,0,-0.5248222351074219,0,-0.010989189147949219,0,-0.014652252197265625
15491541913,17976121,17961,17962,0,0,0,-0.5248222351074219,0,-0.0036630630493164062,0,-0.014652252197265625
15492967600,17978121,17963,17963,0,0,0,-0.5248222351074219,0,-0.0036630630493164062,0,-0.014652252197265625
15494401500,17981124,17966,17966,0,0,0,-0.5248222351074219,0,-0.01831531524658203,0,-0.014652252197265625
15495835400,17982121,17967,17967,0,0,0,-0.5248222351074219,0,-0.0036630630493164062,0,-0.014652252197265625
15497269300,17983121,17968,17968,0,0,0,-0.5248222351074219,0,-0.010989189147949219,0,-0.014652252197265625
15498703200,17984121,17970,17970,0,0,0,-0.5248222351074219,0,-0.0036630630493164062,0,-0.024419784545898438
15500137100,17986135,17971,17971,0,0,0,-0.5248222351074219,0,-0.0036630630493164062,0,-0.014652252197265625
15501571000,17987126,17972,17972,0,0,0,-0.5248222351074219,0,-0.010989189147949219,0,-0.014652252197265625
15503004900,17989125,17974,17974,0,0,0,-0.5248222351074219,0,-0.0036630630493164062,0,-0.014652252197265625
15504438800,17991121,17976,17976,0,0,0,-0.5248222351074219,0,-0.0036630630493164062,0,-0.0048847198486328125
15505872700,17992121,17977,17977,0,0,0,-0.5248222351074219,0,-0.0036630630493164062,0,-0.0048847198486328125
15507306600,17994120,17979,17979,0,0,0,-0.5248222351074219,0,-0.0036630630493164062,0,-0.0048847198486328125
15508740500,17995130,17980,17980,0,0,0,-0.5248222351074219,0,-0.0036630630493164062,0,-0.0048847198486328125
15510174400,17996121,17981,17981,0,0,0,-0.5248222351074219,0,0.0036630630493164062,0,-0.014652252197265625
15511608300,17998121,17983,17983,0,0,0,-0.5248222351074219,0,-0.0036630630493164062,0,-0.014652252197265625
15513042200,17999129,17984,17984,0,0,0,-0.5248222351074219,0,-0.0036630630493164062,0,-0.0048847198486328125
15514476100,18000144,17985,17985,0,0,0,-0.5248222351074219,0,-0.0036630630493164062,0,-0.014652252197265625
15515910000,18001129,17986,17986,0,0,0,-0.5248222351074219,0,0.0036630630493164062,0,-0.0048847198486328125
15517765630,18007121,17992,17992,0,0,0,-0.5248222351074219,0,-0.0036630630493164062,0,-0.014652252197265625
15519621248,18010124,17995,17995,0,0,0,-0.5248222351074219,0,-0.010989189147949219,0,-0.0048847198486328125
15521476866,18011121,17996,17996,0,0,0,-0.5248222351074219,0,0.0036630630493164062,0,-0.014652252197265625
15523332484,18012122,17997,17998,0,0,0,-0.5248222351074219,0,0.010989189147949219,0,-0.0048847198486328125
15525188102,18014137,17999,17999,0,0,0,-0.5248222351074219,0,-0.0036630630493164062,0,-0.0048847198486328125
15527043720,18015133,18000,18000,0,0,0,-0.5248222351074219,0,0.0036630630493164062,0,-0.0048847198486328125
15528899338,18016121,18001,18001,0,0,0,-0.5248222351074219,0,-0.0036630630493164062,0,0.0048847198486328125
15530754956,18017121,18002,18002,0,0,0,-0.5248222351074219,0,-0.0036630630493164062,0,0.0048847198486328125
15532610574,18019121,18004,18004,0,0,0,-0.5248222351074219,0,0.0036630630493164062,0,-0.0048847198486328125
15534466192,18020121,18005,18005,0,0,0,-0.5248222351074219,0,-0.0036630630493164062,0,-0.0048847198486328125
15536321810,18021121,18006,18006,0,0,0,-0.5248222351074219,0,-0.01831531524658203,0,-0.0048847198486328125
15538177428,18023121,18008,18008,0,0,0,-0.5248222351074219,0,-0.010989189147949219,0,0.0048847198486328125
15540033046,18024121,18010,18010,0,0,0,-0.5248222351074219,0,-0.0036630630493164062,0,-0.0048847198486328125
15541888664,18026124,18011,18011,0,0,0,-0.5248222351074219,0,0.0036630630493164062,0,-0.0048847198486328125
15543744282,18028135,18013,18013,0,0,0,-0.5248222351074219,0,-0.0036630630493164062,0,-0.014652252197265625
15545599900,18029125,18014,18014,0,0,0,-0.5248222351074219,0,0.0036630630493164062,0,-0.014652252197265625
15547075455,18033121,18018,18018,0,0,0,-0.5248222351074219,0,-0.010989189147949219,0,-0.014652252197265625
15548550998,18034121,18020,18020,0,0,0,-0.5248222351074219,0,0.0036630630493164062,0,-0.014652252197265625
15550026541,18036121,18021,18021,0,0,0,-0.5248222351074219,0,0.0036630630493164062,0,-0.0048847198486328125
15551502084,18037121,18022,18022,0,0,0,-0.5248222351074219,0,-0.010989189147949219,0,-0.0048847198486328125
15552977627,18038121,18023,18023,0,0,0,-0.5248222351074219,0,0.010989189147949219,0,-0.014652252197265625
15554453170,18040121,18025,18025,0,0,0,-0.5248222351074219,0,-0.0036630630493164062,0,-0.0048847198486328125
15555928713,18041128,18026,18026,0,0,0,-0.5248222351074219,0,-0.0036630630493164062,0,-0.0048847198486328125
15557404256,18042136,18027,18028,0,0,0,-0.5248222351074219,0,-0.0036630630493164062,0,-0.0048847198486328125
15558879799,18044121,18029,18029,0,0,0,-0.5248222351074219,0,-0.0036630630493164062,0,-0.0048847198486328125
15560355342,18045129,18030,18030,0,0,0,-0.5248222351074219,0,-0.010989189147949219,0,-0.0048847198486328125
15561830885,18046121,18031,18031,0,0,0,-0.5248222351074219,0,0.0036630630493164062,0,-0.0048847198486328125
15563306428,18048121,18033,18033,0,0,0,-0.5248222351074219,0,-0.010989189147949219,0,-0.0048847198486328125
15564781971,18049121,18034,18034,0,0,0,-0.5248222351074219,0,-0.0036630630493164062,0,-0.014652252197265625
15566257514,18050129,18035,18035,0,0,0,-0.5248222351074219,0,-0.010989189147949219,0,-0.014652252197265625
15567733057,18052123,18037,18037,0,0,0,-0.5248222351074219,0,-0.0036630630493164062,0,-0.014652252197265625
15569208600,18053121,18038,18038,0,0,0,-0.5248222351074219,0,-0.010989189147949219,0,-0.014652252197265625
15570498195,18057125,18042,18042,0,0,0,-0.5248222351074219,0,0.0036630630493164062,0,-0.014652252197265625
15571787782,18058121,18043,18043,0,0,0,-0.5248222351074219,0,-0.0036630630493164062,0,-0.014652252197265625
15573077369,18059123,18044,18044,0,0,0,-0.5248222351074219,0,-0.010989189147949219,0,-0.0048847198486328125
15574366956,18061121,18046,18046,0,0,0,-0.5248222351074219,0,-0.0036630630493164062,0,-0.0048847198486328125
15575656543,18062120,18047,18047,0,0,0,-0.5248222351074219,0,-0.0036630630493164062,0,-0.0048847198486328125
15576946130,18063121,18048,18048,0,0,0,-0.5248222351074219,0,0.0036630630493164062,0,-0.0048847198486328125
15578235717,18064124,18049,18049,0,0,0,-0.5248222351074219,0,0.0036630630493164062,0,-0.0048847198486328125
15579525304,18065129,18050,18050,0,0,0,-0.5248222351074219,0,-0.010989189147949219,0,-0.0048847198486328125
15580814891,18067121,18052,18052,0,0,0,-0.5248222351074219,0,0.0036630630493164062,0,-0.0048847198486328125
15582104478,18068125,18053,18053,0,0,0,-0.5248222351074219,0,-0.0036630630493164062,0,-0.0048847198486328125
15583394065,18069129,18054,18054,0,0,0,-0.5248222351074219,0,-0.0036630630493164062,0,-0.0048847198486328125
15584683652,18070134,18055,18056,0,0,0,-0.5248222351074219,0,-0.0036630630493164062,0,-0.0048847198486328125
15585973239,18072122,18057,18057,0,0,0,-0.5248222351074219,0,0.0036630630493164062,0,-0.0048847198486328125
15587262826,18073121,18058,18058,0,0,0,-0.5248222351074219,0,-0.010989189147949219,0,-0.0048847198486328125
15588552413,18074121,18059,18059,0,0,0,-0.5248222351074219,0,-0.0036630630493164062,0,-0.0048847198486328125
15589842000,18075129,18060,18060,0,0,0,-0.5248222351074219,0,-0.0036630630493164062,0,-0.0048847198486328125
15591413320,18077121,18062,18062,0,0,0,-0.5248222351074219,0,0.0036630630493164062,0,-0.014652252197265625
15592984632,18078121,18063,18063,0,0,0,-0.5248222351074219,0,-0.010989189147949219,0,-0.014652252197265625
15594555944,18079121,18064,18064,0,0,0,-0.5248222351074219,0,-0.0036630630493164062,0,-0.024419784545898438
15596127256,18080122,18065,18065,0,0,0,-0.5248222351074219,0,-0.0036630630493164062,0,-0.014652252197265625
15597698568,18081121,18066,18066,0,0,0,-0.5248222351074219,0,-0.0036630630493164062,0,-0.014652252197265625
15599269880,18082121,18067,18067,0,0,0,-0.5248222351074219,0,-0.0036630630493164062,0,-0.024419784545898438
15600841192,18083128,18068,18068,0,0,0,-0.5248222351074219,0,-0.0036630630493164062,0,-0.014652252197265625
15602412504,18085135,18070,18070,0,0,0,-0.5252056121826172,0,-0.010989189147949219,0,-0.014652252197265625
15603983816,18087121,18072,18072,0,0,0,-0.5248222351074219,0,-0.010989189147949219,0,-0.014652252197265625
15605555128,18088122,18073,18074,0,0,0,-0.5248222351074219,0,0.0036630630493164062,0,-0.014652252197265625
15607126440,18090121,18075,18075,0,0,0,-0.5248222351074219,0,-0.010989189147949219,0,-0.0048847198486328125
15608697752,18091121,18077,18077,0,0,0,-0.5248222351074219,0,-0.0036630630493164062,0,-0.014652252197265625
15610269064,18093123,18078,18078,0,0,0,-0.5248222351074219,0,-0.0036630630493164062,0,-0.014652252197265625
15611840376,18095130,18080,18080,0,0,0,-0.5248222351074219,0,0.0036630630493164062,0,-0.014652252197265625
15613411688,18096121,18082,18082,0,0,0,-0.5248222351074219,0,-0.0036630630493164062,0,-0.0048847198486328125
15614983000,18099125,18084,18084,0,0,0,-0.5248222351074219,0,-0.0036630630493164062,0,-0.0048847198486328125
15616683450,18103121,18088,18088,0,0,0,-0.5248222351074219,0,-0.010989189147949219,0,-0.0048847198486328125
15618383900,18104121,18089,18089,0,0,0,-0.5248222351074219,0,0.0036630630493164062,0,0.0048847198486328125
15620084350,18106121,18091,18091,0,0,0,-0.5248222351074219,0,-0.0036630630493164062,0,0.0048847198486328125
15621784800,18107121,18092,18092,0,0,0,-0.5248222351074219,0,-0.010989189147949219,0,-0.0048847198486328125
15623485250,18108122,18094,18094,0,0,0,-0.5248222351074219,0,-0.0036630630493164062,0,0.0048847198486328125
15625185700,18110121,18095,18095,0,0,0,-0.5248222351074219,0,-0.0036630630493164062,0,0.0048847198486328125
15626886150,18111129,18096,18097,0,0,0,-0.5248222351074219,0,0.0036630630493164062,0,-0.0048847198486328125
15628586600,18113129,18098,18098,0,0,0,-0.5248222351074219,0,0.0036630630493164062,0,-0.014652252197265625
15630287050,18116121,18101,18101,0,0,0,-0.5248222351074219,0,-0.010989189147949219,0,-0.0048847198486328125
15631987500,18117123,18102,18102,0,0,0,-0.5248222351074219,0,-0.0036630630493164062,0,-0.0048847198486328125
15633687950,18119122,18104,18104,0,0,0,-0.5248222351074219,0,-0.0036630630493164062,0,-0.0048847198486328125
15635388400,18120121,18105,18105,0,0,0,-0.5248222351074219,0,-0.010989189147949219,0,-0.014652252197265625
15637088850,18121121,18106,18106,0,0,0,-0.5248222351074219,0,-0.0036630630493164062,0,-0.014652252197265625
15638789300,18123121,18108,18108,0,0,0,-0.5248222351074219,0,-0.010989189147949219,0,-0.014652252197265625
15640489750,18125137,18110,18110,0,0,0,-0.5248222351074219,0,0.0036630630493164062,0,-0.014652252197265625
15642190200,18126139,18111,18111,0,0,0,-0.5248222351074219,0,0.0036630630493164062,0,-0.014652252197265625
15643869345,18133121,18118,18118,0,0,0,-0.5248222351074219,0,-0.01831531524658203,0,-0.024419784545898438
15645548482,18134124,18119,18119,0,0,0,-0.5248222351074219,0,-0.0036630630493164062,0,-0.014652252197265625
15647227619,18135130,18120,18120,0,0,0,-0.5248222351074219,0,-0.0036630630493164062,0,-0.0048847198486328125
15648906756,18137121,18122,18122,0,0,0,-0.5248222351074219,0,-0.010989189147949219,0,-0.0048847198486328125
15650585893,18138123,18123,18123,0,0,0,-0.5248222351074219,0,-0.0036630630493164062,0,-0.0048847198486328125
15652265030,18139129,18124,18124,0,0,0,-0.5248222351074219,0,0.0036630630493164062,0,-0.0048847198486328125
15653944167,18140136,18125,18125,0,0,0,-0.5248222351074219,0,0.0036630630493164062,0,-0.0048847198486328125
15655623304,18141124,18126,18126,0,0,0,-0.5248222351074219,0,-0.0036630630493164062,0,-0.014652252197265625
15657302441,18143121,18128,18128,0,0,0,-0.5248222351074219,0,-0.0036630630493164062,0,-0.0048847198486328125
15658981578,18144120,18129,18129,0,0,0,-0.5248222351074219,0,-0.0036630630493164062,0,-0.0048847198486328125
15660660715,18146123,18131,18131,0,0,0,-0.5248222351074219,0,-0.0036630630493164062,0,-0.0048847198486328125
15662339852,18148121,18133,18133,0,0,0,-0.5248222351074219,0,-0.0036630630493164062,0,-0.0048847198486328125
15664018989,18149121,18134,18134,0,0,0,-0.5248222351074219,0,-0.0036630630493164062,0,-0.014652252197265625
15665698126,18150129,18135,18136,0,0,0,-0.5248222351074219,0,-0.010989189147949219,0,-0.024419784545898438
15667377263,18152123,18137,18137,0,0,0,-0.5248222351074219,0,-0.010989189147949219,0,-0.024419784545898438
15669056400,18154135,18139,18139,0,0,0,-0.5248222351074219,0,-0.0036630630493164062,0,-0.014652252197265625
15670858045,18157121,18142,18142,0,0,0,-0.5248222351074219,0,0.010989189147949219,0,-0.024419784545898438
15672659682,18158121,18143,18143,0,0,0,-0.5248222351074219,0,-0.010989189147949219,0,-0.0048847198486328125
15674461319,18160121,18145,18145,0,0,0,-0.5248222351074219,0,-0.010989189147949219,0,-0.0048847198486328125
15676262956,18161121,18146,18146,0,0,0,-0.5248222351074219,0,0.0036630630493164062,0,-0.0048847198486328125
15678064593,18163125,18148,18148,0,0,0,-0.5248222351074219,0,-0.0036630630493164062,0,-0.014652252197265625
15679866230,18165129,18150,18150,0,0,0,-0.5248222351074219,0,-0.0036630630493164062,0,-0.0048847198486328125
15681667867,18166121,18151,18151,0,0,0,-0.5248222351074219,0,-0.0036630630493164062,0,-0.014652252197265625
15683469504,18168139,18153,18153,0,0,0,-0.5248222351074219,0,-0.0036630630493164062,0,-0.0048847198486328125
15685271141,18170121,18155,18155,0,0,0,-0.5248222351074219,0,0.0036630630493164062,0,-0.014652252197265625
15687072778,18172122,18157,18157,0,0,0,-0.5248222351074219,0,-0.0036630630493164062,0,-0.0048847198486328125
15688874415,18174121,18159,18159,0,0,0,-0.5248222351074219,0,-0.0036630630493164062,0,-0.0048847198486328125
15690676052,18176124,18161,18162,0,0,0,-0.5248222351074219,0,-0.0036630630493164062,0,-0.0048847198486328125
15692477689,18178120,18163,18163,0,0,0,-0.5248222351074219,0,-0.0036630630493164062,0,-0.0048847198486328125
15694279326,18179121,18164,18164,0,0,0,-0.5248222351074219,0,-0.0036630630493164062,0,-0.0048847198486328125
15696080963,18181128,18166,18166,0,0,0,-0.5248222351074219,0,-0.0036630630493164062,0,-0.0048847198486328125
15697882600,18182135,18167,18167,0,0,0,-0.5248222351074219,0,0.0036630630493164062,0,-0.0048847198486328125
15699651280,18187121,18172,18172,0,0,0,-0.5248222351074219,0,-0.010989189147949219,0,-0.014652252197265625
15701419948,18189121,18174,18174,0,0,0,-0.5248222351074219,0,0.010989189147949219,0,-0.024419784545898438
15703188616,18190121,18175,18175,0,0,0,-0.5248222351074219,0,-0.0036630630493164062,0,-0.024419784545898438
15704957284,18191121,18176,18176,0,0,0,-0.5248222351074219,0,0.0036630630493164062,0,-0.014652252197265625
15706725952,18193121,18178,18178,0,0,0,-0.5248222351074219,0,-0.0036630630493164062,0,-0.024419784545898438
15708494620,18194120,18179,18179,0,0,0,-0.5248222351074219,0,0.0036630630493164062,0,-0.024419784545898438
15710263288,18196137,18181,18181,0,0,0,-0.5248222351074219,0,-0.010989189147949219,0,-0.014652252197265625
15712031956,18198121,18183,18183,0,0,0,-0.5248222351074219,0,-0.0036630630493164062,0,-0.014652252197265625
15713800624,18200133,18185,18185,0,0,0,-0.5248222351074219,0,-0.010989189147949219,0,-0.0048847198486328125
15715569292,18202121,18187,18187,0,0,0,-0.5248222351074219,0,-0.010989189147949219,0,-0.0048847198486328125
15717337960,18203121,18188,18188,0,0,0,-0.5248222351074219,0,0.0036630630493164062,0,0.0048847198486328125
15719106628,18205133,18190,18190,0,0,0,-0.5248222351074219,0,-0.0036630630493164062,0,0.0048847198486328125
15720875296,18206121,18191,18191,0,0,0,-0.5248222351074219,0,0.0036630630493164062,0,-0.0048847198486328125
15722643964,18208121,18193,18193,0,0,0,-0.5248222351074219,0,-0.0036630630493164062,0,-0.0048847198486328125
15724412632,18209131,18194,18194,0,0,0,-0.5248222351074219,0,-0.010989189147949219,0,-0.0048847198486328125
15726181300,18211125,18196,18196,0,0,0,-0.5248222351074219,0,-0.0036630630493164062,0,0.0048847198486328125
15727887870,18214121,18199,18199,0,0,0,-0.5248222351074219,0,-0.010989189147949219,0,0.0048847198486328125
15729594432,18215129,18200,18200,0,0,0,-0.5248222351074219,0,-0.010989189147949219,0,0.0048847198486328125
15731300994,18217123,18202,18202,0,0,0,-0.5248222351074219,0,-0.01831531524658203,0,0.0048847198486328125
15733007556,18218121,18203,18203,0,0,0,-0.5248222351074219,0,-0.0036630630493164062,0,0.0048847198486328125
15734714118,18220121,18205,18205,0,0,0,-0.5248222351074219,0,0.010989189147949219,0,-0.0048847198486328125
15736420680,18222121,18207,18207,0,0,0,-0.5248222351074219,0,0.0036630630493164062,0,-0.0048847198486328125
15738127242,18223129,18208,18208,0,0,0,-0.5248222351074219,0,-0.0036630630493164062,0,-0.014652252197265625
15739833804,18225135,18210,18210,0,0,0,-0.5248222351074219,0,-0.010989189147949219,0,-0.024419784545898438
15741540366,18226120,18211,18211,0,0,0,-0.5252056121826172,0,-0.0036630630493164062,0,-0.024419784545898438
15743246928,18228121,18213,18213,0,0,0,-0.5248222351074219,0,0.0036630630493164062,0,-0.024419784545898438
15744953490,18229125,18214,18214,0,0,0,-0.5248222351074219,0,-0.010989189147949219,0,-0.024419784545898438
15746660052,18231121,18216,18216,0,0,0,-0.5248222351074219,0,0.0036630630493164062,0,-0.024419784545898438
15748366614,18232122,18217,18217,0,0,0,-0.5248222351074219,0,0.0036630630493164062,0,-0.014652252197265625
15750073176,18233123,18218,18218,0,0,0,-0.5248222351074219,0,0.010989189147949219,0,-0.014652252197265625
15751779738,18234125,18219,18219,0,0,0,-0.5248222351074219,0,-0.0036630630493164062,0,-0.014652252197265625
15753486300,18238137,18223,18223,0,0,0,-0.5252056121826172,0,-0.0036630630493164062,0,-0.0048847198486328125
15755239980,18246123,18231,18231,0,0,0,-0.5248222351074219,0,-0.0036630630493164062,0,-0.0048847198486328125
15756993648,18247121,18232,18232,0,0,0,-0.5248222351074219,0,-0.0036630630493164062,0,-0.0048847198486328125
15758747316,18249121,18234,18234,0,0,0,-0.5248222351074219,0,0.0036630630493164062,0,-0.014652252197265625
15760500984,18250132,18235,18235,0,0,0,-0.5248222351074219,0,0.0036630630493164062,0,-0.0048847198486328125
15762254652,18252137,18237,18237,0,0,0,-0.5248222351074219,0,-0.0036630630493164062,0,-0.0048847198486328125
15764008320,18254122,18239,18239,0,0,0,-0.5248222351074219,0,-0.0036630630493164062,0,-0.0048847198486328125
15765761988,18255134,18240,18240,0,0,0,-0.5248222351074219,0,-0.010989189147949219,0,-0.0048847198486328125
15767515656,18257121,18242,18242,0,0,0,-0.5248222351074219,0,-0.0036630630493164062,0,-0.0048847198486328125
15769269324,18258124,18243,18243,0,0,0,-0.5248222351074219,0,0.0036630630493164062,0,-0.0048847198486328125
15771022992,18259121,18244,18244,0,0,0,-0.5248222351074219,0,-0.0036630630493164062,0,-0.0048847198486328125
15772776660,18260121,18245,18245,0,0,0,-0.5248222351074219,0,-0.010989189147949219,0,-0.014652252197265625
15774530328,18261121,18246,18246,0,0,0,-0.5248222351074219,0,-0.010989189147949219,0,-0.014652252197265625
15776283996,18262122,18247,18247,0,0,0,-0.5248222351074219,0,-0.0036630630493164062,0,-0.0048847198486328125
15778037664,18264122,18249,18249,0,0,0,-0.5248222351074219,0,-0.010989189147949219,0,-0.014652252197265625
15779791332,18265137,18250,18250,0,0,0,-0.5248222351074219,0,-0.0036630630493164062,0,-0.0048847198486328125
15781545000,18266135,18251,18251,0,0,0,-0.5248222351074219,0,-0.0036630630493164062,0,-0.0048847198486328125
15783702755,18274121,18259,18259,0,0,0,-0.5248222351074219,0,-0.010989189147949219,0,-0.0048847198486328125
15785556594,18275131,18260,18260,0,0,0,-0.5248222351074219,0,0.0036630630493164062,0,-0.014652252197265625
15787410433,18277121,18262,18262,0,0,0,-0.5248222351074219,0,-0.010989189147949219,0,-0.014652252197265625
15789264272,18278121,18263,18263,0,0,0,-0.5252056121826172,0,-0.0036630630493164062,0,-0.014652252197265625
15791118111,18280137,18265,18265,0,0,0,-0.5248222351074219,0,-0.010989189147949219,0,-0.014652252197265625
15792971950,18283122,18268,18269,0,0,0,-0.5248222351074219,0,0.0036630630493164062,0,-0.0048847198486328125
15794825789,18285129,18270,18270,0,0,0,-0.5248222351074219,0,0.0036630630493164062,0,-0.014652252197265625
15796679628,18286120,18271,18271,0,0,0,-0.5248222351074219,0,-0.0036630630493164062,0,-0.0048847198486328125
15798533467,18288121,18273,18273,0,0,0,-0.5248222351074219,0,0.0036630630493164062,0,-0.0048847198486328125
15800387306,18289121,18274,18274,0,0,0,-0.5248222351074219,0,-0.0036630630493164062,0,-0.014652252197265625
15802241145,18291122,18276,18276,0,0,0,-0.5248222351074219,0,-0.01831531524658203,0,-0.014652252197265625
15804094984,18293129,18278,18278,0,0,0,-0.5248222351074219,0,0.010989189147949219,0,-0.014652252197265625
15805948823,18294135,18280,18280,0,0,0,-0.5248222351074219,0,-0.0036630630493164062,0,-0.014652252197265625
15807802662,18296123,18281,18281,0,0,0,-0.5248222351074219,0,-0.0036630630493164062,0,-0.014652252197265625
15809656501,18299121,18284,18284,0,0,0,-0.5248222351074219,0,0.0036630630493164062,0,-0.0048847198486328125
15811510340,18301123,18286,18286,0,0,0,-0.5248222351074219,0,0.0036630630493164062,0,-0.014652252197265625
15813364179,18305133,18290,18290,0,0,0,-0.5248222351074219,0,-0.010989189147949219,0,-0.024419784545898438
15815218018,18306121,18291,18291,0,0,0,-0.5248222351074219,0,-0.0036630630493164062,0,-0.024419784545898438
15817071857,18307129,18292,18292,0,0,0,-0.5248222351074219,0,-0.0036630630493164062,0,-0.024419784545898438
15818925696,18308139,18293,18293,0,0,0,-0.5248222351074219,0,0.0036630630493164062,0,-0.014652252197265625
15820779535,18309125,18294,18295,0,0,0,-0.5248222351074219,0,0.0036630630493164062,0,-0.0048847198486328125
15822633374,18311121,18296,18296,0,0,0,-0.5248222351074219,0,0.0036630630493164062,0,-0.0048847198486328125
15824487213,18312122,18297,18297,0,0,0,-0.5248222351074219,0,0.0036630630493164062,0,-0.0048847198486328125
15826341052,18313121,18298,18298,0,0,0,-0.5248222351074219,0,-0.010989189147949219,0,-0.0048847198486328125
15828194891,18314121,18299,18299,0,0,0,-0.5248222351074219,0,-0.0036630630493164062,0,-0.0048847198486328125
15830048730,18315129,18301,18301,0,0,0,-0.5248222351074219,0,-0.01831531524658203,0,-0.0048847198486328125
15831902569,18317121,18302,18302,0,0,0,-0.5248222351074219,0,0.010989189147949219,0,-0.0048847198486328125
15833756408,18318121,18303,18303,0,0,0,-0.5248222351074219,0,-0.010989189147949219,0,-0.014652252197265625
15835610247,18320122,18305,18305,0,0,0,-0.5248222351074219,0,-0.0036630630493164062,0,-0.014652252197265625
15837464086,18322135,18307,18307,0,0,0,-0.5248222351074219,0,-0.0036630630493164062,0,-0.014652252197265625
15839323605,18326121,18311,18311,0,0,0,-0.5248222351074219,0,-0.0036630630493164062,0,-0.0048847198486328125
15841183098,18327121,18313,18313,0,0,0,-0.5248222351074219,0,-0.0036630630493164062,0,-0.0048847198486328125
15843042591,18329125,18314,18314,0,0,0,-0.5248222351074219,0,-0.0036630630493164062,0,-0.0048847198486328125
15844902084,18331121,18316,18316,0,0,0,-0.5248222351074219,0,-0.0036630630493164062,0,-0.0048847198486328125
15846761577,18333123,18318,18318,0,0,0,-0.5248222351074219,0,0.010989189147949219,0,-0.0048847198486328125
15848621070,18334121,18319,18319,0,0,0,-0.5248222351074219,0,-0.0036630630493164062,0,-0.0048847198486328125
15850480563,18336135,18321,18321,0,0,0,-0.5248222351074219,0,0.0036630630493164062,0,-0.0048847198486328125
15852340056,18338120,18323,18323,0,0,0,-0.5248222351074219,0,-0.010989189147949219,0,-0.0048847198486328125
15854199549,18339121,18324,18324,0,0,0,-0.5248222351074219,0,-0.0036630630493164062,0,-0.0048847198486328125
15856059042,18341123,18326,18326,0,0,0,-0.5248222351074219,0,-0.010989189147949219,0,-0.014652252197265625
15857918535,18344121,18329,18329,0,0,0,-0.5248222351074219,0,-0.0036630630493164062,0,-0.014652252197265625
15859778028,18345133,18330,18330,0,0,0,-0.5248222351074219,0,-0.0036630630493164062,0,-0.014652252197265625
15861637521,18347121,18332,18332,0,0,0,-0.5248222351074219,0,0.0036630630493164062,0,-0.014652252197265625
15863497014,18348121,18333,18333,0,0,0,-0.5248222351074219,0,-0.0036630630493164062,0,-0.0048847198486328125
15865356507,18350146,18335,18335,0,0,0,-0.5248222351074219,0,-0.010989189147949219,0,-0.0048847198486328125
15867216000,18351125,18336,18336,0,0,0,-0.5248222351074219,0,-0.0036630630493164062,0,-0.0048847198486328125
15869321945,18359121,18344,18344,0,0,0,-0.5252056121826172,0,-0.010989189147949219,0,-0.0048847198486328125
15871427882,18361121,18346,18346,0,0,0,-0.5248222351074219,0,-0.01831531524658203,0,-0.0048847198486328125
15873533819,18362123,18347,18347,0,0,0,-0.5248222351074219,0,0.010989189147949219,0,-0.0048847198486328125
15875639756,18364137,18349,18349,0,0,0,-0.5248222351074219,0,-0.0036630630493164062,0,-0.0048847198486328125
15877745693,18365133,18350,18350,0,0,0,-0.5248222351074219,0,0.0036630630493164062,0,-0.0048847198486328125
15879851630,18367121,18352,18352,0,0,0,-0.5248222351074219,0,-0.010989189147949219,0,-0.0048847198486328125
15881957567,18369121,18354,18354,0,0,0,-0.5248222351074219,0,-0.0036630630493164062,0,-0.0048847198486328125
15884063504,18370122,18355,18355,0,0,0,-0.5248222351074219,0,0.010989189147949219,0,-0.014652252197265625
15886169441,18372121,18357,18357,0,0,0,-0.5248222351074219,0,-0.0036630630493164062,0,-0.014652252197265625
15888275378,18374124,18360,18360,0,0,0,-0.5252056121826172,0,-0.010989189147949219,0,-0.014652252197265625
15890381315,18376121,18361,18361,0,0,0,-0.5248222351074219,0,-0.010989189147949219,0,-0.014652252197265625
15892487252,18377130,18363,18363,0,0,0,-0.5248222351074219,0,-0.010989189147949219,0,-0.014652252197265625
15894593189,18379129,18364,18364,0,0,0,-0.5248222351074219,0,-0.010989189147949219,0,-0.0048847198486328125
15896699126,18381121,18366,18366,0,0,0,-0.5248222351074219,0,-0.010989189147949219,0,-0.014652252197265625
15898805063,18382121,18368,18368,0,0,0,-0.5248222351074219,0,-0.0036630630493164062,0,-0.014652252197265625
15900911000,18385129,18370,18370,0,0,0,-0.5248222351074219,0,-0.0036630630493164062,0,-0.014652252197265625
15902449055,18389121,18374,18374,0,0,0,-0.5248222351074219,0,-0.0036630630493164062,0,-0.014652252197265625
15903987098,18391131,18376,18376,0,0,0,-0.5248222351074219,0,0.0036630630493164062,0,-0.0048847198486328125
15905525141,18393125,18378,18378,0,0,0,-0.5248222351074219,0,-0.0036630630493164062,0,-0.014652252197265625
15907063184,18395133,18380,18380,0,0,0,-0.5248222351074219,0,0.0036630630493164062,0,-0.014652252197265625
15908601227,18396122,18381,18381,0,0,0,-0.5248222351074219,0,0.0036630630493164062,0,-0.0048847198486328125
15910139270,18397121,18382,18382,0,0,0,-0.5248222351074219,0,-0.0036630630493164062,0,-0.0048847198486328125
15911677313,18398121,18384,18384,0,0,0,-0.5248222351074219,0,-0.01831531524658203,0,-0.0048847198486328125
15913215356,18400134,18385,18385,0,0,0,-0.5248222351074219,0,-0.0036630630493164062,0,-0.0048847198486328125
15914753399,18401124,18386,18386,0,0,0,-0.5248222351074219,0,-0.010989189147949219,0,-0.0048847198486328125
15916291442,18402121,18387,18387,0,0,0,-0.5248222351074219,0,-0.0036630630493164062,0,-0.0048847198486328125
15917829485,18404120,18389,18389,0,0,0,-0.5248222351074219,0,-0.0036630630493164062,0,-0.0048847198486328125
15919367528,18405137,18391,18391,0,0,0,-0.5248222351074219,0,-0.0036630630493164062,0,-0.0048847198486328125
15920905571,18407127,18392,18392,0,0,0,-0.5248222351074219,0,-0.0036630630493164062,0,-0.0048847198486328125
15922443614,18408124,18393,18393,0,0,0,-0.5248222351074219,0,-0.0036630630493164062,0,-0.0048847198486328125
15923981657,18409121,18394,18394,0,0,0,-0.5248222351074219,0,-0.010989189147949219,0,-0.0048847198486328125
15925519700,18410120,18395,18395,0,0,0,-0.5248222351074219,0,-0.0036630630493164062,0,-0.0048847198486328125
15927369895,18414121,18399,18399,0,0,0,-0.5248222351074219,0,-0.0036630630493164062,0,-0.014652252197265625
15929220082,18415129,18400,18400,0,0,0,-0.5248222351074219,0,-0.0036630630493164062,0,-0.014652252197265625
15931070269,18416124,18401,18401,0,0,0,-0.5248222351074219,0,-0.0036630630493164062,0,-0.014652252197265625
15932920456,18418121,18403,18403,0,0,0,-0.5248222351074219,0,-0.0036630630493164062,0,-0.024419784545898438
15934770643,18420137,18405,18405,0,0,0,-0.5248222351074219,0,-0.010989189147949219,0,-0.024419784545898438
15936620830,18421124,18406,18406,0,0,0,-0.5248222351074219,0,-0.0036630630493164062,0,-0.014652252197265625
15938471017,18423121,18408,18408,0,0,0,-0.5248222351074219,0,-0.010989189147949219,0,-0.024419784545898438
15940321204,18424124,18409,18409,0,0,0,-0.5248222351074219,0,-0.0036630630493164062,0,-0.024419784545898438
15942171391,18425131,18410,18411,0,0,0,-0.5248222351074219,0,0.0036630630493164062,0,-0.014652252197265625
15944021578,18427121,18412,18412,0,0,0,-0.5248222351074219,0,-0.010989189147949219,0,-0.024419784545898438
15945871765,18430121,18415,18415,0,0,0,-0.5248222351074219,0,-0.0036630630493164062,0,-0.014652252197265625
15947721952,18432125,18417,18417,0,0,0,-0.5248222351074219,0,-0.0036630630493164062,0,-0.024419784545898438
15949572139,18434135,18419,18419,0,0,0,-0.5248222351074219,0,-0.0036630630493164062,0,-0.014652252197265625
15951422326,18436122,18421,18421,0,0,0,-0.5248222351074219,0,-0.0036630630493164062,0,-0.014652252197265625
15953272513,18437125,18422,18422,0,0,0,-0.5248222351074219,0,0.0036630630493164062,0,-0.014652252197265625
15955122700,18439121,18424,18424,0,0,0,-0.5248222351074219,0,-0.0036630630493164062,0,-0.0048847198486328125
15957396620,18444120,18429,18429,0,0,0,-0.5248222351074219,0,-0.010989189147949219,0,-0.014652252197265625
15959670532,18446121,18431,18431,0,0,0,-0.5248222351074219,0,0.0036630630493164062,0,-0.014652252197265625
15961944444,18448135,18433,18433,0,0,0,-0.5248222351074219,0,-0.010989189147949219,0,-0.024419784545898438
15964218356,18451121,18436,18436,0,0,0,-0.5248222351074219,0,0.0036630630493164062,0,-0.014652252197265625
15966492268,18453125,18438,18438,0,0,0,-0.5248222351074219,0,0.0036630630493164062,0,-0.014652252197265625
15968766180,18454121,18439,18439,0,0,0,-0.5248222351074219,0,-0.010989189147949219,0,-0.014652252197265625
15971040092,18456121,18441,18441,0,0,0,-0.5248222351074219,0,0.0036630630493164062,0,-0.014652252197265625
15973314004,18458121,18443,18443,0,0,0,-0.5248222351074219,0,-0.0036630630493164062,0,-0.014652252197265625
15975587916,18459122,18444,18444,0,0,0,-0.5248222351074219,0,-0.0036630630493164062,0,-0.014652252197265625
15977861828,18461133,18446,18446,0,0,0,-0.5248222351074219,0,0.0036630630493164062,0,-0.014652252197265625
15980135740,18462137,18447,18447,0,0,0,-0.5248222351074219,0,0.0036630630493164062,0,-0.0048847198486328125
15982409652,18463125,18448,18448,0,0,0,-0.5248222351074219,0,0.0036630630493164062,0,-0.0048847198486328125
15984683564,18468121,18453,18453,0,0,0,-0.5248222351074219,0,-0.0036630630493164062,0,-0.014652252197265625
15986957476,18473120,18458,18458,0,0,0,-0.5248222351074219,0,-0.0036630630493164062,0,-0.0048847198486328125
15989231388,18474124,18459,18459,0,0,0,-0.5248222351074219,0,-0.0036630630493164062,0,-0.0048847198486328125
15991505300,18476135,18461,18461,0,0,0,-0.5248222351074219,0,-0.0036630630493164062,0,-0.0048847198486328125
15993605477,18482124,18467,18467,0,0,0,-0.5248222351074219,0,-0.0036630630493164062,0,-0.014652252197265625
15995705648,18484120,18469,18469,0,0,0,-0.5248222351074219,0,-0.0036630630493164062,0,-0.014652252197265625
15997805819,18485130,18470,18470,0,0,0,-0.5248222351074219,0,0.0036630630493164062,0,-0.014652252197265625
15999905990,18488121,18473,18473,0,0,0,-0.5248222351074219,0,-0.010989189147949219,0,-0.014652252197265625
16002006161,18489129,18474,18474,0,0,0,-0.5248222351074219,0,0.0036630630493164062,0,-0.014652252197265625
16004106332,18491126,18476,18476,0,0,0,-0.5248222351074219,0,-0.0036630630493164062,0,-0.0048847198486328125
16006206503,18492121,18478,18478,0,0,0,-0.5248222351074219,0,-0.010989189147949219,0,-0.0048847198486328125
16008306674,18494122,18479,18479,0,0,0,-0.5248222351074219,0,-0.0036630630493164062,0,-0.0048847198486328125
16010406845,18496122,18481,18481,0,0,0,-0.5248222351074219,0,-0.0036630630493164062,0,-0.0048847198486328125
16012507016,18498121,18483,18483,0,0,0,-0.5248222351074219,0,0.0036630630493164062,0,-0.0048847198486328125
16014607187,18500130,18485,18485,0,0,0,-0.5248222351074219,0,-0.0036630630493164062,0,-0.014652252197265625
16016707358,18502120,18487,18487,0,0,0,-0.5248222351074219,0,-0.0036630630493164062,0,-0.014652252197265625
16018807529,18504135,18489,18489,0,0,0,-0.5248222351074219,0,-0.0036630630493164062,0,-0.014652252197265625
16020907700,18505133,18490,18491,0,0,0,-0.5248222351074219,0,-0.0036630630493164062,0,-0.014652252197265625
16022671425,18509121,18494,18494,0,0,0,-0.5248222351074219,0,-0.0036630630493164062,0,-0.014652252197265625
16024435150,18511125,18496,18496,0,0,0,-0.5248222351074219,0,-0.0036630630493164062,0,-0.014652252197265625
16026198875,18514121,18499,18499,0,0,0,-0.5248222351074219,0,-0.0036630630493164062,0,-0.0048847198486328125
16027962600,18515131,18500,18500,0,0,0,-0.5248222351074219,0,0.0036630630493164062,0,-0.014652252197265625
16029726325,18517129,18502,18502,0,0,0,-0.5248222351074219,0,-0.0036630630493164062,0,-0.014652252197265625
16031490050,18519129,18504,18504,0,0,0,-0.5248222351074219,0,-0.0036630630493164062,0,-0.014652252197265625
16033253775,18520121,18505,18505,0,0,0,-0.5248222351074219,0,-0.010989189147949219,0,-0.024419784545898438
16035017500,18522121,18507,18507,0,0,0,-0.5252056121826172,0,-0.01831531524658203,0,-0.024419784545898438
16036781225,18523122,18508,18508,0,0,0,-0.5248222351074219,0,-0.0036630630493164062,0,-0.014652252197265625
16038544950,18525130,18510,18510,0,0,0,-0.5248222351074219,0,0.010989189147949219,0,-0.014652252197265625
16040308675,18526120,18511,18511,0,0,0,-0.5252056121826172,0,-0.010989189147949219,0,-0.0048847198486328125
16042072400,18528123,18513,18513,0,0,0,-0.5248222351074219,0,0.0036630630493164062,0,-0.0048847198486328125
16043836125,18530121,18515,18515,0,0,0,-0.5248222351074219,0,0.0036630630493164062,0,-0.0048847198486328125
16045599850,18531128,18516,18516,0,0,0,-0.5248222351074219,0,0.010989189147949219,0,-0.014652252197265625
16047363575,18532140,18517,18517,0,0,0,-0.5248222351074219,0,-0.0036630630493164062,0,-0.014652252197265625
16049127300,18534121,18519,18519,0,0,0,-0.5248222351074219,0,-0.010989189147949219,0,-0.014652252197265625
16050831370,18538121,18523,18523,0,0,0,-0.5248222351074219,0,-0.0036630630493164062,0,-0.014652252197265625
16052535432,18539121,18524,18525,0,0,0,-0.5248222351074219,0,-0.0036630630493164062,0,-0.0048847198486328125
16054239494,18541121,18526,18526,0,0,0,-0.5248222351074219,0,-0.0036630630493164062,0,-0.014652252197265625
16055943556,18543121,18528,18528,0,0,0,-0.5248222351074219,0,-0.0036630630493164062,0,-0.0048847198486328125
16057647618,18544123,18529,18529,0,0,0,-0.5248222351074219,0,-0.010989189147949219,0,-0.0048847198486328125
16059351680,18545141,18530,18530,0,0,0,-0.5248222351074219,0,0.0036630630493164062,0,-0.0048847198486328125
16061055742,18548124,18533,18533,0,0,0,-0.5248222351074219,0,-0.0036630630493164062,0,-0.014652252197265625
16062759804,18549121,18534,18534,0,0,0,-0.5248222351074219,0,-0.010989189147949219,0,-0.014652252197265625
16064463866,18550128,18535,18535,0,0,0,-0.5248222351074219,0,-0.0036630630493164062,0,-0.014652252197265625
16066167928,18552124,18537,18537,0,0,0,-0.5248222351074219,0,0.0036630630493164062,0,-0.014652252197265625
16067871990,18554121,18539,18539,0,0,0,-0.5248222351074219,0,-0.0036630630493164062,0,-0.0048847198486328125
16069576052,18555129,18540,18540,0,0,0,-0.5248222351074219,0,-0.010989189147949219,0,-0.014652252197265625
16071280114,18557123,18542,18542,0,0,0,-0.5248222351074219,0,0.010989189147949219,0,-0.014652252197265625
16072984176,18558121,18543,18543,0,0,0,-0.5248222351074219,0,-0.0036630630493164062,0,-0.0048847198486328125
16074688238,18560135,18545,18545,0,0,0,-0.5248222351074219,0,-0.010989189147949219,0,0.0048847198486328125
16076392300,18561128,18546,18546,0,0,0,-0.5248222351074219,0,-0.0036630630493164062,0,0.0048847198486328125
16078274470,18564122,18549,18549,0,0,0,-0.5248222351074219,0,-0.010989189147949219,0,0.0048847198486328125
16080156632,18566121,18551,18551,0,0,0,-0.5248222351074219,0,-0.0036630630493164062,0,0.0048847198486328125
16082038794,18567121,18552,18552,0,0,0,-0.5248222351074219,0,0.0036630630493164062,0,0.0048847198486328125
16083920956,18569125,18554,18554,0,0,0,-0.5248222351074219,0,-0.0036630630493164062,0,0.0048847198486328125
16085803118,18571121,18556,18556,0,0,0,-0.5248222351074219,0,-0.0036630630493164062,0,0.0048847198486328125
16087685280,18573130,18558,18558,0,0,0,-0.5248222351074219,0,-0.010989189147949219,0,-0.0048847198486328125
16089567442,18576121,18561,18561,0,0,0,-0.5248222351074219,0,-0.010989189147949219,0,-0.024419784545898438
16091449604,18577125,18562,18562,0,0,0,-0.5248222351074219,0,-0.0036630630493164062,0,-0.014652252197265625
16093331766,18579121,18564,18564,0,0,0,-0.5248222351074219,0,-0.0036630630493164062,0,-0.014652252197265625
16095213928,18580121,18565,18565,0,0,0,-0.5248222351074219,0,0.0036630630493164062,0,-0.014652252197265625
16097096090,18582124,18567,18567,0,0,0,-0.5248222351074219,0,0.0036630630493164062,0,-0.014652252197265625
16098978252,18584120,18569,18569,0,0,0,-0.5248222351074219,0,-0.0036630630493164062,0,-0.0048847198486328125
16100860414,18585130,18570,18570,0,0,0,-0.5248222351074219,0,-0.0036630630493164062,0,-0.014652252197265625
16102742576,18587129,18572,18572,0,0,0,-0.5248222351074219,0,-0.010989189147949219,0,-0.014652252197265625
16104624738,18589125,18574,18574,0,0,0,-0.5248222351074219,0,0.0036630630493164062,0,-0.014652252197265625
16106506900,18591121,18576,18576,0,0,0,-0.5248222351074219,0,-0.010989189147949219,0,-0.0048847198486328125
16108704000,18598125,18583,18583,0,0,0,-0.5248222351074219,0,-0.0036630630493164062,0,-0.024419784545898438
16110901100,18600129,18585,18585,0,0,0,-0.5248222351074219,0,-0.0036630630493164062,0,-0.024419784545898438
16113098200,18602137,18587,18587,0,0,0,-0.5248222351074219,0,-0.0036630630493164062,0,-0.014652252197265625
16115295300,18604121,18589,18589,0,0,0,-0.5248222351074219,0,0.010989189147949219,0,-0.014652252197265625
16117492400,18605129,18590,18590,0,0,0,-0.5248222351074219,0,0.0036630630493164062,0,-0.014652252197265625
16119689500,18607121,18592,18592,0,0,0,-0.5248222351074219,0,-0.0036630630493164062,0,-0.014652252197265625
16121886600,18609121,18594,18594,0,0,0,-0.5252056121826172,0,-0.0036630630493164062,0,-0.024419784545898438
16124083700,18610122,18596,18596,0,0,0,-0.5248222351074219,0,-0.010989189147949219,0,-0.024419784545898438
16126280800,18612121,18597,18597,0,0,0,-0.5248222351074219,0,-0.010989189147949219,0,-0.014652252197265625
16128477900,18614121,18599,18599,0,0,0,-0.5248222351074219,0,-0.010989189147949219,0,-0.014652252197265625
16130675000,18616135,18601,18601,0,0,0,-0.5248222351074219,0,0.010989189147949219,0,-0.014652252197265625
16132872100,18618121,18603,18603,0,0,0,-0.5248222351074219,0,-0.0036630630493164062,0,-0.014652252197265625
16135069200,18620121,18605,18605,0,0,0,-0.5248222351074219,0,-0.010989189147949219,0,-0.0048847198486328125
16137266300,18622121,18607,18607,0,0,0,-0.5248222351074219,0,-0.010989189147949219,0,-0.0048847198486328125
16139463400,18624124,18609,18609,0,0,0,-0.5248222351074219,0,-0.0036630630493164062,0,-0.014652252197265625
16141660500,18626121,18611,18611,0,0,0,-0.5248222351074219,0,-0.010989189147949219,0,-0.0048847198486328125
16143580700,18630135,18615,18615,0,0,0,-0.5248222351074219,0,-0.010989189147949219,0,0.0048847198486328125
16145500900,18632125,18617,18617,0,0,0,-0.5248222351074219,0,0.0036630630493164062,0,0.0048847198486328125
16147421100,18634121,18619,18619,0,0,0,-0.5248222351074219,0,0.0036630630493164062,0,-0.0048847198486328125
16149341300,18636120,18621,18621,0,0,0,-0.5248222351074219,0,-0.0036630630493164062,0,-0.0048847198486328125
16151261500,18638121,18623,18623,0,0,0,-0.5248222351074219,0,-0.0036630630493164062,0,-0.0048847198486328125
16153181700,18640126,18625,18625,0,0,0,-0.5248222351074219,0,-0.010989189147949219,0,-0.0048847198486328125
16155101900,18641121,18626,18626,0,0,0,-0.5248222351074219,0,0.0036630630493164062,0,-0.0048847198486328125
16157022100,18643129,18628,18628,0,0,0,-0.5248222351074219,0,0.0036630630493164062,0,-0.0048847198486328125
16158942300,18644137,18629,18629,0,0,0,-0.5248222351074219,0,0.0036630630493164062,0,-0.014652252197265625
16160862500,18646121,18631,18631,0,0,0,-0.5248222351074219,0,-0.0036630630493164062,0,-0.014652252197265625
16162782700,18648125,18633,18633,0,0,0,-0.5248222351074219,0,-0.0036630630493164062,0,-0.0048847198486328125
16164702900,18649121,18634,18634,0,0,0,-0.5248222351074219,0,-0.0036630630493164062,0,-0.0048847198486328125
16166623100,18651121,18636,18636,0,0,0,-0.5248222351074219,0,-0.0036630630493164062,0,0.0048847198486328125
16168543300,18653125,18638,18638,0,0,0,-0.5248222351074219,0,0.0036630630493164062,0,0.0048847198486328125
16170463500,18655129,18640,18640,0,0,0,-0.5248222351074219,0,0.0036630630493164062,0,0.0048847198486328125
16172254170,18658135,18643,18644,0,0,0,-0.5248222351074219,0,-0.0036630630493164062,0,-0.014652252197265625
16174044832,18660122,18645,18645,0,0,0,-0.5248222351074219,0,-0.010989189147949219,0,-0.014652252197265625
16175835494,18661125,18646,18646,0,0,0,-0.5248222351074219,0,-0.0036630630493164062,0,-0.014652252197265625
16177626156,18665131,18650,18650,0,0,0,-0.5248222351074219,0,0.0036630630493164062,0,-0.014652252197265625
16179416818,18666121,18651,18651,0,0,0,-0.5248222351074219,0,-0.01831531524658203,0,-0.014652252197265625
16181207480,18667122,18652,18652,0,0,0,-0.5248222351074219,0,0.0036630630493164062,0,0.0048847198486328125
16182998142,18669125,18654,18654,0,0,0,-0.5248222351074219,0,-0.0036630630493164062,0,0.0048847198486328125
16184788804,18670121,18655,18655,0,0,0,-0.5248222351074219,0,-0.010989189147949219,0,-0.0048847198486328125
16186579466,18672136,18657,18657,0,0,0,-0.5248222351074219,0,0.0036630630493164062,0,-0.0048847198486328125
16188370128,18673127,18658,18658,0,0,0,-0.5248222351074219,0,-0.0036630630493164062,0,0.0048847198486328125
16190160790,18675129,18660,18660,0,0,0,-0.5248222351074219,0,-0.010989189147949219,0,0.0048847198486328125
16191951452,18676121,18661,18661,0,0,0,-0.5248222351074219,0,-0.0036630630493164062,0,0.0048847198486328125
16193742114,18679121,18664,18664,0,0,0,-0.5248222351074219,0,-0.010989189147949219,0,-0.0048847198486328125
16195532776,18680121,18665,18665,0,0,0,-0.5248222351074219,0,0.0036630630493164062,0,-0.014652252197265625
16197323438,18682124,18667,18667,0,0,0,-0.5248222351074219,0,-0.010989189147949219,0,-0.014652252197265625
16199114100,18683121,18668,18668,0,0,0,-0.5248222351074219,0,-0.010989189147949219,0,-0.0048847198486328125
16201019925,18688121,18673,18673,0,0,0,-0.5248222351074219,0,-0.0036630630493164062,0,0.0048847198486328125
16202925750,18689123,18674,18674,0,0,0,-0.5252056121826172,0,-0.0036630630493164062,0,-0.0048847198486328125
16204831575,18691121,18676,18676,0,0,0,-0.5248222351074219,0,-0.010989189147949219,0,-0.0048847198486328125
16206737400,18692121,18677,18677,0,0,0,-0.5248222351074219,0,-0.010989189147949219,0,-0.0048847198486328125
16208643225,18695129,18680,18680,0,0,0,-0.5248222351074219,0,0.0036630630493164062,0,-0.0048847198486328125
16210549050,18696122,18681,18681,0,0,0,-0.5248222351074219,0,-0.0036630630493164062,0,-0.0048847198486328125
16212454875,18698125,18683,18683,0,0,0,-0.5252056121826172,0,-0.010989189147949219,0,0.0048847198486328125
16214360700,18700144,18685,18685,0,0,0,-0.5248222351074219,0,-0.010989189147949219,0,-0.0048847198486328125
16216266525,18702123,18687,18687,0,0,0,-0.5252056121826172,0,-0.01831531524658203,0,-0.0048847198486328125
16218172350,18703121,18688,18688,0,0,0,-0.5252056121826172,0,-0.010989189147949219,0,-0.0048847198486328125
16220078175,18705129,18690,18690,0,0,0,-0.5248222351074219,0,-0.0036630630493164062,0,-0.014652252197265625
16221984000,18707121,18692,18692,0,0,0,-0.5252056121826172,0,-0.010989189147949219,0,-0.014652252197265625
16223889825,18709121,18694,18694,0,0,0,-0.5248222351074219,0,-0.0036630630493164062,0,-0.0048847198486328125
16225795650,18710123,18695,18695,0,0,0,-0.5248222351074219,0,-0.0036630630493164062,0,-0.014652252197265625
16227701475,18712121,18697,18697,0,0,0,-0.5252056121826172,0,-0.0036630630493164062,0,-0.014652252197265625
16229607300,18714139,18699,18699,0,0,0,-0.5248222351074219,0,-0.010989189147949219,0,-0.0048847198486328125
16231334095,18722124,18707,18707,0,0,0,-0.5252056121826172,0,0.0036630630493164062,0,-0.014652252197265625
16233060882,18724121,18709,18709,0,0,0,-0.5248222351074219,0,-0.0036630630493164062,0,-0.014652252197265625
16234787669,18725130,18710,18710,0,0,0,-0.5248222351074219,0,0.0036630630493164062,0,-0.0048847198486328125
16236514456,18726122,18711,18711,0,0,0,-0.5248222351074219,0,0.0036630630493164062,0,-0.0048847198486328125
16238241243,18727132,18712,18712,0,0,0,-0.5248222351074219,0,0.010989189147949219,0,-0.0048847198486328125
16239968030,18729125,18714,18714,0,0,0,-0.5252056121826172,0,-0.0036630630493164062,0,-0.014652252197265625
16241694817,18730121,18715,18715,0,0,0,-0.5248222351074219,0,-0.0036630630493164062,0,-0.0048847198486328125
16243421604,18731123,18716,18716,0,0,0,-0.5252056121826172,0,-0.01831531524658203,0,-0.014652252197265625
16245148391,18732121,18717,18717,0,0,0,-0.5252056121826172,0,0.0036630630493164062,0,-0.014652252197265625
16246875178,18733121,18718,18719,0,0,0,-0.5252056121826172,0,0.0036630630493164062,0,-0.0048847198486328125
16248601965,18735133,18720,18720,0,0,0,-0.5252056121826172,0,0.0036630630493164062,0,-0.014652252197265625
16250328752,18737121,18722,18722,0,0,0,-0.5248222351074219,0,-0.010989189147949219,0,-0.014652252197265625
16252055539,18738121,18723,18723,0,0,0,-0.5248222351074219,0,0.0036630630493164062,0,-0.0048847198486328125
16253782326,18739123,18724,18724,0,0,0,-0.5252056121826172,0,-0.010989189147949219,0,-0.0048847198486328125
16255509113,18741129,18726,18726,0,0,0,-0.5248222351074219,0,-0.0036630630493164062,0,-0.0048847198486328125
16257235900,18742135,18727,18727,0,0,0,-0.5248222351074219,0,0.0036630630493164062,0,-0.0048847198486328125
16259062495,18745130,18730,18730,0,0,0,-0.5252056121826172,0,-0.0036630630493164062,0,-0.0048847198486328125
16260889082,18747123,18732,18732,0,0,0,-0.5252056121826172,0,-0.0036630630493164062,0,-0.014652252197265625
16262715669,18748125,18733,18733,0,0,0,-0.5252056121826172,0,-0.0036630630493164062,0,-0.014652252197265625
16264542256,18749121,18734,18734,0,0,0,-0.5252056121826172,0,-0.0036630630493164062,0,-0.0048847198486328125
16266368843,18750129,18735,18735,0,0,0,-0.5252056121826172,0,-0.0036630630493164062,0,-0.0048847198486328125
16268195430,18752125,18737,18737,0,0,0,-0.5252056121826172,0,0.0036630630493164062,0,-0.0048847198486328125
16270022017,18753121,18738,18738,0,0,0,-0.5252056121826172,0,-0.0036630630493164062,0,-0.014652252197265625
16271848604,18756139,18741,18741,0,0,0,-0.5252056121826172,0,-0.01831531524658203,0,-0.0048847198486328125
16273675191,18758120,18743,18743,0,0,0,-0.5252056121826172,0,-0.01831531524658203,0,-0.0048847198486328125
16275501778,18759122,18744,18744,0,0,0,-0.5252056121826172,0,-0.0036630630493164062,0,0.0048847198486328125
16277328365,18761121,18746,18746,0,0,0,-0.5252056121826172,0,0.0036630630493164062,0,0.0048847198486328125
16279154952,18762121,18748,18748,0,0,0,-0.5252056121826172,0,-0.0036630630493164062,0,-0.0048847198486328125
16280981539,18764125,18749,18749,0,0,0,-0.5252056121826172,0,-0.010989189147949219,0,-0.0048847198486328125
16282808126,18766120,18751,18751,0,0,0,-0.5252056121826172,0,-0.010989189147949219,0,-0.0048847198486328125
16284634713,18768124,18753,18753,0,0,0,-0.5252056121826172,0,-0.01831531524658203,0,-0.0048847198486328125
16286461300,18771125,18756,18756,0,0,0,-0.5252056121826172,0,0.0036630630493164062,0,-0.014652252197265625
16287970075,18775130,18760,18760,0,0,0,-0.5252056121826172,0,0.0036630630493164062,0,-0.014652252197265625
16289478850,18776122,18761,18761,0,0,0,-0.5252056121826172,0,-0.01831531524658203,0,-0.014652252197265625
16290987625,18777125,18762,18762,0,0,0,-0.5252056121826172,0,-0.0036630630493164062,0,-0.0048847198486328125
16292496400,18778121,18763,18763,0,0,0,-0.5252056121826172,0,-0.010989189147949219,0,-0.0048847198486328125
16294005175,18779121,18765,18765,0,0,0,-0.5252056121826172,0,-0.010989189147949219,0,-0.014652252197265625
16295513950,18781123,18766,18766,0,0,0,-0.5252056121826172,0,-0.010989189147949219,0,-0.014652252197265625
16297022725,18782120,18767,18767,0,0,0,-0.5252056121826172,0,-0.010989189147949219,0,-0.0048847198486328125
16298531500,18783129,18768,18768,0,0,0,-0.5252056121826172,0,-0.01831531524658203,0,-0.014652252197265625
16300040275,18785137,18770,18770,0,0,0,-0.5252056121826172,0,-0.010989189147949219,0,-0.014652252197265625
16301549050,18787121,18772,18772,0,0,0,-0.5252056121826172,0,-0.01831531524658203,0,-0.014652252197265625
16303057825,18789123,18774,18774,0,0,0,-0.5252056121826172,0,-0.025641441345214844,0,-0.014652252197265625
16304566600,18790120,18775,18776,0,0,0,-0.5252056121826172,0,-0.010989189147949219,0,-0.0048847198486328125
16306075375,18792120,18777,18777,0,0,0,-0.5252056121826172,0,-0.01831531524658203,0,-0.0048847198486328125
16307584150,18793125,18778,18778,0,0,0,-0.5252056121826172,0,-0.03296661376953125,0,-0.0048847198486328125
16309092925,18794121,18779,18779,0,0,0,-0.5252056121826172,0,-0.010989189147949219,0,-0.014652252197265625
16310601700,18795129,18780,18780,0,0,0,-0.5252056121826172,0,-0.01831531524658203,0,-0.014652252197265625
16312444325,18799125,18784,18784,0,0,0,-0.5255889892578125,0,-0.025641441345214844,0,-0.0048847198486328125
16314286950,18800130,18785,18785,0,0,0,-0.5255889892578125,0,-0.01831531524658203,0,-0.0048847198486328125
16316129575,18801127,18786,18786,0,0,0,-0.5255889892578125,0,-0.025641441345214844,0,0.0048847198486328125
16317972200,18803121,18788,18788,0,0,0,-0.5255889892578125,0,-0.01831531524658203,0,-0.0048847198486328125
16319814825,18805131,18790,18790,0,0,0,-0.5255889892578125,0,-0.01831531524658203,0,-0.0048847198486328125
16321657450,18806125,18791,18791,0,0,0,-0.5255889892578125,0,-0.01831531524658203,0,-0.014652252197265625
16323500075,18808121,18793,18793,0,0,0,-0.5255889892578125,0,-0.03296661376953125,0,-0.014652252197265625
16325342700,18810123,18795,18795,0,0,0,-0.5255889892578125,0,-0.01831531524658203,0,-0.014652252197265625
16327185325,18811129,18796,18796,0,0,0,-0.5255889892578125,0,-0.025641441345214844,0,-0.0048847198486328125
16329027950,18813126,18798,18798,0,0,0,-0.5255889892578125,0,-0.025641441345214844,0,-0.0048847198486328125
16330870575,18815129,18800,18800,0,0,0,-0.5259723663330078,0,-0.025641441345214844,0,-0.0048847198486328125
16332713200,18817121,18802,18803,0,0,0,-0.5259723663330078,0,-0.04029273986816406,0,-0.0048847198486328125
16334555825,18820121,18805,18805,0,0,0,-0.5259723663330078,0,-0.03296661376953125,0,-0.0048847198486328125
16336398450,18822124,18807,18807,0,0,0,-0.5259723663330078,0,-0.03296661376953125,0,-0.0048847198486328125
16338241075,18823121,18808,18808,0,0,0,-0.5259723663330078,0,-0.04029273986816406,0,-0.0048847198486328125
16340083700,18825137,18810,18810,0,0,0,-0.5259723663330078,0,-0.03296661376953125,0,-0.0048847198486328125
16342438160,18832122,18817,18817,0,0,0,-0.5263557434082031,0,-0.025641441345214844,0,-0.0048847198486328125
16344792616,18834122,18819,18819,0,0,0,-0.5263557434082031,0,-0.03296661376953125,0,-0.0048847198486328125
16347147072,18836121,18821,18821,0,0,0,-0.5263557434082031,0,-0.025641441345214844,0,-0.0048847198486328125
16349501528,18838124,18823,18823,0,0,0,-0.5263557434082031,0,-0.04029273986816406,0,-0.014652252197265625
16351855984,18839131,18824,18825,0,0,0,-0.5263557434082031,0,-0.03296661376953125,0,-0.0048847198486328125
16354210440,18841125,18826,18826,0,0,0,-0.5267391204833984,0,-0.03296661376953125,0,-0.014652252197265625
16356564896,18843125,18828,18828,0,0,0,-0.5267391204833984,0,-0.047618865966796875,0,-0.0048847198486328125
16358919352,18845129,18831,18831,0,0,0,-0.5267391204833984,0,-0.03296661376953125,0,0.0048847198486328125
16361273808,18847124,18832,18832,0,0,0,-0.5267391204833984,0,-0.04029273986816406,0,-0.0048847198486328125
16363628264,18849122,18834,18834,0,0,0,-0.5267391204833984,0,-0.03296661376953125,0,-0.0048847198486328125
16365982720,18851125,18836,18836,0,0,0,-0.5267391204833984,0,-0.03296661376953125,0,-0.0048847198486328125
16368337176,18853129,18838,18838,0,0,0,-0.5271234512329102,0,-0.025641441345214844,0,-0.0048847198486328125
16370691632,18854135,18839,18839,0,0,0,-0.5271234512329102,0,-0.03296661376953125,0,-0.0048847198486328125
16373046088,18857121,18842,18842,0,0,0,-0.5271234512329102,0,-0.047618865966796875,0,-0.0048847198486328125
16375400544,18859125,18844,18844,0,0,0,-0.5271234512329102,0,-0.03296661376953125,0,0.0048847198486328125
16377755000,18862121,18847,18847,0,0,0,-0.5271234512329102,0,-0.03296661376953125,0,-0.0048847198486328125
16379615378,18866121,18851,18851,0,0,0,-0.5275068283081055,0,-0.04029273986816406,0,-0.0048847198486328125
16381475751,18867133,18852,18852,0,0,0,-0.5275068283081055,0,-0.04029273986816406,0,-0.0048847198486328125
16383336124,18868137,18853,18853,0,0,0,-0.5275068283081055,0,-0.04029273986816406,0,-0.0048847198486328125
16385196497,18870121,18855,18855,0,0,0,-0.5275068283081055,0,-0.01831531524658203,0,-0.0048847198486328125
16387056870,18872124,18857,18857,0,0,0,-0.5275068283081055,0,-0.03296661376953125,0,0.0048847198486328125
16388917243,18873121,18858,18858,0,0,0,-0.5275068283081055,0,-0.04029273986816406,0,0.0048847198486328125
16390777616,18875130,18860,18860,0,0,0,-0.5275068283081055,0,-0.025641441345214844,0,0.0048847198486328125
16392637989,18877121,18862,18862,0,0,0,-0.5275068283081055,0,-0.04029273986816406,0,0.0048847198486328125
16394498362,18879121,18864,18864,0,0,0,-0.5275068283081055,0,-0.04029273986816406,0,-0.0048847198486328125
16396358735,18881129,18866,18866,0,0,0,-0.5278902053833008,0,-0.04029273986816406,0,0.0048847198486328125
16398219108,18883125,18868,18868,0,0,0,-0.5278902053833008,0,-0.03296661376953125,0,0.0048847198486328125
16400079481,18884123,18870,18870,0,0,0,-0.5278902053833008,0,-0.047618865966796875,0,0.0048847198486328125
16401939854,18886121,18871,18871,0,0,0,-0.5282735824584961,0,-0.05494499206542969,0,0.0048847198486328125
16403800227,18888125,18873,18873,0,0,0,-0.5282735824584961,0,-0.0622711181640625,0,0.014652252197265625
16405660600,18890120,18875,18875,0,0,0,-0.5282735824584961,0,-0.0622711181640625,0,0.0048847198486328125
16407824050,18894121,18879,18879,0,0,0,-0.5286569595336914,0,-0.06959724426269531,0,-0.0048847198486328125
16409690320,18896141,18881,18881,0,0,0,-0.5286569595336914,0,-0.0622711181640625,0,-0.0048847198486328125
16411556590,18897127,18882,18883,0,0,0,-0.5290403366088867,0,-0.06959724426269531,0,-0.014652252197265625
16413422860,18899122,18884,18884,0,0,0,-0.5290403366088867,0,-0.08424949645996094,0,-0.014652252197265625
16415289130,18901127,18886,18886,0,0,0,-0.529423713684082,0,-0.08424949645996094,0,-0.024419784545898438
16417155400,18903121,18888,18888,0,0,0,-0.529423713684082,0,-0.06959724426269531,0,-0.024419784545898438
16419021670,18904121,18889,18889,0,0,0,-0.529423713684082,0,-0.06959724426269531,0,-0.024419784545898438
16420887940,18911125,18896,18896,0,0,0,-0.5298070907592773,0,-0.05494499206542969,0,-0.014652252197265625
16422754210,18912121,18897,18897,0,0,0,-0.5298070907592773,0,-0.05494499206542969,0,-0.014652252197265625
16424620480,18914125,18899,18899,0,0,0,-0.5298070907592773,0,-0.05494499206542969,0,-0.014652252197265625
16426486750,18915129,18900,18900,0,0,0,-0.5298070907592773,0,-0.0622711181640625,0,-0.014652252197265625
16428353020,18916120,18901,18901,0,0,0,-0.5301914215087891,0,-0.047618865966796875,0,-0.014652252197265625
16430219290,18917125,18902,18902,0,0,0,-0.5301914215087891,0,-0.05494499206542969,0,-0.0048847198486328125
16432085560,18918122,18903,18904,0,0,0,-0.5301914215087891,0,-0.05494499206542969,0,-0.0048847198486328125
16433951830,18923129,18908,18908,0,0,0,-0.5301914215087891,0,-0.05494499206542969,0,0.0048847198486328125
16435818100,18925137,18910,18910,0,0,0,-0.5305747985839844,0,-0.05494499206542969,0,0.0048847198486328125
16437684370,18928122,18913,18913,0,0,0,-0.5305747985839844,0,-0.0622711181640625,0,0.014652252197265625
16439550640,18929123,18914,18914,0,0,0,-0.5305747985839844,0,-0.07692337036132812,0,0.014652252197265625
16441416910,18931121,18916,18916,0,0,0,-0.5305747985839844,0,-0.06959724426269531,0,0.024419784545898438
16443283180,18932121,18917,18917,0,0,0,-0.5309581756591797,0,-0.0622711181640625,0,0.024419784545898438
16445149450,18933121,18918,18918,0,0,0,-0.5309581756591797,0,-0.07692337036132812,0,0.024419784545898438
16447015720,18934123,18919,18919,0,0,0,-0.531341552734375,0,-0.10622692108154297,0,0.024419784545898438
16448881990,18935129,18920,18920,0,0,0,-0.531341552734375,0,-0.09157466888427734,0,0.024419784545898438
16450748260,18937129,18922,18922,0,0,0,-0.5317249298095703,0,-0.1208791732788086,0,0.014652252197265625
16452614530,18939125,18924,18924,0,0,0,-0.5317249298095703,0,-0.11355304718017578,0,0.0048847198486328125
16454480800,18940121,18925,18925,0,0,0,-0.5317249298095703,0,-0.1282052993774414,0,-0.014652252197265625
16456347070,18941121,18926,18927,0,0,0,-0.5321083068847656,0,-0.11355304718017578,0,-0.024419784545898438
16458213340,18943124,18928,18928,0,0,0,-0.5321083068847656,0,-0.09157466888427734,0,-0.024419784545898438
16460079610,18945129,18930,18930,0,0,0,-0.5321083068847656,0,-0.08424949645996094,0,-0.03418731689453125
16461945880,18946124,18931,18931,0,0,0,-0.5321083068847656,0,-0.07692337036132812,0,-0.024419784545898438
16464168220,18955131,18940,18940,0,0,0,-0.5328750610351562,0,-0.06959724426269531,0,-0.014652252197265625
16466390532,18957121,18942,18942,0,0,0,-0.5328750610351562,0,-0.0622711181640625,0,-0.0048847198486328125
16468612844,18959125,18944,18944,0,0,0,-0.5328750610351562,0,-0.0622711181640625,0,-0.0048847198486328125
16470835156,18960122,18945,18945,0,0,0,-0.5328750610351562,0,-0.05494499206542969,0,0.0048847198486328125
16473057468,18962121,18947,18947,0,0,0,-0.533259391784668,0,-0.05494499206542969,0,0.0048847198486328125
16475279780,18963123,18948,18948,0,0,0,-0.533259391784668,0,-0.06959724426269531,0,0.014652252197265625
16477502092,18965137,18950,18950,0,0,0,-0.533259391784668,0,-0.0622711181640625,0,0.014652252197265625
16479724404,18967129,18952,18953,0,0,0,-0.5340261459350586,0,-0.11355304718017578,0,0.03418731689453125
16481946716,18970121,18955,18955,0,0,0,-0.5340261459350586,0,-0.10622692108154297,0,0.03418731689453125
16484169028,18971123,18956,18956,0,0,0,-0.5344095230102539,0,-0.1282052993774414,0,0.024419784545898438
16486391340,18973121,18958,18958,0,0,0,-0.5344095230102539,0,-0.14285755157470703,0,0.014652252197265625
16488613652,18974120,18959,18959,0,0,0,-0.5347929000854492,0,-0.1282052993774414,0,-0.024419784545898438
16490835964,18976123,18961,18961,0,0,0,-0.5347929000854492,0,-0.11355304718017578,0,-0.024419784545898438
16493058276,18978121,18963,18963,0,0,0,-0.5347929000854492,0,-0.09157466888427734,0,-0.043956756591796875
16495280588,18979131,18964,18965,0,0,0,-0.5351772308349609,0,-0.09890079498291016,0,-0.043956756591796875
16497502900,18982120,18967,18967,0,0,0,-0.5351772308349609,0,-0.07692337036132812,0,-0.024419784545898438
16499559505,18986121,18971,18971,0,0,0,-0.5355606079101562,0,-0.07692337036132812,0,-0.024419784545898438
16501616098,18988125,18973,18973,0,0,0,-0.5355606079101562,0,-0.07692337036132812,0,-0.024419784545898438
16503672691,18990120,18975,18975,0,0,0,-0.5359439849853516,0,-0.07692337036132812,0,-0.014652252197265625
16505729284,18992123,18977,18977,0,0,0,-0.5359439849853516,0,-0.0622711181640625,0,-0.0048847198486328125
16507785877,18994135,18979,18979,0,0,0,-0.5359439849853516,0,-0.0622711181640625,0,0.0048847198486328125
16509842470,18996125,18981,18981,0,0,0,-0.5363283157348633,0,-0.0622711181640625,0,0.014652252197265625
16511899063,18997121,18982,18982,0,0,0,-0.5363283157348633,0,-0.08424949645996094,0,0.03418731689453125
16513955656,19000132,18985,18985,0,0,0,-0.5370950698852539,0,-0.13553142547607422,0,0.043956756591796875
16516012249,19002121,18987,18987,0,0,0,-0.5374784469604492,0,-0.16483497619628906,0,0.03418731689453125
16518068842,19003121,18988,18988,0,0,0,-0.5374784469604492,0,-0.17216110229492188,0,0.014652252197265625
16520125435,19005132,18990,18990,0,0,0,-0.5378618240356445,0,-0.14285755157470703,0,-0.0048847198486328125
16522182028,19007129,18992,18992,0,0,0,-0.5378618240356445,0,-0.1282052993774414,0,-0.03418731689453125
16524238621,19008137,18993,18993,0,0,0,-0.5378618240356445,0,-0.09890079498291016,0,-0.0634918212890625
16526295214,19010121,18995,18995,0,0,0,-0.5378618240356445,0,-0.09890079498291016,0,-0.05372428894042969
16528351807,19013123,18998,18998,0,0,0,-0.5382452011108398,0,-0.07692337036132812,0,-0.03418731689453125
16530408400,19014121,19000,19000,0,0,0,-0.5382452011108398,0,-0.07692337036132812,0,-0.014652252197265625
16531857696,19019121,19004,19004,0,0,0,-0.5386285781860352,0,-0.06959724426269531,0,-0.0048847198486328125
16533306982,19020121,19005,19005,0,0,0,-0.5386285781860352,0,-0.07692337036132812,0,-0.0048847198486328125
16534756268,19021131,19006,19006,0,0,0,-0.5390119552612305,0,-0.06959724426269531,0,-0.0048847198486328125
16536205554,19023125,19008,19008,0,0,0,-0.5390119552612305,0,-0.07692337036132812,0,0.0048847198486328125
16537654840,19024120,19009,19009,0,0,0,-0.5390119552612305,0,-0.10622692108154297,0,0.0048847198486328125
16539104126,19025133,19010,19010,0,0,0,-0.5393962860107422,0,-0.10622692108154297,0,0.024419784545898438
16540553412,19026121,19011,19011,0,0,0,-0.5397796630859375,0,-0.13553142547607422,0,0.03418731689453125
16542002698,19028121,19013,19013,0,0,0,-0.5401630401611328,0,-0.16483497619628906,0,0.043956756591796875
16543451984,19029123,19014,19014,0,0,0,-0.5405464172363281,0,-0.1794872283935547,0,0.03418731689453125
16544901270,19031121,19016,19016,0,0,0,-0.5405464172363281,0,-0.17216110229492188,0,0.014652252197265625
16546350556,19032121,19017,19017,0,0,0,-0.5405464172363281,0,-0.17216110229492188,0,-0.0048847198486328125
16547799842,19033125,19018,19018,0,0,0,-0.5405464172363281,0,-0.15750885009765625,0,-0.043956756591796875
16549249128,19034123,19019,19019,0,0,0,-0.5405464172363281,0,-0.1208791732788086,0,-0.0634918212890625
16550698414,19035137,19021,19021,0,0,0,-0.5409297943115234,0,-0.09890079498291016,0,-0.07325935363769531
16552147700,19037127,19022,19022,0,0,0,-0.5409297943115234,0,-0.09157466888427734,0,-0.07325935363769531
16554840520,19040121,19025,19025,0,0,0,-0.5409297943115234,0,-0.08424949645996094,0,-0.03418731689453125
16557533332,19041125,19026,19026,0,0,0,-0.5409297943115234,0,-0.06959724426269531,0,-0.014652252197265625
16560226144,19042122,19027,19027,0,0,0,-0.5413131713867188,0,-0.08424949645996094,0,-0.0048847198486328125
16562918956,19045131,19030,19030,0,0,0,-0.5413131713867188,0,-0.09157466888427734,0,0.0048847198486328125
16565611768,19048121,19033,19033,0,0,0,-0.5416965484619141,0,-0.09890079498291016,0,0.014652252197265625
16568304580,19049129,19034,19034,0,0,0,-0.5416965484619141,0,-0.09890079498291016,0,0.014652252197265625
16570997392,19051125,19036,19036,0,0,0,-0.5420799255371094,0,-0.11355304718017578,0,0.043956756591796875
16573690204,19052123,19037,19037,0,0,0,-0.5424642562866211,0,-0.1282052993774414,0,0.05372428894042969
16576383016,19054124,19039,19039,0,0,0,-0.5428476333618164,0,-0.15750885009765625,0,0.0634918212890625
16579075828,19055130,19040,19040,0,0,0,-0.5428476333618164,0,-0.17216110229492188,0,0.043956756591796875
16581768640,19057122,19042,19042,0,0,0,-0.5432310104370117,0,-0.1794872283935547,0,-0.0048847198486328125
16584461452,19067125,19052,19052,0,0,0,-0.5439977645874023,0,-0.07692337036132812,0,-0.024419784545898438
16587154264,19075133,19060,19060,0,0,0,-0.544764518737793,0,-0.09890079498291016,0,0.0048847198486328125
16589847076,19077129,19062,19062,0,0,0,-0.544764518737793,0,-0.09890079498291016,0,0.014652252197265625
16592539888,19078135,19063,19063,0,0,0,-0.5451478958129883,0,-0.13553142547607422,0,0.024419784545898438
16595232700,19080121,19065,19065,0,0,0,-0.5455322265625,0,-0.15750885009765625,0,0.03418731689453125
16598269920,19086121,19071,19071,0,0,0,-0.5462989807128906,0,-0.1282052993774414,0,-0.05372428894042969
16600572061,19088125,19073,19073,0,0,0,-0.5462989807128906,0,-0.09890079498291016,0,-0.07325935363769531
16602874202,19090120,19075,19075,0,0,0,-0.5462989807128906,0,-0.05494499206542969,0,-0.08302879333496094
16605176343,19091133,19076,19076,0,0,0,-0.5462989807128906,0,-0.0622711181640625,0,-0.08302879333496094
16607478484,19092137,19077,19077,0,0,0,-0.5462989807128906,0,-0.047618865966796875,0,-0.0634918212890625
16609780625,19094121,19079,19079,0,0,0,-0.5462989807128906,0,-0.05494499206542969,0,-0.05372428894042969
16612082766,19095131,19080,19080,0,0,0,-0.5462989807128906,0,-0.05494499206542969,0,-0.03418731689453125
16614384907,19096125,19081,19081,0,0,0,-0.5466823577880859,0,-0.0622711181640625,0,-0.024419784545898438
16616687048,19098121,19083,19083,0,0,0,-0.5466823577880859,0,-0.047618865966796875,0,-0.024419784545898438
16618989189,19102121,19087,19087,0,0,0,-0.5466823577880859,0,-0.05494499206542969,0,-0.03418731689453125
16621291330,19111121,19096,19096,0,0,0,-0.5474491119384766,0,-0.09157466888427734,0,0.014652252197265625
16623593471,19118121,19103,19103,0,0,0,-0.5482158660888672,0,-0.11355304718017578,0,0.0048847198486328125
16625895612,19120139,19105,19105,0,0,0,-0.5482158660888672,0,-0.09890079498291016,0,-0.024419784545898438
16628197753,19121127,19106,19106,0,0,0,-0.5486001968383789,0,-0.10622692108154297,0,-0.03418731689453125
16630499894,19122121,19107,19107,0,0,0,-0.5482158660888672,0,-0.0622711181640625,0,-0.043956756591796875
16632802035,19124122,19109,19109,0,0,0,-0.5486001968383789,0,-0.0622711181640625,0,-0.05372428894042969
16635104176,19125133,19110,19110,0,0,0,-0.5486001968383789,0,-0.047618865966796875,0,-0.05372428894042969
16637406317,19126121,19111,19111,0,0,0,-0.5486001968383789,0,-0.04029273986816406,0,-0.05372428894042969
16639708458,19128124,19113,19113,0,0,0,-0.5486001968383789,0,-0.047618865966796875,0,-0.05372428894042969
16642010599,19129123,19114,19114,0,0,0,-0.5486001968383789,0,-0.04029273986816406,0,-0.05372428894042969
16644312740,19130121,19115,19115,0,0,0,-0.5486001968383789,0,-0.025641441345214844,0,-0.03418731689453125
16646614881,19131121,19116,19116,0,0,0,-0.5486001968383789,0,-0.047618865966796875,0,-0.03418731689453125
16648213775,19135134,19120,19120,0,0,0,-0.5486001968383789,0,-0.025641441345214844,0,-0.03418731689453125
16649812650,19136121,19121,19121,0,0,0,-0.5489835739135742,0,-0.03296661376953125,0,-0.03418731689453125
16651411525,19138121,19123,19123,0,0,0,-0.5486001968383789,0,-0.025641441345214844,0,-0.03418731689453125
16653010400,19139121,19124,19124,0,0,0,-0.5489835739135742,0,-0.01831531524658203,0,-0.03418731689453125
16654609275,19140122,19125,19125,0,0,0,-0.5489835739135742,0,-0.04029273986816406,0,-0.03418731689453125
16656208150,19141125,19126,19126,0,0,0,-0.5489835739135742,0,-0.0036630630493164062,0,-0.03418731689453125
16657807025,19143121,19128,19128,0,0,0,-0.5489835739135742,0,-0.01831531524658203,0,-0.043956756591796875
16659405900,19144121,19129,19129,0,0,0,-0.5489835739135742,0,-0.01831531524658203,0,-0.03418731689453125
16661004775,19146125,19131,19131,0,0,0,-0.5489835739135742,0,0.0036630630493164062,0,-0.03418731689453125
16662603650,19147129,19132,19132,0,0,0,-0.5489835739135742,0,-0.010989189147949219,0,-0.03418731689453125
16664202525,19149129,19134,19134,0,0,0,-0.5489835739135742,0,-0.01831531524658203,0,-0.03418731689453125
16665801400,19150130,19135,19136,0,0,0,-0.5489835739135742,0,-0.0036630630493164062,0,-0.024419784545898438
16667400275,19152123,19137,19137,0,0,0,-0.5489835739135742,0,-0.0036630630493164062,0,-0.024419784545898438
16668999150,19154124,19139,19139,0,0,0,-0.5489835739135742,0,-0.0036630630493164062,0,-0.024419784545898438
16670598025,19155129,19140,19140,0,0,0,-0.5489835739135742,0,0.0036630630493164062,0,-0.024419784545898438
16672196900,19157124,19142,19142,0,0,0,-0.5489835739135742,0,-0.01831531524658203,0,-0.024419784545898438
16673938135,19160121,19145,19145,0,0,0,-0.5489835739135742,0,0.0036630630493164062,0,-0.024419784545898438
16675679366,19162139,19147,19147,0,0,0,-0.5489835739135742,0,-0.010989189147949219,0,-0.024419784545898438
16677420597,19163125,19148,19148,0,0,0,-0.5489835739135742,0,0.0036630630493164062,0,-0.014652252197265625
16679161828,19165129,19150,19150,0,0,0,-0.5489835739135742,0,-0.0036630630493164062,0,-0.014652252197265625
16680903059,19166123,19151,19151,0,0,0,-0.5489835739135742,0,0.010989189147949219,0,-0.014652252197265625
16682644290,19168121,19153,19153,0,0,0,-0.5489835739135742,0,-0.0036630630493164062,0,-0.014652252197265625
16684385521,19169121,19154,19154,0,0,0,-0.5489835739135742,0,-0.010989189147949219,0,-0.014652252197265625
16686126752,19171121,19156,19156,0,0,0,-0.5489835739135742,0,-0.010989189147949219,0,-0.014652252197265625
16687867983,19172121,19157,19157,0,0,0,-0.5489835739135742,0,-0.010989189147949219,0,-0.014652252197265625
16689609214,19173121,19158,19158,0,0,0,-0.5489835739135742,0,-0.010989189147949219,0,-0.014652252197265625
16691350445,19175140,19160,19160,0,0,0,-0.5489835739135742,0,-0.0036630630493164062,0,-0.014652252197265625
16693091676,19176136,19161,19161,0,0,0,-0.5489835739135742,0,-0.0036630630493164062,0,-0.024419784545898438
16694832907,19178125,19163,19163,0,0,0,-0.5489835739135742,0,-0.0036630630493164062,0,-0.024419784545898438
16696574138,19179123,19164,19164,0,0,0,-0.5489835739135742,0,0.0036630630493164062,0,-0.014652252197265625
16698315369,19183125,19168,19168,0,0,0,-0.5489835739135742,0,-0.010989189147949219,0,-0.014652252197265625
16700056600,19184121,19169,19169,0,0,0,-0.5489835739135742,0,0.01831531524658203,0,-0.0048847198486328125
16701795020,19191128,19176,19176,0,0,0,-0.5489835739135742,0,0.0036630630493164062,0,-0.0048847198486328125
16703533432,19193120,19178,19178,0,0,0,-0.5489835739135742,0,-0.010989189147949219,0,-0.0048847198486328125
16705271844,19194121,19179,19179,0,0,0,-0.5489835739135742,0,-0.01831531524658203,0,-0.0048847198486328125
16707010256,19196121,19181,19181,0,0,0,-0.5489835739135742,0,0.010989189147949219,0,-0.0048847198486328125
16708748668,19197121,19182,19182,0,0,0,-0.5489835739135742,0,-0.0036630630493164062,0,-0.0048847198486328125
16710487080,19199125,19184,19184,0,0,0,-0.5489835739135742,0,0.0036630630493164062,0,-0.0048847198486328125
16712225492,19200130,19185,19185,0,0,0,-0.5489835739135742,0,-0.010989189147949219,0,-0.0048847198486328125
16713963904,19202121,19187,19187,0,0,0,-0.5489835739135742,0,0.0036630630493164062,0,-0.0048847198486328125
16715702316,19203131,19188,19188,0,0,0,-0.5489835739135742,0,0.0036630630493164062,0,-0.0048847198486328125
16717440728,19204139,19189,19189,0,0,0,-0.5489835739135742,0,0.0036630630493164062,0,-0.0048847198486328125
16719179140,19206121,19191,19191,0,0,0,-0.5489835739135742,0,-0.010989189147949219,0,-0.0048847198486328125
16720917552,19207125,19192,19192,0,0,0,-0.5489835739135742,0,-0.010989189147949219,0,-0.0048847198486328125
16722655964,19208123,19193,19193,0,0,0,-0.5489835739135742,0,-0.025641441345214844,0,-0.0048847198486328125
16724394376,19209121,19194,19194,0,0,0,-0.5489835739135742,0,0.0036630630493164062,0,-0.0048847198486328125
16726132788,19211122,19196,19196,0,0,0,-0.5489835739135742,0,0.0036630630493164062,0,-0.0048847198486328125
16727871200,19212125,19197,19198,0,0,0,-0.5489835739135742,0,0.010989189147949219,0,-0.0048847198486328125
16729378395,19216123,19201,19201,0,0,0,-0.5489835739135742,0,-0.010989189147949219,0,-0.0048847198486328125
16730885582,19217129,19202,19202,0,0,0,-0.5489835739135742,0,-0.01831531524658203,0,-0.0048847198486328125
16732392769,19218136,19203,19203,0,0,0,-0.5489835739135742,0,0.0036630630493164062,0,-0.0048847198486328125
16733899956,19220125,19205,19205,0,0,0,-0.5489835739135742,0,0.0036630630493164062,0,-0.014652252197265625
16735407143,19221121,19206,19206,0,0,0,-0.5489835739135742,0,0.0036630630493164062,0,-0.014652252197265625
16736914330,19222121,19207,19207,0,0,0,-0.5489835739135742,0,-0.0036630630493164062,0,-0.014652252197265625
16738421517,19224122,19209,19209,0,0,0,-0.5489835739135742,0,0.0036630630493164062,0,-0.014652252197265625
16739928704,19225129,19210,19210,0,0,0,-0.5489835739135742,0,0.010989189147949219,0,-0.014652252197265625
16741435891,19227121,19212,19212,0,0,0,-0.5489835739135742,0,-0.010989189147949219,0,-0.014652252197265625
16742943078,19229121,19214,19214,0,0,0,-0.5489835739135742,0,-0.01831531524658203,0,-0.014652252197265625
16744450265,19230121,19215,19215,0,0,0,-0.5489835739135742,0,0.0036630630493164062,0,-0.014652252197265625
16745957452,19231129,19216,19216,0,0,0,-0.5489835739135742,0,0.0036630630493164062,0,-0.014652252197265625
16747464639,19233129,19218,19218,0,0,0,-0.5489835739135742,0,0.010989189147949219,0,-0.014652252197265625
16748971826,19234121,19219,19219,0,0,0,-0.5489835739135742,0,-0.0036630630493164062,0,-0.014652252197265625
16750479013,19235129,19220,19220,0,0,0,-0.5489835739135742,0,-0.010989189147949219,0,-0.0048847198486328125
16751986200,19237123,19222,19222,0,0,0,-0.5489835739135742,0,-0.010989189147949219,0,-0.0048847198486328125
16753676595,19240122,19225,19225,0,0,0,-0.5489835739135742,0,0.0036630630493164062,0,-0.0048847198486328125
16755366982,19243121,19228,19228,0,0,0,-0.5489835739135742,0,-0.0036630630493164062,0,-0.014652252197265625
16757057369,19244122,19230,19230,0,0,0,-0.5489835739135742,0,-0.010989189147949219,0,-0.014652252197265625
16758747756,19246135,19231,19231,0,0,0,-0.5489835739135742,0,0.0036630630493164062,0,-0.0048847198486328125
16760438143,19248122,19233,19233,0,0,0,-0.5489835739135742,0,-0.0036630630493164062,0,-0.0048847198486328125
16762128530,19249125,19234,19234,0,0,0,-0.5489835739135742,0,-0.0036630630493164062,0,-0.0048847198486328125
16763818917,19251121,19236,19236,0,0,0,-0.5489835739135742,0,-0.010989189147949219,0,-0.0048847198486328125
16765509304,19252124,19237,19237,0,0,0,-0.5489835739135742,0,-0.010989189147949219,0,-0.014652252197265625
16767199691,19254121,19239,19239,0,0,0,-0.5489835739135742,0,0.010989189147949219,0,-0.014652252197265625
16768890078,19256120,19241,19241,0,0,0,-0.5489835739135742,0,-0.0036630630493164062,0,-0.014652252197265625
16770580465,19257125,19242,19242,0,0,0,-0.5489835739135742,0,-0.0036630630493164062,0,-0.014652252197265625
16772270852,19259129,19244,19244,0,0,0,-0.5489835739135742,0,0.0036630630493164062,0,-0.014652252197265625
16773961239,19260135,19245,19245,0,0,0,-0.5489835739135742,0,-0.0036630630493164062,0,-0.014652252197265625
16775651626,19261127,19246,19246,0,0,0,-0.5489835739135742,0,-0.01831531524658203,0,-0.014652252197265625
16777342013,19262125,19247,19247,0,0,0,-0.5489835739135742,0,0.0036630630493164062,0,-0.014652252197265625
16779032400,19263121,19248,19249,0,0,0,-0.5489835739135742,0,0.0036630630493164062,0,-0.014652252197265625
16780749860,19267121,19252,19252,0,0,0,-0.5489835739135742,0,-0.0036630630493164062,0,-0.014652252197265625
16782467316,19268122,19253,19253,0,0,0,-0.5489835739135742,0,-0.010989189147949219,0,-0.014652252197265625
16784184772,19269123,19254,19254,0,0,0,-0.5489835739135742,0,0.010989189147949219,0,-0.014652252197265625
16785902228,19273129,19258,19258,0,0,0,-0.5489835739135742,0,-0.0036630630493164062,0,-0.014652252197265625
16787619684,19274137,19259,19259,0,0,0,-0.5489835739135742,0,0.0036630630493164062,0,-0.014652252197265625
16789337140,19276121,19261,19261,0,0,0,-0.5489835739135742,0,0.010989189147949219,0,-0.014652252197265625
16791054596,19277122,19262,19262,0,0,0,-0.5489835739135742,0,-0.0036630630493164062,0,-0.0048847198486328125
16792772052,19278125,19263,19263,0,0,0,-0.5489835739135742,0,0.0036630630493164062,0,-0.0048847198486328125
16794489508,19280121,19265,19265,0,0,0,-0.5489835739135742,0,-0.0036630630493164062,0,-0.0048847198486328125
16796206964,19282123,19267,19267,0,0,0,-0.5489835739135742,0,-0.010989189147949219,0,-0.0048847198486328125
16797924420,19283121,19268,19269,0,0,0,-0.5489835739135742,0,-0.010989189147949219,0,-0.014652252197265625
16799641876,19285129,19270,19270,0,0,0,-0.5489835739135742,0,0.0036630630493164062,0,-0.014652252197265625
16801359332,19287129,19272,19272,0,0,0,-0.5489835739135742,0,-0.0036630630493164062,0,-0.0048847198486328125
16803076788,19288135,19273,19273,0,0,0,-0.5489835739135742,0,-0.010989189147949219,0,-0.0048847198486328125
16804794244,19290123,19275,19275,0,0,0,-0.5489835739135742,0,-0.0036630630493164062,0,-0.0048847198486328125
16806511700,19291125,19276,19276,0,0,0,-0.5489835739135742,0,-0.010989189147949219,0,-0.0048847198486328125
16808497570,19297121,19282,19282,0,0,0,-0.5489835739135742,0,-0.010989189147949219,0,-0.014652252197265625
16810483432,19299125,19284,19284,0,0,0,-0.5489835739135742,0,-0.0036630630493164062,0,-0.0048847198486328125
16812469294,19300131,19286,19286,0,0,0,-0.5489835739135742,0,0.010989189147949219,0,-0.0048847198486328125
16814455156,19303127,19288,19288,0,0,0,-0.5489835739135742,0,0.0036630630493164062,0,-0.0048847198486328125
16816441018,19304120,19289,19289,0,0,0,-0.5489835739135742,0,-0.010989189147949219,0,-0.0048847198486328125
16818426880,19305130,19290,19290,0,0,0,-0.5489835739135742,0,-0.010989189147949219,0,-0.0048847198486328125
16820412742,19307125,19292,19292,0,0,0,-0.5489835739135742,0,-0.010989189147949219,0,-0.0048847198486328125
16822398604,19308121,19293,19293,0,0,0,-0.5489835739135742,0,-0.0036630630493164062,0,-0.014652252197265625
16824384466,19310121,19295,19295,0,0,0,-0.5489835739135742,0,-0.01831531524658203,0,-0.0048847198486328125
16826370328,19311123,19296,19296,0,0,0,-0.5489835739135742,0,-0.010989189147949219,0,-0.014652252197265625
16828356190,19313121,19298,19298,0,0,0,-0.5489835739135742,0,-0.0036630630493164062,0,-0.014652252197265625
16830342052,19315141,19300,19300,0,0,0,-0.5489835739135742,0,-0.0036630630493164062,0,-0.014652252197265625
16832327914,19317125,19302,19302,0,0,0,-0.5489835739135742,0,-0.010989189147949219,0,-0.014652252197265625
16834313776,19319123,19304,19304,0,0,0,-0.5489835739135742,0,-0.010989189147949219,0,-0.014652252197265625
16836299638,19321121,19306,19306,0,0,0,-0.5489835739135742,0,-0.0036630630493164062,0,-0.0048847198486328125
16838285500,19323122,19308,19308,0,0,0,-0.5489835739135742,0,0.0036630630493164062,0,-0.0048847198486328125
16840127910,19326121,19311,19311,0,0,0,-0.5489835739135742,0,0.0036630630493164062,0,-0.0048847198486328125
16841970316,19328125,19313,19313,0,0,0,-0.5489835739135742,0,-0.01831531524658203,0,-0.0048847198486328125
16843812722,19330135,19315,19315,0,0,0,-0.5489835739135742,0,-0.0036630630493164062,0,-0.0048847198486328125
16845655128,19331125,19316,19316,0,0,0,-0.5489835739135742,0,0.0036630630493164062,0,-0.0048847198486328125
16847497534,19334121,19319,19319,0,0,0,-0.5489835739135742,0,0.0036630630493164062,0,-0.0048847198486328125
16849339940,19335129,19320,19320,0,0,0,-0.5489835739135742,0,0.0036630630493164062,0,-0.0048847198486328125
16851182346,19337121,19322,19322,0,0,0,-0.5489835739135742,0,0.0036630630493164062,0,-0.0048847198486328125
16853024752,19338121,19323,19323,0,0,0,-0.5489835739135742,0,-0.0036630630493164062,0,-0.0048847198486328125
16854867158,19340123,19325,19325,0,0,0,-0.5489835739135742,0,-0.01831531524658203,0,-0.014652252197265625
16856709564,19341121,19326,19326,0,0,0,-0.5489835739135742,0,-0.0036630630493164062,0,-0.014652252197265625
16858551970,19343129,19328,19328,0,0,0,-0.5489835739135742,0,-0.010989189147949219,0,-0.014652252197265625
16860394376,19345133,19330,19330,0,0,0,-0.5489835739135742,0,-0.010989189147949219,0,-0.014652252197265625
16862236782,19347122,19332,19332,0,0,0,-0.5489835739135742,0,0.0036630630493164062,0,-0.0048847198486328125
16864079188,19348123,19333,19333,0,0,0,-0.5489835739135742,0,0.0036630630493164062,0,-0.014652252197265625
16865921594,19350129,19335,19335,0,0,0,-0.5489835739135742,0,0.0036630630493164062,0,-0.0048847198486328125
16867764000,19352125,19337,19337,0,0,0,-0.5489835739135742,0,-0.0036630630493164062,0,-0.014652252197265625
16869657445,19356122,19341,19341,0,0,0,-0.5489835739135742,0,-0.0036630630493164062,0,-0.014652252197265625
16871550882,19357133,19342,19342,0,0,0,-0.5489835739135742,0,0.0036630630493164062,0,-0.0048847198486328125
16873444319,19359125,19344,19344,0,0,0,-0.5489835739135742,0,-0.0036630630493164062,0,-0.0048847198486328125
16875337756,19360121,19345,19345,0,0,0,-0.5489835739135742,0,-0.0036630630493164062,0,-0.0048847198486328125
16877231193,19362120,19347,19347,0,0,0,-0.5489835739135742,0,0.0036630630493164062,0,-0.0048847198486328125
16879124630,19364122,19349,19349,0,0,0,-0.5489835739135742,0,0.010989189147949219,0,-0.0048847198486328125
16881018067,19366121,19351,19351,0,0,0,-0.5489835739135742,0,-0.010989189147949219,0,-0.0048847198486328125
16882911504,19367121,19352,19353,0,0,0,-0.5489835739135742,0,-0.010989189147949219,0,-0.014652252197265625
16884804941,19369124,19354,19354,0,0,0,-0.5489835739135742,0,-0.0036630630493164062,0,-0.014652252197265625
16886698378,19371129,19356,19356,0,0,0,-0.5489835739135742,0,-0.010989189147949219,0,-0.014652252197265625
16888591815,19373129,19358,19358,0,0,0,-0.5489835739135742,0,0.0036630630493164062,0,-0.014652252197265625
16890485252,19374121,19359,19359,0,0,0,-0.5489835739135742,0,0.0036630630493164062,0,-0.014652252197265625
16892378689,19376121,19361,19361,0,0,0,-0.5489835739135742,0,-0.01831531524658203,0,-0.014652252197265625
16894272126,19378125,19364,19364,0,0,0,-0.5489835739135742,0,-0.0036630630493164062,0,-0.014652252197265625
16896165563,19380120,19365,19365,0,0,0,-0.5489835739135742,0,-0.0036630630493164062,0,-0.014652252197265625
16898059000,19383121,19368,19368,0,0,0,-0.5489835739135742,0,0.010989189147949219,0,-0.0048847198486328125
16899820575,19386139,19371,19371,0,0,0,-0.5489835739135742,0,0.0036630630493164062,0,-0.014652252197265625
16901582150,19388121,19373,19373,0,0,0,-0.5489835739135742,0,-0.0036630630493164062,0,-0.014652252197265625
16903343725,19389121,19374,19374,0,0,0,-0.5489835739135742,0,-0.0036630630493164062,0,-0.014652252197265625
16905105300,19391121,19376,19376,0,0,0,-0.5489835739135742,0,-0.0036630630493164062,0,-0.014652252197265625
16906866875,19393121,19378,19378,0,0,0,-0.5489835739135742,0,-0.010989189147949219,0,-0.014652252197265625
16908628450,19395130,19380,19380,0,0,0,-0.5489835739135742,0,0.0036630630493164062,0,-0.014652252197265625
16910390025,19397121,19382,19382,0,0,0,-0.5489835739135742,0,-0.0036630630493164062,0,-0.0048847198486328125
16912151600,19398123,19383,19383,0,0,0,-0.5489835739135742,0,0.0036630630493164062,0,-0.0048847198486328125
16913913175,19399129,19385,19385,0,0,0,-0.5489835739135742,0,-0.01831531524658203,0,-0.014652252197265625
16915674750,19401127,19386,19386,0,0,0,-0.5489835739135742,0,-0.010989189147949219,0,-0.014652252197265625
16917436325,19403121,19388,19388,0,0,0,-0.5489835739135742,0,-0.0036630630493164062,0,-0.014652252197265625
16919197900,19405130,19390,19390,0,0,0,-0.5489835739135742,0,0.0036630630493164062,0,-0.014652252197265625
16920959475,19406122,19391,19391,0,0,0,-0.5489835739135742,0,-0.0036630630493164062,0,-0.014652252197265625
16922721050,19408121,19393,19393,0,0,0,-0.5489835739135742,0,0.0036630630493164062,0,-0.014652252197265625
16924482625,19409121,19394,19394,0,0,0,-0.5489835739135742,0,-0.0036630630493164062,0,-0.014652252197265625
16926244200,19410121,19395,19395,0,0,0,-0.5489835739135742,0,-0.0036630630493164062,0,-0.0048847198486328125
16928223930,19417121,19402,19402,0,0,0,-0.5489835739135742,0,-0.0036630630493164062,0,-0.014652252197265625
16930203648,19418120,19403,19403,0,0,0,-0.5489835739135742,0,-0.01831531524658203,0,-0.014652252197265625
16932183366,19420121,19405,19405,0,0,0,-0.5489835739135742,0,0.010989189147949219,0,-0.014652252197265625
16934163084,19422121,19407,19407,0,0,0,-0.5489835739135742,0,-0.01831531524658203,0,-0.014652252197265625
16936142802,19424120,19409,19409,0,0,0,-0.5489835739135742,0,-0.0036630630493164062,0,-0.014652252197265625
16938122520,19425129,19410,19410,0,0,0,-0.5489835739135742,0,0.0036630630493164062,0,-0.014652252197265625
16940102238,19427131,19412,19412,0,0,0,-0.5489835739135742,0,-0.0036630630493164062,0,-0.014652252197265625
16942081956,19429126,19414,19414,0,0,0,-0.5489835739135742,0,-0.0036630630493164062,0,-0.0048847198486328125
16944061674,19430121,19415,19415,0,0,0,-0.5489835739135742,0,-0.010989189147949219,0,-0.0048847198486328125
16946041392,19432122,19417,19417,0,0,0,-0.5489835739135742,0,-0.0036630630493164062,0,-0.0048847198486328125
16948021110,19434121,19419,19419,0,0,0,-0.5489835739135742,0,-0.0036630630493164062,0,-0.0048847198486328125
16950000828,19435131,19420,19420,0,0,0,-0.5489835739135742,0,-0.0036630630493164062,0,-0.014652252197265625
16951980546,19437121,19422,19422,0,0,0,-0.5489835739135742,0,-0.010989189147949219,0,-0.0048847198486328125
16953960264,19439121,19424,19424,0,0,0,-0.5489835739135742,0,0.0036630630493164062,0,-0.014652252197265625
16955939982,19441129,19426,19426,0,0,0,-0.5489835739135742,0,0.0036630630493164062,0,-0.0048847198486328125
16957919700,19442135,19427,19427,0,0,0,-0.5489835739135742,0,-0.0036630630493164062,0,-0.0048847198486328125
16959657850,19446121,19431,19431,0,0,0,-0.5489835739135742,0,0.0036630630493164062,0,-0.0048847198486328125
16961396000,19448123,19433,19433,0,0,0,-0.5489835739135742,0,0.0036630630493164062,0,-0.0048847198486328125
16963134150,19449121,19434,19434,0,0,0,-0.5489835739135742,0,-0.01831531524658203,0,-0.0048847198486328125
16964872300,19451121,19436,19436,0,0,0,-0.5489835739135742,0,0.0036630630493164062,0,-0.0048847198486328125
16966610450,19453122,19438,19438,0,0,0,-0.5489835739135742,0,-0.010989189147949219,0,-0.014652252197265625
16968348600,19454120,19440,19440,0,0,0,-0.5489835739135742,0,-0.010989189147949219,0,-0.014652252197265625
16970086750,19457125,19442,19442,0,0,0,-0.5489835739135742,0,0.0036630630493164062,0,-0.014652252197265625
16971824900,19458121,19443,19443,0,0,0,-0.5489835739135742,0,0.010989189147949219,0,-0.0048847198486328125
16973563050,19459121,19444,19444,0,0,0,-0.5489835739135742,0,-0.010989189147949219,0,-0.014652252197265625
16975301200,19461121,19446,19446,0,0,0,-0.5489835739135742,0,0.0036630630493164062,0,-0.014652252197265625
16977039350,19462121,19447,19447,0,0,0,-0.5489835739135742,0,-0.0036630630493164062,0,-0.014652252197265625
16978777500,19464123,19449,19449,0,0,0,-0.5489835739135742,0,-0.0036630630493164062,0,-0.014652252197265625
16980515650,19465133,19450,19450,0,0,0,-0.5489835739135742,0,-0.0036630630493164062,0,-0.0048847198486328125
16982253800,19467121,19452,19452,0,0,0,-0.5489835739135742,0,0.0036630630493164062,0,-0.0048847198486328125
16983991950,19468121,19453,19453,0,0,0,-0.5489835739135742,0,-0.025641441345214844,0,-0.014652252197265625
16985730100,19470135,19455,19455,0,0,0,-0.5489835739135742,0,-0.010989189147949219,0,-0.014652252197265625
16987210210,19474121,19459,19459,0,0,0,-0.5489835739135742,0,-0.0036630630493164062,0,-0.0048847198486328125
16988690316,19475129,19460,19460,0,0,0,-0.5489835739135742,0,0.0036630630493164062,0,-0.0048847198486328125
16990170422,19476121,19461,19461,0,0,0,-0.5489835739135742,0,-0.010989189147949219,0,-0.0048847198486328125
16991650528,19478121,19463,19463,0,0,0,-0.5489835739135742,0,0.010989189147949219,0,-0.014652252197265625
16993130634,19479121,19464,19464,0,0,0,-0.5489835739135742,0,0.010989189147949219,0,-0.0048847198486328125
16994610740,19480121,19465,19465,0,0,0,-0.5489835739135742,0,-0.010989189147949219,0,-0.0048847198486328125
16996090846,19481125,19466,19466,0,0,0,-0.5489835739135742,0,-0.01831531524658203,0,-0.014652252197265625
16997570952,19483129,19468,19468,0,0,0,-0.5489835739135742,0,0.0036630630493164062,0,-0.014652252197265625
16999051058,19484135,19469,19469,0,0,0,-0.5489835739135742,0,-0.010989189147949219,0,-0.014652252197265625
17000531164,19485135,19470,19470,0,0,0,-0.5489835739135742,0,-0.010989189147949219,0,-0.014652252197265625
17002011270,19488121,19473,19473,0,0,0,-0.5489835739135742,0,-0.0036630630493164062,0,-0.014652252197265625
17003491376,19489125,19474,19474,0,0,0,-0.5489835739135742,0,0.0036630630493164062,0,-0.0048847198486328125
17004971482,19490121,19475,19475,0,0,0,-0.5489835739135742,0,-0.010989189147949219,0,-0.0048847198486328125
17006451588,19492122,19477,19477,0,0,0,-0.5489835739135742,0,-0.0036630630493164062,0,-0.0048847198486328125
17007931694,19493123,19478,19478,0,0,0,-0.5489835739135742,0,-0.0036630630493164062,0,-0.0048847198486328125
17009411800,19494125,19479,19479,0,0,0,-0.5489835739135742,0,-0.0036630630493164062,0,-0.0048847198486328125
17010893280,19497129,19482,19482,0,0,0,-0.5489835739135742,0,-0.0036630630493164062,0,-0.0048847198486328125
17012374748,19498138,19484,19484,0,0,0,-0.5489835739135742,0,-0.010989189147949219,0,-0.0048847198486328125
17013856216,19500130,19485,19485,0,0,0,-0.5489835739135742,0,0.0036630630493164062,0,-0.0048847198486328125
17015337684,19501124,19486,19486,0,0,0,-0.5489835739135742,0,0.0036630630493164062,0,-0.0048847198486328125
17016819152,19503121,19488,19488,0,0,0,-0.5489835739135742,0,-0.010989189147949219,0,-0.0048847198486328125
17018300620,19504121,19489,19489,0,0,0,-0.5489835739135742,0,-0.0036630630493164062,0,-0.0048847198486328125
17019782088,19506123,19491,19491,0,0,0,-0.5489835739135742,0,-0.0036630630493164062,0,-0.014652252197265625
17021263556,19507121,19492,19492,0,0,0,-0.5489835739135742,0,0.0036630630493164062,0,-0.014652252197265625
17022745024,19508121,19493,19493,0,0,0,-0.5489835739135742,0,0.0036630630493164062,0,-0.0048847198486328125
17024226492,19510124,19495,19495,0,0,0,-0.5489835739135742,0,-0.01831531524658203,0,-0.0048847198486328125
17025707960,19511129,19496,19496,0,0,0,-0.5489835739135742,0,0.0036630630493164062,0,-0.0048847198486328125
17027189428,19512136,19497,19497,0,0,0,-0.5489835739135742,0,0.0036630630493164062,0,-0.0048847198486328125
17028670896,19513125,19498,19498,0,0,0,-0.5489835739135742,0,-0.010989189147949219,0,-0.0048847198486328125
17030152364,19515129,19500,19500,0,0,0,-0.5489835739135742,0,-0.010989189147949219,0,-0.0048847198486328125
17031633832,19516121,19501,19501,0,0,0,-0.5489835739135742,0,0.010989189147949219,0,-0.0048847198486328125
17033115300,19518125,19503,19503,0,0,0,-0.5489835739135742,0,-0.0036630630493164062,0,-0.0048847198486328125
17034681325,19523125,19508,19508,0,0,0,-0.5489835739135742,0,-0.0036630630493164062,0,-0.014652252197265625
17036247350,19525137,19510,19510,0,0,0,-0.5489835739135742,0,0.0036630630493164062,0,-0.014652252197265625
17037813375,19526135,19511,19511,0,0,0,-0.5489835739135742,0,0.01831531524658203,0,-0.014652252197265625
17039379400,19527127,19512,19512,0,0,0,-0.5489835739135742,0,-0.0036630630493164062,0,-0.014652252197265625
17040945425,19528121,19513,19513,0,0,0,-0.5489835739135742,0,-0.010989189147949219,0,-0.014652252197265625
17042511450,19530121,19515,19515,0,0,0,-0.5489835739135742,0,-0.010989189147949219,0,-0.0048847198486328125
17044077475,19531125,19516,19516,0,0,0,-0.5489835739135742,0,-0.0036630630493164062,0,-0.0048847198486328125
17045643500,19533121,19518,19518,0,0,0,-0.5489835739135742,0,0.0036630630493164062,0,-0.0048847198486328125
17047209525,19534121,19519,19519,0,0,0,-0.5489835739135742,0,-0.010989189147949219,0,-0.0048847198486328125
17048775550,19535132,19520,19520,0,0,0,-0.5489835739135742,0,-0.0036630630493164062,0,-0.0048847198486328125
17050341575,19536121,19521,19522,0,0,0,-0.5489835739135742,0,0.010989189147949219,0,-0.0048847198486328125
17051907600,19538121,19523,19523,0,0,0,-0.5489835739135742,0,-0.010989189147949219,0,-0.0048847198486328125
17053473625,19539133,19524,19524,0,0,0,-0.5489835739135742,0,-0.01831531524658203,0,-0.0048847198486328125
17055039650,19540135,19525,19525,0,0,0,-0.5489835739135742,0,0.0036630630493164062,0,-0.0048847198486328125
17056605675,19542121,19527,19527,0,0,0,-0.5489835739135742,0,-0.01831531524658203,0,-0.0048847198486328125
17058171700,19543123,19528,19528,0,0,0,-0.5489835739135742,0,-0.0036630630493164062,0,-0.0048847198486328125
17059765345,19546121,19531,19531,0,0,0,-0.5489835739135742,0,-0.010989189147949219,0,-0.0048847198486328125
17061358982,19547125,19532,19532,0,0,0,-0.5489835739135742,0,-0.0036630630493164062,0,-0.0048847198486328125
17062952619,19549121,19534,19534,0,0,0,-0.5489835739135742,0,-0.010989189147949219,0,-0.0048847198486328125
17064546256,19550129,19535,19535,0,0,0,-0.5489835739135742,0,-0.010989189147949219,0,-0.014652252197265625
17066139893,19551123,19536,19536,0,0,0,-0.5489835739135742,0,-0.0036630630493164062,0,-0.014652252197265625
17067733530,19552127,19537,19537,0,0,0,-0.5489835739135742,0,-0.0036630630493164062,0,-0.014652252197265625
17069327167,19553129,19538,19538,0,0,0,-0.5489835739135742,0,0.0036630630493164062,0,-0.014652252197265625
17070920804,19555134,19540,19540,0,0,0,-0.5489835739135742,0,0.0036630630493164062,0,-0.0048847198486328125
17072514441,19556123,19541,19541,0,0,0,-0.5489835739135742,0,-0.0036630630493164062,0,-0.0048847198486328125
17074108078,19558121,19543,19543,0,0,0,-0.5489835739135742,0,-0.010989189147949219,0,-0.0048847198486328125
17075701715,19559121,19544,19544,0,0,0,-0.5489835739135742,0,-0.010989189147949219,0,-0.014652252197265625
17077295352,19560125,19545,19545,0,0,0,-0.5489835739135742,0,0.0036630630493164062,0,-0.014652252197265625
17078888989,19563121,19548,19548,0,0,0,-0.5489835739135742,0,-0.0036630630493164062,0,-0.014652252197265625
17080482626,19564124,19549,19549,0,0,0,-0.5489835739135742,0,-0.0036630630493164062,0,-0.014652252197265625
17082076263,19567128,19552,19552,0,0,0,-0.5489835739135742,0,-0.010989189147949219,0,-0.0048847198486328125
17083669900,19568139,19553,19553,0,0,0,-0.5489835739135742,0,-0.0036630630493164062,0,-0.0048847198486328125
17085463180,19572123,19557,19557,0,0,0,-0.5489835739135742,0,0.0036630630493164062,0,-0.0048847198486328125
17087256448,19573121,19558,19558,0,0,0,-0.5489835739135742,0,0.0036630630493164062,0,-0.0048847198486328125
17089049716,19575129,19560,19560,0,0,0,-0.5489835739135742,0,-0.0036630630493164062,0,-0.014652252197265625
17090842984,19576126,19561,19561,0,0,0,-0.5489835739135742,0,-0.0036630630493164062,0,-0.014652252197265625
17092636252,19578121,19563,19563,0,0,0,-0.5489835739135742,0,-0.0036630630493164062,0,-0.014652252197265625
17094429520,19580123,19565,19565,0,0,0,-0.5489835739135742,0,-0.0036630630493164062,0,-0.014652252197265625
17096222788,19581132,19566,19566,0,0,0,-0.5489835739135742,0,-0.010989189147949219,0,-0.014652252197265625
17098016056,19583125,19568,19568,0,0,0,-0.5489835739135742,0,-0.0036630630493164062,0,-0.0048847198486328125
17099809324,19585131,19570,19570,0,0,0,-0.5489835739135742,0,0.010989189147949219,0,-0.0048847198486328125
17101602592,19587121,19572,19572,0,0,0,-0.5489835739135742,0,0.0036630630493164062,0,-0.0048847198486328125
17103395860,19588121,19573,19573,0,0,0,-0.5489835739135742,0,0.0036630630493164062,0,-0.0048847198486328125
17105189128,19590121,19575,19575,0,0,0,-0.5489835739135742,0,0.0036630630493164062,0,-0.0048847198486328125
17106982396,19592121,19577,19577,0,0,0,-0.5489835739135742,0,-0.0036630630493164062,0,-0.014652252197265625
17108775664,19593123,19578,19578,0,0,0,-0.5489835739135742,0,0.0036630630493164062,0,-0.014652252197265625
17110568932,19595137,19580,19580,0,0,0,-0.5489835739135742,0,0.0036630630493164062,0,-0.0048847198486328125
17112362200,19597129,19582,19582,0,0,0,-0.5489835739135742,0,0.0036630630493164062,0,-0.0048847198486328125
17114099700,19601125,19586,19586,0,0,0,-0.5489835739135742,0,0.0036630630493164062,0,-0.0048847198486328125
17115837200,19603122,19588,19588,0,0,0,-0.5489835739135742,0,0.0036630630493164062,0,-0.0048847198486328125
17117574700,19604121,19589,19590,0,0,0,-0.5489835739135742,0,-0.0036630630493164062,0,-0.0048847198486328125
17119312200,19606121,19591,19591,0,0,0,-0.5489835739135742,0,0.0036630630493164062,0,-0.0048847198486328125
17121049700,19608122,19593,19593,0,0,0,-0.5489835739135742,0,-0.010989189147949219,0,-0.014652252197265625
17122787200,19611125,19596,19596,0,0,0,-0.5489835739135742,0,0.0036630630493164062,0,-0.014652252197265625
17124524700,19612120,19597,19597,0,0,0,-0.5489835739135742,0,-0.010989189147949219,0,-0.0048847198486328125
17126262200,19614123,19599,19599,0,0,0,-0.5489835739135742,0,0.010989189147949219,0,-0.0048847198486328125
17127999700,19615129,19600,19600,0,0,0,-0.5489835739135742,0,-0.010989189147949219,0,-0.0048847198486328125
17129737200,19616121,19601,19601,0,0,0,-0.5489835739135742,0,-0.010989189147949219,0,-0.0048847198486328125
17131474700,19617121,19602,19602,0,0,0,-0.5489835739135742,0,-0.0036630630493164062,0,-0.0048847198486328125
17133212200,19619122,19604,19604,0,0,0,-0.5489835739135742,0,-0.0036630630493164062,0,-0.0048847198486328125
17134949700,19620121,19605,19605,0,0,0,-0.5489835739135742,0,0.0036630630493164062,0,-0.0048847198486328125
17136687200,19622123,19607,19607,0,0,0,-0.5489835739135742,0,0.0036630630493164062,0,-0.014652252197265625
17138424700,19623128,19608,19608,0,0,0,-0.5489835739135742,0,0.0036630630493164062,0,-0.014652252197265625
17140162200,19625133,19610,19610,0,0,0,-0.5489835739135742,0,0.0036630630493164062,0,-0.014652252197265625
17142171300,19631121,19616,19616,0,0,0,-0.5489835739135742,0,-0.010989189147949219,0,-0.014652252197265625
17144180400,19632122,19617,19617,0,0,0,-0.5489835739135742,0,0.010989189147949219,0,-0.014652252197265625
17146189500,19634125,19619,19619,0,0,0,-0.5489835739135742,0,-0.0036630630493164062,0,-0.014652252197265625
17148198600,19636121,19621,19621,0,0,0,-0.5489835739135742,0,-0.010989189147949219,0,-0.0048847198486328125
17150207700,19638137,19623,19623,0,0,0,-0.5489835739135742,0,-0.0036630630493164062,0,-0.0048847198486328125
17152216800,19639129,19624,19625,0,0,0,-0.5489835739135742,0,-0.010989189147949219,0,-0.0048847198486328125
17154225900,19641121,19626,19626,0,0,0,-0.5489835739135742,0,-0.010989189147949219,0,-0.0048847198486328125
17156235000,19642121,19627,19627,0,0,0,-0.5489835739135742,0,0.010989189147949219,0,-0.0048847198486328125
17158244100,19644121,19629,19629,0,0,0,-0.5489835739135742,0,-0.010989189147949219,0,-0.0048847198486328125
17160253200,19646121,19631,19631,0,0,0,-0.5489835739135742,0,-0.0036630630493164062,0,-0.0048847198486328125
17162262300,19648121,19633,19633,0,0,0,-0.5489835739135742,0,-0.010989189147949219,0,-0.0048847198486328125
17164271400,19650129,19635,19635,0,0,0,-0.5489835739135742,0,-0.0036630630493164062,0,-0.0048847198486328125
17166280500,19652137,19637,19637,0,0,0,-0.5489835739135742,0,-0.010989189147949219,0,-0.0048847198486328125
17168289600,19653125,19638,19638,0,0,0,-0.5489835739135742,0,-0.010989189147949219,0,-0.0048847198486328125
17170298700,19656121,19641,19641,0,0,0,-0.5489835739135742,0,-0.0036630630493164062,0,-0.014652252197265625
17172307800,19657121,19642,19642,0,0,0,-0.5489835739135742,0,-0.0036630630493164062,0,-0.014652252197265625
17174213195,19660121,19645,19645,0,0,0,-0.5489835739135742,0,-0.0036630630493164062,0,-0.0048847198486328125
17176118582,19662121,19647,19647,0,0,0,-0.5489835739135742,0,-0.010989189147949219,0,-0.0048847198486328125
17178023969,19663125,19648,19648,0,0,0,-0.5489835739135742,0,-0.01831531524658203,0,-0.0048847198486328125
17179929356,19665137,19650,19650,0,0,0,-0.5489835739135742,0,0.0036630630493164062,0,-0.0048847198486328125
17181834743,19666135,19651,19651,0,0,0,-0.5489835739135742,0,0.0036630630493164062,0,-0.0048847198486328125
17183740130,19667127,19652,19652,0,0,0,-0.5489835739135742,0,-0.010989189147949219,0,-0.014652252197265625
17185645517,19669121,19654,19654,0,0,0,-0.5489835739135742,0,-0.0036630630493164062,0,-0.014652252197265625
17187550904,19672124,19657,19657,0,0,0,-0.5489835739135742,0,-0.0036630630493164062,0,-0.0048847198486328125
17189456291,19674121,19659,19659,0,0,0,-0.5489835739135742,0,0.0036630630493164062,0,-0.0048847198486328125
17191361678,19675129,19660,19660,0,0,0,-0.5489835739135742,0,0.010989189147949219,0,-0.014652252197265625
17193267065,19677121,19662,19662,0,0,0,-0.5489835739135742,0,-0.0036630630493164062,0,-0.014652252197265625
17195172452,19679129,19664,19664,0,0,0,-0.5489835739135742,0,0.0036630630493164062,0,-0.014652252197265625
17197077839,19680137,19665,19665,0,0,0,-0.5489835739135742,0,0.0036630630493164062,0,-0.0048847198486328125
17198983226,19682121,19667,19667,0,0,0,-0.5489835739135742,0,-0.010989189147949219,0,-0.014652252197265625
17200888613,19684124,19669,19669,0,0,0,-0.5489835739135742,0,-0.0036630630493164062,0,-0.0048847198486328125
17202794000,19687121,19672,19672,0,0,0,-0.5489835739135742,0,0.0036630630493164062,0,-0.0048847198486328125
17204759170,19691121,19676,19676,0,0,0,-0.5489835739135742,0,0.0036630630493164062,0,-0.0048847198486328125
17206724332,19692124,19678,19678,0,0,0,-0.5489835739135742,0,-0.0036630630493164062,0,-0.0048847198486328125
17208689494,19694135,19679,19679,0,0,0,-0.5489835739135742,0,-0.010989189147949219,0,-0.0048847198486328125
17210654656,19696124,19681,19681,0,0,0,-0.5489835739135742,0,-0.010989189147949219,0,-0.0048847198486328125
17212619818,19698121,19683,19683,0,0,0,-0.5489835739135742,0,0.01831531524658203,0,-0.0048847198486328125
17214584980,19700130,19685,19685,0,0,0,-0.5489835739135742,0,-0.0036630630493164062,0,-0.0048847198486328125
17216550142,19701126,19686,19686,0,0,0,-0.5489835739135742,0,0.010989189147949219,0,-0.0048847198486328125
17218515304,19703121,19688,19688,0,0,0,-0.5489835739135742,0,0.0036630630493164062,0,-0.0048847198486328125
17220480466,19705133,19690,19690,0,0,0,-0.5489835739135742,0,-0.0036630630493164062,0,-0.014652252197265625
17222445628,19707129,19692,19692,0,0,0,-0.5489835739135742,0,-0.0036630630493164062,0,-0.014652252197265625
17224410790,19709127,19694,19694,0,0,0,-0.5489835739135742,0,-0.010989189147949219,0,-0.014652252197265625
17226375952,19710121,19695,19695,0,0,0,-0.5489835739135742,0,-0.01831531524658203,0,-0.014652252197265625
17228341114,19713125,19698,19698,0,0,0,-0.5489835739135742,0,-0.010989189147949219,0,-0.0048847198486328125
17230306276,19715129,19700,19700,0,0,0,-0.5489835739135742,0,-0.0036630630493164062,0,-0.0048847198486328125
17232271438,19717123,19702,19702,0,0,0,-0.5489835739135742,0,0.010989189147949219,0,-0.0048847198486328125
17234236600,19718121,19703,19703,0,0,0,-0.5489835739135742,0,-0.0036630630493164062,0,-0.014652252197265625
17236275855,19722135,19707,19707,0,0,0,-0.5489835739135742,0,-0.010989189147949219,0,-0.0048847198486328125
17238041559,19724121,19709,19709,0,0,0,-0.5489835739135742,0,0.010989189147949219,0,-0.0048847198486328125
17239807263,19726124,19711,19711,0,0,0,-0.5489835739135742,0,-0.010989189147949219,0,-0.0048847198486328125
17241572967,19727122,19712,19712,0,0,0,-0.5489835739135742,0,-0.0036630630493164062,0,-0.0048847198486328125
17243338671,19729121,19714,19714,0,0,0,-0.5489835739135742,0,-0.01831531524658203,0,-0.0048847198486328125
17245104375,19732122,19717,19717,0,0,0,-0.5489835739135742,0,-0.010989189147949219,0,-0.0048847198486328125
17246870079,19734124,19719,19719,0,0,0,-0.5489835739135742,0,0.0036630630493164062,0,-0.0048847198486328125
17248635783,19737125,19722,19722,0,0,0,-0.5489835739135742,0,-0.0036630630493164062,0,-0.0048847198486328125
17250401487,19739121,19724,19724,0,0,0,-0.5489835739135742,0,-0.0036630630493164062,0,-0.014652252197265625
17252167191,19741121,19726,19726,0,0,0,-0.5489835739135742,0,0.0036630630493164062,0,-0.014652252197265625
17253932895,19742125,19727,19727,0,0,0,-0.5489835739135742,0,-0.0036630630493164062,0,-0.014652252197265625
17255698599,19744121,19729,19729,0,0,0,-0.5489835739135742,0,-0.0036630630493164062,0,-0.014652252197265625
17257464303,19746123,19731,19731,0,0,0,-0.5489835739135742,0,0.0036630630493164062,0,-0.014652252197265625
17259230007,19748121,19733,19733,0,0,0,-0.5489835739135742,0,-0.0036630630493164062,0,-0.0048847198486328125
17260995711,19749129,19734,19734,0,0,0,-0.5489835739135742,0,-0.010989189147949219,0,-0.0048847198486328125
17262761415,19751125,19736,19736,0,0,0,-0.5489835739135742,0,-0.01831531524658203,0,-0.0048847198486328125
17264527119,19757121,19742,19742,0,0,0,-0.5489835739135742,0,0.010989189147949219,0,-0.0048847198486328125
17266292823,19758121,19743,19743,0,0,0,-0.5489835739135742,0,0.0036630630493164062,0,-0.0048847198486328125
17268058527,19759124,19744,19744,0,0,0,-0.5489835739135742,0,-0.0036630630493164062,0,-0.0048847198486328125
17269824231,19760121,19745,19745,0,0,0,-0.5489835739135742,0,-0.010989189147949219,0,-0.014652252197265625
17271589935,19762120,19747,19747,0,0,0,-0.5489835739135742,0,-0.010989189147949219,0,-0.014652252197265625
17273355639,19763133,19748,19748,0,0,0,-0.5489835739135742,0,-0.010989189147949219,0,-0.0048847198486328125
17275121343,19764136,19749,19750,0,0,0,-0.5489835739135742,0,0.0036630630493164062,0,-0.014652252197265625
17276887047,19766121,19751,19751,0,0,0,-0.5489835739135742,0,-0.010989189147949219,0,-0.0048847198486328125
17278652751,19767123,19752,19752,0,0,0,-0.5489835739135742,0,0.0036630630493164062,0,-0.0048847198486328125
17280418455,19768121,19753,19753,0,0,0,-0.5489835739135742,0,-0.010989189147949219,0,-0.0048847198486328125
17282184159,19769121,19754,19754,0,0,0,-0.5489835739135742,0,-0.010989189147949219,0,-0.0048847198486328125
17283949863,19770121,19755,19755,0,0,0,-0.5489835739135742,0,0.0036630630493164062,0,-0.0048847198486328125
17285715567,19771125,19756,19756,0,0,0,-0.5489835739135742,0,-0.0036630630493164062,0,-0.0048847198486328125
17287481271,19773121,19758,19758,0,0,0,-0.5489835739135742,0,0.0036630630493164062,0,-0.0048847198486328125
17289246975,19774121,19759,19759,0,0,0,-0.5489835739135742,0,0.0036630630493164062,0,-0.0048847198486328125
17291012475,19778135,19763,19763,0,0,0,-0.5489835739135742,0,-0.0036630630493164062,0,-0.0048847198486328125
17292777950,19780121,19765,19765,0,0,0,-0.5489835739135742,0,-0.0036630630493164062,0,-0.0048847198486328125
17294543425,19781121,19766,19766,0,0,0,-0.5489835739135742,0,-0.0036630630493164062,0,-0.0048847198486328125
17296308900,19783123,19768,19768,0,0,0,-0.5489835739135742,0,-0.01831531524658203,0,-0.0048847198486328125
17298074375,19784124,19769,19769,0,0,0,-0.5489835739135742,0,-0.010989189147949219,0,-0.0048847198486328125
17299839850,19786121,19771,19771,0,0,0,-0.5489835739135742,0,0.01831531524658203,0,-0.014652252197265625
17301605325,19787121,19772,19772,0,0,0,-0.5489835739135742,0,0.0036630630493164062,0,-0.0048847198486328125
17303370800,19788123,19773,19774,0,0,0,-0.5489835739135742,0,-0.010989189147949219,0,-0.0048847198486328125
17305136275,19790121,19775,19775,0,0,0,-0.5489835739135742,0,-0.0036630630493164062,0,-0.0048847198486328125
17306901750,19791129,19776,19776,0,0,0,-0.5489835739135742,0,-0.01831531524658203,0,-0.0048847198486328125
17308667225,19793125,19778,19778,0,0,0,-0.5489835739135742,0,-0.010989189147949219,0,-0.0048847198486328125
17310432700,19794120,19779,19779,0,0,0,-0.5489835739135742,0,-0.010989189147949219,0,-0.0048847198486328125
17312198175,19796123,19781,19781,0,0,0,-0.5489835739135742,0,0.0036630630493164062,0,-0.014652252197265625
17313963650,19798121,19783,19783,0,0,0,-0.5489835739135742,0,0.0036630630493164062,0,-0.014652252197265625
17315729125,19800135,19785,19785,0,0,0,-0.5489835739135742,0,0.0036630630493164062,0,-0.014652252197265625
17317494600,19802121,19787,19787,0,0,0,-0.5489835739135742,0,-0.01831531524658203,0,-0.0048847198486328125
17319441595,19805137,19790,19790,0,0,0,-0.5489835739135742,0,0.0036630630493164062,0,-0.0048847198486328125
17321388582,19807125,19792,19792,0,0,0,-0.5489835739135742,0,-0.01831531524658203,0,-0.0048847198486328125
17323335569,19809121,19794,19794,0,0,0,-0.5489835739135742,0,-0.0036630630493164062,0,-0.0048847198486328125
17325282556,19812122,19797,19797,0,0,0,-0.5489835739135742,0,0.0036630630493164062,0,-0.014652252197265625
17327229543,19814121,19799,19799,0,0,0,-0.5489835739135742,0,-0.0036630630493164062,0,-0.0048847198486328125
17329176530,19816121,19801,19801,0,0,0,-0.5489835739135742,0,-0.0036630630493164062,0,-0.0048847198486328125
17331123517,19817123,19802,19803,0,0,0,-0.5489835739135742,0,0.0036630630493164062,0,-0.0048847198486328125
17333070504,19819129,19804,19804,0,0,0,-0.5489835739135742,0,0.0036630630493164062,0,-0.014652252197265625
17335017491,19821129,19806,19806,0,0,0,-0.5489835739135742,0,-0.0036630630493164062,0,-0.0048847198486328125
17336964478,19823121,19809,19809,0,0,0,-0.5489835739135742,0,-0.0036630630493164062,0,-0.014652252197265625
17338911465,19825131,19810,19810,0,0,0,-0.5489835739135742,0,-0.0036630630493164062,0,-0.014652252197265625
17340858452,19827121,19812,19812,0,0,0,-0.5489835739135742,0,-0.0036630630493164062,0,-0.014652252197265625
17342805439,19828121,19813,19813,0,0,0,-0.5489835739135742,0,0.0036630630493164062,0,-0.0048847198486328125
17344752426,19830121,19815,19815,0,0,0,-0.5489835739135742,0,0.010989189147949219,0,-0.0048847198486328125
17346699413,19831121,19816,19816,0,0,0,-0.5489835739135742,0,-0.01831531524658203,0,-0.0048847198486328125
17348646400,19833130,19818,19818,0,0,0,-0.5489835739135742,0,0.0036630630493164062,0,-0.0048847198486328125
17350715960,19838121,19823,19823,0,0,0,-0.5489835739135742,0,-0.010989189147949219,0,-0.014652252197265625
17352785516,19839121,19824,19824,0,0,0,-0.5489835739135742,0,0.010989189147949219,0,-0.014652252197265625
17354855072,19841123,19826,19826,0,0,0,-0.5489835739135742,0,-0.01831531524658203,0,-0.014652252197265625
17356924628,19842124,19827,19827,0,0,0,-0.5489835739135742,0,-0.010989189147949219,0,-0.014652252197265625
17358994184,19844120,19829,19829,0,0,0,-0.5489835739135742,0,-0.010989189147949219,0,-0.0048847198486328125
17361063740,19847129,19832,19832,0,0,0,-0.5489835739135742,0,-0.010989189147949219,0,-0.0048847198486328125
17363133296,19849125,19834,19834,0,0,0,-0.5489835739135742,0,-0.01831531524658203,0,-0.0048847198486328125
17365202852,19851121,19836,19836,0,0,0,-0.5489835739135742,0,0.010989189147949219,0,-0.0048847198486328125
17367272408,19853121,19838,19838,0,0,0,-0.5489835739135742,0,-0.010989189147949219,0,-0.0048847198486328125
17369341964,19854122,19839,19839,0,0,0,-0.5489835739135742,0,0.0036630630493164062,0,-0.0048847198486328125
17371411520,19856121,19841,19841,0,0,0,-0.5489835739135742,0,-0.0036630630493164062,0,-0.0048847198486328125
17373481076,19858125,19843,19843,0,0,0,-0.5489835739135742,0,0.0036630630493164062,0,-0.0048847198486328125
17375550632,19860121,19845,19845,0,0,0,-0.5489835739135742,0,0.0036630630493164062,0,-0.014652252197265625
17377620188,19861129,19846,19846,0,0,0,-0.5489835739135742,0,-0.0036630630493164062,0,-0.014652252197265625
17379689744,19863125,19848,19848,0,0,0,-0.5489835739135742,0,-0.0036630630493164062,0,-0.014652252197265625
17381759300,19866124,19851,19851,0,0,0,-0.5489835739135742,0,-0.0036630630493164062,0,-0.014652252197265625
17383883220,19874120,19859,19859,0,0,0,-0.5489835739135742,0,-0.0036630630493164062,0,-0.014652252197265625
17386007140,19875139,19860,19860,0,0,0,-0.5489835739135742,0,-0.0036630630493164062,0,-0.0048847198486328125
17388131060,19877125,19862,19862,0,0,0,-0.5489835739135742,0,-0.0036630630493164062,0,-0.014652252197265625
17390254980,19879126,19864,19864,0,0,0,-0.5489835739135742,0,-0.010989189147949219,0,-0.014652252197265625
17392378900,19881121,19866,19866,0,0,0,-0.5489835739135742,0,0.010989189147949219,0,-0.0048847198486328125
17394502820,19884121,19869,19869,0,0,0,-0.5489835739135742,0,-0.010989189147949219,0,-0.0048847198486328125
17396626740,19885129,19870,19870,0,0,0,-0.5489835739135742,0,-0.0036630630493164062,0,-0.0048847198486328125
17398750660,19887125,19872,19872,0,0,0,-0.5489835739135742,0,-0.0036630630493164062,0,-0.0048847198486328125
17400874580,19888121,19873,19873,0,0,0,-0.5489835739135742,0,-0.0036630630493164062,0,-0.0048847198486328125
17402998500,19889129,19874,19874,0,0,0,-0.5489835739135742,0,-0.0036630630493164062,0,-0.014652252197265625
17405122420,19891127,19876,19876,0,0,0,-0.5489835739135742,0,0.0036630630493164062,0,-0.0048847198486328125
17407246340,19893121,19878,19878,0,0,0,-0.5489835739135742,0,-0.010989189147949219,0,-0.0048847198486328125
17409370260,19894120,19879,19879,0,0,0,-0.5489835739135742,0,0.0036630630493164062,0,-0.0048847198486328125
17411494180,19896122,19881,19881,0,0,0,-0.5489835739135742,0,0.0036630630493164062,0,-0.0048847198486328125
17413618100,19898121,19883,19883,0,0,0,-0.5489835739135742,0,0.0036630630493164062,0,-0.0048847198486328125
17415320270,19902121,19887,19887,0,0,0,-0.5489835739135742,0,0.0036630630493164062,0,-0.0048847198486328125
17417022432,19904137,19889,19889,0,0,0,-0.5489835739135742,0,0.0036630630493164062,0,-0.0048847198486328125
17418724594,19906121,19891,19891,0,0,0,-0.5489835739135742,0,-0.0036630630493164062,0,-0.0048847198486328125
17420426756,19908125,19893,19893,0,0,0,-0.5489835739135742,0,-0.0036630630493164062,0,-0.014652252197265625
17422128918,19909121,19894,19894,0,0,0,-0.5489835739135742,0,-0.0036630630493164062,0,-0.014652252197265625
17423831080,19911121,19896,19896,0,0,0,-0.5489835739135742,0,-0.0036630630493164062,0,-0.0048847198486328125
17425533242,19913121,19898,19898,0,0,0,-0.5489835739135742,0,-0.0036630630493164062,0,-0.0048847198486328125
17427235404,19914121,19899,19899,0,0,0,-0.5489835739135742,0,-0.0036630630493164062,0,-0.0048847198486328125
17428937566,19916124,19901,19901,0,0,0,-0.5489835739135742,0,-0.0036630630493164062,0,-0.014652252197265625
17430639728,19917129,19902,19902,0,0,0,-0.5489835739135742,0,0.01831531524658203,0,-0.014652252197265625
17432341890,19919126,19904,19904,0,0,0,-0.5489835739135742,0,-0.0036630630493164062,0,-0.0048847198486328125
17434044052,19920123,19905,19905,0,0,0,-0.5489835739135742,0,-0.0036630630493164062,0,-0.014652252197265625
17435746214,19921121,19906,19907,0,0,0,-0.5489835739135742,0,0.0036630630493164062,0,-0.014652252197265625
17437448376,19923121,19908,19908,0,0,0,-0.5489835739135742,0,-0.010989189147949219,0,-0.014652252197265625
17439150538,19924124,19909,19909,0,0,0,-0.5489835739135742,0,-0.0036630630493164062,0,-0.0048847198486328125
17440852700,19925129,19910,19910,0,0,0,-0.5489835739135742,0,0.0036630630493164062,0,-0.0048847198486328125
17442715145,19930121,19915,19915,0,0,0,-0.5489835739135742,0,-0.010989189147949219,0,-0.014652252197265625
17444577582,19931129,19916,19916,0,0,0,-0.5489835739135742,0,-0.010989189147949219,0,-0.0048847198486328125
17446440019,19933127,19918,19918,0,0,0,-0.5489835739135742,0,-0.010989189147949219,0,-0.014652252197265625
17448302456,19934121,19919,19919,0,0,0,-0.5489835739135742,0,-0.0036630630493164062,0,-0.014652252197265625
17450164893,19936120,19921,19921,0,0,0,-0.5489835739135742,0,-0.0036630630493164062,0,-0.014652252197265625
17452027330,19938121,19923,19923,0,0,0,-0.5489835739135742,0,-0.010989189147949219,0,-0.014652252197265625
17453889767,19939121,19924,19924,0,0,0,-0.5489835739135742,0,-0.0036630630493164062,0,-0.0048847198486328125
17455752204,19941124,19926,19926,0,0,0,-0.5489835739135742,0,0.0036630630493164062,0,-0.0048847198486328125
17457614641,19944120,19929,19929,0,0,0,-0.5489835739135742,0,0.0036630630493164062,0,-0.0048847198486328125
17459477078,19945140,19930,19930,0,0,0,-0.5489835739135742,0,-0.0036630630493164062,0,-0.0048847198486328125
17461339515,19947125,19932,19932,0,0,0,-0.5489835739135742,0,0.0036630630493164062,0,-0.0048847198486328125
17463201952,19949124,19934,19934,0,0,0,-0.5489835739135742,0,-0.0036630630493164062,0,-0.0048847198486328125
17465064389,19950128,19935,19936,0,0,0,-0.5489835739135742,0,-0.010989189147949219,0,-0.0048847198486328125
17466926826,19952123,19937,19937,0,0,0,-0.5489835739135742,0,-0.01831531524658203,0,-0.0048847198486328125
17468789263,19954121,19939,19939,0,0,0,-0.5489835739135742,0,-0.0036630630493164062,0,-0.0048847198486328125
17470651700,19955129,19940,19940,0,0,0,-0.5489835739135742,0,0.010989189147949219,0,-0.014652252197265625
17472516595,19959129,19944,19944,0,0,0,-0.5489835739135742,0,0.0036630630493164062,0,-0.014652252197265625
17474381482,19961125,19946,19946,0,0,0,-0.5489835739135742,0,-0.0036630630493164062,0,-0.014652252197265625
17476246369,19962123,19947,19947,0,0,0,-0.5489835739135742,0,-0.010989189147949219,0,-0.014652252197265625
17478111256,19964122,19949,19949,0,0,0,-0.5489835739135742,0,-0.0036630630493164062,0,-0.014652252197265625
17479976143,19965129,19950,19950,0,0,0,-0.5489835739135742,0,-0.0036630630493164062,0,-0.0048847198486328125
17481841030,19967122,19952,19952,0,0,0,-0.5489835739135742,0,-0.010989189147949219,0,-0.0048847198486328125
17483705917,19968121,19953,19953,0,0,0,-0.5489835739135742,0,-0.0036630630493164062,0,-0.0048847198486328125
17485570804,19970123,19955,19955,0,0,0,-0.5489835739135742,0,0.010989189147949219,0,-0.0048847198486328125
17487435691,19973128,19958,19958,0,0,0,-0.5489835739135742,0,-0.0036630630493164062,0,-0.014652252197265625
17489300578,19974139,19960,19960,0,0,0,-0.5489835739135742,0,0.0036630630493164062,0,-0.014652252197265625
17491165465,19976120,19961,19961,0,0,0,-0.5489835739135742,0,0.0036630630493164062,0,-0.014652252197265625
17493030352,19978123,19963,19963,0,0,0,-0.5489835739135742,0,-0.010989189147949219,0,-0.014652252197265625
17494895239,19979121,19964,19964,0,0,0,-0.5489835739135742,0,-0.010989189147949219,0,-0.014652252197265625
17496760126,19981121,19966,19966,0,0,0,-0.5489835739135742,0,0.0036630630493164062,0,-0.014652252197265625
17498625013,19982124,19968,19968,0,0,0,-0.5489835739135742,0,-0.010989189147949219,0,-0.014652252197265625
17500489900,19984121,19969,19969,0,0,0,-0.5489835739135742,0,0.010989189147949219,0,-0.0048847198486328125
17502711845,19992122,19977,19977,0,0,0,-0.5489835739135742,0,-0.025641441345214844,0,-0.014652252197265625
17504933782,19994120,19979,19979,0,0,0,-0.5489835739135742,0,-0.025641441345214844,0,-0.014652252197265625
17507155719,19995134,19980,19980,0,0,0,-0.5489835739135742,0,0.0036630630493164062,0,-0.014652252197265625
17509377656,19997121,19982,19982,0,0,0,-0.5489835739135742,0,0.0036630630493164062,0,-0.014652252197265625
17511599593,19999123,19984,19984,0,0,0,-0.5489835739135742,0,-0.010989189147949219,0,-0.014652252197265625
17513821530,20001131,19986,19986,0,0,0,-0.5489835739135742,0,-0.010989189147949219,0,-0.014652252197265625
17516043467,20004121,19989,19989,0,0,0,-0.5489835739135742,0,0.010989189147949219,0,-0.014652252197265625
17518265404,20005129,19990,19990,0,0,0,-0.5489835739135742,0,-0.01831531524658203,0,-0.014652252197265625
17520487341,20007123,19992,19992,0,0,0,-0.5489835739135742,0,0.0036630630493164062,0,-0.014652252197265625
17522709278,20009121,19994,19994,0,0,0,-0.5489835739135742,0,-0.01831531524658203,0,-0.0048847198486328125
17524931215,20010121,19995,19995,0,0,0,-0.5489835739135742,0,-0.0036630630493164062,0,-0.014652252197265625
17527153152,20012122,19997,19997,0,0,0,-0.5489835739135742,0,-0.0036630630493164062,0,-0.0048847198486328125
17529375089,20014121,19999,19999,0,0,0,-0.5489835739135742,0,0.01831531524658203,0,-0.0048847198486328125
17531597026,20016139,20001,20001,0,0,0,-0.5489835739135742,0,-0.010989189147949219,0,-0.0048847198486328125
17533818963,20019121,20004,20004,0,0,0,-0.5489835739135742,0,-0.01831531524658203,0,-0.0048847198486328125
17536040900,20021121,20006,20006,0,0,0,-0.5489835739135742,0,0.0036630630493164062,0,-0.0048847198486328125
17545476710,20024124,20009,20009,0,0,0,-0.5489835739135742,0,-0.010989189147949219,0,-0.0048847198486328125
17553943237,20084120,20069,20069,0,0,0,-0.5489835739135742,0,-0.010989189147949219,0,-0.0048847198486328125
17562409764,20129125,20114,20114,0,0,0,-0.5489835739135742,0,-0.0036630630493164062,0,-0.0048847198486328125
17570876291,20132125,20117,20117,0,0,0,-0.5489835739135742,0,-0.010989189147949219,0,-0.014652252197265625
17579342818,20133121,20118,20118,0,0,0,-0.5489835739135742,0,0.0036630630493164062,0,-0.0048847198486328125
17587809345,20135130,20120,20120,0,0,0,-0.5489835739135742,0,-0.0036630630493164062,0,-0.0048847198486328125
17596275872,20136123,20122,20122,0,0,0,-0.5489835739135742,0,-0.010989189147949219,0,-0.0048847198486328125
17604742399,20138121,20123,20123,0,0,0,-0.5489835739135742,0,0.0036630630493164062,0,-0.014652252197265625
17613208926,20140125,20125,20125,0,0,0,-0.5489835739135742,0,-0.0036630630493164062,0,-0.014652252197265625
17621675453,20142135,20127,20127,0,0,0,-0.5489835739135742,0,-0.010989189147949219,0,-0.014652252197265625
17630141980,20158121,20143,20143,0,0,0,-0.5489835739135742,0,-0.010989189147949219,0,-0.014652252197265625
17638608507,20165131,20150,20150,0,0,0,-0.5489835739135742,0,-0.0036630630493164062,0,-0.0048847198486328125
17647075034,20166120,20151,20151,0,0,0,-0.5489835739135742,0,0.0036630630493164062,0,-0.0048847198486328125
17655541561,20168121,20153,20153,0,0,0,-0.5489835739135742,0,-0.010989189147949219,0,-0.0048847198486328125
17664008088,20170135,20155,20155,0,0,0,-0.5489835739135742,0,-0.01831531524658203,0,-0.0048847198486328125
17672474615,20171125,20156,20156,0,0,0,-0.5489835739135742,0,-0.0036630630493164062,0,-0.0048847198486328125
17680941142,20179121,20164,20164,0,0,0,-0.5489835739135742,0,-0.0036630630493164062,0,-0.0048847198486328125
17689407669,20181123,20166,20166,0,0,0,-0.5489835739135742,0,-0.0036630630493164062,0,-0.0048847198486328125
17697874196,20182120,20167,20167,0,0,0,-0.5489835739135742,0,-0.0036630630493164062,0,-0.0048847198486328125
17699827092,20186120,20171,20171,0,0,0,-0.5489835739135742,0,0.0036630630493164062,0,-0.0048847198486328125
17701779976,20188121,20173,20173,0,0,0,-0.5489835739135742,0,-0.0036630630493164062,0,-0.0048847198486328125
17703732860,20190124,20175,20175,0,0,0,-0.5489835739135742,0,-0.010989189147949219,0,-0.0048847198486328125
17705685744,20192120,20177,20177,0,0,0,-0.5489835739135742,0,0.010989189147949219,0,-0.0048847198486328125
17707638628,20194123,20179,20179,0,0,0,-0.5489835739135742,0,-0.0036630630493164062,0,-0.0048847198486328125
17709591512,20195129,20180,20180,0,0,0,-0.5489835739135742,0,0.010989189147949219,0,-0.014652252197265625
17711544396,20197129,20182,20182,0,0,0,-0.5489835739135742,0,0.0036630630493164062,0,-0.0048847198486328125
17713497280,20199125,20184,20184,0,0,0,-0.5489835739135742,0,-0.010989189147949219,0,-0.0048847198486328125
17715450164,20200130,20185,20186,0,0,0,-0.5489835739135742,0,-0.010989189147949219,0,-0.0048847198486328125
17717403048,20202123,20187,20187,0,0,0,-0.5489835739135742,0,-0.01831531524658203,0,-0.0048847198486328125
17719355932,20204121,20189,20189,0,0,0,-0.5489835739135742,0,-0.0036630630493164062,0,-0.0048847198486328125
17721308816,20206124,20191,20191,0,0,0,-0.5489835739135742,0,-0.0036630630493164062,0,-0.0048847198486328125
17723261700,20208121,20193,20193,0,0,0,-0.5489835739135742,0,-0.010989189147949219,0,-0.0048847198486328125
17725290845,20212135,20197,20197,0,0,0,-0.5489835739135742,0,-0.010989189147949219,0,-0.014652252197265625
17727319982,20214124,20199,20199,0,0,0,-0.5489835739135742,0,-0.01831531524658203,0,-0.014652252197265625
17729349119,20216120,20201,20201,0,0,0,-0.5489835739135742,0,-0.010989189147949219,0,-0.014652252197265625
17731378256,20217121,20202,20202,0,0,0,-0.5489835739135742,0,-0.0036630630493164062,0,-0.014652252197265625
17733407393,20219125,20204,20204,0,0,0,-0.5493669509887695,0,-0.010989189147949219,0,-0.014652252197265625
17735436530,20221121,20206,20206,0,0,0,-0.5489835739135742,0,-0.0036630630493164062,0,-0.0048847198486328125
17737465667,20223123,20208,20208,0,0,0,-0.5489835739135742,0,-0.0036630630493164062,0,-0.0048847198486328125
17739494804,20225137,20210,20210,0,0,0,-0.5489835739135742,0,-0.010989189147949219,0,-0.0048847198486328125
17741523941,20227130,20212,20212,0,0,0,-0.5489835739135742,0,0.0036630630493164062,0,-0.0048847198486328125
17743553078,20229121,20214,20214,0,0,0,-0.5489835739135742,0,-0.0036630630493164062,0,-0.0048847198486328125
17745582215,20231123,20216,20216,0,0,0,-0.5489835739135742,0,0.010989189147949219,0,-0.0048847198486328125
17747611352,20232121,20217,20218,0,0,0,-0.5489835739135742,0,0.0036630630493164062,0,-0.0048847198486328125
17749640489,20234121,20219,20219,0,0,0,-0.5489835739135742,0,-0.0036630630493164062,0,-0.014652252197265625
17751669626,20236122,20221,20221,0,0,0,-0.5489835739135742,0,-0.0036630630493164062,0,-0.0048847198486328125
17753698763,20238121,20223,20223,0,0,0,-0.5489835739135742,0,-0.010989189147949219,0,-0.0048847198486328125
17755727900,20240139,20225,20225,0,0,0,-0.5489835739135742,0,-0.010989189147949219,0,-0.0048847198486328125
17757900736,20244121,20229,20229,0,0,0,-0.5493669509887695,0,-0.0036630630493164062,0,-0.0048847198486328125
17760073562,20247123,20232,20232,0,0,0,-0.5493669509887695,0,-0.0036630630493164062,0,-0.0048847198486328125
17762246388,20249121,20234,20234,0,0,0,-0.5493669509887695,0,-0.010989189147949219,0,-0.014652252197265625
17764419214,20251121,20236,20236,0,0,0,-0.5493669509887695,0,-0.0036630630493164062,0,-0.014652252197265625
17766592040,20255133,20240,20240,0,0,0,-0.5493669509887695,0,-0.010989189147949219,0,-0.014652252197265625
17768764866,20257121,20242,20242,0,0,0,-0.5489835739135742,0,0.0036630630493164062,0,-0.014652252197265625
17770937692,20258121,20243,20244,0,0,0,-0.5493669509887695,0,-0.010989189147949219,0,-0.014652252197265625
17773110518,20260123,20245,20245,0,0,0,-0.5493669509887695,0,-0.010989189147949219,0,-0.0048847198486328125
17775283344,20262121,20247,20247,0,0,0,-0.5493669509887695,0,0.0036630630493164062,0,-0.0048847198486328125
17777456170,20264125,20249,20249,0,0,0,-0.5489835739135742,0,0.010989189147949219,0,-0.0048847198486328125
17779628996,20266121,20251,20251,0,0,0,-0.5489835739135742,0,0.010989189147949219,0,-0.0048847198486328125
17781801822,20267129,20252,20252,0,0,0,-0.5493669509887695,0,-0.010989189147949219,0,-0.0048847198486328125
17783974648,20269125,20254,20254,0,0,0,-0.5493669509887695,0,-0.01831531524658203,0,-0.014652252197265625
17786147474,20271121,20256,20256,0,0,0,-0.5489835739135742,0,0.0036630630493164062,0,-0.014652252197265625
17788320300,20273121,20258,20258,0,0,0,-0.5493669509887695,0,0.0036630630493164062,0,-0.014652252197265625
17790458554,20276122,20261,20261,0,0,0,-0.5493669509887695,0,0.0036630630493164062,0,-0.014652252197265625
17792596796,20280121,20265,20266,0,0,0,-0.5489835739135742,0,-0.010989189147949219,0,-0.014652252197265625
17794735038,20283125,20268,20268,0,0,0,-0.5489835739135742,0,0.0036630630493164062,0,-0.014652252197265625
17796873280,20285133,20270,20270,0,0,0,-0.5493669509887695,0,-0.0036630630493164062,0,-0.014652252197265625
17799011522,20287121,20272,20272,0,0,0,-0.5489835739135742,0,0.0036630630493164062,0,-0.014652252197265625
17801149764,20290121,20275,20275,0,0,0,-0.5489835739135742,0,-0.0036630630493164062,0,-0.014652252197265625
17803288006,20291121,20276,20276,0,0,0,-0.5493669509887695,0,-0.010989189147949219,0,-0.014652252197265625
17805426248,20293124,20279,20279,0,0,0,-0.5493669509887695,0,-0.025641441345214844,0,-0.0048847198486328125
17807564490,20295137,20280,20280,0,0,0,-0.5493669509887695,0,-0.0036630630493164062,0,-0.0048847198486328125
17809702732,20297127,20282,20282,0,0,0,-0.5493669509887695,0,0.0036630630493164062,0,-0.0048847198486328125
17811840974,20298121,20283,20283,0,0,0,-0.5493669509887695,0,-0.010989189147949219,0,-0.014652252197265625
17813979216,20300130,20285,20285,0,0,0,-0.5489835739135742,0,-0.0036630630493164062,0,-0.014652252197265625
17816117458,20301128,20286,20286,0,0,0,-0.5493669509887695,0,0.010989189147949219,0,-0.014652252197265625
17818255700,20303121,20288,20288,0,0,0,-0.5489835739135742,0,-0.0036630630493164062,0,-0.014652252197265625
17820285577,20310137,20295,20295,0,0,0,-0.5489835739135742,0,-0.0036630630493164062,0,-0.014652252197265625
17822315448,20311124,20296,20296,0,0,0,-0.5493669509887695,0,-0.0036630630493164062,0,-0.0048847198486328125
17824345319,20313121,20298,20298,0,0,0,-0.5493669509887695,0,-0.0036630630493164062,0,-0.0048847198486328125
17826375190,20314124,20299,20299,0,0,0,-0.5493669509887695,0,-0.0036630630493164062,0,-0.0048847198486328125
17828405061,20316120,20301,20301,0,0,0,-0.5493669509887695,0,-0.010989189147949219,0,-0.0048847198486328125
17830434932,20318123,20303,20303,0,0,0,-0.5493669509887695,0,-0.010989189147949219,0,-0.0048847198486328125
17832464803,20319121,20305,20305,0,0,0,-0.5493669509887695,0,-0.01831531524658203,0,-0.0048847198486328125
17834494674,20321121,20306,20306,0,0,0,-0.5493669509887695,0,0.0036630630493164062,0,-0.0048847198486328125
17836524545,20323129,20308,20308,0,0,0,-0.5493669509887695,0,0.0036630630493164062,0,-0.014652252197265625
17838554416,20325133,20310,20310,0,0,0,-0.5493669509887695,0,0.0036630630493164062,0,-0.0048847198486328125
17840584287,20326122,20311,20311,0,0,0,-0.5493669509887695,0,-0.010989189147949219,0,-0.0048847198486328125
17842614158,20328121,20313,20313,0,0,0,-0.5493669509887695,0,-0.0036630630493164062,0,-0.0048847198486328125
17844644029,20329121,20314,20314,0,0,0,-0.5493669509887695,0,-0.0036630630493164062,0,-0.014652252197265625
17846673900,20331121,20316,20316,0,0,0,-0.5493669509887695,0,0.0036630630493164062,0,-0.014652252197265625
17848403735,20335133,20320,20320,0,0,0,-0.5493669509887695,0,-0.0036630630493164062,0,-0.0048847198486328125
17850133566,20337129,20322,20322,0,0,0,-0.5493669509887695,0,-0.0036630630493164062,0,-0.0048847198486328125
17851863397,20339127,20324,20324,0,0,0,-0.5493669509887695,0,-0.0036630630493164062,0,-0.0048847198486328125
17853593228,20340121,20325,20325,0,0,0,-0.5493669509887695,0,-0.0036630630493164062,0,-0.0048847198486328125
17855323059,20342121,20327,20327,0,0,0,-0.5493669509887695,0,-0.0036630630493164062,0,-0.0048847198486328125
17857052890,20343125,20328,20328,0,0,0,-0.5493669509887695,0,-0.0036630630493164062,0,-0.0048847198486328125
17858782721,20345129,20330,20330,0,0,0,-0.5493669509887695,0,0.0036630630493164062,0,-0.014652252197265625
17860512552,20346121,20331,20331,0,0,0,-0.5493669509887695,0,-0.010989189147949219,0,-0.0048847198486328125
17862242383,20348121,20333,20333,0,0,0,-0.5493669509887695,0,-0.0036630630493164062,0,-0.0048847198486328125
17863972214,20349121,20334,20334,0,0,0,-0.5493669509887695,0,-0.0036630630493164062,0,-0.0048847198486328125
17865702045,20350129,20335,20335,0,0,0,-0.5493669509887695,0,-0.010989189147949219,0,-0.0048847198486328125
17867431876,20352140,20337,20337,0,0,0,-0.5493669509887695,0,-0.0036630630493164062,0,-0.0048847198486328125
17869161707,20355131,20340,20340,0,0,0,-0.5493669509887695,0,0.0036630630493164062,0,-0.0048847198486328125
17870891538,20356121,20341,20341,0,0,0,-0.5493669509887695,0,-0.010989189147949219,0,-0.014652252197265625
17872621369,20357122,20342,20342,0,0,0,-0.5493669509887695,0,-0.0036630630493164062,0,-0.0048847198486328125
17874351200,20359125,20344,20344,0,0,0,-0.5493669509887695,0,0.0036630630493164062,0,-0.0048847198486328125
17876208430,20363123,20348,20348,0,0,0,-0.5493669509887695,0,-0.0036630630493164062,0,-0.0048847198486328125
17878065648,20364126,20349,20349,0,0,0,-0.5493669509887695,0,-0.0036630630493164062,0,-0.0048847198486328125
17879922866,20366135,20351,20351,0,0,0,-0.5493669509887695,0,-0.01831531524658203,0,-0.014652252197265625
17881780084,20367125,20352,20352,0,0,0,-0.5493669509887695,0,0.010989189147949219,0,-0.014652252197265625
17883637302,20369121,20354,20354,0,0,0,-0.5493669509887695,0,-0.010989189147949219,0,-0.014652252197265625
17885494520,20371121,20356,20356,0,0,0,-0.5493669509887695,0,0.0036630630493164062,0,-0.014652252197265625
17887351738,20372124,20357,20357,0,0,0,-0.5493669509887695,0,0.0036630630493164062,0,-0.0048847198486328125
17889208956,20374120,20359,20359,0,0,0,-0.5493669509887695,0,-0.0036630630493164062,0,-0.0048847198486328125
17891066174,20375129,20360,20360,0,0,0,-0.5493669509887695,0,0.0036630630493164062,0,-0.0048847198486328125
17892923392,20377121,20362,20362,0,0,0,-0.5493669509887695,0,-0.010989189147949219,0,-0.0048847198486328125
17894780610,20379129,20364,20364,0,0,0,-0.5493669509887695,0,-0.0036630630493164062,0,-0.0048847198486328125
17896637828,20380139,20365,20366,0,0,0,-0.5493669509887695,0,-0.0036630630493164062,0,-0.014652252197265625
17898495046,20382121,20367,20367,0,0,0,-0.5493669509887695,0,-0.01831531524658203,0,-0.014652252197265625
17900352264,20384122,20369,20369,0,0,0,-0.5493669509887695,0,-0.0036630630493164062,0,-0.014652252197265625
17902209482,20386121,20371,20371,0,0,0,-0.5493669509887695,0,-0.010989189147949219,0,-0.014652252197265625
17904066700,20388124,20373,20373,0,0,0,-0.5493669509887695,0,-0.0036630630493164062,0,-0.014652252197265625
17906143095,20394135,20379,20379,0,0,0,-0.5493669509887695,0,-0.0036630630493164062,0,-0.0048847198486328125
17908219482,20395133,20380,20380,0,0,0,-0.5493669509887695,0,-0.010989189147949219,0,-0.0048847198486328125
17910295869,20397123,20382,20382,0,0,0,-0.5493669509887695,0,-0.0036630630493164062,0,-0.0048847198486328125
17912372256,20400130,20385,20385,0,0,0,-0.5493669509887695,0,0.0036630630493164062,0,-0.014652252197265625
17914448643,20401127,20386,20386,0,0,0,-0.5493669509887695,0,-0.010989189147949219,0,-0.014652252197265625
17916525030,20403121,20388,20388,0,0,0,-0.5493669509887695,0,-0.0036630630493164062,0,-0.0048847198486328125
17918601417,20406121,20391,20391,0,0,0,-0.5493669509887695,0,-0.0036630630493164062,0,-0.0048847198486328125
17920677804,20408135,20393,20393,0,0,0,-0.5493669509887695,0,-0.010989189147949219,0,-0.0048847198486328125
17922754191,20409129,20394,20394,0,0,0,-0.5493669509887695,0,0.0036630630493164062,0,-0.0048847198486328125
17924830578,20411121,20396,20396,0,0,0,-0.5493669509887695,0,-0.0036630630493164062,0,-0.0048847198486328125
17926906965,20412121,20397,20397,0,0,0,-0.5493669509887695,0,-0.0036630630493164062,0,-0.0048847198486328125
17928983352,20416120,20401,20401,0,0,0,-0.5493669509887695,0,-0.0036630630493164062,0,-0.0048847198486328125
17931059739,20417125,20402,20402,0,0,0,-0.5493669509887695,0,-0.0036630630493164062,0,-0.0048847198486328125
17933136126,20419121,20404,20404,0,0,0,-0.5493669509887695,0,-0.010989189147949219,0,-0.0048847198486328125
17935212513,20420121,20405,20405,0,0,0,-0.5493669509887695,0,-0.0036630630493164062,0,-0.014652252197265625
17937288900,20422139,20407,20407,0,0,0,-0.5493669509887695,0,0.0036630630493164062,0,-0.014652252197265625
17939407876,20429121,20414,20414,0,0,0,-0.5493669509887695,0,-0.010989189147949219,0,-0.0048847198486328125
17941526842,20432121,20417,20417,0,0,0,-0.5493669509887695,0,-0.010989189147949219,0,-0.0048847198486328125
17943645808,20434123,20419,20419,0,0,0,-0.5493669509887695,0,-0.010989189147949219,0,-0.0048847198486328125
17945764774,20435141,20420,20420,0,0,0,-0.5493669509887695,0,-0.010989189147949219,0,-0.0048847198486328125
17947883740,20437125,20422,20422,0,0,0,-0.5493669509887695,0,0.0036630630493164062,0,-0.0048847198486328125
17950002706,20439121,20424,20424,0,0,0,-0.5493669509887695,0,-0.010989189147949219,0,-0.0048847198486328125
17952121672,20440121,20425,20425,0,0,0,-0.5493669509887695,0,-0.0036630630493164062,0,-0.0048847198486328125
17954240638,20442122,20427,20427,0,0,0,-0.5493669509887695,0,-0.0036630630493164062,0,-0.0048847198486328125
17956359604,20444121,20429,20429,0,0,0,-0.5493669509887695,0,0.0036630630493164062,0,-0.0048847198486328125
17958478570,20445129,20430,20430,0,0,0,-0.5493669509887695,0,-0.0036630630493164062,0,-0.0048847198486328125
17960597536,20447121,20432,20432,0,0,0,-0.5493669509887695,0,-0.0036630630493164062,0,-0.014652252197265625
17962716502,20449129,20434,20434,0,0,0,-0.5493669509887695,0,0.0036630630493164062,0,-0.014652252197265625
17964835468,20451129,20436,20436,0,0,0,-0.5493669509887695,0,-0.010989189147949219,0,-0.0048847198486328125
17966954434,20452123,20437,20437,0,0,0,-0.5493669509887695,0,-0.0036630630493164062,0,-0.0048847198486328125
17969073400,20454121,20439,20439,0,0,0,-0.5493669509887695,0,-0.0036630630493164062,0,-0.014652252197265625
17970734995,20457121,20442,20442,0,0,0,-0.5493669509887695,0,0.0036630630493164062,0,-0.014652252197265625
17972396582,20460122,20445,20445,0,0,0,-0.5493669509887695,0,-0.0036630630493164062,0,-0.0048847198486328125
17974058169,20462121,20447,20447,0,0,0,-0.5493669509887695,0,0.0036630630493164062,0,-0.0048847198486328125
17975719756,20463130,20448,20448,0,0,0,-0.5493669509887695,0,-0.0036630630493164062,0,-0.0048847198486328125
17977381343,20465133,20450,20450,0,0,0,-0.5493669509887695,0,-0.0036630630493164062,0,-0.014652252197265625
17979042930,20466121,20451,20451,0,0,0,-0.5493669509887695,0,-0.0036630630493164062,0,-0.014652252197265625
17980704517,20467125,20452,20453,0,0,0,-0.5493669509887695,0,0.0036630630493164062,0,-0.014652252197265625
17982366104,20469121,20454,20454,0,0,0,-0.5493669509887695,0,0.0036630630493164062,0,-0.0048847198486328125
17984027691,20470121,20455,20455,0,0,0,-0.5493669509887695,0,0.010989189147949219,0,-0.0048847198486328125
17985689278,20472121,20457,20457,0,0,0,-0.5493669509887695,0,-0.010989189147949219,0,-0.014652252197265625
17987350865,20473121,20458,20458,0,0,0,-0.5493669509887695,0,-0.010989189147949219,0,-0.0048847198486328125
17989012452,20475133,20460,20460,0,0,0,-0.5493669509887695,0,-0.010989189147949219,0,-0.0048847198486328125
17990674039,20476120,20461,20461,0,0,0,-0.5493669509887695,0,-0.0036630630493164062,0,-0.0048847198486328125
17992335626,20477129,20462,20463,0,0,0,-0.5493669509887695,0,-0.010989189147949219,0,-0.0048847198486328125
17993997213,20479127,20464,20464,0,0,0,-0.5493669509887695,0,-0.0036630630493164062,0,-0.0048847198486328125
17995658800,20480124,20465,20465,0,0,0,-0.5493669509887695,0,0.0036630630493164062,0,-0.0048847198486328125
17997292370,20484122,20469,20469,0,0,0,-0.5493669509887695,0,-0.0036630630493164062,0,-0.014652252197265625
17998925932,20485129,20470,20470,0,0,0,-0.5493669509887695,0,-0.0036630630493164062,0,-0.014652252197265625
18000559494,20487121,20472,20472,0,0,0,-0.5493669509887695,0,-0.0036630630493164062,0,-0.014652252197265625
18002193056,20488124,20473,20473,0,0,0,-0.5493669509887695,0,-0.010989189147949219,0,-0.0048847198486328125
18003826618,20490120,20475,20475,0,0,0,-0.5493669509887695,0,-0.010989189147949219,0,-0.0048847198486328125
18005460180,20491129,20476,20476,0,0,0,-0.5493669509887695,0,-0.0036630630493164062,0,-0.0048847198486328125
18007093742,20492138,20477,20478,0,0,0,-0.5493669509887695,0,0.0036630630493164062,0,-0.014652252197265625
18008727304,20494121,20479,20479,0,0,0,-0.5493669509887695,0,-0.010989189147949219,0,-0.014652252197265625
18010360866,20495129,20480,20480,0,0,0,-0.5493669509887695,0,-0.010989189147949219,0,-0.0048847198486328125
18011994428,20496125,20481,20481,0,0,0,-0.5493669509887695,0,-0.0036630630493164062,0,-0.0048847198486328125
18013627990,20498121,20483,20483,0,0,0,-0.5493669509887695,0,0.010989189147949219,0,-0.0048847198486328125
18015261552,20499121,20484,20484,0,0,0,-0.5493669509887695,0,-0.010989189147949219,0,-0.0048847198486328125
18016895114,20501123,20487,20487,0,0,0,-0.5493669509887695,0,-0.0036630630493164062,0,-0.0048847198486328125
18018528676,20503121,20488,20488,0,0,0,-0.5493669509887695,0,-0.0036630630493164062,0,-0.0048847198486328125
18020162238,20505139,20490,20490,0,0,0,-0.5493669509887695,0,-0.0036630630493164062,0,-0.0048847198486328125
18021795800,20507125,20492,20492,0,0,0,-0.5493669509887695,0,-0.010989189147949219,0,-0.0048847198486328125
18023171220,20510121,20495,20495,0,0,0,-0.5493669509887695,0,-0.0036630630493164062,0,-0.014652252197265625
18024546632,20511121,20496,20496,0,0,0,-0.5493669509887695,0,-0.010989189147949219,0,-0.014652252197265625
18025922044,20512122,20497,20497,0,0,0,-0.5493669509887695,0,-0.010989189147949219,0,-0.014652252197265625
18027297456,20513123,20498,20498,0,0,0,-0.5493669509887695,0,0.0036630630493164062,0,-0.014652252197265625
18028672868,20514121,20499,20499,0,0,0,-0.5493669509887695,0,-0.010989189147949219,0,-0.014652252197265625
18030048280,20515129,20500,20501,0,0,0,-0.5493669509887695,0,-0.0036630630493164062,0,-0.014652252197265625
18031423692,20516121,20502,20502,0,0,0,-0.5493669509887695,0,-0.0036630630493164062,0,-0.014652252197265625
18032799104,20518121,20503,20503,0,0,0,-0.5493669509887695,0,-0.0036630630493164062,0,-0.014652252197265625
18034174516,20519129,20504,20504,0,0,0,-0.5493669509887695,0,-0.0036630630493164062,0,-0.014652252197265625
18035549928,20521127,20506,20506,0,0,0,-0.5493669509887695,0,-0.0036630630493164062,0,-0.0048847198486328125
18036925340,20523121,20508,20508,0,0,0,-0.5493669509887695,0,-0.0036630630493164062,0,-0.0048847198486328125
18038300752,20524120,20509,20509,0,0,0,-0.5493669509887695,0,0.010989189147949219,0,-0.014652252197265625
18039676164,20526120,20511,20511,0,0,0,-0.5493669509887695,0,-0.010989189147949219,0,-0.0048847198486328125
18041051576,20527121,20512,20512,0,0,0,-0.5493669509887695,0,-0.0036630630493164062,0,-0.0048847198486328125
18042426988,20528121,20513,20513,0,0,0,-0.5493669509887695,0,-0.01831531524658203,0,-0.0048847198486328125
18043802400,20529123,20514,20514,0,0,0,-0.5493669509887695,0,-0.010989189147949219,0,-0.0048847198486328125
18045264820,20534137,20519,20519,0,0,0,-0.5493669509887695,0,-0.010989189147949219,0,-0.0048847198486328125
18046727232,20535134,20520,20520,0,0,0,-0.5493669509887695,0,-0.010989189147949219,0,-0.0048847198486328125
18048189644,20536121,20521,20522,0,0,0,-0.5493669509887695,0,-0.01831531524658203,0,-0.0048847198486328125
18049652056,20538125,20523,20523,0,0,0,-0.5493669509887695,0,0.0036630630493164062,0,-0.0048847198486328125
18051114468,20539122,20524,20524,0,0,0,-0.5493669509887695,0,-0.010989189147949219,0,-0.0048847198486328125
18052576880,20540121,20525,20525,0,0,0,-0.5493669509887695,0,0.0036630630493164062,0,-0.0048847198486328125
18054039292,20541121,20526,20526,0,0,0,-0.5493669509887695,0,-0.0036630630493164062,0,-0.0048847198486328125
18055501704,20542122,20527,20527,0,0,0,-0.5493669509887695,0,-0.0036630630493164062,0,-0.0048847198486328125
18056964116,20543121,20528,20528,0,0,0,-0.5493669509887695,0,-0.0036630630493164062,0,-0.014652252197265625
18058426528,20544122,20529,20529,0,0,0,-0.5493669509887695,0,-0.0036630630493164062,0,-0.014652252197265625
18059888940,20546125,20531,20531,0,0,0,-0.5493669509887695,0,-0.010989189147949219,0,-0.014652252197265625
18061351352,20547129,20532,20532,0,0,0,-0.5493669509887695,0,-0.0036630630493164062,0,-0.014652252197265625
18062813764,20548135,20533,20533,0,0,0,-0.5493669509887695,0,0.0036630630493164062,0,-0.0048847198486328125
18064276176,20549125,20534,20534,0,0,0,-0.5493669509887695,0,0.0036630630493164062,0,-0.0048847198486328125
18065738588,20550131,20535,20535,0,0,0,-0.5493669509887695,0,0.0036630630493164062,0,-0.0048847198486328125
18067201000,20552123,20537,20537,0,0,0,-0.5493669509887695,0,-0.01831531524658203,0,-0.0048847198486328125
18068380435,20555129,20540,20540,0,0,0,-0.5493669509887695,0,-0.0036630630493164062,0,-0.0048847198486328125
18069578337,20556121,20541,20541,0,0,0,-0.5493669509887695,0,-0.0036630630493164062,0,-0.0048847198486328125
18070776239,20557121,20542,20542,0,0,0,-0.5493669509887695,0,-0.0036630630493164062,0,-0.0048847198486328125
18071974141,20558123,20543,20543,0,0,0,-0.5493669509887695,0,-0.010989189147949219,0,-0.014652252197265625
18073172043,20559121,20544,20544,0,0,0,-0.5493669509887695,0,-0.0036630630493164062,0,-0.014652252197265625
18074369945,20560121,20545,20545,0,0,0,-0.5493669509887695,0,-0.0036630630493164062,0,-0.0048847198486328125
18075567847,20561129,20546,20546,0,0,0,-0.5493669509887695,0,-0.01831531524658203,0,-0.014652252197265625
18076765749,20562139,20547,20547,0,0,0,-0.5493669509887695,0,-0.010989189147949219,0,-0.014652252197265625
18077963651,20563125,20548,20548,0,0,0,-0.5493669509887695,0,-0.0036630630493164062,0,-0.0048847198486328125
18079161553,20564122,20549,20549,0,0,0,-0.5493669509887695,0,-0.0036630630493164062,0,-0.014652252197265625
18080359455,20565130,20550,20550,0,0,0,-0.5493669509887695,0,-0.0036630630493164062,0,-0.014652252197265625
18081557357,20566122,20552,20552,0,0,0,-0.5493669509887695,0,-0.0036630630493164062,0,-0.014652252197265625
18082755259,20567125,20552,20552,0,0,0,-0.5493669509887695,0,-0.0036630630493164062,0,-0.0048847198486328125
18083953161,20568121,20553,20553,0,0,0,-0.5493669509887695,0,-0.0036630630493164062,0,-0.0048847198486328125
18085151063,20570121,20555,20555,0,0,0,-0.5493669509887695,0,-0.0036630630493164062,0,-0.0048847198486328125
18086348965,20571123,20556,20556,0,0,0,-0.5493669509887695,0,0.0036630630493164062,0,-0.0048847198486328125
18087546867,20573121,20558,20558,0,0,0,-0.5493669509887695,0,-0.0036630630493164062,0,-0.0048847198486328125
18088744769,20574121,20559,20559,0,0,0,-0.5493669509887695,0,-0.010989189147949219,0,-0.0048847198486328125
18089942671,20575141,20560,20560,0,0,0,-0.5497503280639648,0,-0.010989189147949219,0,-0.0048847198486328125
18091140573,20576136,20561,20561,0,0,0,-0.5493669509887695,0,-0.0036630630493164062,0,-0.0048847198486328125
18092338475,20577125,20563,20563,0,0,0,-0.5493669509887695,0,-0.0036630630493164062,0,-0.014652252197265625
18093536377,20579123,20564,20564,0,0,0,-0.5493669509887695,0,-0.0036630630493164062,0,-0.014652252197265625
18094734279,20580121,20565,20565,0,0,0,-0.5493669509887695,0,-0.010989189147949219,0,-0.014652252197265625
18095932181,20582120,20567,20567,0,0,0,-0.5493669509887695,0,-0.010989189147949219,0,-0.014652252197265625
18097130083,20583124,20568,20568,0,0,0,-0.5493669509887695,0,-0.010989189147949219,0,-0.024419784545898438
18098327985,20584121,20569,20569,0,0,0,-0.5493669509887695,0,0.0036630630493164062,0,-0.014652252197265625
18099525887,20585129,20570,20570,0,0,0,-0.5493669509887695,0,0.010989189147949219,0,-0.014652252197265625
18100723789,20586121,20571,20571,0,0,0,-0.5497503280639648,0,-0.01831531524658203,0,-0.014652252197265625
18101921691,20587123,20572,20573,0,0,0,-0.5493669509887695,0,-0.0036630630493164062,0,-0.014652252197265625
18103119593,20588121,20573,20573,0,0,0,-0.5493669509887695,0,-0.0036630630493164062,0,-0.014652252197265625
18104317495,20589130,20574,20575,0,0,0,-0.5493669509887695,0,-0.0036630630493164062,0,-0.014652252197265625
18105515397,20590135,20575,20575,0,0,0,-0.5493669509887695,0,-0.0036630630493164062,0,-0.014652252197265625
18107264630,20593121,20578,20578,0,0,0,-0.5493669509887695,0,-0.010989189147949219,0,-0.014652252197265625
18109013848,20595131,20580,20580,0,0,0,-0.5497503280639648,0,-0.01831531524658203,0,-0.0048847198486328125
18110763066,20596125,20581,20581,0,0,0,-0.5497503280639648,0,-0.025641441345214844,0,-0.0048847198486328125
18112512284,20598120,20583,20583,0,0,0,-0.5493669509887695,0,-0.0036630630493164062,0,-0.0048847198486328125
18114261502,20599121,20584,20585,0,0,0,-0.5493669509887695,0,-0.0036630630493164062,0,-0.0048847198486328125
18116010720,20601123,20586,20586,0,0,0,-0.5497503280639648,0,0.0036630630493164062,0,-0.0048847198486328125
18117759938,20603129,20588,20588,0,0,0,-0.5493669509887695,0,-0.0036630630493164062,0,-0.014652252197265625
18119509156,20605133,20590,20590,0,0,0,-0.5493669509887695,0,-0.0036630630493164062,0,-0.014652252197265625
18121258374,20607122,20592,20592,0,0,0,-0.5497503280639648,0,-0.010989189147949219,0,-0.014652252197265625
18123007592,20609121,20594,20594,0,0,0,-0.5497503280639648,0,-0.0036630630493164062,0,-0.014652252197265625
18124756810,20611121,20596,20596,0,0,0,-0.5497503280639648,0,-0.010989189147949219,0,-0.014652252197265625
18126506028,20613121,20598,20598,0,0,0,-0.5497503280639648,0,-0.0036630630493164062,0,-0.014652252197265625
18128255246,20614120,20599,20599,0,0,0,-0.5497503280639648,0,-0.0036630630493164062,0,-0.014652252197265625
18130004464,20615130,20600,20600,0,0,0,-0.5497503280639648,0,-0.0036630630493164062,0,-0.014652252197265625
18131753682,20617133,20602,20602,0,0,0,-0.5497503280639648,0,-0.0036630630493164062,0,-0.0048847198486328125
18133502900,20618135,20603,20603,0,0,0,-0.5497503280639648,0,-0.010989189147949219,0,-0.0048847198486328125
18135104205,20621121,20606,20606,0,0,0,-0.5497503280639648,0,-0.010989189147949219,0,-0.0048847198486328125
18136705498,20623121,20608,20608,0,0,0,-0.5497503280639648,0,-0.010989189147949219,0,-0.0048847198486328125
18138306791,20624122,20609,20609,0,0,0,-0.5497503280639648,0,-0.010989189147949219,0,-0.0048847198486328125
18139908084,20625133,20610,20610,0,0,0,-0.5497503280639648,0,-0.01831531524658203,0,-0.0048847198486328125
18141509377,20627121,20612,20612,0,0,0,-0.5497503280639648,0,-0.010989189147949219,0,-0.0048847198486328125
18143110670,20628121,20613,20613,0,0,0,-0.5497503280639648,0,-0.01831531524658203,0,-0.014652252197265625
18144711963,20630121,20615,20615,0,0,0,-0.5497503280639648,0,-0.0036630630493164062,0,-0.014652252197265625
18146313256,20631129,20616,20616,0,0,0,-0.5497503280639648,0,-0.01831531524658203,0,-0.014652252197265625
18147914549,20633129,20618,20618,0,0,0,-0.5497503280639648,0,-0.010989189147949219,0,-0.014652252197265625
18149515842,20634121,20619,20619,0,0,0,-0.5497503280639648,0,-0.01831531524658203,0,-0.014652252197265625
18151117135,20637123,20622,20622,0,0,0,-0.5497503280639648,0,-0.0036630630493164062,0,-0.014652252197265625
18152718428,20638121,20623,20623,0,0,0,-0.5497503280639648,0,-0.010989189147949219,0,-0.0048847198486328125
18154319721,20639122,20624,20624,0,0,0,-0.5497503280639648,0,-0.01831531524658203,0,-0.0048847198486328125
18155921014,20641125,20626,20626,0,0,0,-0.5497503280639648,0,-0.025641441345214844,0,-0.0048847198486328125
18157522307,20642121,20627,20627,0,0,0,-0.5497503280639648,0,-0.0036630630493164062,0,-0.0048847198486328125
18159123600,20643121,20629,20629,0,0,0,-0.5497503280639648,0,-0.010989189147949219,0,-0.0048847198486328125
18161102185,20650131,20635,20635,0,0,0,-0.5497503280639648,0,-0.010989189147949219,0,-0.0048847198486328125
18163080766,20652123,20637,20637,0,0,0,-0.5501337051391602,0,-0.01831531524658203,0,-0.0048847198486328125
18165059347,20654125,20639,20639,0,0,0,-0.5497503280639648,0,-0.0036630630493164062,0,-0.0048847198486328125
18167037928,20655129,20640,20640,0,0,0,-0.5501337051391602,0,-0.010989189147949219,0,-0.0048847198486328125
18169016509,20657121,20642,20642,0,0,0,-0.5501337051391602,0,-0.010989189147949219,0,-0.0048847198486328125
18170995090,20658123,20643,20643,0,0,0,-0.5501337051391602,0,-0.010989189147949219,0,-0.0048847198486328125
18172973671,20659129,20644,20644,0,0,0,-0.5501337051391602,0,-0.01831531524658203,0,0.0048847198486328125
18174952252,20661124,20646,20646,0,0,0,-0.5501337051391602,0,-0.01831531524658203,0,-0.0048847198486328125
18176930833,20662124,20647,20647,0,0,0,-0.5501337051391602,0,-0.025641441345214844,0,-0.0048847198486328125
18178909414,20664121,20649,20649,0,0,0,-0.5501337051391602,0,-0.01831531524658203,0,-0.014652252197265625
18180887995,20666123,20651,20651,0,0,0,-0.5501337051391602,0,-0.010989189147949219,0,-0.0048847198486328125
18182866576,20667121,20652,20653,0,0,0,-0.5501337051391602,0,-0.025641441345214844,0,-0.0048847198486328125
18184845157,20670124,20655,20655,0,0,0,-0.5505170822143555,0,-0.04029273986816406,0,-0.0048847198486328125
18186823738,20671121,20656,20656,0,0,0,-0.5505170822143555,0,-0.01831531524658203,0,-0.0048847198486328125
18188802319,20673129,20658,20658,0,0,0,-0.5501337051391602,0,-0.010989189147949219,0,-0.0048847198486328125
18190780900,20675137,20660,20660,0,0,0,-0.5505170822143555,0,-0.01831531524658203,0,-0.0048847198486328125
18192533720,20679121,20664,20664,0,0,0,-0.5505170822143555,0,-0.03296661376953125,0,0.0048847198486328125
18194286532,20681121,20666,20666,0,0,0,-0.5505170822143555,0,-0.03296661376953125,0,-0.0048847198486328125
18196039344,20683125,20668,20668,0,0,0,-0.5509004592895508,0,-0.03296661376953125,0,-0.0048847198486328125
18197792156,20684121,20669,20669,0,0,0,-0.5509004592895508,0,-0.05494499206542969,0,-0.0048847198486328125
18199544968,20685130,20670,20670,0,0,0,-0.5509004592895508,0,-0.05494499206542969,0,-0.0048847198486328125
18201297780,20689125,20674,20674,0,0,0,-0.5509004592895508,0,-0.047618865966796875,0,-0.0048847198486328125
18203050592,20691124,20676,20676,0,0,0,-0.5509004592895508,0,-0.025641441345214844,0,-0.0048847198486328125
18204803404,20692121,20677,20677,0,0,0,-0.5512838363647461,0,-0.03296661376953125,0,-0.0048847198486328125
18206556216,20694121,20679,20679,0,0,0,-0.5512838363647461,0,-0.025641441345214844,0,-0.0048847198486328125
18208309028,20695131,20680,20680,0,0,0,-0.5512838363647461,0,-0.04029273986816406,0,-0.0048847198486328125
18210061840,20696121,20681,20681,0,0,0,-0.5512838363647461,0,-0.04029273986816406,0,-0.0048847198486328125
18211814652,20697121,20682,20683,0,0,0,-0.5512838363647461,0,-0.04029273986816406,0,-0.0048847198486328125
18213567464,20699125,20684,20684,0,0,0,-0.5512838363647461,0,-0.04029273986816406,0,-0.0048847198486328125
18215320276,20700132,20685,20685,0,0,0,-0.5512838363647461,0,-0.025641441345214844,0,-0.0048847198486328125
18217073088,20701131,20686,20686,0,0,0,-0.5512838363647461,0,-0.03296661376953125,0,-0.0048847198486328125
18218825900,20703127,20688,20688,0,0,0,-0.5516681671142578,0,-0.03296661376953125,0,-0.014652252197265625
18220705160,20706121,20692,20692,0,0,0,-0.5516681671142578,0,-0.04029273986816406,0,-0.0048847198486328125
18222584416,20708120,20693,20693,0,0,0,-0.5516681671142578,0,-0.03296661376953125,0,-0.0048847198486328125
18224463672,20710121,20695,20695,0,0,0,-0.5516681671142578,0,-0.047618865966796875,0,-0.0048847198486328125
18226342928,20712124,20697,20697,0,0,0,-0.5516681671142578,0,-0.03296661376953125,0,-0.014652252197265625
18228222184,20713121,20699,20699,0,0,0,-0.5516681671142578,0,-0.04029273986816406,0,-0.014652252197265625
18230101440,20716137,20701,20701,0,0,0,-0.5520515441894531,0,-0.03296661376953125,0,-0.014652252197265625
18231980696,20719121,20704,20704,0,0,0,-0.5520515441894531,0,-0.025641441345214844,0,-0.014652252197265625
18233859952,20720124,20705,20705,0,0,0,-0.5520515441894531,0,-0.04029273986816406,0,-0.014652252197265625
18235739208,20721121,20706,20706,0,0,0,-0.5520515441894531,0,-0.03296661376953125,0,-0.0048847198486328125
18237618464,20723121,20708,20708,0,0,0,-0.5520515441894531,0,-0.025641441345214844,0,0.0048847198486328125
18239497720,20724123,20709,20709,0,0,0,-0.5520515441894531,0,-0.025641441345214844,0,-0.0048847198486328125
18241376976,20726121,20711,20712,0,0,0,-0.5520515441894531,0,-0.025641441345214844,0,-0.0048847198486328125
18243256232,20728124,20713,20713,0,0,0,-0.5520515441894531,0,-0.025641441345214844,0,-0.0048847198486328125
18245135488,20730135,20715,20715,0,0,0,-0.5520515441894531,0,-0.025641441345214844,0,-0.0048847198486328125
18247014744,20731125,20716,20716,0,0,0,-0.5524349212646484,0,-0.03296661376953125,0,-0.0048847198486328125
18248894000,20733125,20718,20718,0,0,0,-0.5524349212646484,0,-0.025641441345214844,0,-0.0048847198486328125
18250731260,20737121,20722,20722,0,0,0,-0.5524349212646484,0,-0.05494499206542969,0,0.014652252197265625
18252568516,20739121,20724,20724,0,0,0,-0.5528182983398438,0,-0.047618865966796875,0,0.0048847198486328125
18254405772,20741124,20726,20726,0,0,0,-0.5528182983398438,0,-0.04029273986816406,0,0.014652252197265625
18256243028,20742121,20727,20727,0,0,0,-0.5528182983398438,0,-0.06959724426269531,0,0.014652252197265625
18258080284,20744135,20729,20729,0,0,0,-0.5532016754150391,0,-0.07692337036132812,0,0.014652252197265625
18259917540,20745135,20730,20730,0,0,0,-0.5532016754150391,0,-0.07692337036132812,0,0.03418731689453125
18261754796,20747122,20732,20732,0,0,0,-0.5532016754150391,0,-0.09157466888427734,0,0.03418731689453125
18263592052,20750128,20735,20735,0,0,0,-0.5535850524902344,0,-0.1208791732788086,0,0.03418731689453125
18265429308,20751121,20736,20736,0,0,0,-0.5539684295654297,0,-0.11355304718017578,0,0.03418731689453125
18267266564,20753123,20738,20738,0,0,0,-0.5539684295654297,0,-0.1282052993774414,0,0.024419784545898438
18269103820,20754121,20739,20739,0,0,0,-0.554351806640625,0,-0.09890079498291016,0,-0.0048847198486328125
18270941076,20756120,20741,20741,0,0,0,-0.554351806640625,0,-0.10622692108154297,0,-0.024419784545898438
18272778332,20757133,20742,20742,0,0,0,-0.554351806640625,0,-0.08424949645996094,0,-0.043956756591796875
18274615588,20759125,20744,20744,0,0,0,-0.554351806640625,0,-0.07692337036132812,0,-0.043956756591796875
18276452844,20761122,20746,20746,0,0,0,-0.554351806640625,0,-0.0622711181640625,0,-0.05372428894042969
18278290100,20763121,20748,20748,0,0,0,-0.5547361373901367,0,-0.04029273986816406,0,-0.043956756591796875
18280367850,20769123,20754,20754,0,0,0,-0.5547361373901367,0,-0.03296661376953125,0,-0.0048847198486328125
18282445600,20771129,20756,20756,0,0,0,-0.5547361373901367,0,-0.047618865966796875,0,-0.0048847198486328125
18284523350,20773125,20758,20758,0,0,0,-0.555119514465332,0,-0.047618865966796875,0,-0.0048847198486328125
18286601100,20774123,20759,20759,0,0,0,-0.555119514465332,0,-0.05494499206542969,0,-0.0048847198486328125
18288678850,20776121,20761,20761,0,0,0,-0.555119514465332,0,-0.047618865966796875,0,-0.0048847198486328125
18290756600,20778125,20763,20763,0,0,0,-0.555119514465332,0,-0.0622711181640625,0,0.014652252197265625
18292834350,20780120,20765,20765,0,0,0,-0.5555028915405273,0,-0.06959724426269531,0,0.014652252197265625
18294912100,20781121,20766,20766,0,0,0,-0.5558862686157227,0,-0.09157466888427734,0,0.024419784545898438
18296989850,20783121,20768,20768,0,0,0,-0.5558862686157227,0,-0.09890079498291016,0,0.024419784545898438
18299067600,20785137,20770,20770,0,0,0,-0.556269645690918,0,-0.1208791732788086,0,0.043956756591796875
18301145350,20786139,20771,20771,0,0,0,-0.5566530227661133,0,-0.1282052993774414,0,0.043956756591796875
18303223100,20788121,20773,20773,0,0,0,-0.5566530227661133,0,-0.15018272399902344,0,0.043956756591796875
18305300850,20789121,20774,20775,0,0,0,-0.5570363998413086,0,-0.14285755157470703,0,0.024419784545898438
18307378600,20791125,20776,20776,0,0,0,-0.5570363998413086,0,-0.15750885009765625,0,0.014652252197265625
18309456350,20793121,20778,20778,0,0,0,-0.5574197769165039,0,-0.13553142547607422,0,-0.024419784545898438
18311534100,20796121,20781,20781,0,0,0,-0.5574197769165039,0,-0.06959724426269531,0,-0.0634918212890625
18313259255,20799133,20784,20784,0,0,0,-0.5574197769165039,0,-0.0622711181640625,0,-0.024419784545898438
18314984398,20801127,20786,20786,0,0,0,-0.5574197769165039,0,-0.06959724426269531,0,-0.024419784545898438
18316709541,20803123,20788,20788,0,0,0,-0.5578041076660156,0,-0.06959724426269531,0,-0.0048847198486328125
18318434684,20804120,20789,20789,0,0,0,-0.5578041076660156,0,-0.0622711181640625,0,-0.0048847198486328125
18320159827,20806120,20791,20791,0,0,0,-0.5578041076660156,0,-0.07692337036132812,0,0.0048847198486328125
18321884970,20807125,20792,20792,0,0,0,-0.5581874847412109,0,-0.08424949645996094,0,0.0048847198486328125
18323610113,20808121,20793,20793,0,0,0,-0.5581874847412109,0,-0.08424949645996094,0,0.014652252197265625
18325335256,20810121,20795,20795,0,0,0,-0.5581874847412109,0,-0.08424949645996094,0,0.014652252197265625
18327060399,20811123,20796,20796,0,0,0,-0.5585708618164062,0,-0.11355304718017578,0,0.024419784545898438
18328785542,20813129,20798,20798,0,0,0,-0.5589542388916016,0,-0.1794872283935547,0,0.043956756591796875
18330510685,20815137,20800,20800,0,0,0,-0.5593376159667969,0,-0.16483497619628906,0,0.0634918212890625
18332235828,20817121,20802,20802,0,0,0,-0.5597209930419922,0,-0.16483497619628906,0,0.05372428894042969
18333960971,20819123,20804,20804,0,0,0,-0.5601043701171875,0,-0.15750885009765625,0,0.024419784545898438
18335686114,20820124,20805,20805,0,0,0,-0.5601043701171875,0,-0.15018272399902344,0,-0.0048847198486328125
18337411257,20822121,20807,20807,0,0,0,-0.5601043701171875,0,-0.1208791732788086,0,-0.043956756591796875
18339136400,20823125,20808,20808,0,0,0,-0.5601043701171875,0,-0.06959724426269531,0,-0.07325935363769531
18341011195,20828139,20813,20813,0,0,0,-0.5604877471923828,0,-0.07692337036132812,0,-0.014652252197265625
18342885982,20829125,20814,20814,0,0,0,-0.5604877471923828,0,-0.08424949645996094,0,0.0048847198486328125
18344760769,20831121,20816,20816,0,0,0,-0.5608720779418945,0,-0.09890079498291016,0,0.014652252197265625
18346635556,20832124,20817,20817,0,0,0,-0.5608720779418945,0,-0.09890079498291016,0,0.024419784545898438
18348510343,20834121,20820,20820,0,0,0,-0.5612554550170898,0,-0.14285755157470703,0,0.03418731689453125
18350385130,20837121,20822,20822,0,0,0,-0.5616388320922852,0,-0.15018272399902344,0,0.043956756591796875
18352259917,20838121,20823,20823,0,0,0,-0.5620222091674805,0,-0.1868133544921875,0,0.043956756591796875
18354134704,20840123,20825,20825,0,0,0,-0.5624055862426758,0,-0.1941394805908203,0,0.043956756591796875
18356009491,20841133,20826,20826,0,0,0,-0.5627889633178711,0,-0.17216110229492188,0,0.0048847198486328125
18357884278,20843125,20828,20828,0,0,0,-0.5627889633178711,0,-0.16483497619628906,0,-0.024419784545898438
18359759065,20845131,20830,20830,0,0,0,-0.5627889633178711,0,-0.11355304718017578,0,-0.0634918212890625
18361633852,20846121,20832,20832,0,0,0,-0.5631723403930664,0,-0.09890079498291016,0,-0.0634918212890625
18363508639,20848122,20833,20833,0,0,0,-0.5631723403930664,0,-0.09890079498291016,0,-0.043956756591796875
18365383426,20850129,20835,20835,0,0,0,-0.5631723403930664,0,-0.09157466888427734,0,-0.024419784545898438
18367258213,20852127,20837,20837,0,0,0,-0.5635557174682617,0,-0.10622692108154297,0,-0.0048847198486328125
18369133000,20853123,20838,20838,0,0,0,-0.5635557174682617,0,-0.11355304718017578,0,0.0048847198486328125
18370954700,20857129,20842,20842,0,0,0,-0.5647068023681641,0,-0.16483497619628906,0,0.043956756591796875
18372776400,20859121,20844,20844,0,0,0,-0.5650901794433594,0,-0.1941394805908203,0,0.05372428894042969
18374598100,20860121,20845,20845,0,0,0,-0.5654735565185547,0,-0.20879077911376953,0,0.05372428894042969
18376419800,20862120,20847,20847,0,0,0,-0.5654735565185547,0,-0.1941394805908203,0,0.03418731689453125
18378241500,20864122,20849,20849,0,0,0,-0.5654735565185547,0,-0.17216110229492188,0,-0.014652252197265625
18380063200,20865133,20850,20850,0,0,0,-0.56585693359375,0,-0.14285755157470703,0,-0.0634918212890625
18381884900,20867121,20852,20852,0,0,0,-0.56585693359375,0,-0.1208791732788086,0,-0.0634918212890625
18383706600,20869130,20854,20854,0,0,0,-0.56585693359375,0,-0.09890079498291016,0,-0.043956756591796875
18385528300,20871125,20856,20856,0,0,0,-0.5662403106689453,0,-0.09890079498291016,0,-0.0048847198486328125
18387350000,20872121,20857,20857,0,0,0,-0.5662403106689453,0,-0.1208791732788086,0,0.024419784545898438
18389171700,20874120,20859,20859,0,0,0,-0.5670080184936523,0,-0.15018272399902344,0,0.024419784545898438
18390993400,20876121,20861,20861,0,0,0,-0.5673913955688477,0,-0.1868133544921875,0,0.024419784545898438
18392815100,20877123,20862,20862,0,0,0,-0.5673913955688477,0,-0.1941394805908203,0,0.03418731689453125
18394636800,20879122,20864,20864,0,0,0,-0.5681581497192383,0,-0.20146560668945312,0,0.024419784545898438
18396458500,20881125,20866,20866,0,0,0,-0.5681581497192383,0,-0.1794872283935547,0,0.014652252197265625
18398280200,20883129,20868,20868,0,0,0,-0.5685415267944336,0,-0.15018272399902344,0,-0.024419784545898438
18400096035,20889121,20874,20874,0,0,0,-0.5689249038696289,0,-0.1282052993774414,0,-0.024419784545898438
18401911866,20890123,20875,20875,0,0,0,-0.5689249038696289,0,-0.1282052993774414,0,-0.014652252197265625
18403727697,20891121,20876,20876,0,0,0,-0.5693082809448242,0,-0.11355304718017578,0,-0.014652252197265625
18405543528,20892121,20877,20877,0,0,0,-0.5693082809448242,0,-0.13553142547607422,0,0.0048847198486328125
18407359359,20893121,20878,20878,0,0,0,-0.5696916580200195,0,-0.15750885009765625,0,0.014652252197265625
18409175190,20894125,20879,20879,0,0,0,-0.5700759887695312,0,-0.17216110229492188,0,0.043956756591796875
18410991021,20896122,20881,20881,0,0,0,-0.5704593658447266,0,-0.20146560668945312,0,0.043956756591796875
18412806852,20897129,20882,20882,0,0,0,-0.5708427429199219,0,-0.21611690521240234,0,0.05372428894042969
18414622683,20898137,20883,20883,0,0,0,-0.5708427429199219,0,-0.20879077911376953,0,0.03418731689453125
18416438514,20900130,20885,20885,0,0,0,-0.5712261199951172,0,-0.1794872283935547,0,0.0048847198486328125
18418254345,20901123,20886,20886,0,0,0,-0.5712261199951172,0,-0.17216110229492188,0,-0.024419784545898438
18420070176,20903121,20888,20888,0,0,0,-0.5712261199951172,0,-0.14285755157470703,0,-0.08302879333496094
18421886007,20905130,20890,20890,0,0,0,-0.5716094970703125,0,-0.11355304718017578,0,-0.07325935363769531
18423701838,20906122,20891,20891,0,0,0,-0.5716094970703125,0,-0.11355304718017578,0,-0.03418731689453125
18425517669,20909121,20894,20894,0,0,0,-0.5719928741455078,0,-0.14285755157470703,0,-0.0048847198486328125
18427333500,20911131,20896,20896,0,0,0,-0.5727596282958984,0,-0.1794872283935547,0,0.024419784545898438
18429226945,20915133,20900,20900,0,0,0,-0.5735273361206055,0,-0.23809528350830078,0,0.014652252197265625
18431120382,20920121,20905,20905,0,0,0,-0.5739107131958008,0,-0.1282052993774414,0,-0.08302879333496094
18433013819,20922120,20907,20907,0,0,0,-0.5742940902709961,0,-0.09890079498291016,0,-0.0634918212890625
18434907256,20924121,20909,20909,0,0,0,-0.5742940902709961,0,-0.10622692108154297,0,-0.03418731689453125
18436800693,20925137,20910,20910,0,0,0,-0.5746774673461914,0,-0.1208791732788086,0,-0.024419784545898438
18438694130,20926135,20911,20911,0,0,0,-0.5750608444213867,0,-0.15018272399902344,0,0.0048847198486328125
18440587567,20928125,20913,20913,0,0,0,-0.5750608444213867,0,-0.16483497619628906,0,0.0048847198486328125
18442481004,20929121,20914,20914,0,0,0,-0.575444221496582,0,-0.1941394805908203,0,0.014652252197265625
18444374441,20930121,20915,20915,0,0,0,-0.5758275985717773,0,-0.1868133544921875,0,0.043956756591796875
18446267878,20932123,20917,20917,0,0,0,-0.5762119293212891,0,-0.21611690521240234,0,0.043956756591796875
18448161315,20933121,20918,20918,0,0,0,-0.5765953063964844,0,-0.20879077911376953,0,0.024419784545898438
18450054752,20935131,20920,20920,0,0,0,-0.5765953063964844,0,-0.16483497619628906,0,-0.014652252197265625
18451948189,20937121,20922,20922,0,0,0,-0.5765953063964844,0,-0.14285755157470703,0,-0.03418731689453125
18453841626,20939133,20924,20924,0,0,0,-0.5769786834716797,0,-0.11355304718017578,0,-0.05372428894042969
18455735063,20940137,20925,20925,0,0,0,-0.5769786834716797,0,-0.11355304718017578,0,-0.043956756591796875
18457628500,20942121,20927,20927,0,0,0,-0.577362060546875,0,-0.11355304718017578,0,-0.024419784545898438
18459605975,20946121,20931,20931,0,0,0,-0.5781288146972656,0,-0.1794872283935547,0,0.024419784545898438
18461583450,20948123,20934,20934,0,0,0,-0.5785121917724609,0,-0.1941394805908203,0,0.043956756591796875
18463560925,20950129,20935,20935,0,0,0,-0.5788955688476562,0,-0.20146560668945312,0,0.043956756591796875
18465538400,20953129,20938,20938,0,0,0,-0.579279899597168,0,-0.1794872283935547,0,0.0048847198486328125
18467515875,20955134,20940,20940,0,0,0,-0.579279899597168,0,-0.14285755157470703,0,-0.043956756591796875
18469493350,20956123,20941,20941,0,0,0,-0.5796632766723633,0,-0.1282052993774414,0,-0.07325935363769531
18471470825,20958121,20943,20943,0,0,0,-0.5796632766723633,0,-0.09890079498291016,0,-0.07325935363769531
18473448300,20959121,20944,20944,0,0,0,-0.5796632766723633,0,-0.10622692108154297,0,-0.05372428894042969
18475425775,20961123,20946,20946,0,0,0,-0.5800466537475586,0,-0.1208791732788086,0,-0.043956756591796875
18477403250,20963121,20948,20948,0,0,0,-0.5804300308227539,0,-0.14285755157470703,0,-0.0048847198486328125
18479380725,20965133,20950,20950,0,0,0,-0.5808134078979492,0,-0.15750885009765625,0,0.0048847198486328125
18481358200,20966121,20951,20951,0,0,0,-0.5811967849731445,0,-0.16483497619628906,0,0.014652252197265625
18483335675,20968139,20953,20953,0,0,0,-0.5811967849731445,0,-0.16483497619628906,0,0.024419784545898438
18485313150,20970121,20955,20955,0,0,0,-0.5815801620483398,0,-0.20146560668945312,0,0.024419784545898438
18487290625,20972122,20957,20957,0,0,0,-0.5819635391235352,0,-0.17216110229492188,0,0.0048847198486328125
18489268100,20973125,20958,20959,0,0,0,-0.5819635391235352,0,-0.14285755157470703,0,-0.03418731689453125
18491031745,20977123,20962,20962,0,0,0,-0.5823478698730469,0,-0.11355304718017578,0,-0.0634918212890625
18492795382,20979121,20964,20964,0,0,0,-0.5823478698730469,0,-0.09890079498291016,0,-0.05372428894042969
18494559019,20980121,20965,20965,0,0,0,-0.5823478698730469,0,-0.09157466888427734,0,-0.03418731689453125
18496322656,20982135,20967,20967,0,0,0,-0.5827312469482422,0,-0.09890079498291016,0,-0.024419784545898438
18498086293,20983124,20968,20968,0,0,0,-0.5831146240234375,0,-0.11355304718017578,0,-0.014652252197265625
18499849930,20985131,20970,20970,0,0,0,-0.5831146240234375,0,-0.1282052993774414,0,-0.0048847198486328125
18501613567,20987121,20972,20972,0,0,0,-0.5834980010986328,0,-0.13553142547607422,0,0.0048847198486328125
18503377204,20988120,20973,20973,0,0,0,-0.5838813781738281,0,-0.15750885009765625,0,0.014652252197265625
18505140841,20990122,20975,20975,0,0,0,-0.5838813781738281,0,-0.15018272399902344,0,0.024419784545898438
18506904478,20991121,20977,20977,0,0,0,-0.5846481323242188,0,-0.1794872283935547,0,0.024419784545898438
18508668115,20993122,20978,20978,0,0,0,-0.5846481323242188,0,-0.16483497619628906,0,0.0048847198486328125
18510431752,20995138,20980,20980,0,0,0,-0.5846481323242188,0,-0.15018272399902344,0,-0.014652252197265625
18512195389,20996136,20981,20981,0,0,0,-0.5850315093994141,0,-0.11355304718017578,0,-0.05372428894042969
18513959026,20998123,20983,20983,0,0,0,-0.5850315093994141,0,-0.09890079498291016,0,-0.07325935363769531
18515722663,21000130,20985,20985,0,0,0,-0.5850315093994141,0,-0.08424949645996094,0,-0.07325935363769531
18517486300,21001125,20986,20987,0,0,0,-0.5850315093994141,0,-0.07692337036132812,0,-0.05372428894042969
18519439420,21009129,20994,20994,0,0,0,-0.5857992172241211,0,-0.09890079498291016,0,-0.03418731689453125
18521392532,21011125,20996,20996,0,0,0,-0.5861825942993164,0,-0.08424949645996094,0,-0.024419784545898438
18523345644,21012122,20997,20997,0,0,0,-0.5861825942993164,0,-0.09890079498291016,0,-0.014652252197265625
18525298756,21014123,20999,20999,0,0,0,-0.5865659713745117,0,-0.1208791732788086,0,-0.0048847198486328125
18527251868,21015133,21000,21000,0,0,0,-0.5865659713745117,0,-0.11355304718017578,0,0.0048847198486328125
18529204980,21017121,21002,21002,0,0,0,-0.586949348449707,0,-0.1282052993774414,0,0.014652252197265625
18531158092,21018125,21003,21003,0,0,0,-0.586949348449707,0,-0.1282052993774414,0,0.014652252197265625
18533111204,21020121,21005,21005,0,0,0,-0.5873327255249023,0,-0.14285755157470703,0,0.0048847198486328125
18535064316,21022122,21007,21007,0,0,0,-0.5873327255249023,0,-0.09157466888427734,0,-0.014652252197265625
18537017428,21024135,21009,21009,0,0,0,-0.5873327255249023,0,-0.09157466888427734,0,-0.043956756591796875
18538970540,21026124,21011,21011,0,0,0,-0.5873327255249023,0,-0.06959724426269531,0,-0.05372428894042969
18540923652,21027123,21012,21012,0,0,0,-0.5873327255249023,0,-0.05494499206542969,0,-0.05372428894042969
18542876764,21029121,21014,21014,0,0,0,-0.5877161026000977,0,-0.06959724426269531,0,-0.043956756591796875
18544829876,21030122,21015,21015,0,0,0,-0.5877161026000977,0,-0.05494499206542969,0,-0.03418731689453125
18546782988,21032122,21017,21017,0,0,0,-0.5877161026000977,0,-0.0622711181640625,0,-0.03418731689453125
18548736100,21033121,21018,21018,0,0,0,-0.5877161026000977,0,-0.05494499206542969,0,-0.03418731689453125
18550599575,21037129,21022,21022,0,0,0,-0.588099479675293,0,-0.05494499206542969,0,-0.03418731689453125
18552463050,21039128,21024,21024,0,0,0,-0.588099479675293,0,-0.047618865966796875,0,-0.03418731689453125
18554326525,21041121,21026,21026,0,0,0,-0.588099479675293,0,-0.04029273986816406,0,-0.03418731689453125
18556190000,21043123,21028,21028,0,0,0,-0.588099479675293,0,-0.04029273986816406,0,-0.03418731689453125
18558053475,21044125,21029,21029,0,0,0,-0.588099479675293,0,-0.03296661376953125,0,-0.043956756591796875
18559916950,21046120,21031,21031,0,0,0,-0.588099479675293,0,-0.047618865966796875,0,-0.03418731689453125
18561780425,21047125,21032,21032,0,0,0,-0.588099479675293,0,-0.047618865966796875,0,-0.03418731689453125
18563643900,21049121,21034,21034,0,0,0,-0.5884838104248047,0,-0.03296661376953125,0,-0.024419784545898438
18565507375,21051130,21036,21036,0,0,0,-0.5884838104248047,0,-0.03296661376953125,0,-0.024419784545898438
18567370850,21053125,21038,21038,0,0,0,-0.5884838104248047,0,-0.047618865966796875,0,-0.03418731689453125
18569234325,21055133,21040,21040,0,0,0,-0.5884838104248047,0,-0.04029273986816406,0,-0.03418731689453125
18571097800,21057121,21042,21042,0,0,0,-0.5884838104248047,0,-0.025641441345214844,0,-0.03418731689453125
18572961275,21058121,21043,21043,0,0,0,-0.5884838104248047,0,-0.025641441345214844,0,-0.03418731689453125
18574824750,21060125,21045,21045,0,0,0,-0.5884838104248047,0,-0.010989189147949219,0,-0.03418731689453125
18576688225,21061121,21046,21046,0,0,0,-0.5884838104248047,0,-0.01831531524658203,0,-0.043956756591796875
18578551700,21063121,21048,21048,0,0,0,-0.5884838104248047,0,-0.01831531524658203,0,-0.03418731689453125
18580191325,21067125,21052,21052,0,0,0,-0.5888671875,0,-0.03296661376953125,0,-0.043956756591796875
18581830950,21068124,21054,21054,0,0,0,-0.5888671875,0,-0.010989189147949219,0,-0.043956756591796875
18583470575,21071121,21056,21056,0,0,0,-0.5884838104248047,0,-0.010989189147949219,0,-0.03418731689453125
18585110200,21072123,21057,21057,0,0,0,-0.5884838104248047,0,0.0036630630493164062,0,-0.03418731689453125
18586749825,21073125,21058,21058,0,0,0,-0.5884838104248047,0,-0.01831531524658203,0,-0.024419784545898438
18588389450,21074121,21059,21060,0,0,0,-0.5888671875,0,-0.0036630630493164062,0,-0.024419784545898438
18590029075,21076125,21061,21061,0,0,0,-0.5884838104248047,0,-0.01831531524658203,0,-0.024419784545898438
18591668700,21077123,21062,21062,0,0,0,-0.5888671875,0,0.0036630630493164062,0,-0.03418731689453125
18593308325,21078121,21063,21063,0,0,0,-0.5884838104248047,0,-0.0036630630493164062,0,-0.024419784545898438
18594947950,21080136,21065,21065,0,0,0,-0.5884838104248047,0,-0.0036630630493164062,0,-0.024419784545898438
18596587575,21081129,21066,21066,0,0,0,-0.5884838104248047,0,-0.010989189147949219,0,-0.024419784545898438
18598227200,21083121,21068,21068,0,0,0,-0.5884838104248047,0,-0.0036630630493164062,0,-0.014652252197265625
18599866825,21084125,21069,21069,0,0,0,-0.5884838104248047,0,0.01831531524658203,0,-0.014652252197265625
18601506450,21087121,21072,21072,0,0,0,-0.5884838104248047,0,0.0036630630493164062,0,-0.014652252197265625
18603146075,21088122,21073,21073,0,0,0,-0.5884838104248047,0,0.0036630630493164062,0,-0.014652252197265625
18604785700,21089125,21074,21074,0,0,0,-0.5884838104248047,0,0.0036630630493164062,0,-0.014652252197265625
18606625130,21093130,21078,21078,0,0,0,-0.5884838104248047,0,-0.010989189147949219,0,-0.014652252197265625
18608464548,21094135,21079,21080,0,0,0,-0.5884838104248047,0,-0.0036630630493164062,0,-0.014652252197265625
18610303966,21096121,21081,21081,0,0,0,-0.5884838104248047,0,-0.0036630630493164062,0,-0.014652252197265625
18612143384,21097125,21083,21083,0,0,0,-0.5884838104248047,0,-0.010989189147949219,0,-0.014652252197265625
18613982802,21099121,21084,21084,0,0,0,-0.5884838104248047,0,0.010989189147949219,0,-0.024419784545898438
18615822220,21101125,21086,21086,0,0,0,-0.5884838104248047,0,0.0036630630493164062,0,-0.024419784545898438
18617661638,21103121,21088,21088,0,0,0,-0.5884838104248047,0,-0.0036630630493164062,0,-0.014652252197265625
18619501056,21104120,21089,21089,0,0,0,-0.5884838104248047,0,-0.0036630630493164062,0,-0.014652252197265625
18621340474,21106122,21091,21091,0,0,0,-0.5884838104248047,0,0.0036630630493164062,0,-0.0048847198486328125
18623179892,21107129,21092,21092,0,0,0,-0.5884838104248047,0,0.010989189147949219,0,-0.0048847198486328125
18625019310,21109127,21094,21094,0,0,0,-0.5884838104248047,0,0.0036630630493164062,0,-0.014652252197265625
18626858728,21111122,21096,21096,0,0,0,-0.5884838104248047,0,0.0036630630493164062,0,-0.014652252197265625
18628698146,21113125,21098,21098,0,0,0,-0.5884838104248047,0,-0.0036630630493164062,0,-0.0048847198486328125
18630537564,21115129,21100,21100,0,0,0,-0.5884838104248047,0,-0.010989189147949219,0,-0.014652252197265625
18632376982,21116121,21101,21101,0,0,0,-0.5884838104248047,0,-0.025641441345214844,0,-0.014652252197265625
18634216400,21118125,21103,21103,0,0,0,-0.5884838104248047,0,-0.0036630630493164062,0,-0.014652252197265625
18636389675,21125129,21110,21110,0,0,0,-0.5884838104248047,0,-0.025641441345214844,0,-0.0048847198486328125
18638562950,21127121,21112,21112,0,0,0,-0.5884838104248047,0,-0.0036630630493164062,0,-0.014652252197265625
18640736225,21128121,21113,21113,0,0,0,-0.5884838104248047,0,-0.010989189147949219,0,-0.0048847198486328125
18642909500,21130122,21115,21115,0,0,0,-0.5884838104248047,0,-0.01831531524658203,0,-0.0048847198486328125
18645082775,21132121,21117,21117,0,0,0,-0.5884838104248047,0,-0.025641441345214844,0,-0.0048847198486328125
18647256050,21134124,21119,21119,0,0,0,-0.5884838104248047,0,-0.0036630630493164062,0,-0.0048847198486328125
18649429325,21136135,21121,21121,0,0,0,-0.5884838104248047,0,0.0036630630493164062,0,-0.014652252197265625
18651602600,21138122,21123,21123,0,0,0,-0.5884838104248047,0,0.01831531524658203,0,-0.014652252197265625
18653775875,21139125,21124,21125,0,0,0,-0.5884838104248047,0,0.010989189147949219,0,-0.014652252197265625
18655949150,21141121,21126,21126,0,0,0,-0.5884838104248047,0,-0.010989189147949219,0,-0.014652252197265625
18658122425,21143123,21128,21128,0,0,0,-0.5884838104248047,0,-0.01831531524658203,0,-0.014652252197265625
18660295700,21145130,21130,21130,0,0,0,-0.5884838104248047,0,0.0036630630493164062,0,-0.014652252197265625
18662468975,21147125,21132,21132,0,0,0,-0.5884838104248047,0,-0.01831531524658203,0,-0.014652252197265625
18664642250,21150143,21135,21135,0,0,0,-0.5884838104248047,0,0.0036630630493164062,0,-0.0048847198486328125
18666815525,21151127,21136,21136,0,0,0,-0.5884838104248047,0,-0.010989189147949219,0,-0.0048847198486328125
18668988800,21153121,21138,21138,0,0,0,-0.5884838104248047,0,-0.010989189147949219,0,-0.0048847198486328125
18670813285,21157121,21142,21142,0,0,0,-0.5884838104248047,0,-0.0036630630493164062,0,-0.0048847198486328125
18672637766,21159123,21144,21144,0,0,0,-0.5884838104248047,0,0.0036630630493164062,0,-0.0048847198486328125
18674462247,21161121,21146,21146,0,0,0,-0.5884838104248047,0,-0.010989189147949219,0,-0.0048847198486328125
18676286728,21162121,21147,21147,0,0,0,-0.5884838104248047,0,-0.010989189147949219,0,-0.0048847198486328125
18678111209,21164138,21149,21149,0,0,0,-0.5884838104248047,0,0.0036630630493164062,0,-0.0048847198486328125
18679935690,21166121,21151,21151,0,0,0,-0.5884838104248047,0,-0.0036630630493164062,0,-0.0048847198486328125
18681760171,21167123,21152,21152,0,0,0,-0.5884838104248047,0,-0.010989189147949219,0,-0.014652252197265625
18683584652,21169121,21154,21154,0,0,0,-0.5884838104248047,0,0.0036630630493164062,0,-0.0048847198486328125
18685409133,21171125,21156,21156,0,0,0,-0.5884838104248047,0,0.010989189147949219,0,-0.0048847198486328125
18687233614,21172123,21157,21157,0,0,0,-0.5884838104248047,0,0.0036630630493164062,0,-0.0048847198486328125
18689058095,21174121,21159,21159,0,0,0,-0.5884838104248047,0,-0.01831531524658203,0,0.0048847198486328125
18690882576,21176124,21161,21161,0,0,0,-0.5884838104248047,0,-0.010989189147949219,0,-0.0048847198486328125
18692707057,21177129,21162,21162,0,0,0,-0.5884838104248047,0,0.010989189147949219,0,-0.014652252197265625
18694531538,21179126,21164,21164,0,0,0,-0.5884838104248047,0,-0.0036630630493164062,0,-0.014652252197265625
18696356019,21180122,21165,21165,0,0,0,-0.5884838104248047,0,-0.0036630630493164062,0,-0.014652252197265625
18698180500,21182121,21167,21167,0,0,0,-0.5884838104248047,0,-0.0036630630493164062,0,-0.0048847198486328125
18700175070,21187121,21172,21172,0,0,0,-0.5884838104248047,0,0.010989189147949219,0,-0.0048847198486328125
18702169632,21189125,21174,21174,0,0,0,-0.5884838104248047,0,-0.010989189147949219,0,-0.014652252197265625
18704164194,21190121,21175,21175,0,0,0,-0.5884838104248047,0,-0.0036630630493164062,0,-0.0048847198486328125
18706158756,21192139,21177,21177,0,0,0,-0.5884838104248047,0,-0.0036630630493164062,0,-0.0048847198486328125
18708153318,21194121,21179,21179,0,0,0,-0.5884838104248047,0,-0.010989189147949219,0,-0.014652252197265625
18710147880,21195129,21180,21180,0,0,0,-0.5884838104248047,0,-0.010989189147949219,0,-0.0048847198486328125
18712142442,21197125,21182,21182,0,0,0,-0.5884838104248047,0,0.010989189147949219,0,-0.0048847198486328125
18714137004,21199121,21184,21184,0,0,0,-0.5884838104248047,0,-0.0036630630493164062,0,-0.0048847198486328125
18716131566,21201125,21186,21186,0,0,0,-0.5884838104248047,0,0.0036630630493164062,0,-0.0048847198486328125
18718126128,21203121,21188,21188,0,0,0,-0.5884838104248047,0,0.0036630630493164062,0,-0.0048847198486328125
18720120690,21205141,21190,21190,0,0,0,-0.5884838104248047,0,-0.0036630630493164062,0,-0.0048847198486328125
18722115252,21207125,21192,21192,0,0,0,-0.5884838104248047,0,-0.010989189147949219,0,-0.0048847198486328125
18724109814,21208121,21194,21194,0,0,0,-0.5884838104248047,0,0.010989189147949219,0,-0.0048847198486328125
18726104376,21211121,21196,21196,0,0,0,-0.5884838104248047,0,-0.01831531524658203,0,-0.0048847198486328125
18728098938,21212120,21197,21197,0,0,0,-0.5884838104248047,0,0.0036630630493164062,0,-0.014652252197265625
18730093500,21214121,21199,21199,0,0,0,-0.5884838104248047,0,-0.01831531524658203,0,-0.0048847198486328125
18732071825,21218125,21203,21203,0,0,0,-0.5884838104248047,0,-0.0036630630493164062,0,-0.014652252197265625
18734050150,21220135,21205,21205,0,0,0,-0.5884838104248047,0,0.0036630630493164062,0,-0.014652252197265625
18736028475,21224121,21209,21209,0,0,0,-0.5884838104248047,0,-0.0036630630493164062,0,-0.0048847198486328125
18738006800,21226125,21211,21211,0,0,0,-0.5884838104248047,0,-0.010989189147949219,0,-0.014652252197265625
18739985125,21228121,21213,21213,0,0,0,-0.5884838104248047,0,-0.010989189147949219,0,-0.014652252197265625
18741963450,21229125,21214,21214,0,0,0,-0.5884838104248047,0,-0.010989189147949219,0,-0.014652252197265625
18743941775,21231121,21216,21216,0,0,0,-0.5884838104248047,0,-0.010989189147949219,0,-0.014652252197265625
18745920100,21233130,21218,21218,0,0,0,-0.5884838104248047,0,-0.0036630630493164062,0,-0.0048847198486328125
18747898425,21234139,21219,21219,0,0,0,-0.5884838104248047,0,0.01831531524658203,0,-0.0048847198486328125
18749876750,21237121,21222,21222,0,0,0,-0.5884838104248047,0,-0.01831531524658203,0,-0.0048847198486328125
18751855075,21238122,21223,21223,0,0,0,-0.5884838104248047,0,-0.010989189147949219,0,-0.0048847198486328125
18753833400,21240121,21225,21225,0,0,0,-0.5884838104248047,0,0.0036630630493164062,0,0.0048847198486328125
18755811725,21241121,21226,21226,0,0,0,-0.5884838104248047,0,-0.0036630630493164062,0,0.0048847198486328125
18757790050,21243121,21228,21228,0,0,0,-0.5884838104248047,0,0.0036630630493164062,0,0.0048847198486328125
18759768375,21244121,21229,21229,0,0,0,-0.5884838104248047,0,-0.025641441345214844,0,-0.0048847198486328125
18761746700,21246122,21231,21231,0,0,0,-0.5884838104248047,0,-0.0036630630493164062,0,-0.0048847198486328125
18764343355,21253122,21238,21238,0,0,0,-0.5884838104248047,0,-0.010989189147949219,0,-0.014652252197265625
18766521853,21254122,21239,21239,0,0,0,-0.5884838104248047,0,0.0036630630493164062,0,-0.0048847198486328125
18768700351,21256121,21241,21241,0,0,0,-0.5884838104248047,0,-0.0036630630493164062,0,-0.0048847198486328125
18770878849,21258125,21243,21243,0,0,0,-0.5884838104248047,0,-0.010989189147949219,0,-0.014652252197265625
18773057347,21260121,21245,21245,0,0,0,-0.5884838104248047,0,-0.01831531524658203,0,-0.014652252197265625
18775235845,21262137,21247,21247,0,0,0,-0.5884838104248047,0,0.0036630630493164062,0,-0.014652252197265625
18777414343,21264122,21249,21249,0,0,0,-0.5884838104248047,0,0.01831531524658203,0,-0.014652252197265625
18779592841,21266121,21251,21251,0,0,0,-0.5884838104248047,0,-0.010989189147949219,0,-0.014652252197265625
18781771339,21275139,21260,21260,0,0,0,-0.5884838104248047,0,-0.010989189147949219,0,-0.0048847198486328125
18783949837,21276139,21261,21261,0,0,0,-0.5884838104248047,0,-0.010989189147949219,0,-0.014652252197265625
18786128335,21278120,21263,21263,0,0,0,-0.5884838104248047,0,-0.010989189147949219,0,-0.0048847198486328125
18788306833,21280122,21265,21265,0,0,0,-0.5884838104248047,0,0.025641441345214844,0,-0.0048847198486328125
18790485331,21282121,21267,21267,0,0,0,-0.5884838104248047,0,-0.0036630630493164062,0,-0.0048847198486328125
18792663829,21284124,21269,21269,0,0,0,-0.5884838104248047,0,-0.010989189147949219,0,-0.0048847198486328125
18794842327,21286121,21271,21271,0,0,0,-0.5884838104248047,0,-0.0036630630493164062,0,-0.0048847198486328125
18797020825,21288123,21273,21273,0,0,0,-0.5884838104248047,0,-0.010989189147949219,0,-0.0048847198486328125
18799199323,21292124,21277,21277,0,0,0,-0.5884838104248047,0,-0.01831531524658203,0,-0.014652252197265625
18801377821,21293121,21278,21278,0,0,0,-0.5884838104248047,0,-0.0036630630493164062,0,-0.0048847198486328125
18803556319,21294120,21280,21280,0,0,0,-0.5884838104248047,0,-0.010989189147949219,0,-0.0048847198486328125
18805734817,21297121,21282,21282,0,0,0,-0.5884838104248047,0,-0.010989189147949219,0,0.0048847198486328125
18807913315,21298121,21284,21284,0,0,0,-0.5884838104248047,0,0.0036630630493164062,0,-0.0048847198486328125
18810091813,21300135,21285,21285,0,0,0,-0.5884838104248047,0,0.010989189147949219,0,-0.0048847198486328125
18812270311,21302121,21287,21287,0,0,0,-0.5884838104248047,0,0.0036630630493164062,0,-0.0048847198486328125
18814448809,21303129,21288,21288,0,0,0,-0.5884838104248047,0,-0.010989189147949219,0,-0.0048847198486328125
18816627307,21305137,21290,21290,0,0,0,-0.5884838104248047,0,-0.0036630630493164062,0,-0.0048847198486328125
18818805805,21306121,21291,21292,0,0,0,-0.5884838104248047,0,-0.0036630630493164062,0,0.0048847198486328125
18820984303,21308124,21293,21293,0,0,0,-0.5884838104248047,0,-0.010989189147949219,0,0.0048847198486328125
18823162801,21309123,21294,21294,0,0,0,-0.5884838104248047,0,-0.0036630630493164062,0,-0.0048847198486328125
18825341299,21310120,21295,21295,0,0,0,-0.5884838104248047,0,-0.0036630630493164062,0,-0.014652252197265625
18827262305,21314121,21299,21299,0,0,0,-0.5884838104248047,0,0.01831531524658203,0,-0.014652252197265625
18829183298,21315129,21300,21300,0,0,0,-0.5884838104248047,0,0.0036630630493164062,0,-0.014652252197265625
18831104291,21317131,21302,21302,0,0,0,-0.5884838104248047,0,-0.010989189147949219,0,-0.0048847198486328125
18833025284,21319125,21304,21304,0,0,0,-0.5884838104248047,0,0.0036630630493164062,0,-0.014652252197265625
18834946277,21320122,21305,21305,0,0,0,-0.5884838104248047,0,-0.010989189147949219,0,-0.014652252197265625
18836867270,21322121,21307,21307,0,0,0,-0.5884838104248047,0,0.0036630630493164062,0,-0.0048847198486328125
18838788263,21324121,21309,21309,0,0,0,-0.5884838104248047,0,-0.0036630630493164062,0,-0.014652252197265625
18840709256,21325131,21310,21310,0,0,0,-0.5884838104248047,0,0.0036630630493164062,0,-0.014652252197265625
18842630249,21327121,21312,21312,0,0,0,-0.5884838104248047,0,-0.025641441345214844,0,-0.014652252197265625
18844551242,21329125,21314,21314,0,0,0,-0.5884838104248047,0,-0.0036630630493164062,0,-0.0048847198486328125
18846472235,21331128,21316,21316,0,0,0,-0.5884838104248047,0,0.0036630630493164062,0,-0.014652252197265625
18848393228,21333127,21318,21318,0,0,0,-0.5884838104248047,0,-0.010989189147949219,0,-0.0048847198486328125
18850314221,21335129,21320,21320,0,0,0,-0.5884838104248047,0,-0.0036630630493164062,0,-0.0048847198486328125
18852235214,21337125,21322,21322,0,0,0,-0.5884838104248047,0,-0.010989189147949219,0,-0.0048847198486328125
18854156207,21339121,21324,21324,0,0,0,-0.5884838104248047,0,-0.0036630630493164062,0,-0.0048847198486328125
18856077200,21340121,21325,21326,0,0,0,-0.5884838104248047,0,-0.0036630630493164062,0,-0.0048847198486328125
18858061060,21345141,21330,21330,0,0,0,-0.5884838104248047,0,-0.0036630630493164062,0,-0.0048847198486328125
18860044916,21347125,21332,21332,0,0,0,-0.5884838104248047,0,0.0036630630493164062,0,-0.0048847198486328125
18862028772,21348121,21333,21334,0,0,0,-0.5884838104248047,0,-0.01831531524658203,0,-0.0048847198486328125
18864012628,21351121,21336,21336,0,0,0,-0.5884838104248047,0,0.010989189147949219,0,-0.0048847198486328125
18865996484,21352123,21338,21338,0,0,0,-0.5884838104248047,0,-0.0036630630493164062,0,-0.014652252197265625
18867980340,21354122,21339,21339,0,0,0,-0.5884838104248047,0,-0.010989189147949219,0,-0.014652252197265625
18869964196,21356121,21341,21341,0,0,0,-0.5884838104248047,0,0.010989189147949219,0,-0.014652252197265625
18871948052,21358125,21343,21343,0,0,0,-0.5884838104248047,0,-0.0036630630493164062,0,-0.014652252197265625
18873931908,21360135,21345,21345,0,0,0,-0.5884838104248047,0,-0.01831531524658203,0,-0.014652252197265625
18875915764,21362122,21347,21347,0,0,0,-0.5884838104248047,0,0.0036630630493164062,0,-0.014652252197265625
18877899620,21363125,21348,21348,0,0,0,-0.5884838104248047,0,-0.010989189147949219,0,-0.014652252197265625
18879883476,21365129,21350,21350,0,0,0,-0.5884838104248047,0,-0.0036630630493164062,0,-0.014652252197265625
18881867332,21367123,21352,21352,0,0,0,-0.5884838104248047,0,-0.010989189147949219,0,-0.014652252197265625
18883851188,21369121,21354,21354,0,0,0,-0.5884838104248047,0,-0.01831531524658203,0,-0.014652252197265625
18885835044,21370122,21355,21355,0,0,0,-0.5884838104248047,0,0.0036630630493164062,0,-0.014652252197265625
18887818900,21372121,21357,21357,0,0,0,-0.5884838104248047,0,0.0036630630493164062,0,-0.014652252197265625
18889942510,21379125,21364,21364,0,0,0,-0.5884838104248047,0,-0.0036630630493164062,0,-0.0048847198486328125
18892066116,21380121,21365,21365,0,0,0,-0.5884838104248047,0,-0.0036630630493164062,0,-0.0048847198486328125
18894189722,21381121,21366,21366,0,0,0,-0.5884838104248047,0,-0.010989189147949219,0,-0.0048847198486328125
18896313328,21382121,21367,21367,0,0,0,-0.5884838104248047,0,-0.0036630630493164062,0,-0.0048847198486328125
18898436934,21384121,21369,21369,0,0,0,-0.5884838104248047,0,-0.0036630630493164062,0,-0.0048847198486328125
18900560540,21385129,21370,21370,0,0,0,-0.5884838104248047,0,-0.010989189147949219,0,-0.0048847198486328125
18902684146,21387132,21372,21372,0,0,0,-0.5884838104248047,0,-0.0036630630493164062,0,-0.0048847198486328125
18904807752,21388135,21374,21374,0,0,0,-0.5884838104248047,0,-0.0036630630493164062,0,-0.0048847198486328125
18906931358,21390121,21375,21375,0,0,0,-0.5884838104248047,0,0.0036630630493164062,0,-0.0048847198486328125
18909054964,21393121,21378,21378,0,0,0,-0.5884838104248047,0,-0.0036630630493164062,0,-0.0048847198486328125
18911178570,21395133,21380,21380,0,0,0,-0.5884838104248047,0,-0.0036630630493164062,0,-0.0048847198486328125
18913302176,21396124,21381,21381,0,0,0,-0.5884838104248047,0,0.0036630630493164062,0,-0.0048847198486328125
18915425782,21398121,21383,21383,0,0,0,-0.5884838104248047,0,0.0036630630493164062,0,-0.0048847198486328125
18917549388,21400134,21385,21385,0,0,0,-0.5884838104248047,0,0.0036630630493164062,0,-0.0048847198486328125
18919672994,21401132,21386,21386,0,0,0,-0.5884838104248047,0,0.0036630630493164062,0,-0.0048847198486328125
18921796600,21405129,21390,21390,0,0,0,-0.5884838104248047,0,-0.010989189147949219,0,-0.0048847198486328125
18923627320,21411121,21396,21396,0,0,0,-0.5884838104248047,0,-0.0036630630493164062,0,-0.014652252197265625
18925458032,21412123,21397,21397,0,0,0,-0.5884838104248047,0,-0.01831531524658203,0,-0.0048847198486328125
18927288744,21414121,21399,21399,0,0,0,-0.5884838104248047,0,0.0036630630493164062,0,-0.0048847198486328125
18929119456,21415137,21400,21400,0,0,0,-0.5884838104248047,0,-0.010989189147949219,0,-0.014652252197265625
18930950168,21416139,21401,21401,0,0,0,-0.5884838104248047,0,0.010989189147949219,0,-0.0048847198486328125
18932780880,21418120,21403,21403,0,0,0,-0.5884838104248047,0,-0.010989189147949219,0,-0.014652252197265625
18934611592,21422121,21407,21407,0,0,0,-0.5884838104248047,0,0.0036630630493164062,0,-0.0048847198486328125
18936442304,21423121,21408,21408,0,0,0,-0.5884838104248047,0,-0.0036630630493164062,0,-0.0048847198486328125
18938273016,21425132,21410,21410,0,0,0,-0.5884838104248047,0,-0.0036630630493164062,0,-0.0048847198486328125
18940103728,21426121,21411,21411,0,0,0,-0.5884838104248047,0,-0.010989189147949219,0,-0.014652252197265625
18941934440,21428123,21413,21413,0,0,0,-0.5884838104248047,0,-0.0036630630493164062,0,-0.014652252197265625
18943765152,21429133,21414,21414,0,0,0,-0.5884838104248047,0,0.0036630630493164062,0,-0.014652252197265625
18945595864,21430135,21415,21415,0,0,0,-0.5884838104248047,0,-0.01831531524658203,0,-0.014652252197265625
18947426576,21432123,21417,21417,0,0,0,-0.5884838104248047,0,-0.0036630630493164062,0,-0.014652252197265625
18949257288,21434120,21419,21419,0,0,0,-0.5884838104248047,0,-0.010989189147949219,0,-0.014652252197265625
18951088000,21435130,21420,21420,0,0,0,-0.5884838104248047,0,0.0036630630493164062,0,-0.0048847198486328125
18952982505,21439121,21424,21424,0,0,0,-0.5884838104248047,0,0.0036630630493164062,0,-0.0048847198486328125
18954876998,21441123,21426,21426,0,0,0,-0.5884838104248047,0,0.0036630630493164062,0,-0.0048847198486328125
18956771491,21443129,21428,21428,0,0,0,-0.5884838104248047,0,-0.010989189147949219,0,-0.0048847198486328125
18958665984,21445137,21430,21430,0,0,0,-0.5884838104248047,0,-0.0036630630493164062,0,-0.0048847198486328125
18960560477,21447121,21432,21432,0,0,0,-0.5884838104248047,0,0.0036630630493164062,0,-0.014652252197265625
18962454970,21449123,21434,21434,0,0,0,-0.5884838104248047,0,-0.0036630630493164062,0,-0.0048847198486328125
18964349463,21451121,21436,21436,0,0,0,-0.5884838104248047,0,-0.0036630630493164062,0,-0.014652252197265625
18966243956,21453124,21438,21438,0,0,0,-0.5884838104248047,0,0.01831531524658203,0,-0.0048847198486328125
18968138449,21454122,21439,21439,0,0,0,-0.5884838104248047,0,-0.010989189147949219,0,-0.0048847198486328125
18970032942,21456121,21441,21441,0,0,0,-0.5884838104248047,0,-0.010989189147949219,0,-0.014652252197265625
18971927435,21458138,21443,21443,0,0,0,-0.5884838104248047,0,0.0036630630493164062,0,-0.014652252197265625
18973821928,21459125,21444,21444,0,0,0,-0.5884838104248047,0,-0.0036630630493164062,0,-0.014652252197265625
18975716421,21461122,21446,21446,0,0,0,-0.5884838104248047,0,-0.0036630630493164062,0,-0.024419784545898438
18977610914,21462123,21447,21447,0,0,0,-0.5884838104248047,0,-0.0036630630493164062,0,-0.024419784545898438
18979505407,21465130,21450,21450,0,0,0,-0.5884838104248047,0,-0.0036630630493164062,0,-0.014652252197265625
18981399900,21466125,21451,21451,0,0,0,-0.5884838104248047,0,0.0036630630493164062,0,-0.014652252197265625
18984304655,21470123,21455,21455,0,0,0,-0.5884838104248047,0,0.010989189147949219,0,-0.014652252197265625
18986891010,21472135,21457,21457,0,0,0,-0.5884838104248047,0,-0.010989189147949219,0,-0.0048847198486328125
18989477365,21473125,21458,21459,0,0,0,-0.5884838104248047,0,-0.0036630630493164062,0,-0.0048847198486328125
18992063720,21475130,21460,21460,0,0,0,-0.5884838104248047,0,-0.0036630630493164062,0,-0.0048847198486328125
18994650075,21477121,21462,21463,0,0,0,-0.5884838104248047,0,0.0036630630493164062,0,-0.0048847198486328125
18997236430,21484120,21469,21469,0,0,0,-0.5884838104248047,0,-0.01831531524658203,0,-0.0048847198486328125
18999822785,21489121,21474,21475,0,0,0,-0.5884838104248047,0,0.010989189147949219,0,-0.014652252197265625
19002409140,21499131,21484,21484,0,0,0,-0.5884838104248047,0,-0.01831531524658203,0,-0.0048847198486328125
19004995495,21500145,21486,21486,0,0,0,-0.5884838104248047,0,-0.0036630630493164062,0,-0.0048847198486328125
19007581850,21502121,21487,21487,0,0,0,-0.5884838104248047,0,0.010989189147949219,0,-0.0048847198486328125
19010168205,21504121,21490,21490,0,0,0,-0.5884838104248047,0,0.010989189147949219,0,-0.014652252197265625
19012754560,21506121,21491,21491,0,0,0,-0.5884838104248047,0,-0.010989189147949219,0,-0.014652252197265625
19015340915,21507123,21492,21492,0,0,0,-0.5884838104248047,0,0.010989189147949219,0,-0.014652252197265625
19017927270,21509121,21494,21494,0,0,0,-0.5884838104248047,0,0.0036630630493164062,0,-0.0048847198486328125
19020513625,21511123,21496,21496,0,0,0,-0.5884838104248047,0,-0.0036630630493164062,0,-0.0048847198486328125
19023099980,21512124,21497,21497,0,0,0,-0.5884838104248047,0,-0.0036630630493164062,0,-0.0048847198486328125
19025686335,21521121,21506,21506,0,0,0,-0.5884838104248047,0,0.0036630630493164062,0,0.0048847198486328125
19028272690,21524125,21509,21509,0,0,0,-0.5884838104248047,0,-0.010989189147949219,0,0.0048847198486328125
19030859045,21525129,21510,21510,0,0,0,-0.5884838104248047,0,0.010989189147949219,0,0.0048847198486328125
19033445400,21526121,21511,21511,0,0,0,-0.5884838104248047,0,-0.0036630630493164062,0,-0.0048847198486328125
19036031755,21528138,21513,21513,0,0,0,-0.5884838104248047,0,0.010989189147949219,0,-0.014652252197265625
19038618110,21530121,21515,21515,0,0,0,-0.5884838104248047,0,-0.010989189147949219,0,-0.014652252197265625
19041204465,21531121,21516,21516,0,0,0,-0.5884838104248047,0,-0.01831531524658203,0,-0.014652252197265625
19043790820,21532125,21517,21517,0,0,0,-0.5884838104248047,0,0.0036630630493164062,0,-0.014652252197265625
19046377175,21533121,21518,21518,0,0,0,-0.5884838104248047,0,-0.0036630630493164062,0,-0.014652252197265625
19048963530,21535130,21520,21520,0,0,0,-0.5884838104248047,0,-0.010989189147949219,0,-0.024419784545898438
19051549885,21536123,21521,21521,0,0,0,-0.5884838104248047,0,0.0036630630493164062,0,-0.014652252197265625
19053020200,21541131,21526,21526,0,0,0,-0.5884838104248047,0,-0.0036630630493164062,0,-0.0048847198486328125
19054471345,21542135,21527,21527,0,0,0,-0.5884838104248047,0,-0.010989189147949219,0,-0.0048847198486328125
19055922490,21543125,21528,21528,0,0,0,-0.5884838104248047,0,-0.0036630630493164062,0,-0.014652252197265625
19057373635,21544123,21529,21529,0,0,0,-0.5884838104248047,0,0.0036630630493164062,0,-0.014652252197265625
19058824780,21545133,21530,21530,0,0,0,-0.5884838104248047,0,0.010989189147949219,0,-0.014652252197265625
19060275925,21547121,21532,21532,0,0,0,-0.5884838104248047,0,-0.01831531524658203,0,-0.0048847198486328125
19061727070,21548121,21533,21533,0,0,0,-0.5884838104248047,0,-0.010989189147949219,0,-0.0048847198486328125
19063178215,21549123,21534,21534,0,0,0,-0.5884838104248047,0,-0.010989189147949219,0,-0.0048847198486328125
19064629360,21550129,21535,21535,0,0,0,-0.5884838104248047,0,-0.010989189147949219,0,-0.0048847198486328125
19066080505,21551121,21536,21536,0,0,0,-0.5884838104248047,0,-0.0036630630493164062,0,-0.0048847198486328125
19067531650,21553125,21538,21538,0,0,0,-0.5884838104248047,0,0.0036630630493164062,0,-0.0048847198486328125
19068982795,21554121,21539,21539,0,0,0,-0.5884838104248047,0,0.0036630630493164062,0,-0.0048847198486328125
19070433940,21555137,21540,21540,0,0,0,-0.5884838104248047,0,-0.01831531524658203,0,-0.0048847198486328125
19071885085,21557127,21542,21542,0,0,0,-0.5884838104248047,0,-0.0036630630493164062,0,-0.014652252197265625
19073336230,21558121,21543,21543,0,0,0,-0.5884838104248047,0,-0.010989189147949219,0,-0.014652252197265625
19074787375,21560120,21545,21545,0,0,0,-0.5884838104248047,0,-0.0036630630493164062,0,-0.0048847198486328125
19076238520,21563121,21548,21548,0,0,0,-0.5884838104248047,0,0.010989189147949219,0,-0.014652252197265625
19077689665,21564122,21549,21549,0,0,0,-0.5884838104248047,0,-0.010989189147949219,0,-0.014652252197265625
19079140810,21566124,21551,21551,0,0,0,-0.5884838104248047,0,-0.025641441345214844,0,-0.014652252197265625
19080591955,21567121,21552,21552,0,0,0,-0.5884838104248047,0,-0.010989189147949219,0,-0.0048847198486328125
19082043100,21568121,21553,21553,0,0,0,-0.5884838104248047,0,0.0036630630493164062,0,-0.0048847198486328125
19083494245,21570137,21555,21555,0,0,0,-0.5884838104248047,0,-0.010989189147949219,0,-0.0048847198486328125
19084945390,21571125,21556,21556,0,0,0,-0.5884838104248047,0,0.0036630630493164062,0,-0.0048847198486328125
19086396535,21572121,21557,21558,0,0,0,-0.5884838104248047,0,0.0036630630493164062,0,-0.0048847198486328125
19087847680,21574124,21559,21559,0,0,0,-0.5884838104248047,0,0.0036630630493164062,0,-0.0048847198486328125
19089298825,21575129,21560,21560,0,0,0,-0.5884838104248047,0,0.0036630630493164062,0,-0.0048847198486328125
19090749970,21576121,21561,21561,0,0,0,-0.5884838104248047,0,-0.010989189147949219,0,-0.0048847198486328125
19092201115,21578123,21563,21563,0,0,0,-0.5884838104248047,0,0.010989189147949219,0,-0.014652252197265625
19093652260,21579121,21564,21564,0,0,0,-0.5884838104248047,0,-0.0036630630493164062,0,-0.0048847198486328125
19095103405,21580121,21565,21565,0,0,0,-0.5884838104248047,0,-0.0036630630493164062,0,-0.014652252197265625
19096554550,21581121,21566,21566,0,0,0,-0.5884838104248047,0,0.0036630630493164062,0,-0.0048847198486328125
19098005695,21583129,21568,21568,0,0,0,-0.5884838104248047,0,-0.0036630630493164062,0,-0.0048847198486328125
19099608580,21588121,21573,21573,0,0,0,-0.5884838104248047,0,-0.01831531524658203,0,-0.0048847198486328125
19101211448,21590125,21575,21575,0,0,0,-0.5884838104248047,0,0.0036630630493164062,0,-0.0048847198486328125
19102814316,21591121,21576,21576,0,0,0,-0.5884838104248047,0,-0.010989189147949219,0,-0.0048847198486328125
19104417184,21592121,21577,21577,0,0,0,-0.5884838104248047,0,-0.010989189147949219,0,-0.014652252197265625
19106020052,21594122,21579,21579,0,0,0,-0.5884838104248047,0,0.010989189147949219,0,-0.0048847198486328125
19107622920,21595133,21580,21580,0,0,0,-0.5884838104248047,0,-0.010989189147949219,0,-0.0048847198486328125
19109225788,21596122,21581,21581,0,0,0,-0.5884838104248047,0,-0.0036630630493164062,0,-0.0048847198486328125
19110828656,21597129,21582,21583,0,0,0,-0.5884838104248047,0,0.010989189147949219,0,-0.0048847198486328125
19112431524,21599128,21584,21584,0,0,0,-0.5884838104248047,0,-0.0036630630493164062,0,-0.014652252197265625
19114034392,21600130,21585,21585,0,0,0,-0.5884838104248047,0,-0.0036630630493164062,0,-0.014652252197265625
19115637260,21601124,21586,21586,0,0,0,-0.5884838104248047,0,-0.0036630630493164062,0,-0.014652252197265625
19117240128,21603125,21588,21588,0,0,0,-0.5884838104248047,0,-0.0036630630493164062,0,-0.014652252197265625
19118842996,21604121,21589,21589,0,0,0,-0.5884838104248047,0,0.01831531524658203,0,-0.0048847198486328125
19120445864,21606121,21591,21591,0,0,0,-0.5884838104248047,0,-0.010989189147949219,0,-0.0048847198486328125
19122048732,21607123,21592,21592,0,0,0,-0.5884838104248047,0,-0.010989189147949219,0,-0.014652252197265625
19123651600,21608121,21593,21593,0,0,0,-0.5884838104248047,0,-0.0036630630493164062,0,-0.014652252197265625
19125236535,21612135,21597,21597,0,0,0,-0.5884838104248047,0,-0.010989189147949219,0,-0.014652252197265625
19126821466,21613125,21598,21598,0,0,0,-0.5884838104248047,0,0.010989189147949219,0,-0.014652252197265625
19128406397,21615131,21600,21600,0,0,0,-0.5884838104248047,0,-0.0036630630493164062,0,-0.014652252197265625
19129991328,21616121,21601,21601,0,0,0,-0.5884838104248047,0,-0.0036630630493164062,0,-0.014652252197265625
19131576259,21617122,21602,21603,0,0,0,-0.5884838104248047,0,-0.0036630630493164062,0,-0.014652252197265625
19133161190,21620121,21605,21605,0,0,0,-0.5884838104248047,0,-0.010989189147949219,0,-0.0048847198486328125
19134746121,21621121,21606,21606,0,0,0,-0.5884838104248047,0,-0.0036630630493164062,0,-0.014652252197265625
19136331052,21622121,21607,21607,0,0,0,-0.5884838104248047,0,-0.0036630630493164062,0,-0.0048847198486328125
19137915983,21624124,21609,21609,0,0,0,-0.5884838104248047,0,-0.010989189147949219,0,-0.0048847198486328125
19139500914,21626135,21611,21611,0,0,0,-0.5884838104248047,0,-0.0036630630493164062,0,-0.014652252197265625
19141085845,21627125,21612,21612,0,0,0,-0.5884838104248047,0,0.0036630630493164062,0,-0.014652252197265625
19142670776,21628123,21613,21613,0,0,0,-0.5884838104248047,0,-0.0036630630493164062,0,-0.014652252197265625
19144255707,21630121,21615,21615,0,0,0,-0.5884838104248047,0,-0.010989189147949219,0,-0.014652252197265625
19145840638,21631122,21616,21616,0,0,0,-0.5884838104248047,0,-0.010989189147949219,0,-0.014652252197265625
19147425569,21633121,21618,21618,0,0,0,-0.5884838104248047,0,0.0036630630493164062,0,-0.014652252197265625
19149010500,21634121,21619,21619,0,0,0,-0.5884838104248047,0,-0.0036630630493164062,0,-0.014652252197265625
19150683420,21640140,21625,21625,0,0,0,-0.5884838104248047,0,-0.0036630630493164062,0,-0.0048847198486328125
19152356332,21642120,21627,21627,0,0,0,-0.5884838104248047,0,-0.0036630630493164062,0,-0.0048847198486328125
19154029244,21643121,21628,21628,0,0,0,-0.5884838104248047,0,-0.010989189147949219,0,-0.0048847198486328125
19155702156,21644122,21629,21629,0,0,0,-0.5884838104248047,0,0.0036630630493164062,0,-0.014652252197265625
19157375068,21645129,21631,21631,0,0,0,-0.5884838104248047,0,-0.0036630630493164062,0,-0.014652252197265625
19159047980,21648125,21633,21633,0,0,0,-0.5884838104248047,0,-0.010989189147949219,0,-0.0048847198486328125
19160720892,21649121,21634,21634,0,0,0,-0.5884838104248047,0,-0.0036630630493164062,0,-0.0048847198486328125
19162393804,21651121,21636,21636,0,0,0,-0.5884838104248047,0,-0.010989189147949219,0,-0.0048847198486328125
19164066716,21652125,21637,21637,0,0,0,-0.5884838104248047,0,0.0036630630493164062,0,-0.0048847198486328125
19165739628,21653132,21638,21638,0,0,0,-0.5884838104248047,0,0.0036630630493164062,0,-0.0048847198486328125
19167412540,21654135,21639,21639,0,0,0,-0.5884838104248047,0,-0.010989189147949219,0,-0.0048847198486328125
19169085452,21656121,21641,21641,0,0,0,-0.5884838104248047,0,0.0036630630493164062,0,-0.0048847198486328125
19170758364,21657123,21642,21642,0,0,0,-0.5884838104248047,0,0.0036630630493164062,0,-0.0048847198486328125
19172431276,21658121,21643,21643,0,0,0,-0.5884838104248047,0,0.010989189147949219,0,-0.0048847198486328125
19174104188,21659122,21644,21645,0,0,0,-0.5884838104248047,0,0.010989189147949219,0,-0.0048847198486328125
19175777100,21661125,21646,21646,0,0,0,-0.5884838104248047,0,-0.0036630630493164062,0,-0.0048847198486328125
19177181025,21663121,21648,21648,0,0,0,-0.5884838104248047,0,-0.010989189147949219,0,-0.014652252197265625
19178578633,21664121,21649,21650,0,0,0,-0.5884838104248047,0,-0.010989189147949219,0,-0.024419784545898438
19179976241,21666120,21651,21651,0,0,0,-0.5884838104248047,0,-0.01831531524658203,0,-0.024419784545898438
19181373849,21667129,21652,21652,0,0,0,-0.5884838104248047,0,-0.0036630630493164062,0,-0.014652252197265625
19182771457,21668135,21653,21653,0,0,0,-0.5884838104248047,0,0.010989189147949219,0,-0.014652252197265625
19184169065,21670121,21655,21655,0,0,0,-0.5884838104248047,0,-0.010989189147949219,0,-0.014652252197265625
19185566673,21671121,21656,21656,0,0,0,-0.5884838104248047,0,-0.010989189147949219,0,-0.024419784545898438
19186964281,21672122,21657,21657,0,0,0,-0.5884838104248047,0,-0.010989189147949219,0,-0.024419784545898438
19188361889,21673123,21658,21658,0,0,0,-0.5884838104248047,0,-0.010989189147949219,0,-0.024419784545898438
19189759497,21675130,21660,21660,0,0,0,-0.5884838104248047,0,0.0036630630493164062,0,-0.014652252197265625
19191157105,21676120,21661,21661,0,0,0,-0.5884838104248047,0,-0.0036630630493164062,0,-0.014652252197265625
19192554713,21678121,21663,21663,0,0,0,-0.5884838104248047,0,-0.010989189147949219,0,-0.024419784545898438
19193952321,21679121,21664,21664,0,0,0,-0.5884838104248047,0,-0.010989189147949219,0,-0.014652252197265625
19195349929,21681131,21666,21666,0,0,0,-0.5884838104248047,0,-0.010989189147949219,0,-0.014652252197265625
19196747537,21682139,21667,21667,0,0,0,-0.5884838104248047,0,0.010989189147949219,0,-0.014652252197265625
19198145145,21683126,21668,21668,0,0,0,-0.5884838104248047,0,-0.010989189147949219,0,-0.014652252197265625
19199542753,21687121,21672,21672,0,0,0,-0.5884838104248047,0,-0.0036630630493164062,0,-0.0048847198486328125
19200940361,21689121,21674,21674,0,0,0,-0.5884838104248047,0,0.010989189147949219,0,-0.0048847198486328125
19202337969,21690125,21675,21675,0,0,0,-0.5884838104248047,0,-0.01831531524658203,0,-0.0048847198486328125
19203735577,21692121,21677,21677,0,0,0,-0.5884838104248047,0,-0.0036630630493164062,0,-0.0048847198486328125
19205133185,21693121,21678,21678,0,0,0,-0.5884838104248047,0,-0.0036630630493164062,0,-0.0048847198486328125
19206530793,21694123,21679,21679,0,0,0,-0.5884838104248047,0,-0.010989189147949219,0,-0.0048847198486328125
19207928401,21696136,21681,21681,0,0,0,-0.5884838104248047,0,0.0036630630493164062,0,-0.014652252197265625
19209326009,21697125,21682,21682,0,0,0,-0.5884838104248047,0,-0.025641441345214844,0,-0.014652252197265625
19210723617,21698124,21683,21683,0,0,0,-0.5884838104248047,0,-0.010989189147949219,0,-0.014652252197265625
19212121225,21699122,21684,21684,0,0,0,-0.5884838104248047,0,-0.0036630630493164062,0,-0.014652252197265625
19213518833,21700130,21685,21685,0,0,0,-0.5884838104248047,0,0.010989189147949219,0,-0.024419784545898438
19214916441,21701124,21686,21686,0,0,0,-0.5884838104248047,0,-0.0036630630493164062,0,-0.014652252197265625
19216314049,21702123,21687,21687,0,0,0,-0.5884838104248047,0,-0.0036630630493164062,0,-0.0048847198486328125
19217711657,21703121,21688,21688,0,0,0,-0.5884838104248047,0,-0.0036630630493164062,0,-0.0048847198486328125
19219109265,21704122,21689,21689,0,0,0,-0.5884838104248047,0,-0.0036630630493164062,0,0.0048847198486328125
19220506873,21705129,21690,21690,0,0,0,-0.5884838104248047,0,0.0036630630493164062,0,-0.0048847198486328125
19221909120,21709129,21694,21694,0,0,0,-0.5884838104248047,0,-0.0036630630493164062,0,-0.0048847198486328125
19223311332,21710137,21695,21695,0,0,0,-0.5884838104248047,0,0.0036630630493164062,0,-0.014652252197265625
19224713544,21711129,21696,21696,0,0,0,-0.5884838104248047,0,-0.010989189147949219,0,-0.014652252197265625
19226115756,21712121,21697,21697,0,0,0,-0.5884838104248047,0,-0.01831531524658203,0,-0.024419784545898438
19227517968,21713121,21698,21698,0,0,0,-0.5884838104248047,0,-0.01831531524658203,0,-0.014652252197265625
19228920180,21714121,21699,21700,0,0,0,-0.5884838104248047,0,0.01831531524658203,0,-0.014652252197265625
19230322392,21715131,21701,21701,0,0,0,-0.5884838104248047,0,0.01831531524658203,0,-0.0048847198486328125
19231724604,21717121,21702,21702,0,0,0,-0.5884838104248047,0,-0.010989189147949219,0,-0.014652252197265625
19233126816,21718121,21703,21703,0,0,0,-0.5884838104248047,0,-0.025641441345214844,0,-0.014652252197265625
19234529028,21719125,21704,21704,0,0,0,-0.5884838104248047,0,0.010989189147949219,0,-0.014652252197265625
19235931240,21720121,21705,21705,0,0,0,-0.5884838104248047,0,-0.0036630630493164062,0,-0.0048847198486328125
19237333452,21721121,21706,21706,0,0,0,-0.5884838104248047,0,-0.0036630630493164062,0,-0.0048847198486328125
19238735664,21723130,21708,21708,0,0,0,-0.5884838104248047,0,-0.010989189147949219,0,-0.014652252197265625
19240137876,21725133,21710,21710,0,0,0,-0.5884838104248047,0,-0.01831531524658203,0,-0.0048847198486328125
19241540088,21726121,21711,21711,0,0,0,-0.5884838104248047,0,-0.0036630630493164062,0,-0.0048847198486328125
19242942300,21727125,21712,21712,0,0,0,-0.5884838104248047,0,-0.0036630630493164062,0,-0.014652252197265625
19244832420,21731123,21716,21716,0,0,0,-0.5884838104248047,0,-0.0036630630493164062,0,-0.0048847198486328125
19246722532,21733121,21718,21718,0,0,0,-0.5884838104248047,0,-0.0036630630493164062,0,-0.0048847198486328125
19248612644,21734121,21719,21719,0,0,0,-0.5884838104248047,0,0.0036630630493164062,0,-0.0048847198486328125
19250502756,21736121,21721,21721,0,0,0,-0.5884838104248047,0,-0.010989189147949219,0,-0.0048847198486328125
19252392868,21740125,21725,21725,0,0,0,-0.5884838104248047,0,0.0036630630493164062,0,-0.0048847198486328125
19254282980,21741121,21726,21726,0,0,0,-0.5884838104248047,0,0.010989189147949219,0,-0.014652252197265625
19256173092,21743121,21728,21728,0,0,0,-0.5884838104248047,0,-0.0036630630493164062,0,-0.0048847198486328125
19258063204,21744123,21729,21729,0,0,0,-0.5884838104248047,0,-0.010989189147949219,0,-0.014652252197265625
19259953316,21746121,21731,21731,0,0,0,-0.5884838104248047,0,0.010989189147949219,0,-0.014652252197265625
19261843428,21747121,21732,21732,0,0,0,-0.5884838104248047,0,0.0036630630493164062,0,-0.0048847198486328125
19263733540,21750128,21735,21735,0,0,0,-0.5884838104248047,0,-0.010989189147949219,0,-0.014652252197265625
19265623652,21751129,21736,21737,0,0,0,-0.5884838104248047,0,0.0036630630493164062,0,-0.0048847198486328125
19267513764,21754120,21739,21739,0,0,0,-0.5884838104248047,0,-0.0036630630493164062,0,-0.0048847198486328125
19269403876,21755129,21740,21740,0,0,0,-0.5884838104248047,0,-0.0036630630493164062,0,-0.0048847198486328125
19271293988,21756124,21741,21741,0,0,0,-0.5884838104248047,0,0.010989189147949219,0,-0.0048847198486328125
19273184100,21758121,21743,21743,0,0,0,-0.5884838104248047,0,-0.01831531524658203,0,-0.0048847198486328125
19274956500,21763121,21748,21748,0,0,0,-0.5884838104248047,0,-0.0036630630493164062,0,0.0048847198486328125
19276728900,21764125,21749,21749,0,0,0,-0.5884838104248047,0,0.0036630630493164062,0,0.0048847198486328125
19278501300,21765137,21750,21750,0,0,0,-0.5884838104248047,0,-0.0036630630493164062,0,0.0048847198486328125
19280273700,21766135,21751,21751,0,0,0,-0.5884838104248047,0,0.010989189147949219,0,-0.0048847198486328125
19282046100,21767125,21752,21752,0,0,0,-0.5884838104248047,0,-0.010989189147949219,0,-0.0048847198486328125
19283818500,21768123,21753,21753,0,0,0,-0.5884838104248047,0,0.0036630630493164062,0,-0.0048847198486328125
19285590900,21771121,21756,21756,0,0,0,-0.5884838104248047,0,-0.010989189147949219,0,-0.014652252197265625
19287363300,21773123,21758,21758,0,0,0,-0.5884838104248047,0,0.010989189147949219,0,-0.014652252197265625
19289135700,21774120,21759,21759,0,0,0,-0.5884838104248047,0,-0.010989189147949219,0,-0.0048847198486328125
19290908100,21776121,21761,21761,0,0,0,-0.5884838104248047,0,-0.0036630630493164062,0,-0.014652252197265625
19292680500,21777125,21762,21762,0,0,0,-0.5884838104248047,0,0.010989189147949219,0,-0.024419784545898438
19294452900,21779129,21764,21764,0,0,0,-0.5884838104248047,0,-0.0036630630493164062,0,-0.024419784545898438
19296225300,21781127,21766,21766,0,0,0,-0.5884838104248047,0,-0.0036630630493164062,0,-0.014652252197265625
19297997700,21782121,21767,21768,0,0,0,-0.5884838104248047,0,0.010989189147949219,0,-0.014652252197265625
19299770100,21784120,21769,21769,0,0,0,-0.5884838104248047,0,0.0036630630493164062,0,-0.0048847198486328125
19301542500,21786121,21771,21771,0,0,0,-0.5884838104248047,0,-0.010989189147949219,0,-0.014652252197265625
19303283455,21789123,21774,21774,0,0,0,-0.5884838104248047,0,-0.0036630630493164062,0,-0.0048847198486328125
19305024398,21791121,21776,21776,0,0,0,-0.5884838104248047,0,-0.0036630630493164062,0,0.0048847198486328125
19306765341,21792121,21777,21777,0,0,0,-0.5884838104248047,0,0.0036630630493164062,0,-0.0048847198486328125
19308506284,21794135,21779,21779,0,0,0,-0.5884838104248047,0,0.0036630630493164062,0,-0.0048847198486328125
19310247227,21796121,21781,21781,0,0,0,-0.5884838104248047,0,0.0036630630493164062,0,-0.0048847198486328125
19311988170,21798125,21783,21783,0,0,0,-0.5884838104248047,0,-0.010989189147949219,0,-0.0048847198486328125
19313729113,21799121,21784,21784,0,0,0,-0.5884838104248047,0,-0.010989189147949219,0,-0.014652252197265625
19315470056,21801123,21786,21786,0,0,0,-0.5884838104248047,0,-0.010989189147949219,0,-0.014652252197265625
19317210999,21803121,21788,21788,0,0,0,-0.5884838104248047,0,0.010989189147949219,0,-0.014652252197265625
19318951942,21804121,21789,21789,0,0,0,-0.5884838104248047,0,-0.0036630630493164062,0,-0.0048847198486328125
19320692885,21805129,21791,21791,0,0,0,-0.5884838104248047,0,0.0036630630493164062,0,-0.014652252197265625
19322433828,21807129,21792,21792,0,0,0,-0.5884838104248047,0,-0.0036630630493164062,0,-0.0048847198486328125
19324174771,21809126,21794,21794,0,0,0,-0.5884838104248047,0,-0.0036630630493164062,0,-0.014652252197265625
19325915714,21810123,21795,21795,0,0,0,-0.5884838104248047,0,-0.0036630630493164062,0,-0.0048847198486328125
19327656657,21812121,21797,21797,0,0,0,-0.5884838104248047,0,-0.0036630630493164062,0,-0.014652252197265625
19329397600,21814124,21799,21799,0,0,0,-0.5884838104248047,0,0.010989189147949219,0,-0.0048847198486328125
19330709295,21817121,21802,21802,0,0,0,-0.5884838104248047,0,0.025641441345214844,0,-0.014652252197265625
19332020982,21818123,21803,21803,0,0,0,-0.5884838104248047,0,0.010989189147949219,0,-0.014652252197265625
19333332669,21820121,21805,21805,0,0,0,-0.5884838104248047,0,-0.01831531524658203,0,-0.014652252197265625
19334644356,21821129,21806,21806,0,0,0,-0.5884838104248047,0,-0.01831531524658203,0,-0.024419784545898438
19335956043,21822139,21807,21807,0,0,0,-0.5884838104248047,0,-0.025641441345214844,0,-0.014652252197265625
19337267730,21823125,21808,21808,0,0,0,-0.5884838104248047,0,-0.0036630630493164062,0,-0.014652252197265625
19338579417,21824121,21809,21809,0,0,0,-0.5884838104248047,0,-0.010989189147949219,0,-0.014652252197265625
19339891104,21825130,21810,21810,0,0,0,-0.5884838104248047,0,-0.0036630630493164062,0,-0.014652252197265625
19341202791,21826122,21811,21811,0,0,0,-0.5884838104248047,0,-0.0036630630493164062,0,-0.0048847198486328125
19342514478,21827125,21812,21812,0,0,0,-0.5884838104248047,0,-0.010989189147949219,0,-0.0048847198486328125
19343826165,21829121,21814,21814,0,0,0,-0.5884838104248047,0,0.010989189147949219,0,-0.014652252197265625
19345137852,21830121,21815,21815,0,0,0,-0.5884838104248047,0,-0.01831531524658203,0,-0.014652252197265625
19346449539,21832122,21817,21817,0,0,0,-0.5884838104248047,0,0.010989189147949219,0,-0.0048847198486328125
19347761226,21833121,21818,21818,0,0,0,-0.5884838104248047,0,-0.010989189147949219,0,-0.014652252197265625
19349072913,21834120,21819,21819,0,0,0,-0.5884838104248047,0,-0.0036630630493164062,0,-0.014652252197265625
19350384600,21835141,21820,21820,0,0,0,-0.5884838104248047,0,-0.0036630630493164062,0,-0.014652252197265625
19351782520,21838121,21823,21823,0,0,0,-0.5884838104248047,0,0.0036630630493164062,0,-0.0048847198486328125
19353180432,21840121,21825,21825,0,0,0,-0.5884838104248047,0,0.010989189147949219,0,-0.0048847198486328125
19354578344,21841121,21826,21826,0,0,0,-0.5884838104248047,0,0.0036630630493164062,0,-0.0048847198486328125
19355976256,21842121,21827,21827,0,0,0,-0.5884838104248047,0,-0.0036630630493164062,0,-0.0048847198486328125
19357374168,21844121,21829,21829,0,0,0,-0.5884838104248047,0,0.0036630630493164062,0,-0.0048847198486328125
19358772080,21845129,21830,21830,0,0,0,-0.5884838104248047,0,0.0036630630493164062,0,-0.0048847198486328125
19360169992,21846121,21831,21831,0,0,0,-0.5884838104248047,0,0.0036630630493164062,0,-0.014652252197265625
19361567904,21847123,21832,21832,0,0,0,-0.5884838104248047,0,-0.010989189147949219,0,-0.014652252197265625
19362965816,21848121,21833,21833,0,0,0,-0.5884838104248047,0,-0.01831531524658203,0,-0.014652252197265625
19364363728,21849129,21834,21834,0,0,0,-0.5884838104248047,0,-0.0036630630493164062,0,-0.024419784545898438
19365761640,21850143,21835,21835,0,0,0,-0.5884838104248047,0,-0.0036630630493164062,0,-0.024419784545898438
19367159552,21851129,21836,21836,0,0,0,-0.5884838104248047,0,-0.0036630630493164062,0,-0.014652252197265625
19368557464,21853121,21838,21838,0,0,0,-0.5884838104248047,0,0.010989189147949219,0,-0.014652252197265625
19369955376,21854121,21839,21839,0,0,0,-0.5884838104248047,0,0.0036630630493164062,0,-0.014652252197265625
19371353288,21856125,21841,21841,0,0,0,-0.5884838104248047,0,-0.010989189147949219,0,-0.014652252197265625
19372751200,21857121,21842,21842,0,0,0,-0.5884838104248047,0,-0.010989189147949219,0,-0.014652252197265625
19374694855,21861120,21846,21846,0,0,0,-0.5884838104248047,0,0.0036630630493164062,0,-0.0048847198486328125
19376638498,21862121,21847,21847,0,0,0,-0.5884838104248047,0,0.0036630630493164062,0,-0.0048847198486328125
19378582141,21863129,21848,21848,0,0,0,-0.5884838104248047,0,-0.01831531524658203,0,-0.0048847198486328125
19380525784,21866120,21851,21851,0,0,0,-0.5884838104248047,0,-0.010989189147949219,0,-0.0048847198486328125
19382469427,21868123,21853,21853,0,0,0,-0.5884838104248047,0,-0.0036630630493164062,0,-0.0048847198486328125
19384413070,21870121,21855,21855,0,0,0,-0.5884838104248047,0,0.010989189147949219,0,-0.014652252197265625
19386356713,21872125,21857,21857,0,0,0,-0.5884838104248047,0,-0.0036630630493164062,0,-0.0048847198486328125
19388300356,21874121,21859,21859,0,0,0,-0.5884838104248047,0,-0.0036630630493164062,0,-0.014652252197265625
19390243999,21876123,21861,21861,0,0,0,-0.5884838104248047,0,0.0036630630493164062,0,-0.014652252197265625
19392187642,21877129,21862,21862,0,0,0,-0.5884838104248047,0,-0.0036630630493164062,0,-0.014652252197265625
19394131285,21879125,21864,21864,0,0,0,-0.5884838104248047,0,0.0036630630493164062,0,-0.014652252197265625
19396074928,21880125,21865,21865,0,0,0,-0.5884838104248047,0,-0.0036630630493164062,0,-0.014652252197265625
19398018571,21881121,21867,21867,0,0,0,-0.5884838104248047,0,-0.0036630630493164062,0,-0.0048847198486328125
19399962214,21884123,21869,21869,0,0,0,-0.5884838104248047,0,-0.010989189147949219,0,-0.014652252197265625
19401905857,21886121,21871,21871,0,0,0,-0.5884838104248047,0,-0.01831531524658203,0,-0.014652252197265625
19403849500,21888121,21873,21873,0,0,0,-0.5884838104248047,0,-0.0036630630493164062,0,-0.014652252197265625
19405981300,21895130,21880,21880,0,0,0,-0.5884838104248047,0,-0.0036630630493164062,0,-0.014652252197265625
19408113100,21896122,21881,21881,0,0,0,-0.5884838104248047,0,0.0036630630493164062,0,-0.014652252197265625
19410244900,21898120,21883,21883,0,0,0,-0.5884838104248047,0,-0.010989189147949219,0,-0.014652252197265625
19412376700,21900130,21885,21885,0,0,0,-0.5884838104248047,0,-0.01831531524658203,0,-0.014652252197265625
19414508500,21901127,21886,21886,0,0,0,-0.5884838104248047,0,0.0036630630493164062,0,-0.014652252197265625
19416640300,21903121,21888,21888,0,0,0,-0.5884838104248047,0,-0.01831531524658203,0,-0.014652252197265625
19418772100,21906135,21891,21891,0,0,0,-0.5884838104248047,0,0.01831531524658203,0,-0.014652252197265625
19420903900,21908121,21893,21893,0,0,0,-0.5884838104248047,0,0.0036630630493164062,0,-0.014652252197265625
19423035700,21909125,21894,21895,0,0,0,-0.5884838104248047,0,-0.010989189147949219,0,-0.0048847198486328125
19425167500,21911121,21896,21896,0,0,0,-0.5884838104248047,0,-0.0036630630493164062,0,-0.0048847198486328125
19427299300,21912121,21898,21898,0,0,0,-0.5884838104248047,0,-0.0036630630493164062,0,-0.014652252197265625
19429431100,21914124,21899,21899,0,0,0,-0.5884838104248047,0,-0.025641441345214844,0,-0.014652252197265625
19431562900,21915130,21900,21900,0,0,0,-0.5884838104248047,0,-0.010989189147949219,0,-0.0048847198486328125
19433694700,21917122,21902,21902,0,0,0,-0.5884838104248047,0,0.0036630630493164062,0,-0.0048847198486328125
19435826500,21918123,21903,21903,0,0,0,-0.5884838104248047,0,-0.0036630630493164062,0,-0.0048847198486328125
19437958300,21922124,21908,21908,0,0,0,-0.5884838104248047,0,-0.0036630630493164062,0,-0.0048847198486328125
19439531570,21926123,21911,21911,0,0,0,-0.5884838104248047,0,-0.0036630630493164062,0,-0.0048847198486328125
19441104832,21928122,21913,21913,0,0,0,-0.5884838104248047,0,0.0036630630493164062,0,-0.0048847198486328125
19442678094,21930125,21915,21915,0,0,0,-0.5884838104248047,0,0.0036630630493164062,0,-0.014652252197265625
19444251356,21931121,21916,21916,0,0,0,-0.5884838104248047,0,-0.010989189147949219,0,-0.0048847198486328125
19445824618,21932122,21917,21917,0,0,0,-0.5884838104248047,0,-0.010989189147949219,0,-0.014652252197265625
19447397880,21934137,21919,21919,0,0,0,-0.5884838104248047,0,-0.0036630630493164062,0,-0.014652252197265625
19448971142,21935133,21920,21920,0,0,0,-0.5884838104248047,0,0.0036630630493164062,0,-0.014652252197265625
19450544404,21936121,21922,21922,0,0,0,-0.5884838104248047,0,-0.0036630630493164062,0,-0.0048847198486328125
19452117666,21938124,21923,21923,0,0,0,-0.5884838104248047,0,0.0036630630493164062,0,-0.014652252197265625
19453690928,21939121,21924,21924,0,0,0,-0.5884838104248047,0,-0.0036630630493164062,0,-0.014652252197265625
19455264190,21940121,21925,21926,0,0,0,-0.5884838104248047,0,-0.0036630630493164062,0,-0.0048847198486328125
19456837452,21942123,21927,21927,0,0,0,-0.5884838104248047,0,0.0036630630493164062,0,-0.014652252197265625
19458410714,21943124,21928,21928,0,0,0,-0.5884838104248047,0,-0.0036630630493164062,0,-0.0048847198486328125
19459983976,21945129,21930,21930,0,0,0,-0.5884838104248047,0,0.010989189147949219,0,-0.0048847198486328125
19461557238,21946121,21931,21931,0,0,0,-0.5884838104248047,0,-0.010989189147949219,0,-0.0048847198486328125
19463130500,21948135,21933,21933,0,0,0,-0.5884838104248047,0,-0.0036630630493164062,0,-0.014652252197265625
19464660280,21951125,21936,21936,0,0,0,-0.5884838104248047,0,-0.010989189147949219,0,-0.0048847198486328125
19466190048,21953121,21938,21938,0,0,0,-0.5884838104248047,0,-0.0036630630493164062,0,-0.0048847198486328125
19467719816,21954121,21939,21939,0,0,0,-0.5884838104248047,0,0.0036630630493164062,0,0.0048847198486328125
19469249584,21956121,21941,21941,0,0,0,-0.5884838104248047,0,0.0036630630493164062,0,0.0048847198486328125
19470779352,21957121,21942,21942,0,0,0,-0.5884838104248047,0,0.0036630630493164062,0,0.0048847198486328125
19472309120,21958121,21943,21943,0,0,0,-0.5884838104248047,0,-0.010989189147949219,0,0.0048847198486328125
19473838888,21960122,21945,21945,0,0,0,-0.5884838104248047,0,-0.01831531524658203,0,0.0048847198486328125
19475368656,21961128,21946,21946,0,0,0,-0.5884838104248047,0,-0.010989189147949219,0,-0.0048847198486328125
19476898424,21962135,21947,21947,0,0,0,-0.5884838104248047,0,-0.0036630630493164062,0,0.0048847198486328125
19478428192,21964121,21949,21949,0,0,0,-0.5884838104248047,0,0.0036630630493164062,0,0.0048847198486328125
19479957960,21965130,21950,21950,0,0,0,-0.5884838104248047,0,0.0036630630493164062,0,0.0048847198486328125
19481487728,21966120,21952,21952,0,0,0,-0.5884838104248047,0,-0.010989189147949219,0,-0.0048847198486328125
19483017496,21968121,21953,21953,0,0,0,-0.5884838104248047,0,-0.01831531524658203,0,-0.0048847198486328125
19484547264,21970121,21955,21955,0,0,0,-0.5884838104248047,0,-0.0036630630493164062,0,-0.014652252197265625
19486077032,21971124,21956,21956,0,0,0,-0.5884838104248047,0,-0.0036630630493164062,0,-0.0048847198486328125
19487606800,21972124,21957,21957,0,0,0,-0.5884838104248047,0,0.0036630630493164062,0,-0.0048847198486328125
19489140060,21976137,21961,21961,0,0,0,-0.5884838104248047,0,-0.0036630630493164062,0,-0.0048847198486328125
19490673316,21977125,21962,21962,0,0,0,-0.5884838104248047,0,-0.0036630630493164062,0,-0.0048847198486328125
19492206572,21978121,21963,21963,0,0,0,-0.5884838104248047,0,-0.0036630630493164062,0,-0.0048847198486328125
19493739828,21979121,21965,21965,0,0,0,-0.5884838104248047,0,-0.010989189147949219,0,-0.014652252197265625
19495273084,21982120,21967,21967,0,0,0,-0.5884838104248047,0,-0.0036630630493164062,0,-0.014652252197265625
19496806340,21983121,21968,21968,0,0,0,-0.5884838104248047,0,0.0036630630493164062,0,-0.0048847198486328125
19498339596,21984122,21969,21969,0,0,0,-0.5884838104248047,0,-0.01831531524658203,0,0.0048847198486328125
19499872852,21986121,21971,21971,0,0,0,-0.5884838104248047,0,-0.0036630630493164062,0,0.0048847198486328125
19501406108,21987121,21972,21972,0,0,0,-0.5884838104248047,0,-0.010989189147949219,0,0.0048847198486328125
19502939364,21988124,21973,21973,0,0,0,-0.5884838104248047,0,-0.010989189147949219,0,-0.0048847198486328125
19504472620,21990135,21975,21975,0,0,0,-0.5884838104248047,0,-0.0036630630493164062,0,-0.0048847198486328125
19506005876,21991125,21976,21976,0,0,0,-0.5884838104248047,0,-0.010989189147949219,0,-0.0048847198486328125
19507539132,21992124,21977,21977,0,0,0,-0.5884838104248047,0,0.010989189147949219,0,-0.014652252197265625
19509072388,21993121,21978,21978,0,0,0,-0.5884838104248047,0,0.0036630630493164062,0,-0.014652252197265625
19510605644,21995129,21980,21980,0,0,0,-0.5884838104248047,0,-0.0036630630493164062,0,-0.014652252197265625
19512138900,21997121,21982,21982,0,0,0,-0.5884838104248047,0,0.0036630630493164062,0,-0.014652252197265625
19514012555,22003129,21988,21988,0,0,0,-0.5884838104248047,0,-0.0036630630493164062,0,-0.014652252197265625
19515886198,22005136,21990,21990,0,0,0,-0.5884838104248047,0,-0.0036630630493164062,0,-0.0048847198486328125
19517759841,22006121,21991,21991,0,0,0,-0.5884838104248047,0,-0.01831531524658203,0,-0.014652252197265625
19519633484,22008121,21993,21993,0,0,0,-0.5884838104248047,0,-0.0036630630493164062,0,-0.014652252197265625
19521507127,22010121,21995,21995,0,0,0,-0.5884838104248047,0,0.0036630630493164062,0,-0.014652252197265625
19523380770,22012122,21997,21997,0,0,0,-0.5884838104248047,0,0.0036630630493164062,0,-0.024419784545898438
19525254413,22014121,21999,21999,0,0,0,-0.5884838104248047,0,-0.010989189147949219,0,-0.014652252197265625
19527128056,22015130,22000,22000,0,0,0,-0.5884838104248047,0,-0.0036630630493164062,0,-0.014652252197265625
19529001699,22017132,22002,22002,0,0,0,-0.5884838104248047,0,0.0036630630493164062,0,-0.014652252197265625
19530875342,22018135,22003,22003,0,0,0,-0.5884838104248047,0,0.010989189147949219,0,-0.014652252197265625
19532748985,22020121,22005,22005,0,0,0,-0.5884838104248047,0,0.010989189147949219,0,-0.0048847198486328125
19534622628,22021124,22006,22006,0,0,0,-0.5884838104248047,0,0.0036630630493164062,0,-0.014652252197265625
19536496271,22023121,22008,22008,0,0,0,-0.5884838104248047,0,-0.010989189147949219,0,-0.014652252197265625
19538369914,22024121,22009,22009,0,0,0,-0.5884838104248047,0,-0.01831531524658203,0,-0.014652252197265625
19540243557,22025132,22010,22010,0,0,0,-0.5884838104248047,0,-0.01831531524658203,0,-0.014652252197265625
19542117200,22027121,22012,22012,0,0,0,-0.5884838104248047,0,-0.0036630630493164062,0,-0.024419784545898438
19543706350,22031129,22016,22016,0,0,0,-0.5884838104248047,0,-0.0036630630493164062,0,-0.014652252197265625
19545295500,22032135,22017,22017,0,0,0,-0.5884838104248047,0,0.0036630630493164062,0,-0.0048847198486328125
19546884650,22034123,22019,22019,0,0,0,-0.5884838104248047,0,0.010989189147949219,0,-0.014652252197265625
19548473800,22035129,22020,22020,0,0,0,-0.5884838104248047,0,-0.010989189147949219,0,-0.0048847198486328125
19550062950,22036121,22022,22022,0,0,0,-0.5884838104248047,0,-0.01831531524658203,0,-0.0048847198486328125
19551652100,22038125,22023,22023,0,0,0,-0.5884838104248047,0,-0.010989189147949219,0,-0.0048847198486328125
19553241250,22040120,22025,22025,0,0,0,-0.5884838104248047,0,0.0036630630493164062,0,-0.0048847198486328125
19554830400,22041121,22026,22026,0,0,0,-0.5884838104248047,0,-0.01831531524658203,0,-0.014652252197265625
19556419550,22043121,22028,22028,0,0,0,-0.5884838104248047,0,-0.0036630630493164062,0,-0.014652252197265625
19558008700,22044122,22029,22029,0,0,0,-0.5884838104248047,0,-0.010989189147949219,0,-0.024419784545898438
19559597850,22045137,22030,22030,0,0,0,-0.5884838104248047,0,-0.0036630630493164062,0,-0.014652252197265625
19561187000,22047126,22032,22032,0,0,0,-0.5884838104248047,0,-0.01831531524658203,0,-0.024419784545898438
19562776150,22048121,22033,22033,0,0,0,-0.5884838104248047,0,0.010989189147949219,0,-0.024419784545898438
19564365300,22049121,22034,22034,0,0,0,-0.5884838104248047,0,0.010989189147949219,0,-0.024419784545898438
19565954450,22050131,22035,22035,0,0,0,-0.5884838104248047,0,-0.010989189147949219,0,-0.024419784545898438
19567543600,22052123,22037,22037,0,0,0,-0.5884838104248047,0,-0.010989189147949219,0,-0.014652252197265625
19569238155,22055129,22040,22040,0,0,0,-0.5884838104248047,0,0.01831531524658203,0,-0.024419784545898438
19570932698,22057121,22042,22042,0,0,0,-0.5884838104248047,0,0.0036630630493164062,0,-0.014652252197265625
19572627241,22059132,22044,22044,0,0,0,-0.5884838104248047,0,-0.010989189147949219,0,-0.0048847198486328125
19574321784,22060135,22045,22045,0,0,0,-0.5884838104248047,0,0.0036630630493164062,0,-0.0048847198486328125
19576016327,22062121,22047,22047,0,0,0,-0.5884838104248047,0,-0.010989189147949219,0,-0.014652252197265625
19577710870,22064121,22049,22049,0,0,0,-0.5884838104248047,0,-0.0036630630493164062,0,-0.0048847198486328125
19579405413,22066121,22051,22051,0,0,0,-0.5884838104248047,0,-0.010989189147949219,0,-0.0048847198486328125
19581099956,22067125,22052,22052,0,0,0,-0.5884838104248047,0,0.0036630630493164062,0,-0.014652252197265625
19582794499,22069121,22054,22054,0,0,0,-0.5884838104248047,0,-0.0036630630493164062,0,-0.014652252197265625
19584489042,22071123,22056,22056,0,0,0,-0.5884838104248047,0,-0.0036630630493164062,0,-0.014652252197265625
19586183585,22072121,22057,22057,0,0,0,-0.5884838104248047,0,-0.010989189147949219,0,-0.0048847198486328125
19587878128,22073129,22058,22058,0,0,0,-0.5884838104248047,0,-0.01831531524658203,0,-0.014652252197265625
19589572671,22075137,22060,22060,0,0,0,-0.5884838104248047,0,-0.0036630630493164062,0,-0.0048847198486328125
19591267214,22076121,22061,22061,0,0,0,-0.5884838104248047,0,0.010989189147949219,0,-0.0048847198486328125
19592961757,22078121,22063,22063,0,0,0,-0.5884838104248047,0,0.0036630630493164062,0,-0.0048847198486328125
19594656300,22079123,22064,22064,0,0,0,-0.5884838104248047,0,0.01831531524658203,0,-0.0048847198486328125
19596392250,22082121,22067,22067,0,0,0,-0.5884838104248047,0,0.0036630630493164062,0,-0.014652252197265625
19598128200,22084121,22069,22069,0,0,0,-0.5884838104248047,0,0.0036630630493164062,0,-0.014652252197265625
19599864150,22086121,22071,22071,0,0,0,-0.5884838104248047,0,0.0036630630493164062,0,-0.0048847198486328125
19601600100,22088139,22073,22073,0,0,0,-0.5884838104248047,0,-0.01831531524658203,0,-0.0048847198486328125
19603336050,22089125,22075,22075,0,0,0,-0.5884838104248047,0,-0.0036630630493164062,0,-0.0048847198486328125
19605072000,22091121,22076,22076,0,0,0,-0.5884838104248047,0,-0.0036630630493164062,0,0.0048847198486328125
19606807950,22093121,22078,22078,0,0,0,-0.5884838104248047,0,0.010989189147949219,0,0.0048847198486328125
19608543900,22094121,22079,22079,0,0,0,-0.5884838104248047,0,0.010989189147949219,0,0.0048847198486328125
19610279850,22096126,22081,22081,0,0,0,-0.5884838104248047,0,-0.01831531524658203,0,0.0048847198486328125
19612015800,22097121,22082,22082,0,0,0,-0.5884838104248047,0,0.0036630630493164062,0,-0.0048847198486328125
19613751750,22099122,22084,22084,0,0,0,-0.5884838104248047,0,0.010989189147949219,0,-0.0048847198486328125
19615487700,22100132,22085,22086,0,0,0,-0.5884838104248047,0,-0.010989189147949219,0,-0.0048847198486328125
19617223650,22102135,22087,22087,0,0,0,-0.5884838104248047,0,-0.01831531524658203,0,-0.014652252197265625
19618959600,22104124,22089,22089,0,0,0,-0.5884838104248047,0,-0.010989189147949219,0,-0.014652252197265625
19620695550,22105130,22090,22090,0,0,0,-0.5884838104248047,0,0.010989189147949219,0,-0.0048847198486328125
19622431500,22107122,22092,22092,0,0,0,-0.5884838104248047,0,-0.01831531524658203,0,-0.014652252197265625
19624862235,22112124,22097,22097,0,0,0,-0.5884838104248047,0,-0.010989189147949219,0,-0.014652252197265625
19627292966,22113121,22098,22099,0,0,0,-0.5884838104248047,0,-0.010989189147949219,0,-0.0048847198486328125
19629723697,22115137,22100,22100,0,0,0,-0.5884838104248047,0,-0.010989189147949219,0,-0.0048847198486328125
19632154428,22116137,22101,22101,0,0,0,-0.5884838104248047,0,0.0036630630493164062,0,-0.0048847198486328125
19634585159,22117129,22102,22102,0,0,0,-0.5884838104248047,0,0.010989189147949219,0,-0.0048847198486328125
19637015890,22120121,22105,22105,0,0,0,-0.5884838104248047,0,-0.01831531524658203,0,-0.0048847198486328125
19639446621,22121123,22106,22106,0,0,0,-0.5884838104248047,0,-0.010989189147949219,0,-0.0048847198486328125
19641877352,22124120,22109,22109,0,0,0,-0.5884838104248047,0,0.0036630630493164062,0,-0.014652252197265625
19644308083,22126120,22111,22111,0,0,0,-0.5884838104248047,0,0.0036630630493164062,0,-0.014652252197265625
19646738814,22127121,22112,22112,0,0,0,-0.5884838104248047,0,-0.010989189147949219,0,-0.014652252197265625
19649169545,22128121,22113,22114,0,0,0,-0.5884838104248047,0,0.01831531524658203,0,-0.014652252197265625
19651600276,22130135,22115,22115,0,0,0,-0.5884838104248047,0,-0.0036630630493164062,0,-0.014652252197265625
19654031007,22132122,22117,22117,0,0,0,-0.5884838104248047,0,-0.0036630630493164062,0,-0.014652252197265625
19656461738,22141124,22126,22126,0,0,0,-0.5884838104248047,0,-0.0036630630493164062,0,-0.0048847198486328125
19658892469,22144135,22129,22129,0,0,0,-0.5884838104248047,0,0.010989189147949219,0,-0.0048847198486328125
19661323200,22146125,22131,22131,0,0,0,-0.5884838104248047,0,-0.0036630630493164062,0,-0.014652252197265625
19664399177,22162124,22147,22147,0,0,0,-0.5884838104248047,0,-0.0036630630493164062,0,-0.0048847198486328125
19666820947,22163121,22148,22148,0,0,0,-0.5884838104248047,0,-0.0036630630493164062,0,-0.014652252197265625
19669242717,22166123,22151,22151,0,0,0,-0.5884838104248047,0,0.01831531524658203,0,-0.024419784545898438
19671664487,22167121,22152,22152,0,0,0,-0.5884838104248047,0,-0.0036630630493164062,0,-0.014652252197265625
19674086257,22170124,22155,22155,0,0,0,-0.5884838104248047,0,-0.0036630630493164062,0,-0.014652252197265625
19676508027,22171129,22156,22156,0,0,0,-0.5884838104248047,0,0.010989189147949219,0,-0.014652252197265625
19678929797,22172136,22157,22157,0,0,0,-0.5884838104248047,0,-0.0036630630493164062,0,-0.0048847198486328125
19681351567,22174123,22159,22159,0,0,0,-0.5884838104248047,0,-0.010989189147949219,0,-0.0048847198486328125
19683773337,22175133,22160,22160,0,0,0,-0.5884838104248047,0,-0.010989189147949219,0,-0.0048847198486328125
19686195107,22176121,22161,22162,0,0,0,-0.5884838104248047,0,-0.0036630630493164062,0,-0.0048847198486328125
19688616877,22178121,22163,22163,0,0,0,-0.5884838104248047,0,0.01831531524658203,0,-0.0048847198486328125
19691038647,22181121,22166,22166,0,0,0,-0.5884838104248047,0,-0.010989189147949219,0,-0.0048847198486328125
19693460417,22183125,22168,22168,0,0,0,-0.5884838104248047,0,-0.01831531524658203,0,-0.0048847198486328125
19695882187,22189121,22174,22174,0,0,0,-0.5884838104248047,0,0.0036630630493164062,0,-0.014652252197265625
19698303957,22192121,22177,22177,0,0,0,-0.5884838104248047,0,-0.010989189147949219,0,-0.0048847198486328125
19700725727,22193121,22178,22178,0,0,0,-0.5884838104248047,0,-0.0036630630493164062,0,-0.0048847198486328125
19703147497,22195131,22180,22180,0,0,0,-0.5884838104248047,0,-0.010989189147949219,0,-0.0048847198486328125
19705569267,22196121,22181,22181,0,0,0,-0.5884838104248047,0,-0.010989189147949219,0,-0.014652252197265625
19707991037,22198121,22183,22183,0,0,0,-0.5884838104248047,0,0.0036630630493164062,0,-0.014652252197265625
19710412807,22199132,22184,22184,0,0,0,-0.5884838104248047,0,0.0036630630493164062,0,-0.0048847198486328125
19712834577,22200147,22185,22185,0,0,0,-0.5884838104248047,0,0.0036630630493164062,0,0.0048847198486328125
19715256347,22202121,22187,22187,0,0,0,-0.5884838104248047,0,0.010989189147949219,0,0.0048847198486328125
19717678117,22203123,22188,22188,0,0,0,-0.5884838104248047,0,-0.0036630630493164062,0,0.0048847198486328125
19720099887,22205130,22190,22190,0,0,0,-0.5884838104248047,0,-0.010989189147949219,0,0.0048847198486328125
19721713945,22209121,22194,22194,0,0,0,-0.5884838104248047,0,0.010989189147949219,0,-0.0048847198486328125
19723327982,22210121,22195,22195,0,0,0,-0.5884838104248047,0,-0.0036630630493164062,0,-0.0048847198486328125
19724942019,22211121,22196,22196,0,0,0,-0.5884838104248047,0,0.010989189147949219,0,-0.014652252197265625
19726556056,22212125,22197,22198,0,0,0,-0.5884838104248047,0,-0.010989189147949219,0,-0.014652252197265625
19728170093,22214135,22199,22199,0,0,0,-0.5884838104248047,0,0.0036630630493164062,0,-0.0048847198486328125
19729784130,22216123,22201,22201,0,0,0,-0.5884838104248047,0,0.0036630630493164062,0,-0.014652252197265625
19731398167,22217121,22202,22202,0,0,0,-0.5884838104248047,0,-0.0036630630493164062,0,-0.014652252197265625
19733012204,22219121,22204,22204,0,0,0,-0.5884838104248047,0,-0.010989189147949219,0,-0.0048847198486328125
19734626241,22220124,22205,22205,0,0,0,-0.5884838104248047,0,-0.0036630630493164062,0,-0.014652252197265625
19736240278,22221121,22206,22206,0,0,0,-0.5884838104248047,0,-0.010989189147949219,0,-0.014652252197265625
19737854315,22223121,22208,22208,0,0,0,-0.5884838104248047,0,0.0036630630493164062,0,-0.0048847198486328125
19739468352,22225129,22210,22210,0,0,0,-0.5884838104248047,0,-0.0036630630493164062,0,-0.0048847198486328125
19741082389,22226121,22211,22211,0,0,0,-0.5884838104248047,0,0.010989189147949219,0,-0.0048847198486328125
19742696426,22228139,22213,22213,0,0,0,-0.5884838104248047,0,0.010989189147949219,0,-0.014652252197265625
19744310463,22229125,22214,22214,0,0,0,-0.5884838104248047,0,-0.010989189147949219,0,-0.0048847198486328125
19745924500,22230120,22216,22216,0,0,0,-0.5884838104248047,0,-0.0036630630493164062,0,-0.0048847198486328125
19749136875,22242135,22227,22227,0,0,0,-0.5884838104248047,0,0.0036630630493164062,0,-0.014652252197265625
19752349250,22243124,22228,22228,0,0,0,-0.5884838104248047,0,0.0036630630493164062,0,-0.024419784545898438
19755561625,22245131,22230,22230,0,0,0,-0.5884838104248047,0,0.010989189147949219,0,-0.014652252197265625
19758774000,22246120,22231,22231,0,0,0,-0.5884838104248047,0,-0.0036630630493164062,0,-0.014652252197265625
19761986375,22247121,22232,22232,0,0,0,-0.5884838104248047,0,-0.010989189147949219,0,-0.014652252197265625
19765198750,22249124,22234,22234,0,0,0,-0.5884838104248047,0,-0.010989189147949219,0,-0.0048847198486328125
19768411125,22250129,22235,22235,0,0,0,-0.5884838104248047,0,0.01831531524658203,0,-0.014652252197265625
19771623500,22251121,22236,22236,0,0,0,-0.5884838104248047,0,0.0036630630493164062,0,-0.0048847198486328125
19774835875,22253123,22238,22238,0,0,0,-0.5884838104248047,0,-0.0036630630493164062,0,-0.0048847198486328125
19778048250,22273121,22258,22258,0,0,0,-0.5884838104248047,0,-0.010989189147949219,0,-0.0048847198486328125
19781260625,22277121,22262,22262,0,0,0,-0.5884838104248047,0,0.0036630630493164062,0,-0.014652252197265625
19784473000,22278124,22263,22263,0,0,0,-0.5884838104248047,0,-0.0036630630493164062,0,-0.014652252197265625
19787685375,22279122,22264,22264,0,0,0,-0.5884838104248047,0,-0.010989189147949219,0,-0.014652252197265625
19790897750,22280121,22265,22265,0,0,0,-0.5884838104248047,0,0.0036630630493164062,0,-0.0048847198486328125
19794110125,22281121,22266,22266,0,0,0,-0.5884838104248047,0,-0.0036630630493164062,0,-0.0048847198486328125
19797322500,22282123,22267,22267,0,0,0,-0.5884838104248047,0,-0.0036630630493164062,0,-0.0048847198486328125
19799427910,22284135,22269,22270,0,0,0,-0.5884838104248047,0,0.0036630630493164062,0,-0.024419784545898438
19800931733,22292121,22277,22277,0,0,0,-0.5884838104248047,0,-0.0036630630493164062,0,-0.0048847198486328125
19802435556,22293121,22278,22278,0,0,0,-0.5884838104248047,0,0.0036630630493164062,0,-0.0048847198486328125
19803939379,22295131,22280,22280,0,0,0,-0.5884838104248047,0,0.0036630630493164062,0,0.0048847198486328125
19805443202,22296122,22281,22281,0,0,0,-0.5884838104248047,0,-0.025641441345214844,0,-0.0048847198486328125
19806947025,22297129,22282,22282,0,0,0,-0.5884838104248047,0,-0.0036630630493164062,0,-0.0048847198486328125
19808450848,22298135,22283,22283,0,0,0,-0.5884838104248047,0,-0.010989189147949219,0,-0.0048847198486328125
19809954671,22299129,22284,22284,0,0,0,-0.5884838104248047,0,0.01831531524658203,0,-0.0048847198486328125
19811458494,22300131,22285,22285,0,0,0,-0.5884838104248047,0,0.0036630630493164062,0,-0.0048847198486328125
19812962317,22304121,22289,22289,0,0,0,-0.5884838104248047,0,-0.0036630630493164062,0,-0.0048847198486328125
19814466140,22305129,22290,22290,0,0,0,-0.5884838104248047,0,0.0036630630493164062,0,-0.0048847198486328125
19815969963,22307125,22292,22292,0,0,0,-0.5884838104248047,0,-0.0036630630493164062,0,-0.014652252197265625
19817473786,22308121,22293,22293,0,0,0,-0.5884838104248047,0,-0.010989189147949219,0,-0.014652252197265625
19818977609,22309121,22294,22294,0,0,0,-0.5884838104248047,0,-0.010989189147949219,0,-0.014652252197265625
19820481432,22310121,22295,22295,0,0,0,-0.5884838104248047,0,0.0036630630493164062,0,-0.0048847198486328125
19821985255,22311130,22296,22296,0,0,0,-0.5884838104248047,0,0.0036630630493164062,0,-0.014652252197265625
19823489078,22312139,22297,22297,0,0,0,-0.5884838104248047,0,-0.010989189147949219,0,-0.014652252197265625
19824992901,22313125,22298,22298,0,0,0,-0.5884838104248047,0,0.0036630630493164062,0,-0.014652252197265625
19826496724,22314121,22299,22299,0,0,0,-0.5884838104248047,0,0.0036630630493164062,0,-0.014652252197265625
19828000547,22315133,22300,22300,0,0,0,-0.5884838104248047,0,0.010989189147949219,0,-0.014652252197265625
19829504370,22317121,22302,22302,0,0,0,-0.5884838104248047,0,-0.0036630630493164062,0,-0.014652252197265625
19831008193,22318121,22303,22303,0,0,0,-0.5884838104248047,0,0.0036630630493164062,0,-0.0048847198486328125
19832512016,22319123,22304,22304,0,0,0,-0.5884838104248047,0,0.0036630630493164062,0,-0.0048847198486328125
19834015839,22320125,22305,22305,0,0,0,-0.5884838104248047,0,-0.0036630630493164062,0,-0.0048847198486328125
19835519662,22321121,22306,22306,0,0,0,-0.5884838104248047,0,-0.025641441345214844,0,-0.014652252197265625
19837023485,22322121,22307,22307,0,0,0,-0.5884838104248047,0,-0.01831531524658203,0,-0.0048847198486328125
19838233430,22325137,22310,22310,0,0,0,-0.5884838104248047,0,0.01831531524658203,0,-0.0048847198486328125
19839443348,22326135,22311,22311,0,0,0,-0.5884838104248047,0,-0.0036630630493164062,0,-0.0048847198486328125
19840653266,22327125,22312,22312,0,0,0,-0.5884838104248047,0,-0.0036630630493164062,0,-0.0048847198486328125
19841863184,22328124,22313,22313,0,0,0,-0.5884838104248047,0,0.0036630630493164062,0,-0.0048847198486328125
19843073102,22329121,22314,22314,0,0,0,-0.5884838104248047,0,0.0036630630493164062,0,-0.014652252197265625
19844283020,22330120,22315,22315,0,0,0,-0.5884838104248047,0,0.010989189147949219,0,-0.0048847198486328125
19845492938,22331121,22316,22316,0,0,0,-0.5884838104248047,0,0.01831531524658203,0,-0.0048847198486328125
19846702856,22332124,22317,22317,0,0,0,-0.5884838104248047,0,0.0036630630493164062,0,-0.0048847198486328125
19847912774,22333121,22318,22318,0,0,0,-0.5884838104248047,0,-0.0036630630493164062,0,-0.0048847198486328125
19849122692,22334121,22319,22319,0,0,0,-0.5884838104248047,0,-0.025641441345214844,0,-0.0048847198486328125
19850332610,22335129,22320,22320,0,0,0,-0.5884838104248047,0,-0.03296661376953125,0,-0.0048847198486328125
19851542528,22337121,22322,22322,0,0,0,-0.5884838104248047,0,-0.010989189147949219,0,-0.014652252197265625
19852752446,22338120,22323,22323,0,0,0,-0.5884838104248047,0,-0.0036630630493164062,0,-0.014652252197265625
19853962364,22339129,22324,22324,0,0,0,-0.5884838104248047,0,0.0036630630493164062,0,-0.014652252197265625
19855172282,22340137,22325,22325,0,0,0,-0.5884838104248047,0,-0.0036630630493164062,0,-0.014652252197265625
19856382200,22341125,22326,22326,0,0,0,-0.5884838104248047,0,-0.0036630630493164062,0,-0.014652252197265625
19857636760,22345130,22330,22330,0,0,0,-0.5884838104248047,0,0.0036630630493164062,0,-0.014652252197265625
19858891316,22347122,22332,22332,0,0,0,-0.5884838104248047,0,0.010989189147949219,0,-0.014652252197265625
19860145872,22348122,22333,22333,0,0,0,-0.5884838104248047,0,-0.01831531524658203,0,-0.014652252197265625
19861400428,22349125,22334,22334,0,0,0,-0.5884838104248047,0,-0.025641441345214844,0,-0.014652252197265625
19862654984,22350129,22335,22335,0,0,0,-0.5884838104248047,0,0.0036630630493164062,0,-0.0048847198486328125
19863909540,22350129,22336,22336,0,0,0,-0.5884838104248047,0,-0.0036630630493164062,0,-0.014652252197265625
19865164096,22351121,22336,22337,0,0,0,-0.5884838104248047,0,-0.0036630630493164062,0,-0.014652252197265625
19866418652,22353131,22338,22338,0,0,0,-0.5884838104248047,0,-0.0036630630493164062,0,-0.014652252197265625
19867673208,22354135,22339,22339,0,0,0,-0.5884838104248047,0,0.0036630630493164062,0,-0.024419784545898438
19868927764,22355133,22340,22340,0,0,0,-0.5884838104248047,0,-0.0036630630493164062,0,-0.014652252197265625
19870182320,22356121,22341,22341,0,0,0,-0.5884838104248047,0,-0.0036630630493164062,0,-0.014652252197265625
19871436876,22357125,22342,22342,0,0,0,-0.5884838104248047,0,-0.010989189147949219,0,-0.0048847198486328125
19872691432,22358121,22343,22343,0,0,0,-0.5884838104248047,0,0.025641441345214844,0,-0.0048847198486328125
19873945988,22359121,22344,22344,0,0,0,-0.5884838104248047,0,-0.01831531524658203,0,-0.0048847198486328125
19875200544,22360121,22345,22345,0,0,0,-0.5884838104248047,0,-0.0036630630493164062,0,-0.0048847198486328125
19876455100,22361123,22346,22346,0,0,0,-0.5884838104248047,0,-0.0036630630493164062,0,-0.0048847198486328125
19877618075,22364122,22349,22349,0,0,0,-0.5884838104248047,0,-0.010989189147949219,0,-0.014652252197265625
19878781050,22365133,22350,22350,0,0,0,-0.5884838104248047,0,-0.010989189147949219,0,-0.014652252197265625
19879944025,22365133,22351,22351,0,0,0,-0.5884838104248047,0,-0.01831531524658203,0,-0.014652252197265625
19881107000,22366121,22351,22351,0,0,0,-0.5884838104248047,0,-0.0036630630493164062,0,-0.0048847198486328125
19882269975,22367129,22352,22352,0,0,0,-0.5884838104248047,0,-0.010989189147949219,0,-0.0048847198486328125
19883432950,22368135,22353,22353,0,0,0,-0.5884838104248047,0,-0.010989189147949219,0,-0.0048847198486328125
19884595925,22370120,22355,22355,0,0,0,-0.5884838104248047,0,0.0036630630493164062,0,-0.0048847198486328125
19885758900,22371121,22356,22356,0,0,0,-0.5884838104248047,0,0.0036630630493164062,0,-0.0048847198486328125
19886921875,22372121,22358,22358,0,0,0,-0.5884838104248047,0,0.0036630630493164062,0,-0.0048847198486328125
19888084850,22373124,22358,22358,0,0,0,-0.5884838104248047,0,-0.01831531524658203,0,-0.0048847198486328125
19889247825,22374121,22359,22359,0,0,0,-0.5884838104248047,0,-0.010989189147949219,0,-0.0048847198486328125
19890410800,22375129,22360,22360,0,0,0,-0.5884838104248047,0,0.010989189147949219,0,-0.0048847198486328125
19891573775,22376121,22361,22361,0,0,0,-0.5884838104248047,0,0.0036630630493164062,0,-0.0048847198486328125
19892736750,22377123,22363,22363,0,0,0,-0.5884838104248047,0,-0.010989189147949219,0,-0.0048847198486328125
19893899725,22379122,22364,22364,0,0,0,-0.5884838104248047,0,-0.0036630630493164062,0,-0.014652252197265625
19895062700,22380121,22365,22365,0,0,0,-0.5884838104248047,0,0.0036630630493164062,0,-0.014652252197265625
19896928835,22382137,22367,22367,0,0,0,-0.5884838104248047,0,-0.010989189147949219,0,-0.024419784545898438
19898794966,22384121,22369,22369,0,0,0,-0.5884838104248047,0,-0.010989189147949219,0,-0.014652252197265625
19900661097,22385129,22370,22370,0,0,0,-0.5884838104248047,0,-0.025641441345214844,0,-0.024419784545898438
19902527228,22387121,22372,22372,0,0,0,-0.5884838104248047,0,0.0036630630493164062,0,-0.014652252197265625
19904393359,22389121,22374,22374,0,0,0,-0.5884838104248047,0,0.0036630630493164062,0,-0.014652252197265625
19906259490,22392121,22377,22377,0,0,0,-0.5884838104248047,0,0.0036630630493164062,0,-0.0048847198486328125
19908125621,22394124,22379,22379,0,0,0,-0.5884838104248047,0,-0.0036630630493164062,0,-0.0048847198486328125
19909991752,22395139,22380,22380,0,0,0,-0.5884838104248047,0,-0.0036630630493164062,0,-0.0048847198486328125
19911857883,22396136,22382,22382,0,0,0,-0.5884838104248047,0,-0.0036630630493164062,0,-0.0048847198486328125
19913724014,22398122,22383,22383,0,0,0,-0.5884838104248047,0,-0.0036630630493164062,0,-0.0048847198486328125
19915590145,22400130,22385,22385,0,0,0,-0.5884838104248047,0,-0.010989189147949219,0,-0.014652252197265625
19917456276,22401123,22386,22386,0,0,0,-0.5884838104248047,0,0.0036630630493164062,0,-0.0048847198486328125
19919322407,22404121,22389,22389,0,0,0,-0.5884838104248047,0,-0.0036630630493164062,0,-0.014652252197265625
19921188538,22405130,22390,22390,0,0,0,-0.5884838104248047,0,-0.0036630630493164062,0,-0.014652252197265625
19923054669,22407125,22392,22392,0,0,0,-0.5884838104248047,0,-0.010989189147949219,0,-0.014652252197265625
19924920800,22409129,22394,22395,0,0,0,-0.5884838104248047,0,-0.0036630630493164062,0,-0.014652252197265625
19926750420,22413121,22398,22398,0,0,0,-0.5884838104248047,0,-0.010989189147949219,0,-0.014652252197265625
19928580032,22414120,22399,22399,0,0,0,-0.5884838104248047,0,-0.010989189147949219,0,-0.0048847198486328125
19930409644,22416121,22401,22401,0,0,0,-0.5884838104248047,0,0.010989189147949219,0,-0.0048847198486328125
19932239256,22417121,22402,22402,0,0,0,-0.5884838104248047,0,-0.010989189147949219,0,-0.0048847198486328125
19934068868,22419123,22404,22404,0,0,0,-0.5884838104248047,0,-0.025641441345214844,0,-0.0048847198486328125
19935898480,22421121,22406,22406,0,0,0,-0.5884838104248047,0,-0.0036630630493164062,0,-0.0048847198486328125
19937728092,22423132,22408,22408,0,0,0,-0.5884838104248047,0,0.0036630630493164062,0,-0.0048847198486328125
19939557704,22424135,22409,22409,0,0,0,-0.5884838104248047,0,0.0036630630493164062,0,-0.0048847198486328125
19941387316,22426121,22411,22411,0,0,0,-0.5884838104248047,0,0.0036630630493164062,0,-0.0048847198486328125
19943216928,22427123,22412,22412,0,0,0,-0.5884838104248047,0,-0.01831531524658203,0,-0.014652252197265625
19945046540,22429122,22414,22414,0,0,0,-0.5884838104248047,0,0.0036630630493164062,0,-0.014652252197265625
19946876152,22431125,22416,22416,0,0,0,-0.5884838104248047,0,0.0036630630493164062,0,-0.014652252197265625
19948705764,22433121,22418,22418,0,0,0,-0.5884838104248047,0,0.0036630630493164062,0,-0.014652252197265625
19950535376,22434121,22419,22419,0,0,0,-0.5884838104248047,0,-0.01831531524658203,0,-0.0048847198486328125
19952364988,22437130,22422,22422,0,0,0,-0.5884838104248047,0,-0.0036630630493164062,0,-0.0048847198486328125
19954194600,22438135,22423,22423,0,0,0,-0.5884838104248047,0,0.0036630630493164062,0,-0.014652252197265625
19956281085,22442121,22427,22427,0,0,0,-0.5884838104248047,0,-0.0036630630493164062,0,-0.0048847198486328125
19958367566,22444124,22429,22429,0,0,0,-0.5884838104248047,0,-0.0036630630493164062,0,-0.0048847198486328125
19960454047,22445130,22430,22431,0,0,0,-0.5884838104248047,0,-0.0036630630493164062,0,-0.0048847198486328125
19962540528,22448123,22433,22433,0,0,0,-0.5884838104248047,0,-0.0036630630493164062,0,-0.0048847198486328125
19964627009,22450129,22435,22435,0,0,0,-0.5884838104248047,0,-0.0036630630493164062,0,-0.0048847198486328125
19966713490,22452141,22437,22437,0,0,0,-0.5884838104248047,0,-0.025641441345214844,0,-0.0048847198486328125
19968799971,22454120,22439,22439,0,0,0,-0.5884838104248047,0,-0.010989189147949219,0,0.0048847198486328125
19970886452,22455130,22440,22440,0,0,0,-0.5884838104248047,0,0.01831531524658203,0,-0.0048847198486328125
19972972933,22457121,22442,22442,0,0,0,-0.5884838104248047,0,0.0036630630493164062,0,-0.0048847198486328125
19975059414,22458121,22443,22443,0,0,0,-0.5884838104248047,0,-0.0036630630493164062,0,-0.0048847198486328125
19977145895,22459121,22444,22444,0,0,0,-0.5884838104248047,0,0.0036630630493164062,0,-0.0048847198486328125
19979232376,22460125,22445,22445,0,0,0,-0.5884838104248047,0,0.0036630630493164062,0,-0.0048847198486328125
19981318857,22462121,22447,22447,0,0,0,-0.5884838104248047,0,-0.01831531524658203,0,-0.0048847198486328125
19983405338,22464123,22449,22449,0,0,0,-0.5884838104248047,0,-0.0036630630493164062,0,-0.0048847198486328125
19985491819,22466135,22451,22451,0,0,0,-0.5884838104248047,0,-0.025641441345214844,0,-0.014652252197265625
19987578300,22468121,22453,22453,0,0,0,-0.5884838104248047,0,0.0036630630493164062,0,-0.0048847198486328125
19989728738,22478121,22463,22463,0,0,0,-0.5884838104248047,0,-0.0036630630493164062,0,-0.0048847198486328125
19991879171,22480135,22465,22465,0,0,0,-0.5884838104248047,0,-0.01831531524658203,0,-0.0048847198486328125
19994029604,22482120,22467,22467,0,0,0,-0.5884838104248047,0,-0.01831531524658203,0,-0.0048847198486328125
19996180037,22484121,22469,22469,0,0,0,-0.5884838104248047,0,-0.010989189147949219,0,-0.0048847198486328125
19998330470,22487121,22472,22472,0,0,0,-0.5884838104248047,0,-0.0036630630493164062,0,-0.0048847198486328125
20000480903,22489125,22474,22474,0,0,0,-0.5884838104248047,0,-0.0036630630493164062,0,-0.0048847198486328125
20002631336,22490121,22475,22475,0,0,0,-0.5884838104248047,0,-0.0036630630493164062,0,-0.0048847198486328125
20004781769,22492122,22477,22477,0,0,0,-0.5884838104248047,0,-0.0036630630493164062,0,-0.0048847198486328125
20006932202,22493130,22478,22478,0,0,0,-0.5884838104248047,0,-0.01831531524658203,0,-0.0048847198486328125
20009082635,22495134,22480,22480,0,0,0,-0.5884838104248047,0,-0.0036630630493164062,0,-0.0048847198486328125
20011233068,22497121,22482,22482,0,0,0,-0.5884838104248047,0,0.0036630630493164062,0,-0.014652252197265625
20013383501,22499121,22484,22484,0,0,0,-0.5884838104248047,0,-0.0036630630493164062,0,-0.0048847198486328125
20015533934,22501123,22486,22486,0,0,0,-0.5884838104248047,0,0.0036630630493164062,0,-0.014652252197265625
20017684367,22503121,22488,22488,0,0,0,-0.5884838104248047,0,0.010989189147949219,0,-0.0048847198486328125
20019834800,22504120,22489,22490,0,0,0,-0.5884838104248047,0,-0.0036630630493164062,0,-0.0048847198486328125
20021760635,22508135,22493,22493,0,0,0,-0.5884838104248047,0,-0.010989189147949219,0,-0.0048847198486328125
20023686466,22509125,22494,22494,0,0,0,-0.5884838104248047,0,-0.0036630630493164062,0,-0.0048847198486328125
20025612297,22511121,22496,22496,0,0,0,-0.5884838104248047,0,0.010989189147949219,0,-0.0048847198486328125
20027538128,22513121,22498,22498,0,0,0,-0.5884838104248047,0,0.0036630630493164062,0,0.0048847198486328125
20029463959,22515129,22500,22500,0,0,0,-0.5884838104248047,0,-0.0036630630493164062,0,0.0048847198486328125
20031389790,22517121,22502,22502,0,0,0,-0.5884838104248047,0,0.0036630630493164062,0,0.0048847198486328125
20033315621,22518124,22503,22503,0,0,0,-0.5884838104248047,0,-0.01831531524658203,0,-0.0048847198486328125
20035241452,22521129,22506,22506,0,0,0,-0.5884838104248047,0,0.010989189147949219,0,-0.0048847198486328125
20037167283,22522137,22507,22507,0,0,0,-0.5884838104248047,0,0.010989189147949219,0,-0.0048847198486328125
20039093114,22524121,22509,22509,0,0,0,-0.5884838104248047,0,0.0036630630493164062,0,-0.0048847198486328125
20041018945,22526121,22511,22511,0,0,0,-0.5884838104248047,0,-0.0036630630493164062,0,-0.0048847198486328125
20042944776,22527123,22512,22512,0,0,0,-0.5884838104248047,0,0.010989189147949219,0,0.0048847198486328125
20044870607,22530121,22515,22515,0,0,0,-0.5884838104248047,0,-0.01831531524658203,0,-0.014652252197265625
20046796438,22532122,22517,22517,0,0,0,-0.5884838104248047,0,0.0036630630493164062,0,-0.0048847198486328125
20048722269,22534121,22519,22519,0,0,0,-0.5884838104248047,0,-0.0036630630493164062,0,-0.0048847198486328125
20050648100,22535139,22520,22520,0,0,0,-0.5884838104248047,0,-0.025641441345214844,0,-0.014652252197265625
20052296260,22539125,22524,22524,0,0,0,-0.5884838104248047,0,-0.01831531524658203,0,-0.014652252197265625
20053944416,22540121,22525,22526,0,0,0,-0.5884838104248047,0,0.010989189147949219,0,-0.014652252197265625
20055592572,22542121,22527,22527,0,0,0,-0.5884838104248047,0,0.010989189147949219,0,-0.014652252197265625
20057240728,22544121,22529,22529,0,0,0,-0.5884838104248047,0,0.0036630630493164062,0,-0.024419784545898438
20058888884,22545130,22530,22530,0,0,0,-0.5884838104248047,0,0.010989189147949219,0,-0.014652252197265625
20060537040,22547125,22532,22532,0,0,0,-0.5884838104248047,0,-0.0036630630493164062,0,-0.014652252197265625
20062185196,22548120,22533,22533,0,0,0,-0.5884838104248047,0,0.0036630630493164062,0,-0.014652252197265625
20063833352,22550143,22535,22535,0,0,0,-0.5884838104248047,0,0.0036630630493164062,0,-0.0048847198486328125
20065481508,22552127,22537,22537,0,0,0,-0.5884838104248047,0,-0.010989189147949219,0,-0.0048847198486328125
20067129664,22553122,22538,22538,0,0,0,-0.5884838104248047,0,-0.010989189147949219,0,-0.0048847198486328125
20068777820,22554121,22539,22539,0,0,0,-0.5884838104248047,0,0.0036630630493164062,0,-0.014652252197265625
20070425976,22556123,22541,22541,0,0,0,-0.5884838104248047,0,-0.01831531524658203,0,-0.0048847198486328125
20072074132,22557121,22542,22542,0,0,0,-0.5884838104248047,0,-0.010989189147949219,0,-0.0048847198486328125
20073722288,22558121,22543,22543,0,0,0,-0.5884838104248047,0,-0.010989189147949219,0,-0.0048847198486328125
20075370444,22559121,22544,22544,0,0,0,-0.5884838104248047,0,0.0036630630493164062,0,-0.0048847198486328125
20077018600,22562121,22547,22547,0,0,0,-0.5884838104248047,0,0.0036630630493164062,0,-0.014652252197265625
20078903930,22565137,22550,22550,0,0,0,-0.5884838104248047,0,0.0036630630493164062,0,-0.014652252197265625
20080789248,22567121,22552,22552,0,0,0,-0.5884838104248047,0,-0.01831531524658203,0,-0.014652252197265625
20082674566,22570120,22555,22555,0,0,0,-0.5884838104248047,0,-0.010989189147949219,0,-0.014652252197265625
20084559884,22571121,22556,22556,0,0,0,-0.5884838104248047,0,-0.01831531524658203,0,-0.014652252197265625
20086445202,22573121,22558,22558,0,0,0,-0.5884838104248047,0,0.01831531524658203,0,-0.014652252197265625
20088330520,22575129,22560,22560,0,0,0,-0.5884838104248047,0,-0.0036630630493164062,0,-0.0048847198486328125
20090215838,22577129,22562,22562,0,0,0,-0.5884838104248047,0,-0.0036630630493164062,0,-0.0048847198486328125
20092101156,22579125,22564,22564,0,0,0,-0.5884838104248047,0,-0.010989189147949219,0,-0.0048847198486328125
20093986474,22580122,22565,22565,0,0,0,-0.5884838104248047,0,0.010989189147949219,0,-0.014652252197265625
20095871792,22582121,22567,22567,0,0,0,-0.5884838104248047,0,-0.01831531524658203,0,-0.0048847198486328125
20097757110,22583120,22568,22568,0,0,0,-0.5884838104248047,0,0.0036630630493164062,0,-0.0048847198486328125
20099642428,22585131,22570,22570,0,0,0,-0.5884838104248047,0,0.010989189147949219,0,-0.0048847198486328125
20101527746,22587121,22572,22572,0,0,0,-0.5884838104248047,0,-0.0036630630493164062,0,-0.0048847198486328125
20103413064,22588120,22574,22574,0,0,0,-0.5884838104248047,0,-0.0036630630493164062,0,-0.0048847198486328125
20105298382,22590121,22575,22575,0,0,0,-0.5884838104248047,0,0.0036630630493164062,0,-0.014652252197265625
20107183700,22591129,22577,22577,0,0,0,-0.5884838104248047,0,-0.0036630630493164062,0,-0.014652252197265625
20108701850,22598121,22583,22583,0,0,0,-0.5884838104248047,0,-0.0036630630493164062,0,-0.0048847198486328125
20110220000,22599121,22584,22584,0,0,0,-0.5884838104248047,0,-0.010989189147949219,0,-0.014652252197265625
20111738150,22600130,22585,22585,0,0,0,-0.5884838104248047,0,-0.010989189147949219,0,-0.014652252197265625
20113256300,22601125,22586,22586,0,0,0,-0.5884838104248047,0,0.0036630630493164062,0,-0.014652252197265625
20114774450,22602121,22587,22587,0,0,0,-0.5884838104248047,0,-0.01831531524658203,0,-0.0048847198486328125
20116292600,22603121,22588,22588,0,0,0,-0.5884838104248047,0,-0.0036630630493164062,0,0.0048847198486328125
20117810750,22604121,22589,22589,0,0,0,-0.5884838104248047,0,-0.0036630630493164062,0,-0.0048847198486328125
20119328900,22605141,22590,22590,0,0,0,-0.5884838104248047,0,0.0036630630493164062,0,-0.0048847198486328125
20120847050,22607125,22592,22592,0,0,0,-0.5884838104248047,0,-0.0036630630493164062,0,-0.0048847198486328125
20122365200,22609123,22594,22594,0,0,0,-0.5884838104248047,0,-0.0036630630493164062,0,-0.0048847198486328125
20123883350,22610124,22595,22595,0,0,0,-0.5884838104248047,0,0.0036630630493164062,0,-0.0048847198486328125
20125401500,22611121,22596,22596,0,0,0,-0.5884838104248047,0,-0.0036630630493164062,0,-0.0048847198486328125
20126919650,22612121,22597,22597,0,0,0,-0.5884838104248047,0,-0.01831531524658203,0,-0.0048847198486328125
20128437800,22614123,22599,22599,0,0,0,-0.5884838104248047,0,0.0036630630493164062,0,-0.0048847198486328125
20129955950,22615129,22600,22600,0,0,0,-0.5884838104248047,0,-0.01831531524658203,0,-0.0048847198486328125
20131474100,22616121,22601,22601,0,0,0,-0.5884838104248047,0,0.01831531524658203,0,-0.0048847198486328125
20133800445,22620135,22605,22605,0,0,0,-0.5884838104248047,0,-0.010989189147949219,0,0.0048847198486328125
20136126782,22621125,22606,22606,0,0,0,-0.5884838104248047,0,-0.025641441345214844,0,-0.0048847198486328125
20138453119,22624120,22609,22609,0,0,0,-0.5884838104248047,0,-0.0036630630493164062,0,-0.0048847198486328125
20140779456,22626124,22611,22611,0,0,0,-0.5884838104248047,0,-0.0036630630493164062,0,-0.0048847198486328125
20143105793,22629121,22614,22614,0,0,0,-0.5884838104248047,0,0.0036630630493164062,0,-0.0048847198486328125
20145432130,22631121,22616,22616,0,0,0,-0.5884838104248047,0,0.0036630630493164062,0,-0.0048847198486328125
20147758467,22633129,22618,22618,0,0,0,-0.5884838104248047,0,-0.010989189147949219,0,-0.0048847198486328125
20150084804,22635135,22620,22620,0,0,0,-0.5884838104248047,0,-0.0036630630493164062,0,-0.014652252197265625
20152411141,22637121,22622,22622,0,0,0,-0.5884838104248047,0,-0.010989189147949219,0,-0.014652252197265625
20154737478,22640121,22625,22625,0,0,0,-0.5884838104248047,0,-0.0036630630493164062,0,-0.014652252197265625
20157063815,22642121,22627,22627,0,0,0,-0.5884838104248047,0,-0.0036630630493164062,0,-0.0048847198486328125
20159390152,22643123,22628,22628,0,0,0,-0.5884838104248047,0,-0.0036630630493164062,0,-0.0048847198486328125
20161716489,22645130,22630,22630,0,0,0,-0.5884838104248047,0,0.0036630630493164062,0,-0.0048847198486328125
20164042826,22646121,22631,22631,0,0,0,-0.5884838104248047,0,-0.010989189147949219,0,-0.014652252197265625
20166369163,22650129,22635,22635,0,0,0,-0.5884838104248047,0,-0.0036630630493164062,0,-0.0048847198486328125
20168695500,22652123,22637,22637,0,0,0,-0.5884838104248047,0,0.0036630630493164062,0,-0.0048847198486328125
20170924472,22658121,22643,22643,0,0,0,-0.5884838104248047,0,-0.010989189147949219,0,0.0048847198486328125
20173153441,22659123,22644,22645,0,0,0,-0.5884838104248047,0,0.010989189147949219,0,-0.0048847198486328125
20175382410,22661129,22646,22646,0,0,0,-0.5884838104248047,0,-0.0036630630493164062,0,-0.0048847198486328125
20177611379,22663128,22648,22648,0,0,0,-0.5884838104248047,0,-0.010989189147949219,0,-0.0048847198486328125
20179840348,22664121,22650,22650,0,0,0,-0.5884838104248047,0,-0.01831531524658203,0,-0.0048847198486328125
20182069317,22666121,22651,22651,0,0,0,-0.5884838104248047,0,-0.0036630630493164062,0,-0.0048847198486328125
20184298286,22671122,22656,22656,0,0,0,-0.5884838104248047,0,0.010989189147949219,0,-0.0048847198486328125
20186527255,22672123,22657,22657,0,0,0,-0.5884838104248047,0,0.0036630630493164062,0,-0.0048847198486328125
20188756224,22674121,22659,22659,0,0,0,-0.5884838104248047,0,-0.0036630630493164062,0,-0.0048847198486328125
20190985193,22675137,22660,22660,0,0,0,-0.5884838104248047,0,-0.010989189147949219,0,-0.014652252197265625
20193214162,22677125,22662,22662,0,0,0,-0.5884838104248047,0,-0.0036630630493164062,0,-0.014652252197265625
20195443131,22679121,22664,22664,0,0,0,-0.5884838104248047,0,-0.0036630630493164062,0,-0.0048847198486328125
20197672100,22681121,22666,22666,0,0,0,-0.5884838104248047,0,0.0036630630493164062,0,-0.0048847198486328125
20199676486,22687121,22672,22672,0,0,0,-0.5884838104248047,0,-0.0036630630493164062,0,-0.0048847198486328125
20201680864,22689133,22674,22674,0,0,0,-0.5884838104248047,0,0.0036630630493164062,0,-0.0048847198486328125
20203685242,22691125,22676,22676,0,0,0,-0.5884838104248047,0,-0.010989189147949219,0,-0.0048847198486328125
20205689620,22692124,22677,22677,0,0,0,-0.5884838104248047,0,-0.01831531524658203,0,-0.0048847198486328125
20207693998,22694121,22679,22679,0,0,0,-0.5884838104248047,0,0.0036630630493164062,0,-0.0048847198486328125
20209698376,22696123,22681,22681,0,0,0,-0.5884838104248047,0,-0.010989189147949219,0,-0.0048847198486328125
20211702754,22697125,22682,22682,0,0,0,-0.5884838104248047,0,-0.010989189147949219,0,-0.014652252197265625
20213707132,22700130,22686,22686,0,0,0,-0.5884838104248047,0,0.010989189147949219,0,0.0048847198486328125
20215711510,22702121,22687,22687,0,0,0,-0.5884838104248047,0,-0.0036630630493164062,0,0.0048847198486328125
20217715888,22704136,22689,22689,0,0,0,-0.5884838104248047,0,-0.01831531524658203,0,0.0048847198486328125
20219720266,22705137,22690,22690,0,0,0,-0.5884838104248047,0,-0.0036630630493164062,0,-0.0048847198486328125
20221724644,22706121,22691,22691,0,0,0,-0.5884838104248047,0,-0.010989189147949219,0,-0.0048847198486328125
20223729022,22708121,22693,22693,0,0,0,-0.5884838104248047,0,-0.0036630630493164062,0,-0.014652252197265625
20225733400,22710121,22695,22695,0,0,0,-0.5884838104248047,0,0.0036630630493164062,0,-0.014652252197265625
20228139396,22717130,22702,22702,0,0,0,-0.5884838104248047,0,-0.010989189147949219,0,0.0048847198486328125
20230545382,22721125,22706,22706,0,0,0,-0.5884838104248047,0,-0.0036630630493164062,0,0.0048847198486328125
20232951368,22724121,22709,22709,0,0,0,-0.5884838104248047,0,-0.0036630630493164062,0,-0.0048847198486328125
20235357354,22725131,22710,22710,0,0,0,-0.5884838104248047,0,0.0036630630493164062,0,-0.014652252197265625
20237763340,22727121,22712,22712,0,0,0,-0.5884838104248047,0,-0.0036630630493164062,0,-0.014652252197265625
20240169326,22729121,22714,22714,0,0,0,-0.5884838104248047,0,0.0036630630493164062,0,-0.014652252197265625
20242575312,22732136,22717,22717,0,0,0,-0.5884838104248047,0,-0.0036630630493164062,0,-0.014652252197265625
20244981298,22734124,22719,22719,0,0,0,-0.5884838104248047,0,-0.01831531524658203,0,-0.014652252197265625
20247387284,22736121,22721,22721,0,0,0,-0.5884838104248047,0,-0.0036630630493164062,0,-0.014652252197265625
20249793270,22737122,22722,22722,0,0,0,-0.5884838104248047,0,-0.010989189147949219,0,-0.0048847198486328125
20252199256,22738123,22723,22724,0,0,0,-0.5884838104248047,0,-0.010989189147949219,0,-0.014652252197265625
20254605242,22741121,22726,22726,0,0,0,-0.5884838104248047,0,0.0036630630493164062,0,-0.014652252197265625
20257011228,22742124,22727,22727,0,0,0,-0.5884838104248047,0,-0.0036630630493164062,0,-0.0048847198486328125
20259417214,22743121,22728,22728,0,0,0,-0.5884838104248047,0,-0.010989189147949219,0,-0.0048847198486328125
20261823200,22745137,22730,22730,0,0,0,-0.5884838104248047,0,-0.0036630630493164062,0,-0.0048847198486328125
20263416118,22750132,22735,22735,0,0,0,-0.5884838104248047,0,0.010989189147949219,0,0.0048847198486328125
20265009032,22752123,22737,22737,0,0,0,-0.5884838104248047,0,0.01831531524658203,0,-0.0048847198486328125
20266601946,22753121,22738,22738,0,0,0,-0.5884838104248047,0,-0.0036630630493164062,0,-0.014652252197265625
20268194860,22755134,22740,22740,0,0,0,-0.5884838104248047,0,-0.0036630630493164062,0,-0.0048847198486328125
20269787774,22756120,22741,22741,0,0,0,-0.5884838104248047,0,-0.0036630630493164062,0,-0.0048847198486328125
20271380688,22757121,22742,22742,0,0,0,-0.5884838104248047,0,-0.0036630630493164062,0,-0.0048847198486328125
20272973602,22759131,22744,22744,0,0,0,-0.5884838104248047,0,-0.0036630630493164062,0,-0.0048847198486328125
20274566516,22761125,22746,22746,0,0,0,-0.5884838104248047,0,-0.010989189147949219,0,-0.0048847198486328125
20276159430,22762120,22747,22748,0,0,0,-0.5884838104248047,0,0.0036630630493164062,0,-0.0048847198486328125
20277752344,22764122,22749,22749,0,0,0,-0.5884838104248047,0,-0.01831531524658203,0,-0.0048847198486328125
20279345258,22765129,22750,22750,0,0,0,-0.5884838104248047,0,-0.010989189147949219,0,-0.0048847198486328125
20280938172,22766121,22751,22751,0,0,0,-0.5884838104248047,0,0.0036630630493164062,0,-0.014652252197265625
20282531086,22768121,22753,22753,0,0,0,-0.5884838104248047,0,0.010989189147949219,0,-0.0048847198486328125
20284124000,22769121,22754,22754,0,0,0,-0.5884838104248047,0,-0.0036630630493164062,0,-0.0048847198486328125
20285691130,22772120,22757,22757,0,0,0,-0.5884838104248047,0,-0.010989189147949219,0,-0.014652252197265625
20287258248,22773129,22758,22758,0,0,0,-0.5884838104248047,0,-0.0036630630493164062,0,-0.014652252197265625
20288825366,22774135,22759,22759,0,0,0,-0.5884838104248047,0,-0.01831531524658203,0,-0.014652252197265625
20290392484,22777121,22762,22762,0,0,0,-0.5884838104248047,0,-0.010989189147949219,0,-0.014652252197265625
20291959602,22778121,22763,22763,0,0,0,-0.5884838104248047,0,0.0036630630493164062,0,-0.0048847198486328125
20293526720,22780120,22765,22765,0,0,0,-0.5884838104248047,0,-0.0036630630493164062,0,-0.0048847198486328125
20295093838,22781120,22766,22766,0,0,0,-0.5884838104248047,0,0.0036630630493164062,0,0.0048847198486328125
20296660956,22782121,22767,22767,0,0,0,-0.5884838104248047,0,-0.0036630630493164062,0,-0.0048847198486328125
20298228074,22784125,22769,22769,0,0,0,-0.5884838104248047,0,-0.0036630630493164062,0,-0.014652252197265625
20299795192,22785130,22770,22770,0,0,0,-0.5884838104248047,0,-0.010989189147949219,0,-0.0048847198486328125
20301362310,22787129,22772,22772,0,0,0,-0.5884838104248047,0,-0.0036630630493164062,0,-0.014652252197265625
20302929428,22788137,22773,22773,0,0,0,-0.5884838104248047,0,-0.010989189147949219,0,-0.0048847198486328125
20304496546,22789125,22774,22774,0,0,0,-0.5884838104248047,0,-0.0036630630493164062,0,-0.014652252197265625
20306063664,22791121,22776,22776,0,0,0,-0.5884838104248047,0,0.0036630630493164062,0,-0.014652252197265625
20307630782,22792124,22777,22777,0,0,0,-0.5884838104248047,0,0.0036630630493164062,0,-0.0048847198486328125
20309197900,22794120,22779,22779,0,0,0,-0.5884838104248047,0,-0.0036630630493164062,0,-0.0048847198486328125
20310931570,22797121,22782,22782,0,0,0,-0.5884838104248047,0,-0.0036630630493164062,0,0.0048847198486328125
20312665232,22799121,22784,22784,0,0,0,-0.5884838104248047,0,-0.010989189147949219,0,-0.0048847198486328125
20314398894,22800135,22785,22785,0,0,0,-0.5884838104248047,0,0.0036630630493164062,0,-0.0048847198486328125
20316132556,22801133,22786,22786,0,0,0,-0.5884838104248047,0,-0.0036630630493164062,0,-0.014652252197265625
20317866218,22803125,22788,22788,0,0,0,-0.5884838104248047,0,-0.0036630630493164062,0,-0.014652252197265625
20319599880,22804122,22789,22789,0,0,0,-0.5884838104248047,0,-0.0036630630493164062,0,-0.014652252197265625
20321333542,22808124,22793,22793,0,0,0,-0.5884838104248047,0,-0.010989189147949219,0,-0.0048847198486328125
20323067204,22810120,22795,22795,0,0,0,-0.5884838104248047,0,-0.0036630630493164062,0,-0.014652252197265625
20324800866,22812122,22797,22797,0,0,0,-0.5884838104248047,0,-0.010989189147949219,0,-0.014652252197265625
20326534528,22813125,22798,22798,0,0,0,-0.5884838104248047,0,-0.0036630630493164062,0,-0.014652252197265625
20328268190,22814121,22799,22799,0,0,0,-0.5884838104248047,0,0.0036630630493164062,0,-0.014652252197265625
20330001852,22816135,22801,22801,0,0,0,-0.5884838104248047,0,-0.01831531524658203,0,-0.014652252197265625
20331735514,22817127,22802,22802,0,0,0,-0.5884838104248047,0,-0.0036630630493164062,0,-0.0048847198486328125
20333469176,22818121,22803,22804,0,0,0,-0.5884838104248047,0,0.0036630630493164062,0,-0.0048847198486328125
20335202838,22820120,22805,22805,0,0,0,-0.5884838104248047,0,-0.0036630630493164062,0,-0.0048847198486328125
20336936500,22821125,22807,22807,0,0,0,-0.5884838104248047,0,0.0036630630493164062,0,0.0048847198486328125
20338641305,22828121,22813,22813,0,0,0,-0.5884838104248047,0,-0.0036630630493164062,0,-0.0048847198486328125
20340346098,22829133,22814,22814,0,0,0,-0.5884838104248047,0,-0.01831531524658203,0,-0.014652252197265625
20342050891,22831125,22816,22816,0,0,0,-0.5884838104248047,0,0.0036630630493164062,0,-0.0048847198486328125
20343755684,22832122,22817,22817,0,0,0,-0.5884838104248047,0,-0.010989189147949219,0,-0.0048847198486328125
20345460477,22833122,22818,22818,0,0,0,-0.5884838104248047,0,-0.01831531524658203,0,-0.0048847198486328125
20347165270,22835130,22820,22820,0,0,0,-0.5884838104248047,0,-0.025641441345214844,0,-0.0048847198486328125
20348870063,22837125,22822,22822,0,0,0,-0.5884838104248047,0,-0.0036630630493164062,0,-0.0048847198486328125
20350574856,22838121,22823,22823,0,0,0,-0.5884838104248047,0,0.010989189147949219,0,-0.0048847198486328125
20352279649,22840121,22825,22825,0,0,0,-0.5884838104248047,0,-0.0036630630493164062,0,-0.0048847198486328125
20353984442,22841122,22826,22826,0,0,0,-0.5884838104248047,0,0.0036630630493164062,0,-0.0048847198486328125
20355689235,22842124,22827,22827,0,0,0,-0.5884838104248047,0,0.0036630630493164062,0,-0.014652252197265625
20357394028,22843129,22828,22829,0,0,0,-0.5884838104248047,0,0.010989189147949219,0,-0.0048847198486328125
20359098821,22845134,22830,22830,0,0,0,-0.5884838104248047,0,-0.025641441345214844,0,-0.0048847198486328125
20360803614,22847121,22832,22832,0,0,0,-0.5884838104248047,0,0.0036630630493164062,0,-0.014652252197265625
20362508407,22848121,22833,22833,0,0,0,-0.5884838104248047,0,0.0036630630493164062,0,-0.0048847198486328125
20364213200,22849121,22834,22834,0,0,0,-0.5884838104248047,0,-0.0036630630493164062,0,-0.0048847198486328125
20365578110,22852123,22837,22837,0,0,0,-0.5884838104248047,0,0.010989189147949219,0,-0.0048847198486328125
20366943016,22853121,22838,22838,0,0,0,-0.5884838104248047,0,-0.01831531524658203,0,-0.014652252197265625
20368307922,22854123,22839,22839,0,0,0,-0.5884838104248047,0,-0.010989189147949219,0,-0.014652252197265625
20369672828,22855133,22840,22840,0,0,0,-0.5884838104248047,0,-0.010989189147949219,0,-0.014652252197265625
20371037734,22856121,22841,22841,0,0,0,-0.5884838104248047,0,0.010989189147949219,0,-0.014652252197265625
20372402640,22857129,22842,22842,0,0,0,-0.5884838104248047,0,0.010989189147949219,0,-0.014652252197265625
20373767546,22858139,22843,22844,0,0,0,-0.5884838104248047,0,0.0036630630493164062,0,-0.014652252197265625
20375132452,22860120,22845,22845,0,0,0,-0.5884838104248047,0,-0.010989189147949219,0,-0.0048847198486328125
20376497358,22861121,22846,22846,0,0,0,-0.5884838104248047,0,-0.0036630630493164062,0,-0.014652252197265625
20377862264,22862122,22847,22847,0,0,0,-0.5884838104248047,0,0.0036630630493164062,0,-0.014652252197265625
20379227170,22863121,22848,22848,0,0,0,-0.5884838104248047,0,-0.0036630630493164062,0,0.0048847198486328125
20380592076,22865129,22850,22850,0,0,0,-0.5884838104248047,0,0.0036630630493164062,0,0.0048847198486328125
20381956982,22866125,22851,22851,0,0,0,-0.5884838104248047,0,-0.010989189147949219,0,-0.0048847198486328125
20383321888,22868121,22853,22853,0,0,0,-0.5884838104248047,0,-0.01831531524658203,0,-0.0048847198486328125
20384686794,22869121,22854,22854,0,0,0,-0.5884838104248047,0,-0.010989189147949219,0,-0.0048847198486328125
20386051700,22871133,22856,22856,0,0,0,-0.5884838104248047,0,0.0036630630493164062,0,-0.014652252197265625
20387578545,22873125,22858,22859,0,0,0,-0.5884838104248047,0,-0.0036630630493164062,0,-0.014652252197265625
20389105382,22875132,22860,22860,0,0,0,-0.5884838104248047,0,0.010989189147949219,0,-0.014652252197265625
20390632219,22876121,22861,22861,0,0,0,-0.5884838104248047,0,-0.010989189147949219,0,-0.014652252197265625
20392159056,22877121,22863,22863,0,0,0,-0.5884838104248047,0,-0.0036630630493164062,0,-0.0048847198486328125
20393685893,22879126,22864,22864,0,0,0,-0.5884838104248047,0,-0.010989189147949219,0,-0.014652252197265625
20395212730,22880121,22865,22865,0,0,0,-0.5884838104248047,0,0.010989189147949219,0,-0.014652252197265625
20396739567,22882121,22867,22867,0,0,0,-0.5884838104248047,0,-0.0036630630493164062,0,-0.014652252197265625
20398266404,22883123,22868,22868,0,0,0,-0.5884838104248047,0,-0.0036630630493164062,0,-0.014652252197265625
20399793241,22884120,22869,22869,0,0,0,-0.5884838104248047,0,-0.0036630630493164062,0,-0.014652252197265625
20401320078,22886135,22871,22871,0,0,0,-0.5884838104248047,0,0.010989189147949219,0,-0.014652252197265625
20402846915,22888121,22873,22873,0,0,0,-0.5884838104248047,0,-0.0036630630493164062,0,-0.014652252197265625
20404373752,22890121,22875,22875,0,0,0,-0.5884838104248047,0,0.010989189147949219,0,-0.014652252197265625
20405900589,22891123,22876,22876,0,0,0,-0.5884838104248047,0,0.0036630630493164062,0,-0.014652252197265625
20407427426,22892120,22877,22877,0,0,0,-0.5884838104248047,0,-0.010989189147949219,0,-0.0048847198486328125
20408954263,22894121,22879,22879,0,0,0,-0.5884838104248047,0,0.0036630630493164062,0,-0.0048847198486328125
20410481100,22895133,22880,22880,0,0,0,-0.5884838104248047,0,-0.0036630630493164062,0,-0.014652252197265625
20411854305,22898121,22883,22883,0,0,0,-0.5884838104248047,0,0.0036630630493164062,0,-0.024419784545898438
20413210727,22900148,22885,22885,0,0,0,-0.5884838104248047,0,0.0036630630493164062,0,-0.024419784545898438
20414567149,22901127,22886,22886,0,0,0,-0.5884838104248047,0,0.0036630630493164062,0,-0.014652252197265625
20415923571,22902121,22887,22887,0,0,0,-0.5884838104248047,0,-0.01831531524658203,0,-0.014652252197265625
20417279993,22903121,22888,22888,0,0,0,-0.5884838104248047,0,-0.0036630630493164062,0,-0.014652252197265625
20418636415,22905130,22890,22890,0,0,0,-0.5884838104248047,0,-0.010989189147949219,0,-0.014652252197265625
20419992837,22906121,22891,22891,0,0,0,-0.5884838104248047,0,0.0036630630493164062,0,-0.014652252197265625
20421349259,22907121,22892,22892,0,0,0,-0.5884838104248047,0,0.0036630630493164062,0,-0.0048847198486328125
20422705681,22908124,22893,22893,0,0,0,-0.5884838104248047,0,0.0036630630493164062,0,-0.0048847198486328125
20424062103,22909122,22894,22894,0,0,0,-0.5884838104248047,0,-0.0036630630493164062,0,-0.0048847198486328125
20425418525,22910121,22895,22895,0,0,0,-0.5884838104248047,0,-0.01831531524658203,0,-0.0048847198486328125
20426774947,22912122,22898,22898,0,0,0,-0.5884838104248047,0,0.0036630630493164062,0,-0.014652252197265625
20428131369,22914135,22899,22899,0,0,0,-0.5884838104248047,0,-0.010989189147949219,0,-0.014652252197265625
20429487791,22915133,22900,22900,0,0,0,-0.5884838104248047,0,-0.01831531524658203,0,-0.014652252197265625
20430844213,22916124,22901,22901,0,0,0,-0.5884838104248047,0,-0.0036630630493164062,0,-0.014652252197265625
20432200635,22917121,22902,22902,0,0,0,-0.5884838104248047,0,-0.010989189147949219,0,-0.014652252197265625
20433557057,22920123,22905,22906,0,0,0,-0.5884838104248047,0,-0.010989189147949219,0,-0.024419784545898438
20434913479,22922121,22907,22907,0,0,0,-0.5884838104248047,0,-0.01831531524658203,0,-0.014652252197265625
20436269901,22923121,22908,22908,0,0,0,-0.5884838104248047,0,-0.0036630630493164062,0,-0.014652252197265625
20437626323,22924124,22909,22909,0,0,0,-0.5884838104248047,0,0.0036630630493164062,0,-0.0048847198486328125
20438982745,22925131,22910,22910,0,0,0,-0.5884838104248047,0,0.0036630630493164062,0,-0.0048847198486328125
20440339167,22927129,22912,22912,0,0,0,-0.5884838104248047,0,0.010989189147949219,0,-0.014652252197265625
20441695589,22928138,22913,22913,0,0,0,-0.5884838104248047,0,-0.025641441345214844,0,-0.014652252197265625
20443052011,22929129,22914,22914,0,0,0,-0.5884838104248047,0,-0.010989189147949219,0,-0.014652252197265625
20444408433,22930121,22915,22915,0,0,0,-0.5884838104248047,0,-0.0036630630493164062,0,-0.014652252197265625
20445764855,22931121,22916,22916,0,0,0,-0.5884838104248047,0,-0.0036630630493164062,0,-0.014652252197265625
20447121277,22932122,22917,22917,0,0,0,-0.5884838104248047,0,0.0036630630493164062,0,-0.014652252197265625
20448477699,22933123,22918,22919,0,0,0,-0.5884838104248047,0,-0.0036630630493164062,0,-0.0048847198486328125
20449834121,22935129,22920,22920,0,0,0,-0.5884838104248047,0,-0.0036630630493164062,0,-0.0048847198486328125
20451190543,22936120,22921,22921,0,0,0,-0.5884838104248047,0,-0.010989189147949219,0,-0.0048847198486328125
20452546965,22937125,22922,22922,0,0,0,-0.5884838104248047,0,0.0036630630493164062,0,-0.0048847198486328125
20453903387,22939121,22924,22924,0,0,0,-0.5884838104248047,0,-0.0036630630493164062,0,-0.014652252197265625
20455923125,22945133,22930,22930,0,0,0,-0.5884838104248047,0,-0.0036630630493164062,0,-0.014652252197265625
20457942850,22947121,22932,22932,0,0,0,-0.5884838104248047,0,-0.0036630630493164062,0,-0.0048847198486328125
20459962575,22948121,22933,22933,0,0,0,-0.5884838104248047,0,-0.0036630630493164062,0,-0.0048847198486328125
20461982300,22950133,22935,22935,0,0,0,-0.5884838104248047,0,-0.0036630630493164062,0,-0.014652252197265625
20464002025,22952123,22937,22937,0,0,0,-0.5884838104248047,0,-0.0036630630493164062,0,-0.014652252197265625
20466021750,22953125,22938,22938,0,0,0,-0.5884838104248047,0,-0.0036630630493164062,0,-0.014652252197265625
20468041475,22955137,22940,22940,0,0,0,-0.5884838104248047,0,-0.0036630630493164062,0,-0.014652252197265625
20470061200,22956135,22942,22942,0,0,0,-0.5884838104248047,0,-0.010989189147949219,0,-0.014652252197265625
20472080925,22958125,22943,22943,0,0,0,-0.5884838104248047,0,-0.0036630630493164062,0,-0.0048847198486328125
20474100650,22961121,22946,22946,0,0,0,-0.5884838104248047,0,-0.0036630630493164062,0,-0.0048847198486328125
20476120375,22962123,22947,22947,0,0,0,-0.5884838104248047,0,-0.01831531524658203,0,-0.014652252197265625
20478140100,22964121,22949,22949,0,0,0,-0.5884838104248047,0,-0.010989189147949219,0,-0.014652252197265625
20480159825,22966125,22951,22951,0,0,0,-0.5884838104248047,0,0.010989189147949219,0,-0.014652252197265625
20482179550,22967121,22952,22952,0,0,0,-0.5884838104248047,0,-0.0036630630493164062,0,-0.024419784545898438
20484199275,22969129,22954,22954,0,0,0,-0.5884838104248047,0,0.0036630630493164062,0,-0.014652252197265625
20486219000,22971128,22956,22956,0,0,0,-0.5884838104248047,0,-0.010989189147949219,0,-0.014652252197265625
20488024200,22974124,22959,22959,0,0,0,-0.5884838104248047,0,-0.01831531524658203,0,-0.014652252197265625
20489829400,22976120,22961,22961,0,0,0,-0.5884838104248047,0,-0.01831531524658203,0,-0.014652252197265625
20491634600,22977121,22962,22962,0,0,0,-0.5884838104248047,0,0.010989189147949219,0,-0.014652252197265625
20493439800,22979125,22964,22964,0,0,0,-0.5884838104248047,0,-0.0036630630493164062,0,-0.014652252197265625
20495245000,22980121,22965,22966,0,0,0,-0.5884838104248047,0,-0.0036630630493164062,0,-0.014652252197265625
20497050200,22982124,22967,22967,0,0,0,-0.5884838104248047,0,-0.0036630630493164062,0,-0.014652252197265625
20498855400,22984135,22969,22969,0,0,0,-0.5884838104248047,0,0.0036630630493164062,0,-0.0048847198486328125
20500660600,22987125,22972,22972,0,0,0,-0.5884838104248047,0,-0.010989189147949219,0,-0.014652252197265625
20502465800,22988121,22973,22973,0,0,0,-0.5884838104248047,0,0.0036630630493164062,0,-0.014652252197265625
20504271000,22989121,22974,22974,0,0,0,-0.5884838104248047,0,-0.01831531524658203,0,-0.0048847198486328125
20506076200,22991123,22976,22976,0,0,0,-0.5884838104248047,0,0.0036630630493164062,0,-0.0048847198486328125
20507881400,22992122,22977,22977,0,0,0,-0.5884838104248047,0,0.0036630630493164062,0,-0.0048847198486328125
20509686600,22994121,22979,22979,0,0,0,-0.5884838104248047,0,0.010989189147949219,0,-0.014652252197265625
20511491800,22996121,22981,22981,0,0,0,-0.5884838104248047,0,-0.010989189147949219,0,-0.024419784545898438
20513297000,22998136,22983,22983,0,0,0,-0.5884838104248047,0,0.0036630630493164062,0,-0.014652252197265625
20515102200,22999128,22984,22984,0,0,0,-0.5884838104248047,0,-0.010989189147949219,0,-0.014652252197265625
20516994630,23004120,22989,22989,0,0,0,-0.5884838104248047,0,-0.010989189147949219,0,-0.014652252197265625
20518887048,23005129,22990,22990,0,0,0,-0.5884838104248047,0,-0.0036630630493164062,0,-0.014652252197265625
20520779466,23007123,22992,22992,0,0,0,-0.5884838104248047,0,-0.0036630630493164062,0,-0.014652252197265625
20522671884,23009122,22994,22994,0,0,0,-0.5884838104248047,0,0.0036630630493164062,0,-0.014652252197265625
20524564302,23011133,22996,22996,0,0,0,-0.5884838104248047,0,-0.010989189147949219,0,-0.014652252197265625
20526456720,23013125,22998,22998,0,0,0,-0.5884838104248047,0,-0.010989189147949219,0,-0.014652252197265625
20528349138,23014121,22999,22999,0,0,0,-0.5884838104248047,0,-0.0036630630493164062,0,-0.0048847198486328125
20530241556,23016124,23001,23001,0,0,0,-0.5884838104248047,0,0.010989189147949219,0,-0.014652252197265625
20532133974,23018121,23003,23003,0,0,0,-0.5884838104248047,0,-0.025641441345214844,0,-0.014652252197265625
20534026392,23020123,23005,23005,0,0,0,-0.5884838104248047,0,-0.010989189147949219,0,-0.0048847198486328125
20535918810,23021121,23006,23006,0,0,0,-0.5884838104248047,0,0.010989189147949219,0,-0.0048847198486328125
20537811228,23022121,23007,23007,0,0,0,-0.5884838104248047,0,-0.0036630630493164062,0,0.0048847198486328125
20539703646,23024125,23009,23009,0,0,0,-0.5884838104248047,0,0.0036630630493164062,0,0.0048847198486328125
20541596064,23025138,23010,23010,0,0,0,-0.5884838104248047,0,0.0036630630493164062,0,0.0048847198486328125
20543488482,23027125,23012,23012,0,0,0,-0.5884838104248047,0,-0.0036630630493164062,0,-0.0048847198486328125
20545380900,23029125,23014,23014,0,0,0,-0.5884838104248047,0,-0.0036630630493164062,0,-0.014652252197265625
20547044680,23034121,23019,23019,0,0,0,-0.5884838104248047,0,-0.0036630630493164062,0,-0.014652252197265625
20548708448,23035130,23020,23020,0,0,0,-0.5884838104248047,0,0.0036630630493164062,0,-0.0048847198486328125
20550372216,23037125,23022,23022,0,0,0,-0.5884838104248047,0,0.0036630630493164062,0,-0.0048847198486328125
20552035984,23038121,23023,23023,0,0,0,-0.5884838104248047,0,-0.010989189147949219,0,-0.014652252197265625
20553699752,23040139,23025,23025,0,0,0,-0.5884838104248047,0,-0.0036630630493164062,0,-0.024419784545898438
20555363520,23041127,23026,23026,0,0,0,-0.5884838104248047,0,0.0036630630493164062,0,-0.014652252197265625
20557027288,23043121,23028,23028,0,0,0,-0.5884838104248047,0,-0.0036630630493164062,0,-0.0048847198486328125
20558691056,23045133,23030,23030,0,0,0,-0.5884838104248047,0,0.0036630630493164062,0,-0.0048847198486328125
20560354824,23046121,23031,23031,0,0,0,-0.5884838104248047,0,0.0036630630493164062,0,-0.0048847198486328125
20562018592,23048121,23033,23033,0,0,0,-0.5884838104248047,0,-0.0036630630493164062,0,-0.0048847198486328125
20563682360,23050129,23035,23035,0,0,0,-0.5884838104248047,0,0.010989189147949219,0,-0.0048847198486328125
20565346128,23051121,23036,23036,0,0,0,-0.5884838104248047,0,-0.010989189147949219,0,-0.0048847198486328125
20567009896,23053133,23038,23038,0,0,0,-0.5884838104248047,0,-0.01831531524658203,0,-0.0048847198486328125
20568673664,23054135,23039,23039,0,0,0,-0.5884838104248047,0,-0.01831531524658203,0,-0.0048847198486328125
20570337432,23055133,23040,23040,0,0,0,-0.5884838104248047,0,-0.0036630630493164062,0,-0.014652252197265625
20572001200,23057124,23042,23042,0,0,0,-0.5884838104248047,0,-0.0036630630493164062,0,-0.014652252197265625
20574115355,23064122,23049,23049,0,0,0,-0.5884838104248047,0,-0.0036630630493164062,0,-0.014652252197265625
20576229498,23065131,23050,23050,0,0,0,-0.5884838104248047,0,-0.0036630630493164062,0,-0.014652252197265625
20578343641,23066125,23051,23051,0,0,0,-0.5884838104248047,0,0.0036630630493164062,0,-0.0048847198486328125
20580457784,23068135,23053,23053,0,0,0,-0.5884838104248047,0,-0.0036630630493164062,0,-0.0048847198486328125
20582571927,23069129,23055,23055,0,0,0,-0.5884838104248047,0,0.0036630630493164062,0,-0.014652252197265625
20584686070,23071120,23056,23056,0,0,0,-0.5884838104248047,0,-0.0036630630493164062,0,-0.014652252197265625
20586800213,23073122,23058,23058,0,0,0,-0.5884838104248047,0,-0.0036630630493164062,0,-0.014652252197265625
20588914356,23075130,23060,23060,0,0,0,-0.5884838104248047,0,0.0036630630493164062,0,-0.0048847198486328125
20591028499,23077121,23062,23062,0,0,0,-0.5884838104248047,0,-0.0036630630493164062,0,-0.0048847198486328125
20593142642,23078122,23063,23063,0,0,0,-0.5884838104248047,0,-0.010989189147949219,0,-0.0048847198486328125
20595256785,23081129,23066,23066,0,0,0,-0.5884838104248047,0,-0.010989189147949219,0,-0.0048847198486328125
20597370928,23083125,23068,23068,0,0,0,-0.5884838104248047,0,-0.01831531524658203,0,0.0048847198486328125
20599485071,23084120,23069,23069,0,0,0,-0.5884838104248047,0,0.01831531524658203,0,-0.014652252197265625
20601599214,23086123,23071,23071,0,0,0,-0.5884838104248047,0,-0.0036630630493164062,0,-0.0048847198486328125
20603713357,23088121,23073,23073,0,0,0,-0.5884838104248047,0,-0.010989189147949219,0,-0.014652252197265625
20605827500,23090124,23075,23075,0,0,0,-0.5884838104248047,0,0.010989189147949219,0,-0.0048847198486328125
20607784730,23095141,23080,23080,0,0,0,-0.5884838104248047,0,-0.010989189147949219,0,-0.0048847198486328125
20609741948,23096136,23082,23082,0,0,0,-0.5884838104248047,0,-0.010989189147949219,0,0.0048847198486328125
20611699166,23098125,23083,23083,0,0,0,-0.5884838104248047,0,0.0036630630493164062,0,0.0048847198486328125
20613656384,23100129,23085,23085,0,0,0,-0.5884838104248047,0,-0.010989189147949219,0,-0.0048847198486328125
20615613602,23101123,23086,23086,0,0,0,-0.5884838104248047,0,-0.01831531524658203,0,-0.0048847198486328125
20617570820,23103125,23088,23088,0,0,0,-0.5884838104248047,0,-0.0036630630493164062,0,-0.0048847198486328125
20619528038,23105129,23090,23090,0,0,0,-0.5884838104248047,0,-0.0036630630493164062,0,-0.0048847198486328125
20621485256,23107123,23092,23092,0,0,0,-0.5884838104248047,0,-0.0036630630493164062,0,0.0048847198486328125
20623442474,23109129,23094,23094,0,0,0,-0.5884838104248047,0,0.0036630630493164062,0,-0.0048847198486328125
20625399692,23110135,23095,23095,0,0,0,-0.5884838104248047,0,-0.0036630630493164062,0,-0.0048847198486328125
20627356910,23112121,23097,23097,0,0,0,-0.5884838104248047,0,-0.010989189147949219,0,-0.014652252197265625
20629314128,23113121,23099,23099,0,0,0,-0.5884838104248047,0,0.0036630630493164062,0,-0.014652252197265625
20631271346,23116124,23101,23101,0,0,0,-0.5884838104248047,0,-0.0036630630493164062,0,-0.014652252197265625
20633228564,23118121,23103,23103,0,0,0,-0.5884838104248047,0,0.0036630630493164062,0,-0.0048847198486328125
20635185782,23120120,23105,23105,0,0,0,-0.5884838104248047,0,0.010989189147949219,0,-0.0048847198486328125
20637143000,23122120,23107,23107,0,0,0,-0.5884838104248047,0,-0.01831531524658203,0,-0.0048847198486328125
20638988345,23125134,23110,23110,0,0,0,-0.5884838104248047,0,-0.01831531524658203,0,-0.014652252197265625
20640833682,23127125,23112,23112,0,0,0,-0.5884838104248047,0,-0.01831531524658203,0,-0.0048847198486328125
20642679019,23129121,23114,23114,0,0,0,-0.5884838104248047,0,-0.0036630630493164062,0,-0.0048847198486328125
20644524356,23130121,23115,23115,0,0,0,-0.5884838104248047,0,-0.0036630630493164062,0,-0.014652252197265625
20646369693,23132125,23117,23117,0,0,0,-0.5884838104248047,0,0.0036630630493164062,0,-0.014652252197265625
20648215030,23134120,23119,23119,0,0,0,-0.5884838104248047,0,0.010989189147949219,0,-0.014652252197265625
20650060367,23136122,23121,23121,0,0,0,-0.5884838104248047,0,-0.010989189147949219,0,-0.014652252197265625
20651905704,23138135,23123,23123,0,0,0,-0.5884838104248047,0,0.010989189147949219,0,-0.0048847198486328125
20653751041,23139125,23124,23124,0,0,0,-0.5884838104248047,0,0.0036630630493164062,0,-0.0048847198486328125
20655596378,23141121,23126,23126,0,0,0,-0.5884838104248047,0,-0.010989189147949219,0,-0.014652252197265625
20657441715,23142121,23127,23127,0,0,0,-0.5884838104248047,0,-0.010989189147949219,0,-0.014652252197265625
20659287052,23144123,23129,23129,0,0,0,-0.5884838104248047,0,0.0036630630493164062,0,-0.014652252197265625
20661132389,23146121,23131,23131,0,0,0,-0.5884838104248047,0,0.010989189147949219,0,-0.014652252197265625
20662977726,23147121,23132,23132,0,0,0,-0.5884838104248047,0,-0.010989189147949219,0,-0.014652252197265625
20664823063,23149123,23134,23134,0,0,0,-0.5884838104248047,0,-0.0036630630493164062,0,-0.014652252197265625
20666668400,23150129,23135,23136,0,0,0,-0.5884838104248047,0,-0.010989189147949219,0,-0.014652252197265625
20668801055,23158121,23143,23143,0,0,0,-0.5884838104248047,0,-0.0036630630493164062,0,-0.024419784545898438
20670933698,23159121,23144,23144,0,0,0,-0.5884838104248047,0,-0.0036630630493164062,0,-0.014652252197265625
20673066341,23161125,23146,23146,0,0,0,-0.5884838104248047,0,-0.0036630630493164062,0,-0.0048847198486328125
20675198984,23163121,23148,23148,0,0,0,-0.5884838104248047,0,-0.010989189147949219,0,-0.014652252197265625
20677331627,23164122,23150,23150,0,0,0,-0.5884838104248047,0,-0.0036630630493164062,0,-0.014652252197265625
20679464270,23166135,23151,23151,0,0,0,-0.5884838104248047,0,-0.0036630630493164062,0,-0.0048847198486328125
20681596913,23168121,23153,23153,0,0,0,-0.5884838104248047,0,-0.010989189147949219,0,-0.0048847198486328125
20683729556,23170121,23155,23155,0,0,0,-0.5884838104248047,0,0.0036630630493164062,0,-0.0048847198486328125
20685862199,23172122,23157,23157,0,0,0,-0.5884838104248047,0,-0.01831531524658203,0,-0.014652252197265625
20687994842,23173123,23158,23158,0,0,0,-0.5884838104248047,0,-0.010989189147949219,0,-0.0048847198486328125
20690127485,23175130,23160,23160,0,0,0,-0.5884838104248047,0,-0.0036630630493164062,0,-0.0048847198486328125
20692260128,23177125,23162,23162,0,0,0,-0.5884838104248047,0,0.0036630630493164062,0,-0.0048847198486328125
20694392771,23178123,23164,23164,0,0,0,-0.5884838104248047,0,-0.010989189147949219,0,-0.014652252197265625
20696525414,23181126,23166,23166,0,0,0,-0.5884838104248047,0,0.0036630630493164062,0,-0.0048847198486328125
20698658057,23183121,23168,23168,0,0,0,-0.5884838104248047,0,0.0036630630493164062,0,-0.0048847198486328125
20700790700,23185133,23170,23170,0,0,0,-0.5884838104248047,0,-0.0036630630493164062,0,-0.0048847198486328125
20702557840,23192121,23177,23177,0,0,0,-0.5884838104248047,0,0.0036630630493164062,0,-0.0048847198486328125
20704324980,23194137,23179,23179,0,0,0,-0.5884838104248047,0,-0.0036630630493164062,0,-0.014652252197265625
20706092120,23195133,23180,23180,0,0,0,-0.5884838104248047,0,-0.010989189147949219,0,-0.014652252197265625
20707859260,23196122,23181,23182,0,0,0,-0.5884838104248047,0,-0.0036630630493164062,0,-0.024419784545898438
20709626400,23198125,23183,23183,0,0,0,-0.5884838104248047,0,-0.010989189147949219,0,-0.014652252197265625
20711393540,23200130,23185,23185,0,0,0,-0.5884838104248047,0,-0.0036630630493164062,0,-0.014652252197265625
20713160680,23201124,23186,23186,0,0,0,-0.5884838104248047,0,0.0036630630493164062,0,-0.024419784545898438
20714927820,23203125,23188,23188,0,0,0,-0.5884838104248047,0,0.0036630630493164062,0,-0.024419784545898438
20716694960,23204121,23189,23189,0,0,0,-0.5884838104248047,0,0.010989189147949219,0,-0.014652252197265625
20718462100,23205129,23190,23190,0,0,0,-0.5884838104248047,0,-0.010989189147949219,0,-0.014652252197265625
20720229240,23207131,23192,23192,0,0,0,-0.5884838104248047,0,-0.0036630630493164062,0,-0.014652252197265625
20721996380,23208135,23193,23193,0,0,0,-0.5884838104248047,0,0.010989189147949219,0,-0.014652252197265625
20723763520,23209126,23194,23194,0,0,0,-0.5884838104248047,0,-0.0036630630493164062,0,-0.014652252197265625
20725530660,23211125,23196,23196,0,0,0,-0.5884838104248047,0,-0.010989189147949219,0,-0.014652252197265625
20727297800,23212121,23197,23197,0,0,0,-0.5884838104248047,0,-0.0036630630493164062,0,-0.0048847198486328125
20729333805,23217122,23202,23202,0,0,0,-0.5884838104248047,0,-0.0036630630493164062,0,-0.014652252197265625
20731369798,23219125,23204,23204,0,0,0,-0.5884838104248047,0,0.0036630630493164062,0,-0.014652252197265625
20733405791,23221129,23206,23206,0,0,0,-0.5884838104248047,0,-0.010989189147949219,0,-0.014652252197265625
20735441784,23222135,23207,23207,0,0,0,-0.5884838104248047,0,-0.0036630630493164062,0,-0.014652252197265625
20737477777,23224120,23209,23209,0,0,0,-0.5884838104248047,0,-0.010989189147949219,0,-0.0048847198486328125
20739513770,23225130,23210,23210,0,0,0,-0.5884838104248047,0,-0.010989189147949219,0,-0.0048847198486328125
20741549763,23226121,23211,23212,0,0,0,-0.5884838104248047,0,-0.010989189147949219,0,-0.0048847198486328125
20743585756,23228121,23213,23213,0,0,0,-0.5884838104248047,0,-0.0036630630493164062,0,-0.0048847198486328125
20745621749,23230121,23215,23215,0,0,0,-0.5884838104248047,0,-0.0036630630493164062,0,-0.0048847198486328125
20747657742,23231123,23216,23216,0,0,0,-0.5884838104248047,0,-0.0036630630493164062,0,-0.0048847198486328125
20749693735,23234120,23219,23219,0,0,0,-0.5884838104248047,0,0.01831531524658203,0,-0.024419784545898438
20751729728,23236138,23221,23221,0,0,0,-0.5884838104248047,0,-0.0036630630493164062,0,-0.014652252197265625
20753765721,23238121,23223,23223,0,0,0,-0.5884838104248047,0,-0.0036630630493164062,0,-0.014652252197265625
20755801714,23240124,23225,23225,0,0,0,-0.5884838104248047,0,0.0036630630493164062,0,-0.014652252197265625
20757837707,23242121,23227,23227,0,0,0,-0.5884838104248047,0,-0.010989189147949219,0,-0.014652252197265625
20759873700,23244122,23229,23229,0,0,0,-0.5884838104248047,0,-0.0036630630493164062,0,-0.014652252197265625
20761766336,23248124,23233,23233,0,0,0,-0.5884838104248047,0,-0.010989189147949219,0,-0.014652252197265625
20763658962,23250143,23235,23235,0,0,0,-0.5884838104248047,0,0.010989189147949219,0,-0.014652252197265625
20765551588,23251125,23236,23236,0,0,0,-0.5884838104248047,0,-0.010989189147949219,0,-0.014652252197265625
20767444214,23253121,23238,23238,0,0,0,-0.5884838104248047,0,0.0036630630493164062,0,-0.014652252197265625
20769336840,23255129,23240,23240,0,0,0,-0.5884838104248047,0,-0.0036630630493164062,0,-0.014652252197265625
20771229466,23257121,23242,23242,0,0,0,-0.5884838104248047,0,-0.010989189147949219,0,-0.014652252197265625
20773122092,23258121,23243,23243,0,0,0,-0.5884838104248047,0,0.0036630630493164062,0,-0.014652252197265625
20775014718,23260123,23245,23245,0,0,0,-0.5884838104248047,0,0.0036630630493164062,0,-0.014652252197265625
20776907344,23262121,23247,23247,0,0,0,-0.5884838104248047,0,-0.0036630630493164062,0,-0.014652252197265625
20778799970,23263128,23248,23248,0,0,0,-0.5884838104248047,0,-0.010989189147949219,0,-0.0048847198486328125
20780692596,23265135,23250,23250,0,0,0,-0.5884838104248047,0,-0.0036630630493164062,0,-0.014652252197265625
20782585222,23266121,23251,23251,0,0,0,-0.5884838104248047,0,0.0036630630493164062,0,-0.014652252197265625
20784477848,23268123,23253,23253,0,0,0,-0.5884838104248047,0,-0.0036630630493164062,0,-0.014652252197265625
20786370474,23270121,23255,23255,0,0,0,-0.5884838104248047,0,-0.01831531524658203,0,-0.0048847198486328125
20788263100,23271121,23256,23256,0,0,0,-0.5884838104248047,0,0.0036630630493164062,0,-0.014652252197265625
20790096370,23278135,23263,23263,0,0,0,-0.5884838104248047,0,-0.0036630630493164062,0,-0.0048847198486328125
20791929632,23279125,23264,23264,0,0,0,-0.5884838104248047,0,-0.010989189147949219,0,-0.014652252197265625
20793762894,23281123,23266,23266,0,0,0,-0.5884838104248047,0,-0.010989189147949219,0,-0.014652252197265625
20795596156,23282120,23267,23267,0,0,0,-0.5884838104248047,0,0.01831531524658203,0,-0.0048847198486328125
20797429418,23284121,23269,23269,0,0,0,-0.5884838104248047,0,0.0036630630493164062,0,-0.0048847198486328125
20799262680,23285133,23270,23270,0,0,0,-0.5884838104248047,0,-0.0036630630493164062,0,-0.014652252197265625
20801095942,23287121,23272,23272,0,0,0,-0.5884838104248047,0,0.0036630630493164062,0,-0.014652252197265625
20802929204,23289123,23274,23274,0,0,0,-0.5884838104248047,0,0.0036630630493164062,0,-0.0048847198486328125
20804762466,23291129,23276,23276,0,0,0,-0.5884838104248047,0,-0.010989189147949219,0,-0.0048847198486328125
20806595728,23293129,23278,23278,0,0,0,-0.5884838104248047,0,-0.010989189147949219,0,-0.014652252197265625
20808428990,23294123,23279,23279,0,0,0,-0.5884838104248047,0,-0.0036630630493164062,0,-0.014652252197265625
20810262252,23296121,23281,23281,0,0,0,-0.5884838104248047,0,-0.010989189147949219,0,-0.014652252197265625
20812095514,23297123,23282,23282,0,0,0,-0.5884838104248047,0,-0.0036630630493164062,0,-0.0048847198486328125
20813928776,23299121,23284,23284,0,0,0,-0.5884838104248047,0,-0.010989189147949219,0,-0.0048847198486328125
20815762038,23300130,23285,23285,0,0,0,-0.5884838104248047,0,-0.0036630630493164062,0,-0.0048847198486328125
20817595300,23302123,23287,23287,0,0,0,-0.5884838104248047,0,-0.0036630630493164062,0,-0.014652252197265625
20819466570,23309121,23294,23294,0,0,0,-0.5884838104248047,0,0.0036630630493164062,0,-0.0048847198486328125
20821337832,23311121,23296,23296,0,0,0,-0.5884838104248047,0,0.0036630630493164062,0,-0.014652252197265625
20823209094,23312121,23297,23297,0,0,0,-0.5884838104248047,0,-0.01831531524658203,0,-0.014652252197265625
20825080356,23313121,23298,23298,0,0,0,-0.5884838104248047,0,-0.0036630630493164062,0,-0.014652252197265625
20826951618,23315129,23300,23300,0,0,0,-0.5884838104248047,0,-0.0036630630493164062,0,-0.014652252197265625
20828822880,23316121,23302,23302,0,0,0,-0.5884838104248047,0,-0.0036630630493164062,0,-0.0048847198486328125
20830694142,23318123,23303,23303,0,0,0,-0.5884838104248047,0,-0.0036630630493164062,0,-0.014652252197265625
20832565404,23320136,23305,23305,0,0,0,-0.5884838104248047,0,0.010989189147949219,0,-0.014652252197265625
20834436666,23322124,23307,23307,0,0,0,-0.5884838104248047,0,-0.010989189147949219,0,-0.014652252197265625
20836307928,23323123,23308,23308,0,0,0,-0.5884838104248047,0,0.0036630630493164062,0,-0.014652252197265625
20838179190,23324120,23309,23309,0,0,0,-0.5884838104248047,0,-0.0036630630493164062,0,-0.014652252197265625
20840050452,23326122,23311,23311,0,0,0,-0.5884838104248047,0,-0.0036630630493164062,0,-0.0048847198486328125
20841921714,23327125,23313,23313,0,0,0,-0.5884838104248047,0,-0.0036630630493164062,0,-0.014652252197265625
20843792976,23329121,23314,23314,0,0,0,-0.5884838104248047,0,0.0036630630493164062,0,-0.0048847198486328125
20845664238,23331123,23316,23316,0,0,0,-0.5884838104248047,0,0.0036630630493164062,0,-0.0048847198486328125
20847535500,23332122,23317,23317,0,0,0,-0.5884838104248047,0,-0.0036630630493164062,0,-0.0048847198486328125
20849249095,23336121,23321,23321,0,0,0,-0.5884838104248047,0,-0.0036630630493164062,0,-0.0048847198486328125
20850962682,23338121,23323,23323,0,0,0,-0.5884838104248047,0,-0.0036630630493164062,0,-0.0048847198486328125
20852676269,23339123,23324,23324,0,0,0,-0.5884838104248047,0,0.010989189147949219,0,-0.014652252197265625
20854389856,23341121,23326,23326,0,0,0,-0.5884838104248047,0,-0.0036630630493164062,0,-0.014652252197265625
20856103443,23342121,23327,23327,0,0,0,-0.5884838104248047,0,-0.01831531524658203,0,-0.024419784545898438
20857817030,23344121,23329,23329,0,0,0,-0.5884838104248047,0,-0.0036630630493164062,0,-0.03418731689453125
20859530617,23345129,23330,23330,0,0,0,-0.5884838104248047,0,0.0036630630493164062,0,-0.024419784545898438
20861244204,23347131,23332,23332,0,0,0,-0.5884838104248047,0,0.010989189147949219,0,-0.014652252197265625
20862957791,23348139,23333,23333,0,0,0,-0.5884838104248047,0,0.0036630630493164062,0,-0.014652252197265625
20864671378,23349125,23335,23335,0,0,0,-0.5884838104248047,0,-0.0036630630493164062,0,-0.0048847198486328125
20866384965,23351125,23336,23336,0,0,0,-0.5884838104248047,0,-0.010989189147949219,0,-0.014652252197265625
20868098552,23354121,23339,23339,0,0,0,-0.5884838104248047,0,0.010989189147949219,0,-0.0048847198486328125
20869812139,23355131,23340,23340,0,0,0,-0.5884838104248047,0,-0.0036630630493164062,0,-0.014652252197265625
20871525726,23356125,23341,23342,0,0,0,-0.5884838104248047,0,-0.0036630630493164062,0,-0.024419784545898438
20873239313,23358121,23343,23343,0,0,0,-0.5884838104248047,0,0.0036630630493164062,0,-0.014652252197265625
20874952900,23360123,23345,23345,0,0,0,-0.5884838104248047,0,-0.010989189147949219,0,-0.014652252197265625
20876580595,23363126,23348,23348,0,0,0,-0.5884838104248047,0,0.010989189147949219,0,0.0048847198486328125
20878208282,23364126,23349,23349,0,0,0,-0.5884838104248047,0,-0.0036630630493164062,0,-0.0048847198486328125
20879835969,23366121,23351,23351,0,0,0,-0.5884838104248047,0,-0.010989189147949219,0,-0.014652252197265625
20881463656,23367121,23352,23352,0,0,0,-0.5884838104248047,0,0.0036630630493164062,0,-0.014652252197265625
20883091343,23369121,23355,23355,0,0,0,-0.5884838104248047,0,-0.010989189147949219,0,-0.0048847198486328125
20884719030,23371121,23356,23356,0,0,0,-0.5884838104248047,0,0.01831531524658203,0,-0.014652252197265625
20886346717,23372125,23357,23357,0,0,0,-0.5884838104248047,0,-0.0036630630493164062,0,-0.014652252197265625
20887974404,23374137,23359,23359,0,0,0,-0.5884838104248047,0,-0.010989189147949219,0,-0.024419784545898438
20889602091,23375135,23360,23360,0,0,0,-0.5884838104248047,0,-0.0036630630493164062,0,-0.024419784545898438
20891229778,23377129,23362,23362,0,0,0,-0.5884838104248047,0,0.0036630630493164062,0,-0.014652252197265625
20892857465,23378121,23363,23363,0,0,0,-0.5884838104248047,0,0.0036630630493164062,0,-0.014652252197265625
20894485152,23379121,23365,23365,0,0,0,-0.5884838104248047,0,0.010989189147949219,0,-0.014652252197265625
20896112839,23381123,23366,23366,0,0,0,-0.5884838104248047,0,-0.0036630630493164062,0,-0.014652252197265625
20897740526,23383121,23368,23368,0,0,0,-0.5884838104248047,0,-0.010989189147949219,0,-0.014652252197265625
20899368213,23384122,23369,23369,0,0,0,-0.5884838104248047,0,0.0036630630493164062,0,-0.024419784545898438
20900995900,23385133,23370,23371,0,0,0,-0.5884838104248047,0,0.010989189147949219,0,-0.014652252197265625
20902615660,23389131,23374,23374,0,0,0,-0.5884838104248047,0,0.0036630630493164062,0,-0.014652252197265625
20904235416,23391125,23376,23376,0,0,0,-0.5884838104248047,0,-0.0036630630493164062,0,-0.014652252197265625
20905855172,23392122,23377,23377,0,0,0,-0.5884838104248047,0,-0.01831531524658203,0,-0.014652252197265625
20907474928,23394121,23379,23379,0,0,0,-0.5884838104248047,0,-0.010989189147949219,0,-0.0048847198486328125
20909094684,23395129,23380,23380,0,0,0,-0.5884838104248047,0,0.0036630630493164062,0,-0.014652252197265625
20910714440,23397123,23382,23382,0,0,0,-0.5884838104248047,0,0.010989189147949219,0,-0.014652252197265625
20912334196,23398121,23383,23383,0,0,0,-0.5884838104248047,0,-0.01831531524658203,0,-0.0048847198486328125
20913953952,23400130,23385,23385,0,0,0,-0.5884838104248047,0,-0.01831531524658203,0,-0.014652252197265625
20915573708,23401127,23386,23386,0,0,0,-0.5884838104248047,0,-0.0036630630493164062,0,-0.014652252197265625
20917193464,23403129,23388,23388,0,0,0,-0.5884838104248047,0,0.0036630630493164062,0,-0.0048847198486328125
20918813220,23404135,23389,23389,0,0,0,-0.5884838104248047,0,-0.0036630630493164062,0,-0.014652252197265625
20920432976,23406125,23391,23391,0,0,0,-0.5884838104248047,0,0.0036630630493164062,0,-0.014652252197265625
20922052732,23407122,23392,23392,0,0,0,-0.5884838104248047,0,-0.01831531524658203,0,-0.014652252197265625
20923672488,23409126,23394,23394,0,0,0,-0.5884838104248047,0,-0.0036630630493164062,0,-0.0048847198486328125
20925292244,23410123,23395,23395,0,0,0,-0.5884838104248047,0,0.0036630630493164062,0,-0.014652252197265625
20926912000,23411121,23396,23396,0,0,0,-0.5884838104248047,0,0.0036630630493164062,0,-0.014652252197265625
20928722780,23418137,23403,23403,0,0,0,-0.5884838104248047,0,-0.01831531524658203,0,-0.014652252197265625
20930533548,23420121,23405,23405,0,0,0,-0.5884838104248047,0,0.0036630630493164062,0,-0.0048847198486328125
20932344316,23422124,23407,23407,0,0,0,-0.5884838104248047,0,-0.0036630630493164062,0,-0.0048847198486328125
20934155084,23423121,23408,23408,0,0,0,-0.5884838104248047,0,-0.01831531524658203,0,-0.0048847198486328125
20935965852,23425130,23410,23410,0,0,0,-0.5884838104248047,0,0.0036630630493164062,0,-0.0048847198486328125
20937776620,23426122,23411,23411,0,0,0,-0.5884838104248047,0,0.010989189147949219,0,-0.0048847198486328125
20939587388,23427121,23412,23412,0,0,0,-0.5884838104248047,0,-0.0036630630493164062,0,-0.0048847198486328125
20941398156,23429121,23414,23414,0,0,0,-0.5884838104248047,0,-0.0036630630493164062,0,-0.014652252197265625
20943208924,23430125,23415,23415,0,0,0,-0.5884838104248047,0,-0.0036630630493164062,0,-0.014652252197265625
20945019692,23432136,23417,23417,0,0,0,-0.5884838104248047,0,-0.01831531524658203,0,-0.014652252197265625
20946830460,23433125,23418,23418,0,0,0,-0.5884838104248047,0,-0.01831531524658203,0,-0.014652252197265625
20948641228,23435133,23420,23420,0,0,0,-0.5884838104248047,0,0.010989189147949219,0,-0.014652252197265625
20950451996,23436121,23421,23421,0,0,0,-0.5884838104248047,0,0.0036630630493164062,0,-0.0048847198486328125
20952262764,23438124,23423,23423,0,0,0,-0.5884838104248047,0,-0.0036630630493164062,0,-0.0048847198486328125
20954073532,23439123,23424,23424,0,0,0,-0.5884838104248047,0,-0.0036630630493164062,0,-0.0048847198486328125
20955884300,23440121,23425,23426,0,0,0,-0.5884838104248047,0,-0.0036630630493164062,0,-0.014652252197265625
20957458655,23444121,23429,23429,0,0,0,-0.5884838104248047,0,-0.010989189147949219,0,-0.014652252197265625
20959032998,23446139,23431,23431,0,0,0,-0.5884838104248047,0,-0.01831531524658203,0,-0.014652252197265625
20960607341,23447127,23432,23432,0,0,0,-0.5884838104248047,0,-0.0036630630493164062,0,-0.014652252197265625
20962181684,23448121,23433,23433,0,0,0,-0.5884838104248047,0,-0.01831531524658203,0,-0.0048847198486328125
20963756027,23450130,23435,23435,0,0,0,-0.5884838104248047,0,0.0036630630493164062,0,-0.014652252197265625
20965330370,23451125,23436,23436,0,0,0,-0.5884838104248047,0,0.0036630630493164062,0,-0.014652252197265625
20966904713,23453121,23438,23438,0,0,0,-0.5884838104248047,0,-0.0036630630493164062,0,-0.014652252197265625
20968479056,23454121,23439,23439,0,0,0,-0.5884838104248047,0,-0.01831531524658203,0,-0.014652252197265625
20970053399,23456121,23441,23441,0,0,0,-0.5884838104248047,0,0.010989189147949219,0,-0.014652252197265625
20971627742,23457121,23442,23442,0,0,0,-0.5884838104248047,0,-0.010989189147949219,0,-0.014652252197265625
20973202085,23458121,23443,23443,0,0,0,-0.5884838104248047,0,0.0036630630493164062,0,-0.014652252197265625
20974776428,23460136,23445,23445,0,0,0,-0.5884838104248047,0,0.01831531524658203,0,-0.024419784545898438
20976350771,23461125,23446,23446,0,0,0,-0.5884838104248047,0,0.0036630630493164062,0,-0.014652252197265625
20977925114,23463123,23448,23448,0,0,0,-0.5884838104248047,0,-0.010989189147949219,0,-0.014652252197265625
20979499457,23464125,23449,23449,0,0,0,-0.5884838104248047,0,-0.0036630630493164062,0,-0.0048847198486328125
20981073800,23465130,23450,23451,0,0,0,-0.5884838104248047,0,-0.010989189147949219,0,-0.0048847198486328125
20982802505,23469121,23454,23454,0,0,0,-0.5884838104248047,0,-0.010989189147949219,0,-0.0048847198486328125
20984531198,23471122,23456,23456,0,0,0,-0.5884838104248047,0,0.0036630630493164062,0,-0.0048847198486328125
20986259891,23473129,23458,23458,0,0,0,-0.5884838104248047,0,0.0036630630493164062,0,-0.0048847198486328125
20987988584,23474135,23460,23460,0,0,0,-0.5884838104248047,0,-0.01831531524658203,0,-0.014652252197265625
20989717277,23477121,23462,23462,0,0,0,-0.5884838104248047,0,0.025641441345214844,0,-0.0048847198486328125
20991445970,23478121,23463,23463,0,0,0,-0.5884838104248047,0,-0.010989189147949219,0,-0.0048847198486328125
20993174663,23479123,23464,23464,0,0,0,-0.5884838104248047,0,-0.010989189147949219,0,-0.014652252197265625
20994903356,23481121,23466,23466,0,0,0,-0.5884838104248047,0,-0.010989189147949219,0,-0.0048847198486328125
20996632049,23482121,23467,23467,0,0,0,-0.5884838104248047,0,-0.0036630630493164062,0,-0.0048847198486328125
20998360742,23484122,23469,23469,0,0,0,-0.5884838104248047,0,-0.010989189147949219,0,-0.0048847198486328125
21000089435,23485129,23470,23470,0,0,0,-0.5884838104248047,0,0.0036630630493164062,0,-0.0048847198486328125
21001818128,23488139,23473,23473,0,0,0,-0.5884838104248047,0,-0.010989189147949219,0,-0.0048847198486328125
21003546821,23489125,23474,23474,0,0,0,-0.5884838104248047,0,-0.010989189147949219,0,-0.0048847198486328125
21005275514,23490121,23475,23475,0,0,0,-0.5884838104248047,0,-0.0036630630493164062,0,-0.0048847198486328125
21007004207,23492123,23477,23477,0,0,0,-0.5884838104248047,0,-0.0036630630493164062,0,-0.0048847198486328125
21008732900,23493125,23478,23478,0,0,0,-0.5884838104248047,0,-0.010989189147949219,0,-0.0048847198486328125
21010499910,23497123,23482,23482,0,0,0,-0.5884838104248047,0,-0.010989189147949219,0,-0.014652252197265625
21012266916,23498121,23483,23483,0,0,0,-0.5884838104248047,0,-0.010989189147949219,0,-0.014652252197265625
21014033922,23500131,23485,23485,0,0,0,-0.5884838104248047,0,-0.010989189147949219,0,-0.014652252197265625
21015800928,23501135,23486,23486,0,0,0,-0.5884838104248047,0,0.0036630630493164062,0,-0.014652252197265625
21017567934,23503126,23488,23488,0,0,0,-0.5884838104248047,0,0.0036630630493164062,0,-0.0048847198486328125
21019334940,23505132,23490,23490,0,0,0,-0.5884838104248047,0,0.010989189147949219,0,-0.0048847198486328125
21021101946,23507122,23493,23493,0,0,0,-0.5884838104248047,0,-0.0036630630493164062,0,-0.014652252197265625
21022868952,23509125,23494,23494,0,0,0,-0.5884838104248047,0,-0.01831531524658203,0,-0.0048847198486328125
21024635958,23510121,23495,23495,0,0,0,-0.5884838104248047,0,-0.01831531524658203,0,-0.014652252197265625
21026402964,23511121,23496,23496,0,0,0,-0.5884838104248047,0,0.010989189147949219,0,-0.014652252197265625
21028169970,23513123,23498,23498,0,0,0,-0.5884838104248047,0,0.0036630630493164062,0,-0.0048847198486328125
21029936976,23514121,23499,23499,0,0,0,-0.5884838104248047,0,0.0036630630493164062,0,-0.0048847198486328125
21031703982,23516135,23501,23501,0,0,0,-0.5884838104248047,0,-0.010989189147949219,0,-0.014652252197265625
21033470988,23517128,23502,23502,0,0,0,-0.5884838104248047,0,0.010989189147949219,0,-0.0048847198486328125
21035237994,23519121,23504,23504,0,0,0,-0.5884838104248047,0,-0.0036630630493164062,0,-0.014652252197265625
21037005000,23521123,23506,23506,0,0,0,-0.5884838104248047,0,-0.010989189147949219,0,-0.0048847198486328125
21039120620,23532121,23517,23517,0,0,0,-0.5884838104248047,0,-0.010989189147949219,0,-0.0048847198486328125
21041236232,23533125,23518,23518,0,0,0,-0.5884838104248047,0,0.0036630630493164062,0,-0.014652252197265625
21043351844,23534123,23519,23519,0,0,0,-0.5884838104248047,0,0.010989189147949219,0,-0.014652252197265625
21045467456,23536121,23521,23521,0,0,0,-0.5884838104248047,0,0.01831531524658203,0,-0.014652252197265625
21047583068,23538125,23523,23523,0,0,0,-0.5884838104248047,0,0.0036630630493164062,0,-0.014652252197265625
21049698680,23541121,23526,23526,0,0,0,-0.5884838104248047,0,-0.01831531524658203,0,-0.024419784545898438
21051814292,23542123,23527,23527,0,0,0,-0.5884838104248047,0,-0.0036630630493164062,0,-0.014652252197265625
21053929904,23544136,23529,23529,0,0,0,-0.5884838104248047,0,-0.0036630630493164062,0,-0.014652252197265625
21056045516,23545133,23530,23530,0,0,0,-0.5884838104248047,0,0.0036630630493164062,0,-0.014652252197265625
21058161128,23546124,23532,23532,0,0,0,-0.5884838104248047,0,-0.01831531524658203,0,-0.014652252197265625
21060276740,23548121,23533,23533,0,0,0,-0.5884838104248047,0,-0.0036630630493164062,0,-0.014652252197265625
21062392352,23549121,23534,23534,0,0,0,-0.5884838104248047,0,0.01831531524658203,0,-0.014652252197265625
21064507964,23551125,23536,23536,0,0,0,-0.5884838104248047,0,0.0036630630493164062,0,-0.014652252197265625
21066623576,23553121,23538,23538,0,0,0,-0.5884838104248047,0,-0.010989189147949219,0,-0.0048847198486328125
21068739188,23554125,23539,23539,0,0,0,-0.5884838104248047,0,-0.01831531524658203,0,-0.014652252197265625
21070854800,23555132,23540,23541,0,0,0,-0.5884838104248047,0,0.010989189147949219,0,-0.0048847198486328125
21072503360,23559129,23544,23544,0,0,0,-0.5884838104248047,0,-0.0036630630493164062,0,-0.014652252197265625
21074151916,23560121,23545,23545,0,0,0,-0.5884838104248047,0,-0.010989189147949219,0,-0.014652252197265625
21075800472,23562123,23547,23547,0,0,0,-0.5884838104248047,0,-0.010989189147949219,0,-0.0048847198486328125
21077449028,23563123,23548,23548,0,0,0,-0.5884838104248047,0,-0.01831531524658203,0,-0.014652252197265625
21079097584,23564121,23550,23550,0,0,0,-0.5884838104248047,0,0.0036630630493164062,0,-0.014652252197265625
21080746140,23566122,23551,23551,0,0,0,-0.5884838104248047,0,0.0036630630493164062,0,-0.014652252197265625
21082394696,23567125,23552,23552,0,0,0,-0.5884838104248047,0,0.0036630630493164062,0,-0.014652252197265625
21084043252,23568121,23553,23553,0,0,0,-0.5884838104248047,0,0.0036630630493164062,0,-0.0048847198486328125
21085691808,23570121,23555,23556,0,0,0,-0.5884838104248047,0,0.010989189147949219,0,-0.0048847198486328125
21087340364,23573125,23558,23558,0,0,0,-0.5884838104248047,0,-0.010989189147949219,0,-0.0048847198486328125
21088988920,23575133,23560,23560,0,0,0,-0.5884838104248047,0,0.010989189147949219,0,-0.014652252197265625
21090637476,23576122,23561,23561,0,0,0,-0.5884838104248047,0,-0.010989189147949219,0,-0.014652252197265625
21092286032,23577121,23562,23562,0,0,0,-0.5884838104248047,0,-0.01831531524658203,0,-0.014652252197265625
21093934588,23579123,23564,23564,0,0,0,-0.5884838104248047,0,0.0036630630493164062,0,-0.014652252197265625
21095583144,23580125,23565,23565,0,0,0,-0.5884838104248047,0,-0.01831531524658203,0,-0.0048847198486328125
21097231700,23582121,23567,23567,0,0,0,-0.5884838104248047,0,-0.0036630630493164062,0,-0.0048847198486328125
21098918345,23585137,23570,23570,0,0,0,-0.5884838104248047,0,-0.0036630630493164062,0,-0.0048847198486328125
21100604982,23587127,23572,23572,0,0,0,-0.5884838104248047,0,-0.0036630630493164062,0,-0.0048847198486328125
21102291619,23589122,23574,23574,0,0,0,-0.5884838104248047,0,0.0036630630493164062,0,-0.0048847198486328125
21103978256,23590120,23575,23575,0,0,0,-0.5884838104248047,0,0.010989189147949219,0,-0.0048847198486328125
21105664893,23592123,23577,23577,0,0,0,-0.5884838104248047,0,0.0036630630493164062,0,-0.0048847198486328125
21107351530,23593121,23578,23578,0,0,0,-0.5884838104248047,0,0.01831531524658203,0,-0.0048847198486328125
21109038167,23594121,23579,23579,0,0,0,-0.5884838104248047,0,-0.0036630630493164062,0,-0.014652252197265625
21110724804,23596125,23581,23581,0,0,0,-0.5884838104248047,0,-0.01831531524658203,0,-0.0048847198486328125
21112411441,23597121,23582,23582,0,0,0,-0.5884838104248047,0,0.0036630630493164062,0,-0.0048847198486328125
21114098078,23598121,23583,23583,0,0,0,-0.5884838104248047,0,-0.010989189147949219,0,-0.014652252197265625
21115784715,23600147,23585,23585,0,0,0,-0.5884838104248047,0,-0.010989189147949219,0,-0.014652252197265625
21117471352,23602121,23587,23587,0,0,0,-0.5884838104248047,0,-0.01831531524658203,0,-0.014652252197265625
21119157989,23604124,23589,23589,0,0,0,-0.5884838104248047,0,-0.0036630630493164062,0,-0.024419784545898438
21120844626,23606121,23591,23591,0,0,0,-0.5884838104248047,0,0.010989189147949219,0,-0.014652252197265625
21122531263,23608124,23593,23593,0,0,0,-0.5884838104248047,0,-0.010989189147949219,0,-0.0048847198486328125
21124217900,23609125,23594,23594,0,0,0,-0.5884838104248047,0,-0.01831531524658203,0,-0.0048847198486328125
21125775455,23612124,23597,23597,0,0,0,-0.5884838104248047,0,-0.010989189147949219,0,-0.0048847198486328125
21127332998,23614135,23599,23599,0,0,0,-0.5884838104248047,0,0.0036630630493164062,0,-0.0048847198486328125
21128890541,23615134,23600,23600,0,0,0,-0.5884838104248047,0,-0.0036630630493164062,0,-0.0048847198486328125
21130448084,23617125,23602,23602,0,0,0,-0.5884838104248047,0,-0.010989189147949219,0,-0.0048847198486328125
21132005627,23618121,23603,23603,0,0,0,-0.5884838104248047,0,-0.0036630630493164062,0,-0.0048847198486328125
21133563170,23620122,23605,23605,0,0,0,-0.5884838104248047,0,-0.0036630630493164062,0,-0.0048847198486328125
21135120713,23621123,23606,23606,0,0,0,-0.5884838104248047,0,0.010989189147949219,0,-0.0048847198486328125
21136678256,23623121,23608,23608,0,0,0,-0.5884838104248047,0,-0.0036630630493164062,0,0.0048847198486328125
21138235799,23624122,23609,23609,0,0,0,-0.5884838104248047,0,-0.0036630630493164062,0,0.0048847198486328125
21139793342,23625133,23610,23610,0,0,0,-0.5884838104248047,0,-0.010989189147949219,0,-0.0048847198486328125
21141350885,23627129,23612,23612,0,0,0,-0.5884838104248047,0,0.0036630630493164062,0,-0.0048847198486328125
21142908428,23628135,23613,23613,0,0,0,-0.5884838104248047,0,-0.010989189147949219,0,-0.0048847198486328125
21144465971,23629127,23614,23614,0,0,0,-0.5884838104248047,0,0.0036630630493164062,0,-0.014652252197265625
21146023514,23631121,23616,23616,0,0,0,-0.5884838104248047,0,0.010989189147949219,0,-0.014652252197265625
21147581057,23632121,23617,23617,0,0,0,-0.5884838104248047,0,0.01831531524658203,0,-0.014652252197265625
21149138600,23634121,23619,23619,0,0,0,-0.5884838104248047,0,0.010989189147949219,0,-0.0048847198486328125
21150849445,23640121,23625,23625,0,0,0,-0.5884838104248047,0,-0.0036630630493164062,0,-0.024419784545898438
21152560282,23641133,23626,23626,0,0,0,-0.5884838104248047,0,0.0036630630493164062,0,-0.014652252197265625
21154271119,23643125,23628,23628,0,0,0,-0.5884838104248047,0,0.010989189147949219,0,-0.014652252197265625
21155981956,23644121,23629,23629,0,0,0,-0.5884838104248047,0,-0.010989189147949219,0,-0.014652252197265625
21157692793,23645131,23631,23631,0,0,0,-0.5884838104248047,0,-0.01831531524658203,0,-0.014652252197265625
21159403630,23647122,23632,23632,0,0,0,-0.5884838104248047,0,-0.01831531524658203,0,-0.014652252197265625
21161114467,23648121,23633,23634,0,0,0,-0.5884838104248047,0,-0.0036630630493164062,0,-0.014652252197265625
21162825304,23650131,23635,23635,0,0,0,-0.5884838104248047,0,0.0036630630493164062,0,-0.014652252197265625
21164536141,23651122,23636,23636,0,0,0,-0.5884838104248047,0,0.0036630630493164062,0,-0.014652252197265625
21166246978,23652123,23637,23637,0,0,0,-0.5884838104248047,0,-0.0036630630493164062,0,-0.014652252197265625
21167957815,23654125,23639,23639,0,0,0,-0.5884838104248047,0,0.01831531524658203,0,-0.014652252197265625
21169668652,23656135,23641,23641,0,0,0,-0.5884838104248047,0,-0.010989189147949219,0,-0.014652252197265625
21171379489,23657126,23642,23642,0,0,0,-0.5884838104248047,0,-0.010989189147949219,0,-0.014652252197265625
21173090326,23659121,23644,23644,0,0,0,-0.5884838104248047,0,-0.0036630630493164062,0,-0.014652252197265625
21174801163,23660121,23645,23645,0,0,0,-0.5884838104248047,0,-0.0036630630493164062,0,-0.014652252197265625
21176512000,23661121,23646,23646,0,0,0,-0.5884838104248047,0,-0.0036630630493164062,0,-0.014652252197265625
21178053875,23664121,23649,23649,0,0,0,-0.5884838104248047,0,0.0036630630493164062,0,-0.0048847198486328125
21179595750,23665129,23650,23651,0,0,0,-0.5884838104248047,0,0.0036630630493164062,0,-0.0048847198486328125
21181137625,23667125,23652,23652,0,0,0,-0.5884838104248047,0,0.0036630630493164062,0,-0.0048847198486328125
21182679500,23668121,23653,23653,0,0,0,-0.5884838104248047,0,-0.01831531524658203,0,0.0048847198486328125
21184221375,23670138,23655,23655,0,0,0,-0.5884838104248047,0,0.0036630630493164062,0,0.0048847198486328125
21185763250,23671127,23656,23656,0,0,0,-0.5884838104248047,0,-0.010989189147949219,0,0.0048847198486328125
21187305125,23673121,23658,23658,0,0,0,-0.5884838104248047,0,0.0036630630493164062,0,-0.0048847198486328125
21188847000,23674122,23659,23659,0,0,0,-0.5884838104248047,0,-0.01831531524658203,0,-0.014652252197265625
21190388875,23675133,23660,23660,0,0,0,-0.5884838104248047,0,0.010989189147949219,0,-0.0048847198486328125
21191930750,23677121,23662,23662,0,0,0,-0.5884838104248047,0,-0.010989189147949219,0,-0.0048847198486328125
21193472625,23678121,23663,23663,0,0,0,-0.5884838104248047,0,-0.010989189147949219,0,0.0048847198486328125
21195014500,23680121,23665,23665,0,0,0,-0.5884838104248047,0,-0.010989189147949219,0,0.014652252197265625
21196556375,23681121,23666,23666,0,0,0,-0.5884838104248047,0,0.0036630630493164062,0,0.0048847198486328125
21198098250,23683132,23668,23668,0,0,0,-0.5884838104248047,0,-0.0036630630493164062,0,0.0048847198486328125
21199640125,23684135,23669,23669,0,0,0,-0.5884838104248047,0,0.010989189147949219,0,0.0048847198486328125
21201182000,23686121,23671,23671,0,0,0,-0.5884838104248047,0,-0.0036630630493164062,0,-0.0048847198486328125
21202707725,23690121,23675,23675,0,0,0,-0.5884838104248047,0,-0.01831531524658203,0,-0.0048847198486328125
21204233450,23691125,23676,23676,0,0,0,-0.5884838104248047,0,0.0036630630493164062,0,-0.0048847198486328125
21205759175,23693121,23678,23678,0,0,0,-0.5884838104248047,0,0.0036630630493164062,0,-0.0048847198486328125
21207284900,23694121,23679,23679,0,0,0,-0.5884838104248047,0,-0.01831531524658203,0,-0.0048847198486328125
21208810625,23695131,23680,23680,0,0,0,-0.5884838104248047,0,-0.01831531524658203,0,-0.0048847198486328125
21210336350,23696125,23681,23681,0,0,0,-0.5884838104248047,0,-0.0036630630493164062,0,-0.0048847198486328125
21211862075,23698135,23683,23683,0,0,0,-0.5884838104248047,0,-0.0036630630493164062,0,-0.014652252197265625
21213387800,23699127,23684,23684,0,0,0,-0.5884838104248047,0,-0.010989189147949219,0,-0.0048847198486328125
21214913525,23700132,23685,23685,0,0,0,-0.5884838104248047,0,-0.010989189147949219,0,-0.014652252197265625
21216439250,23702121,23687,23687,0,0,0,-0.5884838104248047,0,-0.0036630630493164062,0,-0.014652252197265625
21217964975,23703123,23688,23688,0,0,0,-0.5884838104248047,0,-0.0036630630493164062,0,-0.0048847198486328125
21219490700,23705130,23690,23690,0,0,0,-0.5884838104248047,0,-0.0036630630493164062,0,-0.014652252197265625
21221016425,23706121,23691,23691,0,0,0,-0.5884838104248047,0,-0.010989189147949219,0,-0.0048847198486328125
21222542150,23708123,23693,23693,0,0,0,-0.5884838104248047,0,0.0036630630493164062,0,-0.0048847198486328125
21224067875,23709121,23694,23694,0,0,0,-0.5884838104248047,0,0.0036630630493164062,0,-0.0048847198486328125
21225593600,23710121,23695,23695,0,0,0,-0.5884838104248047,0,0.0036630630493164062,0,-0.014652252197265625
21227113950,23713125,23698,23698,0,0,0,-0.5884838104248047,0,0.0036630630493164062,0,-0.014652252197265625
21228634300,23715129,23700,23700,0,0,0,-0.5884838104248047,0,-0.010989189147949219,0,-0.014652252197265625
21230154650,23716123,23701,23701,0,0,0,-0.5884838104248047,0,-0.01831531524658203,0,-0.014652252197265625
21231675000,23717121,23702,23702,0,0,0,-0.5884838104248047,0,-0.010989189147949219,0,-0.014652252197265625
21233195350,23719121,23704,23704,0,0,0,-0.5884838104248047,0,0.0036630630493164062,0,-0.0048847198486328125
21234715700,23720124,23705,23705,0,0,0,-0.5884838104248047,0,0.0036630630493164062,0,-0.014652252197265625
21236236050,23721121,23706,23706,0,0,0,-0.5884838104248047,0,-0.01831531524658203,0,-0.014652252197265625
21237756400,23723121,23708,23708,0,0,0,-0.5884838104248047,0,-0.01831531524658203,0,-0.014652252197265625
21239276750,23725141,23710,23710,0,0,0,-0.5884838104248047,0,-0.0036630630493164062,0,-0.024419784545898438
21240797100,23726135,23711,23711,0,0,0,-0.5884838104248047,0,-0.0036630630493164062,0,-0.024419784545898438
21242317450,23727125,23712,23712,0,0,0,-0.5884838104248047,0,-0.0036630630493164062,0,-0.024419784545898438
21243837800,23729123,23714,23714,0,0,0,-0.5884838104248047,0,-0.0036630630493164062,0,-0.024419784545898438
21245358150,23730121,23715,23715,0,0,0,-0.5884838104248047,0,0.010989189147949219,0,-0.024419784545898438
21246878500,23732123,23717,23717,0,0,0,-0.5884838104248047,0,-0.01831531524658203,0,-0.014652252197265625
21248398850,23733125,23718,23718,0,0,0,-0.5884838104248047,0,-0.0036630630493164062,0,-0.014652252197265625
21249919200,23734121,23719,23719,0,0,0,-0.5884838104248047,0,-0.0036630630493164062,0,-0.014652252197265625
21251441125,23738121,23723,23723,0,0,0,-0.5884838104248047,0,0.0036630630493164062,0,-0.0048847198486328125
21252963050,23740135,23725,23725,0,0,0,-0.5884838104248047,0,-0.0036630630493164062,0,-0.0048847198486328125
21254484975,23741128,23726,23726,0,0,0,-0.5884838104248047,0,-0.01831531524658203,0,-0.0048847198486328125
21256006900,23742121,23727,23727,0,0,0,-0.5884838104248047,0,-0.0036630630493164062,0,-0.0048847198486328125
21257528825,23744121,23729,23729,0,0,0,-0.5884838104248047,0,-0.0036630630493164062,0,-0.0048847198486328125
21259050750,23745131,23730,23730,0,0,0,-0.5884838104248047,0,-0.0036630630493164062,0,-0.0048847198486328125
21260572675,23746121,23731,23731,0,0,0,-0.5884838104248047,0,0.010989189147949219,0,-0.014652252197265625
21262094600,23748121,23733,23733,0,0,0,-0.5884838104248047,0,0.0036630630493164062,0,-0.014652252197265625
21263616525,23749125,23734,23734,0,0,0,-0.5884838104248047,0,0.0036630630493164062,0,-0.014652252197265625
21265138450,23750129,23735,23735,0,0,0,-0.5884838104248047,0,0.0036630630493164062,0,-0.024419784545898438
21266660375,23752124,23737,23737,0,0,0,-0.5884838104248047,0,-0.010989189147949219,0,-0.024419784545898438
21268182300,23753131,23738,23738,0,0,0,-0.5884838104248047,0,-0.010989189147949219,0,-0.024419784545898438
21269704225,23755134,23740,23740,0,0,0,-0.5884838104248047,0,-0.0036630630493164062,0,-0.024419784545898438
21271226150,23756121,23741,23741,0,0,0,-0.5884838104248047,0,-0.0036630630493164062,0,-0.014652252197265625
21272748075,23757122,23742,23742,0,0,0,-0.5884838104248047,0,-0.0036630630493164062,0,-0.014652252197265625
21274270000,23759121,23744,23744,0,0,0,-0.5884838104248047,0,0.0036630630493164062,0,-0.014652252197265625
21276118975,23765130,23750,23750,0,0,0,-0.5884838104248047,0,-0.01831531524658203,0,-0.014652252197265625
21277805437,23767129,23752,23752,0,0,0,-0.5884838104248047,0,0.0036630630493164062,0,-0.014652252197265625
21279491899,23768136,23753,23753,0,0,0,-0.5884838104248047,0,0.0036630630493164062,0,-0.014652252197265625
21281178361,23769125,23754,23755,0,0,0,-0.5884838104248047,0,0.010989189147949219,0,-0.014652252197265625
21282864823,23771121,23756,23756,0,0,0,-0.5884838104248047,0,-0.010989189147949219,0,-0.014652252197265625
21284551285,23772120,23757,23757,0,0,0,-0.5884838104248047,0,0.0036630630493164062,0,-0.014652252197265625
21286237747,23774123,23759,23759,0,0,0,-0.5884838104248047,0,-0.0036630630493164062,0,-0.024419784545898438
21287924209,23775129,23760,23760,0,0,0,-0.5884838104248047,0,-0.0036630630493164062,0,-0.014652252197265625
21289610671,23777121,23762,23762,0,0,0,-0.5884838104248047,0,-0.010989189147949219,0,-0.0048847198486328125
21291297133,23779122,23764,23764,0,0,0,-0.5884838104248047,0,-0.01831531524658203,0,-0.0048847198486328125
21292983595,23780121,23765,23765,0,0,0,-0.5884838104248047,0,0.0036630630493164062,0,-0.0048847198486328125
21294670057,23782137,23767,23767,0,0,0,-0.5884838104248047,0,-0.010989189147949219,0,-0.0048847198486328125
21296356519,23783129,23768,23768,0,0,0,-0.5884838104248047,0,-0.01831531524658203,0,-0.0048847198486328125
21298042981,23785129,23770,23770,0,0,0,-0.5884838104248047,0,0.0036630630493164062,0,-0.0048847198486328125
21299729443,23786121,23771,23771,0,0,0,-0.5884838104248047,0,0.010989189147949219,0,-0.0048847198486328125
21301415905,23788121,23773,23773,0,0,0,-0.5884838104248047,0,0.010989189147949219,0,-0.0048847198486328125
21303102367,23792121,23777,23777,0,0,0,-0.5884838104248047,0,-0.010989189147949219,0,-0.0048847198486328125
21304788829,23793121,23778,23778,0,0,0,-0.5884838104248047,0,-0.0036630630493164062,0,-0.014652252197265625
21306475291,23794121,23780,23780,0,0,0,-0.5884838104248047,0,-0.010989189147949219,0,-0.014652252197265625
21308161753,23796136,23781,23781,0,0,0,-0.5884838104248047,0,-0.010989189147949219,0,-0.014652252197265625
21309848215,23797125,23782,23782,0,0,0,-0.5884838104248047,0,-0.025641441345214844,0,-0.014652252197265625
21311534677,23798121,23784,23784,0,0,0,-0.5884838104248047,0,0.01831531524658203,0,-0.014652252197265625
21313221139,23801123,23786,23786,0,0,0,-0.5884838104248047,0,-0.0036630630493164062,0,-0.0048847198486328125
21314907601,23802121,23787,23787,0,0,0,-0.5884838104248047,0,0.0036630630493164062,0,-0.0048847198486328125
21316594063,23803123,23788,23788,0,0,0,-0.5884838104248047,0,0.0036630630493164062,0,-0.0048847198486328125
21318280525,23805130,23790,23790,0,0,0,-0.5884838104248047,0,0.010989189147949219,0,-0.0048847198486328125
21319966987,23806121,23791,23791,0,0,0,-0.5884838104248047,0,0.0036630630493164062,0,-0.0048847198486328125
21321653449,23807125,23792,23792,0,0,0,-0.5884838104248047,0,0.0036630630493164062,0,-0.014652252197265625
21323339911,23809129,23794,23794,0,0,0,-0.5884838104248047,0,0.0036630630493164062,0,-0.0048847198486328125
21325026373,23810135,23795,23795,0,0,0,-0.5884838104248047,0,-0.010989189147949219,0,-0.0048847198486328125
21326712835,23811127,23796,23796,0,0,0,-0.5884838104248047,0,0.0036630630493164062,0,-0.0048847198486328125
21328399297,23813121,23798,23798,0,0,0,-0.5884838104248047,0,-0.010989189147949219,0,-0.0048847198486328125
21329943095,23817121,23802,23802,0,0,0,-0.5884838104248047,0,0.0036630630493164062,0,0.0048847198486328125
21331486882,23818121,23803,23803,0,0,0,-0.5884838104248047,0,-0.0036630630493164062,0,0.0048847198486328125
21333030669,23820124,23805,23805,0,0,0,-0.5884838104248047,0,-0.010989189147949219,0,0.0048847198486328125
21334574456,23821121,23806,23806,0,0,0,-0.5884838104248047,0,-0.01831531524658203,0,0.0048847198486328125
21336118243,23822121,23807,23807,0,0,0,-0.5884838104248047,0,0.010989189147949219,0,-0.0048847198486328125
21337662030,23824137,23809,23809,0,0,0,-0.5884838104248047,0,-0.010989189147949219,0,-0.0048847198486328125
21339205817,23825133,23811,23811,0,0,0,-0.5884838104248047,0,0.0036630630493164062,0,-0.014652252197265625
21340749604,23827121,23812,23812,0,0,0,-0.5884838104248047,0,-0.010989189147949219,0,-0.0048847198486328125
21342293391,23828124,23813,23813,0,0,0,-0.5884838104248047,0,0.010989189147949219,0,-0.0048847198486328125
21343837178,23829121,23814,23814,0,0,0,-0.5884838104248047,0,-0.01831531524658203,0,-0.0048847198486328125
21345380965,23831121,23816,23816,0,0,0,-0.5884838104248047,0,0.0036630630493164062,0,-0.0048847198486328125
21346924752,23832124,23817,23817,0,0,0,-0.5884838104248047,0,0.0036630630493164062,0,-0.0048847198486328125
21348468539,23834121,23819,23819,0,0,0,-0.5884838104248047,0,-0.010989189147949219,0,-0.014652252197265625
21350012326,23835129,23820,23820,0,0,0,-0.5884838104248047,0,0.010989189147949219,0,-0.014652252197265625
21351556113,23836124,23821,23821,0,0,0,-0.5884838104248047,0,-0.010989189147949219,0,-0.014652252197265625
21353099900,23838135,23823,23823,0,0,0,-0.5884838104248047,0,-0.010989189147949219,0,-0.014652252197265625
21354603205,23841125,23826,23826,0,0,0,-0.5884838104248047,0,0.0036630630493164062,0,-0.014652252197265625
21356106498,23842121,23827,23827,0,0,0,-0.5884838104248047,0,0.010989189147949219,0,-0.014652252197265625
21357609791,23843121,23828,23828,0,0,0,-0.5884838104248047,0,-0.0036630630493164062,0,-0.014652252197265625
21359113084,23845131,23830,23830,0,0,0,-0.5884838104248047,0,-0.0036630630493164062,0,-0.0048847198486328125
21360616377,23846121,23831,23831,0,0,0,-0.5884838104248047,0,-0.0036630630493164062,0,-0.014652252197265625
21362119670,23847121,23832,23832,0,0,0,-0.5884838104248047,0,-0.01831531524658203,0,-0.014652252197265625
21363622963,23849125,23834,23834,0,0,0,-0.5884838104248047,0,-0.010989189147949219,0,-0.014652252197265625
21365126256,23850129,23835,23835,0,0,0,-0.5884838104248047,0,0.0036630630493164062,0,-0.014652252197265625
21366629549,23851128,23836,23836,0,0,0,-0.5884838104248047,0,-0.0036630630493164062,0,-0.024419784545898438
21368132842,23853127,23838,23838,0,0,0,-0.5884838104248047,0,-0.0036630630493164062,0,-0.0048847198486328125
21369636135,23855130,23840,23840,0,0,0,-0.5884838104248047,0,-0.0036630630493164062,0,-0.0048847198486328125
21371139428,23856121,23841,23841,0,0,0,-0.5884838104248047,0,0.0036630630493164062,0,-0.0048847198486328125
21372642721,23857125,23842,23842,0,0,0,-0.5884838104248047,0,-0.0036630630493164062,0,-0.014652252197265625
21374146014,23858121,23843,23843,0,0,0,-0.5884838104248047,0,0.0036630630493164062,0,-0.024419784545898438
21375649307,23861123,23846,23846,0,0,0,-0.5884838104248047,0,0.010989189147949219,0,-0.014652252197265625
21377152600,23862120,23847,23847,0,0,0,-0.5884838104248047,0,-0.010989189147949219,0,-0.014652252197265625
21378542375,23865141,23850,23850,0,0,0,-0.5884838104248047,0,0.0036630630493164062,0,-0.0048847198486328125
21379932150,23866135,23851,23851,0,0,0,-0.5884838104248047,0,-0.0036630630493164062,0,-0.0048847198486328125
21381321925,23867125,23852,23852,0,0,0,-0.5884838104248047,0,-0.010989189147949219,0,-0.0048847198486328125
21382711700,23868121,23854,23854,0,0,0,-0.5884838104248047,0,0.01831531524658203,0,-0.0048847198486328125
21384101475,23870125,23855,23855,0,0,0,-0.5884838104248047,0,-0.0036630630493164062,0,-0.0048847198486328125
21385491250,23871121,23856,23856,0,0,0,-0.5884838104248047,0,-0.0036630630493164062,0,-0.0048847198486328125
21386881025,23873121,23858,23858,0,0,0,-0.5884838104248047,0,-0.01831531524658203,0,-0.0048847198486328125
21388270800,23874123,23859,23859,0,0,0,-0.5884838104248047,0,-0.010989189147949219,0,-0.0048847198486328125
21389660575,23875129,23860,23860,0,0,0,-0.5884838104248047,0,0.0036630630493164062,0,-0.0048847198486328125
21391050350,23876121,23861,23861,0,0,0,-0.5884838104248047,0,-0.010989189147949219,0,-0.014652252197265625
21392440125,23878125,23863,23863,0,0,0,-0.5884838104248047,0,-0.010989189147949219,0,-0.014652252197265625
21393829900,23879129,23864,23864,0,0,0,-0.5884838104248047,0,-0.0036630630493164062,0,-0.0048847198486328125
21395219675,23880135,23865,23865,0,0,0,-0.5884838104248047,0,-0.010989189147949219,0,-0.0048847198486328125
21396609450,23881125,23866,23866,0,0,0,-0.5884838104248047,0,0.0036630630493164062,0,-0.014652252197265625
21397999225,23883121,23868,23868,0,0,0,-0.5884838104248047,0,-0.01831531524658203,0,-0.014652252197265625
21399389000,23884121,23869,23869,0,0,0,-0.5884838104248047,0,-0.010989189147949219,0,-0.014652252197265625
21401151935,23891121,23876,23876,0,0,0,-0.5884838104248047,0,-0.010989189147949219,0,-0.014652252197265625
21402914866,23893129,23878,23878,0,0,0,-0.5884838104248047,0,0.0036630630493164062,0,-0.024419784545898438
21404677797,23894139,23879,23879,0,0,0,-0.5884838104248047,0,0.010989189147949219,0,-0.014652252197265625
21406440728,23895134,23880,23880,0,0,0,-0.5884838104248047,0,-0.0036630630493164062,0,-0.0048847198486328125
21408203659,23897121,23882,23882,0,0,0,-0.5884838104248047,0,-0.0036630630493164062,0,-0.0048847198486328125
21409966590,23898123,23883,23883,0,0,0,-0.5884838104248047,0,0.0036630630493164062,0,-0.0048847198486328125
21411729521,23899125,23884,23885,0,0,0,-0.5884838104248047,0,-0.010989189147949219,0,-0.0048847198486328125
21413492452,23901123,23886,23886,0,0,0,-0.5884838104248047,0,-0.010989189147949219,0,-0.0048847198486328125
21415255383,23902121,23887,23887,0,0,0,-0.5884838104248047,0,-0.025641441345214844,0,-0.0048847198486328125
21417018314,23904121,23889,23889,0,0,0,-0.5884838104248047,0,0.0036630630493164062,0,-0.0048847198486328125
21418781245,23905130,23890,23890,0,0,0,-0.5884838104248047,0,-0.0036630630493164062,0,-0.0048847198486328125
21420544176,23907133,23892,23892,0,0,0,-0.5884838104248047,0,-0.0036630630493164062,0,-0.0048847198486328125
21422307107,23908136,23893,23893,0,0,0,-0.5884838104248047,0,0.0036630630493164062,0,-0.0048847198486328125
21424070038,23910121,23895,23895,0,0,0,-0.5884838104248047,0,-0.0036630630493164062,0,-0.0048847198486328125
21425832969,23911123,23896,23896,0,0,0,-0.5884838104248047,0,0.0036630630493164062,0,-0.0048847198486328125
21427595900,23912121,23897,23897,0,0,0,-0.5884838104248047,0,-0.010989189147949219,0,0.0048847198486328125
