"timestamp_ns","yaw_ident_debug.timestamp_us","yaw_ident_debug.sample_seq","yaw_ident_debug.motor_rx_seq","yaw_ident_debug.state","yaw_ident_debug.elapsed_s","yaw_ident_debug.frequency_hz","yaw_ident_debug.position_rad","yaw_ident_debug.gyro_yaw_rad_s","yaw_ident_debug.motor_speed_rad_s","yaw_ident_debug.torque_command_nm","yaw_ident_debug.torque_feedback_nm"
4285074675,9639123,9624,9624,0,0,0,-0.5739107131958008,0,-0.010989189147949219,0,-0.0048847198486328125
4287084900,9640121,9625,9625,0,0,0,-0.5739107131958008,0,0.0036630630493164062,0,0.0048847198486328125
4289095125,9642122,9627,9627,0,0,0,-0.5739107131958008,0,-0.010989189147949219,0,-0.0048847198486328125
4291105350,9651125,9636,9636,0,0,0,-0.5739107131958008,0,-0.0036630630493164062,0,-0.0048847198486328125
4293115575,9653120,9638,9638,0,0,0,-0.5739107131958008,0,-0.010989189147949219,0,-0.014652252197265625
4295125800,9655131,9640,9640,0,0,0,-0.5739107131958008,0,-0.010989189147949219,0,-0.0048847198486328125
4297136025,9656124,9641,9641,0,0,0,-0.5739107131958008,0,-0.0036630630493164062,0,-0.0048847198486328125
4299146250,9658120,9643,9643,0,0,0,-0.5739107131958008,0,-0.0036630630493164062,0,-0.0048847198486328125
4301156475,9659132,9644,9644,0,0,0,-0.5739107131958008,0,-0.01831531524658203,0,-0.0048847198486328125
4303166700,9664125,9649,9649,0,0,0,-0.5739107131958008,0,-0.0036630630493164062,0,-0.0048847198486328125
4305176925,9665129,9650,9650,0,0,0,-0.5739107131958008,0,0.0036630630493164062,0,-0.0048847198486328125
4307187150,9667125,9652,9652,0,0,0,-0.5739107131958008,0,-0.010989189147949219,0,-0.014652252197265625
4309197375,9669121,9654,9654,0,0,0,-0.5739107131958008,0,-0.0036630630493164062,0,-0.014652252197265625
4311207600,9671123,9656,9656,0,0,0,-0.5739107131958008,0,-0.010989189147949219,0,-0.014652252197265625
4313217825,9672124,9657,9657,0,0,0,-0.5739107131958008,0,-0.01831531524658203,0,-0.0048847198486328125
4315228050,9673128,9658,9658,0,0,0,-0.5739107131958008,0,0.0036630630493164062,0,-0.0048847198486328125
4317238275,9676122,9661,9661,0,0,0,-0.5739107131958008,0,-0.0036630630493164062,0,-0.0048847198486328125
4319248500,9678121,9663,9663,0,0,0,-0.5739107131958008,0,0.0036630630493164062,0,-0.0048847198486328125
4321258725,9679121,9664,9664,0,0,0,-0.5739107131958008,0,-0.0036630630493164062,0,-0.0048847198486328125
4323268950,9681121,9666,9666,0,0,0,-0.5739107131958008,0,-0.0036630630493164062,0,-0.0048847198486328125
4325279175,9682120,9667,9667,0,0,0,-0.5739107131958008,0,-0.0036630630493164062,0,-0.014652252197265625
4327289400,9684122,9669,9669,0,0,0,-0.5739107131958008,0,-0.0036630630493164062,0,-0.014652252197265625
4329299625,9686120,9671,9671,0,0,0,-0.5739107131958008,0,-0.010989189147949219,0,-0.0048847198486328125
4331309850,9687128,9672,9672,0,0,0,-0.5739107131958008,0,0.0036630630493164062,0,-0.0048847198486328125
4333320075,9688139,9673,9673,0,0,0,-0.5739107131958008,0,-0.0036630630493164062,0,-0.0048847198486328125
4335330300,9689127,9674,9674,0,0,0,-0.5739107131958008,0,-0.010989189147949219,0,-0.0048847198486328125
4337340525,9690120,9675,9675,0,0,0,-0.5739107131958008,0,-0.010989189147949219,0,-0.0048847198486328125
4339350750,9691121,9676,9676,0,0,0,-0.5739107131958008,0,-0.0036630630493164062,0,-0.014652252197265625
4341360975,9692122,9677,9677,0,0,0,-0.5739107131958008,0,-0.0036630630493164062,0,-0.014652252197265625
4343084035,9702135,9687,9687,0,0,0,-0.5739107131958008,0,-0.0036630630493164062,0,-0.0048847198486328125
4344807066,9704121,9689,9689,0,0,0,-0.5739107131958008,0,-0.0036630630493164062,0,-0.0048847198486328125
4346530097,9705131,9690,9690,0,0,0,-0.5739107131958008,0,-0.010989189147949219,0,0.0048847198486328125
4348253128,9706120,9691,9691,0,0,0,-0.5739107131958008,0,-0.010989189147949219,0,0.0048847198486328125
4349976159,9707121,9692,9692,0,0,0,-0.5739107131958008,0,0.0036630630493164062,0,0.0048847198486328125
4351699190,9708120,9693,9693,0,0,0,-0.5739107131958008,0,-0.010989189147949219,0,-0.0048847198486328125
4353422221,9709125,9694,9694,0,0,0,-0.5739107131958008,0,-0.010989189147949219,0,0.0048847198486328125
4355145252,9710120,9695,9695,0,0,0,-0.5739107131958008,0,-0.01831531524658203,0,-0.0048847198486328125
4356868283,9712120,9697,9697,0,0,0,-0.5739107131958008,0,-0.0036630630493164062,0,-0.0048847198486328125
4358591314,9714124,9699,9699,0,0,0,-0.5739107131958008,0,0.0036630630493164062,0,-0.014652252197265625
4360314345,9715137,9700,9700,0,0,0,-0.5739107131958008,0,-0.0036630630493164062,0,-0.014652252197265625
4362037376,9716135,9701,9701,0,0,0,-0.5739107131958008,0,0.0036630630493164062,0,-0.014652252197265625
4363760407,9718122,9703,9703,0,0,0,-0.5739107131958008,0,0.0036630630493164062,0,-0.014652252197265625
4365483438,9719121,9704,9704,0,0,0,-0.5739107131958008,0,-0.0036630630493164062,0,-0.014652252197265625
4367206469,9720121,9705,9705,0,0,0,-0.5739107131958008,0,-0.0036630630493164062,0,-0.014652252197265625
4368929500,9721122,9706,9706,0,0,0,-0.5739107131958008,0,0.010989189147949219,0,-0.014652252197265625
4370604845,9724120,9710,9710,0,0,0,-0.5739107131958008,0,0.0036630630493164062,0,-0.014652252197265625
4372133030,9726122,9711,9711,0,0,0,-0.5739107131958008,0,-0.0036630630493164062,0,-0.014652252197265625
4373661215,9728121,9713,9713,0,0,0,-0.5739107131958008,0,0.0036630630493164062,0,-0.014652252197265625
4375189400,9730139,9715,9715,0,0,0,-0.5739107131958008,0,-0.0036630630493164062,0,0.0048847198486328125
4376717585,9731125,9716,9716,0,0,0,-0.5739107131958008,0,-0.0036630630493164062,0,-0.0048847198486328125
4378245770,9733121,9718,9718,0,0,0,-0.5739107131958008,0,0.0036630630493164062,0,-0.0048847198486328125
4379773955,9734122,9719,9719,0,0,0,-0.5739107131958008,0,-0.0036630630493164062,0,-0.0048847198486328125
4381302140,9735129,9720,9720,0,0,0,-0.5739107131958008,0,0.0036630630493164062,0,0.0048847198486328125
4382830325,9736121,9721,9721,0,0,0,-0.5739107131958008,0,-0.0036630630493164062,0,-0.014652252197265625
4384358510,9737121,9722,9722,0,0,0,-0.5739107131958008,0,0.0036630630493164062,0,-0.014652252197265625
4385886695,9738124,9723,9723,0,0,0,-0.5739107131958008,0,0.0036630630493164062,0,-0.0048847198486328125
4387414880,9739121,9725,9725,0,0,0,-0.5739107131958008,0,0.0036630630493164062,0,-0.0048847198486328125
4388943065,9741121,9726,9726,0,0,0,-0.5739107131958008,0,-0.010989189147949219,0,-0.014652252197265625
4390471250,9742122,9727,9727,0,0,0,-0.5739107131958008,0,-0.010989189147949219,0,-0.014652252197265625
4391999435,9743132,9728,9728,0,0,0,-0.5739107131958008,0,0.0036630630493164062,0,-0.014652252197265625
4393527620,9746124,9731,9731,0,0,0,-0.5739107131958008,0,0.0036630630493164062,0,-0.014652252197265625
4395055805,9751125,9736,9736,0,0,0,-0.5739107131958008,0,-0.010989189147949219,0,-0.0048847198486328125
4396583990,9752123,9737,9737,0,0,0,-0.5739107131958008,0,0.0036630630493164062,0,-0.0048847198486328125
4398112175,9753121,9738,9738,0,0,0,-0.5739107131958008,0,0.010989189147949219,0,-0.014652252197265625
4399640360,9754124,9739,9739,0,0,0,-0.5739107131958008,0,-0.0036630630493164062,0,-0.014652252197265625
4401168545,9755131,9740,9740,0,0,0,-0.5739107131958008,0,-0.0036630630493164062,0,-0.014652252197265625
4402696730,9756120,9741,9741,0,0,0,-0.5739107131958008,0,0.0036630630493164062,0,-0.014652252197265625
4404224915,9757129,9742,9742,0,0,0,-0.5739107131958008,0,-0.010989189147949219,0,-0.014652252197265625
4405753100,9759129,9744,9744,0,0,0,-0.5739107131958008,0,0.0036630630493164062,0,-0.014652252197265625
4407281285,9761120,9746,9746,0,0,0,-0.5739107131958008,0,-0.010989189147949219,0,-0.014652252197265625
4408809470,9763122,9748,9748,0,0,0,-0.5739107131958008,0,0.010989189147949219,0,-0.014652252197265625
4410337655,9764121,9749,9749,0,0,0,-0.5739107131958008,0,-0.0036630630493164062,0,-0.0048847198486328125
4411865840,9765129,9750,9750,0,0,0,-0.5739107131958008,0,0.0036630630493164062,0,-0.014652252197265625
4413394025,9766120,9751,9751,0,0,0,-0.5739107131958008,0,-0.010989189147949219,0,-0.014652252197265625
4414922210,9767125,9752,9752,0,0,0,-0.5739107131958008,0,-0.010989189147949219,0,-0.014652252197265625
4416450395,9768121,9754,9754,0,0,0,-0.5739107131958008,0,-0.010989189147949219,0,-0.014652252197265625
4417978580,9770121,9755,9755,0,0,0,-0.5739107131958008,0,-0.0036630630493164062,0,-0.014652252197265625
4419566125,9773125,9758,9758,0,0,0,-0.5739107131958008,0,0.010989189147949219,0,-0.0048847198486328125
4421051188,9775134,9760,9760,0,0,0,-0.5739107131958008,0,-0.0036630630493164062,0,-0.014652252197265625
4422536251,9776122,9761,9761,0,0,0,-0.5739107131958008,0,-0.010989189147949219,0,-0.014652252197265625
4424021314,9778121,9763,9763,0,0,0,-0.5739107131958008,0,-0.010989189147949219,0,-0.014652252197265625
4425506377,9779122,9764,9764,0,0,0,-0.5739107131958008,0,0.0036630630493164062,0,-0.014652252197265625
4426991440,9781121,9766,9766,0,0,0,-0.5739107131958008,0,0.0036630630493164062,0,-0.014652252197265625
4428476503,9782120,9767,9767,0,0,0,-0.5739107131958008,0,-0.0036630630493164062,0,-0.0048847198486328125
4429961566,9783123,9768,9768,0,0,0,-0.5739107131958008,0,-0.010989189147949219,0,-0.0048847198486328125
4431446629,9784122,9769,9770,0,0,0,-0.5739107131958008,0,-0.010989189147949219,0,-0.0048847198486328125
4432931692,9786135,9771,9771,0,0,0,-0.5739107131958008,0,0.010989189147949219,0,-0.014652252197265625
4434416755,9787126,9772,9772,0,0,0,-0.5739107131958008,0,0.0036630630493164062,0,-0.014652252197265625
4435901818,9788124,9773,9773,0,0,0,-0.5739107131958008,0,-0.0036630630493164062,0,-0.014652252197265625
4437386881,9791121,9776,9776,0,0,0,-0.5739107131958008,0,-0.010989189147949219,0,-0.014652252197265625
4438871944,9792122,9777,9777,0,0,0,-0.5739107131958008,0,0.0036630630493164062,0,-0.0048847198486328125
4440357007,9793120,9779,9779,0,0,0,-0.5739107131958008,0,-0.0036630630493164062,0,-0.0048847198486328125
4441842070,9795129,9780,9780,0,0,0,-0.5739107131958008,0,-0.010989189147949219,0,-0.0048847198486328125
4443327133,9798120,9783,9783,0,0,0,-0.5739107131958008,0,-0.010989189147949219,0,-0.014652252197265625
4444812196,9799129,9784,9784,0,0,0,-0.5739107131958008,0,-0.0036630630493164062,0,-0.014652252197265625
4446297259,9800148,9785,9785,0,0,0,-0.5739107131958008,0,-0.0036630630493164062,0,-0.014652252197265625
4447782322,9801132,9786,9786,0,0,0,-0.5739107131958008,0,-0.0036630630493164062,0,-0.0048847198486328125
4449267385,9802121,9787,9787,0,0,0,-0.5739107131958008,0,-0.0036630630493164062,0,-0.0048847198486328125
4450752448,9804124,9789,9789,0,0,0,-0.5739107131958008,0,-0.010989189147949219,0,-0.014652252197265625
4452237511,9806120,9791,9791,0,0,0,-0.5739107131958008,0,0.0036630630493164062,0,-0.014652252197265625
4453722574,9807121,9792,9792,0,0,0,-0.5739107131958008,0,0.0036630630493164062,0,-0.014652252197265625
4455207637,9808122,9793,9793,0,0,0,-0.5739107131958008,0,-0.010989189147949219,0,-0.014652252197265625
4456692700,9809125,9794,9794,0,0,0,-0.5739107131958008,0,-0.0036630630493164062,0,-0.014652252197265625
4458177763,9811121,9796,9796,0,0,0,-0.5739107131958008,0,-0.0036630630493164062,0,-0.0048847198486328125
4459662826,9813130,9798,9798,0,0,0,-0.5739107131958008,0,-0.010989189147949219,0,-0.0048847198486328125
4461147889,9814135,9799,9799,0,0,0,-0.5739107131958008,0,-0.010989189147949219,0,-0.0048847198486328125
4462632952,9815133,9800,9800,0,0,0,-0.5739107131958008,0,0.010989189147949219,0,-0.0048847198486328125
4464118015,9816122,9801,9801,0,0,0,-0.5739107131958008,0,-0.010989189147949219,0,-0.0048847198486328125
4465603078,9817125,9802,9802,0,0,0,-0.5739107131958008,0,0.0036630630493164062,0,-0.0048847198486328125
4467106980,9820120,9805,9805,0,0,0,-0.5739107131958008,0,0.0036630630493164062,0,-0.014652252197265625
4468581516,9823121,9808,9808,0,0,0,-0.5739107131958008,0,-0.0036630630493164062,0,-0.024419784545898438
4470056052,9824120,9809,9809,0,0,0,-0.5739107131958008,0,-0.0036630630493164062,0,-0.024419784545898438
4471530588,9825133,9810,9810,0,0,0,-0.5739107131958008,0,-0.010989189147949219,0,-0.014652252197265625
4473005124,9826121,9811,9811,0,0,0,-0.5739107131958008,0,-0.0036630630493164062,0,-0.014652252197265625
4474479660,9828135,9813,9813,0,0,0,-0.5739107131958008,0,-0.0036630630493164062,0,-0.0048847198486328125
4475954196,9831121,9816,9816,0,0,0,-0.5739107131958008,0,-0.0036630630493164062,0,-0.014652252197265625
4477428732,9833125,9818,9818,0,0,0,-0.5739107131958008,0,-0.0036630630493164062,0,-0.014652252197265625
4478903268,9834122,9819,9819,0,0,0,-0.5739107131958008,0,-0.0036630630493164062,0,-0.014652252197265625
4480377804,9835129,9820,9820,0,0,0,-0.5739107131958008,0,-0.010989189147949219,0,-0.0048847198486328125
4481852340,9836120,9821,9821,0,0,0,-0.5739107131958008,0,0.0036630630493164062,0,-0.0048847198486328125
4483326876,9837122,9822,9822,0,0,0,-0.5739107131958008,0,-0.0036630630493164062,0,-0.0048847198486328125
4484801412,9838124,9823,9823,0,0,0,-0.5739107131958008,0,-0.0036630630493164062,0,-0.0048847198486328125
4486275948,9839121,9824,9824,0,0,0,-0.5739107131958008,0,-0.010989189147949219,0,-0.0048847198486328125
4487750484,9840120,9825,9825,0,0,0,-0.5739107131958008,0,-0.010989189147949219,0,-0.0048847198486328125
4489225020,9841129,9826,9826,0,0,0,-0.5739107131958008,0,-0.010989189147949219,0,-0.0048847198486328125
4490699556,9846124,9832,9832,0,0,0,-0.5739107131958008,0,0.0036630630493164062,0,-0.014652252197265625
4492174092,9848121,9833,9833,0,0,0,-0.5739107131958008,0,0.0036630630493164062,0,-0.014652252197265625
4493648628,9849121,9834,9834,0,0,0,-0.5739107131958008,0,0.010989189147949219,0,-0.014652252197265625
4495123164,9850130,9835,9835,0,0,0,-0.5739107131958008,0,-0.0036630630493164062,0,-0.014652252197265625
4496597700,9851121,9836,9836,0,0,0,-0.5739107131958008,0,-0.010989189147949219,0,-0.0048847198486328125
4498072236,9852123,9837,9837,0,0,0,-0.5739107131958008,0,-0.0036630630493164062,0,-0.0048847198486328125
4499546772,9853121,9838,9838,0,0,0,-0.5739107131958008,0,0.010989189147949219,0,-0.0048847198486328125
4501021308,9854124,9839,9839,0,0,0,-0.5739107131958008,0,-0.0036630630493164062,0,-0.0048847198486328125
4502495844,9855137,9840,9840,0,0,0,-0.5739107131958008,0,-0.0036630630493164062,0,-0.0048847198486328125
4503970380,9857125,9842,9842,0,0,0,-0.5739107131958008,0,-0.0036630630493164062,0,-0.0048847198486328125
4505444916,9858123,9843,9843,0,0,0,-0.5739107131958008,0,-0.0036630630493164062,0,0.0048847198486328125
4506919452,9859125,9844,9844,0,0,0,-0.5739107131958008,0,-0.010989189147949219,0,0.0048847198486328125
4508393988,9861121,9846,9846,0,0,0,-0.5739107131958008,0,0.010989189147949219,0,0.0048847198486328125
4509868524,9862123,9847,9847,0,0,0,-0.5739107131958008,0,-0.0036630630493164062,0,-0.0048847198486328125
4511343060,9863123,9848,9848,0,0,0,-0.5739107131958008,0,-0.0036630630493164062,0,-0.0048847198486328125
4512817596,9864122,9849,9849,0,0,0,-0.5739107131958008,0,-0.01831531524658203,0,-0.0048847198486328125
4514122305,9868120,9853,9853,0,0,0,-0.5739107131958008,0,-0.0036630630493164062,0,-0.014652252197265625
4515426998,9869128,9854,9854,0,0,0,-0.5739107131958008,0,-0.010989189147949219,0,-0.014652252197265625
4516731691,9870136,9855,9855,0,0,0,-0.5739107131958008,0,-0.0036630630493164062,0,-0.0048847198486328125
4518036384,9871127,9857,9857,0,0,0,-0.5739107131958008,0,-0.010989189147949219,0,-0.0048847198486328125
4519341077,9873121,9858,9858,0,0,0,-0.5739107131958008,0,-0.010989189147949219,0,-0.0048847198486328125
4520645770,9874121,9859,9859,0,0,0,-0.5739107131958008,0,-0.010989189147949219,0,-0.014652252197265625
4521950463,9875133,9860,9860,0,0,0,-0.5739107131958008,0,0.0036630630493164062,0,-0.0048847198486328125
4523255156,9876120,9861,9861,0,0,0,-0.5739107131958008,0,0.0036630630493164062,0,-0.014652252197265625
4524559849,9878120,9863,9863,0,0,0,-0.5739107131958008,0,-0.010989189147949219,0,-0.014652252197265625
4525864542,9879123,9864,9864,0,0,0,-0.5739107131958008,0,-0.010989189147949219,0,-0.024419784545898438
4527169235,9880120,9865,9865,0,0,0,-0.5739107131958008,0,0.0036630630493164062,0,-0.014652252197265625
4528473928,9881121,9866,9866,0,0,0,-0.5739107131958008,0,0.0036630630493164062,0,-0.014652252197265625
4529778621,9882120,9867,9867,0,0,0,-0.5739107131958008,0,-0.0036630630493164062,0,-0.024419784545898438
4531083314,9883132,9868,9868,0,0,0,-0.5739107131958008,0,-0.0036630630493164062,0,-0.014652252197265625
4532388007,9884135,9869,9869,0,0,0,-0.5739107131958008,0,-0.010989189147949219,0,-0.024419784545898438
4533692700,9885133,9870,9870,0,0,0,-0.5739107131958008,0,-0.010989189147949219,0,-0.014652252197265625
4534935085,9887123,9872,9873,0,0,0,-0.5739107131958008,0,-0.0036630630493164062,0,-0.014652252197265625
4536177466,9888124,9873,9873,0,0,0,-0.5739107131958008,0,-0.0036630630493164062,0,-0.024419784545898438
4537419847,9889121,9874,9874,0,0,0,-0.5739107131958008,0,0.0036630630493164062,0,-0.014652252197265625
4538662228,9890120,9875,9875,0,0,0,-0.5739107131958008,0,0.01831531524658203,0,-0.014652252197265625
4539904609,9891124,9876,9876,0,0,0,-0.5739107131958008,0,0.0036630630493164062,0,-0.014652252197265625
4541146990,9892122,9877,9877,0,0,0,-0.5739107131958008,0,-0.010989189147949219,0,-0.014652252197265625
4542389371,9894120,9879,9879,0,0,0,-0.5739107131958008,0,-0.0036630630493164062,0,-0.0048847198486328125
4543631752,9896125,9881,9881,0,0,0,-0.5739107131958008,0,-0.0036630630493164062,0,-0.014652252197265625
4544874133,9897129,9882,9882,0,0,0,-0.5739107131958008,0,-0.0036630630493164062,0,-0.014652252197265625
4546116514,9898135,9883,9883,0,0,0,-0.5739107131958008,0,-0.0036630630493164062,0,-0.014652252197265625
4547358895,9900132,9885,9885,0,0,0,-0.5739107131958008,0,-0.010989189147949219,0,-0.014652252197265625
4548601276,9901123,9886,9886,0,0,0,-0.5739107131958008,0,-0.010989189147949219,0,-0.014652252197265625
4549843657,9902121,9887,9887,0,0,0,-0.5739107131958008,0,0.0036630630493164062,0,-0.014652252197265625
4551086038,9903122,9888,9888,0,0,0,-0.5739107131958008,0,-0.0036630630493164062,0,-0.014652252197265625
4552328419,9904124,9889,9889,0,0,0,-0.5739107131958008,0,-0.0036630630493164062,0,-0.014652252197265625
4553570800,9905130,9890,9890,0,0,0,-0.5739107131958008,0,-0.010989189147949219,0,-0.0048847198486328125
4554914430,9908122,9893,9893,0,0,0,-0.5739107131958008,0,0.0036630630493164062,0,-0.0048847198486328125
4556258048,9909121,9894,9894,0,0,0,-0.5739107131958008,0,-0.010989189147949219,0,-0.0048847198486328125
4557601666,9911128,9896,9896,0,0,0,-0.5739107131958008,0,0.010989189147949219,0,-0.0048847198486328125
4558945284,9912139,9897,9897,0,0,0,-0.5739107131958008,0,-0.010989189147949219,0,0.0048847198486328125
4560288902,9914120,9899,9899,0,0,0,-0.5739107131958008,0,-0.01831531524658203,0,-0.0048847198486328125
4561632520,9915129,9900,9900,0,0,0,-0.5739107131958008,0,-0.0036630630493164062,0,-0.0048847198486328125
4562976138,9916123,9901,9901,0,0,0,-0.5739107131958008,0,-0.0036630630493164062,0,-0.0048847198486328125
4564319756,9917124,9902,9902,0,0,0,-0.5739107131958008,0,0.0036630630493164062,0,-0.0048847198486328125
4565663374,9918121,9903,9903,0,0,0,-0.5739107131958008,0,0.0036630630493164062,0,-0.0048847198486328125
4567006992,9919121,9904,9904,0,0,0,-0.5739107131958008,0,-0.0036630630493164062,0,-0.0048847198486328125
4568350610,9920122,9905,9905,0,0,0,-0.5739107131958008,0,-0.010989189147949219,0,-0.0048847198486328125
4569694228,9921123,9906,9906,0,0,0,-0.5739107131958008,0,-0.01831531524658203,0,-0.014652252197265625
4571037846,9922120,9907,9907,0,0,0,-0.5739107131958008,0,0.0036630630493164062,0,-0.0048847198486328125
4572381464,9923121,9908,9908,0,0,0,-0.5739107131958008,0,0.0036630630493164062,0,-0.014652252197265625
4573725082,9924122,9909,9909,0,0,0,-0.5739107131958008,0,0.0036630630493164062,0,-0.014652252197265625
4575068700,9925141,9910,9910,0,0,0,-0.5739107131958008,0,-0.010989189147949219,0,-0.014652252197265625
4576608470,9929123,9914,9914,0,0,0,-0.5739107131958008,0,-0.0036630630493164062,0,-0.014652252197265625
4577990783,9930120,9915,9915,0,0,0,-0.5739107131958008,0,-0.01831531524658203,0,-0.014652252197265625
4579373096,9934121,9919,9919,0,0,0,-0.5739107131958008,0,-0.0036630630493164062,0,-0.0048847198486328125
4580755409,9936120,9921,9921,0,0,0,-0.5739107131958008,0,0.010989189147949219,0,-0.014652252197265625
4582137722,9937123,9922,9922,0,0,0,-0.5739107131958008,0,-0.0036630630493164062,0,-0.0048847198486328125
4583520035,9938120,9923,9923,0,0,0,-0.5739107131958008,0,-0.010989189147949219,0,-0.0048847198486328125
4584902348,9939129,9924,9924,0,0,0,-0.5739107131958008,0,-0.010989189147949219,0,-0.0048847198486328125
4586284661,9940135,9925,9925,0,0,0,-0.5739107131958008,0,0.0036630630493164062,0,-0.0048847198486328125
4587666974,9942120,9927,9927,0,0,0,-0.5739107131958008,0,0.010989189147949219,0,-0.0048847198486328125
4589049287,9944120,9929,9929,0,0,0,-0.5739107131958008,0,0.0036630630493164062,0,-0.014652252197265625
4590431600,9946124,9931,9931,0,0,0,-0.5739107131958008,0,0.010989189147949219,0,-0.014652252197265625
4591813913,9947121,9932,9932,0,0,0,-0.5739107131958008,0,0.0036630630493164062,0,-0.014652252197265625
4593196226,9948120,9933,9933,0,0,0,-0.5739107131958008,0,-0.0036630630493164062,0,-0.014652252197265625
4594578539,9949122,9934,9934,0,0,0,-0.5739107131958008,0,-0.010989189147949219,0,-0.014652252197265625
4595960852,9950130,9935,9935,0,0,0,-0.5739107131958008,0,0.0036630630493164062,0,-0.0048847198486328125
4597343165,9951121,9936,9936,0,0,0,-0.5739107131958008,0,-0.01831531524658203,0,-0.0048847198486328125
4598725478,9955134,9940,9940,0,0,0,-0.5739107131958008,0,0.0036630630493164062,0,0.0048847198486328125
4600107791,9956120,9941,9941,0,0,0,-0.5739107131958008,0,-0.010989189147949219,0,0.0048847198486328125
4601490104,9957121,9942,9942,0,0,0,-0.5739107131958008,0,-0.0036630630493164062,0,-0.0048847198486328125
4602872417,9958122,9943,9943,0,0,0,-0.5739107131958008,0,-0.0036630630493164062,0,-0.0048847198486328125
4604254730,9959121,9944,9944,0,0,0,-0.5739107131958008,0,0.0036630630493164062,0,-0.0048847198486328125
4605637043,9961120,9946,9946,0,0,0,-0.5739107131958008,0,0.0036630630493164062,0,-0.0048847198486328125
4607019356,9962124,9947,9947,0,0,0,-0.5739107131958008,0,-0.010989189147949219,0,-0.014652252197265625
4608401669,9963121,9948,9948,0,0,0,-0.5739107131958008,0,-0.0036630630493164062,0,-0.014652252197265625
4609783982,9964121,9949,9949,0,0,0,-0.5739107131958008,0,-0.0036630630493164062,0,-0.014652252197265625
4611166295,9965129,9950,9950,0,0,0,-0.5739107131958008,0,0.0036630630493164062,0,-0.014652252197265625
4612548608,9965129,9950,9951,0,0,0,-0.5739107131958008,0,-0.0036630630493164062,0,-0.014652252197265625
4613930921,9966122,9951,9951,0,0,0,-0.5739107131958008,0,0.010989189147949219,0,-0.014652252197265625
4615313234,9967128,9952,9953,0,0,0,-0.5739107131958008,0,-0.0036630630493164062,0,-0.014652252197265625
4616695547,9969125,9954,9954,0,0,0,-0.5739107131958008,0,-0.010989189147949219,0,-0.014652252197265625
4618077860,9970124,9955,9955,0,0,0,-0.5739107131958008,0,-0.010989189147949219,0,-0.0048847198486328125
4619460173,9971121,9956,9956,0,0,0,-0.5739107131958008,0,-0.0036630630493164062,0,-0.0048847198486328125
4620796420,9974122,9959,9959,0,0,0,-0.5739107131958008,0,0.0036630630493164062,0,-0.014652252197265625
4622128809,9975132,9960,9960,0,0,0,-0.5739107131958008,0,-0.0036630630493164062,0,-0.014652252197265625
4623461198,9976120,9961,9961,0,0,0,-0.5739107131958008,0,0.0036630630493164062,0,-0.014652252197265625
4624793587,9978121,9963,9963,0,0,0,-0.5739107131958008,0,0.0036630630493164062,0,-0.0048847198486328125
4626125976,9979123,9964,9964,0,0,0,-0.5739107131958008,0,-0.01831531524658203,0,-0.0048847198486328125
4627458365,9980120,9965,9965,0,0,0,-0.5739107131958008,0,-0.0036630630493164062,0,-0.0048847198486328125
4628790754,9981128,9966,9966,0,0,0,-0.5739107131958008,0,-0.0036630630493164062,0,-0.0048847198486328125
4630123143,9982136,9968,9968,0,0,0,-0.5739107131958008,0,-0.0036630630493164062,0,-0.0048847198486328125
4631455532,9984120,9969,9969,0,0,0,-0.5739107131958008,0,-0.0036630630493164062,0,-0.014652252197265625
4632787921,9985129,9970,9970,0,0,0,-0.5739107131958008,0,-0.0036630630493164062,0,-0.0048847198486328125
4634120310,9986120,9971,9971,0,0,0,-0.5739107131958008,0,-0.0036630630493164062,0,-0.0048847198486328125
4635452699,9988120,9973,9973,0,0,0,-0.5739107131958008,0,0.010989189147949219,0,-0.0048847198486328125
4636785088,9989121,9974,9974,0,0,0,-0.5739107131958008,0,-0.0036630630493164062,0,-0.0048847198486328125
4638117477,9990120,9975,9975,0,0,0,-0.5739107131958008,0,-0.010989189147949219,0,-0.0048847198486328125
4639449866,9991124,9976,9976,0,0,0,-0.5739107131958008,0,-0.01831531524658203,0,-0.0048847198486328125
4640782255,9992121,9977,9977,0,0,0,-0.5739107131958008,0,0.010989189147949219,0,-0.0048847198486328125
4642114644,9995139,9980,9980,0,0,0,-0.5739107131958008,0,0.0036630630493164062,0,-0.0048847198486328125
4643447033,9996135,9981,9982,0,0,0,-0.5739107131958008,0,-0.025641441345214844,0,-0.0048847198486328125
4644779422,9998120,9983,9983,0,0,0,-0.5739107131958008,0,-0.0036630630493164062,0,-0.0048847198486328125
4646111811,9999125,9984,9984,0,0,0,-0.5739107131958008,0,-0.0036630630493164062,0,-0.0048847198486328125
4647444200,10000130,9985,9985,0,0,0,-0.5739107131958008,0,-0.010989189147949219,0,-0.0048847198486328125
4648776589,10001123,9986,9986,0,0,0,-0.5739107131958008,0,-0.0036630630493164062,0,-0.0048847198486328125
4650108978,10003123,9988,9988,0,0,0,-0.5739107131958008,0,0.0036630630493164062,0,-0.0048847198486328125
4651441367,10004124,9989,9989,0,0,0,-0.5739107131958008,0,-0.0036630630493164062,0,-0.0048847198486328125
4652773756,10006120,9991,9991,0,0,0,-0.5739107131958008,0,-0.010989189147949219,0,0.0048847198486328125
4654106145,10007121,9992,9992,0,0,0,-0.5739107131958008,0,-0.010989189147949219,0,0.0048847198486328125
4655438534,10008123,9993,9993,0,0,0,-0.5739107131958008,0,-0.0036630630493164062,0,0.0048847198486328125
4656770923,10009129,9994,9994,0,0,0,-0.5739107131958008,0,0.0036630630493164062,0,0.0048847198486328125
4658103312,10011125,9996,9996,0,0,0,-0.5739107131958008,0,-0.0036630630493164062,0,-0.0048847198486328125
4659435701,10012126,9997,9997,0,0,0,-0.5739107131958008,0,0.0036630630493164062,0,-0.014652252197265625
4660768090,10013121,9998,9998,0,0,0,-0.5739107131958008,0,0.010989189147949219,0,-0.0048847198486328125
4662100479,10014120,9999,9999,0,0,0,-0.5739107131958008,0,0.010989189147949219,0,-0.0048847198486328125
4663513585,10016122,10002,10002,0,0,0,-0.5739107131958008,0,-0.010989189147949219,0,-0.0048847198486328125
4664926666,10018121,10003,10003,0,0,0,-0.5739107131958008,0,0.0036630630493164062,0,-0.0048847198486328125
4666339747,10019121,10004,10004,0,0,0,-0.5739107131958008,0,-0.010989189147949219,0,-0.014652252197265625
4667752828,10020124,10005,10005,0,0,0,-0.5739107131958008,0,-0.010989189147949219,0,-0.014652252197265625
4669165909,10021121,10006,10006,0,0,0,-0.5739107131958008,0,0.0036630630493164062,0,-0.014652252197265625
4670578990,10023128,10008,10008,0,0,0,-0.5739107131958008,0,0.0036630630493164062,0,-0.014652252197265625
4671992071,10024137,10009,10009,0,0,0,-0.5739107131958008,0,-0.0036630630493164062,0,-0.014652252197265625
4673405152,10025133,10010,10010,0,0,0,-0.5739107131958008,0,-0.010989189147949219,0,-0.014652252197265625
4674818233,10026120,10011,10011,0,0,0,-0.5739107131958008,0,-0.010989189147949219,0,-0.014652252197265625
4676231314,10027121,10013,10013,0,0,0,-0.5739107131958008,0,0.0036630630493164062,0,-0.0048847198486328125
4677644395,10029121,10014,10014,0,0,0,-0.5739107131958008,0,-0.010989189147949219,0,-0.0048847198486328125
4679057476,10030120,10015,10015,0,0,0,-0.5739107131958008,0,0.0036630630493164062,0,-0.0048847198486328125
4680470557,10031121,10016,10016,0,0,0,-0.5739107131958008,0,-0.010989189147949219,0,-0.0048847198486328125
4681883638,10032123,10017,10017,0,0,0,-0.5739107131958008,0,-0.010989189147949219,0,-0.014652252197265625
4683296719,10035129,10020,10020,0,0,0,-0.5739107131958008,0,0.010989189147949219,0,-0.0048847198486328125
4684709800,10036120,10021,10021,0,0,0,-0.5739107131958008,0,-0.010989189147949219,0,-0.0048847198486328125
4686174825,10039125,10024,10024,0,0,0,-0.5739107131958008,0,0.0036630630493164062,0,-0.0048847198486328125
4687639850,10040120,10025,10025,0,0,0,-0.5739107131958008,0,-0.010989189147949219,0,-0.014652252197265625
4689104875,10041125,10026,10026,0,0,0,-0.5739107131958008,0,0.0036630630493164062,0,-0.0048847198486328125
4690569900,10043120,10028,10028,0,0,0,-0.5739107131958008,0,-0.010989189147949219,0,-0.0048847198486328125
4692034925,10044121,10029,10029,0,0,0,-0.5739107131958008,0,0.0036630630493164062,0,-0.0048847198486328125
4693499950,10045131,10030,10030,0,0,0,-0.5739107131958008,0,0.0036630630493164062,0,-0.0048847198486328125
4694964975,10046120,10032,10032,0,0,0,-0.5739107131958008,0,0.010989189147949219,0,-0.0048847198486328125
4696430000,10048120,10033,10033,0,0,0,-0.5739107131958008,0,-0.0036630630493164062,0,-0.0048847198486328125
4697895025,10050128,10035,10036,0,0,0,-0.5739107131958008,0,-0.010989189147949219,0,-0.0048847198486328125
4699360050,10052138,10037,10037,0,0,0,-0.5739107131958008,0,-0.010989189147949219,0,-0.0048847198486328125
4700825075,10053127,10038,10038,0,0,0,-0.5739107131958008,0,-0.010989189147949219,0,-0.0048847198486328125
4702290100,10054120,10039,10039,0,0,0,-0.5739107131958008,0,0.0036630630493164062,0,-0.014652252197265625
4703755125,10056120,10041,10041,0,0,0,-0.5739107131958008,0,-0.0036630630493164062,0,-0.014652252197265625
4705220150,10057125,10042,10042,0,0,0,-0.5739107131958008,0,-0.0036630630493164062,0,-0.014652252197265625
4706685175,10058120,10043,10043,0,0,0,-0.5739107131958008,0,-0.010989189147949219,0,-0.014652252197265625
4708150200,10059121,10044,10044,0,0,0,-0.5739107131958008,0,-0.0036630630493164062,0,-0.014652252197265625
4710148945,10065137,10050,10050,0,0,0,-0.5739107131958008,0,-0.010989189147949219,0,-0.0048847198486328125
4712147682,10067125,10052,10052,0,0,0,-0.5739107131958008,0,0.0036630630493164062,0,-0.0048847198486328125
4714146419,10068121,10053,10053,0,0,0,-0.5739107131958008,0,-0.010989189147949219,0,-0.0048847198486328125
4716145156,10070124,10055,10055,0,0,0,-0.5739107131958008,0,-0.010989189147949219,0,-0.0048847198486328125
4718143893,10072120,10057,10057,0,0,0,-0.5739107131958008,0,-0.010989189147949219,0,-0.0048847198486328125
4720142630,10075129,10060,10060,0,0,0,-0.5739107131958008,0,-0.0036630630493164062,0,-0.0048847198486328125
4722141367,10077120,10062,10062,0,0,0,-0.5739107131958008,0,-0.0036630630493164062,0,-0.014652252197265625
4724140104,10078124,10063,10063,0,0,0,-0.5739107131958008,0,0.010989189147949219,0,-0.0048847198486328125
4726138841,10080135,10065,10065,0,0,0,-0.5739107131958008,0,-0.010989189147949219,0,-0.0048847198486328125
4728137578,10081125,10066,10066,0,0,0,-0.5739107131958008,0,0.0036630630493164062,0,-0.0048847198486328125
4730136315,10083121,10068,10068,0,0,0,-0.5739107131958008,0,-0.010989189147949219,0,-0.014652252197265625
4732135052,10084120,10069,10069,0,0,0,-0.5739107131958008,0,-0.010989189147949219,0,-0.014652252197265625
4734133789,10085129,10070,10070,0,0,0,-0.5739107131958008,0,-0.010989189147949219,0,-0.014652252197265625
4736132526,10087121,10072,10072,0,0,0,-0.5739107131958008,0,0.0036630630493164062,0,-0.014652252197265625
4738131263,10089121,10074,10074,0,0,0,-0.5739107131958008,0,-0.0036630630493164062,0,-0.014652252197265625
4740130000,10091124,10076,10076,0,0,0,-0.5739107131958008,0,0.0036630630493164062,0,-0.014652252197265625
4742159935,10096121,10081,10081,0,0,0,-0.5739107131958008,0,0.0036630630493164062,0,-0.024419784545898438
4744189866,10098120,10083,10083,0,0,0,-0.5739107131958008,0,-0.0036630630493164062,0,-0.024419784545898438
4746219797,10099125,10084,10084,0,0,0,-0.5739107131958008,0,0.0036630630493164062,0,-0.024419784545898438
4748249728,10101123,10086,10086,0,0,0,-0.5739107131958008,0,-0.010989189147949219,0,-0.024419784545898438
4750279659,10103123,10088,10088,0,0,0,-0.5739107131958008,0,0.0036630630493164062,0,-0.024419784545898438
4752309590,10105130,10090,10090,0,0,0,-0.5739107131958008,0,-0.0036630630493164062,0,-0.014652252197265625
4754339521,10107132,10092,10092,0,0,0,-0.5739107131958008,0,0.0036630630493164062,0,-0.024419784545898438
4756369452,10108136,10093,10093,0,0,0,-0.5739107131958008,0,-0.010989189147949219,0,-0.014652252197265625
4758399383,10111122,10096,10096,0,0,0,-0.5739107131958008,0,0.0036630630493164062,0,-0.0048847198486328125
4760429314,10112120,10097,10097,0,0,0,-0.5739107131958008,0,-0.010989189147949219,0,-0.014652252197265625
4762459245,10114120,10099,10099,0,0,0,-0.5739107131958008,0,-0.01831531524658203,0,-0.014652252197265625
4764489176,10115132,10100,10100,0,0,0,-0.5739107131958008,0,-0.0036630630493164062,0,-0.014652252197265625
4766519107,10117120,10102,10102,0,0,0,-0.5739107131958008,0,-0.0036630630493164062,0,-0.0048847198486328125
4768549038,10119123,10104,10104,0,0,0,-0.5739107131958008,0,-0.0036630630493164062,0,-0.014652252197265625
4770578969,10121129,10106,10106,0,0,0,-0.5739107131958008,0,0.0036630630493164062,0,-0.0048847198486328125
4772608900,10123125,10108,10108,0,0,0,-0.5739107131958008,0,0.0036630630493164062,0,0.0048847198486328125
4774574576,10128124,10113,10113,0,0,0,-0.5739107131958008,0,-0.0036630630493164062,0,-0.0048847198486328125
4776540242,10129121,10114,10114,0,0,0,-0.5739107131958008,0,-0.0036630630493164062,0,-0.0048847198486328125
4778505908,10131121,10116,10116,0,0,0,-0.5739107131958008,0,-0.010989189147949219,0,-0.0048847198486328125
4780471574,10133121,10118,10118,0,0,0,-0.5739107131958008,0,-0.0036630630493164062,0,-0.014652252197265625
4782437240,10134120,10119,10119,0,0,0,-0.5739107131958008,0,0.0036630630493164062,0,-0.014652252197265625
4784402906,10137125,10122,10122,0,0,0,-0.5739107131958008,0,-0.010989189147949219,0,-0.014652252197265625
4786368572,10139122,10124,10124,0,0,0,-0.5739107131958008,0,-0.010989189147949219,0,-0.014652252197265625
4788334238,10142121,10127,10127,0,0,0,-0.5739107131958008,0,-0.010989189147949219,0,-0.014652252197265625
4790299904,10144123,10129,10129,0,0,0,-0.5739107131958008,0,-0.010989189147949219,0,-0.014652252197265625
4792265570,10145129,10131,10131,0,0,0,-0.5739107131958008,0,0.0036630630493164062,0,-0.014652252197265625
4794231236,10147121,10132,10132,0,0,0,-0.5739107131958008,0,0.0036630630493164062,0,-0.014652252197265625
4796196902,10149132,10134,10134,0,0,0,-0.5739107131958008,0,-0.010989189147949219,0,-0.0048847198486328125
4798162568,10150143,10135,10135,0,0,0,-0.5739107131958008,0,0.0036630630493164062,0,-0.0048847198486328125
4800128234,10152123,10137,10137,0,0,0,-0.5739107131958008,0,-0.0036630630493164062,0,-0.014652252197265625
4802093900,10153123,10138,10139,0,0,0,-0.5739107131958008,0,-0.0036630630493164062,0,-0.014652252197265625
4804012595,10158121,10143,10143,0,0,0,-0.5739107131958008,0,-0.0036630630493164062,0,-0.014652252197265625
4805931282,10160121,10146,10146,0,0,0,-0.5739107131958008,0,-0.0036630630493164062,0,-0.014652252197265625
4807849969,10162120,10147,10147,0,0,0,-0.5739107131958008,0,0.0036630630493164062,0,-0.014652252197265625
4809768656,10163128,10148,10148,0,0,0,-0.5739107131958008,0,-0.010989189147949219,0,-0.0048847198486328125
4811687343,10165137,10150,10150,0,0,0,-0.5739107131958008,0,0.0036630630493164062,0,-0.0048847198486328125
4813606030,10167121,10152,10152,0,0,0,-0.5739107131958008,0,-0.010989189147949219,0,-0.0048847198486328125
4815524717,10169123,10154,10154,0,0,0,-0.5739107131958008,0,-0.0036630630493164062,0,-0.0048847198486328125
4817443404,10171121,10156,10156,0,0,0,-0.5739107131958008,0,-0.0036630630493164062,0,-0.0048847198486328125
4819362091,10172121,10157,10158,0,0,0,-0.5739107131958008,0,0.0036630630493164062,0,-0.0048847198486328125
4821280778,10174120,10159,10159,0,0,0,-0.5739107131958008,0,-0.010989189147949219,0,-0.0048847198486328125
4823199465,10175129,10160,10160,0,0,0,-0.5739107131958008,0,0.0036630630493164062,0,-0.014652252197265625
4825118152,10177131,10162,10162,0,0,0,-0.5739107131958008,0,-0.010989189147949219,0,-0.014652252197265625
4827036839,10178139,10163,10163,0,0,0,-0.5739107131958008,0,-0.0036630630493164062,0,-0.0048847198486328125
4828955526,10180120,10165,10165,0,0,0,-0.5739107131958008,0,0.0036630630493164062,0,-0.0048847198486328125
4830874213,10182122,10167,10167,0,0,0,-0.5739107131958008,0,-0.010989189147949219,0,-0.0048847198486328125
4832792900,10184120,10169,10169,0,0,0,-0.5739107131958008,0,-0.010989189147949219,0,-0.0048847198486328125
4834941160,10192135,10177,10177,0,0,0,-0.5739107131958008,0,0.010989189147949219,0,-0.0048847198486328125
4837089416,10194123,10179,10179,0,0,0,-0.5739107131958008,0,-0.01831531524658203,0,-0.014652252197265625
4839237672,10196121,10181,10181,0,0,0,-0.5739107131958008,0,0.0036630630493164062,0,-0.014652252197265625
4841385928,10197121,10182,10182,0,0,0,-0.5739107131958008,0,-0.0036630630493164062,0,-0.014652252197265625
4843534184,10199121,10184,10184,0,0,0,-0.5739107131958008,0,-0.010989189147949219,0,-0.014652252197265625
4845682440,10201123,10186,10186,0,0,0,-0.5739107131958008,0,-0.010989189147949219,0,-0.0048847198486328125
4847830696,10202124,10187,10188,0,0,0,-0.5739107131958008,0,-0.010989189147949219,0,-0.014652252197265625
4849978952,10204121,10189,10189,0,0,0,-0.5739107131958008,0,-0.0036630630493164062,0,-0.014652252197265625
4852127208,10205137,10191,10191,0,0,0,-0.5739107131958008,0,0.0036630630493164062,0,-0.014652252197265625
4854275464,10207128,10192,10192,0,0,0,-0.5739107131958008,0,0.0036630630493164062,0,-0.014652252197265625
4856423720,10209121,10194,10194,0,0,0,-0.5739107131958008,0,-0.0036630630493164062,0,-0.014652252197265625
4858571976,10211122,10196,10196,0,0,0,-0.5739107131958008,0,0.0036630630493164062,0,-0.0048847198486328125
4860720232,10213121,10198,10198,0,0,0,-0.5739107131958008,0,-0.010989189147949219,0,-0.0048847198486328125
4862868488,10214120,10199,10200,0,0,0,-0.5739107131958008,0,-0.0036630630493164062,0,-0.0048847198486328125
4865016744,10216121,10201,10202,0,0,0,-0.5739107131958008,0,-0.0036630630493164062,0,0.0048847198486328125
4867165000,10218121,10203,10203,0,0,0,-0.5739107131958008,0,-0.0036630630493164062,0,0.0048847198486328125
4868915760,10222120,10207,10207,0,0,0,-0.5739107131958008,0,0.0036630630493164062,0,-0.0048847198486328125
4870666516,10223124,10208,10208,0,0,0,-0.5739107131958008,0,-0.0036630630493164062,0,-0.0048847198486328125
4872417272,10224120,10209,10209,0,0,0,-0.5739107131958008,0,-0.0036630630493164062,0,-0.0048847198486328125
4874168028,10225129,10210,10210,0,0,0,-0.5739107131958008,0,-0.0036630630493164062,0,-0.014652252197265625
4875918784,10227123,10212,10212,0,0,0,-0.5739107131958008,0,-0.010989189147949219,0,-0.0048847198486328125
4877669540,10228120,10213,10214,0,0,0,-0.5739107131958008,0,-0.010989189147949219,0,-0.0048847198486328125
4879420296,10230120,10215,10215,0,0,0,-0.5739107131958008,0,-0.01831531524658203,0,-0.014652252197265625
4881171052,10231124,10216,10216,0,0,0,-0.5739107131958008,0,0.0036630630493164062,0,-0.014652252197265625
4882921808,10232121,10217,10217,0,0,0,-0.5739107131958008,0,0.0036630630493164062,0,-0.014652252197265625
4884672564,10234135,10219,10219,0,0,0,-0.5739107131958008,0,0.010989189147949219,0,-0.014652252197265625
4886423320,10236125,10221,10221,0,0,0,-0.5739107131958008,0,-0.0036630630493164062,0,-0.0048847198486328125
4888174076,10238120,10223,10223,0,0,0,-0.5739107131958008,0,0.010989189147949219,0,-0.0048847198486328125
4889924832,10241121,10226,10226,0,0,0,-0.5739107131958008,0,0.0036630630493164062,0,-0.0048847198486328125
4891675588,10243121,10228,10228,0,0,0,-0.5739107131958008,0,-0.0036630630493164062,0,-0.014652252197265625
4893426344,10244124,10229,10229,0,0,0,-0.5739107131958008,0,-0.0036630630493164062,0,-0.014652252197265625
4895177100,10246120,10231,10231,0,0,0,-0.5739107131958008,0,-0.010989189147949219,0,-0.014652252197265625
4897137950,10250128,10235,10235,0,0,0,-0.5739107131958008,0,-0.0036630630493164062,0,-0.014652252197265625
4899098800,10252127,10237,10237,0,0,0,-0.5739107131958008,0,-0.010989189147949219,0,-0.014652252197265625
4901059650,10253121,10238,10238,0,0,0,-0.5739107131958008,0,-0.010989189147949219,0,-0.0048847198486328125
4903020500,10255129,10240,10240,0,0,0,-0.5739107131958008,0,-0.0036630630493164062,0,-0.0048847198486328125
4904981350,10257121,10242,10242,0,0,0,-0.5739107131958008,0,0.0036630630493164062,0,-0.0048847198486328125
4906942200,10260124,10245,10245,0,0,0,-0.5739107131958008,0,-0.01831531524658203,0,-0.0048847198486328125
4908903050,10261129,10246,10247,0,0,0,-0.5739107131958008,0,-0.0036630630493164062,0,-0.0048847198486328125
4910863900,10264123,10249,10249,0,0,0,-0.5739107131958008,0,0.0036630630493164062,0,-0.014652252197265625
4912824750,10266120,10251,10251,0,0,0,-0.5739107131958008,0,-0.010989189147949219,0,-0.0048847198486328125
4914785600,10267121,10252,10252,0,0,0,-0.5739107131958008,0,0.010989189147949219,0,-0.0048847198486328125
4916746450,10269123,10254,10254,0,0,0,-0.5739107131958008,0,0.0036630630493164062,0,-0.0048847198486328125
4918707300,10270120,10255,10255,0,0,0,-0.5739107131958008,0,-0.0036630630493164062,0,-0.0048847198486328125
4920668150,10271121,10256,10256,0,0,0,-0.5739107131958008,0,0.0036630630493164062,0,-0.0048847198486328125
4922629000,10273124,10258,10258,0,0,0,-0.5739107131958008,0,0.0036630630493164062,0,-0.0048847198486328125
4924589850,10274120,10259,10259,0,0,0,-0.5739107131958008,0,-0.010989189147949219,0,-0.014652252197265625
4926550700,10276134,10261,10261,0,0,0,-0.5739107131958008,0,0.0036630630493164062,0,-0.014652252197265625
4928505200,10282120,10267,10267,0,0,0,-0.5739107131958008,0,-0.0036630630493164062,0,-0.014652252197265625
4930459700,10283120,10268,10269,0,0,0,-0.5739107131958008,0,-0.0036630630493164062,0,-0.014652252197265625
4932414200,10285131,10270,10270,0,0,0,-0.5739107131958008,0,-0.0036630630493164062,0,-0.014652252197265625
4934368700,10286120,10271,10271,0,0,0,-0.5739107131958008,0,-0.01831531524658203,0,-0.014652252197265625
4936323200,10288120,10273,10273,0,0,0,-0.5739107131958008,0,-0.010989189147949219,0,-0.014652252197265625
4938277700,10290135,10275,10275,0,0,0,-0.5739107131958008,0,0.0036630630493164062,0,-0.014652252197265625
4940232200,10291124,10276,10276,0,0,0,-0.5739107131958008,0,0.010989189147949219,0,-0.014652252197265625
4942186700,10293123,10278,10278,0,0,0,-0.5739107131958008,0,-0.0036630630493164062,0,-0.024419784545898438
4944141200,10299121,10285,10285,0,0,0,-0.5739107131958008,0,-0.0036630630493164062,0,-0.014652252197265625
4946095700,10301123,10286,10286,0,0,0,-0.5739107131958008,0,-0.010989189147949219,0,-0.014652252197265625
4948050200,10303128,10288,10288,0,0,0,-0.5739107131958008,0,0.0036630630493164062,0,-0.014652252197265625
4950004700,10304135,10289,10289,0,0,0,-0.5739107131958008,0,-0.010989189147949219,0,-0.024419784545898438
4951959200,10305133,10290,10290,0,0,0,-0.5739107131958008,0,-0.010989189147949219,0,-0.014652252197265625
4953913700,10306122,10291,10291,0,0,0,-0.5739107131958008,0,0.0036630630493164062,0,-0.014652252197265625
4955868200,10307121,10292,10292,0,0,0,-0.5739107131958008,0,0.0036630630493164062,0,-0.014652252197265625
4957822700,10309121,10294,10294,0,0,0,-0.5739107131958008,0,0.0036630630493164062,0,-0.014652252197265625
4959558950,10317128,10302,10302,0,0,0,-0.5739107131958008,0,-0.010989189147949219,0,-0.014652252197265625
4961295200,10318139,10303,10303,0,0,0,-0.5739107131958008,0,-0.0036630630493164062,0,-0.014652252197265625
4963031450,10319125,10304,10304,0,0,0,-0.5739107131958008,0,-0.010989189147949219,0,-0.014652252197265625
4964767700,10320120,10305,10305,0,0,0,-0.5739107131958008,0,-0.010989189147949219,0,-0.014652252197265625
4966503950,10322122,10307,10307,0,0,0,-0.5739107131958008,0,-0.0036630630493164062,0,-0.014652252197265625
4968240200,10323125,10308,10308,0,0,0,-0.5739107131958008,0,0.0036630630493164062,0,-0.0048847198486328125
4969976450,10325129,10310,10310,0,0,0,-0.5739107131958008,0,0.0036630630493164062,0,-0.0048847198486328125
4971712700,10326120,10311,10311,0,0,0,-0.5739107131958008,0,-0.0036630630493164062,0,-0.0048847198486328125
4973448950,10328120,10313,10313,0,0,0,-0.5739107131958008,0,0.0036630630493164062,0,-0.0048847198486328125
4975185200,10329121,10314,10314,0,0,0,-0.5739107131958008,0,-0.010989189147949219,0,-0.0048847198486328125
4976921450,10330120,10315,10315,0,0,0,-0.5739107131958008,0,0.0036630630493164062,0,-0.0048847198486328125
4978657700,10331133,10317,10317,0,0,0,-0.5739107131958008,0,0.0036630630493164062,0,-0.0048847198486328125
4980393950,10333124,10318,10318,0,0,0,-0.5739107131958008,0,-0.010989189147949219,0,-0.0048847198486328125
4982130200,10334120,10319,10319,0,0,0,-0.5739107131958008,0,-0.010989189147949219,0,-0.014652252197265625
4983866450,10335132,10320,10320,0,0,0,-0.5739107131958008,0,-0.010989189147949219,0,-0.014652252197265625
4985602700,10337121,10322,10322,0,0,0,-0.5739107131958008,0,0.0036630630493164062,0,-0.014652252197265625
4988436200,10340120,10325,10325,0,0,0,-0.5739107131958008,0,0.0036630630493164062,0,-0.014652252197265625
4990671665,10350128,10335,10335,0,0,0,-0.5739107131958008,0,0.0036630630493164062,0,-0.0048847198486328125
4992907130,10359128,10344,10344,0,0,0,-0.5739107131958008,0,-0.010989189147949219,0,-0.014652252197265625
4995142595,10361125,10346,10346,0,0,0,-0.5739107131958008,0,-0.0036630630493164062,0,-0.0048847198486328125
4997378060,10363121,10348,10348,0,0,0,-0.5739107131958008,0,-0.0036630630493164062,0,-0.0048847198486328125
4999613525,10364124,10349,10349,0,0,0,-0.5739107131958008,0,-0.0036630630493164062,0,-0.0048847198486328125
5001848990,10365129,10350,10350,0,0,0,-0.5739107131958008,0,-0.0036630630493164062,0,-0.0048847198486328125
5004084455,10367121,10352,10352,0,0,0,-0.5739107131958008,0,0.0036630630493164062,0,-0.014652252197265625
5006319920,10373129,10358,10358,0,0,0,-0.5739107131958008,0,-0.0036630630493164062,0,-0.0048847198486328125
5008555385,10374135,10359,10359,0,0,0,-0.5739107131958008,0,-0.0036630630493164062,0,-0.0048847198486328125
5010790850,10375133,10360,10360,0,0,0,-0.5739107131958008,0,-0.010989189147949219,0,-0.0048847198486328125
5013026315,10376124,10361,10361,0,0,0,-0.5739107131958008,0,-0.0036630630493164062,0,-0.0048847198486328125
5015261780,10378120,10363,10363,0,0,0,-0.5739107131958008,0,-0.0036630630493164062,0,-0.014652252197265625
5017497245,10380122,10365,10365,0,0,0,-0.5739107131958008,0,-0.0036630630493164062,0,-0.024419784545898438
5019732710,10381124,10366,10366,0,0,0,-0.5739107131958008,0,-0.010989189147949219,0,-0.0048847198486328125
5021968175,10382120,10367,10367,0,0,0,-0.5739107131958008,0,-0.01831531524658203,0,-0.0048847198486328125
5024203640,10385131,10370,10370,0,0,0,-0.5739107131958008,0,-0.0036630630493164062,0,-0.0048847198486328125
5026439105,10386120,10372,10372,0,0,0,-0.5739107131958008,0,-0.0036630630493164062,0,-0.014652252197265625
5028674570,10388135,10373,10373,0,0,0,-0.5739107131958008,0,-0.0036630630493164062,0,-0.014652252197265625
5030910035,10389129,10374,10374,0,0,0,-0.5739107131958008,0,-0.010989189147949219,0,-0.014652252197265625
5033145500,10390120,10375,10375,0,0,0,-0.5739107131958008,0,-0.0036630630493164062,0,-0.014652252197265625
5035380965,10391120,10376,10376,0,0,0,-0.5739107131958008,0,-0.0036630630493164062,0,-0.0048847198486328125
5037616430,10392120,10377,10377,0,0,0,-0.5739107131958008,0,-0.0036630630493164062,0,-0.0048847198486328125
5039851895,10393122,10378,10378,0,0,0,-0.5739107131958008,0,-0.010989189147949219,0,-0.0048847198486328125
5042087360,10395129,10380,10380,0,0,0,-0.5739107131958008,0,-0.0036630630493164062,0,-0.0048847198486328125
5044322825,10396121,10381,10381,0,0,0,-0.5739107131958008,0,-0.010989189147949219,0,-0.0048847198486328125
5046558290,10397124,10382,10382,0,0,0,-0.5739107131958008,0,-0.0036630630493164062,0,-0.0048847198486328125
5047968570,10402135,10387,10387,0,0,0,-0.5739107131958008,0,-0.010989189147949219,0,-0.0048847198486328125
5049378832,10403125,10388,10388,0,0,0,-0.5739107131958008,0,0.0036630630493164062,0,-0.0048847198486328125
5050789094,10404120,10389,10389,0,0,0,-0.5739107131958008,0,-0.0036630630493164062,0,-0.0048847198486328125
5052199356,10405133,10390,10390,0,0,0,-0.5739107131958008,0,-0.0036630630493164062,0,-0.0048847198486328125
5053609618,10406120,10391,10391,0,0,0,-0.5739107131958008,0,-0.0036630630493164062,0,-0.014652252197265625
5055019880,10407121,10392,10392,0,0,0,-0.5739107131958008,0,-0.010989189147949219,0,-0.014652252197265625
5056430142,10408121,10393,10393,0,0,0,-0.5739107131958008,0,0.010989189147949219,0,-0.0048847198486328125
5057840404,10410124,10395,10395,0,0,0,-0.5739107131958008,0,0.0036630630493164062,0,-0.014652252197265625
5059250666,10411121,10396,10397,0,0,0,-0.5739107131958008,0,-0.0036630630493164062,0,-0.0048847198486328125
5060660928,10414122,10399,10399,0,0,0,-0.5739107131958008,0,-0.010989189147949219,0,-0.0048847198486328125
5062071190,10415137,10400,10400,0,0,0,-0.5739107131958008,0,-0.010989189147949219,0,-0.014652252197265625
5063481452,10416135,10401,10401,0,0,0,-0.5739107131958008,0,-0.010989189147949219,0,-0.014652252197265625
5064891714,10417125,10402,10402,0,0,0,-0.5739107131958008,0,-0.0036630630493164062,0,-0.014652252197265625
5066301976,10418124,10403,10403,0,0,0,-0.5739107131958008,0,-0.0036630630493164062,0,-0.014652252197265625
5067712238,10420120,10405,10405,0,0,0,-0.5739107131958008,0,0.0036630630493164062,0,-0.014652252197265625
5069122500,10421121,10406,10406,0,0,0,-0.5739107131958008,0,0.01831531524658203,0,-0.014652252197265625
5071173580,10426124,10411,10411,0,0,0,-0.5739107131958008,0,-0.0036630630493164062,0,-0.0048847198486328125
5073224648,10428121,10413,10413,0,0,0,-0.5739107131958008,0,-0.0036630630493164062,0,-0.0048847198486328125
5075275716,10430137,10415,10415,0,0,0,-0.5739107131958008,0,-0.0036630630493164062,0,-0.014652252197265625
5077326784,10431124,10416,10416,0,0,0,-0.5739107131958008,0,-0.0036630630493164062,0,-0.014652252197265625
5079377852,10433120,10418,10418,0,0,0,-0.5739107131958008,0,-0.0036630630493164062,0,-0.014652252197265625
5081428920,10434124,10419,10419,0,0,0,-0.5739107131958008,0,-0.0036630630493164062,0,-0.014652252197265625
5083479988,10436120,10421,10421,0,0,0,-0.5739107131958008,0,-0.010989189147949219,0,-0.0048847198486328125
5085531056,10438122,10423,10423,0,0,0,-0.5739107131958008,0,-0.0036630630493164062,0,-0.0048847198486328125
5087582124,10440120,10425,10425,0,0,0,-0.5739107131958008,0,-0.010989189147949219,0,-0.0048847198486328125
5089633192,10442120,10427,10427,0,0,0,-0.5739107131958008,0,-0.010989189147949219,0,-0.0048847198486328125
5091684260,10445133,10430,10430,0,0,0,-0.5739107131958008,0,-0.010989189147949219,0,-0.0048847198486328125
5093735328,10447125,10432,10432,0,0,0,-0.5739107131958008,0,0.010989189147949219,0,-0.0048847198486328125
5095786396,10448120,10433,10433,0,0,0,-0.5739107131958008,0,-0.010989189147949219,0,-0.014652252197265625
5097837464,10450129,10435,10435,0,0,0,-0.5739107131958008,0,-0.010989189147949219,0,-0.014652252197265625
5099888532,10451123,10436,10437,0,0,0,-0.5739107131958008,0,0.0036630630493164062,0,-0.0048847198486328125
5101939600,10453121,10438,10438,0,0,0,-0.5739107131958008,0,0.0036630630493164062,0,-0.0048847198486328125
5103636045,10457128,10442,10442,0,0,0,-0.5739107131958008,0,-0.0036630630493164062,0,-0.0048847198486328125
5105332482,10459127,10444,10444,0,0,0,-0.5739107131958008,0,-0.0036630630493164062,0,-0.014652252197265625
5107028919,10461121,10446,10446,0,0,0,-0.5739107131958008,0,-0.0036630630493164062,0,-0.0048847198486328125
5108725356,10462120,10447,10447,0,0,0,-0.5739107131958008,0,-0.010989189147949219,0,0.0048847198486328125
5110421793,10464121,10449,10449,0,0,0,-0.5739107131958008,0,0.0036630630493164062,0,-0.0048847198486328125
5112118230,10465129,10450,10450,0,0,0,-0.5739107131958008,0,-0.010989189147949219,0,-0.0048847198486328125
5113814667,10467123,10452,10452,0,0,0,-0.5739107131958008,0,-0.010989189147949219,0,-0.014652252197265625
5115511104,10468124,10453,10453,0,0,0,-0.5739107131958008,0,-0.01831531524658203,0,-0.0048847198486328125
5117207541,10470120,10455,10455,0,0,0,-0.5739107131958008,0,-0.0036630630493164062,0,-0.0048847198486328125
5118903978,10471128,10456,10456,0,0,0,-0.5739107131958008,0,-0.0036630630493164062,0,-0.0048847198486328125
5120600415,10473125,10458,10458,0,0,0,-0.5739107131958008,0,0.0036630630493164062,0,-0.014652252197265625
5122296852,10475129,10460,10460,0,0,0,-0.5739107131958008,0,0.0036630630493164062,0,-0.014652252197265625
5123993289,10476124,10461,10461,0,0,0,-0.5739107131958008,0,0.0036630630493164062,0,-0.024419784545898438
5125689726,10477121,10462,10463,0,0,0,-0.5739107131958008,0,-0.0036630630493164062,0,-0.014652252197265625
5127386163,10479121,10464,10464,0,0,0,-0.5739107131958008,0,-0.010989189147949219,0,-0.014652252197265625
5129082600,10480122,10465,10465,0,0,0,-0.5739107131958008,0,0.0036630630493164062,0,-0.014652252197265625
5130916580,10484124,10469,10469,0,0,0,-0.5739107131958008,0,-0.010989189147949219,0,-0.014652252197265625
5132750548,10486135,10471,10471,0,0,0,-0.5739107131958008,0,-0.0036630630493164062,0,-0.014652252197265625
5134584516,10487125,10472,10472,0,0,0,-0.5739107131958008,0,-0.0036630630493164062,0,-0.024419784545898438
5136418484,10489121,10474,10474,0,0,0,-0.5739107131958008,0,-0.010989189147949219,0,-0.024419784545898438
5138252452,10491120,10476,10476,0,0,0,-0.5739107131958008,0,-0.0036630630493164062,0,-0.024419784545898438
5140086420,10493121,10478,10478,0,0,0,-0.5739107131958008,0,-0.0036630630493164062,0,-0.014652252197265625
5141920388,10494120,10479,10479,0,0,0,-0.5739107131958008,0,-0.0036630630493164062,0,-0.024419784545898438
5143754356,10496123,10481,10481,0,0,0,-0.5739107131958008,0,-0.0036630630493164062,0,-0.014652252197265625
5145588324,10497125,10483,10483,0,0,0,-0.5739107131958008,0,-0.0036630630493164062,0,-0.014652252197265625
5147422292,10499128,10484,10484,0,0,0,-0.5739107131958008,0,-0.0036630630493164062,0,-0.014652252197265625
5149256260,10501129,10486,10486,0,0,0,-0.5739107131958008,0,-0.0036630630493164062,0,-0.014652252197265625
5151090228,10502120,10487,10488,0,0,0,-0.5739107131958008,0,-0.0036630630493164062,0,-0.0048847198486328125
5152924196,10504120,10489,10489,0,0,0,-0.5739107131958008,0,-0.010989189147949219,0,-0.014652252197265625
5154758164,10506120,10491,10491,0,0,0,-0.5739107131958008,0,-0.010989189147949219,0,-0.014652252197265625
5156592132,10508121,10493,10493,0,0,0,-0.5739107131958008,0,-0.010989189147949219,0,-0.0048847198486328125
5158426100,10510120,10495,10495,0,0,0,-0.5739107131958008,0,-0.0036630630493164062,0,-0.0048847198486328125
5160114405,10513132,10498,10498,0,0,0,-0.5739107131958008,0,0.0036630630493164062,0,-0.0048847198486328125
5161802698,10515133,10500,10500,0,0,0,-0.5739107131958008,0,-0.0036630630493164062,0,-0.0048847198486328125
5163490991,10516120,10501,10501,0,0,0,-0.5739107131958008,0,-0.0036630630493164062,0,-0.0048847198486328125
5165179284,10518120,10503,10503,0,0,0,-0.5739107131958008,0,0.0036630630493164062,0,-0.0048847198486328125
5166867577,10520120,10505,10505,0,0,0,-0.5739107131958008,0,0.0036630630493164062,0,-0.0048847198486328125
5168555870,10521124,10506,10506,0,0,0,-0.5739107131958008,0,-0.0036630630493164062,0,-0.014652252197265625
5170244163,10522120,10507,10508,0,0,0,-0.5739107131958008,0,-0.01831531524658203,0,-0.014652252197265625
5171932456,10524120,10509,10509,0,0,0,-0.5739107131958008,0,-0.01831531524658203,0,-0.0048847198486328125
5173620749,10526123,10511,10511,0,0,0,-0.5739107131958008,0,-0.0036630630493164062,0,-0.0048847198486328125
5175309042,10528136,10513,10513,0,0,0,-0.5739107131958008,0,0.0036630630493164062,0,-0.0048847198486328125
5176997335,10529125,10514,10514,0,0,0,-0.5739107131958008,0,-0.010989189147949219,0,-0.0048847198486328125
5178685628,10530122,10515,10515,0,0,0,-0.5739107131958008,0,-0.0036630630493164062,0,-0.0048847198486328125
5180373921,10532121,10517,10517,0,0,0,-0.5739107131958008,0,-0.0036630630493164062,0,-0.014652252197265625
5182062214,10533121,10518,10518,0,0,0,-0.5739107131958008,0,0.0036630630493164062,0,-0.0048847198486328125
5183750507,10535129,10521,10521,0,0,0,-0.5739107131958008,0,-0.0036630630493164062,0,-0.014652252197265625
5185438800,10537121,10522,10522,0,0,0,-0.5739107131958008,0,0.0036630630493164062,0,-0.014652252197265625
5187334550,10543124,10528,10528,0,0,0,-0.5739107131958008,0,0.0036630630493164062,0,-0.014652252197265625
5189230300,10544120,10529,10529,0,0,0,-0.5739107131958008,0,-0.010989189147949219,0,-0.014652252197265625
5191126050,10546122,10531,10531,0,0,0,-0.5739107131958008,0,-0.0036630630493164062,0,-0.014652252197265625
5193021800,10547121,10533,10533,0,0,0,-0.5739107131958008,0,0.010989189147949219,0,-0.014652252197265625
5194917550,10549121,10534,10534,0,0,0,-0.5739107131958008,0,-0.010989189147949219,0,-0.014652252197265625
5196813300,10551121,10536,10536,0,0,0,-0.5739107131958008,0,-0.010989189147949219,0,-0.024419784545898438
5198709050,10552122,10537,10537,0,0,0,-0.5739107131958008,0,0.010989189147949219,0,-0.0048847198486328125
5200604800,10554122,10539,10539,0,0,0,-0.5739107131958008,0,-0.010989189147949219,0,-0.014652252197265625
5202500550,10555141,10540,10540,0,0,0,-0.5739107131958008,0,-0.010989189147949219,0,-0.014652252197265625
5204396300,10557125,10542,10542,0,0,0,-0.5739107131958008,0,0.0036630630493164062,0,-0.014652252197265625
5206292050,10559122,10544,10544,0,0,0,-0.5739107131958008,0,-0.010989189147949219,0,-0.014652252197265625
5208187800,10561121,10546,10546,0,0,0,-0.5739107131958008,0,-0.0036630630493164062,0,-0.0048847198486328125
5210083550,10562120,10547,10547,0,0,0,-0.5739107131958008,0,0.0036630630493164062,0,-0.0048847198486328125
5211979300,10564121,10549,10549,0,0,0,-0.5739107131958008,0,-0.010989189147949219,0,-0.0048847198486328125
5213875050,10565128,10550,10550,0,0,0,-0.5739107131958008,0,0.0036630630493164062,0,-0.0048847198486328125
5215770800,10567123,10552,10552,0,0,0,-0.5739107131958008,0,-0.010989189147949219,0,-0.0048847198486328125
5217585610,10570134,10556,10556,0,0,0,-0.5739107131958008,0,-0.010989189147949219,0,-0.014652252197265625
5219400416,10572120,10557,10557,0,0,0,-0.5739107131958008,0,0.0036630630493164062,0,-0.0048847198486328125
5221215222,10574120,10559,10559,0,0,0,-0.5739107131958008,0,-0.010989189147949219,0,-0.0048847198486328125
5223030028,10576121,10561,10561,0,0,0,-0.5739107131958008,0,-0.0036630630493164062,0,-0.0048847198486328125
5224844834,10578120,10563,10563,0,0,0,-0.5739107131958008,0,-0.0036630630493164062,0,0.0048847198486328125
5226659640,10580120,10565,10565,0,0,0,-0.5739107131958008,0,-0.010989189147949219,0,-0.0048847198486328125
5228474446,10581121,10566,10566,0,0,0,-0.5739107131958008,0,-0.010989189147949219,0,-0.0048847198486328125
5230289252,10583130,10568,10568,0,0,0,-0.5739107131958008,0,0.010989189147949219,0,-0.0048847198486328125
5232104058,10584139,10569,10569,0,0,0,-0.5739107131958008,0,-0.010989189147949219,0,-0.0048847198486328125
5233918864,10586120,10571,10571,0,0,0,-0.5739107131958008,0,-0.0036630630493164062,0,-0.0048847198486328125
5235733670,10588122,10573,10573,0,0,0,-0.5739107131958008,0,-0.010989189147949219,0,-0.014652252197265625
5237548476,10589121,10574,10574,0,0,0,-0.5739107131958008,0,-0.010989189147949219,0,-0.014652252197265625
5239363282,10591121,10576,10576,0,0,0,-0.5739107131958008,0,-0.0036630630493164062,0,-0.0048847198486328125
5241178088,10593121,10578,10578,0,0,0,-0.5739107131958008,0,0.0036630630493164062,0,-0.0048847198486328125
5242992894,10594120,10579,10579,0,0,0,-0.5739107131958008,0,0.0036630630493164062,0,-0.0048847198486328125
5244807700,10596123,10581,10581,0,0,0,-0.5739107131958008,0,-0.0036630630493164062,0,-0.014652252197265625
5246714810,10599125,10584,10584,0,0,0,-0.5739107131958008,0,-0.010989189147949219,0,-0.0048847198486328125
5248621916,10601123,10586,10586,0,0,0,-0.5739107131958008,0,0.0036630630493164062,0,-0.0048847198486328125
5250529022,10602120,10587,10587,0,0,0,-0.5739107131958008,0,0.0036630630493164062,0,-0.0048847198486328125
5252436128,10604122,10589,10589,0,0,0,-0.5739107131958008,0,0.0036630630493164062,0,-0.0048847198486328125
5254343234,10606121,10591,10591,0,0,0,-0.5739107131958008,0,-0.0036630630493164062,0,-0.0048847198486328125
5256250340,10608125,10593,10593,0,0,0,-0.5739107131958008,0,-0.0036630630493164062,0,-0.0048847198486328125
5258157446,10609121,10594,10594,0,0,0,-0.5739107131958008,0,-0.0036630630493164062,0,-0.0048847198486328125
5260064552,10611129,10596,10596,0,0,0,-0.5739107131958008,0,-0.0036630630493164062,0,-0.014652252197265625
5261971658,10612137,10598,10598,0,0,0,-0.5739107131958008,0,-0.0036630630493164062,0,-0.014652252197265625
5263878764,10614120,10599,10599,0,0,0,-0.5739107131958008,0,-0.010989189147949219,0,-0.014652252197265625
5265785870,10615129,10600,10601,0,0,0,-0.5739107131958008,0,-0.010989189147949219,0,-0.0048847198486328125
5267692976,10617123,10602,10602,0,0,0,-0.5739107131958008,0,-0.010989189147949219,0,-0.0048847198486328125
5269600082,10619121,10604,10604,0,0,0,-0.5739107131958008,0,0.0036630630493164062,0,-0.0048847198486328125
5271507188,10621125,10606,10606,0,0,0,-0.5739107131958008,0,-0.0036630630493164062,0,-0.014652252197265625
5273414294,10623120,10608,10608,0,0,0,-0.5739107131958008,0,-0.010989189147949219,0,-0.014652252197265625
5275321400,10625139,10610,10610,0,0,0,-0.5739107131958008,0,-0.010989189147949219,0,-0.014652252197265625
5277041730,10630120,10615,10615,0,0,0,-0.5739107131958008,0,0.0036630630493164062,0,-0.0048847198486328125
5278762048,10632121,10617,10617,0,0,0,-0.5739107131958008,0,-0.0036630630493164062,0,-0.0048847198486328125
5280482366,10633122,10618,10618,0,0,0,-0.5739107131958008,0,-0.010989189147949219,0,-0.014652252197265625
5282202684,10634120,10619,10619,0,0,0,-0.5739107131958008,0,-0.0036630630493164062,0,-0.014652252197265625
5283923002,10636120,10621,10621,0,0,0,-0.5739107131958008,0,-0.0036630630493164062,0,-0.014652252197265625
5285643320,10637124,10622,10622,0,0,0,-0.5739107131958008,0,0.0036630630493164062,0,-0.014652252197265625
5287363638,10639129,10624,10624,0,0,0,-0.5739107131958008,0,0.0036630630493164062,0,-0.014652252197265625
5289083956,10641126,10626,10626,0,0,0,-0.5739107131958008,0,-0.010989189147949219,0,-0.0048847198486328125
5290804274,10643121,10628,10628,0,0,0,-0.5739107131958008,0,0.0036630630493164062,0,-0.0048847198486328125
5292524592,10644120,10629,10629,0,0,0,-0.5739107131958008,0,-0.010989189147949219,0,-0.0048847198486328125
5294244910,10646122,10631,10631,0,0,0,-0.5739107131958008,0,-0.010989189147949219,0,0.0048847198486328125
5295965228,10648120,10633,10633,0,0,0,-0.5739107131958008,0,0.0036630630493164062,0,-0.0048847198486328125
5297685546,10649120,10634,10634,0,0,0,-0.5739107131958008,0,-0.010989189147949219,0,-0.0048847198486328125
5299405864,10651121,10636,10636,0,0,0,-0.5739107131958008,0,0.0036630630493164062,0,-0.0048847198486328125
5301126182,10653128,10638,10638,0,0,0,-0.5739107131958008,0,-0.0036630630493164062,0,-0.0048847198486328125
5302846500,10654137,10639,10639,0,0,0,-0.5739107131958008,0,-0.0036630630493164062,0,-0.014652252197265625
5304991520,10666124,10651,10651,0,0,0,-0.5739107131958008,0,-0.0036630630493164062,0,-0.014652252197265625
5307136532,10668135,10653,10653,0,0,0,-0.5739107131958008,0,-0.0036630630493164062,0,-0.0048847198486328125
5309281544,10669125,10654,10654,0,0,0,-0.5739107131958008,0,-0.0036630630493164062,0,-0.0048847198486328125
5311426556,10671125,10656,10656,0,0,0,-0.5739107131958008,0,-0.0036630630493164062,0,-0.0048847198486328125
5313571568,10672121,10657,10657,0,0,0,-0.5739107131958008,0,-0.010989189147949219,0,-0.0048847198486328125
5315716580,10674120,10659,10659,0,0,0,-0.5739107131958008,0,-0.010989189147949219,0,-0.0048847198486328125
5317861592,10675131,10660,10660,0,0,0,-0.5739107131958008,0,0.010989189147949219,0,-0.014652252197265625
5320006604,10677121,10662,10662,0,0,0,-0.5739107131958008,0,-0.010989189147949219,0,-0.014652252197265625
5322151616,10678120,10663,10663,0,0,0,-0.5739107131958008,0,-0.010989189147949219,0,-0.014652252197265625
5324296628,10679124,10664,10664,0,0,0,-0.5739107131958008,0,0.0036630630493164062,0,-0.014652252197265625
5326441640,10681128,10666,10666,0,0,0,-0.5739107131958008,0,-0.010989189147949219,0,-0.0048847198486328125
5328586652,10682135,10667,10667,0,0,0,-0.5739107131958008,0,0.0036630630493164062,0,-0.014652252197265625
5330731664,10683126,10668,10668,0,0,0,-0.5739107131958008,0,-0.0036630630493164062,0,-0.014652252197265625
5332876676,10685129,10670,10670,0,0,0,-0.5739107131958008,0,-0.0036630630493164062,0,-0.014652252197265625
5335021688,10686120,10671,10671,0,0,0,-0.5739107131958008,0,-0.010989189147949219,0,-0.014652252197265625
5337166700,10688121,10673,10673,0,0,0,-0.5739107131958008,0,-0.0036630630493164062,0,-0.0048847198486328125
5339063030,10692120,10677,10677,0,0,0,-0.5739107131958008,0,-0.010989189147949219,0,-0.0048847198486328125
5340959348,10694120,10679,10679,0,0,0,-0.5739107131958008,0,-0.010989189147949219,0,-0.0048847198486328125
5342855666,10696136,10681,10681,0,0,0,-0.5739107131958008,0,0.010989189147949219,0,-0.014652252197265625
5344751984,10697124,10682,10682,0,0,0,-0.5739107131958008,0,-0.0036630630493164062,0,-0.014652252197265625
5346648302,10698120,10683,10683,0,0,0,-0.5739107131958008,0,-0.010989189147949219,0,-0.0048847198486328125
5348544620,10700133,10685,10685,0,0,0,-0.5739107131958008,0,-0.010989189147949219,0,-0.0048847198486328125
5350440938,10701123,10686,10686,0,0,0,-0.5739107131958008,0,-0.010989189147949219,0,-0.0048847198486328125
5352337256,10702120,10688,10688,0,0,0,-0.5739107131958008,0,-0.010989189147949219,0,-0.0048847198486328125
5354233574,10704123,10689,10689,0,0,0,-0.5739107131958008,0,0.0036630630493164062,0,-0.014652252197265625
5356129892,10706120,10691,10691,0,0,0,-0.5739107131958008,0,0.010989189147949219,0,-0.0048847198486328125
5358026210,10707121,10692,10692,0,0,0,-0.5739107131958008,0,-0.0036630630493164062,0,0.0048847198486328125
5359922528,10710135,10695,10695,0,0,0,-0.5739107131958008,0,-0.010989189147949219,0,-0.0048847198486328125
5361818846,10712123,10697,10697,0,0,0,-0.5739107131958008,0,-0.010989189147949219,0,-0.0048847198486328125
5363715164,10714120,10699,10699,0,0,0,-0.5739107131958008,0,-0.0036630630493164062,0,-0.0048847198486328125
5365611482,10716124,10701,10701,0,0,0,-0.5739107131958008,0,-0.0036630630493164062,0,-0.0048847198486328125
5367507800,10719121,10704,10704,0,0,0,-0.5739107131958008,0,-0.010989189147949219,0,-0.0048847198486328125
5369423875,10722120,10707,10707,0,0,0,-0.5739107131958008,0,-0.0036630630493164062,0,-0.0048847198486328125
5371339950,10724139,10709,10709,0,0,0,-0.5739107131958008,0,-0.0036630630493164062,0,-0.014652252197265625
5373256025,10725133,10710,10710,0,0,0,-0.5739107131958008,0,-0.0036630630493164062,0,-0.014652252197265625
5375172100,10727121,10712,10712,0,0,0,-0.5739107131958008,0,-0.0036630630493164062,0,-0.0048847198486328125
5377088175,10729125,10714,10714,0,0,0,-0.5739107131958008,0,-0.0036630630493164062,0,-0.014652252197265625
5379004250,10731120,10716,10716,0,0,0,-0.5739107131958008,0,-0.0036630630493164062,0,-0.0048847198486328125
5380920325,10733122,10718,10718,0,0,0,-0.5739107131958008,0,-0.010989189147949219,0,-0.0048847198486328125
5382836400,10734120,10719,10719,0,0,0,-0.5739107131958008,0,-0.0036630630493164062,0,-0.0048847198486328125
5384752475,10736121,10721,10721,0,0,0,-0.5739107131958008,0,-0.0036630630493164062,0,-0.014652252197265625
5386668550,10738135,10723,10723,0,0,0,-0.5739107131958008,0,0.010989189147949219,0,-0.0048847198486328125
5388584625,10739124,10724,10725,0,0,0,-0.5739107131958008,0,-0.010989189147949219,0,-0.0048847198486328125
5390500700,10741123,10726,10726,0,0,0,-0.5739107131958008,0,-0.0036630630493164062,0,-0.0048847198486328125
5392416775,10743120,10728,10729,0,0,0,-0.5739107131958008,0,-0.0036630630493164062,0,-0.014652252197265625
5394332850,10745133,10730,10730,0,0,0,-0.5739107131958008,0,-0.0036630630493164062,0,-0.0048847198486328125
5396248925,10747121,10732,10732,0,0,0,-0.5739107131958008,0,-0.010989189147949219,0,-0.0048847198486328125
5398165000,10749123,10734,10734,0,0,0,-0.5739107131958008,0,-0.010989189147949219,0,-0.0048847198486328125
5400343620,10753128,10739,10739,0,0,0,-0.5739107131958008,0,0.0036630630493164062,0,-0.014652252197265625
5402522232,10755129,10740,10740,0,0,0,-0.5739107131958008,0,0.0036630630493164062,0,-0.0048847198486328125
5404700844,10757123,10742,10742,0,0,0,-0.5739107131958008,0,-0.010989189147949219,0,-0.0048847198486328125
5406879456,10758124,10743,10743,0,0,0,-0.5739107131958008,0,-0.0036630630493164062,0,-0.014652252197265625
5409058068,10760120,10745,10745,0,0,0,-0.5739107131958008,0,0.0036630630493164062,0,-0.014652252197265625
5411236680,10762122,10747,10747,0,0,0,-0.5739107131958008,0,0.0036630630493164062,0,-0.014652252197265625
5413415292,10764121,10749,10749,0,0,0,-0.5739107131958008,0,-0.010989189147949219,0,-0.014652252197265625
5415593904,10768121,10753,10753,0,0,0,-0.5739107131958008,0,0.010989189147949219,0,-0.0048847198486328125
5417772516,10769121,10754,10754,0,0,0,-0.5739107131958008,0,-0.0036630630493164062,0,-0.0048847198486328125
5419951128,10773120,10758,10758,0,0,0,-0.5739107131958008,0,0.0036630630493164062,0,-0.014652252197265625
5422129740,10774124,10759,10759,0,0,0,-0.5739107131958008,0,-0.010989189147949219,0,-0.014652252197265625
5424308352,10776120,10761,10761,0,0,0,-0.5739107131958008,0,-0.0036630630493164062,0,-0.014652252197265625
5426486964,10780135,10765,10765,0,0,0,-0.5739107131958008,0,-0.0036630630493164062,0,-0.0048847198486328125
5428665576,10781125,10766,10766,0,0,0,-0.5739107131958008,0,-0.010989189147949219,0,-0.0048847198486328125
5430844188,10783121,10768,10768,0,0,0,-0.5739107131958008,0,-0.010989189147949219,0,-0.0048847198486328125
5433022800,10784120,10769,10769,0,0,0,-0.5739107131958008,0,0.0036630630493164062,0,-0.0048847198486328125
5434847336,10791123,10776,10776,0,0,0,-0.5739107131958008,0,-0.0036630630493164062,0,-0.014652252197265625
5436671864,10792120,10777,10777,0,0,0,-0.5739107131958008,0,-0.010989189147949219,0,-0.0048847198486328125
5438496392,10795136,10780,10780,0,0,0,-0.5739107131958008,0,-0.010989189147949219,0,-0.0048847198486328125
5440320920,10796121,10781,10781,0,0,0,-0.5739107131958008,0,-0.0036630630493164062,0,-0.0048847198486328125
5442145448,10797121,10782,10782,0,0,0,-0.5739107131958008,0,-0.010989189147949219,0,-0.0048847198486328125
5443969976,10798120,10783,10784,0,0,0,-0.5739107131958008,0,-0.0036630630493164062,0,-0.0048847198486328125
5445794504,10800130,10785,10785,0,0,0,-0.5739107131958008,0,-0.010989189147949219,0,-0.0048847198486328125
5447619032,10801124,10786,10786,0,0,0,-0.5739107131958008,0,-0.010989189147949219,0,-0.0048847198486328125
5449443560,10802120,10787,10787,0,0,0,-0.5739107131958008,0,0.0036630630493164062,0,-0.0048847198486328125
5451268088,10803124,10788,10788,0,0,0,-0.5739107131958008,0,0.010989189147949219,0,-0.0048847198486328125
5453092616,10805129,10790,10790,0,0,0,-0.5739107131958008,0,-0.010989189147949219,0,-0.0048847198486328125
5454917144,10806120,10791,10791,0,0,0,-0.5739107131958008,0,-0.010989189147949219,0,-0.0048847198486328125
5456741672,10807130,10792,10792,0,0,0,-0.5739107131958008,0,-0.0036630630493164062,0,-0.014652252197265625
5458566200,10809125,10794,10794,0,0,0,-0.5739107131958008,0,-0.010989189147949219,0,-0.014652252197265625
5460153050,10815131,10800,10800,0,0,0,-0.5739107131958008,0,0.010989189147949219,0,-0.014652252197265625
5461739900,10816124,10801,10801,0,0,0,-0.5739107131958008,0,-0.0036630630493164062,0,-0.0048847198486328125
5463326750,10817121,10802,10802,0,0,0,-0.5739107131958008,0,-0.0036630630493164062,0,-0.0048847198486328125
5464913600,10819121,10804,10804,0,0,0,-0.5739107131958008,0,-0.0036630630493164062,0,-0.0048847198486328125
5466500450,10820122,10805,10805,0,0,0,-0.5739107131958008,0,-0.010989189147949219,0,-0.0048847198486328125
5468087300,10821128,10806,10806,0,0,0,-0.5739107131958008,0,-0.010989189147949219,0,0.0048847198486328125
5469674150,10823124,10808,10808,0,0,0,-0.5739107131958008,0,-0.010989189147949219,0,-0.0048847198486328125
5471261000,10825129,10810,10810,0,0,0,-0.5739107131958008,0,0.0036630630493164062,0,-0.0048847198486328125
5472847850,10826120,10811,10811,0,0,0,-0.5739107131958008,0,0.0036630630493164062,0,-0.0048847198486328125
5474434700,10827121,10812,10812,0,0,0,-0.5739107131958008,0,-0.010989189147949219,0,-0.0048847198486328125
5476021550,10829121,10814,10814,0,0,0,-0.5739107131958008,0,0.0036630630493164062,0,-0.0048847198486328125
5477608400,10830120,10815,10815,0,0,0,-0.5739107131958008,0,-0.0036630630493164062,0,-0.0048847198486328125
5479195250,10831120,10816,10816,0,0,0,-0.5739107131958008,0,-0.0036630630493164062,0,0.0048847198486328125
5480782100,10833121,10818,10818,0,0,0,-0.5739107131958008,0,-0.0036630630493164062,0,-0.0048847198486328125
5482368950,10834120,10819,10819,0,0,0,-0.5739107131958008,0,-0.0036630630493164062,0,-0.0048847198486328125
5483955800,10835137,10820,10820,0,0,0,-0.5739107131958008,0,-0.010989189147949219,0,0.0048847198486328125
5485705105,10839121,10824,10824,0,0,0,-0.5739107131958008,0,-0.010989189147949219,0,-0.0048847198486328125
5487454398,10840124,10826,10826,0,0,0,-0.5739107131958008,0,0.0036630630493164062,0,-0.014652252197265625
5489203691,10842120,10827,10827,0,0,0,-0.5739107131958008,0,-0.010989189147949219,0,-0.014652252197265625
5490952984,10844122,10829,10829,0,0,0,-0.5739107131958008,0,-0.0036630630493164062,0,-0.014652252197265625
5492702277,10845133,10830,10830,0,0,0,-0.5739107131958008,0,0.010989189147949219,0,-0.014652252197265625
5494451570,10847121,10832,10832,0,0,0,-0.5739107131958008,0,-0.0036630630493164062,0,-0.014652252197265625
5496200863,10848121,10834,10834,0,0,0,-0.5739107131958008,0,-0.01831531524658203,0,-0.0048847198486328125
5497950156,10850142,10835,10835,0,0,0,-0.5739107131958008,0,0.0036630630493164062,0,-0.0048847198486328125
5499699449,10851125,10836,10836,0,0,0,-0.5739107131958008,0,0.0036630630493164062,0,-0.0048847198486328125
5501448742,10852122,10838,10838,0,0,0,-0.5739107131958008,0,-0.0036630630493164062,0,-0.0048847198486328125
5503198035,10854120,10839,10839,0,0,0,-0.5739107131958008,0,-0.0036630630493164062,0,-0.0048847198486328125
5504947328,10855129,10840,10840,0,0,0,-0.5739107131958008,0,-0.010989189147949219,0,-0.0048847198486328125
5506696621,10858120,10843,10843,0,0,0,-0.5739107131958008,0,-0.010989189147949219,0,0.0048847198486328125
5508445914,10859121,10844,10845,0,0,0,-0.5739107131958008,0,0.010989189147949219,0,-0.0048847198486328125
5510195207,10861124,10846,10846,0,0,0,-0.5739107131958008,0,-0.010989189147949219,0,-0.0048847198486328125
5511944500,10863128,10848,10848,0,0,0,-0.5739107131958008,0,0.0036630630493164062,0,-0.0048847198486328125
5514049005,10867121,10852,10852,0,0,0,-0.5739107131958008,0,0.0036630630493164062,0,-0.0048847198486328125
5516153498,10868120,10853,10854,0,0,0,-0.5739107131958008,0,-0.0036630630493164062,0,-0.0048847198486328125
5518257991,10870120,10855,10855,0,0,0,-0.5739107131958008,0,-0.010989189147949219,0,0.0048847198486328125
5520362484,10871121,10856,10857,0,0,0,-0.5739107131958008,0,-0.0036630630493164062,0,-0.0048847198486328125
5522466977,10873122,10858,10858,0,0,0,-0.5739107131958008,0,-0.010989189147949219,0,-0.0048847198486328125
5524571470,10874124,10859,10859,0,0,0,-0.5739107131958008,0,0.0036630630493164062,0,-0.0048847198486328125
5526675963,10876120,10861,10861,0,0,0,-0.5739107131958008,0,-0.010989189147949219,0,-0.014652252197265625
5528780456,10882124,10867,10867,0,0,0,-0.5739107131958008,0,0.0036630630493164062,0,-0.0048847198486328125
5530884949,10884120,10869,10869,0,0,0,-0.5739107131958008,0,-0.010989189147949219,0,-0.0048847198486328125
5532989442,10885129,10870,10870,0,0,0,-0.5739107131958008,0,0.0036630630493164062,0,-0.0048847198486328125
5535093935,10887120,10872,10872,0,0,0,-0.5739107131958008,0,-0.0036630630493164062,0,0.0048847198486328125
5537198428,10889120,10874,10874,0,0,0,-0.5739107131958008,0,-0.0036630630493164062,0,0.0048847198486328125
5539302921,10891128,10876,10876,0,0,0,-0.5739107131958008,0,-0.0036630630493164062,0,-0.0048847198486328125
5541407414,10892135,10877,10877,0,0,0,-0.5739107131958008,0,-0.010989189147949219,0,-0.0048847198486328125
5543511907,10895129,10880,10880,0,0,0,-0.5739107131958008,0,0.0036630630493164062,0,-0.0048847198486328125
5545616400,10897121,10882,10882,0,0,0,-0.5739107131958008,0,-0.0036630630493164062,0,0.0048847198486328125
5547452478,10905137,10890,10890,0,0,0,-0.5739107131958008,0,-0.0036630630493164062,0,-0.0048847198486328125
5549288551,10906135,10891,10891,0,0,0,-0.5739107131958008,0,-0.0036630630493164062,0,0.0048847198486328125
5551124624,10907126,10892,10892,0,0,0,-0.5739107131958008,0,0.0036630630493164062,0,0.0048847198486328125
5552960697,10909121,10894,10894,0,0,0,-0.5739107131958008,0,0.0036630630493164062,0,-0.0048847198486328125
5554796770,10911124,10896,10896,0,0,0,-0.5739107131958008,0,-0.010989189147949219,0,-0.0048847198486328125
5556632843,10913121,10898,10898,0,0,0,-0.5739107131958008,0,0.010989189147949219,0,-0.0048847198486328125
5558468916,10914120,10899,10899,0,0,0,-0.5739107131958008,0,0.0036630630493164062,0,-0.0048847198486328125
5560304989,10915131,10900,10900,0,0,0,-0.5739107131958008,0,-0.010989189147949219,0,-0.0048847198486328125
5562141062,10917121,10902,10902,0,0,0,-0.5739107131958008,0,-0.010989189147949219,0,-0.014652252197265625
5563977135,10918120,10903,10903,0,0,0,-0.5739107131958008,0,-0.0036630630493164062,0,-0.014652252197265625
5565813208,10919132,10904,10904,0,0,0,-0.5739107131958008,0,-0.010989189147949219,0,-0.0048847198486328125
5567649281,10921124,10906,10906,0,0,0,-0.5739107131958008,0,-0.0036630630493164062,0,-0.014652252197265625
5569485354,10922120,10907,10907,0,0,0,-0.5739107131958008,0,-0.0036630630493164062,0,-0.014652252197265625
5571321427,10923122,10908,10908,0,0,0,-0.5739107131958008,0,-0.0036630630493164062,0,-0.014652252197265625
5573157500,10924120,10909,10909,0,0,0,-0.5739107131958008,0,0.0036630630493164062,0,-0.0048847198486328125
5575327755,10931122,10916,10916,0,0,0,-0.5739107131958008,0,0.0036630630493164062,0,-0.0048847198486328125
5577497998,10933128,10918,10918,0,0,0,-0.5739107131958008,0,-0.0036630630493164062,0,-0.0048847198486328125
5579668241,10935133,10920,10920,0,0,0,-0.5739107131958008,0,-0.0036630630493164062,0,-0.0048847198486328125
5581838484,10936122,10921,10921,0,0,0,-0.5739107131958008,0,-0.0036630630493164062,0,-0.014652252197265625
5584008727,10937120,10922,10922,0,0,0,-0.5739107131958008,0,0.0036630630493164062,0,-0.0048847198486328125
5586178970,10939120,10924,10924,0,0,0,-0.5739107131958008,0,-0.0036630630493164062,0,-0.0048847198486328125
5588349213,10940124,10925,10925,0,0,0,-0.5739107131958008,0,-0.010989189147949219,0,-0.0048847198486328125
5590519456,10941121,10926,10926,0,0,0,-0.5739107131958008,0,-0.010989189147949219,0,-0.0048847198486328125
5592689699,10942120,10927,10927,0,0,0,-0.5739107131958008,0,-0.0036630630493164062,0,-0.0048847198486328125
5594859942,10944122,10929,10929,0,0,0,-0.5739107131958008,0,-0.0036630630493164062,0,-0.0048847198486328125
5597030185,10945129,10930,10930,0,0,0,-0.5739107131958008,0,-0.010989189147949219,0,-0.014652252197265625
5599200428,10949125,10934,10934,0,0,0,-0.5739107131958008,0,-0.0036630630493164062,0,-0.014652252197265625
5601370671,10953121,10938,10938,0,0,0,-0.5739107131958008,0,-0.0036630630493164062,0,-0.024419784545898438
5603540914,10954120,10939,10939,0,0,0,-0.5739107131958008,0,-0.010989189147949219,0,-0.024419784545898438
5605711157,10957121,10942,10942,0,0,0,-0.5739107131958008,0,-0.0036630630493164062,0,-0.014652252197265625
5607881400,10958120,10943,10943,0,0,0,-0.5739107131958008,0,-0.0036630630493164062,0,-0.014652252197265625
5609524850,10962135,10947,10947,0,0,0,-0.5739107131958008,0,-0.010989189147949219,0,-0.014652252197265625
5611097082,10963124,10949,10949,0,0,0,-0.5739107131958008,0,-0.010989189147949219,0,-0.014652252197265625
5612669314,10965131,10950,10950,0,0,0,-0.5739107131958008,0,-0.0036630630493164062,0,-0.0048847198486328125
5614241546,10967121,10952,10952,0,0,0,-0.5739107131958008,0,0.0036630630493164062,0,-0.0048847198486328125
5615813778,10969124,10954,10954,0,0,0,-0.5739107131958008,0,-0.010989189147949219,0,-0.0048847198486328125
5617386010,10970121,10955,10955,0,0,0,-0.5739107131958008,0,-0.0036630630493164062,0,-0.0048847198486328125
5618958242,10971121,10956,10956,0,0,0,-0.5739107131958008,0,-0.0036630630493164062,0,-0.0048847198486328125
5620530474,10973122,10958,10958,0,0,0,-0.5739107131958008,0,-0.010989189147949219,0,-0.0048847198486328125
5622102706,10974120,10959,10959,0,0,0,-0.5739107131958008,0,-0.010989189147949219,0,-0.0048847198486328125
5623674938,10975137,10960,10961,0,0,0,-0.5739107131958008,0,0.0036630630493164062,0,-0.0048847198486328125
5625247170,10977128,10962,10963,0,0,0,-0.5739107131958008,0,0.0036630630493164062,0,-0.0048847198486328125
5626819402,10980121,10965,10965,0,0,0,-0.5739107131958008,0,-0.0036630630493164062,0,-0.0048847198486328125
5628391634,10981122,10966,10966,0,0,0,-0.5739107131958008,0,-0.0036630630493164062,0,0.0048847198486328125
5629963866,10982120,10967,10968,0,0,0,-0.5739107131958008,0,0.0036630630493164062,0,0.0048847198486328125
5631536098,10985133,10970,10970,0,0,0,-0.5739107131958008,0,0.010989189147949219,0,-0.0048847198486328125
5633108330,10987120,10972,10972,0,0,0,-0.5739107131958008,0,-0.010989189147949219,0,-0.0048847198486328125
5634680562,10989130,10974,10974,0,0,0,-0.5739107131958008,0,-0.010989189147949219,0,-0.0048847198486328125
5636252794,10990139,10975,10975,0,0,0,-0.5739107131958008,0,0.0036630630493164062,0,-0.014652252197265625
5637825026,10992121,10977,10977,0,0,0,-0.5739107131958008,0,0.0036630630493164062,0,-0.0048847198486328125
5639397258,10994122,10979,10980,0,0,0,-0.5739107131958008,0,-0.010989189147949219,0,-0.014652252197265625
5640969490,10996121,10981,10981,0,0,0,-0.5739107131958008,0,-0.010989189147949219,0,-0.014652252197265625
5642541722,10997121,10982,10982,0,0,0,-0.5739107131958008,0,0.010989189147949219,0,-0.014652252197265625
5644113954,10998124,10983,10983,0,0,0,-0.5739107131958008,0,-0.010989189147949219,0,-0.014652252197265625
5645686186,10999121,10984,10984,0,0,0,-0.5739107131958008,0,-0.0036630630493164062,0,-0.0048847198486328125
5647258418,11000129,10985,10985,0,0,0,-0.5739107131958008,0,-0.0036630630493164062,0,-0.0048847198486328125
5648830650,11002122,10987,10987,0,0,0,-0.5739107131958008,0,-0.0036630630493164062,0,-0.014652252197265625
5650402882,11003128,10988,10988,0,0,0,-0.5739107131958008,0,-0.010989189147949219,0,-0.0048847198486328125
5651975114,11004135,10989,10989,0,0,0,-0.5739107131958008,0,-0.010989189147949219,0,-0.014652252197265625
5653547346,11005133,10990,10990,0,0,0,-0.5739107131958008,0,0.010989189147949219,0,-0.0048847198486328125
5655119578,11007121,10992,10992,0,0,0,-0.5739107131958008,0,-0.010989189147949219,0,-0.0048847198486328125
5656551785,11012122,10997,10997,0,0,0,-0.5739107131958008,0,0.0036630630493164062,0,-0.014652252197265625
5657836866,11013121,10998,10998,0,0,0,-0.5739107131958008,0,-0.010989189147949219,0,-0.014652252197265625
5659121947,11014124,10999,10999,0,0,0,-0.5739107131958008,0,0.0036630630493164062,0,-0.014652252197265625
5660407028,11015130,11000,11000,0,0,0,-0.5739107131958008,0,0.010989189147949219,0,-0.014652252197265625
5661692109,11015130,11000,11001,0,0,0,-0.5739107131958008,0,-0.010989189147949219,0,-0.0048847198486328125
5662977190,11017129,11002,11002,0,0,0,-0.5739107131958008,0,-0.0036630630493164062,0,-0.0048847198486328125
5664262271,11018137,11003,11003,0,0,0,-0.5739107131958008,0,-0.010989189147949219,0,-0.014652252197265625
5665547352,11019129,11004,11004,0,0,0,-0.5739107131958008,0,-0.0036630630493164062,0,-0.0048847198486328125
5666832433,11020120,11005,11005,0,0,0,-0.5739107131958008,0,-0.0036630630493164062,0,-0.0048847198486328125
5668117514,11021121,11006,11006,0,0,0,-0.5739107131958008,0,-0.010989189147949219,0,-0.0048847198486328125
5669402595,11022120,11007,11007,0,0,0,-0.5739107131958008,0,-0.010989189147949219,0,-0.0048847198486328125
5670687676,11024120,11009,11009,0,0,0,-0.5739107131958008,0,-0.010989189147949219,0,-0.014652252197265625
5671972757,11025129,11010,11010,0,0,0,-0.5739107131958008,0,0.0036630630493164062,0,-0.0048847198486328125
5673257838,11026120,11011,11011,0,0,0,-0.5739107131958008,0,-0.0036630630493164062,0,-0.0048847198486328125
5674542919,11028120,11013,11013,0,0,0,-0.5739107131958008,0,0.0036630630493164062,0,-0.0048847198486328125
5675828000,11029121,11014,11014,0,0,0,-0.5739107131958008,0,-0.010989189147949219,0,-0.0048847198486328125
5677113081,11032139,11017,11017,0,0,0,-0.5739107131958008,0,0.0036630630493164062,0,-0.0048847198486328125
5678398162,11033125,11018,11018,0,0,0,-0.5739107131958008,0,0.010989189147949219,0,-0.0048847198486328125
5679683243,11034120,11019,11019,0,0,0,-0.5739107131958008,0,-0.0036630630493164062,0,-0.014652252197265625
5680968324,11035133,11020,11020,0,0,0,-0.5739107131958008,0,-0.0036630630493164062,0,-0.014652252197265625
5682253405,11036120,11021,11021,0,0,0,-0.5739107131958008,0,-0.0036630630493164062,0,-0.014652252197265625
5683538486,11037121,11022,11022,0,0,0,-0.5739107131958008,0,-0.010989189147949219,0,-0.0048847198486328125
5684823567,11038120,11023,11023,0,0,0,-0.5739107131958008,0,-0.0036630630493164062,0,-0.0048847198486328125
5686108648,11039123,11024,11024,0,0,0,-0.5739107131958008,0,-0.0036630630493164062,0,0.0048847198486328125
5687393729,11040120,11025,11025,0,0,0,-0.5739107131958008,0,-0.0036630630493164062,0,-0.0048847198486328125
5688678810,11041121,11026,11026,0,0,0,-0.5739107131958008,0,-0.0036630630493164062,0,-0.0048847198486328125
5689963891,11042120,11027,11027,0,0,0,-0.5739107131958008,0,-0.010989189147949219,0,-0.0048847198486328125
5691248972,11043124,11028,11028,0,0,0,-0.5739107131958008,0,-0.010989189147949219,0,-0.0048847198486328125
5692534053,11044121,11029,11029,0,0,0,-0.5739107131958008,0,0.010989189147949219,0,-0.0048847198486328125
5693819134,11045137,11030,11030,0,0,0,-0.5739107131958008,0,-0.010989189147949219,0,-0.0048847198486328125
5695104215,11046135,11031,11032,0,0,0,-0.5739107131958008,0,-0.010989189147949219,0,0.0048847198486328125
5696389296,11048124,11033,11033,0,0,0,-0.5739107131958008,0,-0.0036630630493164062,0,-0.0048847198486328125
5697589505,11051121,11036,11036,0,0,0,-0.5739107131958008,0,-0.0036630630493164062,0,0.0048847198486328125
5698789698,11052125,11037,11037,0,0,0,-0.5739107131958008,0,-0.0036630630493164062,0,-0.0048847198486328125
5699989891,11054120,11039,11039,0,0,0,-0.5739107131958008,0,-0.010989189147949219,0,-0.0048847198486328125
5701190084,11055129,11040,11040,0,0,0,-0.5739107131958008,0,-0.0036630630493164062,0,-0.0048847198486328125
5702390277,11056124,11041,11041,0,0,0,-0.5739107131958008,0,-0.0036630630493164062,0,-0.0048847198486328125
5703590470,11057121,11042,11042,0,0,0,-0.5739107131958008,0,0.0036630630493164062,0,-0.0048847198486328125
5704790663,11058120,11043,11043,0,0,0,-0.5739107131958008,0,-0.010989189147949219,0,-0.0048847198486328125
5705990856,11059129,11044,11044,0,0,0,-0.5739107131958008,0,-0.0036630630493164062,0,0.0048847198486328125
5707191049,11060137,11045,11045,0,0,0,-0.5739107131958008,0,-0.010989189147949219,0,-0.014652252197265625
5708391242,11061124,11046,11046,0,0,0,-0.5739107131958008,0,-0.010989189147949219,0,-0.014652252197265625
5709591435,11062120,11047,11047,0,0,0,-0.5739107131958008,0,0.0036630630493164062,0,-0.014652252197265625
5710791628,11063120,11048,11048,0,0,0,-0.5739107131958008,0,0.0036630630493164062,0,-0.024419784545898438
5711991821,11064124,11049,11049,0,0,0,-0.5739107131958008,0,-0.0036630630493164062,0,-0.014652252197265625
5713192014,11065129,11050,11050,0,0,0,-0.5739107131958008,0,-0.010989189147949219,0,-0.014652252197265625
5714392207,11066120,11051,11051,0,0,0,-0.5739107131958008,0,-0.010989189147949219,0,-0.014652252197265625
5715592400,11067121,11052,11052,0,0,0,-0.5739107131958008,0,-0.010989189147949219,0,-0.014652252197265625
5716747980,11070120,11055,11055,0,0,0,-0.5739107131958008,0,0.010989189147949219,0,-0.014652252197265625
5717903548,11071120,11056,11056,0,0,0,-0.5739107131958008,0,-0.0036630630493164062,0,-0.014652252197265625
5719059116,11072124,11057,11057,0,0,0,-0.5739107131958008,0,-0.0036630630493164062,0,-0.014652252197265625
5720214684,11073129,11058,11058,0,0,0,-0.5739107131958008,0,-0.010989189147949219,0,-0.014652252197265625
5721370252,11074135,11059,11059,0,0,0,-0.5739107131958008,0,-0.010989189147949219,0,-0.014652252197265625
5722525820,11075133,11060,11060,0,0,0,-0.5739107131958008,0,-0.010989189147949219,0,-0.014652252197265625
5723681388,11076123,11061,11061,0,0,0,-0.5739107131958008,0,-0.010989189147949219,0,-0.014652252197265625
5724836956,11077125,11062,11062,0,0,0,-0.5739107131958008,0,0.0036630630493164062,0,-0.0048847198486328125
5725992524,11078121,11063,11063,0,0,0,-0.5739107131958008,0,-0.0036630630493164062,0,-0.0048847198486328125
5727148092,11079121,11064,11064,0,0,0,-0.5739107131958008,0,-0.010989189147949219,0,-0.0048847198486328125
5728303660,11080121,11065,11065,0,0,0,-0.5739107131958008,0,0.010989189147949219,0,-0.0048847198486328125
5729459228,11081122,11066,11066,0,0,0,-0.5739107131958008,0,0.0036630630493164062,0,-0.0048847198486328125
5730614796,11082120,11067,11067,0,0,0,-0.5739107131958008,0,-0.010989189147949219,0,-0.0048847198486328125
5731770364,11083121,11068,11068,0,0,0,-0.5739107131958008,0,-0.0036630630493164062,0,-0.0048847198486328125
5732925932,11085133,11070,11070,0,0,0,-0.5739107131958008,0,-0.010989189147949219,0,-0.0048847198486328125
5734081500,11086120,11071,11071,0,0,0,-0.5739107131958008,0,-0.010989189147949219,0,-0.014652252197265625
5735134195,11088135,11073,11073,0,0,0,-0.5739107131958008,0,-0.0036630630493164062,0,-0.014652252197265625
5736186882,11089127,11074,11074,0,0,0,-0.5739107131958008,0,-0.010989189147949219,0,-0.014652252197265625
5737239569,11090120,11075,11075,0,0,0,-0.5739107131958008,0,-0.01831531524658203,0,-0.014652252197265625
5738292256,11090120,11075,11075,0,0,0,-0.5739107131958008,0,-0.0036630630493164062,0,-0.014652252197265625
5739344943,11091121,11076,11077,0,0,0,-0.5739107131958008,0,0.0036630630493164062,0,-0.014652252197265625
5740397630,11092120,11077,11078,0,0,0,-0.5739107131958008,0,-0.010989189147949219,0,-0.014652252197265625
5741450317,11094120,11079,11079,0,0,0,-0.5739107131958008,0,0.0036630630493164062,0,-0.014652252197265625
5742503004,11095129,11080,11080,0,0,0,-0.5739107131958008,0,0.0036630630493164062,0,-0.014652252197265625
5743555691,11096121,11081,11081,0,0,0,-0.5739107131958008,0,-0.010989189147949219,0,-0.0048847198486328125
5744608378,11097123,11082,11082,0,0,0,-0.5739107131958008,0,0.0036630630493164062,0,-0.0048847198486328125
5745661065,11098120,11083,11083,0,0,0,-0.5739107131958008,0,-0.010989189147949219,0,-0.0048847198486328125
5746713752,11099121,11084,11084,0,0,0,-0.5739107131958008,0,0.0036630630493164062,0,-0.0048847198486328125
5747766439,11100129,11085,11085,0,0,0,-0.5739107131958008,0,0.0036630630493164062,0,-0.0048847198486328125
5748819126,11101135,11086,11086,0,0,0,-0.5739107131958008,0,-0.010989189147949219,0,-0.0048847198486328125
5749871813,11102137,11087,11087,0,0,0,-0.5739107131958008,0,0.0036630630493164062,0,-0.0048847198486328125
5750924500,11103124,11088,11088,0,0,0,-0.5739107131958008,0,-0.010989189147949219,0,-0.0048847198486328125
5752092520,11105131,11090,11090,0,0,0,-0.5739107131958008,0,0.0036630630493164062,0,-0.014652252197265625
5753305051,11105131,11090,11090,0,0,0,-0.5739107131958008,0,0.010989189147949219,0,-0.014652252197265625
5754517582,11106124,11091,11091,0,0,0,-0.5739107131958008,0,-0.0036630630493164062,0,-0.014652252197265625
5755730113,11107121,11092,11092,0,0,0,-0.5739107131958008,0,-0.010989189147949219,0,-0.014652252197265625
5756942644,11108121,11093,11094,0,0,0,-0.5739107131958008,0,-0.0036630630493164062,0,-0.014652252197265625
5758155175,11110122,11095,11095,0,0,0,-0.5739107131958008,0,-0.0036630630493164062,0,-0.014652252197265625
5759367706,11111120,11096,11096,0,0,0,-0.5739107131958008,0,-0.0036630630493164062,0,-0.014652252197265625
5760580237,11113120,11098,11098,0,0,0,-0.5739107131958008,0,-0.010989189147949219,0,-0.014652252197265625
5761792768,11114124,11099,11099,0,0,0,-0.5739107131958008,0,-0.0036630630493164062,0,-0.0048847198486328125
5763005299,11116135,11101,11101,0,0,0,-0.5739107131958008,0,-0.0036630630493164062,0,-0.014652252197265625
5764217830,11117125,11102,11102,0,0,0,-0.5739107131958008,0,-0.010989189147949219,0,-0.014652252197265625
5765430361,11118122,11103,11103,0,0,0,-0.5739107131958008,0,-0.010989189147949219,0,-0.0048847198486328125
5766642892,11119121,11104,11104,0,0,0,-0.5739107131958008,0,-0.010989189147949219,0,-0.0048847198486328125
5767855423,11119121,11104,11105,0,0,0,-0.5739107131958008,0,0.0036630630493164062,0,-0.0048847198486328125
5769067954,11120120,11105,11106,0,0,0,-0.5739107131958008,0,-0.010989189147949219,0,0.0048847198486328125
5770280485,11121121,11106,11106,0,0,0,-0.5739107131958008,0,0.0036630630493164062,0,0.0048847198486328125
5771493016,11125129,11110,11110,0,0,0,-0.5739107131958008,0,0.0036630630493164062,0,-0.014652252197265625
5772705547,11126122,11111,11111,0,0,0,-0.5739107131958008,0,0.0036630630493164062,0,-0.014652252197265625
5773918078,11127121,11112,11112,0,0,0,-0.5739107131958008,0,-0.0036630630493164062,0,-0.0048847198486328125
5775130609,11128121,11113,11113,0,0,0,-0.5739107131958008,0,-0.010989189147949219,0,-0.0048847198486328125
5776343140,11129128,11114,11114,0,0,0,-0.5739107131958008,0,-0.010989189147949219,0,0.0048847198486328125
5777555671,11130139,11115,11115,0,0,0,-0.5739107131958008,0,-0.0036630630493164062,0,-0.014652252197265625
5778768202,11132121,11117,11117,0,0,0,-0.5739107131958008,0,0.0036630630493164062,0,-0.014652252197265625
5779980733,11133121,11118,11118,0,0,0,-0.5739107131958008,0,0.0036630630493164062,0,-0.014652252197265625
5781193264,11134122,11119,11119,0,0,0,-0.5739107131958008,0,0.0036630630493164062,0,-0.0048847198486328125
5782405795,11135133,11120,11120,0,0,0,-0.5739107131958008,0,-0.0036630630493164062,0,-0.0048847198486328125
5783618326,11136121,11121,11121,0,0,0,-0.5739107131958008,0,-0.0036630630493164062,0,-0.0048847198486328125
5784830857,11137120,11122,11122,0,0,0,-0.5739107131958008,0,-0.0036630630493164062,0,-0.0048847198486328125
5786043388,11138120,11123,11123,0,0,0,-0.5739107131958008,0,-0.010989189147949219,0,-0.0048847198486328125
5787255919,11139123,11124,11124,0,0,0,-0.5739107131958008,0,-0.010989189147949219,0,-0.014652252197265625
5788468450,11140121,11125,11125,0,0,0,-0.5739107131958008,0,-0.0036630630493164062,0,-0.014652252197265625
5789680981,11141121,11126,11126,0,0,0,-0.5739107131958008,0,-0.010989189147949219,0,-0.014652252197265625
5790905005,11145133,11130,11130,0,0,0,-0.5739107131958008,0,-0.010989189147949219,0,-0.014652252197265625
5792128998,11146120,11131,11132,0,0,0,-0.5739107131958008,0,-0.01831531524658203,0,-0.014652252197265625
5793352991,11147123,11132,11132,0,0,0,-0.5739107131958008,0,-0.0036630630493164062,0,-0.0048847198486328125
5794576984,11148120,11133,11133,0,0,0,-0.5739107131958008,0,0.0036630630493164062,0,-0.0048847198486328125
5795800977,11149121,11134,11134,0,0,0,-0.5739107131958008,0,0.0036630630493164062,0,-0.0048847198486328125
5797024970,11150128,11135,11135,0,0,0,-0.5739107131958008,0,0.0036630630493164062,0,-0.0048847198486328125
5798248963,11151125,11136,11136,0,0,0,-0.5739107131958008,0,0.01831531524658203,0,-0.0048847198486328125
5799472956,11152123,11137,11137,0,0,0,-0.5739107131958008,0,-0.0036630630493164062,0,-0.014652252197265625
5800696949,11153121,11138,11138,0,0,0,-0.5739107131958008,0,-0.010989189147949219,0,-0.014652252197265625
5801920942,11153121,11139,11139,0,0,0,-0.5739107131958008,0,-0.010989189147949219,0,-0.014652252197265625
5803144935,11154120,11139,11140,0,0,0,-0.5739107131958008,0,-0.010989189147949219,0,-0.014652252197265625
5804368928,11155131,11140,11140,0,0,0,-0.5739107131958008,0,0.0036630630493164062,0,-0.014652252197265625
5805592921,11156120,11141,11141,0,0,0,-0.5739107131958008,0,-0.010989189147949219,0,-0.014652252197265625
5806816914,11157129,11142,11142,0,0,0,-0.5739107131958008,0,0.0036630630493164062,0,-0.014652252197265625
5808040907,11158135,11143,11143,0,0,0,-0.5739107131958008,0,0.0036630630493164062,0,-0.014652252197265625
5809264900,11160120,11145,11145,0,0,0,-0.5739107131958008,0,-0.0036630630493164062,0,-0.014652252197265625
5810732175,11164125,11149,11149,0,0,0,-0.5739107131958008,0,-0.0036630630493164062,0,-0.024419784545898438
5812199450,11165130,11150,11150,0,0,0,-0.5739107131958008,0,-0.010989189147949219,0,-0.014652252197265625
5813666725,11166120,11151,11151,0,0,0,-0.5739107131958008,0,-0.010989189147949219,0,-0.014652252197265625
5815134000,11167121,11152,11152,0,0,0,-0.5739107131958008,0,-0.010989189147949219,0,-0.0048847198486328125
5816601275,11168122,11153,11153,0,0,0,-0.5739107131958008,0,0.0036630630493164062,0,-0.0048847198486328125
5818068550,11169121,11154,11154,0,0,0,-0.5739107131958008,0,0.010989189147949219,0,-0.0048847198486328125
5819535825,11170121,11155,11155,0,0,0,-0.5739107131958008,0,0.0036630630493164062,0,0.0048847198486328125
5821003100,11171128,11156,11156,0,0,0,-0.5739107131958008,0,-0.010989189147949219,0,0.0048847198486328125
5822470375,11172140,11157,11157,0,0,0,-0.5739107131958008,0,-0.010989189147949219,0,-0.0048847198486328125
5823937650,11173125,11158,11158,0,0,0,-0.5739107131958008,0,-0.010989189147949219,0,0.0048847198486328125
5825404925,11174120,11159,11159,0,0,0,-0.5739107131958008,0,-0.01831531524658203,0,-0.0048847198486328125
5826872200,11175129,11160,11160,0,0,0,-0.5739107131958008,0,-0.010989189147949219,0,0.0048847198486328125
5828339475,11180124,11165,11165,0,0,0,-0.5739107131958008,0,0.0036630630493164062,0,0.0048847198486328125
5829806750,11181121,11166,11166,0,0,0,-0.5739107131958008,0,-0.0036630630493164062,0,0.0048847198486328125
5831274025,11182120,11167,11167,0,0,0,-0.5739107131958008,0,-0.0036630630493164062,0,-0.0048847198486328125
5832741300,11184122,11169,11169,0,0,0,-0.5739107131958008,0,-0.010989189147949219,0,-0.0048847198486328125
5834081520,11187125,11172,11172,0,0,0,-0.5739107131958008,0,-0.0036630630493164062,0,-0.014652252197265625
5835421732,11189121,11174,11174,0,0,0,-0.5739107131958008,0,-0.0036630630493164062,0,-0.014652252197265625
5836761944,11190120,11175,11175,0,0,0,-0.5739107131958008,0,-0.01831531524658203,0,-0.014652252197265625
5838102156,11191121,11176,11176,0,0,0,-0.5739107131958008,0,-0.010989189147949219,0,-0.0048847198486328125
5839442368,11192122,11177,11177,0,0,0,-0.5739107131958008,0,0.0036630630493164062,0,-0.014652252197265625
5840782580,11193125,11178,11178,0,0,0,-0.5739107131958008,0,0.0036630630493164062,0,-0.014652252197265625
5842122792,11194120,11179,11180,0,0,0,-0.5739107131958008,0,0.0036630630493164062,0,-0.014652252197265625
5843463004,11196121,11181,11181,0,0,0,-0.5739107131958008,0,-0.010989189147949219,0,-0.014652252197265625
5844803216,11197123,11182,11182,0,0,0,-0.5739107131958008,0,-0.0036630630493164062,0,-0.014652252197265625
5846143428,11198120,11183,11183,0,0,0,-0.5739107131958008,0,0.010989189147949219,0,-0.0048847198486328125
5847483640,11199129,11184,11184,0,0,0,-0.5739107131958008,0,-0.010989189147949219,0,-0.014652252197265625
5848823852,11200144,11185,11185,0,0,0,-0.5739107131958008,0,-0.010989189147949219,0,-0.014652252197265625
5850164064,11201131,11186,11187,0,0,0,-0.5739107131958008,0,0.0036630630493164062,0,-0.014652252197265625
5851504276,11203121,11188,11188,0,0,0,-0.5739107131958008,0,-0.010989189147949219,0,-0.0048847198486328125
5852844488,11204121,11189,11189,0,0,0,-0.5739107131958008,0,-0.0036630630493164062,0,-0.0048847198486328125
5854184700,11205132,11190,11190,0,0,0,-0.5739107131958008,0,0.0036630630493164062,0,0.0048847198486328125
5855798695,11208120,11194,11194,0,0,0,-0.5739107131958008,0,-0.0036630630493164062,0,-0.0048847198486328125
5857412682,11210120,11195,11195,0,0,0,-0.5739107131958008,0,-0.0036630630493164062,0,-0.0048847198486328125
5859026669,11211120,11196,11196,0,0,0,-0.5739107131958008,0,-0.010989189147949219,0,-0.0048847198486328125
5860640656,11212120,11197,11197,0,0,0,-0.5739107131958008,0,0.0036630630493164062,0,-0.0048847198486328125
5862254643,11213130,11198,11198,0,0,0,-0.5739107131958008,0,0.0036630630493164062,0,0.0048847198486328125
5863868630,11214139,11199,11199,0,0,0,-0.5739107131958008,0,0.0036630630493164062,0,-0.014652252197265625
5865482617,11215133,11200,11201,0,0,0,-0.5739107131958008,0,0.0036630630493164062,0,-0.014652252197265625
5867096604,11217125,11202,11202,0,0,0,-0.5739107131958008,0,-0.010989189147949219,0,-0.014652252197265625
5868710591,11219121,11204,11204,0,0,0,-0.5739107131958008,0,0.0036630630493164062,0,-0.0048847198486328125
5870324578,11221122,11206,11206,0,0,0,-0.5739107131958008,0,0.0036630630493164062,0,-0.0048847198486328125
5871938565,11222124,11207,11207,0,0,0,-0.5739107131958008,0,-0.010989189147949219,0,-0.0048847198486328125
5873552552,11224120,11209,11209,0,0,0,-0.5739107131958008,0,0.0036630630493164062,0,0.0048847198486328125
5875166539,11226122,11211,11211,0,0,0,-0.5739107131958008,0,-0.0036630630493164062,0,0.0048847198486328125
5876780526,11228135,11213,11213,0,0,0,-0.5739107131958008,0,0.0036630630493164062,0,-0.0048847198486328125
5878394513,11230124,11215,11215,0,0,0,-0.5739107131958008,0,0.0036630630493164062,0,-0.0048847198486328125
5880008500,11231121,11216,11216,0,0,0,-0.5739107131958008,0,0.0036630630493164062,0,-0.0048847198486328125
5881638375,11238124,11223,11223,0,0,0,-0.5739107131958008,0,0.010989189147949219,0,-0.0048847198486328125
5883268250,11239121,11224,11224,0,0,0,-0.5739107131958008,0,-0.0036630630493164062,0,-0.0048847198486328125
5884898125,11239121,11225,11225,0,0,0,-0.5739107131958008,0,-0.0036630630493164062,0,-0.0048847198486328125
5886528000,11240120,11225,11226,0,0,0,-0.5739107131958008,0,-0.010989189147949219,0,-0.014652252197265625
5888157875,11241129,11226,11226,0,0,0,-0.5739107131958008,0,-0.010989189147949219,0,-0.014652252197265625
5889787750,11243128,11228,11228,0,0,0,-0.5739107131958008,0,-0.010989189147949219,0,-0.014652252197265625
5891417625,11244120,11229,11229,0,0,0,-0.5739107131958008,0,0.0036630630493164062,0,-0.014652252197265625
5893047500,11246124,11231,11231,0,0,0,-0.5739107131958008,0,-0.0036630630493164062,0,-0.024419784545898438
5894677375,11247121,11232,11232,0,0,0,-0.5739107131958008,0,-0.01831531524658203,0,-0.014652252197265625
5896307250,11249121,11234,11234,0,0,0,-0.5739107131958008,0,0.0036630630493164062,0,-0.024419784545898438
5897937125,11250130,11235,11235,0,0,0,-0.5739107131958008,0,0.0036630630493164062,0,-0.024419784545898438
5899567000,11252123,11237,11237,0,0,0,-0.5739107131958008,0,0.0036630630493164062,0,-0.014652252197265625
5901196875,11253121,11238,11239,0,0,0,-0.5739107131958008,0,-0.0036630630493164062,0,-0.014652252197265625
5902826750,11255138,11240,11240,0,0,0,-0.5739107131958008,0,-0.0036630630493164062,0,-0.014652252197265625
5904456625,11256135,11241,11241,0,0,0,-0.5739107131958008,0,-0.010989189147949219,0,-0.024419784545898438
5906086500,11258120,11243,11243,0,0,0,-0.5739107131958008,0,-0.010989189147949219,0,-0.014652252197265625
5907879475,11262120,11248,11248,0,0,0,-0.5739107131958008,0,0.01831531524658203,0,-0.0048847198486328125
5909533408,11264121,11249,11249,0,0,0,-0.5739107131958008,0,-0.0036630630493164062,0,-0.0048847198486328125
5911187341,11266120,11251,11251,0,0,0,-0.5739107131958008,0,-0.010989189147949219,0,-0.0048847198486328125
5912841274,11267125,11252,11252,0,0,0,-0.5739107131958008,0,-0.010989189147949219,0,-0.0048847198486328125
5914495207,11268121,11253,11253,0,0,0,-0.5739107131958008,0,-0.010989189147949219,0,-0.0048847198486328125
5916149140,11270135,11255,11255,0,0,0,-0.5739107131958008,0,-0.010989189147949219,0,-0.014652252197265625
5917803073,11271126,11256,11256,0,0,0,-0.5739107131958008,0,0.0036630630493164062,0,-0.014652252197265625
5919457006,11273121,11258,11258,0,0,0,-0.5739107131958008,0,-0.010989189147949219,0,-0.0048847198486328125
5921110939,11274120,11259,11259,0,0,0,-0.5739107131958008,0,-0.01831531524658203,0,-0.014652252197265625
5922764872,11275133,11261,11261,0,0,0,-0.5739107131958008,0,-0.0036630630493164062,0,-0.0048847198486328125
5924418805,11277121,11262,11262,0,0,0,-0.5739107131958008,0,0.0036630630493164062,0,-0.0048847198486328125
5926072738,11279123,11264,11264,0,0,0,-0.5739107131958008,0,0.0036630630493164062,0,-0.0048847198486328125
5927726671,11280124,11265,11266,0,0,0,-0.5739107131958008,0,-0.010989189147949219,0,-0.0048847198486328125
5929380604,11283129,11268,11268,0,0,0,-0.5739107131958008,0,-0.010989189147949219,0,-0.014652252197265625
5931034537,11284137,11269,11269,0,0,0,-0.5739107131958008,0,-0.0036630630493164062,0,-0.014652252197265625
5932688470,11286121,11271,11271,0,0,0,-0.5739107131958008,0,0.0036630630493164062,0,-0.014652252197265625
5934342403,11290120,11275,11275,0,0,0,-0.5739107131958008,0,-0.0036630630493164062,0,-0.0048847198486328125
5935996336,11292122,11277,11277,0,0,0,-0.5739107131958008,0,-0.010989189147949219,0,-0.0048847198486328125
5937650269,11294120,11279,11279,0,0,0,-0.5739107131958008,0,-0.010989189147949219,0,-0.0048847198486328125
5939304202,11295129,11280,11280,0,0,0,-0.5739107131958008,0,0.0036630630493164062,0,-0.0048847198486328125
5940958135,11297130,11282,11282,0,0,0,-0.5739107131958008,0,-0.0036630630493164062,0,-0.014652252197265625
5942612068,11298135,11283,11283,0,0,0,-0.5739107131958008,0,0.0036630630493164062,0,-0.014652252197265625
5944266001,11300132,11285,11285,0,0,0,-0.5739107131958008,0,0.0036630630493164062,0,-0.024419784545898438
5945919934,11301127,11286,11286,0,0,0,-0.5739107131958008,0,-0.010989189147949219,0,-0.014652252197265625
5947573867,11302121,11287,11287,0,0,0,-0.5739107131958008,0,-0.0036630630493164062,0,-0.014652252197265625
5949227800,11303121,11288,11288,0,0,0,-0.5739107131958008,0,-0.0036630630493164062,0,-0.014652252197265625
5950881733,11304124,11289,11290,0,0,0,-0.5739107131958008,0,-0.010989189147949219,0,-0.014652252197265625
5952535666,11306120,11291,11291,0,0,0,-0.5739107131958008,0,-0.0036630630493164062,0,-0.0048847198486328125
5954189599,11307121,11292,11292,0,0,0,-0.5739107131958008,0,-0.010989189147949219,0,-0.0048847198486328125
5955843532,11308122,11293,11293,0,0,0,-0.5739107131958008,0,-0.010989189147949219,0,-0.0048847198486328125
5957497465,11309125,11294,11294,0,0,0,-0.5739107131958008,0,-0.010989189147949219,0,-0.014652252197265625
5959151398,11311128,11296,11296,0,0,0,-0.5739107131958008,0,-0.010989189147949219,0,-0.0048847198486328125
5960278495,11314120,11299,11299,0,0,0,-0.5739107131958008,0,-0.0036630630493164062,0,-0.014652252197265625
5961405582,11315129,11300,11300,0,0,0,-0.5739107131958008,0,0.0036630630493164062,0,-0.014652252197265625
5962532669,11316120,11301,11301,0,0,0,-0.5739107131958008,0,0.010989189147949219,0,-0.014652252197265625
5963659756,11317125,11302,11302,0,0,0,-0.5739107131958008,0,0.0036630630493164062,0,-0.014652252197265625
5964786843,11318120,11303,11303,0,0,0,-0.5739107131958008,0,-0.0036630630493164062,0,-0.014652252197265625
5965913930,11319121,11304,11304,0,0,0,-0.5739107131958008,0,-0.0036630630493164062,0,-0.014652252197265625
5967041017,11320120,11305,11305,0,0,0,-0.5739107131958008,0,-0.010989189147949219,0,-0.014652252197265625
5968168104,11321123,11306,11306,0,0,0,-0.5739107131958008,0,-0.010989189147949219,0,-0.014652252197265625
5969295191,11322120,11307,11307,0,0,0,-0.5739107131958008,0,-0.0036630630493164062,0,-0.014652252197265625
5970422278,11322120,11307,11307,0,0,0,-0.5739107131958008,0,-0.010989189147949219,0,-0.024419784545898438
5971549365,11323121,11308,11308,0,0,0,-0.5739107131958008,0,0.0036630630493164062,0,-0.014652252197265625
5972676452,11324120,11309,11309,0,0,0,-0.5739107131958008,0,-0.010989189147949219,0,-0.024419784545898438
5973803539,11325141,11310,11310,0,0,0,-0.5739107131958008,0,-0.010989189147949219,0,-0.024419784545898438
5974930626,11326137,11311,11311,0,0,0,-0.5739107131958008,0,-0.01831531524658203,0,-0.014652252197265625
5976057713,11327124,11312,11312,0,0,0,-0.5739107131958008,0,0.0036630630493164062,0,-0.014652252197265625
5977184800,11329123,11314,11314,0,0,0,-0.5739107131958008,0,0.0036630630493164062,0,-0.014652252197265625
5978661820,11331121,11316,11316,0,0,0,-0.5739107131958008,0,-0.010989189147949219,0,-0.0048847198486328125
5980138832,11332122,11317,11317,0,0,0,-0.5739107131958008,0,0.0036630630493164062,0,-0.0048847198486328125
5981615844,11333125,11318,11318,0,0,0,-0.5739107131958008,0,-0.0036630630493164062,0,-0.0048847198486328125
5983092856,11334120,11319,11319,0,0,0,-0.5739107131958008,0,-0.010989189147949219,0,-0.0048847198486328125
5984569868,11335129,11320,11320,0,0,0,-0.5739107131958008,0,-0.0036630630493164062,0,-0.0048847198486328125
5986046880,11336120,11321,11321,0,0,0,-0.5739107131958008,0,-0.0036630630493164062,0,-0.0048847198486328125
5987523892,11338124,11323,11323,0,0,0,-0.5739107131958008,0,-0.0036630630493164062,0,-0.014652252197265625
5989000904,11339129,11324,11324,0,0,0,-0.5739107131958008,0,-0.01831531524658203,0,-0.0048847198486328125
5990477916,11340134,11325,11325,0,0,0,-0.5739107131958008,0,0.0036630630493164062,0,-0.0048847198486328125
5991954928,11341125,11326,11326,0,0,0,-0.5739107131958008,0,0.0036630630493164062,0,0.0048847198486328125
5993431940,11342122,11327,11327,0,0,0,-0.5739107131958008,0,-0.0036630630493164062,0,-0.0048847198486328125
5994908952,11344120,11329,11329,0,0,0,-0.5739107131958008,0,-0.010989189147949219,0,-0.014652252197265625
5996385964,11347121,11332,11332,0,0,0,-0.5739107131958008,0,-0.0036630630493164062,0,-0.014652252197265625
5997862976,11349121,11334,11334,0,0,0,-0.5739107131958008,0,-0.0036630630493164062,0,-0.014652252197265625
5999339988,11350131,11335,11335,0,0,0,-0.5739107131958008,0,0.0036630630493164062,0,-0.014652252197265625
6000817000,11351121,11336,11336,0,0,0,-0.5739107131958008,0,0.0036630630493164062,0,-0.0048847198486328125
6002178185,11357121,11342,11342,0,0,0,-0.5739107131958008,0,0.0036630630493164062,0,-0.0048847198486328125
6003539366,11359124,11344,11344,0,0,0,-0.5739107131958008,0,-0.010989189147949219,0,-0.014652252197265625
6004900547,11361121,11346,11346,0,0,0,-0.5739107131958008,0,-0.01831531524658203,0,-0.0048847198486328125
6006261728,11362124,11347,11347,0,0,0,-0.5739107131958008,0,0.0036630630493164062,0,-0.0048847198486328125
6007622909,11363121,11348,11348,0,0,0,-0.5739107131958008,0,-0.010989189147949219,0,-0.0048847198486328125
6008984090,11365129,11350,11350,0,0,0,-0.5739107131958008,0,0.0036630630493164062,0,-0.014652252197265625
6010345271,11366122,11351,11351,0,0,0,-0.5739107131958008,0,-0.010989189147949219,0,-0.014652252197265625
6011706452,11367132,11352,11352,0,0,0,-0.5739107131958008,0,0.0036630630493164062,0,-0.014652252197265625
6013067633,11367132,11352,11353,0,0,0,-0.5739107131958008,0,0.0036630630493164062,0,-0.014652252197265625
6014428814,11368135,11353,11353,0,0,0,-0.5739107131958008,0,-0.0036630630493164062,0,-0.014652252197265625
6015789995,11369125,11354,11354,0,0,0,-0.5739107131958008,0,-0.0036630630493164062,0,-0.014652252197265625
6017151176,11370121,11355,11355,0,0,0,-0.5739107131958008,0,-0.0036630630493164062,0,-0.024419784545898438
6018512357,11371123,11356,11356,0,0,0,-0.5739107131958008,0,-0.0036630630493164062,0,-0.024419784545898438
6019873538,11372120,11357,11357,0,0,0,-0.5739107131958008,0,-0.010989189147949219,0,-0.024419784545898438
6021234719,11373121,11358,11358,0,0,0,-0.5739107131958008,0,-0.0036630630493164062,0,-0.024419784545898438
6022595900,11374120,11359,11359,0,0,0,-0.5739107131958008,0,-0.0036630630493164062,0,-0.014652252197265625
6023761035,11377121,11362,11362,0,0,0,-0.5739107131958008,0,-0.010989189147949219,0,-0.014652252197265625
6024888782,11378121,11363,11363,0,0,0,-0.5739107131958008,0,-0.010989189147949219,0,-0.014652252197265625
6026016529,11379123,11364,11364,0,0,0,-0.5739107131958008,0,0.0036630630493164062,0,-0.014652252197265625
6027144276,11381128,11366,11366,0,0,0,-0.5739107131958008,0,-0.01831531524658203,0,-0.014652252197265625
6028272023,11382135,11367,11367,0,0,0,-0.5739107131958008,0,-0.0036630630493164062,0,-0.014652252197265625
6029399770,11383129,11368,11368,0,0,0,-0.5739107131958008,0,-0.0036630630493164062,0,-0.014652252197265625
6030527517,11384120,11369,11369,0,0,0,-0.5739107131958008,0,0.0036630630493164062,0,-0.014652252197265625
6031655264,11385129,11370,11370,0,0,0,-0.5739107131958008,0,0.0036630630493164062,0,-0.014652252197265625
6032783011,11386120,11371,11371,0,0,0,-0.5739107131958008,0,0.0036630630493164062,0,-0.014652252197265625
6033910758,11387123,11372,11372,0,0,0,-0.5739107131958008,0,-0.010989189147949219,0,-0.0048847198486328125
6035038505,11388124,11373,11373,0,0,0,-0.5739107131958008,0,-0.010989189147949219,0,-0.0048847198486328125
6036166252,11389122,11374,11374,0,0,0,-0.5739107131958008,0,0.0036630630493164062,0,-0.0048847198486328125
6037293999,11390120,11375,11375,0,0,0,-0.5739107131958008,0,-0.010989189147949219,0,-0.014652252197265625
6038421746,11391125,11376,11376,0,0,0,-0.5739107131958008,0,-0.010989189147949219,0,-0.014652252197265625
6039549493,11392120,11377,11377,0,0,0,-0.5739107131958008,0,-0.010989189147949219,0,-0.014652252197265625
6040677240,11393120,11378,11378,0,0,0,-0.5739107131958008,0,0.0036630630493164062,0,-0.014652252197265625
6041804987,11395138,11381,11381,0,0,0,-0.5739107131958008,0,-0.0036630630493164062,0,-0.014652252197265625
6042932734,11397125,11382,11382,0,0,0,-0.5739107131958008,0,-0.0036630630493164062,0,-0.014652252197265625
6044060481,11398120,11383,11383,0,0,0,-0.5739107131958008,0,-0.0036630630493164062,0,-0.014652252197265625
6045188228,11399121,11384,11384,0,0,0,-0.5739107131958008,0,0.0036630630493164062,0,-0.014652252197265625
6046315975,11399121,11384,11385,0,0,0,-0.5739107131958008,0,-0.0036630630493164062,0,-0.014652252197265625
6047443722,11400131,11385,11385,0,0,0,-0.5739107131958008,0,-0.0036630630493164062,0,-0.014652252197265625
6048571469,11401123,11386,11386,0,0,0,-0.5739107131958008,0,-0.010989189147949219,0,-0.0048847198486328125
6049699216,11402120,11387,11387,0,0,0,-0.5739107131958008,0,-0.0036630630493164062,0,-0.0048847198486328125
6050826963,11403121,11388,11389,0,0,0,-0.5739107131958008,0,-0.0036630630493164062,0,-0.014652252197265625
6051954710,11404124,11389,11389,0,0,0,-0.5739107131958008,0,-0.0036630630493164062,0,-0.014652252197265625
6053082457,11405129,11390,11390,0,0,0,-0.5739107131958008,0,-0.010989189147949219,0,-0.024419784545898438
6054210204,11406120,11391,11391,0,0,0,-0.5739107131958008,0,-0.010989189147949219,0,-0.014652252197265625
6055337951,11407121,11392,11392,0,0,0,-0.5739107131958008,0,-0.010989189147949219,0,-0.014652252197265625
6056465698,11408122,11393,11393,0,0,0,-0.5739107131958008,0,-0.010989189147949219,0,-0.0048847198486328125
6057593445,11409132,11394,11394,0,0,0,-0.5739107131958008,0,0.0036630630493164062,0,-0.0048847198486328125
6058721192,11410135,11395,11395,0,0,0,-0.5739107131958008,0,-0.0036630630493164062,0,-0.0048847198486328125
6059882135,11413121,11398,11398,0,0,0,-0.5739107131958008,0,-0.0036630630493164062,0,-0.014652252197265625
6061035995,11414120,11399,11399,0,0,0,-0.5739107131958008,0,-0.0036630630493164062,0,-0.014652252197265625
6062189855,11415129,11400,11400,0,0,0,-0.5739107131958008,0,-0.0036630630493164062,0,-0.014652252197265625
6063343715,11416122,11401,11401,0,0,0,-0.5739107131958008,0,-0.010989189147949219,0,-0.014652252197265625
6064497575,11416122,11401,11401,0,0,0,-0.5739107131958008,0,-0.010989189147949219,0,-0.0048847198486328125
6065651435,11417125,11402,11402,0,0,0,-0.5739107131958008,0,0.010989189147949219,0,-0.0048847198486328125
6066805295,11418120,11403,11403,0,0,0,-0.5739107131958008,0,-0.010989189147949219,0,0.0048847198486328125
6067959155,11420124,11405,11405,0,0,0,-0.5739107131958008,0,-0.010989189147949219,0,-0.0048847198486328125
6069113015,11421121,11406,11406,0,0,0,-0.5739107131958008,0,0.0036630630493164062,0,-0.0048847198486328125
6070266875,11422120,11407,11407,0,0,0,-0.5739107131958008,0,0.0036630630493164062,0,-0.0048847198486328125
6071420735,11423128,11408,11408,0,0,0,-0.5739107131958008,0,-0.010989189147949219,0,-0.014652252197265625
6072574595,11424137,11409,11409,0,0,0,-0.5739107131958008,0,0.0036630630493164062,0,-0.0048847198486328125
6073728455,11425137,11410,11410,0,0,0,-0.5739107131958008,0,-0.010989189147949219,0,-0.0048847198486328125
6074882315,11426120,11411,11411,0,0,0,-0.5739107131958008,0,-0.010989189147949219,0,-0.0048847198486328125
6076036175,11427121,11412,11413,0,0,0,-0.5739107131958008,0,-0.0036630630493164062,0,-0.0048847198486328125
6077190035,11429123,11414,11414,0,0,0,-0.5739107131958008,0,0.0036630630493164062,0,-0.0048847198486328125
6078343895,11431121,11416,11416,0,0,0,-0.5739107131958008,0,-0.0036630630493164062,0,-0.014652252197265625
6079497755,11432121,11417,11417,0,0,0,-0.5739107131958008,0,0.0036630630493164062,0,-0.014652252197265625
6080651615,11433124,11418,11418,0,0,0,-0.5739107131958008,0,-0.010989189147949219,0,-0.014652252197265625
6081805475,11434120,11419,11419,0,0,0,-0.5739107131958008,0,0.0036630630493164062,0,-0.014652252197265625
6082959335,11435129,11420,11420,0,0,0,-0.5739107131958008,0,-0.0036630630493164062,0,-0.014652252197265625
6084113195,11436120,11421,11421,0,0,0,-0.5739107131958008,0,-0.0036630630493164062,0,-0.014652252197265625
6085267055,11437131,11422,11422,0,0,0,-0.5739107131958008,0,-0.0036630630493164062,0,-0.0048847198486328125
6086420915,11438139,11423,11423,0,0,0,-0.5739107131958008,0,0.0036630630493164062,0,-0.0048847198486328125
6087574775,11439125,11424,11424,0,0,0,-0.5739107131958008,0,-0.0036630630493164062,0,-0.0048847198486328125
6088728635,11440120,11425,11425,0,0,0,-0.5739107131958008,0,-0.010989189147949219,0,0.0048847198486328125
6089882495,11441125,11426,11426,0,0,0,-0.5739107131958008,0,-0.0036630630493164062,0,-0.0048847198486328125
6091036355,11442120,11427,11427,0,0,0,-0.5739107131958008,0,-0.010989189147949219,0,-0.0048847198486328125
6092190215,11443120,11428,11428,0,0,0,-0.5739107131958008,0,-0.0036630630493164062,0,-0.0048847198486328125
6093344075,11444120,11429,11429,0,0,0,-0.5739107131958008,0,-0.0036630630493164062,0,-0.0048847198486328125
6094497935,11446124,11431,11431,0,0,0,-0.5739107131958008,0,-0.010989189147949219,0,-0.0048847198486328125
6095651795,11447121,11432,11432,0,0,0,-0.5739107131958008,0,-0.010989189147949219,0,-0.0048847198486328125
6096907520,11450130,11435,11435,0,0,0,-0.5739107131958008,0,-0.010989189147949219,0,-0.014652252197265625
6098163232,11451128,11436,11436,0,0,0,-0.5739107131958008,0,0.0036630630493164062,0,-0.014652252197265625
6099418944,11452137,11437,11437,0,0,0,-0.5739107131958008,0,0.0036630630493164062,0,-0.014652252197265625
6100674656,11453127,11438,11438,0,0,0,-0.5739107131958008,0,-0.0036630630493164062,0,-0.014652252197265625
6101930368,11454124,11439,11439,0,0,0,-0.5739107131958008,0,-0.010989189147949219,0,-0.0048847198486328125
6103186080,11455129,11440,11440,0,0,0,-0.5739107131958008,0,0.0036630630493164062,0,-0.014652252197265625
6104441792,11456120,11441,11441,0,0,0,-0.5739107131958008,0,0.010989189147949219,0,-0.0048847198486328125
6105697504,11457121,11442,11442,0,0,0,-0.5739107131958008,0,-0.0036630630493164062,0,-0.014652252197265625
6106953216,11458122,11443,11443,0,0,0,-0.5739107131958008,0,0.0036630630493164062,0,-0.0048847198486328125
6108208928,11459121,11444,11444,0,0,0,-0.5739107131958008,0,-0.0036630630493164062,0,-0.0048847198486328125
6109464640,11461120,11446,11446,0,0,0,-0.5739107131958008,0,-0.0036630630493164062,0,-0.0048847198486328125
6110720352,11462124,11447,11447,0,0,0,-0.5739107131958008,0,-0.0036630630493164062,0,-0.0048847198486328125
6111976064,11463121,11448,11448,0,0,0,-0.5739107131958008,0,-0.010989189147949219,0,-0.014652252197265625
6113231776,11465137,11450,11450,0,0,0,-0.5739107131958008,0,-0.01831531524658203,0,-0.014652252197265625
6114487488,11466137,11451,11451,0,0,0,-0.5739107131958008,0,-0.0036630630493164062,0,-0.0048847198486328125
6115743200,11467129,11452,11452,0,0,0,-0.5739107131958008,0,-0.0036630630493164062,0,-0.0048847198486328125
6117018695,11472120,11457,11457,0,0,0,-0.5739107131958008,0,0.0036630630493164062,0,-0.014652252197265625
6118294182,11472120,11458,11458,0,0,0,-0.5739107131958008,0,-0.010989189147949219,0,-0.014652252197265625
6119569669,11473121,11458,11459,0,0,0,-0.5739107131958008,0,0.0036630630493164062,0,-0.014652252197265625
6120845156,11474122,11459,11460,0,0,0,-0.5739107131958008,0,-0.010989189147949219,0,-0.014652252197265625
6122120643,11475133,11460,11460,0,0,0,-0.5739107131958008,0,0.010989189147949219,0,-0.014652252197265625
6123396130,11477121,11462,11462,0,0,0,-0.5739107131958008,0,-0.010989189147949219,0,-0.014652252197265625
6124671617,11478124,11463,11463,0,0,0,-0.5739107131958008,0,0.0036630630493164062,0,-0.014652252197265625
6125947104,11479130,11464,11464,0,0,0,-0.5739107131958008,0,-0.0036630630493164062,0,-0.0048847198486328125
6127222591,11480135,11465,11465,0,0,0,-0.5739107131958008,0,-0.0036630630493164062,0,-0.0048847198486328125
6128498078,11481125,11466,11466,0,0,0,-0.5739107131958008,0,-0.010989189147949219,0,0.0048847198486328125
6129773565,11482122,11467,11467,0,0,0,-0.5739107131958008,0,-0.0036630630493164062,0,0.0048847198486328125
6131049052,11484120,11469,11469,0,0,0,-0.5739107131958008,0,-0.0036630630493164062,0,-0.0048847198486328125
6132324539,11485129,11470,11470,0,0,0,-0.5739107131958008,0,-0.0036630630493164062,0,-0.014652252197265625
6133600026,11486120,11471,11471,0,0,0,-0.5739107131958008,0,-0.010989189147949219,0,-0.0048847198486328125
6134875513,11487122,11472,11472,0,0,0,-0.5739107131958008,0,-0.0036630630493164062,0,-0.014652252197265625
6136151000,11488120,11473,11473,0,0,0,-0.5739107131958008,0,-0.0036630630493164062,0,-0.014652252197265625
6137787620,11490120,11475,11475,0,0,0,-0.5739107131958008,0,-0.0036630630493164062,0,-0.014652252197265625
6139424232,11491125,11476,11476,0,0,0,-0.5739107131958008,0,-0.010989189147949219,0,-0.014652252197265625
6141060844,11492121,11477,11477,0,0,0,-0.5739107131958008,0,-0.010989189147949219,0,-0.014652252197265625
6142697456,11493128,11478,11478,0,0,0,-0.5739107131958008,0,0.0036630630493164062,0,-0.014652252197265625
6144334068,11495135,11480,11480,0,0,0,-0.5739107131958008,0,-0.010989189147949219,0,-0.0048847198486328125
6145970680,11496125,11482,11482,0,0,0,-0.5739107131958008,0,-0.0036630630493164062,0,-0.014652252197265625
6147607292,11498120,11483,11483,0,0,0,-0.5739107131958008,0,0.010989189147949219,0,-0.014652252197265625
6149243904,11499125,11484,11484,0,0,0,-0.5739107131958008,0,-0.010989189147949219,0,-0.014652252197265625
6150880516,11501123,11486,11486,0,0,0,-0.5739107131958008,0,-0.010989189147949219,0,-0.014652252197265625
6152517128,11503123,11488,11488,0,0,0,-0.5739107131958008,0,-0.010989189147949219,0,-0.014652252197265625
6154153740,11504124,11489,11489,0,0,0,-0.5739107131958008,0,0.0036630630493164062,0,-0.014652252197265625
6155790352,11506120,11491,11492,0,0,0,-0.5739107131958008,0,0.010989189147949219,0,-0.024419784545898438
6157426964,11509125,11494,11494,0,0,0,-0.5739107131958008,0,-0.010989189147949219,0,-0.014652252197265625
6159063576,11511122,11496,11496,0,0,0,-0.5739107131958008,0,-0.010989189147949219,0,-0.014652252197265625
6160700188,11512126,11497,11497,0,0,0,-0.5739107131958008,0,-0.0036630630493164062,0,-0.0048847198486328125
6162336800,11514120,11499,11499,0,0,0,-0.5739107131958008,0,-0.0036630630493164062,0,-0.014652252197265625
6164291160,11518120,11503,11503,0,0,0,-0.5739107131958008,0,0.0036630630493164062,0,-0.014652252197265625
6166245516,11519121,11504,11504,0,0,0,-0.5739107131958008,0,-0.0036630630493164062,0,-0.014652252197265625
6168199872,11521129,11506,11506,0,0,0,-0.5739107131958008,0,0.0036630630493164062,0,-0.014652252197265625
6170154228,11523125,11508,11508,0,0,0,-0.5739107131958008,0,-0.0036630630493164062,0,-0.014652252197265625
6172108584,11525133,11510,11510,0,0,0,-0.5739107131958008,0,-0.0036630630493164062,0,-0.0048847198486328125
6174062940,11528124,11513,11513,0,0,0,-0.5739107131958008,0,-0.010989189147949219,0,0.0048847198486328125
6176017296,11529121,11514,11514,0,0,0,-0.5739107131958008,0,0.0036630630493164062,0,-0.014652252197265625
6177971652,11531121,11516,11516,0,0,0,-0.5739107131958008,0,-0.010989189147949219,0,-0.0048847198486328125
6179926008,11533125,11518,11518,0,0,0,-0.5739107131958008,0,0.0036630630493164062,0,-0.0048847198486328125
6181880364,11534120,11519,11519,0,0,0,-0.5739107131958008,0,-0.010989189147949219,0,-0.0048847198486328125
6183834720,11537127,11522,11522,0,0,0,-0.5739107131958008,0,-0.0036630630493164062,0,-0.014652252197265625
6185789076,11538120,11523,11523,0,0,0,-0.5739107131958008,0,-0.0036630630493164062,0,-0.014652252197265625
6187743432,11539121,11524,11524,0,0,0,-0.5739107131958008,0,-0.010989189147949219,0,-0.0048847198486328125
6189697788,11541125,11526,11526,0,0,0,-0.5739107131958008,0,-0.0036630630493164062,0,-0.014652252197265625
6191652144,11542121,11527,11527,0,0,0,-0.5739107131958008,0,-0.0036630630493164062,0,-0.0048847198486328125
6193606500,11544121,11529,11530,0,0,0,-0.5739107131958008,0,-0.0036630630493164062,0,-0.0048847198486328125
6195211955,11548120,11533,11533,0,0,0,-0.5739107131958008,0,-0.010989189147949219,0,-0.0048847198486328125
6196817398,11549132,11534,11534,0,0,0,-0.5739107131958008,0,-0.010989189147949219,0,-0.0048847198486328125
6198422841,11551125,11536,11536,0,0,0,-0.5739107131958008,0,-0.0036630630493164062,0,-0.014652252197265625
6200028284,11552123,11537,11537,0,0,0,-0.5739107131958008,0,-0.0036630630493164062,0,-0.014652252197265625
6201633727,11553123,11538,11538,0,0,0,-0.5739107131958008,0,-0.01831531524658203,0,-0.014652252197265625
6203239170,11555129,11540,11540,0,0,0,-0.5739107131958008,0,-0.010989189147949219,0,-0.014652252197265625
6204844613,11556120,11541,11541,0,0,0,-0.5739107131958008,0,-0.0036630630493164062,0,-0.014652252197265625
6206450056,11558120,11543,11543,0,0,0,-0.5739107131958008,0,0.0036630630493164062,0,-0.0048847198486328125
6208055499,11559121,11544,11544,0,0,0,-0.5739107131958008,0,0.0036630630493164062,0,-0.0048847198486328125
6209660942,11561123,11546,11546,0,0,0,-0.5739107131958008,0,-0.010989189147949219,0,-0.0048847198486328125
6211266385,11562124,11547,11548,0,0,0,-0.5739107131958008,0,-0.0036630630493164062,0,-0.0048847198486328125
6212871828,11564136,11549,11549,0,0,0,-0.5739107131958008,0,-0.0036630630493164062,0,-0.0048847198486328125
6214477271,11565137,11550,11550,0,0,0,-0.5739107131958008,0,-0.0036630630493164062,0,-0.0048847198486328125
6216082714,11566122,11551,11551,0,0,0,-0.5739107131958008,0,-0.0036630630493164062,0,0.0048847198486328125
6217688157,11568120,11553,11553,0,0,0,-0.5739107131958008,0,-0.010989189147949219,0,-0.0048847198486328125
6219293600,11571121,11556,11556,0,0,0,-0.5739107131958008,0,-0.010989189147949219,0,0.0048847198486328125
6220479985,11575129,11560,11560,0,0,0,-0.5739107131958008,0,-0.0036630630493164062,0,-0.0048847198486328125
6221662427,11576121,11561,11561,0,0,0,-0.5739107131958008,0,-0.010989189147949219,0,-0.0048847198486328125
6222844869,11577128,11562,11563,0,0,0,-0.5739107131958008,0,-0.0036630630493164062,0,-0.0048847198486328125
6224027311,11578139,11564,11564,0,0,0,-0.5739107131958008,0,-0.0036630630493164062,0,-0.0048847198486328125
6225209753,11579125,11564,11565,0,0,0,-0.5739107131958008,0,-0.010989189147949219,0,-0.014652252197265625
6226392195,11581120,11566,11566,0,0,0,-0.5739107131958008,0,-0.0036630630493164062,0,-0.014652252197265625
6227574637,11581120,11566,11566,0,0,0,-0.5739107131958008,0,-0.010989189147949219,0,-0.014652252197265625
6228757079,11582122,11567,11567,0,0,0,-0.5739107131958008,0,-0.010989189147949219,0,-0.014652252197265625
6229939521,11583124,11568,11568,0,0,0,-0.5739107131958008,0,-0.010989189147949219,0,-0.014652252197265625
6231121963,11584120,11569,11569,0,0,0,-0.5739107131958008,0,-0.010989189147949219,0,-0.014652252197265625
6232304405,11585129,11570,11570,0,0,0,-0.5739107131958008,0,0.0036630630493164062,0,-0.014652252197265625
6233486847,11586124,11571,11571,0,0,0,-0.5739107131958008,0,-0.0036630630493164062,0,-0.014652252197265625
6234669289,11587122,11572,11572,0,0,0,-0.5739107131958008,0,-0.0036630630493164062,0,-0.0048847198486328125
6235851731,11588120,11573,11573,0,0,0,-0.5739107131958008,0,0.0036630630493164062,0,-0.0048847198486328125
6237034173,11589121,11574,11574,0,0,0,-0.5739107131958008,0,0.0036630630493164062,0,-0.0048847198486328125
6238216615,11590122,11575,11575,0,0,0,-0.5739107131958008,0,-0.0036630630493164062,0,-0.0048847198486328125
6239399057,11592135,11577,11577,0,0,0,-0.5739107131958008,0,0.010989189147949219,0,-0.014652252197265625
6240581499,11594124,11579,11579,0,0,0,-0.5739107131958008,0,-0.010989189147949219,0,-0.014652252197265625
6241763941,11595131,11580,11580,0,0,0,-0.5739107131958008,0,-0.010989189147949219,0,-0.014652252197265625
6242946383,11596121,11581,11581,0,0,0,-0.5739107131958008,0,0.01831531524658203,0,-0.014652252197265625
6244128825,11597121,11582,11582,0,0,0,-0.5739107131958008,0,-0.0036630630493164062,0,-0.0048847198486328125
6245311267,11598122,11583,11583,0,0,0,-0.5739107131958008,0,-0.010989189147949219,0,-0.014652252197265625
6246493709,11599125,11584,11584,0,0,0,-0.5739107131958008,0,-0.0036630630493164062,0,-0.014652252197265625
6247676151,11600130,11585,11585,0,0,0,-0.5739107131958008,0,-0.010989189147949219,0,-0.0048847198486328125
6248858593,11601123,11586,11586,0,0,0,-0.5739107131958008,0,-0.0036630630493164062,0,-0.014652252197265625
6250041035,11602120,11587,11587,0,0,0,-0.5739107131958008,0,-0.0036630630493164062,0,-0.014652252197265625
6251223477,11603123,11589,11589,0,0,0,-0.5739107131958008,0,-0.010989189147949219,0,-0.014652252197265625
6252405919,11605137,11590,11590,0,0,0,-0.5739107131958008,0,-0.0036630630493164062,0,-0.0048847198486328125
6253588361,11606135,11591,11591,0,0,0,-0.5739107131958008,0,-0.010989189147949219,0,-0.0048847198486328125
6254770803,11607129,11592,11592,0,0,0,-0.5739107131958008,0,0.0036630630493164062,0,-0.0048847198486328125
6255953245,11608121,11593,11593,0,0,0,-0.5739107131958008,0,-0.0036630630493164062,0,-0.0048847198486328125
6257135687,11609121,11594,11594,0,0,0,-0.5739107131958008,0,0.010989189147949219,0,-0.0048847198486328125
6259259170,11613121,11598,11598,0,0,0,-0.5739107131958008,0,-0.0036630630493164062,0,-0.014652252197265625
6261382632,11615133,11600,11600,0,0,0,-0.5739107131958008,0,0.0036630630493164062,0,-0.014652252197265625
6263506094,11616122,11602,11602,0,0,0,-0.5739107131958008,0,0.010989189147949219,0,-0.014652252197265625
6265629556,11618120,11603,11603,0,0,0,-0.5739107131958008,0,-0.0036630630493164062,0,-0.0048847198486328125
6267753018,11620139,11605,11605,0,0,0,-0.5739107131958008,0,-0.010989189147949219,0,-0.0048847198486328125
6269876480,11622120,11607,11607,0,0,0,-0.5739107131958008,0,0.0036630630493164062,0,-0.0048847198486328125
6271999942,11624122,11609,11609,0,0,0,-0.5739107131958008,0,-0.0036630630493164062,0,-0.0048847198486328125
6274123404,11625129,11610,11610,0,0,0,-0.5739107131958008,0,-0.010989189147949219,0,-0.0048847198486328125
6276246866,11627123,11612,11613,0,0,0,-0.5739107131958008,0,0.010989189147949219,0,-0.0048847198486328125
6278370328,11629121,11614,11614,0,0,0,-0.5739107131958008,0,-0.01831531524658203,0,-0.0048847198486328125
6280493790,11632123,11617,11617,0,0,0,-0.5739107131958008,0,-0.0036630630493164062,0,-0.0048847198486328125
6282617252,11634135,11619,11619,0,0,0,-0.5739107131958008,0,-0.010989189147949219,0,-0.014652252197265625
6284740714,11635133,11620,11620,0,0,0,-0.5739107131958008,0,0.0036630630493164062,0,-0.0048847198486328125
6286864176,11638120,11623,11623,0,0,0,-0.5739107131958008,0,-0.0036630630493164062,0,-0.014652252197265625
6288987638,11640123,11625,11625,0,0,0,-0.5739107131958008,0,-0.0036630630493164062,0,-0.014652252197265625
6291111100,11642120,11627,11627,0,0,0,-0.5739107131958008,0,-0.0036630630493164062,0,-0.014652252197265625
6292832080,11645131,11630,11630,0,0,0,-0.5739107131958008,0,0.0036630630493164062,0,-0.014652252197265625
6294553060,11647129,11632,11632,0,0,0,-0.5739107131958008,0,-0.0036630630493164062,0,-0.014652252197265625
6296274040,11649129,11634,11634,0,0,0,-0.5739107131958008,0,-0.0036630630493164062,0,-0.0048847198486328125
6297995020,11651121,11636,11636,0,0,0,-0.5739107131958008,0,0.0036630630493164062,0,-0.0048847198486328125
6299716000,11652126,11637,11637,0,0,0,-0.5739107131958008,0,0.0036630630493164062,0,-0.0048847198486328125
6301436980,11654120,11639,11639,0,0,0,-0.5739107131958008,0,-0.0036630630493164062,0,0.0048847198486328125
6303157960,11656121,11641,11641,0,0,0,-0.5739107131958008,0,0.0036630630493164062,0,-0.0048847198486328125
6304878940,11657125,11642,11642,0,0,0,-0.5739107131958008,0,0.0036630630493164062,0,-0.0048847198486328125
6306599920,11658120,11643,11643,0,0,0,-0.5739107131958008,0,-0.01831531524658203,0,-0.014652252197265625
6308320900,11660120,11645,11645,0,0,0,-0.5739107131958008,0,-0.010989189147949219,0,-0.014652252197265625
6310041880,11661130,11646,11646,0,0,0,-0.5739107131958008,0,-0.0036630630493164062,0,-0.0048847198486328125
6311762860,11664121,11649,11649,0,0,0,-0.5739107131958008,0,0.0036630630493164062,0,-0.0048847198486328125
6313483840,11665133,11650,11650,0,0,0,-0.5739107131958008,0,-0.0036630630493164062,0,-0.014652252197265625
6315204820,11667121,11652,11652,0,0,0,-0.5739107131958008,0,-0.010989189147949219,0,-0.0048847198486328125
6316925800,11668120,11653,11653,0,0,0,-0.5739107131958008,0,-0.010989189147949219,0,-0.0048847198486328125
6318923825,11672121,11657,11657,0,0,0,-0.5739107131958008,0,-0.0036630630493164062,0,-0.0048847198486328125
6320921850,11674121,11659,11659,0,0,0,-0.5739107131958008,0,0.0036630630493164062,0,-0.0048847198486328125
6322919875,11675137,11660,11660,0,0,0,-0.5739107131958008,0,0.0036630630493164062,0,-0.014652252197265625
6324917900,11679121,11664,11664,0,0,0,-0.5739107131958008,0,-0.010989189147949219,0,-0.0048847198486328125
6326915925,11681125,11666,11666,0,0,0,-0.5739107131958008,0,-0.010989189147949219,0,-0.024419784545898438
6328913950,11682122,11667,11667,0,0,0,-0.5739107131958008,0,-0.010989189147949219,0,-0.014652252197265625
6330911975,11684120,11669,11669,0,0,0,-0.5739107131958008,0,-0.0036630630493164062,0,-0.014652252197265625
6332910000,11685131,11670,11670,0,0,0,-0.5739107131958008,0,-0.0036630630493164062,0,-0.014652252197265625
6334908025,11686124,11671,11672,0,0,0,-0.5739107131958008,0,0.0036630630493164062,0,-0.0048847198486328125
6336906050,11688120,11673,11674,0,0,0,-0.5739107131958008,0,-0.0036630630493164062,0,-0.014652252197265625
6338904075,11690137,11675,11675,0,0,0,-0.5739107131958008,0,-0.010989189147949219,0,-0.014652252197265625
6340902100,11692120,11677,11677,0,0,0,-0.5739107131958008,0,-0.0036630630493164062,0,-0.014652252197265625
6342900125,11695129,11680,11680,0,0,0,-0.5739107131958008,0,0.0036630630493164062,0,-0.014652252197265625
6344898150,11697121,11682,11682,0,0,0,-0.5739107131958008,0,0.0036630630493164062,0,-0.014652252197265625
6346896175,11699125,11684,11684,0,0,0,-0.5739107131958008,0,0.0036630630493164062,0,-0.014652252197265625
6348894200,11700130,11685,11685,0,0,0,-0.5739107131958008,0,-0.010989189147949219,0,-0.0048847198486328125
6350874805,11705133,11690,11690,0,0,0,-0.5739107131958008,0,0.0036630630493164062,0,-0.0048847198486328125
6352855398,11707125,11692,11692,0,0,0,-0.5739107131958008,0,-0.0036630630493164062,0,-0.0048847198486328125
6354835991,11710124,11695,11695,0,0,0,-0.5739107131958008,0,0.0036630630493164062,0,-0.0048847198486328125
6356816584,11711123,11696,11696,0,0,0,-0.5739107131958008,0,0.010989189147949219,0,-0.0048847198486328125
6358797177,11712120,11697,11698,0,0,0,-0.5739107131958008,0,0.0036630630493164062,0,0.0048847198486328125
6360777770,11714122,11699,11699,0,0,0,-0.5739107131958008,0,-0.0036630630493164062,0,-0.0048847198486328125
6362758363,11716120,11701,11701,0,0,0,-0.5739107131958008,0,-0.0036630630493164062,0,-0.0048847198486328125
6364738956,11718136,11703,11703,0,0,0,-0.5739107131958008,0,-0.0036630630493164062,0,0.0048847198486328125
6366719549,11720120,11705,11705,0,0,0,-0.5739107131958008,0,-0.0036630630493164062,0,-0.0048847198486328125
6368700142,11722120,11707,11707,0,0,0,-0.5739107131958008,0,0.0036630630493164062,0,-0.0048847198486328125
6370680735,11724121,11709,11709,0,0,0,-0.5739107131958008,0,0.0036630630493164062,0,-0.0048847198486328125
6372661328,11725129,11710,11710,0,0,0,-0.5739107131958008,0,0.0036630630493164062,0,-0.014652252197265625
6374641921,11727123,11712,11712,0,0,0,-0.5739107131958008,0,-0.010989189147949219,0,-0.0048847198486328125
6376622514,11729121,11714,11714,0,0,0,-0.5739107131958008,0,0.0036630630493164062,0,-0.0048847198486328125
6378603107,11730120,11715,11715,0,0,0,-0.5739107131958008,0,-0.010989189147949219,0,-0.0048847198486328125
6380583700,11732138,11717,11717,0,0,0,-0.5739107131958008,0,-0.010989189147949219,0,-0.0048847198486328125
6382520810,11735131,11720,11720,0,0,0,-0.5739107131958008,0,0.010989189147949219,0,-0.0048847198486328125
6384457916,11737121,11722,11722,0,0,0,-0.5739107131958008,0,-0.0036630630493164062,0,-0.0048847198486328125
6386395022,11738120,11723,11723,0,0,0,-0.5739107131958008,0,-0.0036630630493164062,0,-0.0048847198486328125
6388332128,11740122,11725,11725,0,0,0,-0.5739107131958008,0,-0.0036630630493164062,0,-0.0048847198486328125
6390269234,11742120,11727,11727,0,0,0,-0.5739107131958008,0,-0.0036630630493164062,0,-0.014652252197265625
6392206340,11743122,11728,11728,0,0,0,-0.5739107131958008,0,-0.010989189147949219,0,-0.0048847198486328125
6394143446,11745137,11730,11730,0,0,0,-0.5739107131958008,0,-0.010989189147949219,0,-0.0048847198486328125
6396080552,11746134,11732,11732,0,0,0,-0.5739107131958008,0,-0.010989189147949219,0,-0.0048847198486328125
6398017658,11749121,11734,11734,0,0,0,-0.5739107131958008,0,0.0036630630493164062,0,-0.0048847198486328125
6399954764,11750129,11735,11735,0,0,0,-0.5739107131958008,0,0.0036630630493164062,0,-0.014652252197265625
6401891870,11752126,11737,11737,0,0,0,-0.5739107131958008,0,-0.0036630630493164062,0,-0.014652252197265625
6403828976,11754120,11739,11739,0,0,0,-0.5739107131958008,0,-0.010989189147949219,0,-0.0048847198486328125
6405766082,11756122,11741,11741,0,0,0,-0.5739107131958008,0,0.0036630630493164062,0,0.0048847198486328125
6407703188,11758121,11743,11743,0,0,0,-0.5739107131958008,0,-0.010989189147949219,0,-0.0048847198486328125
6409640294,11760139,11745,11745,0,0,0,-0.5739107131958008,0,-0.0036630630493164062,0,-0.014652252197265625
6411577400,11762120,11747,11747,0,0,0,-0.5739107131958008,0,0.010989189147949219,0,-0.024419784545898438
6413594930,11767120,11752,11752,0,0,0,-0.5739107131958008,0,-0.010989189147949219,0,-0.014652252197265625
6415612448,11769123,11754,11754,0,0,0,-0.5739107131958008,0,-0.0036630630493164062,0,-0.0048847198486328125
6417629966,11771121,11756,11756,0,0,0,-0.5739107131958008,0,0.0036630630493164062,0,-0.0048847198486328125
6419647484,11773132,11758,11758,0,0,0,-0.5739107131958008,0,-0.0036630630493164062,0,-0.0048847198486328125
6421665002,11775133,11760,11760,0,0,0,-0.5739107131958008,0,-0.0036630630493164062,0,-0.0048847198486328125
6423682520,11777123,11762,11762,0,0,0,-0.5739107131958008,0,-0.0036630630493164062,0,-0.014652252197265625
6425700038,11778120,11763,11763,0,0,0,-0.5739107131958008,0,-0.010989189147949219,0,-0.0048847198486328125
6427717556,11780120,11765,11766,0,0,0,-0.5739107131958008,0,-0.010989189147949219,0,-0.014652252197265625
6429735074,11782120,11767,11767,0,0,0,-0.5739107131958008,0,0.010989189147949219,0,-0.014652252197265625
6431752592,11785131,11770,11770,0,0,0,-0.5739107131958008,0,-0.010989189147949219,0,-0.014652252197265625
6433770110,11786124,11771,11771,0,0,0,-0.5739107131958008,0,0.0036630630493164062,0,-0.014652252197265625
6435787628,11788135,11773,11773,0,0,0,-0.5739107131958008,0,-0.0036630630493164062,0,-0.014652252197265625
6437805146,11789129,11774,11774,0,0,0,-0.5739107131958008,0,-0.0036630630493164062,0,-0.014652252197265625
6439822664,11791120,11776,11776,0,0,0,-0.5739107131958008,0,-0.0036630630493164062,0,-0.014652252197265625
6441840182,11793122,11778,11778,0,0,0,-0.5739107131958008,0,-0.010989189147949219,0,-0.0048847198486328125
6443857700,11794124,11779,11779,0,0,0,-0.5739107131958008,0,-0.0036630630493164062,0,-0.014652252197265625
6446318096,11801132,11786,11786,0,0,0,-0.5739107131958008,0,-0.010989189147949219,0,-0.014652252197265625
6448778482,11803126,11788,11788,0,0,0,-0.5739107131958008,0,0.0036630630493164062,0,-0.0048847198486328125
6451238868,11805129,11790,11790,0,0,0,-0.5739107131958008,0,-0.0036630630493164062,0,-0.024419784545898438
6453699254,11808121,11793,11793,0,0,0,-0.5739107131958008,0,-0.0036630630493164062,0,-0.014652252197265625
6456159640,11810124,11795,11795,0,0,0,-0.5739107131958008,0,0.010989189147949219,0,-0.0048847198486328125
6458620026,11812120,11797,11798,0,0,0,-0.5739107131958008,0,-0.010989189147949219,0,-0.0048847198486328125
6461080412,11815141,11800,11800,0,0,0,-0.5739107131958008,0,-0.0036630630493164062,0,0.0048847198486328125
6463540798,11817125,11802,11802,0,0,0,-0.5739107131958008,0,-0.0036630630493164062,0,-0.0048847198486328125
6466001184,11819123,11804,11804,0,0,0,-0.5739107131958008,0,-0.010989189147949219,0,-0.0048847198486328125
6468461570,11821121,11806,11806,0,0,0,-0.5739107131958008,0,-0.0036630630493164062,0,-0.014652252197265625
6470921956,11822122,11807,11807,0,0,0,-0.5739107131958008,0,0.010989189147949219,0,-0.014652252197265625
6473382342,11824120,11809,11809,0,0,0,-0.5739107131958008,0,-0.010989189147949219,0,-0.014652252197265625
6475842728,11826124,11811,11811,0,0,0,-0.5739107131958008,0,-0.010989189147949219,0,-0.014652252197265625
6478303114,11828120,11813,11813,0,0,0,-0.5739107131958008,0,-0.0036630630493164062,0,0.0048847198486328125
6480763500,11830137,11815,11815,0,0,0,-0.5739107131958008,0,0.0036630630493164062,0,0.0048847198486328125
6483460416,11843130,11828,11828,0,0,0,-0.5739107131958008,0,0.0036630630493164062,0,-0.0048847198486328125
6485708855,11844139,11829,11829,0,0,0,-0.5739107131958008,0,-0.0036630630493164062,0,-0.014652252197265625
6487957294,11846120,11831,11831,0,0,0,-0.5739107131958008,0,-0.010989189147949219,0,-0.014652252197265625
6490205733,11848122,11833,11833,0,0,0,-0.5739107131958008,0,-0.010989189147949219,0,-0.0048847198486328125
6492454172,11850128,11835,11835,0,0,0,-0.5739107131958008,0,-0.01831531524658203,0,-0.0048847198486328125
6494702611,11852127,11837,11837,0,0,0,-0.5739107131958008,0,0.0036630630493164062,0,-0.0048847198486328125
6496951050,11854120,11839,11839,0,0,0,-0.5739107131958008,0,-0.010989189147949219,0,-0.014652252197265625
6499199489,11856122,11841,11841,0,0,0,-0.5739107131958008,0,-0.010989189147949219,0,-0.014652252197265625
6501447928,11859127,11844,11844,0,0,0,-0.5739107131958008,0,0.010989189147949219,0,-0.024419784545898438
6503696367,11861121,11846,11846,0,0,0,-0.5739107131958008,0,-0.010989189147949219,0,-0.014652252197265625
6505944806,11863121,11848,11848,0,0,0,-0.5739107131958008,0,-0.010989189147949219,0,-0.0048847198486328125
6508193245,11865129,11850,11850,0,0,0,-0.5739107131958008,0,-0.0036630630493164062,0,-0.0048847198486328125
6510441684,11867121,11852,11852,0,0,0,-0.5739107131958008,0,-0.0036630630493164062,0,-0.0048847198486328125
6512690123,11870120,11855,11855,0,0,0,-0.5739107131958008,0,-0.010989189147949219,0,-0.0048847198486328125
6514938562,11872137,11857,11857,0,0,0,-0.5739107131958008,0,-0.0036630630493164062,0,0.0048847198486328125
6517187001,11873128,11858,11858,0,0,0,-0.5739107131958008,0,-0.0036630630493164062,0,0.0048847198486328125
6519435440,11874120,11859,11859,0,0,0,-0.5739107131958008,0,-0.0036630630493164062,0,-0.0048847198486328125
6521683879,11875129,11860,11860,0,0,0,-0.5739107131958008,0,-0.01831531524658203,0,-0.0048847198486328125
6523932318,11876124,11861,11862,0,0,0,-0.5739107131958008,0,-0.010989189147949219,0,-0.014652252197265625
6526180757,11879121,11864,11864,0,0,0,-0.5739107131958008,0,0.0036630630493164062,0,-0.014652252197265625
6528429196,11880122,11865,11866,0,0,0,-0.5739107131958008,0,-0.0036630630493164062,0,-0.014652252197265625
6530677635,11882120,11867,11867,0,0,0,-0.5739107131958008,0,0.0036630630493164062,0,-0.0048847198486328125
6532926074,11883120,11868,11868,0,0,0,-0.5739107131958008,0,-0.0036630630493164062,0,-0.0048847198486328125
6535174513,11885138,11870,11870,0,0,0,-0.5739107131958008,0,-0.0036630630493164062,0,-0.0048847198486328125
6537422952,11887125,11872,11872,0,0,0,-0.5739107131958008,0,-0.0036630630493164062,0,-0.0048847198486328125
6539671391,11890120,11875,11875,0,0,0,-0.5739107131958008,0,-0.010989189147949219,0,-0.014652252197265625
6541853525,11896122,11881,11881,0,0,0,-0.5739107131958008,0,0.0036630630493164062,0,-0.0048847198486328125
6544035650,11898121,11883,11883,0,0,0,-0.5739107131958008,0,-0.0036630630493164062,0,-0.024419784545898438
6546217775,11900144,11885,11885,0,0,0,-0.5739107131958008,0,-0.0036630630493164062,0,-0.024419784545898438
6548399900,11902124,11887,11887,0,0,0,-0.5739107131958008,0,0.0036630630493164062,0,-0.014652252197265625
6550582025,11904120,11889,11889,0,0,0,-0.5739107131958008,0,0.0036630630493164062,0,-0.014652252197265625
6552764150,11907121,11892,11892,0,0,0,-0.5739107131958008,0,-0.0036630630493164062,0,-0.0048847198486328125
6554946275,11909123,11894,11894,0,0,0,-0.5739107131958008,0,-0.010989189147949219,0,-0.014652252197265625
6557128400,11910124,11895,11895,0,0,0,-0.5739107131958008,0,-0.0036630630493164062,0,-0.014652252197265625
6559310525,11913132,11898,11898,0,0,0,-0.5739107131958008,0,-0.0036630630493164062,0,-0.0048847198486328125
6561492650,11915133,11900,11900,0,0,0,-0.5739107131958008,0,-0.01831531524658203,0,-0.0048847198486328125
6563674775,11916120,11901,11901,0,0,0,-0.5739107131958008,0,0.0036630630493164062,0,-0.0048847198486328125
6565856900,11918124,11903,11903,0,0,0,-0.5739107131958008,0,0.010989189147949219,0,-0.0048847198486328125
6568039025,11920120,11905,11905,0,0,0,-0.5739107131958008,0,-0.010989189147949219,0,-0.014652252197265625
6570221150,11921121,11906,11907,0,0,0,-0.5739107131958008,0,-0.010989189147949219,0,-0.014652252197265625
6572403275,11924120,11909,11909,0,0,0,-0.5739107131958008,0,0.0036630630493164062,0,-0.014652252197265625
6574585400,11925129,11910,11910,0,0,0,-0.5739107131958008,0,0.0036630630493164062,0,-0.0048847198486328125
6576450504,11930122,11915,11915,0,0,0,-0.5739107131958008,0,-0.0036630630493164062,0,-0.014652252197265625
6578315596,11933121,11918,11918,0,0,0,-0.5739107131958008,0,-0.0036630630493164062,0,-0.024419784545898438
6580180688,11935131,11920,11920,0,0,0,-0.5739107131958008,0,-0.0036630630493164062,0,-0.014652252197265625
6582045780,11939125,11924,11924,0,0,0,-0.5739107131958008,0,-0.0036630630493164062,0,-0.014652252197265625
6583910872,11940120,11925,11925,0,0,0,-0.5739107131958008,0,-0.010989189147949219,0,-0.014652252197265625
6585775964,11941128,11926,11926,0,0,0,-0.5739107131958008,0,0.0036630630493164062,0,-0.014652252197265625
6587641056,11943126,11928,11928,0,0,0,-0.5739107131958008,0,0.0036630630493164062,0,-0.014652252197265625
6589506148,11944120,11929,11929,0,0,0,-0.5739107131958008,0,-0.010989189147949219,0,-0.0048847198486328125
6591371240,11945129,11930,11930,0,0,0,-0.5739107131958008,0,-0.010989189147949219,0,-0.0048847198486328125
6593236332,11947124,11932,11932,0,0,0,-0.5739107131958008,0,-0.010989189147949219,0,-0.014652252197265625
6595101424,11948120,11933,11933,0,0,0,-0.5739107131958008,0,-0.010989189147949219,0,-0.014652252197265625
6596966516,11949121,11934,11934,0,0,0,-0.5739107131958008,0,-0.0036630630493164062,0,-0.014652252197265625
6598831608,11950128,11935,11936,0,0,0,-0.5739107131958008,0,0.0036630630493164062,0,-0.014652252197265625
6600696700,11952122,11937,11937,0,0,0,-0.5739107131958008,0,0.0036630630493164062,0,-0.014652252197265625
6602394755,11959123,11944,11944,0,0,0,-0.5739107131958008,0,0.0036630630493164062,0,-0.0048847198486328125
6604092798,11960125,11945,11945,0,0,0,-0.5739107131958008,0,-0.010989189147949219,0,-0.0048847198486328125
6605790841,11961121,11947,11947,0,0,0,-0.5739107131958008,0,-0.010989189147949219,0,-0.0048847198486328125
6607488884,11963125,11948,11948,0,0,0,-0.5739107131958008,0,0.0036630630493164062,0,-0.014652252197265625
6609186927,11964123,11949,11949,0,0,0,-0.5739107131958008,0,-0.0036630630493164062,0,-0.014652252197265625
6610884970,11966120,11951,11951,0,0,0,-0.5739107131958008,0,-0.010989189147949219,0,-0.014652252197265625
6612583013,11967123,11952,11952,0,0,0,-0.5739107131958008,0,0.0036630630493164062,0,-0.0048847198486328125
6614281056,11968124,11953,11953,0,0,0,-0.5739107131958008,0,-0.010989189147949219,0,-0.0048847198486328125
6615979099,11969129,11955,11955,0,0,0,-0.5739107131958008,0,0.0036630630493164062,0,-0.0048847198486328125
6617677142,11971128,11956,11956,0,0,0,-0.5739107131958008,0,0.0036630630493164062,0,-0.014652252197265625
6619375185,11972122,11957,11957,0,0,0,-0.5739107131958008,0,-0.0036630630493164062,0,-0.014652252197265625
6621073228,11973121,11959,11959,0,0,0,-0.5739107131958008,0,-0.010989189147949219,0,-0.014652252197265625
6622771271,11975131,11960,11960,0,0,0,-0.5739107131958008,0,-0.010989189147949219,0,-0.0048847198486328125
6624469314,11976124,11961,11961,0,0,0,-0.5739107131958008,0,-0.0036630630493164062,0,-0.0048847198486328125
6626167357,11978120,11963,11963,0,0,0,-0.5739107131958008,0,-0.010989189147949219,0,-0.0048847198486328125
6627865400,11979121,11964,11964,0,0,0,-0.5739107131958008,0,-0.0036630630493164062,0,0.0048847198486328125
6629213200,11982120,11967,11967,0,0,0,-0.5739107131958008,0,-0.0036630630493164062,0,-0.0048847198486328125
6630561000,11983128,11968,11968,0,0,0,-0.5739107131958008,0,-0.010989189147949219,0,0.0048847198486328125
6631908800,11985133,11970,11970,0,0,0,-0.5739107131958008,0,0.0036630630493164062,0,-0.014652252197265625
6633256600,11986120,11971,11971,0,0,0,-0.5739107131958008,0,-0.010989189147949219,0,-0.0048847198486328125
6634604400,11987121,11972,11972,0,0,0,-0.5739107131958008,0,-0.010989189147949219,0,-0.0048847198486328125
6635952200,11988122,11973,11973,0,0,0,-0.5739107131958008,0,-0.0036630630493164062,0,-0.0048847198486328125
6637300000,11989125,11974,11974,0,0,0,-0.5739107131958008,0,0.0036630630493164062,0,-0.014652252197265625
6638647800,11991120,11976,11976,0,0,0,-0.5739107131958008,0,0.0036630630493164062,0,-0.0048847198486328125
6639995600,11992125,11977,11977,0,0,0,-0.5739107131958008,0,0.0036630630493164062,0,-0.014652252197265625
6641343400,11993123,11978,11979,0,0,0,-0.5739107131958008,0,0.0036630630493164062,0,-0.014652252197265625
6642691200,11995130,11980,11980,0,0,0,-0.5739107131958008,0,-0.0036630630493164062,0,-0.014652252197265625
6644039000,11996123,11981,11981,0,0,0,-0.5739107131958008,0,0.010989189147949219,0,-0.014652252197265625
6645386800,11997132,11982,11982,0,0,0,-0.5739107131958008,0,-0.010989189147949219,0,0.0048847198486328125
6646734600,11998135,11983,11984,0,0,0,-0.5739107131958008,0,-0.0036630630493164062,0,-0.0048847198486328125
6648082400,12000132,11985,11985,0,0,0,-0.5739107131958008,0,-0.0036630630493164062,0,0.0048847198486328125
6649430200,12001125,11986,11986,0,0,0,-0.5739107131958008,0,0.0036630630493164062,0,-0.0048847198486328125
6650853510,12004122,11989,11989,0,0,0,-0.5739107131958008,0,-0.0036630630493164062,0,-0.014652252197265625
6652276816,12005133,11990,11990,0,0,0,-0.5739107131958008,0,-0.010989189147949219,0,-0.014652252197265625
6653700122,12007121,11992,11992,0,0,0,-0.5739107131958008,0,0.0036630630493164062,0,-0.0048847198486328125
6655123428,12008121,11993,11993,0,0,0,-0.5739107131958008,0,-0.010989189147949219,0,-0.0048847198486328125
6656546734,12009123,11994,11994,0,0,0,-0.5739107131958008,0,-0.0036630630493164062,0,-0.014652252197265625
6657970040,12011129,11996,11996,0,0,0,-0.5739107131958008,0,-0.0036630630493164062,0,-0.0048847198486328125
6659393346,12012136,11997,11997,0,0,0,-0.5739107131958008,0,0.0036630630493164062,0,-0.014652252197265625
6660816652,12014120,11999,11999,0,0,0,-0.5739107131958008,0,-0.0036630630493164062,0,-0.014652252197265625
6662239958,12015129,12000,12000,0,0,0,-0.5739107131958008,0,-0.0036630630493164062,0,-0.014652252197265625
6663663264,12016121,12001,12001,0,0,0,-0.5739107131958008,0,-0.010989189147949219,0,-0.014652252197265625
6665086570,12017123,12003,12003,0,0,0,-0.5739107131958008,0,-0.010989189147949219,0,-0.014652252197265625
6666509876,12019121,12004,12004,0,0,0,-0.5739107131958008,0,-0.0036630630493164062,0,-0.014652252197265625
6667933182,12020120,12005,12005,0,0,0,-0.5739107131958008,0,-0.010989189147949219,0,-0.014652252197265625
6669356488,12021125,12006,12006,0,0,0,-0.5739107131958008,0,-0.010989189147949219,0,-0.014652252197265625
6670779794,12022122,12007,12007,0,0,0,-0.5739107131958008,0,-0.010989189147949219,0,-0.0048847198486328125
6672203100,12024120,12009,12009,0,0,0,-0.5739107131958008,0,0.0036630630493164062,0,-0.0048847198486328125
6673735550,12027126,12012,12012,0,0,0,-0.5739107131958008,0,0.0036630630493164062,0,-0.0048847198486328125
6675268000,12029123,12014,12014,0,0,0,-0.5739107131958008,0,-0.010989189147949219,0,-0.014652252197265625
6676800450,12030122,12015,12015,0,0,0,-0.5739107131958008,0,0.0036630630493164062,0,-0.014652252197265625
6678332900,12031120,12016,12016,0,0,0,-0.5739107131958008,0,-0.010989189147949219,0,-0.014652252197265625
6679865350,12033122,12018,12018,0,0,0,-0.5739107131958008,0,-0.010989189147949219,0,-0.014652252197265625
6681397800,12034124,12019,12019,0,0,0,-0.5739107131958008,0,0.0036630630493164062,0,-0.014652252197265625
6682930250,12035130,12020,12020,0,0,0,-0.5739107131958008,0,-0.010989189147949219,0,-0.014652252197265625
6684462700,12037121,12022,12022,0,0,0,-0.5739107131958008,0,-0.0036630630493164062,0,-0.014652252197265625
6685995150,12038122,12023,12023,0,0,0,-0.5739107131958008,0,0.0036630630493164062,0,-0.014652252197265625
6687527600,12039129,12024,12024,0,0,0,-0.5739107131958008,0,-0.010989189147949219,0,-0.014652252197265625
6689060050,12041124,12026,12026,0,0,0,-0.5739107131958008,0,0.0036630630493164062,0,-0.014652252197265625
6690592500,12042124,12027,12027,0,0,0,-0.5739107131958008,0,0.0036630630493164062,0,-0.014652252197265625
6692124950,12043121,12028,12028,0,0,0,-0.5739107131958008,0,-0.0036630630493164062,0,-0.024419784545898438
6693657400,12046122,12031,12031,0,0,0,-0.5739107131958008,0,-0.0036630630493164062,0,-0.014652252197265625
6695189850,12047124,12032,12032,0,0,0,-0.5739107131958008,0,-0.0036630630493164062,0,-0.014652252197265625
6696722300,12048120,12033,12033,0,0,0,-0.5739107131958008,0,-0.0036630630493164062,0,-0.024419784545898438
6698360795,12051123,12036,12036,0,0,0,-0.5739107131958008,0,0.0036630630493164062,0,-0.0048847198486328125
6699999282,12053129,12038,12038,0,0,0,-0.5739107131958008,0,-0.0036630630493164062,0,-0.014652252197265625
6701637769,12054136,12039,12039,0,0,0,-0.5739107131958008,0,-0.010989189147949219,0,-0.014652252197265625
6703276256,12056120,12041,12041,0,0,0,-0.5739107131958008,0,0.0036630630493164062,0,-0.014652252197265625
6704914743,12057121,12042,12042,0,0,0,-0.5739107131958008,0,0.0036630630493164062,0,-0.014652252197265625
6706553230,12059123,12044,12044,0,0,0,-0.5739107131958008,0,0.0036630630493164062,0,-0.0048847198486328125
6708191717,12061121,12046,12046,0,0,0,-0.5739107131958008,0,-0.0036630630493164062,0,-0.0048847198486328125
6709830204,12062122,12047,12048,0,0,0,-0.5739107131958008,0,-0.0036630630493164062,0,0.014652252197265625
6711468691,12064121,12049,12049,0,0,0,-0.5739107131958008,0,-0.010989189147949219,0,0.0048847198486328125
6713107178,12065129,12050,12050,0,0,0,-0.5739107131958008,0,-0.0036630630493164062,0,0.0048847198486328125
6714745665,12067130,12052,12052,0,0,0,-0.5739107131958008,0,-0.0036630630493164062,0,0.0048847198486328125
6716384152,12068135,12053,12053,0,0,0,-0.5739107131958008,0,-0.0036630630493164062,0,0.0048847198486328125
6718022639,12070120,12055,12055,0,0,0,-0.5739107131958008,0,-0.010989189147949219,0,-0.014652252197265625
6719661126,12071125,12056,12056,0,0,0,-0.5739107131958008,0,0.0036630630493164062,0,-0.014652252197265625
6721299613,12072120,12057,12057,0,0,0,-0.5739107131958008,0,-0.0036630630493164062,0,-0.0048847198486328125
6722938100,12074120,12059,12059,0,0,0,-0.5739107131958008,0,0.010989189147949219,0,-0.0048847198486328125
6724916995,12086120,12071,12071,0,0,0,-0.5739107131958008,0,-0.0036630630493164062,0,-0.0048847198486328125
6726895882,12087121,12072,12072,0,0,0,-0.5739107131958008,0,-0.010989189147949219,0,-0.0048847198486328125
6728874769,12088122,12073,12073,0,0,0,-0.5739107131958008,0,-0.0036630630493164062,0,-0.0048847198486328125
6730853656,12090120,12075,12075,0,0,0,-0.5739107131958008,0,-0.0036630630493164062,0,-0.014652252197265625
6732832543,12091122,12076,12076,0,0,0,-0.5739107131958008,0,-0.0036630630493164062,0,-0.014652252197265625
6734811430,12092124,12077,12077,0,0,0,-0.5739107131958008,0,-0.0036630630493164062,0,-0.014652252197265625
6736790317,12094120,12079,12079,0,0,0,-0.5739107131958008,0,-0.01831531524658203,0,-0.014652252197265625
6738769204,12095137,12080,12080,0,0,0,-0.5739107131958008,0,-0.010989189147949219,0,-0.014652252197265625
6740748091,12096138,12081,12081,0,0,0,-0.5739107131958008,0,0.0036630630493164062,0,-0.014652252197265625
6742726978,12098120,12083,12083,0,0,0,-0.5739107131958008,0,0.010989189147949219,0,-0.014652252197265625
6744705865,12099121,12084,12084,0,0,0,-0.5739107131958008,0,-0.010989189147949219,0,-0.014652252197265625
6746684752,12101123,12086,12086,0,0,0,-0.5739107131958008,0,-0.0036630630493164062,0,-0.014652252197265625
6748663639,12102120,12087,12087,0,0,0,-0.5739107131958008,0,-0.0036630630493164062,0,-0.014652252197265625
6750642526,12103121,12088,12088,0,0,0,-0.5739107131958008,0,0.0036630630493164062,0,-0.024419784545898438
6752621413,12105133,12090,12090,0,0,0,-0.5739107131958008,0,-0.0036630630493164062,0,-0.024419784545898438
6754600300,12106120,12091,12091,0,0,0,-0.5739107131958008,0,0.0036630630493164062,0,-0.024419784545898438
6756223325,12109131,12094,12094,0,0,0,-0.5739107131958008,0,-0.0036630630493164062,0,-0.014652252197265625
6757846350,12112122,12097,12097,0,0,0,-0.5739107131958008,0,-0.0036630630493164062,0,-0.0048847198486328125
6759469375,12113124,12098,12099,0,0,0,-0.5739107131958008,0,-0.0036630630493164062,0,-0.0048847198486328125
6761092400,12115129,12100,12100,0,0,0,-0.5739107131958008,0,-0.01831531524658203,0,-0.0048847198486328125
6762715425,12116120,12101,12101,0,0,0,-0.5739107131958008,0,-0.01831531524658203,0,-0.0048847198486328125
6764338450,12117123,12102,12103,0,0,0,-0.5739107131958008,0,0.0036630630493164062,0,-0.014652252197265625
6765961475,12120121,12105,12105,0,0,0,-0.5739107131958008,0,-0.010989189147949219,0,-0.0048847198486328125
6767584500,12122120,12107,12107,0,0,0,-0.5739107131958008,0,-0.0036630630493164062,0,-0.0048847198486328125
6769207525,12124135,12109,12109,0,0,0,-0.5739107131958008,0,-0.010989189147949219,0,0.0048847198486328125
6770830550,12125135,12110,12110,0,0,0,-0.5739107131958008,0,0.0036630630493164062,0,0.0048847198486328125
6772453575,12126120,12111,12111,0,0,0,-0.5739107131958008,0,-0.01831531524658203,0,0.0048847198486328125
6774076600,12127121,12112,12112,0,0,0,-0.5739107131958008,0,0.0036630630493164062,0,-0.0048847198486328125
6775699625,12128120,12114,12114,0,0,0,-0.5739107131958008,0,-0.010989189147949219,0,-0.0048847198486328125
6777322650,12130120,12115,12115,0,0,0,-0.5739107131958008,0,0.010989189147949219,0,-0.0048847198486328125
6778945675,12131120,12116,12116,0,0,0,-0.5739107131958008,0,-0.0036630630493164062,0,-0.0048847198486328125
6780568700,12132121,12117,12117,0,0,0,-0.5739107131958008,0,-0.010989189147949219,0,-0.014652252197265625
6782069680,12137131,12122,12122,0,0,0,-0.5739107131958008,0,-0.0036630630493164062,0,-0.014652252197265625
6783570648,12138137,12123,12123,0,0,0,-0.5739107131958008,0,-0.0036630630493164062,0,-0.014652252197265625
6785071616,12139125,12124,12124,0,0,0,-0.5739107131958008,0,-0.0036630630493164062,0,-0.014652252197265625
6786572584,12141122,12126,12126,0,0,0,-0.5739107131958008,0,-0.010989189147949219,0,-0.014652252197265625
6788073552,12142124,12127,12127,0,0,0,-0.5739107131958008,0,-0.0036630630493164062,0,-0.0048847198486328125
6789574520,12143121,12128,12128,0,0,0,-0.5739107131958008,0,-0.010989189147949219,0,-0.0048847198486328125
6791075488,12144120,12129,12129,0,0,0,-0.5739107131958008,0,-0.0036630630493164062,0,-0.0048847198486328125
6792576456,12145130,12130,12130,0,0,0,-0.5739107131958008,0,0.0036630630493164062,0,-0.014652252197265625
6794077424,12146122,12131,12132,0,0,0,-0.5739107131958008,0,-0.010989189147949219,0,-0.014652252197265625
6795578392,12148120,12133,12133,0,0,0,-0.5739107131958008,0,0.0036630630493164062,0,-0.0048847198486328125
6797079360,12149121,12134,12134,0,0,0,-0.5739107131958008,0,0.010989189147949219,0,-0.0048847198486328125
6798580328,12152137,12137,12137,0,0,0,-0.5739107131958008,0,-0.010989189147949219,0,-0.0048847198486328125
6800081296,12153125,12138,12138,0,0,0,-0.5739107131958008,0,-0.010989189147949219,0,-0.014652252197265625
6801582264,12154122,12139,12139,0,0,0,-0.5739107131958008,0,-0.010989189147949219,0,-0.014652252197265625
6803083232,12155129,12140,12140,0,0,0,-0.5739107131958008,0,-0.010989189147949219,0,-0.014652252197265625
6804584200,12156120,12141,12141,0,0,0,-0.5739107131958008,0,0.0036630630493164062,0,-0.0048847198486328125
6806208550,12159121,12144,12144,0,0,0,-0.5739107131958008,0,-0.0036630630493164062,0,-0.0048847198486328125
6807832900,12160120,12145,12145,0,0,0,-0.5739107131958008,0,-0.0036630630493164062,0,-0.0048847198486328125
6809457250,12161121,12146,12146,0,0,0,-0.5739107131958008,0,0.0036630630493164062,0,-0.0048847198486328125
6811081600,12163124,12148,12148,0,0,0,-0.5739107131958008,0,-0.010989189147949219,0,-0.0048847198486328125
6812705950,12166136,12151,12151,0,0,0,-0.5739107131958008,0,-0.010989189147949219,0,0.0048847198486328125
6814330300,12167127,12152,12152,0,0,0,-0.5739107131958008,0,-0.0036630630493164062,0,-0.014652252197265625
6815954650,12169121,12154,12154,0,0,0,-0.5739107131958008,0,-0.0036630630493164062,0,-0.014652252197265625
6817579000,12170122,12155,12155,0,0,0,-0.5739107131958008,0,-0.0036630630493164062,0,-0.014652252197265625
6819203350,12171124,12156,12156,0,0,0,-0.5739107131958008,0,-0.0036630630493164062,0,-0.014652252197265625
6820827700,12172121,12158,12158,0,0,0,-0.5739107131958008,0,-0.010989189147949219,0,-0.0048847198486328125
6822452050,12174121,12159,12159,0,0,0,-0.5739107131958008,0,-0.0036630630493164062,0,-0.0048847198486328125
6824076400,12175131,12160,12160,0,0,0,-0.5739107131958008,0,0.0036630630493164062,0,-0.0048847198486328125
6825700750,12177121,12162,12162,0,0,0,-0.5739107131958008,0,-0.0036630630493164062,0,-0.014652252197265625
6827325100,12178120,12163,12163,0,0,0,-0.5739107131958008,0,-0.0036630630493164062,0,-0.014652252197265625
6828949450,12180135,12165,12165,0,0,0,-0.5739107131958008,0,-0.010989189147949219,0,-0.014652252197265625
6830573800,12181124,12166,12166,0,0,0,-0.5739107131958008,0,-0.010989189147949219,0,-0.014652252197265625
6832715510,12187124,12172,12172,0,0,0,-0.5739107131958008,0,0.0036630630493164062,0,-0.024419784545898438
6834445909,12189120,12174,12174,0,0,0,-0.5739107131958008,0,-0.010989189147949219,0,-0.014652252197265625
6836176308,12194135,12179,12180,0,0,0,-0.5739107131958008,0,0.0036630630493164062,0,-0.0048847198486328125
6837906707,12200133,12185,12185,0,0,0,-0.5739107131958008,0,-0.010989189147949219,0,-0.0048847198486328125
6839637106,12203121,12188,12188,0,0,0,-0.5739107131958008,0,-0.010989189147949219,0,-0.014652252197265625
6841367505,12204123,12189,12189,0,0,0,-0.5739107131958008,0,-0.010989189147949219,0,-0.014652252197265625
6843097904,12205129,12190,12190,0,0,0,-0.5739107131958008,0,0.0036630630493164062,0,-0.014652252197265625
6844828303,12206120,12191,12191,0,0,0,-0.5739107131958008,0,-0.0036630630493164062,0,-0.014652252197265625
6846558702,12207128,12192,12192,0,0,0,-0.5739107131958008,0,0.0036630630493164062,0,-0.014652252197265625
6848289101,12208139,12193,12193,0,0,0,-0.5739107131958008,0,0.0036630630493164062,0,-0.014652252197265625
6850019500,12209125,12195,12195,0,0,0,-0.5739107131958008,0,-0.010989189147949219,0,-0.014652252197265625
6851749899,12211121,12196,12196,0,0,0,-0.5739107131958008,0,0.0036630630493164062,0,-0.014652252197265625
6853480298,12213120,12198,12198,0,0,0,-0.5739107131958008,0,0.0036630630493164062,0,-0.014652252197265625
6855210697,12214120,12199,12199,0,0,0,-0.5739107131958008,0,0.010989189147949219,0,-0.024419784545898438
6856941096,12215129,12200,12200,0,0,0,-0.5739107131958008,0,-0.010989189147949219,0,-0.014652252197265625
6858671495,12216124,12201,12201,0,0,0,-0.5739107131958008,0,0.0036630630493164062,0,-0.0048847198486328125
6860401894,12219121,12204,12204,0,0,0,-0.5739107131958008,0,0.0036630630493164062,0,-0.0048847198486328125
6862132293,12220122,12205,12205,0,0,0,-0.5739107131958008,0,-0.0036630630493164062,0,-0.0048847198486328125
6863862692,12221132,12206,12206,0,0,0,-0.5739107131958008,0,-0.0036630630493164062,0,-0.0048847198486328125
6865593091,12222135,12207,12207,0,0,0,-0.5739107131958008,0,-0.0036630630493164062,0,-0.0048847198486328125
6867323490,12223124,12209,12209,0,0,0,-0.5739107131958008,0,-0.01831531524658203,0,-0.0048847198486328125
6869053889,12225131,12210,12210,0,0,0,-0.5739107131958008,0,0.0036630630493164062,0,-0.0048847198486328125
6870784288,12226120,12211,12211,0,0,0,-0.5739107131958008,0,0.0036630630493164062,0,-0.014652252197265625
6872514687,12227121,12212,12213,0,0,0,-0.5739107131958008,0,-0.010989189147949219,0,-0.014652252197265625
6874245086,12229125,12214,12214,0,0,0,-0.5739107131958008,0,0.0036630630493164062,0,-0.014652252197265625
6875975485,12230120,12215,12215,0,0,0,-0.5739107131958008,0,0.0036630630493164062,0,-0.014652252197265625
6877705884,12231120,12216,12216,0,0,0,-0.5739107131958008,0,0.010989189147949219,0,-0.014652252197265625
6879436283,12232121,12217,12218,0,0,0,-0.5739107131958008,0,-0.010989189147949219,0,-0.0048847198486328125
6881166682,12234120,12219,12219,0,0,0,-0.5739107131958008,0,-0.010989189147949219,0,-0.0048847198486328125
6882897081,12235137,12220,12220,0,0,0,-0.5739107131958008,0,-0.0036630630493164062,0,-0.0048847198486328125
6884627480,12236135,12221,12221,0,0,0,-0.5739107131958008,0,0.010989189147949219,0,-0.0048847198486328125
6886003550,12239121,12224,12224,0,0,0,-0.5739107131958008,0,-0.0036630630493164062,0,-0.014652252197265625
6887379600,12240120,12225,12225,0,0,0,-0.5739107131958008,0,-0.0036630630493164062,0,-0.024419784545898438
6888755650,12242120,12227,12227,0,0,0,-0.5739107131958008,0,-0.0036630630493164062,0,-0.024419784545898438
6890131700,12245133,12230,12230,0,0,0,-0.5739107131958008,0,0.0036630630493164062,0,-0.024419784545898438
6891507750,12246120,12231,12232,0,0,0,-0.5739107131958008,0,-0.0036630630493164062,0,-0.014652252197265625
6892883800,12248120,12233,12233,0,0,0,-0.5739107131958008,0,-0.0036630630493164062,0,-0.014652252197265625
6894259850,12248120,12233,12233,0,0,0,-0.5739107131958008,0,-0.010989189147949219,0,-0.024419784545898438
6895635900,12249130,12234,12234,0,0,0,-0.5739107131958008,0,-0.0036630630493164062,0,-0.014652252197265625
6897011950,12250146,12235,12235,0,0,0,-0.5739107131958008,0,-0.0036630630493164062,0,-0.014652252197265625
6898388000,12251125,12236,12236,0,0,0,-0.5739107131958008,0,-0.0036630630493164062,0,-0.014652252197265625
6899764050,12252122,12237,12237,0,0,0,-0.5739107131958008,0,-0.0036630630493164062,0,-0.014652252197265625
6901140100,12253121,12238,12239,0,0,0,-0.5739107131958008,0,-0.010989189147949219,0,-0.0048847198486328125
6902516150,12255129,12240,12240,0,0,0,-0.5739107131958008,0,0.01831531524658203,0,-0.0048847198486328125
6903892200,12256120,12241,12241,0,0,0,-0.5739107131958008,0,-0.0036630630493164062,0,-0.0048847198486328125
6905268250,12257121,12242,12242,0,0,0,-0.5739107131958008,0,-0.0036630630493164062,0,-0.014652252197265625
6906644300,12258124,12243,12243,0,0,0,-0.5739107131958008,0,-0.0036630630493164062,0,-0.0048847198486328125
6907831550,12261121,12246,12247,0,0,0,-0.5739107131958008,0,-0.010989189147949219,0,-0.014652252197265625
6909069983,12263128,12248,12248,0,0,0,-0.5739107131958008,0,-0.0036630630493164062,0,-0.014652252197265625
6910308416,12264136,12249,12249,0,0,0,-0.5739107131958008,0,-0.010989189147949219,0,-0.014652252197265625
6911546849,12265133,12250,12250,0,0,0,-0.5739107131958008,0,0.0036630630493164062,0,-0.0048847198486328125
6912785282,12266124,12251,12251,0,0,0,-0.5739107131958008,0,-0.010989189147949219,0,-0.014652252197265625
6914023715,12267121,12252,12252,0,0,0,-0.5739107131958008,0,0.0036630630493164062,0,-0.014652252197265625
6915262148,12268121,12253,12253,0,0,0,-0.5739107131958008,0,-0.0036630630493164062,0,-0.014652252197265625
6916500581,12269121,12254,12254,0,0,0,-0.5739107131958008,0,-0.0036630630493164062,0,-0.014652252197265625
6917739014,12270122,12255,12255,0,0,0,-0.5739107131958008,0,-0.0036630630493164062,0,-0.014652252197265625
6918977447,12271121,12256,12256,0,0,0,-0.5739107131958008,0,-0.0036630630493164062,0,-0.0048847198486328125
6920215880,12272120,12257,12257,0,0,0,-0.5739107131958008,0,-0.010989189147949219,0,-0.0048847198486328125
6921454313,12273120,12258,12258,0,0,0,-0.5739107131958008,0,-0.010989189147949219,0,-0.0048847198486328125
6922692746,12274124,12259,12259,0,0,0,-0.5739107131958008,0,-0.0036630630493164062,0,-0.014652252197265625
6923931179,12275129,12260,12260,0,0,0,-0.5739107131958008,0,-0.0036630630493164062,0,-0.014652252197265625
6925169612,12276120,12261,12261,0,0,0,-0.5739107131958008,0,-0.010989189147949219,0,-0.014652252197265625
6926408045,12277129,12262,12262,0,0,0,-0.5739107131958008,0,-0.010989189147949219,0,-0.014652252197265625
6927646478,12280120,12265,12265,0,0,0,-0.5739107131958008,0,0.0036630630493164062,0,-0.0048847198486328125
6928884911,12281120,12266,12266,0,0,0,-0.5739107131958008,0,-0.01831531524658203,0,-0.0048847198486328125
6930123344,12282120,12267,12267,0,0,0,-0.5739107131958008,0,0.010989189147949219,0,-0.0048847198486328125
6931361777,12283123,12268,12268,0,0,0,-0.5739107131958008,0,-0.0036630630493164062,0,-0.0048847198486328125
6932600210,12284120,12269,12269,0,0,0,-0.5739107131958008,0,-0.0036630630493164062,0,-0.014652252197265625
6933838643,12285129,12270,12270,0,0,0,-0.5739107131958008,0,-0.0036630630493164062,0,-0.014652252197265625
6935077076,12287125,12272,12272,0,0,0,-0.5739107131958008,0,-0.0036630630493164062,0,-0.014652252197265625
6936315509,12289121,12274,12274,0,0,0,-0.5739107131958008,0,-0.0036630630493164062,0,-0.0048847198486328125
6937553942,12290120,12275,12275,0,0,0,-0.5739107131958008,0,-0.0036630630493164062,0,-0.0048847198486328125
6938792375,12291130,12276,12276,0,0,0,-0.5739107131958008,0,-0.0036630630493164062,0,-0.014652252197265625
6940030808,12293124,12278,12278,0,0,0,-0.5739107131958008,0,-0.0036630630493164062,0,-0.014652252197265625
6941269241,12294120,12279,12279,0,0,0,-0.5739107131958008,0,-0.010989189147949219,0,-0.0048847198486328125
6942507674,12295133,12280,12280,0,0,0,-0.5739107131958008,0,-0.0036630630493164062,0,-0.014652252197265625
6943746107,12296122,12281,12281,0,0,0,-0.5739107131958008,0,-0.010989189147949219,0,-0.014652252197265625
6944984540,12297121,12282,12282,0,0,0,-0.5739107131958008,0,-0.010989189147949219,0,-0.014652252197265625
6946222973,12298120,12283,12283,0,0,0,-0.5739107131958008,0,-0.010989189147949219,0,-0.014652252197265625
6947489855,12301123,12286,12286,0,0,0,-0.5739107131958008,0,-0.0036630630493164062,0,-0.014652252197265625
6948756698,12302120,12287,12287,0,0,0,-0.5739107131958008,0,-0.010989189147949219,0,-0.014652252197265625
6950023541,12304120,12289,12289,0,0,0,-0.5739107131958008,0,-0.0036630630493164062,0,-0.024419784545898438
6951290384,12305136,12290,12290,0,0,0,-0.5739107131958008,0,-0.0036630630493164062,0,-0.014652252197265625
6952557227,12306135,12291,12291,0,0,0,-0.5739107131958008,0,-0.010989189147949219,0,-0.014652252197265625
6953824070,12307127,12292,12292,0,0,0,-0.5739107131958008,0,-0.0036630630493164062,0,-0.014652252197265625
6955090913,12308124,12293,12293,0,0,0,-0.5739107131958008,0,-0.0036630630493164062,0,-0.024419784545898438
6956357756,12309121,12294,12294,0,0,0,-0.5739107131958008,0,0.0036630630493164062,0,-0.024419784545898438
6957624599,12310120,12295,12295,0,0,0,-0.5739107131958008,0,-0.010989189147949219,0,-0.014652252197265625
6958891442,12311121,12296,12296,0,0,0,-0.5739107131958008,0,-0.0036630630493164062,0,-0.014652252197265625
6960158285,12312122,12297,12297,0,0,0,-0.5739107131958008,0,-0.0036630630493164062,0,-0.014652252197265625
6961425128,12313121,12299,12299,0,0,0,-0.5739107131958008,0,-0.0036630630493164062,0,-0.014652252197265625
6962691971,12315129,12300,12300,0,0,0,-0.5739107131958008,0,-0.0036630630493164062,0,-0.0048847198486328125
6963958814,12316124,12301,12301,0,0,0,-0.5739107131958008,0,-0.010989189147949219,0,-0.0048847198486328125
6965225657,12317121,12302,12302,0,0,0,-0.5739107131958008,0,-0.010989189147949219,0,-0.0048847198486328125
6966492500,12318120,12303,12303,0,0,0,-0.5739107131958008,0,-0.010989189147949219,0,-0.0048847198486328125
6967614655,12320137,12305,12305,0,0,0,-0.5739107131958008,0,0.0036630630493164062,0,-0.0048847198486328125
6968736798,12321124,12306,12306,0,0,0,-0.5739107131958008,0,0.0036630630493164062,0,-0.0048847198486328125
6969858941,12322120,12307,12307,0,0,0,-0.5739107131958008,0,-0.0036630630493164062,0,-0.0048847198486328125
6970981084,12323121,12308,12308,0,0,0,-0.5739107131958008,0,-0.010989189147949219,0,-0.0048847198486328125
6972103227,12323121,12309,12309,0,0,0,-0.5739107131958008,0,0.0036630630493164062,0,-0.0048847198486328125
6973225370,12324123,12309,12309,0,0,0,-0.5739107131958008,0,-0.0036630630493164062,0,-0.0048847198486328125
6974347513,12325129,12310,12310,0,0,0,-0.5739107131958008,0,-0.0036630630493164062,0,-0.0048847198486328125
6975469656,12326120,12311,12311,0,0,0,-0.5739107131958008,0,-0.0036630630493164062,0,-0.014652252197265625
6976591799,12328122,12313,12313,0,0,0,-0.5739107131958008,0,-0.01831531524658203,0,-0.014652252197265625
6977713942,12329121,12314,12314,0,0,0,-0.5739107131958008,0,-0.010989189147949219,0,-0.0048847198486328125
6978836085,12330120,12315,12315,0,0,0,-0.5739107131958008,0,-0.010989189147949219,0,-0.0048847198486328125
6979958228,12331120,12316,12316,0,0,0,-0.5739107131958008,0,-0.0036630630493164062,0,-0.0048847198486328125
6981080371,12332126,12317,12317,0,0,0,-0.5739107131958008,0,0.0036630630493164062,0,-0.0048847198486328125
6982202514,12334135,12319,12319,0,0,0,-0.5739107131958008,0,0.0036630630493164062,0,-0.014652252197265625
6983324657,12335133,12320,12320,0,0,0,-0.5739107131958008,0,-0.010989189147949219,0,-0.0048847198486328125
6984446800,12336122,12321,12321,0,0,0,-0.5739107131958008,0,-0.010989189147949219,0,-0.0048847198486328125
6985600220,12339121,12324,12324,0,0,0,-0.5739107131958008,0,-0.0036630630493164062,0,-0.014652252197265625
6986854335,12340120,12325,12325,0,0,0,-0.5739107131958008,0,-0.0036630630493164062,0,-0.014652252197265625
6988108450,12341122,12326,12326,0,0,0,-0.5739107131958008,0,0.0036630630493164062,0,-0.0048847198486328125
6989362565,12342120,12327,12327,0,0,0,-0.5739107131958008,0,0.010989189147949219,0,-0.0048847198486328125
6990616680,12344120,12329,12329,0,0,0,-0.5739107131958008,0,-0.0036630630493164062,0,-0.0048847198486328125
6991870795,12345133,12330,12330,0,0,0,-0.5739107131958008,0,-0.010989189147949219,0,-0.0048847198486328125
6993124910,12346120,12331,12331,0,0,0,-0.5739107131958008,0,-0.01831531524658203,0,-0.0048847198486328125
6994379025,12347128,12332,12332,0,0,0,-0.5739107131958008,0,-0.0036630630493164062,0,-0.0048847198486328125
6995633140,12348136,12333,12333,0,0,0,-0.5739107131958008,0,0.0036630630493164062,0,-0.0048847198486328125
6996887255,12349128,12334,12334,0,0,0,-0.5739107131958008,0,-0.01831531524658203,0,-0.0048847198486328125
6998141370,12350128,12335,12335,0,0,0,-0.5739107131958008,0,-0.01831531524658203,0,0.0048847198486328125
6999395485,12351121,12336,12336,0,0,0,-0.5739107131958008,0,0.0036630630493164062,0,0.0048847198486328125
7000649600,12352122,12337,12337,0,0,0,-0.5739107131958008,0,0.0036630630493164062,0,-0.0048847198486328125
7001903715,12353124,12338,12338,0,0,0,-0.5739107131958008,0,-0.010989189147949219,0,-0.0048847198486328125
7003157830,12354120,12339,12339,0,0,0,-0.5739107131958008,0,-0.0036630630493164062,0,-0.0048847198486328125
7004411945,12355129,12340,12340,0,0,0,-0.5739107131958008,0,0.0036630630493164062,0,-0.0048847198486328125
7005666060,12357122,12342,12342,0,0,0,-0.5739107131958008,0,0.0036630630493164062,0,-0.0048847198486328125
7006920175,12358120,12343,12344,0,0,0,-0.5739107131958008,0,0.0036630630493164062,0,-0.014652252197265625
7008174290,12360120,12345,12345,0,0,0,-0.5739107131958008,0,-0.010989189147949219,0,-0.014652252197265625
7009428405,12361132,12346,12346,0,0,0,-0.5739107131958008,0,0.0036630630493164062,0,-0.014652252197265625
7010682520,12362135,12347,12347,0,0,0,-0.5739107131958008,0,-0.010989189147949219,0,-0.014652252197265625
7011936635,12363125,12348,12348,0,0,0,-0.5739107131958008,0,-0.0036630630493164062,0,-0.014652252197265625
7013190750,12365131,12350,12350,0,0,0,-0.5739107131958008,0,-0.010989189147949219,0,-0.014652252197265625
7014444865,12366124,12351,12351,0,0,0,-0.5739107131958008,0,0.010989189147949219,0,-0.014652252197265625
7015698980,12367121,12352,12352,0,0,0,-0.5739107131958008,0,-0.0036630630493164062,0,-0.014652252197265625
7016953095,12368120,12353,12354,0,0,0,-0.5739107131958008,0,-0.0036630630493164062,0,-0.0048847198486328125
7018207210,12370122,12355,12355,0,0,0,-0.5739107131958008,0,-0.0036630630493164062,0,-0.0048847198486328125
7019461325,12371120,12356,12356,0,0,0,-0.5739107131958008,0,-0.0036630630493164062,0,-0.0048847198486328125
7020715440,12372120,12357,12357,0,0,0,-0.5739107131958008,0,0.0036630630493164062,0,-0.014652252197265625
7021969555,12373120,12358,12358,0,0,0,-0.5739107131958008,0,-0.01831531524658203,0,-0.014652252197265625
7023223670,12374124,12359,12359,0,0,0,-0.5739107131958008,0,-0.010989189147949219,0,-0.014652252197265625
7024477785,12376135,12361,12361,0,0,0,-0.5739107131958008,0,-0.010989189147949219,0,-0.014652252197265625
7025827235,12380120,12365,12365,0,0,0,-0.5739107131958008,0,0.010989189147949219,0,-0.014652252197265625
7027176666,12381121,12366,12366,0,0,0,-0.5739107131958008,0,0.010989189147949219,0,-0.014652252197265625
7028526097,12382124,12367,12367,0,0,0,-0.5739107131958008,0,0.0036630630493164062,0,-0.024419784545898438
7029875528,12383121,12368,12368,0,0,0,-0.5739107131958008,0,-0.0036630630493164062,0,-0.014652252197265625
7031224959,12384120,12369,12369,0,0,0,-0.5739107131958008,0,-0.010989189147949219,0,-0.014652252197265625
7032574390,12385129,12370,12370,0,0,0,-0.5739107131958008,0,-0.01831531524658203,0,-0.024419784545898438
7033923821,12386122,12371,12371,0,0,0,-0.5739107131958008,0,-0.01831531524658203,0,-0.024419784545898438
7035273252,12387121,12372,12373,0,0,0,-0.5739107131958008,0,-0.0036630630493164062,0,-0.03418731689453125
7036622683,12389128,12374,12374,0,0,0,-0.5739107131958008,0,-0.0036630630493164062,0,-0.024419784545898438
7037972114,12390138,12375,12376,0,0,0,-0.5739107131958008,0,-0.0036630630493164062,0,-0.014652252197265625
7039321545,12392120,12377,12377,0,0,0,-0.5739107131958008,0,-0.0036630630493164062,0,-0.014652252197265625
7040670976,12393121,12378,12378,0,0,0,-0.5739107131958008,0,0.0036630630493164062,0,-0.014652252197265625
7042020407,12394122,12379,12379,0,0,0,-0.5739107131958008,0,0.0036630630493164062,0,-0.014652252197265625
7043369838,12395133,12380,12380,0,0,0,-0.5739107131958008,0,0.0036630630493164062,0,-0.014652252197265625
7044719269,12396122,12381,12381,0,0,0,-0.5739107131958008,0,-0.010989189147949219,0,-0.024419784545898438
7046068700,12398120,12383,12383,0,0,0,-0.5739107131958008,0,0.0036630630493164062,0,-0.024419784545898438
7047207310,12400129,12385,12385,0,0,0,-0.5739107131958008,0,-0.0036630630493164062,0,-0.014652252197265625
7048345916,12401124,12386,12386,0,0,0,-0.5739107131958008,0,-0.010989189147949219,0,-0.014652252197265625
7049484522,12402120,12387,12387,0,0,0,-0.5739107131958008,0,-0.010989189147949219,0,-0.014652252197265625
7050623128,12403133,12388,12388,0,0,0,-0.5739107131958008,0,0.0036630630493164062,0,-0.0048847198486328125
7051761734,12405132,12390,12390,0,0,0,-0.5739107131958008,0,0.0036630630493164062,0,-0.014652252197265625
7052900340,12406120,12391,12391,0,0,0,-0.5739107131958008,0,0.010989189147949219,0,-0.014652252197265625
7054038946,12407123,12392,12392,0,0,0,-0.5739107131958008,0,-0.0036630630493164062,0,-0.014652252197265625
7055177552,12408120,12393,12393,0,0,0,-0.5739107131958008,0,-0.010989189147949219,0,-0.014652252197265625
7056316158,12409121,12394,12394,0,0,0,-0.5739107131958008,0,-0.0036630630493164062,0,-0.014652252197265625
7057454764,12411124,12396,12396,0,0,0,-0.5739107131958008,0,0.0036630630493164062,0,-0.014652252197265625
7058593370,12412120,12397,12397,0,0,0,-0.5739107131958008,0,-0.0036630630493164062,0,-0.024419784545898438
7059731976,12412120,12397,12397,0,0,0,-0.5739107131958008,0,-0.010989189147949219,0,-0.024419784545898438
7060870582,12413120,12398,12398,0,0,0,-0.5739107131958008,0,-0.0036630630493164062,0,-0.024419784545898438
7062009188,12414120,12399,12399,0,0,0,-0.5739107131958008,0,-0.0036630630493164062,0,-0.024419784545898438
7063147794,12415131,12400,12400,0,0,0,-0.5739107131958008,0,-0.0036630630493164062,0,-0.024419784545898438
7064286400,12416120,12401,12401,0,0,0,-0.5739107131958008,0,0.0036630630493164062,0,-0.014652252197265625
7065828495,12420120,12405,12405,0,0,0,-0.5739107131958008,0,-0.010989189147949219,0,-0.024419784545898438
7067370582,12421120,12406,12406,0,0,0,-0.5739107131958008,0,0.0036630630493164062,0,-0.024419784545898438
7068912669,12422120,12408,12408,0,0,0,-0.5739107131958008,0,0.0036630630493164062,0,-0.024419784545898438
7070454756,12424124,12409,12409,0,0,0,-0.5739107131958008,0,0.0036630630493164062,0,-0.014652252197265625
7071996843,12426120,12411,12411,0,0,0,-0.5739107131958008,0,-0.010989189147949219,0,-0.014652252197265625
7073538930,12427121,12412,12413,0,0,0,-0.5739107131958008,0,0.0036630630493164062,0,-0.0048847198486328125
7075081017,12429120,12414,12414,0,0,0,-0.5739107131958008,0,0.0036630630493164062,0,-0.014652252197265625
7076623104,12430121,12415,12415,0,0,0,-0.5739107131958008,0,-0.010989189147949219,0,-0.014652252197265625
7078165191,12431128,12416,12416,0,0,0,-0.5739107131958008,0,-0.010989189147949219,0,-0.014652252197265625
7079707278,12432139,12417,12417,0,0,0,-0.5739107131958008,0,-0.0036630630493164062,0,-0.014652252197265625
7081249365,12433125,12418,12418,0,0,0,-0.5739107131958008,0,0.0036630630493164062,0,-0.014652252197265625
7082791452,12435129,12420,12420,0,0,0,-0.5739107131958008,0,-0.0036630630493164062,0,-0.014652252197265625
7084333539,12436122,12421,12421,0,0,0,-0.5739107131958008,0,0.0036630630493164062,0,-0.0048847198486328125
7085875626,12437121,12422,12422,0,0,0,-0.5739107131958008,0,0.0036630630493164062,0,-0.0048847198486328125
7087417713,12438120,12423,12423,0,0,0,-0.5739107131958008,0,0.0036630630493164062,0,0.0048847198486328125
7088959800,12439121,12424,12424,0,0,0,-0.5739107131958008,0,-0.010989189147949219,0,-0.0048847198486328125
7090307855,12444122,12429,12429,0,0,0,-0.5739107131958008,0,-0.0036630630493164062,0,-0.014652252197265625
7091611740,12445137,12430,12430,0,0,0,-0.5739107131958008,0,-0.010989189147949219,0,-0.014652252197265625
7092915625,12446135,12431,12431,0,0,0,-0.5739107131958008,0,-0.010989189147949219,0,-0.014652252197265625
7094219510,12447125,12432,12432,0,0,0,-0.5739107131958008,0,-0.010989189147949219,0,-0.014652252197265625
7095523395,12448124,12433,12433,0,0,0,-0.5739107131958008,0,-0.0036630630493164062,0,-0.0048847198486328125
7096827280,12450128,12435,12435,0,0,0,-0.5739107131958008,0,0.010989189147949219,0,-0.014652252197265625
7098131165,12451121,12436,12436,0,0,0,-0.5739107131958008,0,0.010989189147949219,0,-0.014652252197265625
7099435050,12452125,12437,12437,0,0,0,-0.5739107131958008,0,-0.0036630630493164062,0,-0.014652252197265625
7100738935,12453125,12438,12438,0,0,0,-0.5739107131958008,0,-0.0036630630493164062,0,-0.014652252197265625
7102042820,12454120,12439,12439,0,0,0,-0.5739107131958008,0,-0.010989189147949219,0,-0.0048847198486328125
7103346705,12457123,12442,12442,0,0,0,-0.5739107131958008,0,-0.0036630630493164062,0,-0.0048847198486328125
7104650590,12458120,12443,12443,0,0,0,-0.5739107131958008,0,-0.010989189147949219,0,0.0048847198486328125
7105954475,12459129,12444,12444,0,0,0,-0.5739107131958008,0,-0.0036630630493164062,0,0.0048847198486328125
7107258360,12461128,12446,12446,0,0,0,-0.5739107131958008,0,-0.010989189147949219,0,0.0048847198486328125
7108562245,12462120,12447,12447,0,0,0,-0.5739107131958008,0,-0.010989189147949219,0,-0.0048847198486328125
7109866130,12462120,12447,12447,0,0,0,-0.5739107131958008,0,-0.010989189147949219,0,-0.0048847198486328125
7111170015,12464121,12449,12449,0,0,0,-0.5739107131958008,0,0.0036630630493164062,0,-0.0048847198486328125
7112473900,12465131,12450,12450,0,0,0,-0.5739107131958008,0,0.0036630630493164062,0,-0.014652252197265625
7113777785,12466120,12451,12451,0,0,0,-0.5739107131958008,0,-0.010989189147949219,0,-0.014652252197265625
7115081670,12467121,12452,12452,0,0,0,-0.5739107131958008,0,-0.010989189147949219,0,-0.014652252197265625
7116385555,12468120,12453,12453,0,0,0,-0.5739107131958008,0,0.0036630630493164062,0,-0.014652252197265625
7117689440,12469124,12454,12454,0,0,0,-0.5739107131958008,0,0.0036630630493164062,0,-0.014652252197265625
7118993325,12471120,12456,12456,0,0,0,-0.5739107131958008,0,0.0036630630493164062,0,-0.014652252197265625
7120297210,12472120,12457,12457,0,0,0,-0.5739107131958008,0,-0.010989189147949219,0,-0.024419784545898438
7121601095,12473130,12458,12458,0,0,0,-0.5739107131958008,0,-0.010989189147949219,0,-0.024419784545898438
7122904980,12475133,12460,12460,0,0,0,-0.5739107131958008,0,0.0036630630493164062,0,-0.014652252197265625
7124208865,12476120,12461,12461,0,0,0,-0.5739107131958008,0,0.0036630630493164062,0,-0.014652252197265625
7125512750,12478120,12463,12463,0,0,0,-0.5739107131958008,0,-0.010989189147949219,0,-0.014652252197265625
7126816635,12479121,12464,12464,0,0,0,-0.5739107131958008,0,-0.0036630630493164062,0,-0.014652252197265625
7128120520,12480120,12465,12465,0,0,0,-0.5739107131958008,0,0.0036630630493164062,0,-0.014652252197265625
7129424405,12481123,12466,12466,0,0,0,-0.5739107131958008,0,-0.0036630630493164062,0,-0.0048847198486328125
7130728290,12482124,12467,12468,0,0,0,-0.5739107131958008,0,0.0036630630493164062,0,-0.0048847198486328125
7131914220,12485129,12470,12470,0,0,0,-0.5739107131958008,0,-0.010989189147949219,0,-0.0048847198486328125
7133100132,12486122,12471,12471,0,0,0,-0.5739107131958008,0,-0.010989189147949219,0,-0.0048847198486328125
7134286044,12487128,12472,12472,0,0,0,-0.5739107131958008,0,0.010989189147949219,0,-0.0048847198486328125
7135471956,12489125,12474,12474,0,0,0,-0.5739107131958008,0,-0.01831531524658203,0,-0.014652252197265625
7136657868,12490124,12475,12475,0,0,0,-0.5739107131958008,0,0.0036630630493164062,0,-0.014652252197265625
7137843780,12491121,12476,12476,0,0,0,-0.5739107131958008,0,-0.010989189147949219,0,-0.014652252197265625
7139029692,12492120,12477,12477,0,0,0,-0.5739107131958008,0,0.0036630630493164062,0,-0.0048847198486328125
7140215604,12493121,12478,12478,0,0,0,-0.5739107131958008,0,-0.01831531524658203,0,-0.0048847198486328125
7141401516,12494122,12479,12479,0,0,0,-0.5739107131958008,0,-0.010989189147949219,0,-0.014652252197265625
7142587428,12495129,12480,12480,0,0,0,-0.5739107131958008,0,-0.010989189147949219,0,-0.014652252197265625
7143773340,12495129,12480,12481,0,0,0,-0.5739107131958008,0,-0.0036630630493164062,0,-0.014652252197265625
7144959252,12496121,12481,12481,0,0,0,-0.5739107131958008,0,0.0036630630493164062,0,-0.014652252197265625
7146145164,12497121,12482,12482,0,0,0,-0.5739107131958008,0,0.010989189147949219,0,-0.014652252197265625
7147331076,12498124,12483,12483,0,0,0,-0.5739107131958008,0,0.010989189147949219,0,-0.014652252197265625
7148516988,12499121,12484,12484,0,0,0,-0.5739107131958008,0,0.0036630630493164062,0,-0.014652252197265625
7149702900,12500130,12485,12485,0,0,0,-0.5739107131958008,0,0.010989189147949219,0,-0.014652252197265625
7151038350,12505129,12490,12490,0,0,0,-0.5739107131958008,0,-0.0036630630493164062,0,-0.0048847198486328125
7152373800,12506124,12491,12491,0,0,0,-0.5739107131958008,0,-0.0036630630493164062,0,-0.0048847198486328125
7153709250,12508120,12493,12493,0,0,0,-0.5739107131958008,0,0.0036630630493164062,0,-0.0048847198486328125
7155044700,12509121,12494,12494,0,0,0,-0.5739107131958008,0,0.0036630630493164062,0,-0.0048847198486328125
7156380150,12510122,12495,12495,0,0,0,-0.5739107131958008,0,0.0036630630493164062,0,-0.0048847198486328125
7157715600,12512122,12497,12497,0,0,0,-0.5739107131958008,0,0.0036630630493164062,0,-0.0048847198486328125
7159051050,12513121,12498,12498,0,0,0,-0.5739107131958008,0,0.0036630630493164062,0,0.0048847198486328125
7160386500,12514120,12499,12499,0,0,0,-0.5739107131958008,0,-0.0036630630493164062,0,-0.0048847198486328125
7161721950,12515139,12500,12500,0,0,0,-0.5739107131958008,0,-0.0036630630493164062,0,-0.0048847198486328125
7163057400,12516135,12501,12501,0,0,0,-0.5739107131958008,0,-0.0036630630493164062,0,-0.0048847198486328125
7164392850,12517125,12502,12502,0,0,0,-0.5739107131958008,0,-0.010989189147949219,0,0.0048847198486328125
7165728300,12518120,12503,12503,0,0,0,-0.5739107131958008,0,-0.010989189147949219,0,-0.0048847198486328125
7167063750,12519125,12504,12504,0,0,0,-0.5739107131958008,0,0.0036630630493164062,0,-0.0048847198486328125
7168399200,12521120,12506,12506,0,0,0,-0.5739107131958008,0,-0.010989189147949219,0,0.0048847198486328125
7169734650,12522120,12507,12507,0,0,0,-0.5739107131958008,0,-0.010989189147949219,0,0.0048847198486328125
7171070100,12523123,12508,12508,0,0,0,-0.5739107131958008,0,0.0036630630493164062,0,-0.0048847198486328125
7172460855,12526120,12511,12511,0,0,0,-0.5739107131958008,0,-0.010989189147949219,0,-0.014652252197265625
7173851598,12527125,12512,12512,0,0,0,-0.5739107131958008,0,-0.0036630630493164062,0,-0.014652252197265625
7175242341,12528121,12513,12513,0,0,0,-0.5739107131958008,0,-0.0036630630493164062,0,-0.014652252197265625
7176633084,12529128,12514,12514,0,0,0,-0.5739107131958008,0,0.0036630630493164062,0,-0.0048847198486328125
7178023827,12530135,12515,12515,0,0,0,-0.5739107131958008,0,0.0036630630493164062,0,-0.0048847198486328125
7179414570,12531127,12516,12516,0,0,0,-0.5739107131958008,0,0.0036630630493164062,0,-0.014652252197265625
7180805313,12532121,12517,12517,0,0,0,-0.5739107131958008,0,0.0036630630493164062,0,-0.014652252197265625
7182196056,12533121,12518,12518,0,0,0,-0.5739107131958008,0,-0.010989189147949219,0,-0.014652252197265625
7183586799,12534120,12519,12519,0,0,0,-0.5739107131958008,0,0.0036630630493164062,0,-0.014652252197265625
7184977542,12536120,12521,12521,0,0,0,-0.5739107131958008,0,-0.010989189147949219,0,-0.014652252197265625
7186368285,12537121,12522,12522,0,0,0,-0.5739107131958008,0,0.0036630630493164062,0,-0.014652252197265625
7187759028,12538120,12523,12523,0,0,0,-0.5739107131958008,0,-0.0036630630493164062,0,-0.0048847198486328125
7189149771,12540124,12525,12525,0,0,0,-0.5739107131958008,0,-0.010989189147949219,0,-0.0048847198486328125
7190540514,12541121,12526,12526,0,0,0,-0.5739107131958008,0,0.0036630630493164062,0,-0.0048847198486328125
7191931257,12542120,12527,12528,0,0,0,-0.5739107131958008,0,-0.0036630630493164062,0,-0.0048847198486328125
7193322000,12544138,12529,12529,0,0,0,-0.5739107131958008,0,-0.010989189147949219,0,-0.0048847198486328125
7194650750,12548124,12533,12533,0,0,0,-0.5739107131958008,0,0.0036630630493164062,0,-0.0048847198486328125
7195958774,12549121,12534,12534,0,0,0,-0.5739107131958008,0,0.0036630630493164062,0,-0.0048847198486328125
7197266798,12550128,12535,12535,0,0,0,-0.5739107131958008,0,0.0036630630493164062,0,-0.0048847198486328125
7198574822,12551121,12536,12536,0,0,0,-0.5739107131958008,0,-0.0036630630493164062,0,-0.0048847198486328125
7199882846,12552125,12537,12537,0,0,0,-0.5739107131958008,0,-0.0036630630493164062,0,-0.0048847198486328125
7201190870,12553121,12538,12538,0,0,0,-0.5739107131958008,0,-0.010989189147949219,0,-0.0048847198486328125
7202498894,12554120,12539,12539,0,0,0,-0.5739107131958008,0,0.0036630630493164062,0,-0.0048847198486328125
7203806918,12556124,12541,12541,0,0,0,-0.5739107131958008,0,-0.0036630630493164062,0,-0.0048847198486328125
7205114942,12557129,12542,12542,0,0,0,-0.5739107131958008,0,-0.0036630630493164062,0,-0.014652252197265625
7206422966,12558135,12543,12543,0,0,0,-0.5739107131958008,0,-0.010989189147949219,0,-0.024419784545898438
7207730990,12559125,12544,12544,0,0,0,-0.5739107131958008,0,-0.010989189147949219,0,-0.014652252197265625
7209039014,12561121,12546,12547,0,0,0,-0.5739107131958008,0,-0.0036630630493164062,0,-0.024419784545898438
7210347038,12563121,12548,12548,0,0,0,-0.5739107131958008,0,-0.025641441345214844,0,-0.014652252197265625
7211655062,12564125,12549,12549,0,0,0,-0.5739107131958008,0,0.0036630630493164062,0,-0.014652252197265625
7212963086,12565129,12550,12550,0,0,0,-0.5739107131958008,0,-0.0036630630493164062,0,-0.024419784545898438
7214271110,12566120,12551,12551,0,0,0,-0.5739107131958008,0,0.010989189147949219,0,-0.024419784545898438
7215579134,12569124,12554,12554,0,0,0,-0.5739107131958008,0,-0.010989189147949219,0,-0.014652252197265625
7216887158,12570120,12555,12555,0,0,0,-0.5739107131958008,0,0.0036630630493164062,0,-0.014652252197265625
7218195182,12571128,12556,12556,0,0,0,-0.5739107131958008,0,-0.01831531524658203,0,-0.014652252197265625
7219503206,12573127,12558,12558,0,0,0,-0.5739107131958008,0,-0.0036630630493164062,0,-0.014652252197265625
7220811230,12574120,12559,12559,0,0,0,-0.5739107131958008,0,-0.0036630630493164062,0,-0.014652252197265625
7222119254,12575129,12560,12560,0,0,0,-0.5739107131958008,0,-0.0036630630493164062,0,-0.014652252197265625
7223427278,12577124,12562,12562,0,0,0,-0.5739107131958008,0,-0.0036630630493164062,0,-0.0048847198486328125
7224735302,12579121,12564,12564,0,0,0,-0.5739107131958008,0,-0.0036630630493164062,0,0.0048847198486328125
7226043326,12580120,12565,12565,0,0,0,-0.5739107131958008,0,0.0036630630493164062,0,0.0048847198486328125
7227351350,12581122,12566,12566,0,0,0,-0.5739107131958008,0,0.0036630630493164062,0,-0.0048847198486328125
7228659374,12582120,12567,12567,0,0,0,-0.5739107131958008,0,0.0036630630493164062,0,-0.014652252197265625
7229967398,12583121,12568,12568,0,0,0,-0.5739107131958008,0,0.0036630630493164062,0,-0.014652252197265625
7231275422,12584120,12569,12569,0,0,0,-0.5739107131958008,0,-0.0036630630493164062,0,-0.014652252197265625
7232583446,12585140,12570,12570,0,0,0,-0.5739107131958008,0,-0.0036630630493164062,0,-0.014652252197265625
7233891470,12586135,12571,12571,0,0,0,-0.5739107131958008,0,-0.0036630630493164062,0,-0.014652252197265625
7235199494,12587124,12572,12572,0,0,0,-0.5739107131958008,0,-0.010989189147949219,0,-0.014652252197265625
7236687685,12590120,12575,12575,0,0,0,-0.5739107131958008,0,-0.0036630630493164062,0,-0.0048847198486328125
7238089101,12593124,12578,12578,0,0,0,-0.5739107131958008,0,0.010989189147949219,0,-0.014652252197265625
7239490517,12594120,12579,12579,0,0,0,-0.5739107131958008,0,-0.0036630630493164062,0,-0.014652252197265625
7240891933,12595129,12580,12580,0,0,0,-0.5739107131958008,0,-0.0036630630493164062,0,-0.014652252197265625
7242293349,12597123,12582,12582,0,0,0,-0.5739107131958008,0,-0.010989189147949219,0,-0.014652252197265625
7243694765,12598124,12583,12583,0,0,0,-0.5739107131958008,0,-0.0036630630493164062,0,-0.014652252197265625
7245096181,12599129,12584,12584,0,0,0,-0.5739107131958008,0,-0.010989189147949219,0,-0.014652252197265625
7246497597,12600144,12585,12585,0,0,0,-0.5739107131958008,0,-0.01831531524658203,0,-0.0048847198486328125
7247899013,12601128,12587,12587,0,0,0,-0.5739107131958008,0,0.0036630630493164062,0,-0.0048847198486328125
7249300429,12603121,12588,12588,0,0,0,-0.5739107131958008,0,-0.010989189147949219,0,-0.0048847198486328125
7250701845,12604120,12589,12589,0,0,0,-0.5739107131958008,0,0.0036630630493164062,0,-0.0048847198486328125
7252103261,12606124,12591,12591,0,0,0,-0.5739107131958008,0,-0.010989189147949219,0,-0.0048847198486328125
7253504677,12607121,12592,12592,0,0,0,-0.5739107131958008,0,-0.010989189147949219,0,-0.014652252197265625
7254906093,12608121,12593,12593,0,0,0,-0.5739107131958008,0,0.0036630630493164062,0,-0.0048847198486328125
7256307509,12609121,12594,12594,0,0,0,-0.5739107131958008,0,-0.0036630630493164062,0,-0.0048847198486328125
7257708925,12610122,12595,12595,0,0,0,-0.5739107131958008,0,0.0036630630493164062,0,-0.014652252197265625
7259110341,12613128,12598,12598,0,0,0,-0.5739107131958008,0,0.0036630630493164062,0,-0.0048847198486328125
7260511757,12614138,12599,12599,0,0,0,-0.5739107131958008,0,-0.010989189147949219,0,-0.0048847198486328125
7261913173,12616120,12601,12601,0,0,0,-0.5739107131958008,0,-0.0036630630493164062,0,-0.014652252197265625
7263314589,12617121,12602,12602,0,0,0,-0.5739107131958008,0,-0.0036630630493164062,0,-0.014652252197265625
7264716005,12618123,12603,12603,0,0,0,-0.5739107131958008,0,0.0036630630493164062,0,-0.014652252197265625
7266117421,12619121,12604,12604,0,0,0,-0.5739107131958008,0,-0.0036630630493164062,0,-0.014652252197265625
7267518837,12620121,12605,12605,0,0,0,-0.5739107131958008,0,0.0036630630493164062,0,-0.014652252197265625
7268920253,12622124,12607,12607,0,0,0,-0.5739107131958008,0,-0.0036630630493164062,0,-0.014652252197265625
7270321669,12623121,12608,12608,0,0,0,-0.5739107131958008,0,0.0036630630493164062,0,-0.014652252197265625
7271723085,12624120,12609,12609,0,0,0,-0.5739107131958008,0,-0.0036630630493164062,0,-0.014652252197265625
7273124501,12626122,12611,12611,0,0,0,-0.5739107131958008,0,-0.0036630630493164062,0,-0.0048847198486328125
7274525917,12627133,12612,12612,0,0,0,-0.5739107131958008,0,0.0036630630493164062,0,-0.0048847198486328125
7275927333,12628135,12613,12613,0,0,0,-0.5739107131958008,0,0.0036630630493164062,0,-0.014652252197265625
7277328749,12629125,12614,12614,0,0,0,-0.5739107131958008,0,-0.01831531524658203,0,-0.014652252197265625
7278730165,12631122,12616,12616,0,0,0,-0.5739107131958008,0,-0.0036630630493164062,0,-0.014652252197265625
7280131581,12632121,12617,12617,0,0,0,-0.5739107131958008,0,0.0036630630493164062,0,-0.014652252197265625
7281422195,12637121,12622,12622,0,0,0,-0.5739107131958008,0,-0.0036630630493164062,0,-0.0048847198486328125
7282712782,12638120,12623,12623,0,0,0,-0.5739107131958008,0,0.0036630630493164062,0,-0.0048847198486328125
7284003369,12639123,12624,12624,0,0,0,-0.5739107131958008,0,-0.0036630630493164062,0,-0.0048847198486328125
7285293956,12639123,12624,12625,0,0,0,-0.5739107131958008,0,0.0036630630493164062,0,-0.0048847198486328125
7286584543,12640121,12625,12625,0,0,0,-0.5739107131958008,0,0.0036630630493164062,0,-0.0048847198486328125
7287875130,12641128,12626,12626,0,0,0,-0.5739107131958008,0,-0.010989189147949219,0,-0.0048847198486328125
7289165717,12642135,12627,12627,0,0,0,-0.5739107131958008,0,-0.010989189147949219,0,-0.0048847198486328125
7290456304,12643128,12628,12629,0,0,0,-0.5739107131958008,0,-0.010989189147949219,0,-0.0048847198486328125
7291746891,12645129,12630,12630,0,0,0,-0.5739107131958008,0,0.0036630630493164062,0,-0.014652252197265625
7293037478,12646120,12631,12631,0,0,0,-0.5739107131958008,0,-0.010989189147949219,0,-0.014652252197265625
7294328065,12646120,12631,12631,0,0,0,-0.5739107131958008,0,0.0036630630493164062,0,-0.0048847198486328125
7295618652,12647123,12632,12632,0,0,0,-0.5739107131958008,0,0.0036630630493164062,0,-0.0048847198486328125
7296909239,12649121,12634,12634,0,0,0,-0.5739107131958008,0,-0.0036630630493164062,0,-0.014652252197265625
7298199826,12650128,12635,12635,0,0,0,-0.5739107131958008,0,-0.0036630630493164062,0,-0.0048847198486328125
7299490413,12651125,12636,12636,0,0,0,-0.5739107131958008,0,-0.0036630630493164062,0,-0.0048847198486328125
7300781000,12652123,12637,12637,0,0,0,-0.5739107131958008,0,-0.0036630630493164062,0,-0.0048847198486328125
7302075655,12655138,12640,12640,0,0,0,-0.5739107131958008,0,-0.010989189147949219,0,0.0048847198486328125
7303370298,12656138,12641,12641,0,0,0,-0.5739107131958008,0,-0.0036630630493164062,0,-0.0048847198486328125
7304664941,12657125,12642,12642,0,0,0,-0.5739107131958008,0,-0.010989189147949219,0,-0.0048847198486328125
7305959584,12658120,12643,12643,0,0,0,-0.5739107131958008,0,-0.010989189147949219,0,-0.0048847198486328125
7307254227,12660122,12645,12645,0,0,0,-0.5739107131958008,0,-0.010989189147949219,0,0.0048847198486328125
7308548870,12661121,12646,12646,0,0,0,-0.5739107131958008,0,-0.010989189147949219,0,0.0048847198486328125
7309843513,12663120,12648,12648,0,0,0,-0.5739107131958008,0,0.0036630630493164062,0,-0.0048847198486328125
7311138156,12664124,12649,12649,0,0,0,-0.5739107131958008,0,-0.010989189147949219,0,-0.0048847198486328125
7312432799,12664124,12649,12649,0,0,0,-0.5739107131958008,0,0.0036630630493164062,0,-0.0048847198486328125
7313727442,12665129,12650,12651,0,0,0,-0.5739107131958008,0,-0.0036630630493164062,0,-0.0048847198486328125
7315022085,12667121,12652,12652,0,0,0,-0.5739107131958008,0,-0.01831531524658203,0,0.0048847198486328125
7316316728,12668122,12653,12653,0,0,0,-0.5739107131958008,0,-0.0036630630493164062,0,-0.0048847198486328125
7317611371,12669128,12654,12654,0,0,0,-0.5739107131958008,0,-0.0036630630493164062,0,-0.014652252197265625
7318906014,12671125,12656,12656,0,0,0,-0.5739107131958008,0,0.0036630630493164062,0,-0.014652252197265625
7320200657,12672125,12657,12657,0,0,0,-0.5739107131958008,0,0.0036630630493164062,0,-0.014652252197265625
7321495300,12673121,12658,12658,0,0,0,-0.5739107131958008,0,-0.0036630630493164062,0,-0.014652252197265625
7322991970,12675129,12660,12660,0,0,0,-0.5739107131958008,0,-0.0036630630493164062,0,-0.014652252197265625
7324488632,12676122,12661,12661,0,0,0,-0.5739107131958008,0,-0.010989189147949219,0,-0.014652252197265625
7325985294,12677121,12662,12663,0,0,0,-0.5739107131958008,0,-0.010989189147949219,0,-0.014652252197265625
7327481956,12679120,12664,12664,0,0,0,-0.5739107131958008,0,0.0036630630493164062,0,-0.014652252197265625
7328978618,12680124,12665,12665,0,0,0,-0.5739107131958008,0,0.0036630630493164062,0,-0.014652252197265625
7330475280,12681121,12666,12666,0,0,0,-0.5739107131958008,0,-0.0036630630493164062,0,-0.014652252197265625
7331971942,12682120,12667,12667,0,0,0,-0.5739107131958008,0,0.0036630630493164062,0,-0.014652252197265625
7333468604,12686120,12671,12671,0,0,0,-0.5739107131958008,0,-0.010989189147949219,0,-0.0048847198486328125
7334965266,12687121,12672,12672,0,0,0,-0.5739107131958008,0,-0.010989189147949219,0,-0.0048847198486328125
7336461928,12688121,12673,12673,0,0,0,-0.5739107131958008,0,-0.0036630630493164062,0,-0.0048847198486328125
7337958590,12690120,12675,12675,0,0,0,-0.5739107131958008,0,0.0036630630493164062,0,-0.014652252197265625
7339455252,12691121,12676,12676,0,0,0,-0.5739107131958008,0,0.0036630630493164062,0,-0.0048847198486328125
7340951914,12692120,12677,12677,0,0,0,-0.5739107131958008,0,0.010989189147949219,0,-0.0048847198486328125
7342448576,12694120,12679,12679,0,0,0,-0.5739107131958008,0,-0.0036630630493164062,0,-0.0048847198486328125
7343945238,12695129,12680,12680,0,0,0,-0.5739107131958008,0,-0.010989189147949219,0,-0.0048847198486328125
7345441900,12697131,12682,12682,0,0,0,-0.5739107131958008,0,-0.010989189147949219,0,-0.0048847198486328125
7346752470,12700129,12685,12685,0,0,0,-0.5739107131958008,0,-0.0036630630493164062,0,-0.0048847198486328125
7348053987,12701127,12686,12686,0,0,0,-0.5739107131958008,0,-0.0036630630493164062,0,-0.0048847198486328125
7349355504,12702120,12687,12687,0,0,0,-0.5739107131958008,0,-0.0036630630493164062,0,-0.014652252197265625
7350657021,12703121,12688,12688,0,0,0,-0.5739107131958008,0,-0.010989189147949219,0,-0.0048847198486328125
7351958538,12704121,12689,12689,0,0,0,-0.5739107131958008,0,-0.0036630630493164062,0,-0.0048847198486328125
7353260055,12705131,12690,12690,0,0,0,-0.5739107131958008,0,-0.0036630630493164062,0,-0.014652252197265625
7354561572,12705131,12690,12690,0,0,0,-0.5739107131958008,0,-0.0036630630493164062,0,-0.014652252197265625
7355863089,12706120,12691,12691,0,0,0,-0.5739107131958008,0,0.0036630630493164062,0,-0.014652252197265625
7357164606,12708120,12693,12693,0,0,0,-0.5739107131958008,0,0.0036630630493164062,0,-0.014652252197265625
7358466123,12709124,12694,12694,0,0,0,-0.5739107131958008,0,-0.010989189147949219,0,0.0048847198486328125
7359767640,12712135,12697,12697,0,0,0,-0.5739107131958008,0,-0.0036630630493164062,0,0.0048847198486328125
7361069157,12713127,12698,12698,0,0,0,-0.5739107131958008,0,-0.010989189147949219,0,-0.0048847198486328125
7362370674,12714124,12700,12700,0,0,0,-0.5739107131958008,0,0.0036630630493164062,0,-0.0048847198486328125
7363672191,12715129,12700,12701,0,0,0,-0.5739107131958008,0,-0.0036630630493164062,0,-0.0048847198486328125
7364973708,12717121,12702,12702,0,0,0,-0.5739107131958008,0,-0.0036630630493164062,0,-0.014652252197265625
7366275225,12718122,12703,12703,0,0,0,-0.5739107131958008,0,-0.0036630630493164062,0,0.0048847198486328125
7367576742,12721120,12706,12706,0,0,0,-0.5739107131958008,0,0.010989189147949219,0,-0.0048847198486328125
7368878259,12722124,12707,12707,0,0,0,-0.5739107131958008,0,-0.0036630630493164062,0,-0.0048847198486328125
7370179776,12723121,12708,12708,0,0,0,-0.5739107131958008,0,-0.0036630630493164062,0,-0.0048847198486328125
7371481293,12725137,12710,12710,0,0,0,-0.5739107131958008,0,-0.010989189147949219,0,0.0048847198486328125
7372782810,12726136,12711,12711,0,0,0,-0.5739107131958008,0,-0.010989189147949219,0,0.0048847198486328125
7374084327,12729121,12714,12714,0,0,0,-0.5739107131958008,0,0.0036630630493164062,0,0.0048847198486328125
7375385844,12730124,12715,12715,0,0,0,-0.5739107131958008,0,-0.010989189147949219,0,0.0048847198486328125
7376687361,12731121,12716,12716,0,0,0,-0.5739107131958008,0,0.0036630630493164062,0,-0.0048847198486328125
7377988878,12732121,12717,12717,0,0,0,-0.5739107131958008,0,-0.010989189147949219,0,-0.0048847198486328125
7379290395,12733121,12718,12718,0,0,0,-0.5739107131958008,0,0.0036630630493164062,0,-0.0048847198486328125
7380591912,12733121,12718,12718,0,0,0,-0.5739107131958008,0,-0.010989189147949219,0,-0.014652252197265625
7381893429,12734122,12719,12719,0,0,0,-0.5739107131958008,0,-0.0036630630493164062,0,-0.014652252197265625
7383194946,12735129,12720,12720,0,0,0,-0.5739107131958008,0,-0.0036630630493164062,0,-0.014652252197265625
7384496463,12736121,12721,12721,0,0,0,-0.5739107131958008,0,0.010989189147949219,0,-0.0048847198486328125
7385797980,12737121,12722,12722,0,0,0,-0.5739107131958008,0,-0.0036630630493164062,0,-0.0048847198486328125
7387099497,12738124,12724,12724,0,0,0,-0.5739107131958008,0,-0.0036630630493164062,0,-0.0048847198486328125
7388460080,12745129,12730,12730,0,0,0,-0.5739107131958008,0,-0.010989189147949219,0,-0.0048847198486328125
7389820648,12746120,12731,12731,0,0,0,-0.5739107131958008,0,-0.010989189147949219,0,-0.0048847198486328125
7391181216,12747122,12732,12732,0,0,0,-0.5739107131958008,0,-0.010989189147949219,0,-0.0048847198486328125
7392541784,12748120,12733,12733,0,0,0,-0.5739107131958008,0,0.0036630630493164062,0,-0.0048847198486328125
7393902352,12749121,12734,12734,0,0,0,-0.5739107131958008,0,0.0036630630493164062,0,-0.0048847198486328125
7395262920,12750128,12735,12735,0,0,0,-0.5739107131958008,0,0.0036630630493164062,0,-0.0048847198486328125
7396623488,12751125,12736,12736,0,0,0,-0.5739107131958008,0,-0.010989189147949219,0,-0.0048847198486328125
7397984056,12752123,12737,12737,0,0,0,-0.5739107131958008,0,-0.010989189147949219,0,-0.0048847198486328125
7399344624,12753128,12738,12738,0,0,0,-0.5739107131958008,0,-0.0036630630493164062,0,-0.0048847198486328125
7400705192,12754135,12739,12739,0,0,0,-0.5739107131958008,0,0.0036630630493164062,0,-0.0048847198486328125
7402065760,12755135,12740,12740,0,0,0,-0.5739107131958008,0,0.0036630630493164062,0,-0.0048847198486328125
7403426328,12756120,12741,12741,0,0,0,-0.5739107131958008,0,-0.0036630630493164062,0,-0.0048847198486328125
7404786896,12757121,12742,12742,0,0,0,-0.5739107131958008,0,-0.010989189147949219,0,-0.0048847198486328125
7406147464,12758120,12743,12743,0,0,0,-0.5739107131958008,0,-0.0036630630493164062,0,0.0048847198486328125
7407508032,12759125,12744,12744,0,0,0,-0.5739107131958008,0,-0.010989189147949219,0,-0.0048847198486328125
7408868600,12761120,12746,12746,0,0,0,-0.5739107131958008,0,0.0036630630493164062,0,-0.0048847198486328125
7410290645,12763122,12748,12748,0,0,0,-0.5739107131958008,0,0.010989189147949219,0,-0.014652252197265625
7411712682,12764121,12749,12749,0,0,0,-0.5739107131958008,0,-0.010989189147949219,0,-0.014652252197265625
7413134719,12765129,12750,12750,0,0,0,-0.5739107131958008,0,-0.010989189147949219,0,-0.014652252197265625
7414556756,12766120,12751,12751,0,0,0,-0.5739107131958008,0,-0.0036630630493164062,0,-0.014652252197265625
7415978793,12766120,12751,12751,0,0,0,-0.5739107131958008,0,-0.0036630630493164062,0,-0.024419784545898438
7417400830,12767132,12752,12752,0,0,0,-0.5739107131958008,0,-0.010989189147949219,0,-0.024419784545898438
7418822867,12769125,12754,12754,0,0,0,-0.5739107131958008,0,-0.0036630630493164062,0,-0.024419784545898438
7420244904,12770120,12755,12755,0,0,0,-0.5739107131958008,0,-0.0036630630493164062,0,-0.014652252197265625
7421666941,12771122,12756,12756,0,0,0,-0.5739107131958008,0,-0.010989189147949219,0,-0.014652252197265625
7423088978,12774120,12759,12759,0,0,0,-0.5739107131958008,0,-0.0036630630493164062,0,-0.014652252197265625
7424511015,12777120,12762,12762,0,0,0,-0.5739107131958008,0,-0.0036630630493164062,0,-0.014652252197265625
7425933052,12779121,12764,12764,0,0,0,-0.5739107131958008,0,-0.010989189147949219,0,-0.014652252197265625
7427355089,12780125,12765,12765,0,0,0,-0.5739107131958008,0,-0.010989189147949219,0,-0.024419784545898438
7428777126,12781129,12766,12766,0,0,0,-0.5739107131958008,0,-0.010989189147949219,0,-0.014652252197265625
7430199163,12782135,12767,12767,0,0,0,-0.5739107131958008,0,-0.010989189147949219,0,-0.014652252197265625
7431621200,12783125,12768,12768,0,0,0,-0.5739107131958008,0,-0.0036630630493164062,0,-0.014652252197265625
7432918410,12786120,12771,12771,0,0,0,-0.5739107131958008,0,0.0036630630493164062,0,-0.024419784545898438
7434215616,12787121,12772,12772,0,0,0,-0.5739107131958008,0,-0.010989189147949219,0,-0.024419784545898438
7435512822,12788124,12773,12773,0,0,0,-0.5739107131958008,0,-0.0036630630493164062,0,-0.014652252197265625
7436810028,12790120,12775,12775,0,0,0,-0.5739107131958008,0,-0.0036630630493164062,0,-0.024419784545898438
7438107234,12791121,12776,12776,0,0,0,-0.5739107131958008,0,0.0036630630493164062,0,-0.014652252197265625
7439404440,12792122,12777,12777,0,0,0,-0.5739107131958008,0,0.0036630630493164062,0,-0.014652252197265625
7440701646,12794120,12779,12779,0,0,0,-0.5739107131958008,0,0.0036630630493164062,0,-0.0048847198486328125
7441998852,12795136,12780,12780,0,0,0,-0.5739107131958008,0,0.010989189147949219,0,-0.0048847198486328125
7443296058,12796139,12781,12781,0,0,0,-0.5739107131958008,0,-0.010989189147949219,0,0.0048847198486328125
7444593264,12798120,12783,12783,0,0,0,-0.5739107131958008,0,-0.010989189147949219,0,0.0048847198486328125
7445890470,12799121,12784,12784,0,0,0,-0.5739107131958008,0,-0.01831531524658203,0,-0.0048847198486328125
7447187676,12800132,12785,12785,0,0,0,-0.5739107131958008,0,-0.0036630630493164062,0,-0.0048847198486328125
7448484882,12801127,12786,12786,0,0,0,-0.5739107131958008,0,-0.0036630630493164062,0,-0.0048847198486328125
7449782088,12802121,12787,12787,0,0,0,-0.5739107131958008,0,-0.0036630630493164062,0,-0.0048847198486328125
7451079294,12803121,12788,12788,0,0,0,-0.5739107131958008,0,0.0036630630493164062,0,-0.0048847198486328125
7452376500,12804120,12789,12789,0,0,0,-0.5739107131958008,0,0.0036630630493164062,0,-0.0048847198486328125
7453557205,12807121,12792,12792,0,0,0,-0.5739107131958008,0,-0.010989189147949219,0,-0.0048847198486328125
7454783688,12808120,12793,12793,0,0,0,-0.5739107131958008,0,0.0036630630493164062,0,-0.0048847198486328125
7456010171,12809132,12794,12794,0,0,0,-0.5739107131958008,0,-0.010989189147949219,0,0.0048847198486328125
7457236654,12811124,12796,12796,0,0,0,-0.5739107131958008,0,-0.010989189147949219,0,0.0048847198486328125
7458463137,12812120,12797,12797,0,0,0,-0.5739107131958008,0,-0.0036630630493164062,0,0.0048847198486328125
7459689620,12813122,12798,12798,0,0,0,-0.5739107131958008,0,-0.0036630630493164062,0,-0.0048847198486328125
7460916103,12814120,12799,12799,0,0,0,-0.5739107131958008,0,0.0036630630493164062,0,-0.0048847198486328125
7462142586,12815129,12800,12800,0,0,0,-0.5739107131958008,0,-0.0036630630493164062,0,-0.0048847198486328125
7463369069,12816120,12801,12801,0,0,0,-0.5739107131958008,0,0.010989189147949219,0,-0.0048847198486328125
7464595552,12816120,12801,12801,0,0,0,-0.5739107131958008,0,-0.010989189147949219,0,-0.0048847198486328125
7465822035,12818120,12803,12803,0,0,0,-0.5739107131958008,0,-0.010989189147949219,0,-0.014652252197265625
7467048518,12819120,12804,12804,0,0,0,-0.5739107131958008,0,-0.0036630630493164062,0,-0.014652252197265625
7468275001,12820120,12805,12805,0,0,0,-0.5739107131958008,0,0.010989189147949219,0,-0.0048847198486328125
7469501484,12821122,12806,12806,0,0,0,-0.5739107131958008,0,-0.0036630630493164062,0,-0.0048847198486328125
7470727967,12822120,12807,12807,0,0,0,-0.5739107131958008,0,-0.0036630630493164062,0,-0.0048847198486328125
7471954450,12823129,12808,12808,0,0,0,-0.5739107131958008,0,-0.010989189147949219,0,0.0048847198486328125
7473180933,12825136,12810,12810,0,0,0,-0.5739107131958008,0,-0.0036630630493164062,0,-0.0048847198486328125
7474407416,12826120,12811,12811,0,0,0,-0.5739107131958008,0,0.0036630630493164062,0,-0.0048847198486328125
7475633899,12828120,12813,12813,0,0,0,-0.5739107131958008,0,0.0036630630493164062,0,-0.0048847198486328125
7476860382,12829122,12814,12814,0,0,0,-0.5739107131958008,0,-0.01831531524658203,0,-0.0048847198486328125
7478086865,12830124,12816,12816,0,0,0,-0.5739107131958008,0,-0.010989189147949219,0,-0.014652252197265625
7479313348,12832121,12817,12817,0,0,0,-0.5739107131958008,0,0.0036630630493164062,0,-0.014652252197265625
7480539831,12833121,12818,12818,0,0,0,-0.5739107131958008,0,-0.0036630630493164062,0,-0.014652252197265625
7481766314,12834122,12819,12819,0,0,0,-0.5739107131958008,0,-0.010989189147949219,0,-0.014652252197265625
7482992797,12835129,12820,12820,0,0,0,-0.5739107131958008,0,0.0036630630493164062,0,-0.014652252197265625
7484219280,12836120,12821,12821,0,0,0,-0.5739107131958008,0,-0.0036630630493164062,0,-0.014652252197265625
7485445763,12837128,12822,12822,0,0,0,-0.5739107131958008,0,-0.0036630630493164062,0,-0.0048847198486328125
7486672246,12838139,12823,12823,0,0,0,-0.5739107131958008,0,-0.010989189147949219,0,-0.014652252197265625
7487898729,12839125,12824,12824,0,0,0,-0.5739107131958008,0,0.0036630630493164062,0,-0.014652252197265625
7489125212,12840120,12825,12826,0,0,0,-0.5739107131958008,0,0.0036630630493164062,0,-0.014652252197265625
7490351695,12842122,12827,12827,0,0,0,-0.5739107131958008,0,0.0036630630493164062,0,-0.014652252197265625
7491578178,12843120,12828,12828,0,0,0,-0.5739107131958008,0,-0.0036630630493164062,0,-0.014652252197265625
7492987445,12848120,12833,12833,0,0,0,-0.5739107131958008,0,0.0036630630493164062,0,-0.0048847198486328125
7494396682,12849121,12834,12834,0,0,0,-0.5739107131958008,0,-0.0036630630493164062,0,-0.0048847198486328125
7495805919,12850130,12835,12835,0,0,0,-0.5739107131958008,0,-0.010989189147949219,0,-0.0048847198486328125
7497215156,12851128,12836,12836,0,0,0,-0.5739107131958008,0,-0.010989189147949219,0,-0.0048847198486328125
7498624393,12852138,12837,12838,0,0,0,-0.5739107131958008,0,-0.0036630630493164062,0,-0.014652252197265625
7500033630,12853125,12838,12838,0,0,0,-0.5739107131958008,0,-0.010989189147949219,0,-0.014652252197265625
7501442867,12854124,12839,12839,0,0,0,-0.5739107131958008,0,-0.010989189147949219,0,-0.014652252197265625
7502852104,12855129,12840,12841,0,0,0,-0.5739107131958008,0,0.0036630630493164062,0,-0.014652252197265625
7504261341,12857121,12842,12842,0,0,0,-0.5739107131958008,0,-0.01831531524658203,0,-0.014652252197265625
7505670578,12858122,12843,12843,0,0,0,-0.5739107131958008,0,0.010989189147949219,0,-0.014652252197265625
7507079815,12859125,12844,12844,0,0,0,-0.5739107131958008,0,-0.0036630630493164062,0,-0.014652252197265625
7508489052,12861120,12846,12846,0,0,0,-0.5739107131958008,0,-0.010989189147949219,0,-0.014652252197265625
7509898289,12862120,12847,12847,0,0,0,-0.5739107131958008,0,-0.01831531524658203,0,-0.0048847198486328125
7511307526,12863123,12848,12848,0,0,0,-0.5739107131958008,0,0.0036630630493164062,0,-0.0048847198486328125
7512716763,12864121,12849,12849,0,0,0,-0.5739107131958008,0,0.0036630630493164062,0,-0.0048847198486328125
7514126000,12866134,12851,12851,0,0,0,-0.5739107131958008,0,0.0036630630493164062,0,-0.0048847198486328125
7515380525,12868121,12853,12853,0,0,0,-0.5739107131958008,0,-0.010989189147949219,0,-0.0048847198486328125
7516719843,12869121,12854,12854,0,0,0,-0.5739107131958008,0,-0.010989189147949219,0,-0.014652252197265625
7518059161,12871123,12856,12856,0,0,0,-0.5739107131958008,0,-0.010989189147949219,0,-0.014652252197265625
7519398479,12872120,12857,12857,0,0,0,-0.5739107131958008,0,-0.0036630630493164062,0,-0.0048847198486328125
7520737797,12873120,12858,12858,0,0,0,-0.5739107131958008,0,0.0036630630493164062,0,-0.0048847198486328125
7522077115,12874120,12859,12859,0,0,0,-0.5739107131958008,0,0.0036630630493164062,0,-0.0048847198486328125
7523416433,12876120,12861,12861,0,0,0,-0.5739107131958008,0,-0.0036630630493164062,0,-0.014652252197265625
7524755751,12877121,12862,12862,0,0,0,-0.5739107131958008,0,-0.0036630630493164062,0,-0.014652252197265625
7526095069,12879130,12864,12864,0,0,0,-0.5739107131958008,0,-0.010989189147949219,0,-0.024419784545898438
7527434387,12880135,12865,12865,0,0,0,-0.5739107131958008,0,0.0036630630493164062,0,-0.024419784545898438
7528773705,12881125,12866,12866,0,0,0,-0.5739107131958008,0,-0.010989189147949219,0,-0.024419784545898438
7530113023,12882120,12867,12867,0,0,0,-0.5739107131958008,0,-0.010989189147949219,0,-0.024419784545898438
7531452341,12883124,12868,12868,0,0,0,-0.5739107131958008,0,-0.0036630630493164062,0,-0.024419784545898438
7532791659,12884120,12869,12869,0,0,0,-0.5739107131958008,0,-0.0036630630493164062,0,-0.024419784545898438
7534130977,12885129,12870,12870,0,0,0,-0.5739107131958008,0,0.0036630630493164062,0,-0.024419784545898438
7535470295,12886120,12871,12871,0,0,0,-0.5739107131958008,0,0.0036630630493164062,0,-0.024419784545898438
7536809613,12888124,12873,12873,0,0,0,-0.5739107131958008,0,-0.0036630630493164062,0,-0.024419784545898438
7538148931,12889121,12874,12874,0,0,0,-0.5739107131958008,0,-0.010989189147949219,0,-0.014652252197265625
7539488249,12890120,12875,12875,0,0,0,-0.5739107131958008,0,-0.0036630630493164062,0,-0.014652252197265625
7540827567,12892122,12877,12877,0,0,0,-0.5739107131958008,0,-0.010989189147949219,0,-0.014652252197265625
7542166885,12893128,12878,12878,0,0,0,-0.5739107131958008,0,0.0036630630493164062,0,-0.024419784545898438
7543506203,12895133,12880,12880,0,0,0,-0.5739107131958008,0,-0.010989189147949219,0,-0.024419784545898438
7544845521,12896125,12881,12881,0,0,0,-0.5739107131958008,0,-0.0036630630493164062,0,-0.014652252197265625
7546184839,12897121,12882,12882,0,0,0,-0.5739107131958008,0,-0.0036630630493164062,0,-0.024419784545898438
7547524157,12898120,12883,12883,0,0,0,-0.5739107131958008,0,-0.0036630630493164062,0,-0.024419784545898438
7548863475,12899121,12884,12884,0,0,0,-0.5739107131958008,0,0.0036630630493164062,0,-0.024419784545898438
7550202793,12904124,12889,12889,0,0,0,-0.5739107131958008,0,-0.0036630630493164062,0,-0.014652252197265625
7551542111,12905129,12890,12890,0,0,0,-0.5739107131958008,0,-0.0036630630493164062,0,-0.014652252197265625
7552881429,12906120,12891,12891,0,0,0,-0.5739107131958008,0,-0.0036630630493164062,0,-0.014652252197265625
7554220747,12907129,12892,12892,0,0,0,-0.5739107131958008,0,-0.0036630630493164062,0,-0.014652252197265625
7555560065,12908137,12893,12893,0,0,0,-0.5739107131958008,0,-0.0036630630493164062,0,-0.014652252197265625
7556899383,12909124,12894,12894,0,0,0,-0.5739107131958008,0,-0.0036630630493164062,0,-0.014652252197265625
7558350825,12912124,12897,12897,0,0,0,-0.5739107131958008,0,-0.0036630630493164062,0,-0.0048847198486328125
7559699198,12913120,12898,12898,0,0,0,-0.5739107131958008,0,-0.010989189147949219,0,-0.0048847198486328125
7561047571,12914120,12899,12899,0,0,0,-0.5739107131958008,0,-0.0036630630493164062,0,-0.0048847198486328125
7562395944,12915129,12900,12900,0,0,0,-0.5739107131958008,0,-0.0036630630493164062,0,0.0048847198486328125
7563744317,12917125,12902,12902,0,0,0,-0.5739107131958008,0,-0.0036630630493164062,0,-0.0048847198486328125
7565092690,12918121,12903,12903,0,0,0,-0.5739107131958008,0,-0.0036630630493164062,0,-0.0048847198486328125
7566441063,12919121,12904,12904,0,0,0,-0.5739107131958008,0,-0.010989189147949219,0,-0.0048847198486328125
7567789436,12920121,12905,12905,0,0,0,-0.5739107131958008,0,-0.010989189147949219,0,-0.0048847198486328125
7569137809,12922135,12907,12907,0,0,0,-0.5739107131958008,0,0.0036630630493164062,0,-0.0048847198486328125
7570486182,12923125,12908,12908,0,0,0,-0.5739107131958008,0,-0.0036630630493164062,0,-0.0048847198486328125
7571834555,12924120,12909,12909,0,0,0,-0.5739107131958008,0,-0.0036630630493164062,0,-0.0048847198486328125
7573182928,12926120,12911,12911,0,0,0,-0.5739107131958008,0,-0.0036630630493164062,0,-0.0048847198486328125
7574531301,12928121,12913,12913,0,0,0,-0.5739107131958008,0,-0.010989189147949219,0,-0.0048847198486328125
7575879674,12929123,12914,12914,0,0,0,-0.5739107131958008,0,-0.010989189147949219,0,-0.014652252197265625
7577228047,12930120,12915,12915,0,0,0,-0.5739107131958008,0,-0.010989189147949219,0,-0.014652252197265625
7578576420,12932121,12917,12917,0,0,0,-0.5739107131958008,0,-0.01831531524658203,0,-0.014652252197265625
7579924793,12934120,12919,12919,0,0,0,-0.5739107131958008,0,-0.0036630630493164062,0,-0.014652252197265625
7581273166,12935137,12920,12920,0,0,0,-0.5739107131958008,0,-0.0036630630493164062,0,-0.014652252197265625
7582621539,12936135,12921,12921,0,0,0,-0.5739107131958008,0,-0.0036630630493164062,0,-0.014652252197265625
7583969912,12937127,12922,12922,0,0,0,-0.5739107131958008,0,-0.0036630630493164062,0,-0.014652252197265625
7585318285,12938120,12923,12923,0,0,0,-0.5739107131958008,0,-0.0036630630493164062,0,-0.014652252197265625
7586666658,12940120,12925,12925,0,0,0,-0.5739107131958008,0,-0.0036630630493164062,0,-0.014652252197265625
7588015031,12942120,12927,12927,0,0,0,-0.5739107131958008,0,0.0036630630493164062,0,-0.014652252197265625
7589363404,12943121,12928,12929,0,0,0,-0.5739107131958008,0,0.0036630630493164062,0,-0.014652252197265625
7590711777,12945131,12930,12930,0,0,0,-0.5739107131958008,0,0.0036630630493164062,0,-0.014652252197265625
7592060150,12946124,12931,12931,0,0,0,-0.5739107131958008,0,-0.0036630630493164062,0,-0.014652252197265625
7593408523,12947121,12932,12932,0,0,0,-0.5739107131958008,0,-0.010989189147949219,0,-0.014652252197265625
7594756896,12948120,12933,12933,0,0,0,-0.5739107131958008,0,-0.010989189147949219,0,-0.014652252197265625
7596105269,12949129,12934,12934,0,0,0,-0.5739107131958008,0,0.0036630630493164062,0,-0.0048847198486328125
7597453642,12950145,12935,12935,0,0,0,-0.5739107131958008,0,0.0036630630493164062,0,-0.014652252197265625
7598802015,12951125,12936,12936,0,0,0,-0.5739107131958008,0,0.010989189147949219,0,-0.0048847198486328125
7600150388,12952123,12937,12937,0,0,0,-0.5739107131958008,0,-0.010989189147949219,0,-0.014652252197265625
7601616950,12957121,12942,12942,0,0,0,-0.5739107131958008,0,-0.0036630630493164062,0,-0.0048847198486328125
7602999683,12959121,12944,12944,0,0,0,-0.5739107131958008,0,0.0036630630493164062,0,-0.014652252197265625
7604382416,12960121,12945,12945,0,0,0,-0.5739107131958008,0,-0.010989189147949219,0,-0.014652252197265625
7605765149,12961121,12946,12946,0,0,0,-0.5739107131958008,0,-0.010989189147949219,0,-0.014652252197265625
7607147882,12962124,12947,12947,0,0,0,-0.5739107131958008,0,-0.010989189147949219,0,-0.014652252197265625
7608530615,12963128,12948,12948,0,0,0,-0.5739107131958008,0,-0.010989189147949219,0,-0.014652252197265625
7609913348,12964135,12949,12949,0,0,0,-0.5739107131958008,0,-0.010989189147949219,0,-0.014652252197265625
7611296081,12965134,12950,12950,0,0,0,-0.5739107131958008,0,-0.01831531524658203,0,-0.014652252197265625
7612678814,12967121,12952,12952,0,0,0,-0.5739107131958008,0,-0.0036630630493164062,0,-0.024419784545898438
7614061547,12968120,12953,12953,0,0,0,-0.5739107131958008,0,0.010989189147949219,0,-0.024419784545898438
7615444280,12969121,12954,12954,0,0,0,-0.5739107131958008,0,-0.010989189147949219,0,-0.024419784545898438
7616827013,12970123,12955,12955,0,0,0,-0.5739107131958008,0,-0.010989189147949219,0,-0.024419784545898438
7618209746,12972120,12957,12957,0,0,0,-0.5739107131958008,0,0.0036630630493164062,0,-0.014652252197265625
7619592479,12973121,12958,12958,0,0,0,-0.5739107131958008,0,-0.010989189147949219,0,-0.014652252197265625
7620975212,12974122,12959,12959,0,0,0,-0.5739107131958008,0,0.0036630630493164062,0,-0.024419784545898438
7622357945,12975133,12960,12960,0,0,0,-0.5739107131958008,0,-0.010989189147949219,0,-0.014652252197265625
7623740678,12978135,12963,12963,0,0,0,-0.5739107131958008,0,-0.0036630630493164062,0,-0.024419784545898438
7625123411,12979127,12964,12964,0,0,0,-0.5739107131958008,0,-0.01831531524658203,0,-0.024419784545898438
7626506144,12980120,12965,12965,0,0,0,-0.5739107131958008,0,0.010989189147949219,0,-0.014652252197265625
7627888877,12982120,12967,12967,0,0,0,-0.5739107131958008,0,-0.0036630630493164062,0,-0.014652252197265625
7629271610,12983124,12968,12968,0,0,0,-0.5739107131958008,0,0.010989189147949219,0,-0.014652252197265625
7630654343,12984120,12969,12969,0,0,0,-0.5739107131958008,0,-0.0036630630493164062,0,-0.014652252197265625
7632037076,12985129,12970,12970,0,0,0,-0.5739107131958008,0,-0.0036630630493164062,0,-0.014652252197265625
7633419809,12986120,12971,12972,0,0,0,-0.5739107131958008,0,-0.0036630630493164062,0,-0.014652252197265625
7634802542,12988120,12973,12973,0,0,0,-0.5739107131958008,0,-0.010989189147949219,0,-0.014652252197265625
7636185275,12989121,12974,12974,0,0,0,-0.5739107131958008,0,-0.0036630630493164062,0,-0.014652252197265625
7637568008,12990120,12975,12975,0,0,0,-0.5739107131958008,0,-0.010989189147949219,0,-0.014652252197265625
7638950741,12991132,12976,12976,0,0,0,-0.5739107131958008,0,-0.010989189147949219,0,-0.014652252197265625
7640333474,12993124,12978,12978,0,0,0,-0.5739107131958008,0,-0.010989189147949219,0,-0.014652252197265625
7641716207,12994121,12979,12979,0,0,0,-0.5739107131958008,0,-0.010989189147949219,0,-0.0048847198486328125
7643098940,12995131,12980,12980,0,0,0,-0.5739107131958008,0,0.0036630630493164062,0,-0.0048847198486328125
7644481673,12996121,12981,12981,0,0,0,-0.5739107131958008,0,0.0036630630493164062,0,-0.0048847198486328125
7645916055,13000130,12985,12985,0,0,0,-0.5739107131958008,0,-0.0036630630493164062,0,-0.0048847198486328125
7647159082,13001123,12986,12986,0,0,0,-0.5739107131958008,0,-0.0036630630493164062,0,-0.0048847198486328125
7648402109,13004124,12989,12989,0,0,0,-0.5739107131958008,0,-0.010989189147949219,0,-0.014652252197265625
7649645136,13005137,12991,12991,0,0,0,-0.5739107131958008,0,-0.0036630630493164062,0,-0.0048847198486328125
7650888163,13006135,12991,12992,0,0,0,-0.5739107131958008,0,-0.0036630630493164062,0,-0.0048847198486328125
7652131190,13008122,12993,12993,0,0,0,-0.5739107131958008,0,-0.010989189147949219,0,-0.0048847198486328125
7653374217,13009121,12994,12994,0,0,0,-0.5739107131958008,0,-0.0036630630493164062,0,-0.0048847198486328125
7654617244,13010120,12995,12995,0,0,0,-0.5739107131958008,0,-0.0036630630493164062,0,-0.0048847198486328125
7655860271,13011120,12996,12996,0,0,0,-0.5739107131958008,0,-0.0036630630493164062,0,-0.0048847198486328125
7657103298,13012125,12997,12997,0,0,0,-0.5739107131958008,0,-0.010989189147949219,0,-0.0048847198486328125
7658346325,13013121,12998,12998,0,0,0,-0.5739107131958008,0,-0.010989189147949219,0,-0.0048847198486328125
7659589352,13014120,12999,12999,0,0,0,-0.5739107131958008,0,0.0036630630493164062,0,-0.0048847198486328125
7660832379,13016122,13001,13001,0,0,0,-0.5739107131958008,0,-0.010989189147949219,0,-0.014652252197265625
7662075406,13017121,13002,13002,0,0,0,-0.5739107131958008,0,-0.010989189147949219,0,-0.014652252197265625
7663318433,13018120,13003,13003,0,0,0,-0.5739107131958008,0,0.0036630630493164062,0,-0.014652252197265625
7664561460,13019129,13004,13004,0,0,0,-0.5739107131958008,0,-0.0036630630493164062,0,-0.014652252197265625
7665804487,13021124,13006,13006,0,0,0,-0.5739107131958008,0,-0.010989189147949219,0,-0.014652252197265625
7667047514,13022120,13007,13007,0,0,0,-0.5739107131958008,0,-0.010989189147949219,0,-0.014652252197265625
7668290541,13024122,13009,13009,0,0,0,-0.5739107131958008,0,0.0036630630493164062,0,-0.0048847198486328125
7669533568,13025129,13010,13010,0,0,0,-0.5739107131958008,0,-0.010989189147949219,0,-0.014652252197265625
7670776595,13026120,13011,13011,0,0,0,-0.5739107131958008,0,0.0036630630493164062,0,-0.014652252197265625
7672019622,13027121,13012,13012,0,0,0,-0.5739107131958008,0,-0.010989189147949219,0,-0.014652252197265625
7673262649,13028124,13013,13013,0,0,0,-0.5739107131958008,0,0.0036630630493164062,0,-0.014652252197265625
7674505676,13029121,13014,13014,0,0,0,-0.5739107131958008,0,-0.010989189147949219,0,-0.0048847198486328125
7675748703,13030120,13015,13015,0,0,0,-0.5739107131958008,0,-0.010989189147949219,0,-0.014652252197265625
7676991730,13031121,13016,13016,0,0,0,-0.5739107131958008,0,0.0036630630493164062,0,-0.0048847198486328125
7678234757,13032123,13017,13017,0,0,0,-0.5739107131958008,0,0.0036630630493164062,0,-0.0048847198486328125
7679477784,13033132,13018,13018,0,0,0,-0.5739107131958008,0,-0.0036630630493164062,0,-0.0048847198486328125
7680720811,13033132,13018,13018,0,0,0,-0.5739107131958008,0,-0.0036630630493164062,0,-0.0048847198486328125
7681963838,13034135,13019,13019,0,0,0,-0.5739107131958008,0,-0.010989189147949219,0,-0.0048847198486328125
7683206865,13035133,13020,13020,0,0,0,-0.5739107131958008,0,-0.010989189147949219,0,-0.0048847198486328125
7684449892,13036120,13021,13021,0,0,0,-0.5739107131958008,0,-0.010989189147949219,0,-0.0048847198486328125
7685778370,13039121,13024,13024,0,0,0,-0.5739107131958008,0,0.0036630630493164062,0,-0.0048847198486328125
7687106832,13040120,13025,13025,0,0,0,-0.5739107131958008,0,0.0036630630493164062,0,-0.0048847198486328125
7688435294,13042120,13027,13027,0,0,0,-0.5739107131958008,0,-0.010989189147949219,0,-0.0048847198486328125
7689763756,13043121,13028,13028,0,0,0,-0.5739107131958008,0,0.010989189147949219,0,-0.014652252197265625
7691092218,13044121,13029,13029,0,0,0,-0.5739107131958008,0,-0.0036630630493164062,0,-0.014652252197265625
7692420680,13045131,13030,13030,0,0,0,-0.5739107131958008,0,-0.010989189147949219,0,-0.0048847198486328125
7693749142,13047129,13032,13032,0,0,0,-0.5739107131958008,0,0.0036630630493164062,0,-0.0048847198486328125
7695077604,13048135,13033,13033,0,0,0,-0.5739107131958008,0,-0.0036630630493164062,0,0.0048847198486328125
7696406066,13049129,13034,13034,0,0,0,-0.5739107131958008,0,0.0036630630493164062,0,-0.0048847198486328125
7697734528,13051121,13036,13036,0,0,0,-0.5739107131958008,0,-0.010989189147949219,0,-0.0048847198486328125
7699062990,13052123,13037,13037,0,0,0,-0.5739107131958008,0,-0.010989189147949219,0,0.0048847198486328125
7700391452,13053123,13038,13038,0,0,0,-0.5739107131958008,0,-0.010989189147949219,0,-0.0048847198486328125
7701719914,13054120,13039,13039,0,0,0,-0.5739107131958008,0,-0.01831531524658203,0,-0.0048847198486328125
7703048376,13055129,13040,13040,0,0,0,-0.5739107131958008,0,0.0036630630493164062,0,-0.0048847198486328125
7704376838,13056120,13041,13041,0,0,0,-0.5739107131958008,0,-0.0036630630493164062,0,-0.0048847198486328125
7705705300,13057124,13042,13042,0,0,0,-0.5739107131958008,0,0.0036630630493164062,0,-0.014652252197265625
7707238395,13062138,13047,13047,0,0,0,-0.5739107131958008,0,-0.0036630630493164062,0,-0.0048847198486328125
7708662262,13063125,13048,13048,0,0,0,-0.5739107131958008,0,-0.0036630630493164062,0,-0.0048847198486328125
7710086129,13064121,13049,13049,0,0,0,-0.5739107131958008,0,-0.010989189147949219,0,-0.014652252197265625
7711509996,13065130,13050,13050,0,0,0,-0.5739107131958008,0,-0.01831531524658203,0,-0.0048847198486328125
7712933863,13066123,13051,13051,0,0,0,-0.5739107131958008,0,0.0036630630493164062,0,-0.0048847198486328125
7714357730,13067120,13052,13052,0,0,0,-0.5739107131958008,0,-0.0036630630493164062,0,-0.0048847198486328125
7715781597,13069121,13054,13054,0,0,0,-0.5739107131958008,0,-0.010989189147949219,0,-0.0048847198486328125
7717205464,13070124,13055,13055,0,0,0,-0.5739107131958008,0,-0.010989189147949219,0,-0.014652252197265625
7718629331,13071121,13056,13056,0,0,0,-0.5739107131958008,0,-0.0036630630493164062,0,-0.0048847198486328125
7720053198,13072120,13057,13057,0,0,0,-0.5739107131958008,0,-0.010989189147949219,0,-0.0048847198486328125
7721477065,13074122,13059,13059,0,0,0,-0.5739107131958008,0,0.0036630630493164062,0,-0.0048847198486328125
7722900932,13075140,13060,13060,0,0,0,-0.5739107131958008,0,-0.0036630630493164062,0,-0.0048847198486328125
7724324799,13078124,13063,13063,0,0,0,-0.5739107131958008,0,0.010989189147949219,0,-0.014652252197265625
7725748666,13080120,13065,13065,0,0,0,-0.5739107131958008,0,0.010989189147949219,0,-0.014652252197265625
7727172533,13081121,13066,13066,0,0,0,-0.5739107131958008,0,0.0036630630493164062,0,-0.014652252197265625
7728596400,13082122,13067,13067,0,0,0,-0.5739107131958008,0,-0.0036630630493164062,0,-0.014652252197265625
7730020267,13084120,13069,13069,0,0,0,-0.5739107131958008,0,-0.0036630630493164062,0,-0.014652252197265625
7731444134,13085129,13070,13070,0,0,0,-0.5739107131958008,0,-0.010989189147949219,0,-0.014652252197265625
7732868001,13086124,13071,13071,0,0,0,-0.5739107131958008,0,-0.01831531524658203,0,-0.0048847198486328125
7734291868,13087121,13072,13072,0,0,0,-0.5739107131958008,0,-0.0036630630493164062,0,-0.0048847198486328125
7735715735,13088120,13073,13073,0,0,0,-0.5739107131958008,0,0.0036630630493164062,0,-0.0048847198486328125
7737139602,13089129,13074,13074,0,0,0,-0.5739107131958008,0,0.0036630630493164062,0,-0.014652252197265625
7738563469,13090136,13075,13075,0,0,0,-0.5739107131958008,0,0.0036630630493164062,0,-0.014652252197265625
7739987336,13091128,13076,13076,0,0,0,-0.5739107131958008,0,-0.010989189147949219,0,-0.014652252197265625
7741411203,13093120,13078,13078,0,0,0,-0.5739107131958008,0,0.0036630630493164062,0,-0.014652252197265625
7742835070,13094120,13079,13079,0,0,0,-0.5739107131958008,0,0.0036630630493164062,0,-0.014652252197265625
7744258937,13096121,13081,13081,0,0,0,-0.5739107131958008,0,-0.010989189147949219,0,-0.024419784545898438
7745682804,13097121,13082,13082,0,0,0,-0.5739107131958008,0,-0.010989189147949219,0,-0.014652252197265625
7747106671,13098120,13083,13083,0,0,0,-0.5739107131958008,0,-0.0036630630493164062,0,-0.014652252197265625
7748530538,13100130,13085,13085,0,0,0,-0.5739107131958008,0,-0.0036630630493164062,0,-0.014652252197265625
7749954405,13101123,13086,13086,0,0,0,-0.5739107131958008,0,-0.0036630630493164062,0,-0.014652252197265625
7751378272,13102121,13087,13087,0,0,0,-0.5739107131958008,0,-0.0036630630493164062,0,-0.014652252197265625
7752646180,13106120,13091,13091,0,0,0,-0.5739107131958008,0,0.0036630630493164062,0,-0.014652252197265625
7753914048,13107124,13092,13092,0,0,0,-0.5739107131958008,0,-0.0036630630493164062,0,-0.014652252197265625
7755181916,13108121,13093,13093,0,0,0,-0.5739107131958008,0,-0.0036630630493164062,0,-0.0048847198486328125
7756449784,13109121,13094,13094,0,0,0,-0.5739107131958008,0,-0.01831531524658203,0,0.0048847198486328125
7757717652,13110121,13095,13095,0,0,0,-0.5739107131958008,0,0.0036630630493164062,0,-0.0048847198486328125
7758985520,13112120,13097,13097,0,0,0,-0.5739107131958008,0,-0.010989189147949219,0,-0.014652252197265625
7760253388,13113121,13098,13098,0,0,0,-0.5739107131958008,0,-0.0036630630493164062,0,-0.014652252197265625
7761521256,13114120,13099,13099,0,0,0,-0.5739107131958008,0,0.0036630630493164062,0,-0.014652252197265625
7762789124,13115133,13100,13100,0,0,0,-0.5739107131958008,0,-0.010989189147949219,0,-0.014652252197265625
7764056992,13116121,13101,13101,0,0,0,-0.5739107131958008,0,-0.0036630630493164062,0,-0.0048847198486328125
7765324860,13117128,13102,13102,0,0,0,-0.5739107131958008,0,0.0036630630493164062,0,-0.014652252197265625
7766592728,13118135,13103,13103,0,0,0,-0.5739107131958008,0,-0.0036630630493164062,0,-0.014652252197265625
7767860596,13119127,13104,13105,0,0,0,-0.5739107131958008,0,-0.0036630630493164062,0,-0.014652252197265625
7769128464,13121121,13106,13106,0,0,0,-0.5739107131958008,0,0.0036630630493164062,0,-0.014652252197265625
7770396332,13122120,13107,13107,0,0,0,-0.5739107131958008,0,0.010989189147949219,0,-0.014652252197265625
7771664200,13123121,13108,13108,0,0,0,-0.5739107131958008,0,-0.0036630630493164062,0,-0.014652252197265625
7773012560,13126120,13111,13111,0,0,0,-0.5739107131958008,0,-0.0036630630493164062,0,-0.014652252197265625
7774284600,13128124,13113,13113,0,0,0,-0.5739107131958008,0,-0.0036630630493164062,0,-0.014652252197265625
7775556640,13129121,13114,13114,0,0,0,-0.5739107131958008,0,0.0036630630493164062,0,-0.014652252197265625
7776828680,13130120,13115,13115,0,0,0,-0.5739107131958008,0,-0.010989189147949219,0,-0.014652252197265625
7778100720,13131129,13116,13116,0,0,0,-0.5739107131958008,0,-0.010989189147949219,0,-0.014652252197265625
7779372760,13133124,13118,13118,0,0,0,-0.5739107131958008,0,-0.01831531524658203,0,-0.014652252197265625
7780644800,13134120,13119,13119,0,0,0,-0.5739107131958008,0,0.010989189147949219,0,-0.014652252197265625
7781916840,13135129,13120,13120,0,0,0,-0.5739107131958008,0,-0.0036630630493164062,0,-0.014652252197265625
7783188880,13137121,13122,13122,0,0,0,-0.5739107131958008,0,-0.010989189147949219,0,-0.014652252197265625
7784460920,13138120,13123,13123,0,0,0,-0.5739107131958008,0,-0.010989189147949219,0,-0.014652252197265625
7785732960,13139121,13124,13124,0,0,0,-0.5739107131958008,0,-0.010989189147949219,0,-0.0048847198486328125
7787005000,13140123,13125,13125,0,0,0,-0.5739107131958008,0,-0.01831531524658203,0,-0.0048847198486328125
7788277040,13141121,13126,13126,0,0,0,-0.5739107131958008,0,-0.01831531524658203,0,0.0048847198486328125
7789549080,13142120,13127,13127,0,0,0,-0.5739107131958008,0,0.0036630630493164062,0,0.0048847198486328125
7790821120,13143120,13128,13128,0,0,0,-0.5739107131958008,0,0.0036630630493164062,0,-0.0048847198486328125
7792093160,13145139,13130,13130,0,0,0,-0.5739107131958008,0,0.0036630630493164062,0,-0.0048847198486328125
7793365200,13147125,13132,13132,0,0,0,-0.5739107131958008,0,-0.010989189147949219,0,-0.0048847198486328125
7794637240,13148122,13133,13133,0,0,0,-0.5739107131958008,0,-0.010989189147949219,0,-0.0048847198486328125
7795909280,13149125,13134,13134,0,0,0,-0.5739107131958008,0,-0.01831531524658203,0,-0.0048847198486328125
7797181320,13150129,13135,13136,0,0,0,-0.5739107131958008,0,0.0036630630493164062,0,-0.014652252197265625
7798453360,13152123,13137,13137,0,0,0,-0.5739107131958008,0,0.0036630630493164062,0,-0.0048847198486328125
7799725400,13153123,13138,13138,0,0,0,-0.5739107131958008,0,0.0036630630493164062,0,-0.0048847198486328125
7800997440,13154120,13139,13139,0,0,0,-0.5739107131958008,0,-0.0036630630493164062,0,-0.0048847198486328125
7802269480,13155129,13140,13140,0,0,0,-0.5739107131958008,0,-0.0036630630493164062,0,-0.0048847198486328125
7803541520,13157125,13142,13142,0,0,0,-0.5739107131958008,0,-0.0036630630493164062,0,-0.0048847198486328125
7804813560,13158120,13143,13143,0,0,0,-0.5739107131958008,0,-0.010989189147949219,0,-0.014652252197265625
7806085600,13159128,13144,13144,0,0,0,-0.5739107131958008,0,-0.0036630630493164062,0,-0.0048847198486328125
7807357640,13160135,13145,13145,0,0,0,-0.5739107131958008,0,0.0036630630493164062,0,-0.0048847198486328125
7808629680,13161127,13146,13146,0,0,0,-0.5739107131958008,0,-0.010989189147949219,0,-0.0048847198486328125
7809901720,13161127,13146,13147,0,0,0,-0.5739107131958008,0,-0.010989189147949219,0,-0.0048847198486328125
7811173760,13163121,13148,13148,0,0,0,-0.5739107131958008,0,-0.010989189147949219,0,-0.0048847198486328125
7812445800,13164121,13149,13149,0,0,0,-0.5739107131958008,0,-0.010989189147949219,0,0.0048847198486328125
7813961455,13170120,13155,13155,0,0,0,-0.5739107131958008,0,-0.0036630630493164062,0,-0.0048847198486328125
7815423350,13171121,13156,13156,0,0,0,-0.5739107131958008,0,-0.010989189147949219,0,-0.0048847198486328125
7816885245,13172121,13157,13157,0,0,0,-0.5739107131958008,0,0.0036630630493164062,0,-0.014652252197265625
7818347140,13173132,13158,13158,0,0,0,-0.5739107131958008,0,-0.0036630630493164062,0,-0.0048847198486328125
7819809035,13174137,13159,13159,0,0,0,-0.5739107131958008,0,0.0036630630493164062,0,-0.0048847198486328125
7821270930,13175133,13160,13160,0,0,0,-0.5739107131958008,0,-0.0036630630493164062,0,0.0048847198486328125
7822732825,13176120,13161,13161,0,0,0,-0.5739107131958008,0,-0.010989189147949219,0,-0.0048847198486328125
7824194720,13178124,13163,13163,0,0,0,-0.5739107131958008,0,-0.0036630630493164062,0,-0.0048847198486328125
7825656615,13179121,13164,13164,0,0,0,-0.5739107131958008,0,-0.0036630630493164062,0,-0.0048847198486328125
7827118510,13180120,13165,13165,0,0,0,-0.5739107131958008,0,-0.0036630630493164062,0,-0.014652252197265625
7828580405,13182122,13167,13167,0,0,0,-0.5739107131958008,0,-0.010989189147949219,0,-0.014652252197265625
7830042300,13183120,13168,13169,0,0,0,-0.5739107131958008,0,-0.0036630630493164062,0,-0.014652252197265625
7831504195,13185129,13170,13170,0,0,0,-0.5739107131958008,0,-0.0036630630493164062,0,-0.0048847198486328125
7832966090,13186124,13171,13171,0,0,0,-0.5739107131958008,0,-0.0036630630493164062,0,-0.0048847198486328125
7834427985,13187129,13172,13172,0,0,0,-0.5739107131958008,0,-0.0036630630493164062,0,-0.0048847198486328125
7835889880,13188135,13173,13173,0,0,0,-0.5739107131958008,0,-0.0036630630493164062,0,-0.0048847198486328125
7837351775,13191121,13176,13176,0,0,0,-0.5739107131958008,0,-0.0036630630493164062,0,-0.024419784545898438
7838813670,13192120,13177,13177,0,0,0,-0.5739107131958008,0,-0.010989189147949219,0,-0.014652252197265625
7840275565,13194124,13179,13179,0,0,0,-0.5739107131958008,0,-0.010989189147949219,0,-0.024419784545898438
7841737460,13195129,13180,13180,0,0,0,-0.5739107131958008,0,-0.010989189147949219,0,-0.024419784545898438
7843199355,13196121,13181,13182,0,0,0,-0.5739107131958008,0,0.0036630630493164062,0,-0.024419784545898438
7844661250,13198122,13183,13183,0,0,0,-0.5739107131958008,0,-0.0036630630493164062,0,-0.014652252197265625
7846123145,13199121,13184,13184,0,0,0,-0.5739107131958008,0,-0.010989189147949219,0,-0.0048847198486328125
7847585040,13200130,13186,13186,0,0,0,-0.5739107131958008,0,0.0036630630493164062,0,-0.0048847198486328125
7849046935,13202141,13187,13187,0,0,0,-0.5739107131958008,0,0.0036630630493164062,0,-0.014652252197265625
7850508830,13203125,13188,13188,0,0,0,-0.5739107131958008,0,-0.010989189147949219,0,-0.014652252197265625
7851970725,13204121,13189,13189,0,0,0,-0.5739107131958008,0,0.0036630630493164062,0,-0.014652252197265625
7853432620,13205129,13190,13190,0,0,0,-0.5739107131958008,0,-0.0036630630493164062,0,-0.0048847198486328125
7854894515,13206122,13191,13191,0,0,0,-0.5739107131958008,0,-0.0036630630493164062,0,-0.0048847198486328125
7856356410,13208120,13193,13193,0,0,0,-0.5739107131958008,0,-0.0036630630493164062,0,-0.0048847198486328125
7857818305,13209121,13194,13194,0,0,0,-0.5739107131958008,0,-0.010989189147949219,0,-0.014652252197265625
7859280200,13211123,13196,13196,0,0,0,-0.5739107131958008,0,-0.010989189147949219,0,-0.024419784545898438
7860666910,13214120,13199,13199,0,0,0,-0.5739107131958008,0,-0.010989189147949219,0,-0.014652252197265625
7862021564,13216135,13201,13201,0,0,0,-0.5739107131958008,0,0.0036630630493164062,0,-0.014652252197265625
7863376218,13217125,13202,13202,0,0,0,-0.5739107131958008,0,0.010989189147949219,0,-0.014652252197265625
7864730872,13218121,13203,13203,0,0,0,-0.5739107131958008,0,-0.010989189147949219,0,-0.014652252197265625
7866085526,13219123,13204,13204,0,0,0,-0.5739107131958008,0,-0.010989189147949219,0,-0.014652252197265625
7867440180,13220120,13205,13205,0,0,0,-0.5739107131958008,0,-0.010989189147949219,0,-0.014652252197265625
7868794834,13221121,13206,13206,0,0,0,-0.5739107131958008,0,-0.0036630630493164062,0,-0.014652252197265625
7870149488,13222120,13207,13207,0,0,0,-0.5739107131958008,0,0.0036630630493164062,0,-0.014652252197265625
7871504142,13224120,13209,13209,0,0,0,-0.5739107131958008,0,0.0036630630493164062,0,-0.014652252197265625
7872858796,13225129,13210,13210,0,0,0,-0.5739107131958008,0,0.0036630630493164062,0,-0.014652252197265625
7874213450,13226120,13211,13211,0,0,0,-0.5739107131958008,0,-0.010989189147949219,0,-0.0048847198486328125
7875568104,13228120,13213,13213,0,0,0,-0.5739107131958008,0,-0.0036630630493164062,0,-0.0048847198486328125
7876922758,13229129,13214,13214,0,0,0,-0.5739107131958008,0,-0.010989189147949219,0,-0.0048847198486328125
7878277412,13230135,13215,13216,0,0,0,-0.5739107131958008,0,0.0036630630493164062,0,-0.0048847198486328125
7879632066,13232121,13217,13217,0,0,0,-0.5739107131958008,0,0.0036630630493164062,0,-0.014652252197265625
7880986720,13233120,13218,13218,0,0,0,-0.5739107131958008,0,-0.010989189147949219,0,-0.0048847198486328125
7882341374,13235130,13220,13221,0,0,0,-0.5739107131958008,0,0.0036630630493164062,0,-0.014652252197265625
7883696028,13237121,13222,13222,0,0,0,-0.5739107131958008,0,-0.010989189147949219,0,-0.0048847198486328125
7885050682,13238120,13223,13223,0,0,0,-0.5739107131958008,0,-0.010989189147949219,0,-0.0048847198486328125
7886405336,13239121,13224,13224,0,0,0,-0.5739107131958008,0,0.0036630630493164062,0,-0.0048847198486328125
7887759990,13240122,13225,13225,0,0,0,-0.5739107131958008,0,0.0036630630493164062,0,-0.014652252197265625
7889114644,13241121,13226,13226,0,0,0,-0.5739107131958008,0,0.0036630630493164062,0,-0.024419784545898438
7890469298,13243128,13228,13228,0,0,0,-0.5739107131958008,0,-0.0036630630493164062,0,-0.014652252197265625
7891823952,13244138,13229,13230,0,0,0,-0.5739107131958008,0,0.0036630630493164062,0,-0.014652252197265625
7893178606,13246120,13231,13231,0,0,0,-0.5739107131958008,0,-0.010989189147949219,0,-0.014652252197265625
7894533260,13247121,13232,13232,0,0,0,-0.5739107131958008,0,-0.0036630630493164062,0,-0.0048847198486328125
7895887914,13248122,13233,13233,0,0,0,-0.5739107131958008,0,-0.0036630630493164062,0,-0.0048847198486328125
7897242568,13249121,13234,13234,0,0,0,-0.5739107131958008,0,-0.0036630630493164062,0,-0.014652252197265625
7898597222,13251121,13236,13236,0,0,0,-0.5739107131958008,0,-0.010989189147949219,0,-0.0048847198486328125
7899951876,13252126,13237,13237,0,0,0,-0.5739107131958008,0,-0.010989189147949219,0,-0.0048847198486328125
7901306530,13253121,13238,13238,0,0,0,-0.5739107131958008,0,-0.0036630630493164062,0,-0.014652252197265625
7902661184,13254120,13239,13239,0,0,0,-0.5739107131958008,0,-0.0036630630493164062,0,-0.014652252197265625
7903946185,13257132,13242,13242,0,0,0,-0.5739107131958008,0,0.0036630630493164062,0,-0.0048847198486328125
7905231166,13259125,13244,13244,0,0,0,-0.5739107131958008,0,0.0036630630493164062,0,-0.0048847198486328125
7906516147,13261121,13246,13246,0,0,0,-0.5739107131958008,0,-0.0036630630493164062,0,-0.0048847198486328125
7907801128,13262120,13247,13247,0,0,0,-0.5739107131958008,0,-0.010989189147949219,0,-0.0048847198486328125
7909086109,13263121,13248,13248,0,0,0,-0.5739107131958008,0,-0.010989189147949219,0,-0.0048847198486328125
7910371090,13264123,13249,13249,0,0,0,-0.5739107131958008,0,-0.0036630630493164062,0,-0.0048847198486328125
7911656071,13265133,13250,13250,0,0,0,-0.5739107131958008,0,0.0036630630493164062,0,-0.0048847198486328125
7912941052,13266120,13251,13251,0,0,0,-0.5739107131958008,0,0.0036630630493164062,0,-0.0048847198486328125
7914226033,13267120,13252,13252,0,0,0,-0.5739107131958008,0,-0.0036630630493164062,0,-0.0048847198486328125
7915511014,13268121,13253,13253,0,0,0,-0.5739107131958008,0,-0.0036630630493164062,0,-0.0048847198486328125
7916795995,13269123,13254,13254,0,0,0,-0.5739107131958008,0,-0.010989189147949219,0,-0.0048847198486328125
7918080976,13270120,13255,13255,0,0,0,-0.5739107131958008,0,-0.01831531524658203,0,-0.0048847198486328125
7919365957,13271129,13256,13256,0,0,0,-0.5739107131958008,0,0.0036630630493164062,0,-0.0048847198486328125
7920650938,13272135,13257,13257,0,0,0,-0.5739107131958008,0,0.0036630630493164062,0,-0.0048847198486328125
7921935919,13273128,13258,13258,0,0,0,-0.5739107131958008,0,-0.0036630630493164062,0,-0.0048847198486328125
7923220900,13275129,13260,13260,0,0,0,-0.5739107131958008,0,-0.0036630630493164062,0,-0.0048847198486328125
7924807155,13280120,13265,13265,0,0,0,-0.5739107131958008,0,-0.0036630630493164062,0,-0.014652252197265625
7926393398,13282120,13267,13267,0,0,0,-0.5739107131958008,0,-0.0036630630493164062,0,-0.014652252197265625
7927979641,13283120,13268,13268,0,0,0,-0.5739107131958008,0,-0.0036630630493164062,0,-0.014652252197265625
7929565884,13284120,13269,13269,0,0,0,-0.5739107131958008,0,-0.0036630630493164062,0,-0.014652252197265625
7931152127,13285139,13270,13270,0,0,0,-0.5739107131958008,0,-0.010989189147949219,0,-0.014652252197265625
7932738370,13287125,13272,13272,0,0,0,-0.5739107131958008,0,0.010989189147949219,0,-0.014652252197265625
7934324613,13288120,13273,13273,0,0,0,-0.5739107131958008,0,-0.0036630630493164062,0,-0.014652252197265625
7935910856,13289124,13274,13274,0,0,0,-0.5739107131958008,0,-0.0036630630493164062,0,-0.014652252197265625
7937497099,13291121,13276,13276,0,0,0,-0.5739107131958008,0,-0.0036630630493164062,0,-0.0048847198486328125
7939083342,13292120,13277,13277,0,0,0,-0.5739107131958008,0,-0.010989189147949219,0,-0.0048847198486328125
7940669585,13293122,13278,13278,0,0,0,-0.5739107131958008,0,-0.0036630630493164062,0,-0.0048847198486328125
7942255828,13294124,13280,13280,0,0,0,-0.5739107131958008,0,-0.0036630630493164062,0,-0.0048847198486328125
7943842071,13296121,13281,13281,0,0,0,-0.5739107131958008,0,-0.0036630630493164062,0,-0.0048847198486328125
7945428314,13297121,13282,13282,0,0,0,-0.5739107131958008,0,-0.010989189147949219,0,-0.0048847198486328125
7947014557,13299128,13284,13284,0,0,0,-0.5739107131958008,0,-0.0036630630493164062,0,-0.014652252197265625
7948600800,13300145,13285,13285,0,0,0,-0.5739107131958008,0,-0.0036630630493164062,0,-0.0048847198486328125
7952190135,13309121,13294,13294,0,0,0,-0.5739107131958008,0,-0.0036630630493164062,0,-0.014652252197265625
7955227303,13318124,13303,13303,0,0,0,-0.5739107131958008,0,-0.010989189147949219,0,-0.0048847198486328125
7958264471,13325129,13310,13310,0,0,0,-0.5739107131958008,0,-0.0036630630493164062,0,-0.0048847198486328125
7961301639,13334121,13319,13319,0,0,0,-0.5739107131958008,0,-0.010989189147949219,0,-0.024419784545898438
7964338807,13338120,13323,13323,0,0,0,-0.5739107131958008,0,-0.0036630630493164062,0,-0.014652252197265625
7967375975,13340120,13325,13326,0,0,0,-0.5739107131958008,0,0.0036630630493164062,0,-0.0048847198486328125
7970413143,13342135,13327,13327,0,0,0,-0.5739107131958008,0,-0.0036630630493164062,0,-0.0048847198486328125
7973450311,13345129,13330,13330,0,0,0,-0.5739107131958008,0,-0.0036630630493164062,0,-0.014652252197265625
7976487479,13347124,13332,13332,0,0,0,-0.5739107131958008,0,-0.010989189147949219,0,-0.0048847198486328125
7979524647,13349121,13334,13334,0,0,0,-0.5739107131958008,0,-0.010989189147949219,0,0.0048847198486328125
7982561815,13350128,13335,13335,0,0,0,-0.5739107131958008,0,-0.010989189147949219,0,0.0048847198486328125
7985598983,13351123,13336,13336,0,0,0,-0.5739107131958008,0,-0.0036630630493164062,0,-0.0048847198486328125
7988636151,13353121,13338,13338,0,0,0,-0.5739107131958008,0,-0.010989189147949219,0,-0.0048847198486328125
7991673319,13354120,13339,13339,0,0,0,-0.5739107131958008,0,0.0036630630493164062,0,-0.0048847198486328125
7994710487,13356137,13341,13341,0,0,0,-0.5739107131958008,0,-0.010989189147949219,0,-0.0048847198486328125
7997747655,13357125,13342,13342,0,0,0,-0.5739107131958008,0,0.0036630630493164062,0,-0.0048847198486328125
8000784823,13362120,13347,13347,0,0,0,-0.5739107131958008,0,0.0036630630493164062,0,-0.0048847198486328125
8003821991,13363121,13348,13348,0,0,0,-0.5739107131958008,0,-0.0036630630493164062,0,-0.014652252197265625
8006859159,13366120,13351,13351,0,0,0,-0.5739107131958008,0,-0.0036630630493164062,0,-0.014652252197265625
8009896327,13367120,13352,13352,0,0,0,-0.5739107131958008,0,-0.010989189147949219,0,-0.0048847198486328125
8012933495,13369129,13354,13354,0,0,0,-0.5739107131958008,0,-0.0036630630493164062,0,-0.0048847198486328125
8015970663,13370135,13355,13355,0,0,0,-0.5739107131958008,0,-0.010989189147949219,0,-0.014652252197265625
8019007831,13372122,13357,13357,0,0,0,-0.5739107131958008,0,-0.010989189147949219,0,-0.014652252197265625
8022044999,13373120,13358,13358,0,0,0,-0.5739107131958008,0,-0.010989189147949219,0,-0.024419784545898438
8023667125,13376124,13361,13361,0,0,0,-0.5739107131958008,0,-0.01831531524658203,0,-0.014652252197265625
8025289250,13377121,13362,13362,0,0,0,-0.5739107131958008,0,0.0036630630493164062,0,-0.0048847198486328125
8026911375,13379121,13364,13364,0,0,0,-0.5739107131958008,0,-0.0036630630493164062,0,-0.0048847198486328125
8028533500,13381124,13366,13366,0,0,0,-0.5739107131958008,0,0.0036630630493164062,0,0.0048847198486328125
8030155625,13382120,13367,13367,0,0,0,-0.5739107131958008,0,0.0036630630493164062,0,-0.014652252197265625
8031777750,13383128,13368,13368,0,0,0,-0.5739107131958008,0,-0.0036630630493164062,0,-0.0048847198486328125
8033399875,13385135,13370,13370,0,0,0,-0.5739107131958008,0,-0.0036630630493164062,0,-0.014652252197265625
8035022000,13386120,13371,13371,0,0,0,-0.5739107131958008,0,-0.010989189147949219,0,-0.014652252197265625
8036644125,13387121,13373,13373,0,0,0,-0.5739107131958008,0,-0.0036630630493164062,0,-0.014652252197265625
8038266250,13389125,13374,13374,0,0,0,-0.5739107131958008,0,-0.0036630630493164062,0,-0.014652252197265625
8039888375,13391120,13376,13376,0,0,0,-0.5739107131958008,0,-0.010989189147949219,0,-0.014652252197265625
8041510500,13392121,13377,13377,0,0,0,-0.5739107131958008,0,-0.010989189147949219,0,-0.014652252197265625
8043132625,13394120,13379,13379,0,0,0,-0.5739107131958008,0,0.0036630630493164062,0,-0.0048847198486328125
8044754750,13396122,13381,13381,0,0,0,-0.5739107131958008,0,0.0036630630493164062,0,-0.0048847198486328125
8046376875,13397132,13382,13382,0,0,0,-0.5739107131958008,0,-0.010989189147949219,0,-0.014652252197265625
8047999000,13399125,13384,13384,0,0,0,-0.5739107131958008,0,-0.010989189147949219,0,-0.0048847198486328125
8049923810,13406120,13391,13391,0,0,0,-0.5739107131958008,0,-0.0036630630493164062,0,-0.0048847198486328125
8051848616,13407121,13392,13392,0,0,0,-0.5739107131958008,0,-0.0036630630493164062,0,-0.0048847198486328125
8053773422,13408120,13393,13393,0,0,0,-0.5739107131958008,0,-0.0036630630493164062,0,-0.014652252197265625
8055698228,13409123,13394,13394,0,0,0,-0.5739107131958008,0,-0.0036630630493164062,0,-0.0048847198486328125
8057623034,13410124,13395,13395,0,0,0,-0.5739107131958008,0,-0.01831531524658203,0,-0.014652252197265625
8059547840,13412134,13397,13397,0,0,0,-0.5739107131958008,0,0.0036630630493164062,0,-0.014652252197265625
8061472646,13417120,13402,13402,0,0,0,-0.5739107131958008,0,-0.010989189147949219,0,-0.0048847198486328125
8063397452,13418124,13403,13403,0,0,0,-0.5739107131958008,0,-0.010989189147949219,0,-0.0048847198486328125
8065322258,13419121,13405,13405,0,0,0,-0.5739107131958008,0,-0.0036630630493164062,0,-0.0048847198486328125
8067247064,13421121,13406,13406,0,0,0,-0.5739107131958008,0,-0.0036630630493164062,0,0.0048847198486328125
8069171870,13422122,13407,13407,0,0,0,-0.5739107131958008,0,-0.010989189147949219,0,-0.0048847198486328125
8071096676,13423120,13408,13408,0,0,0,-0.5739107131958008,0,-0.010989189147949219,0,0.0048847198486328125
8073021482,13425137,13410,13410,0,0,0,-0.5739107131958008,0,0.0036630630493164062,0,0.0048847198486328125
8074946288,13427125,13412,13412,0,0,0,-0.5739107131958008,0,-0.010989189147949219,0,0.0048847198486328125
8076871094,13428121,13413,13413,0,0,0,-0.5739107131958008,0,-0.010989189147949219,0,-0.0048847198486328125
8078795900,13430122,13415,13415,0,0,0,-0.5739107131958008,0,-0.010989189147949219,0,-0.0048847198486328125
8080383135,13433120,13418,13418,0,0,0,-0.5739107131958008,0,0.010989189147949219,0,-0.0048847198486328125
8081970366,13434124,13419,13419,0,0,0,-0.5739107131958008,0,0.0036630630493164062,0,-0.014652252197265625
8083557597,13436120,13421,13421,0,0,0,-0.5739107131958008,0,-0.0036630630493164062,0,-0.024419784545898438
8085144828,13437121,13422,13422,0,0,0,-0.5739107131958008,0,-0.0036630630493164062,0,-0.024419784545898438
8086732059,13439132,13424,13424,0,0,0,-0.5739107131958008,0,-0.0036630630493164062,0,-0.024419784545898438
8088319290,13440135,13425,13425,0,0,0,-0.5739107131958008,0,-0.0036630630493164062,0,-0.024419784545898438
8089906521,13442120,13427,13427,0,0,0,-0.5739107131958008,0,-0.010989189147949219,0,-0.024419784545898438
8091493752,13443122,13428,13428,0,0,0,-0.5739107131958008,0,-0.0036630630493164062,0,-0.014652252197265625
8093080983,13444120,13429,13429,0,0,0,-0.5739107131958008,0,-0.0036630630493164062,0,-0.014652252197265625
8094668214,13446120,13431,13431,0,0,0,-0.5739107131958008,0,-0.0036630630493164062,0,-0.014652252197265625
8096255445,13448121,13433,13433,0,0,0,-0.5739107131958008,0,-0.0036630630493164062,0,-0.014652252197265625
8097842676,13449121,13434,13434,0,0,0,-0.5739107131958008,0,-0.0036630630493164062,0,-0.014652252197265625
8099429907,13450128,13436,13436,0,0,0,-0.5739107131958008,0,-0.0036630630493164062,0,-0.014652252197265625
8101017138,13452122,13437,13437,0,0,0,-0.5739107131958008,0,-0.010989189147949219,0,-0.014652252197265625
8102604369,13454135,13439,13439,0,0,0,-0.5739107131958008,0,-0.0036630630493164062,0,-0.014652252197265625
8104191600,13455136,13440,13440,0,0,0,-0.5739107131958008,0,-0.010989189147949219,0,-0.014652252197265625
8105836595,13459123,13444,13444,0,0,0,-0.5739107131958008,0,-0.010989189147949219,0,-0.014652252197265625
8107481582,13461121,13446,13446,0,0,0,-0.5739107131958008,0,-0.0036630630493164062,0,-0.0048847198486328125
8109126569,13462120,13447,13447,0,0,0,-0.5739107131958008,0,0.0036630630493164062,0,-0.0048847198486328125
8110771556,13463125,13448,13448,0,0,0,-0.5739107131958008,0,0.010989189147949219,0,-0.0048847198486328125
8112416543,13465129,13450,13450,0,0,0,-0.5739107131958008,0,-0.0036630630493164062,0,-0.0048847198486328125
8114061530,13466121,13451,13451,0,0,0,-0.5739107131958008,0,-0.010989189147949219,0,-0.0048847198486328125
8115706517,13468138,13453,13453,0,0,0,-0.5739107131958008,0,-0.010989189147949219,0,-0.0048847198486328125
8117351504,13469125,13454,13454,0,0,0,-0.5739107131958008,0,0.010989189147949219,0,-0.0048847198486328125
8118996491,13470120,13455,13455,0,0,0,-0.5739107131958008,0,-0.0036630630493164062,0,-0.0048847198486328125
8120641478,13473121,13458,13458,0,0,0,-0.5739107131958008,0,0.0036630630493164062,0,-0.014652252197265625
8122286465,13474120,13459,13460,0,0,0,-0.5739107131958008,0,-0.010989189147949219,0,-0.014652252197265625
8123931452,13476124,13461,13461,0,0,0,-0.5739107131958008,0,0.0036630630493164062,0,-0.014652252197265625
8125576439,13477121,13462,13462,0,0,0,-0.5739107131958008,0,-0.0036630630493164062,0,-0.014652252197265625
8127221426,13479121,13464,13464,0,0,0,-0.5739107131958008,0,-0.0036630630493164062,0,-0.014652252197265625
8128866413,13480122,13465,13465,0,0,0,-0.5739107131958008,0,-0.010989189147949219,0,-0.014652252197265625
8130511400,13481132,13466,13467,0,0,0,-0.5739107131958008,0,-0.010989189147949219,0,-0.014652252197265625
8132031880,13485131,13470,13470,0,0,0,-0.5739107131958008,0,0.0036630630493164062,0,-0.014652252197265625
8133418787,13486120,13471,13471,0,0,0,-0.5739107131958008,0,-0.010989189147949219,0,-0.014652252197265625
8134805694,13488122,13473,13473,0,0,0,-0.5739107131958008,0,0.0036630630493164062,0,-0.014652252197265625
8136192601,13489120,13474,13474,0,0,0,-0.5739107131958008,0,-0.01831531524658203,0,-0.014652252197265625
8137579508,13491120,13476,13476,0,0,0,-0.5739107131958008,0,-0.0036630630493164062,0,-0.0048847198486328125
8138966415,13492125,13477,13477,0,0,0,-0.5739107131958008,0,0.0036630630493164062,0,-0.0048847198486328125
8140353322,13493121,13478,13478,0,0,0,-0.5739107131958008,0,-0.0036630630493164062,0,-0.014652252197265625
8141740229,13494120,13479,13479,0,0,0,-0.5739107131958008,0,0.0036630630493164062,0,-0.014652252197265625
8143127136,13495137,13480,13480,0,0,0,-0.5739107131958008,0,0.0036630630493164062,0,-0.0048847198486328125
8144514043,13497129,13482,13482,0,0,0,-0.5739107131958008,0,-0.010989189147949219,0,-0.0048847198486328125
8145900950,13498120,13483,13483,0,0,0,-0.5739107131958008,0,0.010989189147949219,0,-0.0048847198486328125
8147287857,13499121,13484,13484,0,0,0,-0.5739107131958008,0,0.0036630630493164062,0,-0.0048847198486328125
8148674764,13501125,13486,13487,0,0,0,-0.5739107131958008,0,-0.010989189147949219,0,-0.0048847198486328125
8150061671,13503121,13488,13488,0,0,0,-0.5739107131958008,0,0.0036630630493164062,0,-0.0048847198486328125
8151448578,13504120,13489,13489,0,0,0,-0.5739107131958008,0,0.0036630630493164062,0,0.0048847198486328125
8152835485,13506120,13491,13491,0,0,0,-0.5739107131958008,0,-0.01831531524658203,0,0.0048847198486328125
8154222392,13512121,13497,13497,0,0,0,-0.5739107131958008,0,-0.010989189147949219,0,0.0048847198486328125
8155609299,13513124,13498,13498,0,0,0,-0.5739107131958008,0,0.0036630630493164062,0,0.0048847198486328125
8156996206,13514120,13499,13499,0,0,0,-0.5739107131958008,0,0.0036630630493164062,0,-0.0048847198486328125
8158383113,13515129,13500,13500,0,0,0,-0.5739107131958008,0,0.010989189147949219,0,-0.014652252197265625
8159770020,13516120,13501,13501,0,0,0,-0.5739107131958008,0,-0.0036630630493164062,0,-0.0048847198486328125
8161156927,13516120,13501,13501,0,0,0,-0.5739107131958008,0,-0.0036630630493164062,0,-0.0048847198486328125
8162543834,13517122,13502,13502,0,0,0,-0.5739107131958008,0,-0.0036630630493164062,0,-0.0048847198486328125
8163930741,13518120,13503,13503,0,0,0,-0.5739107131958008,0,-0.010989189147949219,0,-0.0048847198486328125
8165317648,13519121,13504,13504,0,0,0,-0.5739107131958008,0,-0.010989189147949219,0,-0.0048847198486328125
8166704555,13520120,13505,13505,0,0,0,-0.5739107131958008,0,-0.010989189147949219,0,-0.0048847198486328125
8168091462,13521124,13506,13506,0,0,0,-0.5739107131958008,0,0.0036630630493164062,0,-0.0048847198486328125
8169478369,13522120,13507,13507,0,0,0,-0.5739107131958008,0,-0.0036630630493164062,0,0.0048847198486328125
8170865276,13523128,13508,13508,0,0,0,-0.5739107131958008,0,-0.0036630630493164062,0,-0.0048847198486328125
8172252183,13524135,13509,13509,0,0,0,-0.5739107131958008,0,-0.010989189147949219,0,-0.0048847198486328125
8173639090,13525135,13510,13510,0,0,0,-0.5739107131958008,0,-0.010989189147949219,0,-0.0048847198486328125
8175025997,13527121,13512,13512,0,0,0,-0.5739107131958008,0,-0.010989189147949219,0,-0.0048847198486328125
8176118705,13529121,13514,13514,0,0,0,-0.5739107131958008,0,-0.010989189147949219,0,0.0048847198486328125
8177211398,13530122,13515,13515,0,0,0,-0.5739107131958008,0,0.0036630630493164062,0,0.0048847198486328125
8178304091,13531121,13516,13516,0,0,0,-0.5739107131958008,0,-0.010989189147949219,0,0.0048847198486328125
8179396784,13532121,13517,13517,0,0,0,-0.5739107131958008,0,-0.0036630630493164062,0,-0.0048847198486328125
8180489477,13533121,13518,13518,0,0,0,-0.5739107131958008,0,-0.0036630630493164062,0,-0.014652252197265625
8181582170,13534124,13519,13519,0,0,0,-0.5739107131958008,0,-0.0036630630493164062,0,-0.014652252197265625
8182674863,13535129,13520,13520,0,0,0,-0.5739107131958008,0,0.0036630630493164062,0,-0.014652252197265625
8183767556,13536120,13521,13521,0,0,0,-0.5739107131958008,0,0.0036630630493164062,0,-0.014652252197265625
8184860249,13537129,13522,13522,0,0,0,-0.5739107131958008,0,0.0036630630493164062,0,-0.014652252197265625
8185952942,13538137,13523,13523,0,0,0,-0.5739107131958008,0,0.0036630630493164062,0,-0.014652252197265625
8187045635,13539129,13524,13524,0,0,0,-0.5739107131958008,0,0.0036630630493164062,0,-0.0048847198486328125
8188138328,13540120,13525,13525,0,0,0,-0.5739107131958008,0,0.0036630630493164062,0,-0.0048847198486328125
8189231021,13541121,13526,13526,0,0,0,-0.5739107131958008,0,0.0036630630493164062,0,-0.0048847198486328125
8190323714,13542124,13527,13527,0,0,0,-0.5739107131958008,0,-0.0036630630493164062,0,-0.0048847198486328125
8191416407,13543121,13528,13528,0,0,0,-0.5739107131958008,0,-0.010989189147949219,0,-0.0048847198486328125
8192509100,13544121,13529,13529,0,0,0,-0.5739107131958008,0,-0.010989189147949219,0,-0.014652252197265625
8193678280,13546122,13531,13531,0,0,0,-0.5739107131958008,0,-0.0036630630493164062,0,-0.014652252197265625
8194847448,13548120,13533,13533,0,0,0,-0.5739107131958008,0,-0.0036630630493164062,0,-0.024419784545898438
8196016616,13549121,13534,13534,0,0,0,-0.5739107131958008,0,-0.010989189147949219,0,-0.024419784545898438
8197185784,13550132,13535,13535,0,0,0,-0.5739107131958008,0,-0.0036630630493164062,0,-0.014652252197265625
8198354952,13551131,13536,13536,0,0,0,-0.5739107131958008,0,-0.010989189147949219,0,-0.014652252197265625
8199524120,13552137,13537,13537,0,0,0,-0.5739107131958008,0,0.0036630630493164062,0,-0.014652252197265625
8200693288,13553124,13538,13538,0,0,0,-0.5739107131958008,0,-0.0036630630493164062,0,-0.0048847198486328125
8201862456,13554122,13539,13539,0,0,0,-0.5739107131958008,0,-0.010989189147949219,0,-0.0048847198486328125
8203031624,13555133,13540,13540,0,0,0,-0.5739107131958008,0,0.010989189147949219,0,-0.0048847198486328125
8204200792,13556120,13541,13541,0,0,0,-0.5739107131958008,0,-0.0036630630493164062,0,-0.0048847198486328125
8205369960,13557121,13542,13542,0,0,0,-0.5739107131958008,0,-0.0036630630493164062,0,-0.0048847198486328125
8206539128,13558121,13543,13543,0,0,0,-0.5739107131958008,0,-0.010989189147949219,0,-0.0048847198486328125
8207708296,13559123,13544,13544,0,0,0,-0.5739107131958008,0,-0.01831531524658203,0,-0.0048847198486328125
8208877464,13561121,13546,13546,0,0,0,-0.5739107131958008,0,-0.0036630630493164062,0,-0.0048847198486328125
8210046632,13562120,13547,13547,0,0,0,-0.5739107131958008,0,-0.01831531524658203,0,-0.0048847198486328125
8211215800,13563124,13548,13548,0,0,0,-0.5739107131958008,0,-0.0036630630493164062,0,-0.0048847198486328125
8212431895,13565136,13550,13550,0,0,0,-0.5739107131958008,0,-0.0036630630493164062,0,-0.014652252197265625
8213599440,13566135,13551,13551,0,0,0,-0.5739107131958008,0,-0.0036630630493164062,0,-0.024419784545898438
8214766985,13567127,13552,13552,0,0,0,-0.5739107131958008,0,0.0036630630493164062,0,-0.024419784545898438
8215934530,13568120,13553,13553,0,0,0,-0.5739107131958008,0,0.010989189147949219,0,-0.024419784545898438
8217102075,13569121,13554,13554,0,0,0,-0.5739107131958008,0,-0.0036630630493164062,0,-0.024419784545898438
8218269620,13570120,13555,13555,0,0,0,-0.5739107131958008,0,0.010989189147949219,0,-0.024419784545898438
8219437165,13571125,13556,13556,0,0,0,-0.5739107131958008,0,-0.0036630630493164062,0,-0.014652252197265625
8220604710,13573121,13558,13558,0,0,0,-0.5739107131958008,0,-0.010989189147949219,0,-0.014652252197265625
8221772255,13574120,13559,13559,0,0,0,-0.5739107131958008,0,-0.010989189147949219,0,-0.024419784545898438
8222939800,13575131,13560,13560,0,0,0,-0.5739107131958008,0,0.010989189147949219,0,-0.014652252197265625
8224107345,13576124,13561,13561,0,0,0,-0.5739107131958008,0,-0.010989189147949219,0,-0.014652252197265625
8225274890,13577121,13562,13562,0,0,0,-0.5739107131958008,0,-0.010989189147949219,0,-0.014652252197265625
8226442435,13579132,13564,13564,0,0,0,-0.5739107131958008,0,-0.010989189147949219,0,-0.014652252197265625
8227609980,13580136,13565,13565,0,0,0,-0.5739107131958008,0,-0.0036630630493164062,0,-0.014652252197265625
8228777525,13581124,13566,13566,0,0,0,-0.5739107131958008,0,-0.010989189147949219,0,-0.014652252197265625
8229945070,13582120,13567,13567,0,0,0,-0.5739107131958008,0,-0.0036630630493164062,0,-0.014652252197265625
8231112615,13585129,13570,13570,0,0,0,-0.5739107131958008,0,0.0036630630493164062,0,-0.014652252197265625
8232280160,13586120,13571,13571,0,0,0,-0.5739107131958008,0,-0.0036630630493164062,0,-0.014652252197265625
8233447705,13587121,13572,13572,0,0,0,-0.5739107131958008,0,-0.0036630630493164062,0,-0.014652252197265625
8234615250,13588122,13573,13573,0,0,0,-0.5739107131958008,0,-0.010989189147949219,0,-0.024419784545898438
8235782795,13589121,13574,13574,0,0,0,-0.5739107131958008,0,-0.0036630630493164062,0,-0.024419784545898438
8236950340,13590120,13575,13575,0,0,0,-0.5739107131958008,0,-0.01831531524658203,0,-0.024419784545898438
8238117885,13591120,13576,13576,0,0,0,-0.5739107131958008,0,-0.010989189147949219,0,-0.014652252197265625
8239285430,13592124,13577,13577,0,0,0,-0.5739107131958008,0,-0.010989189147949219,0,-0.024419784545898438
8240452975,13593128,13578,13579,0,0,0,-0.5739107131958008,0,0.0036630630493164062,0,-0.014652252197265625
8241620520,13595133,13580,13580,0,0,0,-0.5739107131958008,0,-0.010989189147949219,0,-0.014652252197265625
8242788065,13596123,13581,13581,0,0,0,-0.5739107131958008,0,-0.010989189147949219,0,-0.014652252197265625
8243955610,13597121,13582,13582,0,0,0,-0.5739107131958008,0,0.0036630630493164062,0,-0.014652252197265625
8245123155,13598121,13583,13583,0,0,0,-0.5739107131958008,0,-0.010989189147949219,0,-0.014652252197265625
8246290700,13599121,13584,13584,0,0,0,-0.5739107131958008,0,0.0036630630493164062,0,-0.014652252197265625
8247458245,13599121,13584,13584,0,0,0,-0.5739107131958008,0,-0.010989189147949219,0,-0.014652252197265625
8248625790,13600133,13585,13585,0,0,0,-0.5739107131958008,0,-0.0036630630493164062,0,-0.014652252197265625
8249785600,13602120,13587,13587,0,0,0,-0.5739107131958008,0,0.0036630630493164062,0,-0.014652252197265625
8250945400,13604121,13589,13589,0,0,0,-0.5739107131958008,0,0.0036630630493164062,0,-0.014652252197265625
8252105200,13605133,13590,13590,0,0,0,-0.5739107131958008,0,0.0036630630493164062,0,-0.0048847198486328125
8253265000,13606120,13591,13591,0,0,0,-0.5739107131958008,0,-0.010989189147949219,0,-0.014652252197265625
8254424800,13607128,13592,13592,0,0,0,-0.5739107131958008,0,0.0036630630493164062,0,-0.014652252197265625
8255584600,13608140,13593,13593,0,0,0,-0.5739107131958008,0,-0.010989189147949219,0,-0.0048847198486328125
8256744400,13609127,13594,13594,0,0,0,-0.5739107131958008,0,0.0036630630493164062,0,-0.0048847198486328125
8257904200,13611121,13596,13596,0,0,0,-0.5739107131958008,0,-0.0036630630493164062,0,-0.0048847198486328125
8259064000,13612122,13597,13597,0,0,0,-0.5739107131958008,0,-0.0036630630493164062,0,-0.014652252197265625
8260223800,13613124,13598,13598,0,0,0,-0.5739107131958008,0,-0.0036630630493164062,0,-0.014652252197265625
8261383600,13614120,13599,13599,0,0,0,-0.5739107131958008,0,-0.010989189147949219,0,-0.014652252197265625
8262543400,13615129,13600,13600,0,0,0,-0.5739107131958008,0,-0.0036630630493164062,0,-0.0048847198486328125
8263703200,13616120,13601,13601,0,0,0,-0.5739107131958008,0,-0.010989189147949219,0,-0.0048847198486328125
8264863000,13617122,13602,13602,0,0,0,-0.5739107131958008,0,-0.0036630630493164062,0,0.0048847198486328125
8266022800,13618120,13603,13603,0,0,0,-0.5739107131958008,0,0.010989189147949219,0,0.0048847198486328125
8267182600,13619121,13604,13604,0,0,0,-0.5739107131958008,0,-0.010989189147949219,0,0.0048847198486328125
8268547045,13624120,13609,13609,0,0,0,-0.5739107131958008,0,-0.0036630630493164062,0,0.0048847198486328125
8269911482,13625131,13610,13610,0,0,0,-0.5739107131958008,0,-0.0036630630493164062,0,-0.0048847198486328125
8271275919,13626120,13611,13611,0,0,0,-0.5739107131958008,0,-0.010989189147949219,0,-0.0048847198486328125
8272640356,13627121,13612,13612,0,0,0,-0.5739107131958008,0,-0.010989189147949219,0,-0.0048847198486328125
8274004793,13628120,13613,13613,0,0,0,-0.5739107131958008,0,-0.010989189147949219,0,-0.014652252197265625
8275369230,13629125,13614,13614,0,0,0,-0.5739107131958008,0,-0.010989189147949219,0,-0.0048847198486328125
8276733667,13630120,13615,13615,0,0,0,-0.5739107131958008,0,-0.0036630630493164062,0,-0.0048847198486328125
8278098104,13631121,13616,13616,0,0,0,-0.5739107131958008,0,0.0036630630493164062,0,-0.0048847198486328125
8279462541,13632121,13617,13617,0,0,0,-0.5739107131958008,0,0.0036630630493164062,0,0.0048847198486328125
8280826978,13633123,13618,13619,0,0,0,-0.5739107131958008,0,0.0036630630493164062,0,0.0048847198486328125
8282191415,13635137,13620,13620,0,0,0,-0.5739107131958008,0,-0.010989189147949219,0,0.0048847198486328125
8283555852,13636135,13621,13621,0,0,0,-0.5739107131958008,0,0.0036630630493164062,0,-0.0048847198486328125
8284920289,13637129,13622,13622,0,0,0,-0.5739107131958008,0,-0.010989189147949219,0,-0.0048847198486328125
8286284726,13638120,13623,13623,0,0,0,-0.5739107131958008,0,0.0036630630493164062,0,-0.014652252197265625
8287649163,13639121,13624,13624,0,0,0,-0.5739107131958008,0,-0.01831531524658203,0,-0.0048847198486328125
8289013600,13641122,13626,13626,0,0,0,-0.5739107131958008,0,-0.0036630630493164062,0,-0.0048847198486328125
8290229445,13643121,13628,13628,0,0,0,-0.5739107131958008,0,-0.0036630630493164062,0,-0.0048847198486328125
8291434243,13644120,13629,13629,0,0,0,-0.5739107131958008,0,-0.0036630630493164062,0,-0.0048847198486328125
8292639041,13645129,13631,13631,0,0,0,-0.5739107131958008,0,0.0036630630493164062,0,-0.0048847198486328125
8293843839,13647121,13632,13632,0,0,0,-0.5739107131958008,0,-0.010989189147949219,0,-0.014652252197265625
8295048637,13648121,13633,13633,0,0,0,-0.5739107131958008,0,-0.010989189147949219,0,-0.014652252197265625
8296253435,13649129,13634,13634,0,0,0,-0.5739107131958008,0,-0.010989189147949219,0,-0.014652252197265625
8297458233,13650147,13635,13635,0,0,0,-0.5739107131958008,0,-0.010989189147949219,0,-0.0048847198486328125
8298663031,13651125,13636,13636,0,0,0,-0.5739107131958008,0,0.0036630630493164062,0,-0.0048847198486328125
8299867829,13652122,13637,13637,0,0,0,-0.5739107131958008,0,-0.010989189147949219,0,-0.014652252197265625
8301072627,13653121,13638,13638,0,0,0,-0.5739107131958008,0,0.0036630630493164062,0,-0.0048847198486328125
8302277425,13654122,13639,13639,0,0,0,-0.5739107131958008,0,0.010989189147949219,0,-0.014652252197265625
8303482223,13656121,13641,13641,0,0,0,-0.5739107131958008,0,-0.0036630630493164062,0,-0.014652252197265625
8304687021,13657121,13642,13642,0,0,0,-0.5739107131958008,0,-0.0036630630493164062,0,-0.014652252197265625
8305891819,13658124,13643,13643,0,0,0,-0.5739107131958008,0,-0.010989189147949219,0,-0.014652252197265625
8307096617,13659121,13644,13644,0,0,0,-0.5739107131958008,0,-0.010989189147949219,0,-0.024419784545898438
8308301415,13660120,13645,13645,0,0,0,-0.5739107131958008,0,-0.010989189147949219,0,-0.014652252197265625
8309506213,13662122,13647,13647,0,0,0,-0.5739107131958008,0,-0.010989189147949219,0,-0.014652252197265625
8310711011,13663133,13648,13648,0,0,0,-0.5739107131958008,0,0.0036630630493164062,0,-0.024419784545898438
8311915809,13664136,13649,13649,0,0,0,-0.5739107131958008,0,0.010989189147949219,0,-0.014652252197265625
8313120607,13665133,13650,13650,0,0,0,-0.5739107131958008,0,-0.0036630630493164062,0,-0.014652252197265625
8314325405,13666124,13651,13652,0,0,0,-0.5739107131958008,0,-0.010989189147949219,0,-0.014652252197265625
8315530203,13668120,13653,13653,0,0,0,-0.5739107131958008,0,-0.010989189147949219,0,-0.014652252197265625
8316735001,13669121,13654,13654,0,0,0,-0.5739107131958008,0,-0.010989189147949219,0,-0.024419784545898438
8317939799,13670122,13655,13655,0,0,0,-0.5739107131958008,0,-0.010989189147949219,0,-0.014652252197265625
8319144597,13671125,13656,13656,0,0,0,-0.5739107131958008,0,-0.01831531524658203,0,-0.014652252197265625
8320349395,13672121,13657,13657,0,0,0,-0.5739107131958008,0,-0.0036630630493164062,0,-0.014652252197265625
8321554193,13673120,13658,13658,0,0,0,-0.5739107131958008,0,0.0036630630493164062,0,-0.0048847198486328125
8322758991,13674121,13659,13660,0,0,0,-0.5739107131958008,0,0.0036630630493164062,0,-0.0048847198486328125
8323963789,13676120,13661,13661,0,0,0,-0.5739107131958008,0,0.0036630630493164062,0,-0.0048847198486328125
8325168587,13677129,13662,13662,0,0,0,-0.5739107131958008,0,0.0036630630493164062,0,-0.0048847198486328125
8326373385,13678135,13663,13663,0,0,0,-0.5739107131958008,0,-0.0036630630493164062,0,-0.0048847198486328125
8327578183,13679129,13664,13664,0,0,0,-0.5739107131958008,0,-0.010989189147949219,0,-0.0048847198486328125
8329143360,13682120,13667,13667,0,0,0,-0.5739107131958008,0,-0.0036630630493164062,0,-0.0048847198486328125
8330708516,13683122,13668,13668,0,0,0,-0.5739107131958008,0,-0.0036630630493164062,0,-0.0048847198486328125
8332273672,13685129,13670,13670,0,0,0,-0.5739107131958008,0,-0.0036630630493164062,0,-0.0048847198486328125
8333838828,13686120,13671,13671,0,0,0,-0.5739107131958008,0,0.0036630630493164062,0,-0.0048847198486328125
8335403984,13687125,13673,13673,0,0,0,-0.5739107131958008,0,0.0036630630493164062,0,-0.0048847198486328125
8336969140,13689121,13674,13674,0,0,0,-0.5739107131958008,0,-0.0036630630493164062,0,-0.0048847198486328125
8338534296,13690120,13675,13675,0,0,0,-0.5739107131958008,0,-0.0036630630493164062,0,-0.0048847198486328125
8340099452,13691130,13676,13677,0,0,0,-0.5739107131958008,0,-0.0036630630493164062,0,-0.0048847198486328125
8341664608,13693125,13678,13678,0,0,0,-0.5739107131958008,0,-0.0036630630493164062,0,-0.014652252197265625
8343229764,13694120,13679,13679,0,0,0,-0.5739107131958008,0,-0.010989189147949219,0,-0.014652252197265625
8344794920,13696123,13681,13681,0,0,0,-0.5739107131958008,0,-0.0036630630493164062,0,-0.0048847198486328125
8346360076,13697121,13682,13682,0,0,0,-0.5739107131958008,0,-0.0036630630493164062,0,-0.014652252197265625
8347925232,13699122,13684,13684,0,0,0,-0.5739107131958008,0,-0.0036630630493164062,0,-0.0048847198486328125
8349490388,13701124,13686,13686,0,0,0,-0.5739107131958008,0,-0.010989189147949219,0,-0.0048847198486328125
8351055544,13702120,13687,13687,0,0,0,-0.5739107131958008,0,-0.0036630630493164062,0,0.0048847198486328125
8352620700,13704123,13689,13689,0,0,0,-0.5739107131958008,0,-0.0036630630493164062,0,-0.0048847198486328125
8354418705,13708124,13693,13693,0,0,0,-0.5739107131958008,0,0.0036630630493164062,0,-0.014652252197265625
8356216698,13709121,13694,13694,0,0,0,-0.5739107131958008,0,0.0036630630493164062,0,-0.014652252197265625
8358014691,13711121,13696,13696,0,0,0,-0.5739107131958008,0,0.010989189147949219,0,-0.014652252197265625
8359812684,13712122,13697,13697,0,0,0,-0.5739107131958008,0,-0.010989189147949219,0,-0.014652252197265625
8361610677,13714120,13699,13699,0,0,0,-0.5739107131958008,0,-0.010989189147949219,0,-0.014652252197265625
8363408670,13715129,13700,13700,0,0,0,-0.5739107131958008,0,0.0036630630493164062,0,-0.014652252197265625
8365206663,13717121,13702,13702,0,0,0,-0.5739107131958008,0,-0.01831531524658203,0,-0.0048847198486328125
8367004656,13719129,13704,13704,0,0,0,-0.5739107131958008,0,0.0036630630493164062,0,-0.014652252197265625
8368802649,13720136,13705,13705,0,0,0,-0.5739107131958008,0,-0.0036630630493164062,0,-0.014652252197265625
8370600642,13722120,13707,13707,0,0,0,-0.5739107131958008,0,-0.010989189147949219,0,-0.014652252197265625
8372398635,13723120,13708,13708,0,0,0,-0.5739107131958008,0,-0.0036630630493164062,0,-0.014652252197265625
8374196628,13725131,13710,13710,0,0,0,-0.5739107131958008,0,-0.0036630630493164062,0,-0.014652252197265625
8375994621,13727121,13713,13713,0,0,0,-0.5739107131958008,0,-0.0036630630493164062,0,-0.024419784545898438
8377792614,13729125,13714,13714,0,0,0,-0.5739107131958008,0,-0.0036630630493164062,0,-0.014652252197265625
8379590607,13730121,13715,13715,0,0,0,-0.5739107131958008,0,-0.010989189147949219,0,-0.014652252197265625
8381388600,13732121,13717,13717,0,0,0,-0.5739107131958008,0,-0.010989189147949219,0,-0.0048847198486328125
8383560985,13740120,13725,13725,0,0,0,-0.5739107131958008,0,-0.010989189147949219,0,-0.0048847198486328125
8385733366,13741123,13726,13726,0,0,0,-0.5739107131958008,0,0.010989189147949219,0,-0.014652252197265625
8387905747,13744120,13729,13729,0,0,0,-0.5739107131958008,0,-0.0036630630493164062,0,-0.0048847198486328125
8390078128,13745133,13730,13730,0,0,0,-0.5739107131958008,0,-0.0036630630493164062,0,-0.014652252197265625
8392250509,13746120,13731,13731,0,0,0,-0.5739107131958008,0,-0.010989189147949219,0,-0.0048847198486328125
8394422890,13748135,13734,13734,0,0,0,-0.5739107131958008,0,-0.0036630630493164062,0,-0.0048847198486328125
8396595271,13750132,13735,13735,0,0,0,-0.5739107131958008,0,-0.010989189147949219,0,-0.0048847198486328125
8398767652,13752122,13737,13737,0,0,0,-0.5739107131958008,0,-0.010989189147949219,0,-0.0048847198486328125
8400940033,13754122,13739,13739,0,0,0,-0.5739107131958008,0,-0.010989189147949219,0,-0.0048847198486328125
8403112414,13756120,13741,13741,0,0,0,-0.5739107131958008,0,-0.010989189147949219,0,-0.0048847198486328125
8405284795,13758124,13743,13743,0,0,0,-0.5739107131958008,0,-0.010989189147949219,0,-0.0048847198486328125
8407457176,13760120,13745,13745,0,0,0,-0.5739107131958008,0,-0.0036630630493164062,0,-0.0048847198486328125
8409629557,13761129,13746,13746,0,0,0,-0.5739107131958008,0,0.0036630630493164062,0,-0.014652252197265625
8411801938,13763125,13748,13748,0,0,0,-0.5739107131958008,0,-0.0036630630493164062,0,-0.0048847198486328125
8413974319,13765129,13750,13750,0,0,0,-0.5739107131958008,0,0.0036630630493164062,0,0.0048847198486328125
8416146700,13767122,13752,13752,0,0,0,-0.5739107131958008,0,-0.010989189147949219,0,-0.0048847198486328125
8417979825,13771124,13756,13756,0,0,0,-0.5739107131958008,0,-0.010989189147949219,0,0.0048847198486328125
8419812950,13773120,13758,13758,0,0,0,-0.5739107131958008,0,-0.010989189147949219,0,-0.0048847198486328125
8421646075,13774124,13759,13759,0,0,0,-0.5739107131958008,0,0.0036630630493164062,0,-0.014652252197265625
8423479200,13776135,13761,13761,0,0,0,-0.5739107131958008,0,-0.0036630630493164062,0,-0.0048847198486328125
8425312325,13777125,13762,13762,0,0,0,-0.5739107131958008,0,-0.0036630630493164062,0,-0.0048847198486328125
8427145450,13778122,13763,13763,0,0,0,-0.5739107131958008,0,-0.0036630630493164062,0,-0.014652252197265625
8428978575,13780120,13765,13765,0,0,0,-0.5739107131958008,0,-0.0036630630493164062,0,-0.014652252197265625
8430811700,13782124,13767,13767,0,0,0,-0.5739107131958008,0,-0.010989189147949219,0,-0.0048847198486328125
8432644825,13784120,13769,13769,0,0,0,-0.5739107131958008,0,-0.0036630630493164062,0,-0.0048847198486328125
8434477950,13786122,13771,13771,0,0,0,-0.5739107131958008,0,-0.0036630630493164062,0,-0.0048847198486328125
8436311075,13788120,13773,13773,0,0,0,-0.5739107131958008,0,-0.0036630630493164062,0,-0.0048847198486328125
8438144200,13790135,13775,13775,0,0,0,-0.5739107131958008,0,0.0036630630493164062,0,-0.0048847198486328125
8439977325,13792120,13777,13777,0,0,0,-0.5739107131958008,0,0.010989189147949219,0,-0.0048847198486328125
8441810450,13793121,13778,13778,0,0,0,-0.5739107131958008,0,-0.01831531524658203,0,-0.0048847198486328125
8443643575,13795133,13780,13780,0,0,0,-0.5739107131958008,0,0.0036630630493164062,0,-0.014652252197265625
8445476700,13797120,13782,13782,0,0,0,-0.5739107131958008,0,0.0036630630493164062,0,-0.024419784545898438
8447395370,13800134,13785,13785,0,0,0,-0.5739107131958008,0,-0.0036630630493164062,0,-0.014652252197265625
8449314032,13801124,13786,13787,0,0,0,-0.5739107131958008,0,-0.010989189147949219,0,-0.014652252197265625
8451232694,13803133,13788,13788,0,0,0,-0.5739107131958008,0,-0.0036630630493164062,0,-0.014652252197265625
8453151356,13805133,13790,13790,0,0,0,-0.5739107131958008,0,0.0036630630493164062,0,-0.0048847198486328125
8455070018,13806121,13791,13791,0,0,0,-0.5739107131958008,0,-0.0036630630493164062,0,-0.014652252197265625
8456988680,13808124,13793,13793,0,0,0,-0.5739107131958008,0,-0.0036630630493164062,0,-0.014652252197265625
8458907342,13811125,13796,13796,0,0,0,-0.5739107131958008,0,-0.0036630630493164062,0,-0.014652252197265625
8460826004,13812122,13797,13797,0,0,0,-0.5739107131958008,0,-0.010989189147949219,0,-0.014652252197265625
8462744666,13814120,13799,13799,0,0,0,-0.5739107131958008,0,-0.0036630630493164062,0,-0.014652252197265625
8464663328,13816124,13801,13801,0,0,0,-0.5739107131958008,0,0.0036630630493164062,0,-0.0048847198486328125
8466581990,13818135,13803,13803,0,0,0,-0.5739107131958008,0,-0.0036630630493164062,0,-0.0048847198486328125
8468500652,13819125,13804,13804,0,0,0,-0.5739107131958008,0,0.0036630630493164062,0,-0.0048847198486328125
8470419314,13821121,13806,13806,0,0,0,-0.5739107131958008,0,0.010989189147949219,0,-0.0048847198486328125
8472337976,13823121,13808,13808,0,0,0,-0.5739107131958008,0,-0.0036630630493164062,0,0.0048847198486328125
8474256638,13825129,13810,13810,0,0,0,-0.5739107131958008,0,-0.010989189147949219,0,-0.0048847198486328125
8476175300,13827121,13812,13812,0,0,0,-0.5739107131958008,0,0.0036630630493164062,0,-0.014652252197265625
8477998855,13831128,13816,13816,0,0,0,-0.5739107131958008,0,0.0036630630493164062,0,-0.014652252197265625
8479822398,13833126,13818,13818,0,0,0,-0.5739107131958008,0,-0.010989189147949219,0,-0.0048847198486328125
8481645941,13834120,13819,13819,0,0,0,-0.5739107131958008,0,-0.0036630630493164062,0,-0.0048847198486328125
8483469484,13836122,13821,13821,0,0,0,-0.5739107131958008,0,-0.010989189147949219,0,-0.014652252197265625
8485293027,13838121,13823,13823,0,0,0,-0.5739107131958008,0,0.0036630630493164062,0,-0.0048847198486328125
8487116570,13840124,13825,13825,0,0,0,-0.5739107131958008,0,-0.0036630630493164062,0,-0.0048847198486328125
8488940113,13842120,13827,13827,0,0,0,-0.5739107131958008,0,-0.0036630630493164062,0,-0.0048847198486328125
8490763656,13844122,13829,13829,0,0,0,-0.5739107131958008,0,-0.0036630630493164062,0,-0.0048847198486328125
8492587199,13845140,13830,13830,0,0,0,-0.5739107131958008,0,-0.010989189147949219,0,-0.0048847198486328125
8494410742,13846135,13831,13831,0,0,0,-0.5739107131958008,0,-0.010989189147949219,0,-0.0048847198486328125
8496234285,13848120,13833,13833,0,0,0,-0.5739107131958008,0,-0.010989189147949219,0,-0.0048847198486328125
8498057828,13849122,13834,13834,0,0,0,-0.5739107131958008,0,-0.0036630630493164062,0,-0.014652252197265625
8499881371,13851121,13836,13836,0,0,0,-0.5739107131958008,0,-0.0036630630493164062,0,-0.014652252197265625
8501704914,13852122,13837,13837,0,0,0,-0.5739107131958008,0,-0.0036630630493164062,0,-0.014652252197265625
8503528457,13854120,13839,13839,0,0,0,-0.5739107131958008,0,-0.0036630630493164062,0,-0.014652252197265625
8505352000,13856121,13841,13841,0,0,0,-0.5739107131958008,0,0.0036630630493164062,0,-0.0048847198486328125
8507396345,13863120,13848,13848,0,0,0,-0.5739107131958008,0,0.010989189147949219,0,-0.0048847198486328125
8509440682,13865131,13850,13850,0,0,0,-0.5739107131958008,0,-0.0036630630493164062,0,-0.0048847198486328125
8511485019,13866124,13852,13852,0,0,0,-0.5739107131958008,0,-0.010989189147949219,0,-0.0048847198486328125
8513529356,13868120,13853,13853,0,0,0,-0.5739107131958008,0,-0.0036630630493164062,0,-0.0048847198486328125
8515573693,13871121,13856,13856,0,0,0,-0.5739107131958008,0,0.0036630630493164062,0,-0.0048847198486328125
8517618030,13872120,13858,13858,0,0,0,-0.5739107131958008,0,-0.010989189147949219,0,-0.0048847198486328125
8519662367,13875133,13860,13860,0,0,0,-0.5739107131958008,0,-0.0036630630493164062,0,-0.0048847198486328125
8521706704,13877121,13862,13862,0,0,0,-0.5739107131958008,0,-0.010989189147949219,0,-0.014652252197265625
8523751041,13878122,13863,13863,0,0,0,-0.5739107131958008,0,-0.0036630630493164062,0,-0.014652252197265625
8525795378,13880120,13865,13865,0,0,0,-0.5739107131958008,0,0.0036630630493164062,0,-0.014652252197265625
8527839715,13881120,13866,13866,0,0,0,-0.5739107131958008,0,-0.010989189147949219,0,-0.014652252197265625
8529884052,13883121,13868,13868,0,0,0,-0.5739107131958008,0,-0.0036630630493164062,0,-0.0048847198486328125
8531928389,13885129,13870,13870,0,0,0,-0.5739107131958008,0,-0.010989189147949219,0,0.0048847198486328125
8533972726,13887132,13872,13872,0,0,0,-0.5739107131958008,0,-0.010989189147949219,0,-0.0048847198486328125
8536017063,13888136,13873,13873,0,0,0,-0.5739107131958008,0,-0.010989189147949219,0,-0.0048847198486328125
8538061400,13890124,13875,13875,0,0,0,-0.5739107131958008,0,0.010989189147949219,0,-0.014652252197265625
8539504205,13892120,13877,13877,0,0,0,-0.5739107131958008,0,-0.010989189147949219,0,-0.0048847198486328125
8540946998,13894122,13879,13879,0,0,0,-0.5739107131958008,0,0.0036630630493164062,0,-0.014652252197265625
8542389791,13895133,13880,13880,0,0,0,-0.5739107131958008,0,-0.0036630630493164062,0,-0.014652252197265625
8543832584,13896122,13881,13881,0,0,0,-0.5739107131958008,0,0.0036630630493164062,0,-0.0048847198486328125
8545275377,13899123,13884,13884,0,0,0,-0.5739107131958008,0,-0.0036630630493164062,0,-0.0048847198486328125
8546718170,13900129,13885,13885,0,0,0,-0.5739107131958008,0,0.0036630630493164062,0,-0.0048847198486328125
8548160963,13901131,13886,13886,0,0,0,-0.5739107131958008,0,-0.0036630630493164062,0,-0.0048847198486328125
8549603756,13902137,13887,13887,0,0,0,-0.5739107131958008,0,0.0036630630493164062,0,-0.014652252197265625
8551046549,13903129,13888,13888,0,0,0,-0.5739107131958008,0,-0.01831531524658203,0,-0.014652252197265625
8552489342,13904121,13889,13889,0,0,0,-0.5739107131958008,0,0.0036630630493164062,0,-0.0048847198486328125
8553932135,13906120,13891,13891,0,0,0,-0.5739107131958008,0,-0.010989189147949219,0,-0.0048847198486328125
8555374928,13907123,13892,13892,0,0,0,-0.5739107131958008,0,0.0036630630493164062,0,-0.014652252197265625
8556817721,13908120,13893,13893,0,0,0,-0.5739107131958008,0,-0.010989189147949219,0,-0.0048847198486328125
8558260514,13909121,13894,13894,0,0,0,-0.5739107131958008,0,-0.010989189147949219,0,-0.0048847198486328125
8559703307,13911124,13896,13896,0,0,0,-0.5739107131958008,0,-0.010989189147949219,0,-0.014652252197265625
8561146100,13913120,13898,13898,0,0,0,-0.5739107131958008,0,0.0036630630493164062,0,-0.014652252197265625
8562624000,13915139,13900,13900,0,0,0,-0.5739107131958008,0,-0.0036630630493164062,0,-0.024419784545898438
8564101900,13916140,13901,13901,0,0,0,-0.5739107131958008,0,-0.0036630630493164062,0,-0.014652252197265625
8565579800,13917126,13902,13902,0,0,0,-0.5739107131958008,0,-0.010989189147949219,0,-0.014652252197265625
8567057700,13918121,13903,13904,0,0,0,-0.5739107131958008,0,-0.010989189147949219,0,-0.014652252197265625
8568535600,13920122,13905,13905,0,0,0,-0.5739107131958008,0,-0.010989189147949219,0,-0.0048847198486328125
8570013500,13921121,13906,13906,0,0,0,-0.5739107131958008,0,-0.0036630630493164062,0,-0.0048847198486328125
8571491400,13922121,13907,13907,0,0,0,-0.5739107131958008,0,0.0036630630493164062,0,-0.014652252197265625
8572969300,13923123,13908,13908,0,0,0,-0.5739107131958008,0,-0.010989189147949219,0,-0.014652252197265625
8574447200,13925130,13910,13910,0,0,0,-0.5739107131958008,0,-0.0036630630493164062,0,-0.014652252197265625
8575925100,13926120,13911,13911,0,0,0,-0.5739107131958008,0,0.0036630630493164062,0,-0.024419784545898438
8577403000,13928124,13913,13913,0,0,0,-0.5739107131958008,0,-0.0036630630493164062,0,-0.0048847198486328125
8578880900,13930136,13915,13915,0,0,0,-0.5739107131958008,0,0.0036630630493164062,0,-0.0048847198486328125
8580358800,13931127,13916,13916,0,0,0,-0.5739107131958008,0,-0.0036630630493164062,0,-0.014652252197265625
8581836700,13933122,13918,13918,0,0,0,-0.5739107131958008,0,-0.010989189147949219,0,-0.014652252197265625
8583314600,13934121,13919,13919,0,0,0,-0.5739107131958008,0,-0.010989189147949219,0,-0.014652252197265625
8584792500,13936123,13921,13921,0,0,0,-0.5739107131958008,0,0.0036630630493164062,0,-0.014652252197265625
8586745345,13940124,13925,13925,0,0,0,-0.5739107131958008,0,0.010989189147949219,0,0.0048847198486328125
8588698182,13941121,13926,13926,0,0,0,-0.5739107131958008,0,0.010989189147949219,0,-0.0048847198486328125
8590651019,13943129,13928,13928,0,0,0,-0.5739107131958008,0,-0.0036630630493164062,0,-0.0048847198486328125
8592603856,13944137,13929,13929,1,0,0.3001350164413452,-0.5739107131958008,0,-0.0036630630493164062,0.015083028934895992,-0.0048847198486328125
8594556693,13946120,13931,13931,1,0.0019829999655485153,0.3002677261829376,-0.5739107131958008,0,-0.0036630630493164062,0.02991620823740959,-0.0048847198486328125
8596509530,13948124,13933,13933,1,0.003986999858170748,0.3005382716655731,-0.5739107131958008,0,-0.010989189147949219,0.06017591431736946,-0.0048847198486328125
8598462367,13950128,13935,13935,1,0.0059910002164542675,0.30080878734588623,-0.5739107131958008,0,-0.0036630630493164062,0.09046201407909393,0.0048847198486328125
8600415204,13952125,13937,13937,1,0.00798800028860569,0.3010783791542053,-0.5739107131958008,0,-0.010989189147949219,0.12066813558340073,0.014652252197265625
8602368041,13954120,13939,13939,1,0.009983000345528126,0.3013477027416229,-0.5739107131958008,0,-0.010989189147949219,0.15086932480335236,0.024419784545898438
8604320878,13956124,13941,13941,1,0.011986999772489071,0.3016182482242584,-0.5739107131958008,0,0.0036630630493164062,0.18123172223567963,0.043956756591796875
8606273715,13958135,13943,13943,1,0.0139979999512434,0.3018897473812103,-0.5739107131958008,0,-0.0036630630493164062,0.22674556076526642,0.07325935363769531
8608226552,13960123,13945,13945,1,0.015985999256372452,0.3021581172943115,-0.5739107131958008,0,-0.0036630630493164062,0.24189339578151703,0.08302879333496094
8610179389,13961125,13946,13946,1,0.017983000725507736,0.3024277091026306,-0.5739107131958008,0,0.0036630630493164062,0.2722219228744507,0.10256385803222656
8612132226,13963120,13948,13948,1,0.01898299902677536,0.3025627136230469,-0.5739107131958008,0,-0.010989189147949219,0.2874176800251007,0.122100830078125
8614085063,13965132,13950,13950,1,0.0209950003772974,0.30283433198928833,-0.5739107131958008,0,-0.0036630630493164062,0.3180089592933655,0.14163589477539062
8616037900,13967121,13952,13952,1,0.02298399992287159,0.30310285091400146,-0.5739107131958008,0,-0.0036630630493164062,0.3482728600502014,0.17094039916992188
8618077470,13974124,13959,13960,1,0.030991999432444572,0.3041839301586151,-0.5739107131958008,0,0.0036630630493164062,0.4703359007835388,0.2686195373535156
8620117032,13976120,13961,13961,1,0.03298800066113472,0.30445340275764465,-0.5739107131958008,0,-0.0036630630493164062,0.5008118748664856,0.2979240417480469
8622156594,13978122,13963,13963,1,0.03398500010371208,0.3045879900455475,-0.5739107131958008,0,-0.0036630630493164062,0.5313075184822083,0.3174610137939453
8624196156,13980121,13965,13965,1,0.03598399832844734,0.30485785007476807,-0.5739107131958008,0,0.0036630630493164062,0.5465930700302124,0.3272285461425781
8626235718,13982124,13967,13967,1,0.03798700124025345,0.3051282465457916,-0.5739107131958008,0,-0.0036630630493164062,0.5772244930267334,0.3663005828857422
8628275280,13984120,13969,13969,1,0.03998300060629845,0.30539771914482117,-0.5739107131958008,0,0.0036630630493164062,0.6077674627304077,0.3858356475830078
8630314842,13985141,13970,13970,1,0.041999999433755875,0.30567002296447754,-0.5739107131958008,0,0.010989189147949219,0.6386498808860779,0.41514015197753906
8632354404,13987125,13972,13972,1,0.04298799857497215,0.3058033883571625,-0.5739107131958008,0,-0.010989189147949219,0.6690447330474854,0.4346771240234375
8634393966,13991121,13976,13976,1,0.0469839982688427,0.30634284019470215,-0.5739107131958008,0,-0.0036630630493164062,0.7150364518165588,0.4835166931152344
8636433528,13992121,13977,13977,1,0.04798400029540062,0.3064778447151184,-0.5739107131958008,0,0.0036630630493164062,0.730375349521637,0.5030517578125
8638473090,13994122,13979,13979,1,0.049984999001026154,0.3067479729652405,-0.5739107131958008,0,-0.0036630630493164062,0.7610805034637451,0.5323562622070312
8640512652,13995129,13980,13980,1,0.050992000848054886,0.30688393115997314,-0.5739107131958008,0,0.0036630630493164062,0.7765389084815979,0.5421237945556641
8642552214,13996121,13981,13981,1,0.05198400095105171,0.30701786279678345,-0.5739107131958008,0,0.010989189147949219,0.8071292638778687,0.5811958312988281
8644591776,13998124,13983,13983,1,0.05398700013756752,0.307288259267807,-0.5739107131958008,0,-0.0036630630493164062,0.8225376009941101,0.5909652709960938
8646631338,13999129,13984,13984,1,0.05499200150370598,0.3074239194393158,-0.5739107131958008,0,-0.0036630630493164062,0.8379804491996765,0.6105003356933594
8648670900,14000144,13985,13985,1,0.05600700154900551,0.3075609505176544,-0.5739107131958008,0,-0.010989189147949219,0.8535805940628052,0.6398048400878906
8650379600,14004121,13989,13989,1,0.0599839985370636,0.30809783935546875,-0.5739107131958008,0,0.0036630630493164062,0.9302502274513245,0.7179489135742188
8652088300,14006124,13991,13991,1,0.061987001448869705,0.3083682656288147,-0.5739107131958008,0,-0.010989189147949219,0.9455634355545044,0.7277164459228516
8653797000,14007123,13992,13992,1,0.06298600137233734,0.308503121137619,-0.5739107131958008,0,-0.010989189147949219,0.9609412550926208,0.7374839782714844
8655505700,14008120,13993,13993,1,0.0639830008149147,0.30863770842552185,-0.5739107131958008,0,-0.0036630630493164062,0.976291298866272,0.7570209503173828
8657214400,14009121,13994,13994,1,0.06498400121927261,0.30890798568725586,-0.5739107131958008,0,-0.010989189147949219,1.0071239471435547,0.7960929870605469
8658923100,14011125,13996,13996,1,0.06698799878358841,0.30904340744018555,-0.5739107131958008,0,0.0036630630493164062,1.0225754976272583,0.8156280517578125
8660631800,14012122,13997,13997,1,0.06798499822616577,0.3091779947280884,-0.5739107131958008,0,0.0036630630493164062,1.0379374027252197,0.8449325561523438
8662340500,14014139,13999,13999,1,0.0700019970536232,0.30945026874542236,-0.5739107131958008,0,0.0036630630493164062,1.084378957748413,0.8840045928955078
8664049200,14016120,14001,14001,1,0.07198300212621689,0.30971771478652954,-0.5739107131958008,0,0.0036630630493164062,1.09956693649292,0.9035415649414062
8665757900,14017121,14002,14002,1,0.0729840025305748,0.30985283851623535,-0.5739107131958008,0,-0.010989189147949219,1.115004062652588,0.9133090972900391
8667466600,14019125,14004,14004,1,0.0749880000948906,0.31012338399887085,-0.5739107131958008,0,0.0036630630493164062,1.145916223526001,0.9426136016845703
8669175300,14020120,14005,14005,1,0.07598300278186798,0.3102577328681946,-0.5739107131958008,0,0.0036630630493164062,1.1612682342529297,0.9621486663818359
8670884000,14021121,14007,14007,1,0.07798299938440323,0.3105277121067047,-0.5739107131958008,0,-0.010989189147949219,1.192132830619812,0.9914531707763672
8672592700,14023123,14008,14008,1,0.07898599654436111,0.3106631338596344,-0.5739107131958008,0,-0.010989189147949219,1.2076146602630615,1.0109882354736328
8674301400,14025129,14010,14010,1,0.08099199831485748,0.310933917760849,-0.5739107131958008,0,0.01831531524658203,1.2385848760604858,1.0500602722167969
8676010100,14027132,14012,14012,1,0.08299499750137329,0.31120434403419495,-0.5739107131958008,0,-0.0036630630493164062,1.2695167064666748,1.089132308959961
8678099760,14031122,14016,14016,1,0.08698499947786331,0.31174299120903015,-0.5739107131958008,0,-0.0036630630493164062,1.331154704093933,1.1477413177490234
8680189416,14033121,14018,14018,1,0.08898399770259857,0.31201285123825073,-0.5739107131958008,0,-0.0036630630493164062,1.3774850368499756,1.2161178588867188
8682279072,14035133,14020,14020,1,0.09099599719047546,0.3122844696044922,-0.5739107131958008,0,-0.0036630630493164062,1.3931424617767334,1.2258853912353516
8684368728,14037121,14022,14022,1,0.09298399835824966,0.3125528395175934,-0.5739107131958008,0,-0.0036630630493164062,1.4238741397857666,1.2649574279785156
8686458384,14038121,14023,14024,1,0.09498599916696548,0.3128231167793274,-0.5739107131958008,0,0.0036630630493164062,1.4548269510269165,1.2942619323730469
8688548040,14040125,14025,14025,1,0.09598799794912338,0.31295838952064514,-0.5739107131958008,0,0.0036630630493164062,1.4858458042144775,1.3235645294189453
8690637696,14042135,14027,14027,1,0.0979980006814003,0.3132297396659851,-0.5739107131958008,0,-0.010989189147949219,1.516775369644165,1.3431015014648438
8692727352,14044123,14029,14029,1,0.0999860018491745,0.3134981095790863,-0.5739107131958008,0,-0.0036630630493164062,1.5477083921432495,1.3821735382080078
8694817008,14047122,14032,14032,1,0.10298500210046768,0.31390297412872314,-0.5739107131958008,0,0.010989189147949219,1.578535556793213,1.4310131072998047
8696906664,14049121,14034,14034,1,0.10498400032520294,0.3141728639602661,-0.5739107131958008,0,-0.0036630630493164062,1.6094574928283691,1.4505500793457031
8698996320,14051121,14036,14036,1,0.10698399692773819,0.31444284319877625,-0.5739107131958008,0,0.0036630630493164062,1.6403964757919312,1.4896221160888672
8701085976,14052125,14038,14038,1,0.10898400098085403,0.31471285223960876,-0.5739107131958008,0,0.0036630630493164062,1.67133629322052,1.5189247131347656
8703175632,14054120,14039,14039,1,0.10998299717903137,0.3148477077484131,-0.5739107131958008,0,-0.0036630630493164062,1.7025243043899536,1.5482292175292969
8705265288,14056139,14041,14041,1,0.11200200021266937,0.31512027978897095,-0.5739107131958008,0,0.0036630630493164062,1.7180254459381104,1.5775337219238281
8707354944,14058121,14043,14043,1,0.11398399621248245,0.3153878450393677,-0.5739107131958008,0,-0.0036630630493164062,1.7486869096755981,1.5970687866210938
8709444600,14060122,14045,14045,1,0.11598499864339828,0.31565797328948975,-0.5739107131958008,0,-0.010989189147949219,1.795156717300415,1.6459102630615234
8711341138,14065131,14050,14050,1,0.12099400162696838,0.31633418798446655,-0.5739107131958008,0,-0.0036630630493164062,1.8571197986602783,1.6947498321533203
8713237671,14066120,14051,14051,1,0.12198299914598465,0.3164677023887634,-0.5739107131958008,0,0.010989189147949219,1.8878962993621826,1.7338218688964844
8715134204,14068122,14053,14053,1,0.12398499995470047,0.31673797965049744,-0.5739107131958008,0,0.0036630630493164062,1.9033758640289307,1.75335693359375
8717030737,14069133,14054,14054,1,0.12499599903821945,0.31700974702835083,-0.5739107131958008,0,0.0036630630493164062,1.9345026016235352,1.7826614379882812
8718927270,14071125,14056,14056,1,0.1269879937171936,0.31714338064193726,-0.5739107131958008,0,-0.0036630630493164062,1.949808955192566,1.8021984100341797
8720823803,14073123,14058,14058,1,0.12898600101470947,0.3174131214618683,-0.5739107131958008,0,-0.010989189147949219,1.9806971549987793,1.8315010070800781
8722720336,14074120,14060,14060,1,0.13099199533462524,0.3176839351654053,-0.5735273361206055,0,-0.010989189147949219,2.0117034912109375,1.8705730438232422
8724616869,14076123,14061,14061,1,0.13198600709438324,0.31781813502311707,-0.5739107131958008,0,0.0036630630493164062,2.0270655155181885,1.8901100158691406
8726513402,14077125,14062,14062,1,0.13398300111293793,0.31808772683143616,-0.5735273361206055,0,0.0036630630493164062,2.0579240322113037,1.9194145202636719
8728409935,14080121,14065,14065,1,0.13598400354385376,0.3183578550815582,-0.5739107131958008,0,-0.01831531524658203,2.0888376235961914,1.9389495849609375
8730306468,14081123,14066,14066,1,0.13698600232601166,0.318493127822876,-0.5735273361206055,0,0.0036630630493164062,2.1197128295898438,1.9682540893554688
8732203001,14083129,14068,14068,1,0.13899199664592743,0.31876394152641296,-0.5735273361206055,0,0.0036630630493164062,2.150827646255493,2.007326126098633
8734099534,14085137,14070,14070,1,0.14100000262260437,0.31903502345085144,-0.5735273361206055,0,0.0036630630493164062,2.16629695892334,2.0170936584472656
8735996067,14087121,14072,14072,1,0.14298400282859802,0.31930285692214966,-0.5739107131958008,0,-0.010989189147949219,2.196920156478882,2.046398162841797
8737892600,14089123,14074,14074,1,0.14498600363731384,0.31957313418388367,-0.5735273361206055,0,-0.0036630630493164062,2.2278122901916504,2.075702667236328
8739521775,14095129,14080,14080,1,0.1509920060634613,0.3203839361667633,-0.5735273361206055,0,0.0036630630493164062,2.3204262256622314,2.173381805419922
8741150950,14096121,14081,14081,1,0.15198400616645813,0.3205178380012512,-0.5735273361206055,0,0.0036630630493164062,2.3512589931488037,2.1929187774658203
8742780125,14097130,14082,14082,1,0.15400199592113495,0.32079029083251953,-0.5735273361206055,0,0.0036630630493164062,2.366802215576172,2.212453842163086
8744409300,14099125,14084,14084,1,0.15498800575733185,0.320923388004303,-0.5735273361206055,0,-0.0036630630493164062,2.3819878101348877,2.2222213745117188
8746038475,14100129,14085,14085,1,0.15599200129508972,0.3210589289665222,-0.5735273361206055,0,-0.0036630630493164062,2.3974475860595703,2.241758346557617
8747667650,14101127,14086,14086,1,0.15699000656604767,0.321193665266037,-0.5735273361206055,0,0.0036630630493164062,2.412811756134033,2.261293411254883
8749296825,14102122,14087,14087,1,0.15798500180244446,0.32132798433303833,-0.5735273361206055,0,0.0036630630493164062,2.428126335144043,2.2710628509521484
8750926000,14103121,14088,14088,1,0.1589840054512024,0.32146283984184265,-0.5735273361206055,0,-0.010989189147949219,2.4434988498687744,2.300365447998047
8752555175,14104121,14089,14089,1,0.15998399257659912,0.3215978443622589,-0.5735273361206055,0,0.0036630630493164062,2.4744179248809814,2.329669952392578
8754184350,14105131,14090,14091,1,0.16198700666427612,0.32186827063560486,-0.5735273361206055,0,-0.010989189147949219,2.48968768119812,2.339437484741211
8755813525,14107121,14092,14092,1,0.1629839986562729,0.3220028579235077,-0.5735273361206055,0,0.010989189147949219,2.5050153732299805,2.3589744567871094
8757442700,14108121,14093,14093,1,0.1639840006828308,0.32213786244392395,-0.5735273361206055,0,0.010989189147949219,2.5203847885131836,2.368741989135742
8759071875,14110122,14095,14095,1,0.16598500311374664,0.322407990694046,-0.5735273361206055,0,0.0036630630493164062,2.551128387451172,2.4078140258789062
8760701050,14112135,14097,14097,1,0.16799800097942352,0.3226797580718994,-0.5735273361206055,0,-0.0036630630493164062,2.5820395946502686,2.4273509979248047
8762330225,14113125,14098,14098,1,0.16898800432682037,0.32281339168548584,-0.5735273361206055,0,-0.0036630630493164062,2.5972354412078857,2.4371185302734375
8763959400,14115130,14100,14100,1,0.17099300026893616,0.3230840563774109,-0.5735273361206055,0,0.0036630630493164062,2.643181324005127,2.495725631713867
8765903120,14119125,14104,14104,1,0.1749880015850067,0.323623389005661,-0.5735273361206055,0,0.0036630630493164062,2.6892404556274414,2.544567108154297
8767846832,14120121,14105,14105,1,0.1759839951992035,0.3237578570842743,-0.5735273361206055,0,0.0036630630493164062,2.7044970989227295,2.5543346405029297
8769790544,14121121,14106,14106,1,0.1769839972257614,0.32389286160469055,-0.5735273361206055,0,0.0036630630493164062,2.7351646423339844,2.5934066772460938
8771734256,14122124,14107,14108,1,0.17898499965667725,0.3241629898548126,-0.5735273361206055,0,-0.010989189147949219,2.7504374980926514,2.6129417419433594
8773677968,14126137,14111,14111,1,0.18199999630451202,0.3245700001716614,-0.5735273361206055,0,0.010989189147949219,2.811707019805908,2.671550750732422
8775621680,14130124,14115,14115,1,0.18598699569702148,0.32510825991630554,-0.5735273361206055,0,0.0036630630493164062,2.8574469089508057,2.710622787475586
8777565392,14131123,14116,14116,1,0.18698599934577942,0.32524311542510986,-0.5735273361206055,0,-0.0036630630493164062,2.8879172801971436,2.739927291870117
8779509104,14133121,14118,14118,1,0.1889840066432953,0.3255128562450409,-0.5735273361206055,0,-0.0036630630493164062,2.9031667709350586,2.759462356567383
8781452816,14134122,14119,14119,1,0.189984992146492,0.3256479799747467,-0.5735273361206055,0,-0.0036630630493164062,2.9184255599975586,2.7789993286132812
8783396528,14135133,14120,14120,1,0.19198299944400787,0.32591772079467773,-0.5735273361206055,0,0.0036630630493164062,2.9488649368286133,2.798534393310547
8785340240,14137121,14122,14122,1,0.19298399984836578,0.32605284452438354,-0.5735273361206055,0,-0.0036630630493164062,2.9641058444976807,2.827838897705078
8787283952,14138121,14123,14123,1,0.1939840018749237,0.3263241946697235,-0.5735273361206055,0,-0.010989189147949219,2.9946913719177246,2.8473739624023438
8789227664,14140135,14125,14125,1,0.19599799811840057,0.32645973563194275,-0.5735273361206055,0,0.0036630630493164062,3.0099589824676514,2.866910934448242
8791171376,14142120,14127,14127,1,0.1979829967021942,0.3267277181148529,-0.5735273361206055,0,0.0036630630493164062,3.055389881134033,2.915750503540039
8793115088,14144120,14129,14129,1,0.19998300075531006,0.3269977271556854,-0.5735273361206055,0,-0.0036630630493164062,3.070495128631592,2.925518035888672
8795058800,14146120,14131,14131,1,0.2019830048084259,0.32726770639419556,-0.5735273361206055,0,-0.0036630630493164062,3.100837469100952,2.964590072631836
8796815705,14150128,14135,14135,1,0.2059909999370575,0.32780879735946655,-0.5735273361206055,0,-0.0036630630493164062,3.1766469478607178,3.042734146118164
8798572598,14152125,14137,14137,1,0.20798799395561218,0.32807838916778564,-0.5735273361206055,0,0.01831531524658203,3.2069506645202637,3.0720386505126953
8800329491,14155135,14140,14140,1,0.21099799871444702,0.32848474383354187,-0.5735273361206055,0,0.0036630630493164062,3.2372546195983887,3.1013431549072266
8802086384,14156124,14142,14142,1,0.21298399567604065,0.3287528455257416,-0.5735273361206055,0,0.0036630630493164062,3.2672269344329834,3.120878219604492
8803843277,14158120,14143,14143,1,0.21398299932479858,0.3288877308368683,-0.5735273361206055,0,0.0036630630493164062,3.2974390983581543,3.1599502563476562
8805600170,14160122,14145,14145,1,0.2159850001335144,0.3291579782962799,-0.5735273361206055,0,0.0036630630493164062,3.3124587535858154,3.169719696044922
8807357063,14162120,14147,14147,1,0.21798299252986908,0.32942771911621094,-0.5735273361206055,0,0.010989189147949219,3.3425328731536865,3.208791732788086
8809113956,14163122,14148,14148,1,0.21898500621318817,0.3295629918575287,-0.5735273361206055,0,0.0036630630493164062,3.3726799488067627,3.2283267974853516
8810870849,14165130,14150,14150,1,0.22099299728870392,0.32983407378196716,-0.5735273361206055,0,0.010989189147949219,3.3877789974212646,3.24786376953125
8812627742,14166120,14151,14151,1,0.22198300063610077,0.3299677073955536,-0.5735273361206055,0,-0.01831531524658203,3.402643918991089,3.2673988342285156
8814384635,14168137,14153,14153,1,0.2239999920129776,0.33024001121520996,-0.5735273361206055,0,0.010989189147949219,3.432903289794922,3.286935806274414
8816141528,14169125,14154,14154,1,0.22498799860477448,0.3303734064102173,-0.5735273361206055,0,-0.0036630630493164062,3.4477131366729736,3.3064708709716797
8817898421,14171121,14156,14156,1,0.22698399424552917,0.33064284920692444,-0.5735273361206055,0,0.0036630630493164062,3.4776055812835693,3.335775375366211
8819655314,14172125,14157,14157,1,0.22798800468444824,0.3307783901691437,-0.5735273361206055,0,0.0036630630493164062,3.492628812789917,3.3455429077148438
8821412207,14173121,14158,14158,1,0.22998300194740295,0.3310477137565613,-0.5735273361206055,0,-0.0036630630493164062,3.5224528312683105,3.384614944458008
8823169100,14175130,14160,14160,1,0.23099300265312195,0.331184059381485,-0.5735273361206055,0,0.010989189147949219,3.5375380516052246,3.3943824768066406
8824692025,14178121,14163,14163,1,0.23398399353027344,0.33158785104751587,-0.5735273361206055,0,-0.0036630630493164062,3.582155227661133,3.4432239532470703
8826214950,14179121,14164,14164,1,0.23498399555683136,0.33172285556793213,-0.5735273361206055,0,0.0036630630493164062,3.5970540046691895,3.452991485595703
8827737875,14180124,14165,14165,1,0.23598699271678925,0.33185824751853943,-0.5735273361206055,0,0.010989189147949219,3.6119871139526367,3.4822959899902344
8829260800,14181130,14166,14166,1,0.2369929999113083,0.33199405670166016,-0.5731439590454102,0,-0.0036630630493164062,3.62695574760437,3.4822959899902344
8830783725,14182135,14167,14167,1,0.23799799382686615,0.33212974667549133,-0.5735273361206055,0,-0.010989189147949219,3.6566102504730225,3.511598587036133
8832306650,14184122,14169,14169,1,0.23998500406742096,0.332397997379303,-0.5731439590454102,0,0.0036630630493164062,3.6714155673980713,3.5311355590820312
8833829575,14185133,14170,14170,1,0.24099600315093994,0.33253446221351624,-0.5731439590454102,0,-0.0036630630493164062,3.6864185333251953,3.5311355590820312
8835352500,14187121,14172,14172,1,0.24298399686813354,0.3328028619289398,-0.5731439590454102,0,0.010989189147949219,3.730743169784546,3.589742660522461
8836875425,14188124,14173,14174,1,0.24498599767684937,0.33307313919067383,-0.5731439590454102,0,0.01831531524658203,3.745527744293213,3.6092796325683594
8838398350,14190120,14175,14175,1,0.24598300457000732,0.33320772647857666,-0.5731439590454102,0,0.0036630630493164062,3.7602715492248535,3.628814697265625
8839921275,14191121,14176,14176,1,0.24698400497436523,0.33334285020828247,-0.5731439590454102,0,0.0036630630493164062,3.7750649452209473,3.6385841369628906
8841444200,14192122,14177,14177,1,0.24798500537872314,0.3334779739379883,-0.5731439590454102,0,0.0036630630493164062,3.804633140563965,3.667886734008789
8842967125,14194120,14179,14179,1,0.24998299777507782,0.3337477147579193,-0.5731439590454102,0,0.010989189147949219,3.8193199634552,3.6874237060546875
8844490050,14195137,14180,14181,1,0.25199899077415466,0.33401986956596375,-0.5731439590454102,0,0.0036630630493164062,3.849015235900879,3.7264957427978516
8846012975,14197127,14182,14182,1,0.2529900074005127,0.3341536521911621,-0.5731439590454102,0,-0.01831531524658203,3.863596200942993,3.746030807495117
8847535900,14199121,14184,14184,1,0.2549839913845062,0.33442285656929016,-0.5731439590454102,0,0.010989189147949219,3.8929011821746826,3.755800247192383
8849581070,14206124,14191,14191,1,0.26198700070381165,0.33536824584007263,-0.5727596282958984,0,0.03296661376953125,3.99546217918396,3.8534793853759766
8851626232,14208121,14193,14193,1,0.26398399472236633,0.3356378674507141,-0.5731439590454102,0,0.010989189147949219,4.024603843688965,3.882783889770508
8853671394,14210137,14195,14195,1,0.26600000262260437,0.33591002225875854,-0.5727596282958984,0,0.01831531524658203,4.05397367477417,3.912088394165039
8855716556,14211125,14196,14196,1,0.26698800921440125,0.3360433876514435,-0.5727596282958984,0,0.010989189147949219,4.068349838256836,3.9316234588623047
8857761718,14213122,14198,14198,1,0.26898500323295593,0.3363129794597626,-0.5727596282958984,0,0.025641441345214844,4.097369194030762,3.960927963256836
8859806880,14214124,14199,14199,1,0.26998698711395264,0.3364482522010803,-0.5727596282958984,0,0.010989189147949219,4.126499176025391,3.9804630279541016
8861852042,14216120,14201,14201,1,0.27198299765586853,0.33671772480010986,-0.5727596282958984,0,0.03296661376953125,4.140841484069824,4
8863897204,14217124,14202,14202,1,0.2729870080947876,0.3368532657623291,-0.5727596282958984,0,0.01831531524658203,4.169808387756348,4.029304504394531
8865942366,14219121,14204,14204,1,0.2749840021133423,0.3371228575706482,-0.5727596282958984,0,0.01831531524658203,4.184243679046631,4.039072036743164
8867987528,14221123,14206,14206,1,0.2769860029220581,0.3373931348323822,-0.5727596282958984,0,0.025641441345214844,4.213131904602051,4.068376541137695
8870032690,14223128,14208,14208,1,0.2789910137653351,0.33766379952430725,-0.5723762512207031,0,0.04029273986816406,4.242011547088623,4.087911605834961
8872077852,14225133,14210,14210,1,0.2809959948062897,0.3379344642162323,-0.5723762512207031,0,0.04029273986816406,4.27083683013916,4.117216110229492
8874123014,14227121,14212,14212,1,0.2829839885234833,0.3382028639316559,-0.5723762512207031,0,0.047618865966796875,4.2993645668029785,4.146520614624023
8876168176,14229121,14214,14214,1,0.2849839925765991,0.338472843170166,-0.5719928741455078,0,0.05494499206542969,4.328009605407715,4.1855926513671875
8878213338,14230124,14215,14215,1,0.285986989736557,0.3386082649230957,-0.5719928741455078,0,0.025641441345214844,4.356598854064941,4.224664688110352
8880258500,14232121,14217,14217,1,0.2879840135574341,0.3388778567314148,-0.5719928741455078,0,0.03296661376953125,4.370872974395752,4.234432220458984
8882137370,14235133,14220,14220,1,0.2909959852695465,0.3392844796180725,-0.5719928741455078,0,0.047618865966796875,4.413779258728027,4.283271789550781
8884016232,14236121,14221,14221,1,0.2929919958114624,0.33955392241477966,-0.5719928741455078,0,0.03296661376953125,4.442141056060791,4.30280876159668
8885895094,14238139,14223,14223,1,0.2940019965171814,0.33969026803970337,-0.5719928741455078,0,0.04029273986816406,4.456470966339111,4.3125762939453125
8887773956,14239127,14224,14224,1,0.29499000310897827,0.3398236632347107,-0.5716094970703125,0,0.047618865966796875,4.484532833099365,4.351648330688477
8889652818,14241121,14226,14226,1,0.2969839870929718,0.34009283781051636,-0.5716094970703125,0,0.04029273986816406,4.498690128326416,4.371185302734375
8891531680,14243124,14228,14228,1,0.2989870011806488,0.3403632640838623,-0.5716094970703125,0,0.047618865966796875,4.526974678039551,4.410257339477539
8893410542,14245129,14230,14231,1,0.3019860088825226,0.34076812863349915,-0.5716094970703125,0,0.047618865966796875,4.569209575653076,4.449329376220703
8895289404,14247123,14232,14232,1,0.3029859960079193,0.3409031331539154,-0.5716094970703125,0,0.047618865966796875,4.583261966705322,4.468864440917969
8897168266,14248120,14233,14234,1,0.3049840033054352,0.34117284417152405,-0.5712261199951172,0,0.04029273986816406,4.611292362213135,4.488401412963867
8899047128,14250130,14235,14235,1,0.305992990732193,0.3413090705871582,-0.5712261199951172,0,0.03296661376953125,4.625424385070801,4.4981689453125
8900925990,14252137,14237,14237,1,0.30799999833106995,0.34158000349998474,-0.5712261199951172,0,0.025641441345214844,4.653486251831055,4.537240982055664
8902804852,14253125,14238,14238,1,0.3089880049228668,0.3418477177619934,-0.5712261199951172,0,0.04029273986816406,4.681149005889893,4.55677604675293
8904683714,14255131,14240,14240,1,0.3109939992427826,0.34198421239852905,-0.5712261199951172,0,0.03296661376953125,4.695228576660156,4.576313018798828
8906562576,14256120,14241,14242,1,0.31298398971557617,0.34225285053253174,-0.5712261199951172,0,0.03296661376953125,4.722893238067627,4.595848083496094
8908441438,14258120,14243,14243,1,0.3139829933643341,0.34238770604133606,-0.5712261199951172,0,0.03296661376953125,4.750687122344971,4.615385055541992
8910320300,14262121,14247,14247,1,0.3179839849472046,0.34292784333229065,-0.5708427429199219,0,0.04029273986816406,4.792115211486816,4.654457092285156
8912121720,14265137,14250,14250,1,0.32100000977516174,0.34333500266075134,-0.5708427429199219,0,0.03296661376953125,4.833666801452637,4.703296661376953
8913923132,14267129,14252,14252,1,0.3229919970035553,0.3436039388179779,-0.5704593658447266,0,0.047618865966796875,4.861026287078857,4.713064193725586
8915724544,14268123,14253,14253,1,0.3239859938621521,0.3437381386756897,-0.5704593658447266,0,0.05494499206542969,4.888316631317139,4.732601165771484
8917525956,14270120,14255,14255,1,0.3259829878807068,0.3440077304840088,-0.5704593658447266,0,0.06959724426269531,4.901976585388184,4.732601165771484
8919327368,14273121,14258,14258,1,0.32898399233818054,0.3444128632545471,-0.5700759887695312,0,0.07692337036132812,4.942906856536865,4.75213623046875
8921128780,14275131,14260,14260,1,0.33099400997161865,0.3446842133998871,-0.5696916580200195,0,0.09157466888427734,4.970232009887695,4.761905670166016
8922930192,14276122,14261,14261,1,0.3319849967956543,0.34481799602508545,-0.5696916580200195,0,0.10622692108154297,4.9972124099731445,4.791208267211914
8924731604,14278121,14263,14263,1,0.33398398756980896,0.34508785605430603,-0.5693082809448242,0,0.09890079498291016,5.010743618011475,4.791208267211914
8926533016,14279130,14264,14264,1,0.33499300479888916,0.3452240824699402,-0.5693082809448242,0,0.10622692108154297,5.037993907928467,4.8107452392578125
8928334428,14280139,14265,14265,1,0.33698800206184387,0.3454934060573578,-0.5689249038696289,0,0.1282052993774414,5.051281452178955,4.830280303955078
8930135840,14282120,14267,14267,1,0.33798301219940186,0.34562772512435913,-0.5689249038696289,0,0.13553142547607422,5.064671516418457,4.859584808349609
8931937252,14283121,14268,14268,1,0.33898401260375977,0.34589800238609314,-0.5689249038696289,0,0.09157466888427734,5.091557502746582,4.918193817138672
8933738664,14285129,14270,14270,1,0.3409920036792755,0.3460339307785034,-0.5685415267944336,0,0.09157466888427734,5.1050519943237305,4.9377288818359375
8935540076,14287121,14272,14272,1,0.34298399090766907,0.34630286693573,-0.5685415267944336,0,0.09157466888427734,5.1316914558410645,4.996337890625
8937341488,14288124,14273,14273,1,0.34398698806762695,0.3464382588863373,-0.5685415267944336,0,0.08424949645996094,5.14507532119751,5.015872955322266
8939142900,14290120,14275,14275,1,0.34598299860954285,0.3467077314853668,-0.5681581497192383,0,0.07692337036132812,5.1716532707214355,5.045177459716797
8940982950,14294135,14279,14279,1,0.34999799728393555,0.34724974632263184,-0.5681581497192383,0,0.07692337036132812,5.238062381744385,5.094017028808594
8942823000,14295133,14281,14281,1,0.35198700428009033,0.34751826524734497,-0.567774772644043,0,0.09157466888427734,5.251132011413574,5.094017028808594
8944663050,14297123,14282,14282,1,0.35298600792884827,0.3476531207561493,-0.567774772644043,0,0.09157466888427734,5.264286994934082,5.113554000854492
8946503100,14298120,14283,14283,1,0.35498499870300293,0.3479229807853699,-0.5673913955688477,0,0.09157466888427734,5.290550708770752,5.123321533203125
8948343150,14300132,14285,14285,1,0.3559949994087219,0.3480593264102936,-0.5673913955688477,0,0.10622692108154297,5.3037896156311035,5.133089065551758
8950183200,14302121,14287,14287,1,0.3579840064048767,0.3483278453350067,-0.5670080184936523,0,0.14285755157470703,5.329801082611084,5.152626037597656
8952023250,14303121,14288,14288,1,0.35898399353027344,0.34859785437583923,-0.5662403106689453,0,0.17216110229492188,5.355874061584473,5.162393569946289
8953863300,14305131,14290,14290,1,0.36099401116371155,0.34873420000076294,-0.5662403106689453,0,0.1794872283935547,5.369009971618652,5.181928634643555
8955703350,14307129,14292,14292,1,0.36399900913238525,0.34913986921310425,-0.56585693359375,0,0.16483497619628906,5.4079670906066895,5.289377212524414
8957543400,14309129,14294,14294,1,0.3649919927120209,0.3492739200592041,-0.5654735565185547,0,0.15750885009765625,5.420797824859619,5.338216781616211
8959383450,14311121,14296,14296,1,0.3669840097427368,0.34954285621643066,-0.5654735565185547,0,0.1208791732788086,5.446475982666016,5.416360855102539
8961223500,14312121,14297,14297,1,0.36898601055145264,0.3498131334781647,-0.5654735565185547,0,0.11355304718017578,5.472197532653809,5.44566535949707
8963063550,14314120,14299,14299,1,0.3699829876422882,0.3499477207660675,-0.5650901794433594,0,0.1208791732788086,5.4849748611450195,5.4358978271484375
8964903600,14315130,14300,14300,1,0.37198299169540405,0.3502177298069,-0.5650901794433594,0,0.1208791732788086,5.5105414390563965,5.416360855102539
8966743650,14318120,14303,14303,1,0.3739829957485199,0.35048770904541016,-0.5643234252929688,0,0.14285755157470703,5.5360212326049805,5.377288818359375
8968583700,14319121,14304,14304,1,0.3749839961528778,0.35062286257743835,-0.5643234252929688,0,0.17216110229492188,5.561425685882568,5.338216781616211
8970067025,14326122,14311,14311,1,0.38198500871658325,0.35156798362731934,-0.5627889633178711,0,0.1794872283935547,5.637079238891602,5.44566535949707
8971550350,14327121,14312,14312,1,0.3829840123653412,0.35170286893844604,-0.5627889633178711,0,0.16483497619628906,5.662087440490723,5.5628814697265625
8973033675,14328120,14313,14313,1,0.38398298621177673,0.35183772444725037,-0.5624055862426758,0,0.15018272399902344,5.674594402313232,5.592185974121094
8974517000,14329122,14314,14314,1,0.3859870135784149,0.35210826992988586,-0.5624055862426758,0,0.13553142547607422,5.687079429626465,5.611721038818359
8976000325,14331121,14316,14316,1,0.3869839906692505,0.3522428572177887,-0.5620222091674805,0,0.15018272399902344,5.6994781494140625,5.611721038818359
8977483650,14332122,14317,14317,1,0.3879849910736084,0.3523779809474945,-0.5620222091674805,0,0.14285755157470703,5.7119035720825195,5.592185974121094
8978966975,14333121,14318,14318,1,0.38898399472236633,0.3525128662586212,-0.5616388320922852,0,0.1794872283935547,5.724280834197998,5.572649002075195
8980450300,14334122,14319,14319,1,0.38998499512672424,0.352647989988327,-0.5612554550170898,0,0.20879077911376953,5.736659526824951,5.55311393737793
8981933625,14335137,14320,14320,1,0.39100000262260437,0.35278502106666565,-0.5608720779418945,0,0.23809528350830078,5.7614827156066895,5.514041900634766
8983416950,14337126,14322,14322,1,0.39298900961875916,0.3530535399913788,-0.5604877471923828,0,0.2454214096069336,5.773667812347412,5.514041900634766
8984900275,14338124,14323,14323,1,0.3939869999885559,0.35318824648857117,-0.5601043701171875,0,0.2527475357055664,5.785915851593018,5.55311393737793
8986383600,14339121,14324,14324,1,0.39498400688171387,0.3533228635787964,-0.5601043701171875,0,0.23809528350830078,5.798127174377441,5.699634552001953
8987866925,14340120,14325,14325,1,0.3959830105304718,0.3534577190876007,-0.5597209930419922,0,0.20879077911376953,5.82255220413208,5.777778625488281
8989350250,14341121,14326,14326,1,0.3979850113391876,0.3537279963493347,-0.5597209930419922,0,0.1941394805908203,5.834741115570068,5.855922698974609
8990833575,14342122,14328,14328,1,0.39898398518562317,0.35386285185813904,-0.5593376159667969,0,0.1868133544921875,5.846880912780762,5.894994735717773
8992316900,14344120,14329,14329,1,0.3999829888343811,0.35399770736694336,-0.5593376159667969,0,0.1941394805908203,5.858996868133545,5.885225296020508
8994008685,14346124,14331,14331,1,0.4019869863986969,0.3544028401374817,-0.5581874847412109,0,0.21611690521240234,5.8952460289001465,5.728937149047852
8995700466,14348120,14333,14333,1,0.4039829969406128,0.3545377254486084,-0.5581874847412109,0,0.23809528350830078,5.907264232635498,5.670330047607422
8997392247,14349129,14334,14334,1,0.4049919843673706,0.35467392206192017,-0.5578041076660156,0,0.2527475357055664,5.91937780380249,5.621490478515625
8999084028,14350146,14335,14335,1,0.4060089886188507,0.3548112213611603,-0.5574197769165039,0,0.2673988342285156,5.93156099319458,5.611721038818359
9000775809,14353120,14338,14338,1,0.4089829921722412,0.3552127182483673,-0.5570363998413086,0,0.23076915740966797,5.967041492462158,5.80708122253418
9002467590,14354122,14339,14339,1,0.4099850058555603,0.35534799098968506,-0.5566530227661133,0,0.21611690521240234,5.990907192230225,5.924297332763672
9004159371,14356120,14341,14341,1,0.41198301315307617,0.3556177318096161,-0.556269645690918,0,0.21611690521240234,6.002606391906738,5.9340667724609375
9005851152,14357121,14342,14342,1,0.4129840135574341,0.3557528555393219,-0.5558862686157227,0,0.2454214096069336,6.026212215423584,5.875457763671875
9007542933,14359124,14344,14344,1,0.4149869978427887,0.35602325201034546,-0.555119514465332,0,0.2673988342285156,6.037988185882568,5.836385726928711
9009234714,14360121,14345,14345,1,0.41598400473594666,0.35629284381866455,-0.5547361373901367,0,0.2967033386230469,6.0613813400268555,5.80708122253418
9010926495,14362120,14347,14347,1,0.4179829955101013,0.35642772912979126,-0.554351806640625,0,0.28205108642578125,6.073045253753662,5.855922698974609
9012618276,14363131,14349,14349,1,0.41999900341033936,0.3566998839378357,-0.5539684295654297,0,0.2673988342285156,6.096502780914307,6.041513442993164
9014310057,14365133,14350,14350,1,0.4209960103034973,0.3568344712257385,-0.5535850524902344,0,0.2673988342285156,6.108065128326416,6.100122451782227
9016001838,14367125,14352,14352,1,0.42298799753189087,0.3571034073829651,-0.5532016754150391,0,0.2454214096069336,6.131086349487305,6.100122451782227
9017693619,14368121,14354,14354,1,0.42498400807380676,0.35737285017967224,-0.5524349212646484,0,0.28205108642578125,6.154048919677734,5.963369369506836
9019385400,14370120,14355,14355,1,0.4259830117225647,0.35750770568847656,-0.5516681671142578,0,0.3040294647216797,6.176973342895508,5.865690231323242
9021192030,14374120,14359,14359,1,0.429982990026474,0.3580477237701416,-0.5509004592895508,0,0.3113555908203125,6.211089611053467,6.041513442993164
9022998648,14376120,14361,14361,1,0.43198299407958984,0.3583177328109741,-0.5501337051391602,0,0.2967033386230469,6.2337212562561035,6.148962020874023
9024805266,14378135,14363,14363,1,0.4339979887008667,0.3585897386074066,-0.5493669509887695,0,0.3040294647216797,6.256412029266357,6.090354919433594
9026611884,14380124,14365,14365,1,0.4359869956970215,0.35885825753211975,-0.5486001968383789,0,0.33333301544189453,6.278700828552246,6.041513442993164
9028418502,14382120,14367,14367,1,0.4379830062389374,0.3591277301311493,-0.5482158660888672,0,0.33333301544189453,6.300957202911377,6.178266525268555
9030225120,14383122,14368,14368,1,0.4389849901199341,0.35926300287246704,-0.5478324890136719,0,0.34065914154052734,6.323169231414795,6.295482635498047
9032031738,14385129,14370,14370,1,0.44099199771881104,0.3595339357852936,-0.5470657348632812,0,0.33333301544189453,6.334299087524414,6.30525016784668
9033838356,14386121,14372,14372,1,0.44298499822616577,0.3598029911518097,-0.5466823577880859,0,0.3186817169189453,6.356241703033447,6.227106094360352
9035644974,14388124,14373,14373,1,0.44498398900032043,0.3600728511810303,-0.5459156036376953,0,0.3186817169189453,6.378138542175293,6.168498992919922
9037451592,14390120,14375,14375,1,0.44598299264907837,0.3602077066898346,-0.5455322265625,0,0.33333301544189453,6.389038562774658,6.178266525268555
9039258210,14391129,14376,14376,1,0.44699200987815857,0.36034393310546875,-0.5451478958129883,0,0.34065914154052734,6.400018692016602,6.217338562011719
9041064828,14393124,14378,14378,1,0.4489870071411133,0.36061325669288635,-0.5439977645874023,0,0.3846149444580078,6.421642303466797,6.236873626708984
9042871446,14394120,14379,14379,1,0.44998300075531006,0.36074772477149963,-0.543614387512207,0,0.3699636459350586,6.443258285522461,6.24664306640625
9044678064,14396125,14381,14381,1,0.45198801159858704,0.3610183894634247,-0.5432310104370117,0,0.34798526763916016,6.453952789306641,6.295482635498047
9046484682,14398120,14383,14383,1,0.45398300886154175,0.3612877130508423,-0.5424642562866211,0,0.3626375198364258,6.475286960601807,6.44200325012207
9048291300,14399121,14384,14384,1,0.45498400926589966,0.3614228665828705,-0.5420799255371094,0,0.3699636459350586,6.4966840744018555,6.451770782470703
9049773720,14403121,14388,14388,1,0.45898398756980896,0.36196285486221313,-0.5405464172363281,0,0.3699636459350586,6.528250694274902,6.295482635498047
9051256132,14404124,14389,14389,1,0.45998698472976685,0.36209824681282043,-0.5401630401611328,0,0.3626375198364258,6.538784027099609,6.295482635498047
9052738544,14405137,14390,14390,1,0.460999995470047,0.36223500967025757,-0.5390119552612305,0,0.40659332275390625,6.559811115264893,6.393161773681641
9054220956,14406135,14391,14391,1,0.4629879891872406,0.36250340938568115,-0.5386285781860352,0,0.41391944885253906,6.570118427276611,6.412698745727539
9055703368,14408122,14393,14393,1,0.46398499608039856,0.362637996673584,-0.5382452011108398,0,0.4285717010498047,6.58046817779541,6.422466278076172
9057185780,14409125,14394,14394,1,0.46498799324035645,0.3627733886241913,-0.5378618240356445,0,0.40659332275390625,6.590849876403809,6.412698745727539
9058668192,14410121,14395,14395,1,0.4659839868545532,0.36290785670280457,-0.5374784469604492,0,0.3846149444580078,6.601129055023193,6.44200325012207
9060150604,14411121,14396,14396,1,0.46698400378227234,0.3630428612232208,-0.5370950698852539,0,0.4212455749511719,6.621678829193115,6.5592193603515625
9061633016,14413123,14398,14398,1,0.46898600459098816,0.36331313848495483,-0.5363283157348633,0,0.4212455749511719,6.631927490234375,6.578754425048828
9063115428,14414120,14399,14399,1,0.4699830114841461,0.36344772577285767,-0.5359439849853516,0,0.40659332275390625,6.6523637771606445,6.520147323608398
9064597840,14416121,14401,14401,1,0.47198399901390076,0.36371785402297974,-0.5351772308349609,0,0.3772897720336914,6.662408351898193,6.481075286865234
9066080252,14417125,14402,14402,1,0.4729880094528198,0.36398786306381226,-0.5340261459350586,0,0.41391944885253906,6.68258810043335,6.5006103515625
9067562664,14419128,14404,14404,1,0.47499099373817444,0.36412379145622253,-0.5336427688598633,0,0.41391944885253906,6.692700386047363,6.549449920654297
9069045076,14420135,14405,14405,1,0.4759979844093323,0.3642597496509552,-0.533259391784668,0,0.4505491256713867,6.712681770324707,6.5592193603515625
9070527488,14421127,14406,14407,1,0.4779829978942871,0.36452770233154297,-0.5324916839599609,0,0.4285717010498047,6.722560405731201,6.529914855957031
9072009900,14423121,14408,14408,1,0.478983998298645,0.36466285586357117,-0.5317249298095703,0,0.4285717010498047,6.732487678527832,6.529914855957031
9073890800,14431121,14416,14416,1,0.486983984708786,0.36574286222457886,-0.5278902053833008,0,0.4871797561645508,6.810675144195557,6.666666030883789
9075771700,14432121,14417,14417,1,0.4879840016365051,0.3658778667449951,-0.5275068283081055,0,0.46520137786865234,6.830014705657959,6.69597053527832
9077652600,14434135,14419,14419,1,0.4899980127811432,0.36614975333213806,-0.5267391204833984,0,0.46520137786865234,6.839596748352051,6.6862030029296875
9079533500,14435133,14421,14421,1,0.4919840097427368,0.36641785502433777,-0.5255889892578125,0,0.4945058822631836,6.858492374420166,6.735042572021484
9081414400,14438124,14423,14423,1,0.49398699402809143,0.36668825149536133,-0.5244388580322266,0,0.5018310546875,6.87741756439209,6.754579544067383
9083295300,14440120,14425,14425,1,0.4959830045700073,0.36695772409439087,-0.5236711502075195,0,0.4871797561645508,6.896145820617676,6.735042572021484
9085176200,14441121,14426,14426,1,0.49698400497436523,0.3670928478240967,-0.5221376419067383,0,0.5164833068847656,6.914796352386475,6.774114608764648
9087057100,14443121,14428,14428,1,0.4989840090274811,0.3673628568649292,-0.521754264831543,0,0.5164833068847656,6.92405366897583,6.774114608764648
9088938000,14444121,14429,14429,1,0.500993013381958,0.3676340579986572,-0.5206031799316406,0,0.5091571807861328,6.942567825317383,6.744810104370117
9090818900,14446124,14431,14431,1,0.5019869804382324,0.367768257856369,-0.51983642578125,0,0.5384616851806641,6.9516777992248535,6.774114608764648
9092699800,14447129,14432,14432,1,0.5029919743537903,0.3679039478302002,-0.5194530487060547,0,0.5750913619995117,6.960855007171631,6.8131866455078125
9094580700,14448135,14433,14433,1,0.5049880146980286,0.36817339062690735,-0.5186862945556641,0,0.5164833068847656,6.97898006439209,6.832723617553711
9096461600,14450130,14435,14435,1,0.5059930086135864,0.3683090806007385,-0.5179195404052734,0,0.5164833068847656,6.988054275512695,6.822954177856445
9098342500,14451121,14436,14436,1,0.5069839954376221,0.3684428632259369,-0.5171518325805664,0,0.5531139373779297,6.996969223022461,6.842491149902344
9100223400,14452123,14437,14437,1,0.5079860091209412,0.36857813596725464,-0.5167684555053711,0,0.5457878112792969,7.014857769012451,6.862026214599609
9102104300,14453121,14438,14439,1,0.5099869966506958,0.3688482642173767,-0.5156183242797852,0,0.5384616851806641,7.023777484893799,6.832723617553711
9103897985,14459121,14444,14444,1,0.5149840116500854,0.3695228695869446,-0.5125503540039062,0,0.5750913619995117,7.067695617675781,6.901098251342773
9105691666,14460121,14446,14446,1,0.5169910192489624,0.3697938024997711,-0.5113992691040039,0,0.604395866394043,7.085090637207031,6.969474792480469
9107485347,14462138,14447,14447,1,0.5180010199546814,0.3699301481246948,-0.5106325149536133,0,0.5970697402954102,7.093790531158447,6.989011764526367
9109279028,14464121,14449,14449,1,0.5209919810295105,0.3703339397907257,-0.5087156295776367,0,0.6190471649169922,7.119344234466553,6.969474792480469
9111072709,14466122,14451,14451,1,0.5219849944114685,0.37046799063682556,-0.508331298828125,0,0.6410255432128906,7.127758026123047,7.008546829223633
9112866390,14467125,14452,14452,1,0.5229880213737488,0.37060338258743286,-0.5075645446777344,0,0.5970697402954102,7.144589900970459,7.037851333618164
9114660071,14468121,14454,14454,1,0.5249840021133423,0.3708728551864624,-0.5064144134521484,0,0.6336994171142578,7.152955532073975,7.047618865966797
9116453752,14470121,14455,14455,1,0.525983989238739,0.37100785970687866,-0.5056476593017578,0,0.6410255432128906,7.161286354064941,7.076923370361328
9118247433,14471123,14456,14456,1,0.5269860029220581,0.3711431324481964,-0.5052633285522461,0,0.626373291015625,7.16959810256958,7.067155838012695
9120041114,14474121,14459,14459,1,0.5299839973449707,0.3715478479862213,-0.5029630661010742,0,0.6483516693115234,7.194249153137207,7.037851333618164
9121834795,14475140,14460,14460,1,0.5310029983520508,0.3716854155063629,-0.5025796890258789,0,0.6556777954101562,7.202553749084473,7.05738639831543
9123628476,14477124,14462,14462,1,0.5329869985580444,0.37195324897766113,-0.5010452270507812,0,0.6556777954101562,7.21861457824707,7.076923370361328
9125422157,14478120,14463,14463,1,0.5339829921722412,0.3720877170562744,-0.5002784729003906,0,0.6630039215087891,7.226623058319092,7.115995407104492
9127215838,14479123,14464,14464,1,0.5359830260276794,0.37235772609710693,-0.4991273880004883,0,0.6190471649169922,7.24259614944458,7.145299911499023
9129009519,14481122,14466,14466,1,0.5369849801063538,0.3724929690361023,-0.49836063385009766,0,0.6410255432128906,7.250542640686035,7.135530471801758
9130803200,14482120,14467,14467,1,0.5379830002784729,0.37262773513793945,-0.49759387969970703,0,0.6776552200317383,7.258420944213867,7.135530471801758
9132713235,14486121,14471,14471,1,0.5419840216636658,0.37316787242889404,-0.49490928649902344,0,0.6849813461303711,7.289635181427002,7.174602508544922
9134623266,14487123,14472,14472,1,0.5429859757423401,0.3733031153678894,-0.4945259094238281,0,0.6776552200317383,7.297358512878418,7.203907012939453
9136533297,14489129,14474,14474,1,0.5449919700622559,0.3735739290714264,-0.49299144744873047,0,0.6410255432128906,7.312709331512451,7.203907012939453
9138443328,14490135,14475,14475,1,0.5459979772567749,0.3737097382545471,-0.49222469329833984,0,0.6996335983276367,7.320350646972656,7.203907012939453
9140353359,14491129,14476,14476,1,0.5469920039176941,0.3738439381122589,-0.49184131622314453,0,0.6923074722290039,7.335324287414551,7.233211517333984
9142263390,14492121,14477,14478,1,0.5489839911460876,0.3741128444671631,-0.4903078079223633,0,0.6556777954101562,7.342807292938232,7.223443984985352
9144173421,14494121,14479,14479,1,0.5499839782714844,0.37424784898757935,-0.48954010009765625,0,0.6923074722290039,7.350252151489258,7.233211517333984
9146083452,14495131,14480,14480,1,0.5509939789772034,0.37438419461250305,-0.4887733459472656,0,0.6703300476074219,7.365058422088623,7.282051086425781
9147993483,14497121,14482,14482,1,0.5529839992523193,0.3746528625488281,-0.4876232147216797,0,0.6630039215087891,7.3723602294921875,7.272283554077148
9149903514,14498120,14483,14483,1,0.5539829730987549,0.37478771805763245,-0.48685550689697266,0,0.6996335983276367,7.379645347595215,7.272283554077148
9151813545,14499122,14484,14484,1,0.554984986782074,0.3749229907989502,-0.48608875274658203,0,0.6996335983276367,7.394202709197998,7.272283554077148
9153723576,14500132,14485,14485,1,0.5569859743118286,0.37519311904907227,-0.4845552444458008,0,0.6996335983276367,7.401315212249756,7.25274658203125
9155633607,14502121,14487,14487,1,0.5579839944839478,0.37532785534858704,-0.48378753662109375,0,0.728938102722168,7.408440113067627,7.25274658203125
9157543638,14505134,14490,14490,1,0.5609970092773438,0.3757346272468567,-0.4814872741699219,0,0.7216119766235352,7.42971658706665,7.25274658203125
9159453669,14507121,14492,14493,1,0.5639860033988953,0.3761381208896637,-0.4791860580444336,0,0.75091552734375,7.450474262237549,7.282051086425781
9161363700,14509121,14494,14494,1,0.5649840235710144,0.37627285718917847,-0.47841930389404297,0,0.7875461578369141,7.457327842712402,7.3113555908203125
9163524020,14521121,14506,14506,1,0.577983021736145,0.3780277371406555,-0.4676799774169922,0,0.8168497085571289,7.542991638183594,7.428571701049805
9165684332,14523121,14508,14508,1,0.5789840221405029,0.37816286087036133,-0.46691322326660156,0,0.8241758346557617,7.549307823181152,7.477411270141602
9167844644,14526121,14511,14511,1,0.5819839835166931,0.3785678446292877,-0.4646120071411133,0,0.8241758346557617,7.567996025085449,7.467643737792969
9170004956,14527121,14512,14512,1,0.5829839706420898,0.378702849149704,-0.46307849884033203,0,0.8021974563598633,7.580252170562744,7.457876205444336
9172165268,14529123,14514,14514,1,0.5849859714508057,0.378973126411438,-0.4619274139404297,0,0.8461542129516602,7.586330413818359,7.457876205444336
9174325580,14530120,14515,14515,1,0.5859829783439636,0.3791077136993408,-0.46116065979003906,0,0.8461542129516602,7.5923380851745605,7.487178802490234
9176485892,14531128,14516,14516,1,0.586991012096405,0.37924379110336304,-0.46039390563964844,0,0.8388280868530273,7.6043620109558105,7.506715774536133
9178646204,14532136,14517,14517,1,0.5889919996261597,0.3795139193534851,-0.45847606658935547,0,0.8534793853759766,7.610223293304443,7.516483306884766
9180806516,14534120,14519,14519,1,0.5899829864501953,0.37964773178100586,-0.45770931243896484,0,0.8534793853759766,7.616031646728516,7.545787811279297
9182966828,14535129,14520,14520,1,0.5909919738769531,0.3797839283943176,-0.4569425582885742,0,0.8388280868530273,7.621904373168945,7.545787811279297
9185127140,14536120,14521,14521,1,0.592985987663269,0.3800531327724457,-0.45540809631347656,0,0.8315019607543945,7.633386135101318,7.584859848022461
9187287452,14540120,14525,14525,1,0.5959829688072205,0.38045769929885864,-0.45272350311279297,0,0.8681316375732422,7.650332927703857,7.526250839233398
9189447764,14541125,14526,14526,1,0.5969880223274231,0.3805933892726898,-0.45157337188720703,0,0.8901100158691406,7.661439418792725,7.516483306884766
9191608076,14545139,14530,14530,1,0.6010019779205322,0.3811352849006653,-0.4481220245361328,0,0.8534793853759766,7.677872180938721,7.584859848022461
9193768388,14546135,14531,14531,1,0.601997971534729,0.38126975297927856,-0.4473552703857422,0,0.875457763671875,7.683211326599121,7.594627380371094
9195928700,14547125,14532,14532,1,0.6029880046844482,0.381403386592865,-0.4454374313354492,0,0.8901100158691406,7.693727493286133,7.594627380371094
9197685604,14553123,14538,14538,1,0.6089860200881958,0.38221311569213867,-0.44083595275878906,0,0.9047622680664062,7.7194905281066895,7.594627380371094
9199442496,14554124,14539,14539,1,0.6099870204925537,0.38234826922416687,-0.4389181137084961,0,0.9047622680664062,7.729520320892334,7.623931884765625
9201199388,14556120,14541,14541,1,0.6119830012321472,0.382617712020874,-0.43815135955810547,0,0.9120874404907227,7.734411716461182,7.623931884765625
9202956280,14557121,14542,14542,1,0.6129840016365051,0.3827528655529022,-0.4370002746582031,0,0.9194135665893555,7.739309310913086,7.623931884765625
9204713172,14558123,14543,14543,1,0.6139860153198242,0.38288813829421997,-0.4362335205078125,0,0.9194135665893555,7.749004364013672,7.604394912719727
9206470064,14560135,14545,14545,1,0.6159979701042175,0.3831597566604614,-0.43431568145751953,0,0.9487180709838867,7.753796100616455,7.584859848022461
9208226956,14562124,14547,14547,1,0.6179869771003723,0.38342827558517456,-0.43239879608154297,0,0.9487180709838867,7.763140678405762,7.584859848022461
9209983848,14564121,14549,14549,1,0.619983971118927,0.38369786739349365,-0.4300975799560547,0,0.9706954956054688,7.772350311279297,7.604394912719727
9211740740,14565129,14550,14550,1,0.6209920048713684,0.38383394479751587,-0.42894744873046875,0,0.9926738739013672,7.781408786773682,7.653236389160156
9213497632,14567121,14552,14552,1,0.622983992099762,0.38410285115242004,-0.4270296096801758,0,0.9706954956054688,7.785858631134033,7.682538986206055
9215254524,14568120,14553,14553,1,0.6239830255508423,0.38423770666122437,-0.42626285552978516,0,0.9926738739013672,7.79026985168457,7.69230842590332
9217011416,14569121,14554,14554,1,0.6249840259552002,0.38437286019325256,-0.4251117706298828,0,0.9926738739013672,7.798985958099365,7.721611022949219
9218768308,14571121,14556,14556,1,0.6269840002059937,0.3846428394317627,-0.42319488525390625,0,1.0073261260986328,7.803256988525391,7.721611022949219
9220525200,14572120,14557,14557,1,0.6279829740524292,0.3847777247428894,-0.4220438003540039,0,0.9926738739013672,7.807491779327393,7.75091552734375
9222326885,14575133,14560,14560,1,0.6309959888458252,0.38518446683883667,-0.418975830078125,0,1,7.819998264312744,7.741147994995117
9224128566,14577121,14562,14562,1,0.6329839825630188,0.38545286655426025,-0.41705894470214844,0,1.0073261260986328,7.828029632568359,7.741147994995117
9225930247,14579121,14564,14564,1,0.634984016418457,0.3857228755950928,-0.41514110565185547,0,1.0073261260986328,7.8398118019104,7.721611022949219
9227731928,14583124,14568,14568,1,0.6389870047569275,0.38626325130462646,-0.4109230041503906,0,1.036630630493164,7.851211071014404,7.741147994995117
9229533609,14584121,14569,14569,1,0.6399840116500854,0.3863978385925293,-0.4097709655761719,0,1.036630630493164,7.858597278594971,7.8095245361328125
9231335290,14586120,14571,14571,1,0.6419829726219177,0.38666772842407227,-0.407470703125,0,1.0439567565917969,7.862175464630127,7.829059600830078
9233136971,14587130,14572,14572,1,0.6429929733276367,0.38680407404899597,-0.40670299530029297,0,1.0439567565917969,7.869322299957275,7.858364105224609
9234938652,14589125,14574,14574,1,0.6449880003929138,0.3870733976364136,-0.4044027328491211,0,1.0293045043945312,7.872766017913818,7.848596572875977
9236740333,14590120,14575,14575,1,0.6459829807281494,0.3872077167034149,-0.40363502502441406,0,1.0293045043945312,7.876182556152344,7.838827133178711
9238542014,14591125,14576,14576,1,0.6469879746437073,0.3873434066772461,-0.4024848937988281,0,1.0586090087890625,7.882913589477539,7.8095245361328125
9240343695,14593121,14578,14578,1,0.6489840149879456,0.38761284947395325,-0.40018367767333984,0,1.0293045043945312,7.886214256286621,7.819292068481445
9242145376,14594120,14579,14579,1,0.6499829888343811,0.38774770498275757,-0.3982667922973633,0,1.0512828826904297,7.892703533172607,7.799755096435547
9243947057,14596121,14581,14581,1,0.6519839763641357,0.388017863035202,-0.39711570739746094,0,1.0439567565917969,7.89583158493042,7.799755096435547
9245748738,14597121,14582,14582,1,0.6529840230941772,0.3881528675556183,-0.395965576171875,0,1.0805854797363281,7.8989458084106445,7.780220031738281
9247550419,14598120,14583,14583,1,0.6539829969406128,0.3882877230644226,-0.39481544494628906,0,1.0659332275390625,7.905045509338379,7.780220031738281
9249352100,14600130,14585,14585,1,0.6559929847717285,0.3885590732097626,-0.3925142288208008,0,1.0952377319335938,7.908039569854736,7.770452499389648
9250837005,14604120,14589,14589,1,0.6599829792976379,0.3890977203845978,-0.38829517364501953,0,1.1098899841308594,7.9194536209106445,7.819292068481445
9252321898,14605129,14590,14590,1,0.6609920263290405,0.38923394680023193,-0.38599491119384766,0,1.1025638580322266,7.92489767074585,7.819292068481445
9253806791,14607125,14592,14592,1,0.662988007068634,0.3895033895969391,-0.38446044921875,0,1.1391944885253906,7.927563190460205,7.799755096435547
9255291684,14608121,14593,14593,1,0.6649839878082275,0.38977286219596863,-0.38254356384277344,0,1.1318683624267578,7.932717323303223,7.799755096435547
9256776577,14610121,14595,14595,1,0.6659839749336243,0.3899078369140625,-0.3810091018676758,0,1.1318683624267578,7.935229301452637,7.799755096435547
9258261470,14611123,14596,14596,1,0.6669859886169434,0.39004313945770264,-0.37985897064208984,0,1.1465206146240234,7.940120697021484,7.8095245361328125
9259746363,14612124,14598,14598,1,0.6689839959144592,0.3903128504753113,-0.37755775451660156,0,1.1538467407226562,7.942485332489014,7.848596572875977
9261231256,14614120,14599,14599,1,0.6699829697608948,0.3904477059841156,-0.3764076232910156,0,1.1684989929199219,7.944808006286621,7.868131637573242
9262716149,14615137,14600,14600,1,0.6710000038146973,0.3905850052833557,-0.3752565383911133,0,1.1538467407226562,7.947124481201172,7.858364105224609
9264201042,14616137,14601,14602,1,0.6729879975318909,0.3908534049987793,-0.372955322265625,0,1.1684989929199219,7.951511383056641,7.848596572875977
9265685935,14618121,14603,14603,1,0.6739839911460876,0.3909878432750702,-0.37180519104003906,0,1.1904754638671875,7.953639030456543,7.868131637573242
9267170828,14619121,14604,14604,1,0.6749839782714844,0.39112284779548645,-0.3706550598144531,0,1.1758251190185547,7.957776069641113,7.897436141967773
9268655721,14621121,14606,14606,1,0.6769840121269226,0.39139285683631897,-0.36835384368896484,0,1.1758251190185547,7.959764003753662,7.897436141967773
9270140614,14622120,14607,14607,1,0.6779829859733582,0.3915277123451233,-0.3668193817138672,0,1.1684989929199219,7.961709022521973,7.907203674316406
9271625507,14623121,14608,14608,1,0.6789839863777161,0.3916628360748291,-0.36605262756347656,0,1.1465206146240234,7.965464115142822,7.926740646362305
9273110400,14625129,14610,14610,1,0.6809920072555542,0.3919339179992676,-0.36336803436279297,0,1.1684989929199219,7.967280864715576,7.926740646362305
9274769725,14628124,14613,14613,1,0.683987021446228,0.39233827590942383,-0.35991668701171875,0,1.1684989929199219,7.972397327423096,7.975580215454102
9276429050,14629129,14614,14614,1,0.6859980225563049,0.39260974526405334,-0.35761547088623047,0,1.1758251190185547,7.975592136383057,7.975580215454102
9278088375,14631125,14616,14616,1,0.6869879961013794,0.39274340867996216,-0.35646533966064453,0,1.161172866821289,7.977093696594238,7.94627571105957
9279747700,14632123,14617,14617,1,0.6879860162734985,0.39287811517715454,-0.3553152084350586,0,1.1831493377685547,7.979977607727051,7.916971206665039
9281407025,14634120,14619,14619,1,0.6899830102920532,0.39314770698547363,-0.352630615234375,0,1.1904754638671875,7.981348991394043,7.887668609619141
9283066350,14635129,14620,14620,1,0.690991997718811,0.3932839334011078,-0.35147953033447266,0,1.1904754638671875,7.982685089111328,7.868131637573242
9284725675,14636124,14621,14622,1,0.6929839849472046,0.39355283975601196,-0.3491792678833008,0,1.2197799682617188,7.9851789474487305,7.868131637573242
9286385000,14638120,14623,14623,1,0.6939830183982849,0.39368772506713867,-0.3476438522338867,0,1.2271060943603516,7.986356735229492,7.868131637573242
9288044325,14641125,14626,14626,1,0.6969879865646362,0.39409339427948,-0.3441925048828125,0,1.2637367248535156,7.989609241485596,7.858364105224609
9289703650,14642121,14628,14628,1,0.6989910006523132,0.39436379075050354,-0.3415079116821289,0,1.2710628509521484,7.991533279418945,7.858364105224609
9291362975,14644135,14629,14629,1,0.6999980211257935,0.3944997489452362,-0.33997440338134766,0,1.2564105987548828,7.992426872253418,7.858364105224609
9293022300,14646120,14631,14631,1,0.7019829750061035,0.394767701625824,-0.33728981018066406,0,1.2637367248535156,7.994042873382568,7.868131637573242
9294681625,14647121,14632,14632,1,0.7029839754104614,0.3949028551578522,-0.3361387252807617,0,1.285715103149414,7.995476245880127,7.877899169921875
9296340950,14649124,14634,14634,1,0.7049869894981384,0.39517325162887573,-0.33345508575439453,0,1.3076915740966797,7.996121883392334,7.907203674316406
9298000275,14650129,14635,14635,1,0.7059919834136963,0.3953089416027069,-0.3323040008544922,0,1.2930412292480469,7.996718406677246,7.9365081787109375
9299659600,14651121,14636,14636,1,0.7069839835166931,0.3954428434371948,-0.33077049255371094,0,1.285715103149414,7.99725866317749,7.94627571105957
9301289045,14657132,14642,14642,1,0.7129949927330017,0.3962543308734894,-0.32310009002685547,0,1.3003654479980469,7.999495506286621,7.995115280151367
9302918482,14658135,14643,14643,1,0.713998019695282,0.39638975262641907,-0.32194995880126953,0,1.3076915740966797,7.999695301055908,8.014652252197266
9304547919,14659125,14644,14644,1,0.7149879932403564,0.3965233862400055,-0.3204154968261719,0,1.3003654479980469,7.999942779541016,8.014652252197266
9306177356,14661123,14646,14646,1,0.7169860005378723,0.3967931270599365,-0.3177309036254883,0,1.3003654479980469,7.999993324279785,7.985347747802734
9307806793,14662120,14647,14647,1,0.7179830074310303,0.39692771434783936,-0.31658077239990234,0,1.3003654479980469,7.999945163726807,7.965812683105469
9309436230,14663121,14649,14649,1,0.7199839949607849,0.3971978425979614,-0.31389617919921875,0,1.3003654479980469,7.999846458435059,7.956043243408203
9311065667,14665133,14650,14650,1,0.7209960222244263,0.397334486246109,-0.3127460479736328,0,1.3076915740966797,7.999695777893066,7.9365081787109375
9312695104,14666120,14651,14651,1,0.721983015537262,0.3974677324295044,-0.31121158599853516,0,1.3076915740966797,7.999499797821045,7.9365081787109375
9314324541,14667120,14652,14652,1,0.7239840030670166,0.39773786067962646,-0.3089113235473633,0,1.3296699523925781,7.998952388763428,7.9365081787109375
9315953978,14669123,14654,14654,1,0.7249860167503357,0.3978731334209442,-0.3073768615722656,0,1.3076915740966797,7.998603343963623,7.9365081787109375
9317583415,14670124,14655,14655,1,0.7259870171546936,0.39800825715065,-0.3058433532714844,0,1.3296699523925781,7.997752666473389,7.926740646362305
9319212852,14671129,14657,14657,1,0.7279989719390869,0.3982798755168915,-0.3031587600708008,0,1.336996078491211,7.997249603271484,7.926740646362305
9320842289,14673125,14658,14658,1,0.728987991809845,0.39841338992118835,-0.30200767517089844,0,1.3223438262939453,7.996706008911133,7.897436141967773
9322471726,14674122,14659,14659,1,0.7299849987030029,0.3985480070114136,-0.29893970489501953,0,1.3589744567871094,7.995452880859375,7.868131637573242
9324101163,14676120,14661,14661,1,0.7319830060005188,0.3988177180290222,-0.2977895736694336,0,1.3809528350830078,7.9947590827941895,7.848596572875977
9325730600,14677121,14662,14662,1,0.7329840064048767,0.398952841758728,-0.29625511169433594,0,1.3809528350830078,7.994007587432861,7.829059600830078
9327662255,14680121,14665,14665,1,0.7369840145111084,0.39949285984039307,-0.29050350189208984,0,1.4029312133789062,7.9904985427856445,7.965812683105469
9329593898,14682122,14667,14667,1,0.7379850149154663,0.3996279835700989,-0.2889690399169922,0,1.4029312133789062,7.9894938468933105,8.004884719848633
9331525541,14683120,14668,14668,1,0.7389829754829407,0.39976271986961365,-0.28781890869140625,0,1.4029312133789062,7.988441467285156,8.024419784545898
9333457184,14690122,14675,14675,1,0.7459849715232849,0.40070798993110657,-0.2778463363647461,0,1.4029312133789062,7.9796342849731445,7.907203674316406
9335388827,14691120,14676,14676,1,0.746982991695404,0.40084272623062134,-0.2747783660888672,0,1.4322338104248047,7.97666072845459,7.916971206665039
9337320470,14693121,14678,14678,1,0.7489839792251587,0.4011128544807434,-0.27324485778808594,0,1.4395599365234375,7.975097179412842,7.94627571105957
9339252113,14694124,14679,14679,1,0.749987006187439,0.4012482762336731,-0.2720947265625,0,1.417581558227539,7.973476886749268,7.985347747802734
9341183756,14695129,14681,14681,1,0.7519840002059937,0.4015178680419922,-0.2694101333618164,0,1.3956050872802734,7.970097541809082,8.024419784545898
9343115399,14697121,14682,14682,1,0.7529839873313904,0.40165287256240845,-0.26787567138671875,0,1.4029312133789062,7.968328475952148,8.004884719848633
9345047042,14698122,14683,14683,1,0.7539849877357483,0.40178799629211426,-0.2663421630859375,0,1.3809528350830078,7.966506004333496,7.985347747802734
9346978685,14699132,14684,14685,1,0.756007969379425,0.4020611047744751,-0.2636575698852539,0,1.4029312133789062,7.9626665115356445,7.9365081787109375
9348910328,14701127,14686,14686,1,0.7569900155067444,0.40219366550445557,-0.26212310791015625,0,1.4322338104248047,7.958712100982666,7.877899169921875
9350841971,14703123,14688,14688,1,0.7589859962463379,0.4024631381034851,-0.25905513763427734,0,1.4542121887207031,7.956630229949951,7.858364105224609
9352773614,14704121,14689,14689,1,0.759984016418457,0.4025978446006775,-0.2575216293334961,0,1.461538314819336,7.95450496673584,7.829059600830078
9354705257,14706120,14691,14691,1,0.7619829773902893,0.40286773443222046,-0.2544536590576172,0,1.5054950714111328,7.950093746185303,7.819292068481445
9356636900,14707124,14693,14693,1,0.7639830112457275,0.4031377136707306,-0.2513856887817383,0,1.5201473236083984,7.945473670959473,7.829059600830078
9358451700,14712120,14697,14697,1,0.7679830193519592,0.40367773175239563,-0.24524974822998047,0,1.5201473236083984,7.932992458343506,7.926740646362305
9360266500,14713129,14698,14698,1,0.7699980139732361,0.4039497375488281,-0.24218177795410156,0,1.5201473236083984,7.930328845977783,7.926740646362305
9362081300,14715137,14700,14700,1,0.7710000276565552,0.4040850102901459,-0.2406473159790039,0,1.5128211975097656,7.927623748779297,7.897436141967773
9363896100,14716120,14701,14701,1,0.772983968257904,0.4043528437614441,-0.237579345703125,0,1.5274734497070312,7.922112941741943,7.848596572875977
9365710900,14718121,14703,14703,1,0.7739840149879456,0.40448784828186035,-0.23604583740234375,0,1.5201473236083984,7.919257640838623,7.848596572875977
9367525700,14721121,14706,14706,1,0.7769839763641357,0.40489286184310913,-0.2314434051513672,0,1.5347976684570312,7.910378932952881,7.916971206665039
9369340500,14723125,14708,14708,1,0.7789880037307739,0.40516340732574463,-0.22837543487548828,0,1.5201473236083984,7.904185771942139,7.965812683105469
9371155300,14725129,14710,14710,1,0.7809919714927673,0.40543392300605774,-0.22530746459960938,0,1.4981689453125,7.897783279418945,7.995115280151367
9372970100,14727130,14712,14712,1,0.7829930186271667,0.4057040810585022,-0.22223854064941406,0,1.5128211975097656,7.891180515289307,7.916971206665039
9374784900,14729125,14714,14714,1,0.7849879860877991,0.4059734046459198,-0.21917057037353516,0,1.5128211975097656,7.8843889236450195,7.868131637573242
9376599700,14730120,14715,14715,1,0.7869840264320374,0.40624284744262695,-0.21610260009765625,0,1.5567760467529297,7.877384662628174,7.75091552734375
9378414500,14732123,14717,14717,1,0.7879859805107117,0.4063781201839447,-0.2141857147216797,0,1.5787544250488281,7.8737897872924805,7.721611022949219
9380229300,14733120,14718,14718,1,0.7889829874038696,0.4065127372741699,-0.21265125274658203,0,1.586080551147461,7.8701605796813965,7.702075958251953
9382044100,14734121,14719,14719,1,0.790992021560669,0.40678393840789795,-0.2091999053955078,0,1.6153850555419922,7.8626885414123535,7.721611022949219
9383858900,14736124,14721,14721,1,0.7919870018959045,0.4069182574748993,-0.20766639709472656,0,1.6080589294433594,7.8589091300964355,7.75091552734375
9385673700,14737121,14722,14722,1,0.7929840087890625,0.4070528745651245,-0.2061319351196289,0,1.6080589294433594,7.855070114135742,7.780220031738281
9387721230,14740123,14725,14725,1,0.795985996723175,0.4075937867164612,-0.1999959945678711,0,1.586080551147461,7.839111804962158,7.848596572875977
9389768748,14742135,14727,14727,1,0.7979980111122131,0.40772974491119385,-0.19846248626708984,0,1.586080551147461,7.834968090057373,7.829059600830078
9391816266,14744124,14729,14729,1,0.7999870181083679,0.407998263835907,-0.19501113891601562,0,1.6153850555419922,7.826626300811768,7.799755096435547
9393863784,14748122,14733,14733,1,0.8039849996566772,0.40853798389434814,-0.1884908676147461,0,1.6300373077392578,7.804747104644775,7.877899169921875
9395911302,14751121,14736,14736,1,0.806984007358551,0.408942848443985,-0.18350601196289062,0,1.6007328033447266,7.795619487762451,7.887668609619141
9397958820,14753121,14738,14738,1,0.8089839816093445,0.4092128574848175,-0.18043804168701172,0,1.5934066772460938,7.781535625457764,7.770452499389648
9400006338,14756137,14741,14741,1,0.8119999766349792,0.4096200168132782,-0.17545223236083984,0,1.6300373077392578,7.771795272827148,7.702075958251953
9402053856,14757129,14743,14743,1,0.8139839768409729,0.4098878502845764,-0.17200088500976562,0,1.6446895599365234,7.762003421783447,7.653236389160156
9404101374,14759121,14744,14744,1,0.8149840235710144,0.4100228548049927,-0.17046737670898438,0,1.666666030883789,7.756988525390625,7.653236389160156
9406148892,14761123,14746,14746,1,0.8169860243797302,0.4102931320667267,-0.16701507568359375,0,1.6593399047851562,7.746789455413818,7.643466949462891
9408196410,14762120,14747,14747,1,0.8179829716682434,0.4104277193546295,-0.16356372833251953,0,1.666666030883789,7.736398696899414,7.653236389160156
9410243928,14764121,14749,14749,1,0.8199840188026428,0.410697877407074,-0.16164684295654297,0,1.7032966613769531,7.7311177253723145,7.653236389160156
9412291446,14765133,14750,14750,1,0.8209959864616394,0.41083449125289917,-0.1601114273071289,0,1.7179489135742188,7.720396995544434,7.682538986206055
9414338964,14767121,14752,14752,1,0.822983980178833,0.41110286116600037,-0.1566600799560547,0,1.7326011657714844,7.714956283569336,7.702075958251953
9416386482,14768121,14753,14753,1,0.8239840269088745,0.4112378656864166,-0.15474224090576172,0,1.7179489135742188,7.709462642669678,7.721611022949219
9418434000,14770135,14755,14755,1,0.8259980082511902,0.41150975227355957,-0.1512908935546875,0,1.7252750396728516,7.698237419128418,7.731380462646484
9420322136,14778120,14763,14763,1,0.8339830040931702,0.4125877320766449,-0.13786888122558594,0,1.6959705352783203,7.651600360870361,7.682538986206055
9422210262,14779121,14764,14765,1,0.8359829783439636,0.41285771131515503,-0.13441753387451172,0,1.7032966613769531,7.6393866539001465,7.69230842590332
9424098388,14781124,14766,14766,1,0.8369870185852051,0.41299325227737427,-0.13288307189941406,0,1.6813182830810547,7.633174419403076,7.682538986206055
9425986514,14782120,14767,14767,1,0.8379830121994019,0.41312772035598755,-0.1309661865234375,0,1.6813182830810547,7.626958847045898,7.672771453857422
9427874640,14783128,14768,14768,1,0.8389909863471985,0.41326379776000977,-0.12943172454833984,0,1.6959705352783203,7.614222049713135,7.584859848022461
9429762766,14785135,14770,14770,1,0.8409979939460754,0.4135347604751587,-0.1255970001220703,0,1.7326011657714844,7.607820510864258,7.55555534362793
9431650892,14786124,14771,14771,1,0.8419870138168335,0.41366827487945557,-0.12367916107177734,0,1.7619056701660156,7.601436614990234,7.506715774536133
9433539018,14787122,14772,14772,1,0.8429849743843079,0.41380298137664795,-0.12176227569580078,0,1.7765560150146484,7.59494161605835,7.457876205444336
9435427144,14788120,14773,14773,1,0.8449839949607849,0.4140728712081909,-0.11831092834472656,0,1.8205127716064453,7.5817718505859375,7.467643737792969
9437315270,14790122,14775,14775,1,0.8459849953651428,0.41420799493789673,-0.1163930892944336,0,1.791208267211914,7.575096607208252,7.4969482421875
9439203396,14792121,14777,14777,1,0.8479840159416199,0.4144778549671173,-0.11294174194335938,0,1.7692298889160156,7.5547776222229,7.594627380371094
9441091522,14794123,14779,14779,1,0.8499860167503357,0.4147481322288513,-0.10949039459228516,0,1.7765560150146484,7.547881126403809,7.584859848022461
9442979648,14795130,14780,14780,1,0.8519840240478516,0.41501784324645996,-0.10565471649169922,0,1.7765560150146484,7.533969879150391,7.5653228759765625
9444867774,14797129,14782,14782,1,0.8529919981956482,0.4151539206504822,-0.10412120819091797,0,1.7765560150146484,7.5268707275390625,7.545787811279297
9446755900,14798137,14783,14783,1,0.8539999723434448,0.4152899980545044,-0.102203369140625,0,1.7765560150146484,7.512652397155762,7.506715774536133
9448486785,14801123,14786,14786,1,0.8569859862327576,0.41569313406944275,-0.09683418273925781,0,1.7619056701660156,7.490888595581055,7.575092315673828
9450217666,14803121,14788,14788,1,0.8589839935302734,0.4159628450870514,-0.09338188171386719,0,1.7838821411132812,7.483546733856201,7.604394912719727
9451948547,14804120,14789,14789,1,0.8599830269813538,0.4160977303981781,-0.09146499633789062,0,1.7838821411132812,7.476135730743408,7.614164352416992
9453679428,14806122,14791,14791,1,0.8619849681854248,0.4163679778575897,-0.0880136489868164,0,1.7619056701660156,7.46112585067749,7.55555534362793
9455410309,14807121,14792,14792,1,0.8629840016365051,0.41650286316871643,-0.08609580993652344,0,1.791208267211914,7.445923805236816,7.4383392333984375
9457141190,14809120,14794,14794,1,0.8649830222129822,0.416772723197937,-0.0822610855102539,0,1.8205127716064453,7.438246250152588,7.369962692260742
9458872071,14810124,14795,14795,1,0.8659870028495789,0.41690826416015625,-0.08034324645996094,0,1.8571434020996094,7.422654151916504,7.262516021728516
9460602952,14812135,14797,14797,1,0.8679980039596558,0.41717976331710815,-0.0765085220336914,0,1.871795654296875,7.414752960205078,7.242979049682617
9462333833,14813125,14798,14798,1,0.8689879775047302,0.4173133969306946,-0.07459068298339844,0,1.8791217803955078,7.406932353973389,7.262516021728516
9464064714,14815133,14800,14800,1,0.8709959983825684,0.41758447885513306,-0.0707559585571289,0,1.8791217803955078,7.390909194946289,7.350427627563477
9465795595,14816120,14801,14801,1,0.871982991695404,0.41771772503852844,-0.06922245025634766,0,1.871795654296875,7.382953643798828,7.409034729003906
9467526476,14817121,14802,14802,1,0.8739839792251587,0.4179878532886505,-0.06538677215576172,0,1.8498172760009766,7.366666793823242,7.44810676574707
9469257357,14819123,14804,14804,1,0.8749859929084778,0.41812312602996826,-0.06346988677978516,0,1.8644695281982422,7.350181579589844,7.418804168701172
9470988238,14821121,14806,14806,1,0.8769840002059937,0.4183928668498993,-0.05963420867919922,0,1.8644695281982422,7.333475589752197,7.399267196655273
9472719119,14823124,14808,14808,1,0.8789870142936707,0.41866326332092285,-0.05579948425292969,0,1.8864459991455078,7.325007438659668,7.399267196655273
9474450000,14825137,14810,14810,1,0.8809999823570251,0.41893500089645386,-0.05234813690185547,0,1.8571434020996094,7.307868003845215,7.428571701049805
9476140845,14829121,14814,14814,1,0.884984016418457,0.419472873210907,-0.04506206512451172,0,1.8498172760009766,7.264511585235596,7.25274658203125
9477831682,14830120,14816,14816,1,0.8869879841804504,0.4197433888912201,-0.04122638702392578,0,1.8644695281982422,7.255606174468994,7.1843719482421875
9479522519,14832122,14817,14817,1,0.8879849910736084,0.4198780059814453,-0.038926124572753906,0,1.8864459991455078,7.246718883514404,7.125762939453125
9481213356,14833120,14818,14818,1,0.8889830112457275,0.4200127124786377,-0.03700828552246094,0,1.9010982513427734,7.237769603729248,7.106227874755859
9482904193,14834121,14819,14819,1,0.8899840116500854,0.4201478660106659,-0.03508949279785156,0,1.915750503540039,7.2287397384643555,7.086690902709961
9484595030,14835131,14820,14820,1,0.8909940123558044,0.4202842116355896,-0.033172607421875,0,1.9377288818359375,7.2105488777160645,7.145299911499023
9486285867,14837121,14822,14822,1,0.8929839730262756,0.4205528497695923,-0.02933788299560547,0,1.9377288818359375,7.201359748840332,7.19413948059082
9487976704,14838120,14823,14823,1,0.893983006477356,0.420687735080719,-0.0274200439453125,0,1.9230766296386719,7.192134857177734,7.223443984985352
9489667541,14839132,14824,14824,1,0.8949949741363525,0.4208243489265442,-0.02550220489501953,0,1.9450550079345703,7.182735919952393,7.25274658203125
9491358378,14840135,14825,14825,1,0.8959980010986328,0.4209597408771515,-0.02358531951904297,0,1.9377288818359375,7.164067268371582,7.213674545288086
9493049215,14841125,14826,14827,1,0.8979830145835876,0.42122772336006165,-0.01974964141845703,0,1.9230766296386719,7.154668807983398,7.203907012939453
9494740052,14843123,14828,14828,1,0.8989859819412231,0.42136311531066895,-0.01783275604248047,0,1.9304027557373047,7.145139694213867,7.1843719482421875
9496430889,14845130,14830,14830,1,0.9009929895401001,0.42163407802581787,-0.013613700866699219,0,1.9304027557373047,7.125914096832275,7.1843719482421875
9498121726,14848123,14833,14833,1,0.9039859771728516,0.42203813791275024,-0.007862091064453125,0,1.915750503540039,7.096845626831055,7.223443984985352
9499812563,14850128,14836,14836,1,0.9069839715957642,0.42244285345077515,-0.0024929046630859375,0,1.9230766296386719,7.067252159118652,7.145299911499023
9501503400,14853129,14838,14838,1,0.9089919924736023,0.4227139353752136,0.0017251968383789062,0,1.9230766296386719,7.0471649169921875,7.05738639831543
9503360435,14856122,14841,14841,1,0.9119849801063538,0.423117995262146,0.007861137390136719,0,1.9743595123291016,7.016827583312988,6.959707260131836
9505217466,14857121,14842,14842,1,0.9129840135574341,0.4232528507709503,0.009778976440429688,0,2.0256404876708984,6.996301174163818,6.9401702880859375
9507074497,14858121,14843,14843,1,0.9149839878082275,0.42352285981178284,0.013997077941894531,0,2.010988235473633,6.9859538078308105,6.949939727783203
9508931528,14860124,14845,14845,1,0.9159870147705078,0.42365825176239014,0.0159149169921875,0,1.9890117645263672,6.975522994995117,6.959707260131836
9510788559,14861121,14846,14846,1,0.9169840216636658,0.42379286885261536,0.01974964141845703,0,2.010988235473633,6.954607009887695,6.979242324829102
9512645590,14863121,14848,14848,1,0.9189839959144592,0.4240628480911255,0.022050857543945312,0,2.010988235473633,6.944038391113281,6.979242324829102
9514502621,14864124,14849,14849,1,0.9199870228767395,0.4241982698440552,0.02396869659423828,0,2.003662109375,6.933394908905029,6.979242324829102
9516359652,14865129,14850,14850,1,0.9209920167922974,0.42433393001556396,0.025885581970214844,0,2.0183143615722656,6.922678470611572,6.969474792480469
9518216683,14870121,14856,14856,1,0.9269850254058838,0.4251430034637451,0.03777503967285156,0,1.9743595123291016,6.857668399810791,6.998779296875
9520073714,14872123,14857,14857,1,0.9279860258102417,0.4252781271934509,0.03969287872314453,0,1.9743595123291016,6.846625328063965,6.979242324829102
9521930745,14874120,14859,14859,1,0.9299830198287964,0.42554771900177,0.043910980224609375,0,1.9670333862304688,6.824440002441406,6.949939727783203
9523787776,14875129,14860,14860,1,0.9309920072555542,0.4256839156150818,0.045828819274902344,0,1.9670333862304688,6.8131513595581055,6.901098251342773
9525644807,14877123,14862,14862,1,0.9329860210418701,0.4259531497955322,0.049663543701171875,0,2.0183143615722656,6.779374599456787,6.705738067626953
9527501838,14879121,14864,14864,1,0.9349839687347412,0.42622286081314087,0.05426597595214844,0,2.0549449920654297,6.7679667472839355,6.647130966186523
9529358869,14881132,14866,14866,1,0.9369949698448181,0.4264943599700928,0.05848407745361328,0,2.0915756225585938,6.7448883056640625,6.617826461791992
9531215900,14883125,14868,14868,1,0.9389879703521729,0.4267633855342865,0.06270217895507812,0,2.076923370361328,6.721810340881348,6.705738067626953
9533233360,14889124,14874,14874,1,0.9449869990348816,0.4275732636451721,0.07497406005859375,0,2.047618865966797,6.651096820831299,6.783882141113281
9535250816,14891120,14876,14876,1,0.9469829797744751,0.42784273624420166,0.07880973815917969,0,2.047618865966797,6.627155780792236,6.744810104370117
9537268272,14892120,14877,14877,1,0.9479830265045166,0.4279777407646179,0.08111000061035156,0,2.047618865966797,6.602922439575195,6.744810104370117
9539285728,14895137,14880,14880,1,0.9509999752044678,0.42838501930236816,0.08686256408691406,0,2.0183143615722656,6.578348159790039,6.6862030029296875
9541303184,14896136,14881,14881,1,0.9519990086555481,0.4285199046134949,0.08916378021240234,0,2.0549449920654297,6.553836345672607,6.568986892700195
9543320640,14898120,14883,14883,1,0.9539830088615417,0.4287877082824707,0.0933828353881836,0,2.076923370361328,6.541566848754883,6.490842819213867
9545338096,14899121,14884,14884,1,0.9549840092658997,0.4289228618144989,0.09568405151367188,0,2.0989017486572266,6.5291218757629395,6.422466278076172
9547355552,14900130,14885,14885,1,0.9559929966926575,0.429193377494812,0.09990215301513672,0,2.135530471801758,6.504051685333252,6.393161773681641
9549373008,14902124,14887,14887,1,0.9579870104789734,0.4293282628059387,0.102203369140625,0,2.120878219604492,6.4914774894714355,6.432233810424805
9551390464,14903121,14888,14888,1,0.9589840173721313,0.42946285009384155,0.10450458526611328,0,2.1428565979003906,6.466200351715088,6.549449920654297
9553407920,14905129,14890,14890,1,0.9609919786453247,0.42973393201828003,0.10833930969238281,0,2.120878219604492,6.4533467292785645,6.588521957397461
9555425376,14907121,14892,14892,1,0.962984025478363,0.4300028681755066,0.11255836486816406,0,2.0989017486572266,6.427813529968262,6.578754425048828
9557442832,14909128,14894,14894,1,0.9649909734725952,0.43027380108833313,0.1167764663696289,0,2.0989017486572266,6.401885032653809,6.520147323608398
9559460288,14911125,14896,14896,1,0.9669880270957947,0.4305434226989746,0.12099456787109375,0,2.0989017486572266,6.37588357925415,6.490842819213867
9561477744,14913121,14898,14898,1,0.9699850082397461,0.4309479892253876,0.12751388549804688,0,2.1062278747558594,6.336480617523193,6.481075286865234
9563495200,14915129,14900,14900,1,0.9709919691085815,0.43108391761779785,0.12943172454833984,0,2.0989017486572266,6.323139667510986,6.44200325012207
9565304360,14918124,14903,14903,1,0.9739869832992554,0.4314882755279541,0.13595104217529297,0,2.120878219604492,6.283156871795654,6.295482635498047
9567113516,14920120,14905,14905,1,0.9759830236434937,0.43175771832466125,0.14055347442626953,0,2.1428565979003906,6.256259441375732,6.217338562011719
9568922672,14921121,14906,14906,1,0.9769840240478516,0.43189287185668945,0.1424703598022461,0,2.164834976196289,6.24269437789917,6.19780158996582
9570731828,14923128,14908,14908,1,0.9789909720420837,0.432163804769516,0.14707279205322266,0,2.1941394805908203,6.215346813201904,6.227106094360352
9572540984,14924135,14909,14909,1,0.979997992515564,0.43229973316192627,0.14898967742919922,0,2.164834976196289,6.2015485763549805,6.256410598754883
9574350140,14925133,14911,14911,1,0.9819869995117188,0.4325682520866394,0.15320968627929688,0,2.1501827239990234,6.1741461753845215,6.266178131103516
9576159296,14931125,14916,14916,1,0.9869880080223083,0.43324339389801025,0.16433048248291016,0,2.172161102294922,6.104375839233398,6.24664306640625
9577968452,14932121,14917,14917,1,0.9879840016365051,0.43337786197662354,0.16624832153320312,0,2.164834976196289,6.090331554412842,6.256410598754883
9579777608,14933121,14918,14918,1,0.9889839887619019,0.43364787101745605,0.17046642303466797,0,2.120878219604492,6.06198263168335,6.236873626708984
9581586764,14935131,14920,14920,1,0.9909939765930176,0.4337841868400574,0.17276763916015625,0,2.128204345703125,6.047593116760254,6.19780158996582
9583395920,14936120,14921,14921,1,0.9929919838905334,0.4340539276599884,0.1769866943359375,0,2.1501827239990234,6.018975257873535,6.109889984130859
9585205076,14938135,14923,14923,1,0.9939979910850525,0.43418973684310913,0.17928695678710938,0,2.1428565979003906,6.004490852355957,6.05128288269043
9587014232,14939129,14924,14924,1,0.9949920177459717,0.4344577193260193,0.18350601196289062,0,2.1794872283935547,5.975767135620117,5.94383430480957
9588823388,14941121,14926,14926,1,0.9969840049743652,0.4345928430557251,0.1858062744140625,0,2.1941394805908203,5.961208343505859,5.904762268066406
9590632544,14942121,14927,14927,1,0.997983992099762,0.43472784757614136,0.18810749053955078,0,2.2161178588867188,5.9466166496276855,5.875457763671875
9592441700,14944120,14929,14929,1,0.999983012676239,0.4349977374076843,0.19270992279052734,0,2.2380943298339844,5.917297840118408,5.885225296020508
9595180730,14947125,14932,14932,1,1.0029879808425903,0.43540340662002563,0.19961261749267578,0,2.2307701110839844,5.858035087585449,6.041513442993164
9597919748,14949121,14935,14935,1,1.005990982055664,0.43580877780914307,0.2061319351196289,0,2.1868133544921875,5.8280134201049805,6.05128288269043
9600658766,14951130,14936,14936,1,1.006993055343628,0.4359440803527832,0.20804977416992188,0,2.164834976196289,5.812952518463135,6.041513442993164
9603397784,14952137,14937,14937,1,1.0080000162124634,0.43608003854751587,0.21035003662109375,0,2.172161102294922,5.7828216552734375,5.973138809204102
9606136802,14954120,14939,14939,1,1.009982943534851,0.43634772300720215,0.214569091796875,0,2.172161102294922,5.767722129821777,5.9340667724609375
9608875820,14955133,14940,14940,1,1.0109959840774536,0.4364844560623169,0.2168712615966797,0,2.1575088500976562,5.7523016929626465,5.894994735717773
9611614838,14956121,14941,14941,1,1.0119839906692505,0.4366178512573242,0.21878814697265625,0,2.1941394805908203,5.7218918800354,5.80708122253418
9614353856,14962120,14947,14947,1,1.0179829597473145,0.43742769956588745,0.23297786712646484,0,2.2820510864257812,5.644598960876465,5.582418441772461
9617092874,14967125,14952,14952,1,1.022987961769104,0.4381033778190613,0.24409866333007812,0,2.2380943298339844,5.566022872924805,5.758241653442383
9619831892,14973120,14958,14958,1,1.0289829969406128,0.4389127194881439,0.2571382522583008,0,2.2234439849853516,5.470353603363037,5.641025543212891
9622570910,14980136,14965,14965,1,1.0369880199432373,0.43999338150024414,0.2755460739135742,0,2.296703338623047,5.340002059936523,5.3089141845703125
9625309928,14982120,14967,14967,1,1.0379829406738281,0.44012773036956787,0.2778472900390625,0,2.296703338623047,5.323593616485596,5.3089141845703125
9628048946,14983120,14968,14968,1,1.0399869680404663,0.44039827585220337,0.28244972229003906,0,2.2820510864257812,5.290409088134766,5.387058258056641
9630787964,14985129,14970,14970,1,1.040992021560669,0.44053393602371216,0.28475093841552734,0,2.289377212524414,5.273695945739746,5.406593322753906
9633526982,14986120,14971,14971,1,1.0419830083847046,0.4406677186489105,0.2870512008666992,0,2.289377212524414,5.257172107696533,5.406593322753906
9636266000,14988122,14973,14973,1,1.0439850091934204,0.44093799591064453,0.29127025604248047,0,2.260072708129883,5.2236552238464355,5.387058258056641
9637973260,14993131,14979,14979,1,1.0499980449676514,0.4417497515678406,0.30469226837158203,0,2.2234439849853516,5.121901512145996,5.3089141845703125
9639680514,14995134,14980,14980,1,1.050997018814087,0.4418846368789673,0.3073768615722656,0,2.2307701110839844,5.1048407554626465,5.25030517578125
9641387768,14996121,14981,14981,1,1.0519839525222778,0.4420178532600403,0.3092947006225586,0,2.25274658203125,5.087940216064453,5.181928634643555
9643095022,14997125,14982,14982,1,1.052988052368164,0.4421533942222595,0.31159496307373047,0,2.289377212524414,5.053577423095703,5.05494499206543
9644802276,14999121,14984,14984,1,1.0549839735031128,0.44242286682128906,0.31658077239990234,0,2.296703338623047,5.03630256652832,4.996337890625
9646509530,15000130,14985,14985,1,1.0559929609298706,0.44255906343460083,0.3188819885253906,0,2.333333969116211,5.018846035003662,4.996337890625
9648216784,15001126,14986,14986,1,1.0569889545440674,0.4426935315132141,0.3211822509765625,0,2.3186817169189453,5.001570224761963,4.996337890625
9649924038,15003121,14988,14988,1,1.0589840412139893,0.4429628849029541,0.3261680603027344,0,2.3479862213134766,4.966833591461182,5.045177459716797
9651631292,15004120,14989,14989,1,1.0599830150604248,0.44309771060943604,0.32846927642822266,0,2.3406600952148438,4.949375629425049,5.05494499206543
9653338546,15005132,14990,14990,1,1.0609949827194214,0.44323432445526123,0.3303861618041992,0,2.3113555908203125,4.914292812347412,5.094017028808594
9655045800,15006120,14991,14991,1,1.0629910230636597,0.44350379705429077,0.3349885940551758,0,2.3113555908203125,4.896543502807617,5.113554000854492
9656736495,15011121,14996,14996,1,1.066983938217163,0.4440428614616394,0.3438100814819336,0,2.2673988342285156,4.825806617736816,5.094017028808594
9658427182,15012122,14997,14997,1,1.067984938621521,0.44431325793266296,0.34841156005859375,0,2.260072708129883,4.7900614738464355,4.986568450927734
9660117869,15014120,14999,14999,1,1.0699830055236816,0.44444772601127625,0.35071277618408203,0,2.2673988342285156,4.772224426269531,4.908424377441406
9661808556,15015129,15000,15000,1,1.0709919929504395,0.4445839524269104,0.3533973693847656,0,2.260072708129883,4.754110813140869,4.849817276000977
9663499243,15016121,15001,15001,1,1.071984052658081,0.4447178840637207,0.3556985855102539,0,2.289377212524414,4.736259937286377,4.732601165771484
9665189930,15019121,15004,15004,1,1.0749839544296265,0.4451228380203247,0.36298465728759766,0,2.3626365661621094,4.682025909423828,4.664224624633789
9666880617,15020120,15005,15005,1,1.0769920349121094,0.44539394974708557,0.3675870895385742,0,2.3479862213134766,4.645508766174316,4.673992156982422
9668571304,15022137,15007,15007,1,1.0779999494552612,0.4455299973487854,0.3698873519897461,0,2.3406600952148438,4.627117156982422,4.713064193725586
9670261991,15023125,15008,15008,1,1.078987956047058,0.4456633925437927,0.3721885681152344,0,2.3406600952148438,4.590806484222412,4.781440734863281
9671952678,15024120,15009,15010,1,1.0809919834136963,0.4459339380264282,0.37679100036621094,0,2.3406600952148438,4.572270393371582,4.80097770690918
9673643365,15026125,15011,15011,1,1.081987977027893,0.4460684061050415,0.3790912628173828,0,2.333333969116211,4.553929328918457,4.80097770690918
9675334052,15027122,15012,15012,1,1.0839829444885254,0.4463376998901367,0.3836936950683594,0,2.296703338623047,4.517070770263672,4.761905670166016
9677024739,15029121,15014,15014,1,1.0849839448928833,0.4464728534221649,0.38599491119384766,0,2.2820510864257812,4.49851655960083,4.742368698120117
9678715426,15030123,15015,15015,1,1.0859860181808472,0.44660812616348267,0.38829517364501953,0,2.289377212524414,4.4798970222473145,4.713064193725586
9680406113,15031121,15016,15016,1,1.0869840383529663,0.44674286246299744,0.3928976058959961,0,2.296703338623047,4.442654609680176,4.644689559936523
9682096800,15033121,15018,15018,1,1.0889840126037598,0.44701284170150757,0.3951988220214844,0,2.296703338623047,4.423956394195557,4.576313018798828
9684016475,15037125,15022,15022,1,1.0929880142211914,0.4475533962249756,0.4047870635986328,0,2.333333969116211,4.348672389984131,4.361415863037109
9685936150,15038122,15023,15023,1,1.0939849615097046,0.4476879835128784,0.4070873260498047,0,2.377288818359375,4.310901641845703,4.341880798339844
9687855825,15040120,15025,15025,1,1.0959830284118652,0.44795772433280945,0.41168975830078125,0,2.384614944458008,4.291939735412598,4.361415863037109
9689775500,15042124,15027,15027,1,1.0979870557785034,0.44822826981544495,0.4166755676269531,0,2.3553104400634766,4.253779888153076,4.410257339477539
9691695175,15044121,15029,15029,1,1.099984049797058,0.44849786162376404,0.4212770462036133,0,2.3553104400634766,4.21559476852417,4.420024871826172
9693614850,15046122,15031,15031,1,1.101984977722168,0.4487679898738861,0.42587947845458984,0,2.3406600952148438,4.177178859710693,4.400487899780273
9695534525,15048121,15033,15033,1,1.103983998298645,0.4490378499031067,0.43048095703125,0,2.3113555908203125,4.13864278793335,4.390720367431641
9697454200,15050143,15036,15036,1,1.1069899797439575,0.44944366812705994,0.43738365173339844,0,2.289377212524414,4.080405235290527,4.3125762939453125
9699373875,15052123,15037,15037,1,1.1079859733581543,0.44957810640335083,0.4393014907836914,0,2.3186817169189453,4.041563510894775,4.166055679321289
9701293550,15054120,15039,15039,1,1.109982967376709,0.4498476982116699,0.4442873001098633,0,2.3406600952148438,4.0220746994018555,4.068376541137695
9703213225,15055133,15040,15040,1,1.1109960079193115,0.44998449087142944,0.44697093963623047,0,2.3553104400634766,3.982905149459839,3.9804630279541016
9705132900,15057121,15042,15042,1,1.1129839420318604,0.45025283098220825,0.45157337188720703,0,2.384614944458008,3.9632444381713867,3.960927963256836
9707052575,15058121,15043,15043,1,1.1139839887619019,0.4503878355026245,0.4542579650878906,0,2.3992671966552734,3.923811197280884,3.990232467651367
9708972250,15061121,15046,15046,1,1.1169840097427368,0.4507928490638733,0.46116065979003906,0,2.4065933227539062,3.884305238723755,4
9710891925,15062120,15047,15047,1,1.1179829835891724,0.450927734375,0.46346187591552734,0,2.377288818359375,3.864497423171997,4.009767532348633
9712811600,15064136,15049,15049,1,1.1199990510940552,0.45119988918304443,0.4684476852416992,0,2.369962692260742,3.804534435272217,4.107448577880859
9714731635,15068120,15053,15053,1,1.1239830255508423,0.45173773169517517,0.47765159606933594,0,2.3113555908203125,3.744760751724243,4.048839569091797
9716651666,15069121,15054,15054,1,1.1249840259552002,0.451872855424881,0.4795694351196289,0,2.296703338623047,3.704559087753296,3.9316234588623047
9718571697,15072121,15057,15057,1,1.1279840469360352,0.45227786898612976,0.48685550689697266,0,2.333333969116211,3.664188861846924,3.7655677795410156
9720491728,15073121,15058,15058,1,1.128983974456787,0.45241284370422363,0.48915672302246094,0,2.3479862213134766,3.643965244293213,3.6385841369628906
9722411759,15075131,15060,15060,1,1.1309939622879028,0.452684223651886,0.4941425323486328,0,2.377288818359375,3.6032016277313232,3.589742660522461
9724331790,15077129,15062,15062,1,1.1329920291900635,0.45295393466949463,0.4991273880004883,0,2.3919410705566406,3.5625391006469727,3.628814697265625
9726251821,15079126,15064,15064,1,1.1349890232086182,0.4532235264778137,0.5060310363769531,0,2.384614944458008,3.501368999481201,3.6776561737060547
9728171852,15081121,15066,15066,1,1.1369839906692505,0.4534928500652313,0.508331298828125,0,2.3919410705566406,3.4808831214904785,3.6971912384033203
9730091883,15082120,15067,15067,1,1.138983964920044,0.45376285910606384,0.5129337310791016,0,2.3479862213134766,3.4397671222686768,3.7264957427978516
9732011914,15084124,15069,15069,1,1.1399869918823242,0.45389825105667114,0.5152349472045898,0,2.3406600952148438,3.4190938472747803,3.746030807495117
9733931945,15086120,15071,15071,1,1.1419830322265625,0.4541677236557007,0.51983642578125,0,2.326007843017578,3.3778555393218994,3.6971912384033203
9735851976,15087121,15072,15072,1,1.1429840326309204,0.4543028473854065,0.5221376419067383,0,2.3113555908203125,3.336339235305786,3.5702075958251953
9737772007,15089121,15074,15074,1,1.1449840068817139,0.454572856426239,0.5267391204833984,0,2.3113555908203125,3.3156027793884277,3.492063522338867
9739692038,15091128,15076,15076,1,1.1469910144805908,0.45484381914138794,0.5317258834838867,0,2.333333969116211,3.2738001346588135,3.365079879760742
9741612069,15092138,15078,15078,1,1.1489880084991455,0.45511341094970703,0.5363273620605469,0,2.369962692260742,3.232076644897461,3.2673988342285156
9743532100,15095129,15080,15080,1,1.1509920358657837,0.45538395643234253,0.5413131713867188,0,2.413919448852539,3.190072774887085,3.1990222930908203
9745402210,15101123,15086,15087,1,1.1579829454421997,0.45632773637771606,0.5578031539916992,0,2.369962692260742,3.0425429344177246,3.326007843017578
9747272316,15103121,15088,15088,1,1.1589839458465576,0.4564628601074219,0.5604877471923828,0,2.3479862213134766,3.021291732788086,3.3162384033203125
9749142422,15104122,15089,15089,1,1.1610039472579956,0.4567355513572693,0.5647068023681641,0,2.3040294647216797,2.9783124923706055,3.3064708709716797
9751012528,15106135,15091,15091,1,1.1619980335235596,0.4568697512149811,0.5670070648193359,0,2.3040294647216797,2.95711612701416,3.24786376953125
9752882634,15107125,15092,15092,1,1.1629879474639893,0.4570033848285675,0.5693082809448242,0,2.326007843017578,2.935978651046753,3.1990222930908203
9754752740,15108121,15093,15093,1,1.163983941078186,0.4571378529071808,0.5719928741455078,0,2.333333969116211,2.9146809577941895,3.042734146118164
9756622846,15109123,15094,15095,1,1.165982961654663,0.45740771293640137,0.5765953063964844,0,2.3479862213134766,2.8718433380126953,2.9450550079345703
9758492952,15111121,15096,15097,1,1.167983055114746,0.4576777219772339,0.5815801620483398,0,2.3992671966552734,2.8288607597351074,2.827838897705078
9760363058,15113124,15098,15098,1,1.1689870357513428,0.4578132629394531,0.5842647552490234,0,2.413919448852539,2.807241439819336,2.8083019256591797
9762233164,15114121,15099,15099,1,1.169983983039856,0.45794785022735596,0.5865659713745117,0,2.421245574951172,2.7639777660369873,2.827838897705078
9764103270,15116120,15101,15101,1,1.171983003616333,0.4582177400588989,0.5915517807006836,0,2.4358978271484375,2.742548704147339,2.866910934448242
9765973376,15117123,15102,15103,1,1.1739840507507324,0.458487868309021,0.5961542129516602,0,2.413919448852539,2.6991963386535645,2.9059829711914062
9767843482,15119129,15104,15104,1,1.1749919652938843,0.4586239457130432,0.5984554290771484,0,2.3626365661621094,2.655444860458374,2.9450550079345703
9769713588,15121128,15106,15106,1,1.1769909858703613,0.4588938057422638,0.6030569076538086,0,2.3553104400634766,2.6121883392333984,2.954822540283203
9771583694,15123121,15108,15108,1,1.1789840459823608,0.4591628611087799,0.6076593399047852,0,2.3406600952148438,2.590367078781128,2.9352874755859375
9773453800,15125131,15110,15110,1,1.1809940338134766,0.4594342112541199,0.6122608184814453,0,2.3113555908203125,2.5464179515838623,2.8473739624023438
9775383495,15129125,15114,15114,1,1.184988021850586,0.45997339487075806,0.6218481063842773,0,2.3553104400634766,2.45876145362854,2.4371185302734375
9777313182,15131121,15116,15116,1,1.1869839429855347,0.4602428674697876,0.6268339157104492,0,2.421245574951172,2.4147934913635254,2.368741989135742
9779242869,15133130,15118,15118,1,1.188992977142334,0.4605140686035156,0.6318197250366211,0,2.450550079345703,2.3704299926757812,2.3882789611816406
9781172556,15134139,15119,15119,1,1.1909960508346558,0.4607844948768616,0.6368045806884766,0,2.4358978271484375,2.326092004776001,2.456653594970703
9783102243,15136120,15121,15121,1,1.1919829845428467,0.46091771125793457,0.6391057968139648,0,2.4358978271484375,2.304208755493164,2.4761905670166016
9785031930,15138123,15123,15123,1,1.193985939025879,0.4611881375312805,0.643707275390625,0,2.4065933227539062,2.259718418121338,2.544567108154297
9786961617,15139121,15124,15124,1,1.195984959602356,0.4614579677581787,0.6483097076416016,0,2.3479862213134766,2.2152159214019775,2.6129417419433594
9788891304,15141121,15126,15126,1,1.196984052658081,0.4615928530693054,0.6506109237670898,0,2.333333969116211,2.1929328441619873,2.6031742095947266
9790820991,15143121,15128,15128,1,1.1989840269088745,0.46186286211013794,0.6552133560180664,0,2.296703338623047,2.14825701713562,2.4859580993652344
9792750678,15144120,15129,15129,1,1.19998300075531,0.46199771761894226,0.6575145721435547,0,2.289377212524414,2.103302478790283,2.300365447998047
9794680365,15146123,15131,15131,1,1.2019859552383423,0.4622681140899658,0.6621160507202148,0,2.3113555908203125,2.0810158252716064,2.2222213745117188
9796610052,15148135,15133,15133,1,1.2039979696273804,0.4625397324562073,0.6671018600463867,0,2.369962692260742,2.0358242988586426,2.085470199584961
9798539739,15150132,15135,15135,1,1.205994963645935,0.46294286847114563,0.6743879318237305,0,2.4285717010498047,1.9685769081115723,2.036630630493164
9800469426,15152122,15137,15137,1,1.2079850435256958,0.46307799220085144,0.6766891479492188,0,2.4065933227539062,1.9459904432296753,2.036630630493164
9802399113,15153121,15138,15138,1,1.2089840173721313,0.46321284770965576,0.6816749572753906,0,2.3919410705566406,1.9007904529571533,2.114774703979492
9804328800,15156120,15141,15141,1,1.2119829654693604,0.4636177122592926,0.6862764358520508,0,2.3626365661621094,1.8555463552474976,2.163614273071289
9806234230,15159121,15144,15144,1,1.2149839401245117,0.46402284502983093,0.6931791305541992,0,2.3186817169189453,1.7874170541763306,2.134309768676758
9808139648,15161129,15146,15146,1,1.2169920206069946,0.4642939567565918,0.6977815628051758,0,2.2747249603271484,1.7417188882827759,2.036630630493164
9810045066,15162137,15147,15147,2,1.218000054359436,0,0.6996994018554688,0,2.3040294647216797,-8,1.958486557006836
9811950484,15163129,15148,15149,2,0,0,0.7046842575073242,0,2.3406600952148438,-8,1.4993896484375
9813855902,15165129,15150,15150,2,0,0,0.7069854736328125,0,2.3479862213134766,-8,1.1184368133544922
9815761320,15167123,15152,15152,2,0,0,0.7112035751342773,0,2.2747249603271484,-8,-0.07325935363769531
9817666738,15169121,15154,15154,2,0,0,0.7161903381347656,0,2.003662109375,-8,-1.8998775482177734
9819572156,15171124,15156,15156,2,0,0,0.7173404693603516,0,1.8937721252441406,-7.767175674438477,-2.4664230346679688
9821477574,15173120,15158,15158,2,0,0,0.7219429016113281,0,1.666666030883789,-6.904775619506836,-4.742368698120117
9823382992,15175139,15160,15160,2,0,0,0.7238597869873047,0,1.6813182830810547,-6.982553482055664,-5.34798526763916
9825288410,15177125,15162,15162,2,0,0,0.7280788421630859,0,1.791208267211914,-7.464303970336914,-6.627594947814941
9827193828,15179124,15164,15164,2,0,0,0.7334480285644531,0,2.0549449920654297,-8,-7.575091361999512
9829099246,15181120,15166,15166,2,0,0,0.7384328842163086,0,2.260072708129883,-8,-7.9365081787109375
9831004664,15182121,15168,15168,2,0,0,0.7430353164672852,0,2.326007843017578,-8,-7.770451545715332
9832910082,15184120,15169,15169,2,0,0,0.745335578918457,0,2.25274658203125,-8,-7.477411270141602
9834815500,15186120,15171,15171,2,0,0,0.7495546340942383,0,2.2161178588867188,-8,-7.477411270141602
9836846630,15190135,15175,15175,2,0,0,0.7579917907714844,0,2.120878219604492,-8,-7.711843490600586
9838877748,15192124,15177,15177,2,0,0,0.7645111083984375,0,2.1794872283935547,-8,-7.907203674316406
9840908866,15194120,15179,15180,2,0,0,0.7687292098999023,0,2.1575088500976562,-8,-7.965811729431152
9842939984,15196124,15181,15181,2,0,0,0.7710304260253906,0,2.1794872283935547,-8,-8.004883766174316
9844971102,15198121,15183,15183,2,0,0,0.7752485275268555,0,2.1794872283935547,-8,-7.975580215454102
9847002220,15199121,15184,15184,2,0,0,0.7775506973266602,0,2.1868133544921875,-8,-7.995116233825684
9849033338,15201124,15186,15186,2,0,0,0.781768798828125,0,2.164834976196289,-8,-7.858364105224609
9851064456,15203129,15188,15188,2,0,0,0.7859878540039062,0,2.135530471801758,-8,-7.789987564086914
9853095574,15205133,15190,15190,2,0,0,0.7902059555053711,0,2.0915756225585938,-8,-7.799756050109863
9855126692,15207121,15192,15192,2,0,0,0.7940406799316406,0,2.0622711181640625,-8,-7.897436141967773
9857157810,15208124,15193,15193,2,0,0,0.7982597351074219,0,2.0695972442626953,-8,-7.9169721603393555
9859188928,15210120,15195,15195,2,0,0,0.8001766204833984,0,2.0549449920654297,-8,-7.9169721603393555
9861220046,15213121,15198,15198,2,0,0,0.8063125610351562,0,2.0622711181640625,-8,-7.9365081787109375
9863251164,15215129,15200,15200,2,0,0,0.8105316162109375,0,2.0695972442626953,-8,-7.975580215454102
9865282282,15216124,15201,15201,2,0,0,0.814366340637207,0,2.0329666137695312,-8,-7.9169721603393555
9867313400,15218135,15203,15203,2,0,0,0.8162841796875,0,2.0183143615722656,-8,-7.94627571105957
9869126596,15225131,15210,15210,2,0,0,0.8300895690917969,0,1.959707260131836,-8,-7.897436141967773
9870939782,15226120,15211,15211,2,0,0,0.8320074081420898,0,1.959707260131836,-8,-7.887667655944824
9872752968,15228120,15213,15213,2,0,0,0.8362255096435547,0,1.9523811340332031,-8,-7.84859561920166
9874566154,15229124,15214,15214,2,0,0,0.8377599716186523,0,1.9377288818359375,-8,-7.887667655944824
9876379340,15231128,15216,15216,2,0,0,0.8415956497192383,0,1.9010982513427734,-8,-7.789987564086914
9878192526,15232136,15217,15217,2,0,0,0.8435125350952148,0,1.8937721252441406,-8,-7.858364105224609
9880005712,15233127,15218,15218,2,0,0,0.8469648361206055,0,1.871795654296875,-8,-7.868131637573242
9881818898,15235129,15220,15220,2,0,0,0.848881721496582,0,1.871795654296875,-8,-7.975580215454102
9883632084,15236121,15221,15221,2,0,0,0.850799560546875,0,1.8937721252441406,-8,-8.004883766174316
9885445270,15238121,15223,15223,2,0,0,0.8550176620483398,0,1.9084243774414062,-8,-8.05372428894043
9887258456,15239121,15224,15224,2,0,0,0.8565521240234375,0,1.9010982513427734,-8,-7.9560441970825195
9889071642,15241122,15226,15226,2,0,0,0.860386848449707,0,1.8791217803955078,-8,-7.94627571105957
9890884828,15242120,15227,15227,2,0,0,0.8638381958007812,0,1.835165023803711,-8,-7.809523582458496
9892698014,15244120,15229,15229,2,0,0,0.8657560348510742,0,1.7838821411132812,-8,-7.868131637573242
9894511200,15246137,15231,15231,2,0,0,0.8692073822021484,0,1.8058605194091797,-8,-7.858364105224609
9896559385,15249122,15234,15234,2,0,0,0.8764934539794922,0,1.8131866455078125,-8,-7.975580215454102
9898607566,15251121,15236,15236,2,0,0,0.8780279159545898,0,1.8131866455078125,-8,-7.907203674316406
9900655747,15253121,15238,15238,2,0,0,0.8814792633056641,0,1.7619056701660156,-8,-7.84859561920166
9902703928,15254123,15239,15239,2,0,0,0.8849306106567383,0,1.7179489135742188,-8,-7.780220031738281
9904752109,15256121,15241,15241,2,0,0,0.8864641189575195,0,1.7179489135742188,-8,-7.829059600830078
9906800290,15257121,15242,15242,2,0,0,0.8879985809326172,0,1.6959705352783203,-8,-7.9169721603393555
9908848471,15258124,15243,15243,2,0,0,0.8914499282836914,0,1.6886444091796875,-8,-7.9365081787109375
9910896652,15262122,15247,15247,2,0,0,0.8968191146850586,0,1.6959705352783203,-8,-7.9560441970825195
9912944833,15266124,15251,15251,2,0,0,0.9048728942871094,0,1.6813182830810547,-8,-7.94627571105957
9914993014,15268121,15253,15253,2,0,0,0.9067907333374023,0,1.666666030883789,-8,-7.907203674316406
9917041195,15269121,15254,15254,2,0,0,0.9083242416381836,0,1.6813182830810547,-8,-7.907203674316406
9919089376,15270122,15255,15255,2,0,0,0.9117765426635742,0,1.6446895599365234,-8,-7.907203674316406
9921137557,15272120,15257,15257,2,0,0,0.9133100509643555,0,1.6520137786865234,-8,-7.877900123596191
9923185738,15274139,15259,15259,2,0,0,0.9163780212402344,0,1.6080589294433594,-8,-7.868131637573242
9925233919,15277121,15262,15262,2,0,0,0.9209804534912109,0,1.5714282989501953,-8,-7.877900123596191
9927282100,15278122,15264,15264,2,0,0,0.9240484237670898,0,1.5567760467529297,-8,-7.868131637573242
9928996638,15282120,15267,15267,2,0,0,0.92864990234375,0,1.542123794555664,-8,-7.907203674316406
9930711171,15283123,15268,15268,2,0,0,0.9301843643188477,0,1.5274734497070312,-8,-7.887667655944824
9932425704,15284120,15269,15269,2,0,0,0.9317178726196289,0,1.5274734497070312,-8,-7.9365081787109375
9934140237,15285130,15270,15270,2,0,0,0.9332523345947266,0,1.5128211975097656,-8,-7.897436141967773
9935854770,15286121,15271,15271,2,0,0,0.9363203048706055,0,1.5128211975097656,-8,-7.9169721603393555
9937569303,15288135,15273,15273,2,0,0,0.9374704360961914,0,1.5128211975097656,-8,-7.965811729431152
9939283836,15289125,15274,15274,2,0,0,0.9390039443969727,0,1.4908428192138672,-8,-7.9365081787109375
9940998369,15290120,15275,15275,2,0,0,0.9405384063720703,0,1.4908428192138672,-8,-7.926739692687988
9942712902,15294120,15279,15279,2,0,0,0.9482078552246094,0,1.4908428192138672,-8,-7.975580215454102
9944427435,15296121,15281,15281,2,0,0,0.9493589401245117,0,1.4835166931152344,-8,-7.9365081787109375
9946141968,15299123,15284,15284,2,0,0,0.9535770416259766,0,1.4395599365234375,-8,-7.907203674316406
9947856501,15300130,15285,15285,2,0,0,0.9551115036010742,0,1.4395599365234375,-8,-7.877900123596191
9949571034,15301131,15286,15286,2,0,0,0.9566450119018555,0,1.3956050872802734,-8,-7.858364105224609
9951285567,15303129,15288,15288,2,0,0,0.9593296051025391,0,1.3956050872802734,-8,-7.926739692687988
9953000100,15304121,15289,15289,2,0,0,0.960479736328125,0,1.3809528350830078,-8,-7.877900123596191
9954781245,15308124,15293,15293,2,0,0,0.9658498764038086,0,1.3882789611816406,-8,-7.94627571105957
9956562382,15309121,15294,15294,2,0,0,0.9685344696044922,0,1.3589744567871094,-8,-7.868131637573242
9958343519,15311121,15296,15296,2,0,0,0.9700689315795898,0,1.3443222045898438,-8,-7.907203674316406
9960124656,15312123,15297,15297,2,0,0,0.9723691940307617,0,1.3296699523925781,-8,-7.868131637573242
9961905793,15314121,15299,15299,2,0,0,0.9739036560058594,0,1.3223438262939453,-8,-7.868131637573242
9963686930,15316139,15301,15301,2,0,0,0.9762048721313477,0,1.3076915740966797,-8,-7.94627571105957
9965468067,15318120,15303,15303,2,0,0,0.9788885116577148,0,1.3003654479980469,-8,-7.897436141967773
9967249204,15319121,15304,15304,2,0,0,0.9815731048583984,0,1.285715103149414,-7.977273941040039,-7.975580215454102
9969030341,15322120,15307,15307,2,0,0,0.9838743209838867,0,1.2930412292480469,-8,-7.926739692687988
9970811478,15324124,15309,15309,2,0,0,0.9865589141845703,0,1.285715103149414,-8,-7.975580215454102
9972592615,15325129,15310,15310,2,0,0,0.9892435073852539,0,1.2637367248535156,-7.966064453125,-7.897436141967773
9974373752,15327121,15312,15312,2,0,0,0.9903936386108398,0,1.2637367248535156,-7.93046760559082,-7.887667655944824
9976154889,15329128,15314,15314,2,0,0,0.9926948547363281,0,1.2344322204589844,-7.883359909057617,-7.9169721603393555
9977936026,15330135,15315,15315,2,0,0,0.9938449859619141,0,1.212453842163086,-7.806947708129883,-7.877900123596191
9979717163,15331125,15316,15316,2,0,0,0.9961462020874023,0,1.1978015899658203,-7.771350860595703,-7.819292068481445
9981498300,15333121,15318,15318,2,0,0,0.9972963333129883,0,1.2051277160644531,-7.812156677246094,-7.858364105224609
9983802650,15340121,15325,15325,2,0,0,1.005350112915039,0,1.1684989929199219,-7.746179580688477,-7.741147994995117
9986107000,15341123,15326,15326,2,0,0,1.006500244140625,0,1.1538467407226562,-7.699071884155273,-7.702075958251953
9988411350,15342120,15327,15327,2,0,0,1.0088014602661133,0,1.1538467407226562,-7.722084045410156,-7.711843490600586
9990715700,15346120,15332,15332,2,0,0,1.0130205154418945,0,1.0805854797363281,-7.471229553222656,-7.594627380371094
9993020050,15348120,15333,15333,2,0,0,1.0141706466674805,0,1.1025638580322266,-7.570644378662109,-7.623931884765625
9995324400,15350128,15335,15335,2,0,0,1.0160884857177734,0,1.0805854797363281,-7.501909255981445,-7.55555534362793
9997628750,15351122,15336,15336,2,0,0,1.0172386169433594,0,1.0586090087890625,-7.425504684448242,-7.536019325256348
9999933100,15352123,15337,15337,2,0,0,1.0191564559936523,0,1.0586090087890625,-7.444683074951172,-7.536019325256348
10002237450,15355129,15340,15340,2,0,0,1.0214567184448242,0,1.036630630493164,-7.379772186279297,-7.506715774536133
10004541800,15357130,15342,15342,2,0,0,1.0233745574951172,0,1.036630630493164,-7.398950576782227,-7.467643737792969
10006846150,15361125,15346,15346,2,0,0,1.0283613204956055,0,1,-7.302295684814453,-7.350427627563477
10009150500,15363121,15348,15348,2,0,0,1.0295114517211914,0,1.0073261260986328,-7.343101501464844,-7.340659141540527
10011454850,15364122,15349,15349,2,0,0,1.0314292907714844,0,0.9853477478027344,-7.27436637878418,-7.369963645935059
10013759200,15366124,15351,15351,2,0,0,1.0325794219970703,0,1,-7.344476699829102,-7.3113555908203125
10016063550,15368120,15353,15353,2,0,0,1.0341129302978516,0,0.9706954956054688,-7.242593765258789,-7.272283554077148
10018367900,15369121,15354,15354,2,0,0,1.0360307693481445,0,0.9560441970825195,-7.203166961669922,-7.301587104797363
10020187060,15373124,15358,15358,2,0,0,1.0387153625488281,0,0.9340658187866211,-7.142099380493164,-7.223443031311035
10022006220,15375129,15360,15360,2,0,0,1.040633201599121,0,0.9487180709838867,-7.219886779785156,-7.233211517333984
10023825380,15377121,15362,15362,2,0,0,1.0425500869750977,0,0.9267396926879883,-7.151142120361328,-7.252747535705566
10025644540,15378123,15363,15363,2,0,0,1.0433168411254883,0,0.9047622680664062,-7.078577041625977,-7.115995407104492
10027463700,15380120,15365,15365,2,0,0,1.0452346801757812,0,0.8827838897705078,-7.002164840698242,-7.09645938873291
10029282860,15382124,15367,15367,2,0,0,1.046769142150879,0,0.875457763671875,-6.9882049560546875,-7.076923370361328
10031102020,15383121,15368,15368,2,0,0,1.0475358963012695,0,0.8681316375732422,-6.9665679931640625,-7.086690902709961
10032921180,15384120,15369,15369,2,0,0,1.049452781677246,0,0.8534793853759766,-6.927127838134766,-6.979243278503418
10034740340,15386137,15371,15371,2,0,0,1.0502204895019531,0,0.8315019607543945,-6.846895217895508,-6.979243278503418
10036559500,15387125,15372,15372,2,0,0,1.0509872436523438,0,0.8461542129516602,-6.920839309692383,-6.959707260131836
10038378660,15389121,15374,15374,2,0,0,1.052520751953125,0,0.8241758346557617,-6.840593338012695,-6.969474792480469
10040197820,15390124,15375,15375,2,0,0,1.0540552139282227,0,0.8241758346557617,-6.855937957763672,-6.90109920501709
10042016980,15392120,15377,15377,2,0,0,1.0548219680786133,0,0.7948713302612305,-6.746387481689453,-6.852258682250977
10043836140,15394122,15379,15379,2,0,0,1.056356430053711,0,0.7875461578369141,-6.732431411743164,-6.852258682250977
10045655300,15395133,15380,15380,2,0,0,1.0578899383544922,0,0.7655677795410156,-6.659852981567383,-6.862027168273926
10047585180,15401127,15386,15386,2,0,0,1.0617246627807617,0,0.7655677795410156,-6.698200225830078,-6.735042572021484
10049515048,15402120,15387,15387,2,0,0,1.0624923706054688,0,0.7802200317382812,-6.764486312866211,-6.7057390213012695
10051444916,15404121,15389,15389,2,0,0,1.06402587890625,0,0.7362632751464844,-6.603994369506836,-6.715506553649902
10053374784,15406121,15391,15391,2,0,0,1.0651769638061523,0,0.7435894012451172,-6.644809722900391,-6.627594947814941
10055304652,15408120,15393,15393,2,0,0,1.0667104721069336,0,0.6923074722290039,-6.45501708984375,-6.647130966186523
10057234520,15409121,15394,15394,2,0,0,1.0674772262573242,0,0.7362632751464844,-6.646184921264648,-6.627594947814941
10059164388,15411124,15396,15396,2,0,0,1.0690116882324219,0,0.7069597244262695,-6.536638259887695,-6.627594947814941
10061094256,15413128,15398,15398,2,0,0,1.0701618194580078,0,0.7216119766235352,-6.606748580932617,-6.578754425048828
10063024124,15414135,15399,15399,2,0,0,1.0713129043579102,0,0.6556777954101562,-6.354522705078125,-6.481074333190918
10064953992,15416120,15401,15401,2,0,0,1.0720796585083008,0,0.6556777954101562,-6.362190246582031,-6.5006103515625
10066883860,15418121,15403,15403,2,0,0,1.073613166809082,0,0.6776552200317383,-6.465435028076172,-6.481074333190918
10068813728,15419124,15404,15404,2,0,0,1.0747642517089844,0,0.6630039215087891,-6.418340682983398,-6.5006103515625
10070743596,15421120,15406,15406,2,0,0,1.075531005859375,0,0.6776552200317383,-6.459146499633789,-6.412698745727539
10072673464,15423123,15408,15408,2,0,0,1.0762977600097656,0,0.626373291015625,-6.287153244018555,-6.363858222961426
10074603332,15425129,15410,15410,2,0,0,1.0778322219848633,0,0.626373291015625,-6.302497863769531,-6.373626708984375
10076533200,15428138,15413,15413,2,0,0,1.0793657302856445,0,0.604395866394043,-6.229923248291016,-6.344322204589844
10078611980,15431121,15416,15416,2,0,0,1.0820503234863281,0,0.5897436141967773,-6.198160171508789,-6.217338562011719
10080690748,15433121,15418,15418,2,0,0,1.0824337005615234,0,0.5677652359008789,-6.114080429077148,-6.2075700759887695
10082769516,15434120,15419,15419,2,0,0,1.0835847854614258,0,0.5750913619995117,-6.154895782470703,-6.227106094360352
10084848284,15436122,15421,15421,2,0,0,1.0843515396118164,0,0.5677652359008789,-6.137092590332031,-6.158730506896973
10086927052,15438121,15423,15423,2,0,0,1.085118293762207,0,0.5457878112792969,-6.053016662597656,-6.1684980392456055
10089005820,15440124,15425,15425,2,0,0,1.086268424987793,0,0.5604391098022461,-6.1231231689453125,-6.197802543640137
10091084588,15442135,15427,15427,2,0,0,1.0870361328125,0,0.5384616851806641,-6.042890548706055,-6.0805864334106445
10093163356,15444122,15429,15429,2,0,0,1.0889530181884766,0,0.5238094329833984,-6.003450393676758,-6.090353965759277
10095242124,15446121,15431,15431,2,0,0,1.0893363952636719,0,0.5457878112792969,-6.095197677612305,-6.051281929016113
10097320892,15447121,15432,15432,2,0,0,1.0901050567626953,0,0.5018310546875,-5.927057266235352,-5.963370323181152
10099399660,15449121,15434,15434,2,0,0,1.0904884338378906,0,0.47985363006591797,-5.842981338500977,-5.963370323181152
10101478428,15450128,15435,15435,2,0,0,1.0916385650634766,0,0.4871797561645508,-5.883787155151367,-5.982906341552734
10103557196,15452125,15437,15437,2,0,0,1.0920219421386719,0,0.47252750396728516,-5.829011917114258,-5.94383430480957
10105635964,15454120,15439,15439,2,0,0,1.092789649963379,0,0.4358978271484375,-5.6901702880859375,-5.855921745300293
10107714732,15455137,15440,15440,2,0,0,1.0935564041137695,0,0.4212455749511719,-5.639228820800781,-5.885226249694824
10109793500,15457127,15442,15442,2,0,0,1.0943231582641602,0,0.47252750396728516,-5.852024078369141,-5.885226249694824
10111907078,15468121,15453,15453,2,0,0,1.0981578826904297,0,0.35531139373779297,-5.421506881713867,-5.65079402923584
10113692952,15469133,15454,15454,2,0,0,1.099308967590332,0,0.3919410705566406,-5.579536437988281,-5.670330047607422
10115478826,15471124,15456,15456,2,0,0,1.0996923446655273,0,0.41391944885253906,-5.671283721923828,-5.641025543212891
10117264700,15472120,15457,15457,2,0,0,1.1000757217407227,0,0.40659332275390625,-5.64581298828125,-5.5824174880981445
10119050574,15474120,15459,15459,2,0,0,1.1008424758911133,0,0.33333301544189453,-5.360439300537109,-5.4163618087768555
10120836448,15477124,15462,15463,2,0,0,1.1019935607910156,0,0.3260068893432617,-5.342645645141602,-5.533577919006348
10122622322,15479121,15464,15464,2,0,0,1.102376937866211,0,0.3626375198364258,-5.496835708618164,-5.5433454513549805
10124408196,15481123,15466,15466,2,0,0,1.1031436920166016,0,0.34798526763916016,-5.442060470581055,-5.494505882263184
10126194070,15483129,15468,15468,2,0,0,1.1035270690917969,0,0.3040294647216797,-5.270071029663086,-5.387057304382324
10127979944,15485134,15470,15470,2,0,0,1.1039104461669922,0,0.2600736618041992,-5.098081588745117,-5.34798526763916
10129765818,15486122,15471,15471,2,0,0,1.1046772003173828,0,0.3040294647216797,-5.281572341918945,-5.367521286010742
10131551692,15488121,15473,15473,2,0,0,1.1050615310668945,0,0.3260068893432617,-5.373325347900391,-5.357753753662109
10133337566,15489121,15474,15474,2,0,0,1.1058282852172852,0,0.33333301544189453,-5.410297393798828,-5.25030517578125
10135123440,15491121,15476,15476,2,0,0,1.1058282852172852,0,0.3186817169189453,-5.351692199707031,-5.191697120666504
10136909314,15493121,15478,15478,2,0,0,1.1062116622924805,0,0.23076915740966797,-5.003875732421875,-5.113553047180176
10138695188,15496122,15481,15481,2,0,0,1.1065950393676758,0,0.1868133544921875,-4.831886291503906,-5.211233139038086
10140481062,15497128,15482,15482,2,0,0,1.106978416442871,0,0.2527475357055664,-5.103290557861328,-5.299145698547363
10142266936,15498139,15484,15484,2,0,0,1.1077451705932617,0,0.27472496032714844,-5.195034027099609,-5.289377212524414
10144052810,15500129,15485,15485,2,0,0,1.1081295013427734,0,0.2967033386230469,-5.28679084777832,-5.230769157409668
10145838684,15501123,15486,15486,2,0,0,1.1081295013427734,0,0.2967033386230469,-5.28679084777832,-5.15262508392334
10147624558,15502122,15487,15487,2,0,0,1.1085128784179688,0,0.2673988342285156,-5.173406600952148,-5.064713478088379
10149410432,15504120,15489,15489,2,0,0,1.1085128784179688,0,0.20146560668945312,-4.909673690795898,-4.976800918579102
10151196306,15505129,15490,15490,2,0,0,1.1085128784179688,0,0.17216110229492188,-4.792455673217773,-4.986569404602051
10152982180,15506124,15491,15491,2,0,0,1.108896255493164,0,0.14285755157470703,-4.679075241088867,-5.015872955322266
10154768054,15508120,15493,15493,2,0,0,1.1092796325683594,0,0.15750885009765625,-4.741514205932617,-5.035408973693848
10156553928,15509121,15494,15494,2,0,0,1.1092796325683594,0,0.1941394805908203,-4.891870498657227,-5.035408973693848
10158339802,15511132,15496,15496,2,0,0,1.11004638671875,0,0.21611690521240234,-4.983613967895508,-5.006105422973633
10160125676,15513125,15498,15498,2,0,0,1.1104297637939453,0,0.23809528350830078,-5.075361251831055,-4.888889312744141
10161911550,15514120,15499,15499,2,0,0,1.1108131408691406,0,0.23076915740966797,-5.049890518188477,-4.8107452392578125
10163697424,15515131,15500,15500,2,0,0,1.1108131408691406,0,0.1794872283935547,-4.844762802124023,-4.722832679748535
10165483298,15517121,15502,15502,2,0,0,1.1108131408691406,0,0.15750885009765625,-4.75684928894043,-4.722832679748535
10167293360,15521121,15506,15506,2,0,0,1.1111974716186523,0,0.10622692108154297,-4.555564880371094,-4.8107452392578125
10169103416,15522120,15507,15507,2,0,0,1.1111974716186523,0,0.10622692108154297,-4.555564880371094,-4.7912092208862305
10170913472,15524120,15509,15509,2,0,0,1.1115808486938477,0,0.11355304718017578,-4.588703155517578,-4.761904716491699
10172723528,15526135,15511,15511,2,0,0,1.1115808486938477,0,0.09890079498291016,-4.530094146728516,-4.703296661376953
10174533584,15528120,15513,15513,2,0,0,1.111964225769043,0,0.09890079498291016,-4.533927917480469,-4.664224624633789
10176343640,15529121,15514,15514,2,0,0,1.111964225769043,0,0.09890079498291016,-4.533927917480469,-4.634921073913574
10178153696,15531123,15516,15516,2,0,0,1.1123476028442383,0,0.10622692108154297,-4.567066192626953,-4.625152587890625
10179963752,15532121,15517,15517,2,0,0,1.1123476028442383,0,0.09890079498291016,-4.537761688232422,-4.576313018798828
10181773808,15534120,15519,15519,2,0,0,1.1123476028442383,0,0.08424949645996094,-4.479156494140625,-4.547008514404297
10183583864,15537121,15522,15522,2,0,0,1.1127309799194336,0,0.06959724426269531,-4.424381256103516,-4.488400459289551
10185393920,15539130,15524,15524,2,0,0,1.1127309799194336,0,0.05494499206542969,-4.365772247314453,-4.478632926940918
10187203976,15540139,15525,15525,2,0,0,1.1127309799194336,0,0.047618865966796875,-4.336467742919922,-4.488400459289551
10189014032,15541125,15526,15526,2,0,0,1.1127309799194336,0,0.05494499206542969,-4.365772247314453,-4.4981689453125
10190824088,15542120,15527,15527,2,0,0,1.1127309799194336,0,0.05494499206542969,-4.365772247314453,-4.478632926940918
10192634144,15544123,15529,15529,2,0,0,1.1127309799194336,0,0.04029273986816406,-4.307163238525391,-4.429792404174805
10194444200,15546121,15531,15531,2,0,0,1.1127309799194336,0,0.04029273986816406,-4.307163238525391,-4.40048885345459
10196342080,15549121,15534,15534,2,0,0,1.113114356994629,0,0.01831531524658203,-4.223087310791016,-4.341880798339844
10198239948,15550128,15535,15535,2,0,0,1.1127309799194336,0,0.010989189147949219,-4.189949035644531,-4.3321123123168945
10200137816,15551121,15536,15536,2,0,0,1.1127309799194336,0,0.010989189147949219,-4.189949035644531,-4.30280876159668
10202035684,15553132,15538,15538,2,0,0,1.113114356994629,0,-0.0036630630493164062,-4.135173797607422,-4.283272743225098
10203933552,15555133,15540,15540,2,0,0,1.1127309799194336,0,0.0036630630493164062,-4.16064453125,-4.253968238830566
10205831420,15556124,15542,15542,2,0,0,1.113114356994629,0,0.0036630630493164062,-4.164478302001953,-4.214896202087402
10207729288,15558120,15543,15543,2,0,0,1.1127309799194336,0,-0.01831531524658203,-4.072731018066406,-4.1855926513671875
10209627156,15561121,15546,15546,2,0,0,1.1127309799194336,0,-0.01831531524658203,-4.072731018066406,-4.146520614624023
10211525024,15562121,15547,15547,2,0,0,1.1127309799194336,0,-0.04029273986816406,-3.984821319580078,-4.117216110229492
10213422892,15566120,15551,15551,2,0,0,1.1123476028442383,0,-0.03296661376953125,-4.010292053222656,-4.078144073486328
10215320760,15568137,15553,15553,2,0,0,1.1123476028442383,0,-0.047618865966796875,-3.9516830444335938,-4.058608055114746
10217218628,15570121,15555,15555,2,0,0,1.1123476028442383,0,-0.01831531524658203,-4.068897247314453,-4.029304504394531
10219116496,15571120,15556,15556,2,0,0,1.1123476028442383,0,-0.0622711181640625,-3.8930740356445312,-3.990232467651367
10221014364,15573123,15558,15558,2,0,0,1.1123476028442383,0,-0.0622711181640625,-3.8930740356445312,-3.9706954956054688
10222912232,15575130,15560,15560,2,0,0,1.111964225769043,0,-0.05494499206542969,-3.9185447692871094,-3.9413909912109375
10224810100,15576121,15561,15561,2,0,0,1.111964225769043,0,-0.08424949645996094,-3.8013267517089844,-3.912088394165039
10226715185,15583125,15568,15568,2,0,0,1.1115808486938477,0,-0.0622711181640625,-3.885406494140625,-3.8534793853759766
10228620266,15584120,15569,15569,2,0,0,1.1111974716186523,0,-0.06959724426269531,-3.8522682189941406,-3.8534793853759766
10230525347,15585133,15570,15570,2,0,0,1.1111974716186523,0,-0.08424949645996094,-3.793659210205078,-3.8437118530273438
10232430428,15587121,15572,15572,2,0,0,1.1111974716186523,0,-0.06959724426269531,-3.8522682189941406,-3.833944320678711
10234335509,15589123,15574,15574,2,0,0,1.1111974716186523,0,-0.06959724426269531,-3.8522682189941406,-3.8437118530273438
10236240590,15590120,15575,15575,2,0,0,1.1108131408691406,0,-0.06959724426269531,-3.8484249114990234,-3.8534793853759766
10238145671,15592120,15577,15577,2,0,0,1.1108131408691406,0,-0.06959724426269531,-3.8484249114990234,-3.8534793853759766
10240050752,15594120,15579,15579,2,0,0,1.1108131408691406,0,-0.07692337036132812,-3.819120407104492,-3.8632469177246094
10241955833,15597127,15582,15582,2,0,0,1.1104297637939453,0,-0.08424949645996094,-3.785982131958008,-3.8437118530273438
10243860914,15598124,15583,15583,2,0,0,1.1104297637939453,0,-0.09157466888427734,-3.756681442260742,-3.833944320678711
10245765995,15600130,15585,15585,2,0,0,1.11004638671875,0,-0.09890079498291016,-3.723543167114258,-3.8144073486328125
10247671076,15601124,15586,15586,2,0,0,1.11004638671875,0,-0.10622692108154297,-3.6942386627197266,-3.8046398162841797
10249576157,15602123,15587,15587,2,0,0,1.1096630096435547,0,-0.11355304718017578,-3.661100387573242,-3.7851028442382812
10251481238,15604120,15589,15589,2,0,0,1.1096630096435547,0,-0.1208791732788086,-3.631795883178711,-3.7655677795410156
10253386319,15605129,15590,15590,2,0,0,1.1092796325683594,0,-0.11355304718017578,-3.657266616821289,-3.755800247192383
10255291400,15606124,15591,15592,2,0,0,1.1092796325683594,0,-0.1282052993774414,-3.5986576080322266,-3.7167282104492188
10256922575,15611124,15596,15596,2,0,0,1.1085128784179688,0,-0.1282052993774414,-3.5909900665283203,-3.6385841369628906
10258553750,15612120,15597,15597,2,0,0,1.1085128784179688,0,-0.1208791732788086,-3.6202945709228516,-3.628814697265625
10260184925,15614124,15599,15599,2,0,0,1.1085128784179688,0,-0.1282052993774414,-3.587156295776367,-3.667886734008789
10261816100,15616120,15601,15601,2,0,0,1.1081295013427734,0,-0.11355304718017578,-3.6457653045654297,-3.6971912384033203
10263447275,15617121,15602,15602,2,0,0,1.1081295013427734,0,-0.1208791732788086,-3.6164608001708984,-3.706958770751953
10265078450,15618122,15603,15603,2,0,0,1.1077451705932617,0,-0.11355304718017578,-3.6419219970703125,-3.7264957427978516
10266709625,15620120,15605,15605,2,0,0,1.1077451705932617,0,-0.10622692108154297,-3.6712265014648438,-3.7264957427978516
10268340800,15621121,15606,15606,2,0,0,1.1073617935180664,0,-0.1208791732788086,-3.608783721923828,-3.7167282104492188
10269971975,15623130,15608,15608,2,0,0,1.1073617935180664,0,-0.10622692108154297,-3.6673927307128906,-3.6971912384033203
10271603150,15624135,15609,15609,2,0,0,1.106978416442871,0,-0.1282052993774414,-3.5463409423828125,-3.6581192016601562
10273234325,15625134,15610,15611,2,0,0,1.1065950393676758,0,-0.15018272399902344,-3.4839019775390625,-3.6385841369628906
10274865500,15628120,15613,15613,2,0,0,1.1065950393676758,0,-0.15018272399902344,-3.4839019775390625,-3.579975128173828
10276496675,15629121,15614,15614,2,0,0,1.1062116622924805,0,-0.15750885009765625,-3.450763702392578,-3.5311355590820312
10278127850,15630120,15615,15615,2,0,0,1.1058282852172852,0,-0.16483497619628906,-3.4176254272460938,-3.4725265502929688
10279759025,15632121,15617,15617,2,0,0,1.1058282852172852,0,-0.16483497619628906,-3.4176254272460938,-3.4432239532470703
10281390200,15633121,15618,15618,2,0,0,1.1058282852172852,0,-0.15750885009765625,-3.446929931640625,-3.4334545135498047
10283603110,15636120,15621,15621,2,0,0,1.1054449081420898,0,-0.13553142547607422,-3.531005859375,-3.4725265502929688
10285816016,15637128,15622,15622,2,0,0,1.1050615310668945,0,-0.13553142547607422,-3.527172088623047,-3.511598587036133
10288028922,15639127,15624,15624,2,0,0,1.1050615310668945,0,-0.13553142547607422,-3.527172088623047,-3.5213680267333984
10290241828,15640121,15625,15625,2,0,0,1.1046772003173828,0,-0.13553142547607422,-3.5233287811279297,-3.511598587036133
10292454734,15646121,15631,15631,2,0,0,1.1035270690917969,0,-0.1794872283935547,-3.3360042572021484,-3.462759017944336
10294667640,15648120,15633,15633,2,0,0,1.1031436920166016,0,-0.1794872283935547,-3.3321704864501953,-3.413919448852539
10296880546,15649121,15634,15634,2,0,0,1.1031436920166016,0,-0.1868133544921875,-3.302865982055664,-3.3943824768066406
10299093452,15650128,15635,15635,2,0,0,1.1027603149414062,0,-0.1868133544921875,-3.299032211303711,-3.384614944458008
10301306358,15652139,15637,15637,2,0,0,1.1027603149414062,0,-0.1794872283935547,-3.328336715698242,-3.3943824768066406
10303519264,15653125,15638,15638,2,0,0,1.102376937866211,0,-0.1794872283935547,-3.324502944946289,-3.423686981201172
10305732170,15654120,15639,15639,2,0,0,1.102376937866211,0,-0.16483497619628906,-3.349973678588867,-3.4725265502929688
10307945076,15656124,15641,15641,2,0,0,1.1019935607910156,0,-0.17216110229492188,-3.349973678588867,-3.4822959899902344
10310157982,15659121,15644,15644,2,0,0,1.1012258529663086,0,-0.16483497619628906,-3.371601104736328,-3.4041519165039062
10312370888,15662120,15647,15647,2,0,0,1.1008424758911133,0,-0.17216110229492188,-3.3384628295898438,-3.335775375366211
10314583794,15666135,15651,15651,2,0,0,1.1000757217407227,0,-0.1941394805908203,-3.2428817749023438,-3.208791732788086
10316796700,15668122,15653,15653,2,0,0,1.0996923446655273,0,-0.1941394805908203,-3.2390480041503906,-3.2380943298339844
10320083468,15672125,15657,15657,2,0,0,1.099308967590332,0,-0.17216110229492188,-3.3231277465820312,-3.3553104400634766
10323370232,15674120,15659,15659,2,0,0,1.098541259765625,0,-0.1794872283935547,-3.2861461639404297,-3.3162384033203125
10326656996,15676122,15661,15661,2,0,0,1.098541259765625,0,-0.1868133544921875,-3.2568416595458984,-3.286935806274414
10329943760,15686120,15671,15671,2,0,0,1.0962409973144531,0,-0.20146560668945312,-3.175230026245117,-3.3553104400634766
10333230524,15690120,15675,15675,2,0,0,1.095473289489746,0,-0.1868133544921875,-3.2261619567871094,-3.1599502563476562
10336517288,15699121,15684,15684,2,0,0,1.0935564041137695,0,-0.20879077911376953,-3.1190834045410156,-3.1990222930908203
10339804052,15701127,15686,15686,2,0,0,1.0931730270385742,0,-0.1941394805908203,-3.1700210571289062,-3.1599502563476562
10343090816,15703121,15688,15688,2,0,0,1.092789649963379,0,-0.1868133544921875,-3.136873245239258,-3.0720386505126953
10346377580,15705131,15690,15690,2,0,0,1.0920219421386719,0,-0.21611690521240234,-3.074434280395508,-3.0134315490722656
10349664344,15706120,15691,15691,2,0,0,1.0920219421386719,0,-0.23076915740966797,-3.0158252716064453,-2.9743595123291016
10352951108,15708135,15693,15693,2,0,0,1.0912551879882812,0,-0.2673988342285156,-2.8578052520751953,-3.0231990814208984
10356237872,15711120,15696,15696,2,0,0,1.0904884338378906,0,-0.2673988342285156,-2.853971481323242,-3.169719696044922
10359524636,15713123,15698,15698,2,0,0,1.0901050567626953,0,-0.2454214096069336,-2.938047409057617,-3.1990222930908203
10362811400,15714124,15699,15699,2,0,0,1.0901050567626953,0,-0.20146560668945312,-3.113870620727539,-3.169719696044922
10365379060,15722139,15707,15707,2,0,0,1.0878028869628906,0,-0.28937721252441406,-2.7392024993896484,-2.9841270446777344
10367299757,15724120,15709,15709,2,0,0,1.0874195098876953,0,-0.28205108642578125,-2.7646732330322266,-3.042734146118164
10369220454,15725129,15710,15710,2,0,0,1.0874195098876953,0,-0.2600736618041992,-2.8525829315185547,-3.0525035858154297
10371141151,15726122,15711,15711,2,0,0,1.0870361328125,0,-0.22344303131103516,-2.995271682739258,-3.042734146118164
10373061848,15730124,15715,15715,2,0,0,1.086268424987793,0,-0.22344303131103516,-2.9875946044921875,-2.8571434020996094
10374982545,15731121,15716,15716,2,0,0,1.0858850479125977,0,-0.27472496032714844,-2.774799346923828,-2.837606430053711
10376903242,15733121,15718,15718,2,0,0,1.085118293762207,0,-0.28937721252441406,-2.7123565673828125,-2.886445999145508
10378823939,15736136,15721,15721,2,0,0,1.0843515396118164,0,-0.27472496032714844,-2.851207733154297,-3.003662109375
10380744636,15737125,15722,15722,2,0,0,1.0843515396118164,0,-0.23076915740966797,-2.9391212463378906,-2.954822540283203
10382665333,15740120,15725,15725,2,0,0,1.083968162536621,0,-0.21611690521240234,-2.993896484375,-2.827838897705078
10384586030,15741121,15726,15726,2,0,0,1.0835847854614258,0,-0.2600736618041992,-2.810392379760742,-2.7203903198242188
10386506727,15742122,15727,15727,2,0,0,1.0828170776367188,0,-0.28937721252441406,-2.6893444061279297,-2.7203903198242188
10388427424,15744120,15729,15729,2,0,0,1.0824337005615234,0,-0.3040294647216797,-2.626901626586914,-2.759462356567383
10390348121,15745129,15730,15730,2,0,0,1.0820503234863281,0,-0.3040294647216797,-2.623067855834961,-2.8180713653564453
10392268818,15747123,15732,15732,2,0,0,1.0816669464111328,0,-0.27472496032714844,-2.736452102661133,-2.9059829711914062
10394189515,15750142,15735,15735,2,0,0,1.0809001922607422,0,-0.22344303131103516,-2.9046077728271484,-2.759462356567383
10396110212,15752123,15737,15737,2,0,0,1.0801324844360352,0,-0.2967033386230469,-2.6331939697265625,-2.700855255126953
10398030909,15754121,15739,15739,2,0,0,1.0797491073608398,0,-0.3040294647216797,-2.600055694580078,-2.7301578521728516
10399951606,15755131,15740,15740,2,0,0,1.0793657302856445,0,-0.3113555908203125,-2.5669174194335938,-2.788766860961914
10401872303,15756120,15741,15741,2,0,0,1.0789823532104492,0,-0.3113555908203125,-2.5630836486816406,-2.8571434020996094
10403793000,15757121,15742,15742,2,0,0,1.0789823532104492,0,-0.2600736618041992,-2.7643775939941406,-2.8962154388427734
10405713697,15758120,15743,15743,2,0,0,1.078598976135254,0,-0.2600736618041992,-2.7643775939941406,-2.866910934448242
10407634394,15760120,15745,15745,2,0,0,1.0782155990600586,0,-0.23076915740966797,-2.8777618408203125,-2.8083019256591797
10409555091,15761121,15746,15746,2,0,0,1.0782155990600586,0,-0.22344303131103516,-2.9032325744628906,-2.6422462463378906
10410898425,15763130,15748,15748,2,0,0,1.077448844909668,0,-0.3113555908203125,-2.540071487426758,-2.5641021728515625
10412241750,15764139,15749,15749,2,0,0,1.0762977600097656,0,-0.34065914154052734,-2.4190235137939453,-2.5934066772460938
10413585075,15765133,15750,15750,2,0,0,1.0762977600097656,0,-0.34065914154052734,-2.4190235137939453,-2.6520137786865234
10414928400,15766120,15751,15751,2,0,0,1.0759143829345703,0,-0.33333301544189453,-2.4444942474365234,-2.710622787475586
10416271725,15767125,15752,15752,2,0,0,1.0759143829345703,0,-0.28937721252441406,-2.6203174591064453,-2.739927291870117
10417615050,15768121,15753,15753,2,0,0,1.075531005859375,0,-0.2673988342285156,-2.704397201538086,-2.74969482421875
10418958375,15769121,15754,15754,2,0,0,1.075531005859375,0,-0.2673988342285156,-2.704397201538086,-2.7301578521728516
10420301700,15770120,15756,15756,2,0,0,1.0751476287841797,0,-0.2673988342285156,-2.700563430786133,-2.6910858154296875
10421645025,15772124,15757,15757,2,0,0,1.0747642517089844,0,-0.28205108642578125,-2.638120651245117,-2.661783218383789
10422988350,15773121,15758,15758,2,0,0,1.074380874633789,0,-0.2967033386230469,-2.5756778717041016,-2.6520137786865234
10424331675,15774120,15759,15759,2,0,0,1.0739965438842773,0,-0.3040294647216797,-2.542530059814453,-2.6422462463378906
10425675000,15775130,15760,15760,2,0,0,1.073613166809082,0,-0.3113555908203125,-2.5093917846679688,-2.6813182830810547
10427018325,15777128,15762,15762,2,0,0,1.0732297897338867,0,-0.2967033386230469,-2.564167022705078,-2.6910858154296875
10428361650,15778135,15763,15763,2,0,0,1.0728464126586914,0,-0.28937721252441406,-2.5896377563476562,-2.671550750732422
10429704975,15780124,15765,15765,2,0,0,1.0720796585083008,0,-0.2673988342285156,-2.6698837280273438,-2.5543346405029297
10431048300,15782120,15767,15768,2,0,0,1.0713129043579102,0,-0.3186817169189453,-2.4570846557617188,-2.5152626037597656
10440388730,15785133,15770,15770,2,0,0,1.0709285736083984,0,-0.3260068893432617,-2.420106887817383,-2.6031742095947266
10449729148,15787121,15772,15772,2,0,0,1.0701618194580078,0,-0.3040294647216797,-2.504182815551758,-2.6031742095947266
10459069566,15788124,15773,15773,2,0,0,1.0701618194580078,0,-0.28937721252441406,-2.5627918243408203,-2.583639144897461
10468409984,15789121,15774,15774,2,0,0,1.0697784423828125,0,-0.27472496032714844,-2.6137332916259766,-2.505495071411133
10477750402,15791129,15776,15776,2,0,0,1.0690116882324219,0,-0.3186817169189453,-2.434072494506836,-2.4859580993652344
10487090820,15792137,15777,15777,2,0,0,1.0686283111572266,0,-0.3260068893432617,-2.400938034057617,-2.495725631713867
10496431238,15794121,15779,15779,2,0,0,1.0678606033325195,0,-0.34798526763916016,-2.305347442626953,-2.5543346405029297
10505771656,15797121,15782,15782,2,0,0,1.067093849182129,0,-0.28205108642578125,-2.5614166259765625,-2.5543346405029297
10515112074,15889129,15874,15874,2,0,0,1.0367975234985352,0,-0.35531139373779297,-1.9654121398925781,-2.0268611907958984
10524452492,15905135,15890,15890,2,0,0,1.0314292907714844,0,-0.34798526763916016,-1.9410343170166016,-1.9487171173095703
10533792910,15906120,15891,15891,2,0,0,1.0310449600219727,0,-0.3626375198364258,-1.8785820007324219,-1.9487171173095703
10543133328,15907121,15892,15893,2,0,0,1.0298948287963867,0,-0.3919410705566406,-1.7498664855957031,-1.8998775482177734
10552473746,15909124,15894,15894,2,0,0,1.0298948287963867,0,-0.3919410705566406,-1.7498664855957031,-1.9096450805664062
10561814164,15911121,15896,15896,2,0,0,1.029128074645996,0,-0.34065914154052734,-1.94732666015625,-1.958486557006836
10571154582,15912124,15897,15897,2,0,0,1.0287446975708008,0,-0.3260068893432617,-1.9982681274414062,-1.958486557006836
10580495000,15914120,15899,15899,2,0,0,1.0279769897460938,0,-0.33333301544189453,-1.9651203155517578,-1.9291820526123047
10585250500,15943121,15928,15928,2,0,0,1.016855239868164,0,-0.3846149444580078,-1.6487751007080078,-1.7826614379882812
10590006000,15945138,15930,15930,2,0,0,1.0164718627929688,0,-0.3919410705566406,-1.6156368255615234,-1.7435894012451172
10594761500,15946139,15931,15931,2,0,0,1.0160884857177734,0,-0.3919410705566406,-1.7290172576904297,-1.7045173645019531
10596054430,15949122,15934,15934,2,0,0,1.014937400817871,0,-0.34798526763916016,-1.7761154174804688,-1.75335693359375
10597347348,15951121,15936,15936,2,0,0,1.0145540237426758,0,-0.35531139373779297,-1.7429771423339844,-1.75335693359375
10598640266,15952123,15937,15937,2,0,0,1.0141706466674805,0,-0.3626375198364258,-1.7098388671875,-1.7338218688964844
10599933184,15953121,15938,15938,2,0,0,1.0137872695922852,0,-0.3919410705566406,-1.5887908935546875,-1.6947498321533203
10601226102,15954124,15939,15939,2,0,0,1.0134038925170898,0,-0.3919410705566406,-1.5849571228027344,-1.665445327758789
10602519020,15955129,15940,15940,2,0,0,1.0130205154418945,0,-0.3699636459350586,-1.6690330505371094,-1.6752128601074219
10603811938,15956120,15941,15941,2,0,0,1.0126361846923828,0,-0.3699636459350586,-1.6651897430419922,-1.7338218688964844
10605104856,15957122,15942,15942,2,0,0,1.0122528076171875,0,-0.3699636459350586,-1.6868267059326172,-1.7631263732910156
10606397774,15958122,15943,15943,2,0,0,1.0118694305419922,0,-0.3626375198364258,-1.682992935180664,-1.75335693359375
10607690692,15959133,15944,15944,2,0,0,1.0114860534667969,0,-0.3699636459350586,-1.6498546600341797,-1.714284896850586
10608983610,15960136,15945,15945,2,0,0,1.0107192993164062,0,-0.3699636459350586,-1.6460208892822266,-1.6849822998046875
10610276528,15962124,15947,15947,2,0,0,1.0107192993164062,0,-0.35531139373779297,-1.704629898071289,-1.6556777954101562
10611569446,15963121,15948,15948,2,0,0,1.010335922241211,0,-0.34065914154052734,-1.7594051361083984,-1.6752128601074219
10612862364,15964121,15949,15949,2,0,0,1.009568214416504,0,-0.34065914154052734,-1.7517280578613281,-1.714284896850586
10614155282,15965130,15950,15950,2,0,0,1.0091848373413086,0,-0.35531139373779297,-1.6892852783203125,-1.7240543365478516
10615448200,15967125,15952,15952,2,0,0,1.0088014602661133,0,-0.3626375198364258,-1.6561470031738281,-1.7240543365478516
10617277255,15970124,15955,15955,2,0,0,1.0076513290405273,0,-0.3626375198364258,-1.6446456909179688,-1.6459102630615234
10619106298,15972120,15957,15957,2,0,0,1.0068845748901367,0,-0.3626375198364258,-1.6369781494140625,-1.7045173645019531
10620935341,15973129,15958,15958,2,0,0,1.006500244140625,0,-0.3772897720336914,-1.5745258331298828,-1.7338218688964844
10622764384,15975137,15960,15960,2,0,0,1.0057334899902344,0,-0.3626375198364258,-1.621633529663086,-1.665445327758789
10624593427,15977121,15962,15962,2,0,0,1.0049667358398438,0,-0.3626375198364258,-1.6177997589111328,-1.626373291015625
10626422470,15978121,15963,15963,2,0,0,1.0049667358398438,0,-0.34798526763916016,-1.6725749969482422,-1.6068382263183594
10628251513,15980120,15965,15965,2,0,0,1.0041999816894531,0,-0.3626375198364258,-1.6062984466552734,-1.6556777954101562
10630080556,15982120,15967,15967,2,0,0,1.003432273864746,0,-0.3626375198364258,-1.6024551391601562,-1.6752128601074219
10631909599,15984121,15969,15969,2,0,0,1.0026655197143555,0,-0.3699636459350586,-1.5654830932617188,-1.626373291015625
10633738642,15985129,15970,15970,2,0,0,1.0022821426391602,0,-0.3699636459350586,-1.5578155517578125,-1.6068382263183594
10635567685,15987130,15972,15972,2,0,0,1.0015153884887695,0,-0.3626375198364258,-1.5832862854003906,-1.6361408233642578
10637396728,15989125,15974,15974,2,0,0,1.000748634338379,0,-0.3699636459350586,-1.5463142395019531,-1.6849822998046875
10639225771,15990120,15975,15975,2,0,0,0.9999809265136719,0,-0.3626375198364258,-1.567941665649414,-1.626373291015625
10641054814,15992123,15977,15977,2,0,0,0.9995975494384766,0,-0.3626375198364258,-1.564107894897461,-1.538461685180664
10642883857,15994120,15979,15979,2,0,0,0.9992141723632812,0,-0.34065914154052734,-1.6481876373291016,-1.5286941528320312
10644712900,15996125,15981,15981,2,0,0,0.9984474182128906,0,-0.3699636459350586,-1.5233020782470703,-1.5677661895751953
10646799080,16000131,15985,15985,2,0,0,0.996912956237793,0,-0.3772897720336914,-1.4786529541015625,-1.5189247131347656
10648885248,16001131,15987,15987,2,0,0,0.9961462020874023,0,-0.3699636459350586,-1.5002899169921875,-1.5579967498779297
10650971416,16003127,15988,15988,2,0,0,0.9953794479370117,0,-0.3846149444580078,-1.4340171813964844,-1.6068382263183594
10653057584,16006120,15991,15991,2,0,0,0.9946126937866211,0,-0.3626375198364258,-1.5142593383789062,-1.5579967498779297
10655143752,16008122,15993,15993,2,0,0,0.9938449859619141,0,-0.34798526763916016,-1.5651912689208984,-1.4700851440429688
10657229920,16011121,15996,15996,2,0,0,0.9926948547363281,0,-0.3699636459350586,-1.4657764434814453,-1.5091571807861328
10659316088,16012125,15997,15997,2,0,0,0.9923114776611328,0,-0.3699636459350586,-1.4619426727294922,-1.5286941528320312
10661402256,16014120,15999,15999,2,0,0,0.9915447235107422,0,-0.3626375198364258,-1.4835796356201172,-1.4993896484375
10663488424,16015137,16000,16000,2,0,0,0.9907770156860352,0,-0.3772897720336914,-1.4172935485839844,-1.4798526763916016
10665574592,16018121,16003,16003,2,0,0,0.9900102615356445,0,-0.3772897720336914,-1.405792236328125,-1.5677661895751953
10667660760,16020124,16005,16005,2,0,0,0.9896268844604492,0,-0.3772897720336914,-1.405792236328125,-1.5579967498779297
10669746928,16022120,16007,16007,2,0,0,0.9888601303100586,0,-0.35531139373779297,-1.4860382080078125,-1.4700851440429688
10671833096,16023121,16008,16008,2,0,0,0.9884767532348633,0,-0.3260068893432617,-1.5994224548339844,-1.4310131072998047
10673919264,16025133,16010,16010,2,0,0,0.9877090454101562,0,-0.34798526763916016,-1.5038318634033203,-1.4310131072998047
10676005432,16027121,16012,16012,2,0,0,0.9869422912597656,0,-0.3772897720336914,-1.3458118438720703,-1.4896221160888672
10678091600,16029131,16014,16014,2,0,0,0.986175537109375,0,-0.3846149444580078,-1.3419780731201172,-1.4700851440429688
10684477536,16033125,16018,16018,2,0,0,0.9846410751342773,0,-0.3919410705566406,-1.2973289489746094,-1.460317611694336
10690863462,16035129,16020,16020,2,0,0,0.9838743209838867,0,-0.3919410705566406,-1.2896614074707031,-1.4798526763916016
10697249388,16036121,16021,16021,2,0,0,0.9834909439086914,0,-0.35531139373779297,-1.4323463439941406,-1.411478042602539
10703635314,16039121,16024,16024,2,0,0,0.9827241897583008,0,-0.34798526763916016,-1.4539833068847656,-1.3626365661621094
10710021240,16040120,16025,16025,2,0,0,0.9823408126831055,0,-0.3846149444580078,-1.2997875213623047,-1.4017086029052734
10716407166,16042120,16027,16027,2,0,0,0.9815731048583984,0,-0.3846149444580078,-1.2959537506103516,-1.4310131072998047
10722793092,16043128,16028,16028,2,0,0,0.9811897277832031,0,-0.3772897720336914,-1.317586898803711,-1.3919410705566406
10729179018,16045135,16030,16030,2,0,0,0.9804229736328125,0,-0.3626375198364258,-1.3723621368408203,-1.3431015014648438
10735564944,16046124,16031,16031,2,0,0,0.9796562194824219,0,-0.3846149444580078,-1.276784896850586,-1.333333969116211
10741950870,16048120,16033,16033,2,0,0,0.9788885116577148,0,-0.3919410705566406,-1.2398033142089844,-1.3626365661621094
10748336796,16050130,16035,16035,2,0,0,0.9781217575073242,0,-0.40659332275390625,-1.1735267639160156,-1.3919410705566406
10754722722,16052123,16037,16037,2,0,0,0.9777383804321289,0,-0.35531139373779297,-1.3748207092285156,-1.3431015014648438
10761108648,16053123,16038,16038,2,0,0,0.9773550033569336,0,-0.3626375198364258,-1.3378486633300781,-1.3040294647216797
10767494574,16055129,16040,16040,2,0,0,0.976588249206543,0,-0.3699636459350586,-1.3047103881835938,-1.333333969116211
10773880500,16120124,16105,16105,2,0,0,0.9539604187011719,0,-0.35531139373779297,-1.1370410919189453,-1.2161178588867188
10779568680,16132123,16117,16117,2,0,0,0.949742317199707,0,-0.3186817169189453,-1.2413787841796875,-1.128204345703125
10783123722,16144125,16129,16129,2,0,0,0.9455242156982422,0,-0.34798526763916016,-1.0819835662841797,-1.1868133544921875
10786678764,16149125,16134,16134,2,0,0,0.9439897537231445,0,-0.3626375198364258,-1.0041961669921875,-1.089132308959961
10790233806,16152123,16137,16137,2,0,0,0.9428396224975586,0,-0.3626375198364258,-0.9965286254882812,-1.1477413177490234
10793788848,16153123,16138,16138,2,0,0,0.9428396224975586,0,-0.3260068893432617,-1.1392173767089844,-1.1477413177490234
10797343890,16157128,16142,16142,2,0,0,0.9413051605224609,0,-0.35531139373779297,-1.010488510131836,-1.0598297119140625
10800898932,16159121,16144,16144,2,0,0,0.9405384063720703,0,-0.3846149444580078,-0.8856067657470703,-1.0793647766113281
10804453974,16161122,16146,16146,2,0,0,0.9397716522216797,0,-0.35531139373779297,-0.9951534271240234,-1.1184368133544922
10808009016,16162124,16147,16147,2,0,0,0.9393882751464844,0,-0.33333301544189453,-1.079233169555664,-1.0695972442626953
10811564058,16164121,16149,16149,2,0,0,0.9390039443969727,0,-0.33333301544189453,-1.0715560913085938,-1.040292739868164
10815119100,16166122,16151,16151,2,0,0,0.938237190246582,0,-0.35531139373779297,-0.9798088073730469,-1.040292739868164
10816798796,16170139,16155,16155,2,0,0,0.9370870590209961,0,-0.3260068893432617,-1.0855255126953125,-1.1184368133544922
10818478482,16173125,16158,16158,2,0,0,0.9359359741210938,0,-0.33333301544189453,-1.0447101593017578,-1.0305252075195312
10820158168,16174122,16159,16159,2,0,0,0.9351692199707031,0,-0.3772897720336914,-0.8612155914306641,-1.0305252075195312
10821837854,16176121,16161,16161,2,0,0,0.9347858428955078,0,-0.3699636459350586,-0.8866863250732422,-1.0598297119140625
10823517540,16178124,16163,16163,2,0,0,0.9340190887451172,0,-0.34065914154052734,-0.9962368011474609,-1.0989017486572266
10825197226,16179121,16164,16164,2,0,0,0.9340190887451172,0,-0.3260068893432617,-1.0548458099365234,-1.0793647766113281
10826876912,16180120,16165,16165,2,0,0,0.9332523345947266,0,-0.3186817169189453,-1.0764789581298828,-1.0207576751708984
10828556598,16182122,16167,16167,2,0,0,0.9328680038452148,0,-0.3260068893432617,-1.0433349609375,-1.0109882354736328
10830236284,16183128,16168,16168,2,0,0,0.9324846267700195,0,-0.34065914154052734,-0.9808921813964844,-1.0109882354736328
10831915970,16184135,16169,16169,2,0,0,0.9321012496948242,0,-0.34065914154052734,-0.9770584106445312,-1.0598297119140625
10833595656,16186124,16171,16171,2,0,0,0.9317178726196289,0,-0.3186817169189453,-1.0611343383789062,-1.0793647766113281
10835275342,16187121,16172,16172,2,0,0,0.9313344955444336,0,-0.3186817169189453,-1.0573005676269531,-1.0695972442626953
10836955028,16189121,16174,16174,2,0,0,0.930567741394043,0,-0.3113555908203125,-1.0789375305175781,-1.0109882354736328
10838634714,16190122,16175,16175,2,0,0,0.9301843643188477,0,-0.33333301544189453,-0.9871940612792969,-0.9816856384277344
10840314400,16191125,16176,16176,2,0,0,0.9294166564941406,0,-0.35531139373779297,-0.8916034698486328,-1.001220703125
10842031310,16196121,16181,16181,2,0,0,0.92864990234375,0,-0.3040294647216797,-1.0890636444091797,-1.0695972442626953
10843748216,16197129,16182,16182,2,0,0,0.9282665252685547,0,-0.28205108642578125,-1.1731433868408203,-1.040292739868164
10845465122,16199129,16184,16184,2,0,0,0.9274997711181641,0,-0.3040294647216797,-1.0775623321533203,-0.9816856384277344
10847182028,16200130,16185,16185,2,0,0,0.9271163940429688,0,-0.3626375198364258,-0.8354530334472656,-1.001220703125
10848898934,16202125,16187,16187,2,0,0,0.9263486862182617,0,-0.34798526763916016,-0.890228271484375,-1.040292739868164
10850615840,16203123,16188,16188,2,0,0,0.9259653091430664,0,-0.3113555908203125,-1.0329132080078125,-1.0695972442626953
10852332746,16205129,16190,16190,2,0,0,0.9255819320678711,0,-0.2967033386230469,-1.0876884460449219,-1.0500602722167969
10854049652,16206122,16191,16191,2,0,0,0.9255819320678711,0,-0.3040294647216797,-1.0545501708984375,-1.001220703125
10855766558,16208121,16193,16193,2,0,0,0.9248151779174805,0,-0.3186817169189453,-0.9921073913574219,-0.9914531707763672
10857483464,16209121,16194,16194,2,0,0,0.9244318008422852,0,-0.33333301544189453,-0.9296684265136719,-1.0109882354736328
10859200370,16211130,16196,16196,2,0,0,0.9236640930175781,0,-0.3260068893432617,-0.9512958526611328,-1.0793647766113281
10860917276,16212135,16197,16197,2,0,0,0.9236640930175781,0,-0.3113555908203125,-1.0099010467529297,-1.0989017486572266
10862634182,16214120,16199,16199,2,0,0,0.9228973388671875,0,-0.2673988342285156,-1.178060531616211,-1.089132308959961
10864351088,16215133,16200,16201,2,0,0,0.9225139617919922,0,-0.28937721252441406,-1.086313247680664,-1.0109882354736328
10866067994,16217121,16202,16202,2,0,0,0.9217472076416016,0,-0.3186817169189453,-0.9614276885986328,-0.9719161987304688
10867784900,16219123,16204,16204,2,0,0,0.9213638305664062,0,-0.3260068893432617,-0.9282932281494141,-0.9816856384277344
10869539025,16223125,16208,16208,2,0,0,0.9202127456665039,0,-0.2967033386230469,-1.03399658203125,-1.0500602722167969
10871293150,16224122,16209,16209,2,0,0,0.9198293685913086,0,-0.2967033386230469,-1.0301628112792969,-1.001220703125
10873047275,16226135,16211,16211,2,0,0,0.919062614440918,0,-0.3113555908203125,-0.9638862609863281,-0.9914531707763672
10874801400,16228124,16213,16213,2,0,0,0.9186792373657227,0,-0.33333301544189453,-0.8721427917480469,-1.0207576751708984
10876555525,16229121,16214,16214,2,0,0,0.917912483215332,0,-0.2967033386230469,-1.0109939575195312,-1.0793647766113281
10878309650,16231125,16216,16216,2,0,0,0.917912483215332,0,-0.28205108642578125,-1.0696029663085938,-1.0793647766113281
10880063775,16232123,16217,16217,2,0,0,0.9175281524658203,0,-0.2673988342285156,-1.124368667602539,-1.0598297119140625
10881817900,16234120,16219,16219,2,0,0,0.917144775390625,0,-0.2527475357055664,-1.1791400909423828,-0.9914531707763672
10883572025,16235131,16220,16220,2,0,0,0.9167613983154297,0,-0.28205108642578125,-1.0580921173095703,-0.9621486663818359
10885326150,16236125,16221,16221,2,0,0,0.9163780212402344,0,-0.3040294647216797,-0.9663448333740234,-0.9426136016845703
10887080275,16237121,16222,16222,2,0,0,0.9156112670898438,0,-0.3186817169189453,-0.9000682830810547,-0.9816856384277344
10888834400,16239129,16224,16224,2,0,0,0.9152278900146484,0,-0.34065914154052734,-0.8083248138427734,-1.0305252075195312
10890588525,16241124,16226,16226,2,0,0,0.9148445129394531,0,-0.2967033386230469,-0.9803142547607422,-1.0793647766113281
10892342650,16242120,16227,16227,2,0,0,0.9144601821899414,0,-0.2600736618041992,-1.1229896545410156,-1.0305252075195312
10894096775,16244124,16229,16229,2,0,0,0.9140768051147461,0,-0.2967033386230469,-0.9688034057617188,-0.9816856384277344
10895850900,16246120,16231,16231,2,0,0,0.9133100509643555,0,-0.3113555908203125,-0.9063606262207031,-0.9816856384277344
10898085680,16253130,16238,16238,2,0,0,0.9113922119140625,0,-0.2527475357055664,-1.1216144561767578,-0.9523811340332031
10899931727,16255133,16240,16240,2,0,0,0.9110088348388672,0,-0.3260068893432617,-0.8209095001220703,-0.9426136016845703
10901777774,16257125,16242,16242,2,0,0,0.9102420806884766,0,-0.33333301544189453,-0.7877712249755859,-0.9719161987304688
10903623821,16258121,16243,16243,2,0,0,0.9098587036132812,0,-0.3186817169189453,-0.8425426483154297,-1.0109882354736328
10905469868,16259121,16244,16244,2,0,0,0.9094753265380859,0,-0.2673988342285156,-1.0438404083251953,-1.0598297119140625
10907315915,16261122,16246,16246,2,0,0,0.9094753265380859,0,-0.2600736618041992,-1.073141098022461,-1.0500602722167969
10909161962,16262120,16247,16247,2,0,0,0.9090919494628906,0,-0.2600736618041992,-1.094778060913086,-0.9914531707763672
10911008009,16267128,16252,16252,2,0,0,0.9071741104125977,0,-0.34065914154052734,-0.7277870178222656,-0.9719161987304688
10912854056,16268136,16253,16253,2,0,0,0.9071741104125977,0,-0.3186817169189453,-0.8156967163085938,-1.001220703125
10914700103,16269127,16254,16254,2,0,0,0.9067907333374023,0,-0.2600736618041992,-1.046295166015625,-1.0207576751708984
10916546150,16271121,16256,16256,2,0,0,0.906407356262207,0,-0.2527475357055664,-1.0717658996582031,-1.0109882354736328
10918392197,16275129,16260,16260,2,0,0,0.9052562713623047,0,-0.2967033386230469,-0.8844318389892578,-0.9328441619873047
10920238244,16277123,16262,16262,2,0,0,0.9044895172119141,0,-0.3040294647216797,-0.8474597930908203,-0.9523811340332031
10922084291,16281133,16266,16266,2,0,0,0.9037227630615234,0,-0.23809528350830078,-1.1035289764404297,-1.0305252075195312
10923930338,16282137,16267,16267,2,0,0,0.9037227630615234,0,-0.23076915740966797,-1.132833480834961,-1.0109882354736328
10925776385,16283125,16268,16268,2,0,0,0.9033393859863281,0,-0.2454214096069336,-1.0703907012939453,-0.9621486663818359
10927622432,16286124,16271,16271,2,0,0,0.9018039703369141,0,-0.33333301544189453,-0.7033901214599609,-0.9133090972900391
10929468479,16287121,16272,16272,2,0,0,0.9014205932617188,0,-0.3113555908203125,-0.7874660491943359,-0.9621486663818359
10931314526,16289125,16274,16274,2,0,0,0.9014205932617188,0,-0.28937721252441406,-0.8753795623779297,-0.9914531707763672
10933160573,16290122,16275,16275,2,0,0,0.9010372161865234,0,-0.2673988342285156,-0.9594593048095703,-1.0109882354736328
10935006620,16291121,16276,16276,2,0,0,0.9010372161865234,0,-0.2454214096069336,-1.0473690032958984,-0.9816856384277344
10936852667,16292121,16277,16277,2,0,0,0.9006538391113281,0,-0.23076915740966797,-1.1021442413330078,-0.9523811340332031
10938698714,16295137,16280,16280,2,0,0,0.8995037078857422,0,-0.28205108642578125,-0.8855152130126953,-0.9133090972900391
10940544761,16296135,16281,16281,2,0,0,0.8995037078857422,0,-0.3260068893432617,-0.7096920013427734,-0.9035415649414062
10942390808,16297125,16282,16282,2,0,0,0.8991193771362305,0,-0.2967033386230469,-0.8230628967285156,-0.9523811340332031
10944236855,16298122,16283,16283,2,0,0,0.8987360000610352,0,-0.27472496032714844,-0.9071426391601562,-0.9914531707763672
10946082902,16300130,16285,16285,2,0,0,0.8987360000610352,0,-0.2527475357055664,-0.9950523376464844,-1.001220703125
10947928949,16301123,16286,16286,2,0,0,0.8983526229858398,0,-0.23076915740966797,-1.079132080078125,-1.001220703125
10949774996,16302124,16287,16287,2,0,0,0.8983526229858398,0,-0.20879077911376953,-1.1632119417190552,-0.9523811340332031
10951621043,16303121,16288,16289,2,0,0,0.8975858688354492,0,-0.2454214096069336,-1.0128556489944458,-0.9230766296386719
10953467090,16305130,16290,16290,2,0,0,0.8972024917602539,0,-0.28205108642578125,-0.862503170967102,-0.8937721252441406
10955061460,16309128,16294,16294,2,0,0,0.896052360534668,0,-0.27472496032714844,-0.8803063631057739,-1.001220703125
10956655816,16311126,16296,16296,2,0,0,0.8956680297851562,0,-0.22344303131103516,-1.0815907716751099,-1.001220703125
10958250172,16312120,16298,16298,2,0,0,0.8952846527099609,0,-0.20879077911376953,-1.1363660097122192,-0.9719161987304688
10959844528,16314122,16299,16299,2,0,0,0.8952846527099609,0,-0.21611690521240234,-1.107061505317688,-0.9523811340332031
10961438884,16315133,16300,16300,2,0,0,0.8949012756347656,0,-0.22344303131103516,-1.0739232301712036,-0.9133090972900391
10963033240,16316120,16301,16301,2,0,0,0.894134521484375,0,-0.27472496032714844,-0.7400761842727661,-0.874237060546875
10964627596,16317121,16302,16302,2,0,0,0.8937511444091797,0,-0.3260068893432617,-0.652166485786438,-0.8840045928955078
10966221952,16319123,16304,16304,2,0,0,0.8933677673339844,0,-0.2967033386230469,-0.7655469179153442,-0.9133090972900391
10967816308,16320120,16305,16305,2,0,0,0.8933677673339844,0,-0.28937721252441406,-0.7948514223098755,-0.9523811340332031
10969410664,16321121,16306,16306,2,0,0,0.8929843902587891,0,-0.23809528350830078,-0.9961453676223755,-0.9914531707763672
10971005020,16322122,16307,16307,2,0,0,0.8929843902587891,0,-0.20879077911376953,-1.1133633852005005,-0.9914531707763672
10972599376,16324135,16309,16309,2,0,0,0.892216682434082,0,-0.20146560668945312,-1.1349869966506958,-0.9230766296386719
10974193732,16326121,16311,16311,2,0,0,0.8918333053588867,0,-0.23809528350830078,-0.984634518623352,-0.8840045928955078
10975788088,16328120,16313,16313,2,0,0,0.8910665512084961,0,-0.3113555908203125,-0.6839257478713989,-0.874237060546875
10977382444,16329121,16314,16314,2,0,0,0.8906831741333008,0,-0.2967033386230469,-0.7387009859085083,-0.9426136016845703
10978976800,16330120,16315,16315,2,0,0,0.8906831741333008,0,-0.2673988342285156,-0.8559190034866333,-0.9719161987304688
10980699760,16333121,16318,16318,2,0,0,0.8902997970581055,0,-0.1941394805908203,-1.1451226472854614,-1.001220703125
10982422716,16335131,16320,16320,2,0,0,0.8899164199829102,0,-0.1794872283935547,-1.1998978853225708,-0.9816856384277344
10984145672,16336124,16321,16321,2,0,0,0.8899164199829102,0,-0.1941394805908203,-1.1412888765335083,-0.9523811340332031
10985868628,16337129,16322,16322,2,0,0,0.8895320892333984,0,-0.21611690521240234,-1.049535870552063,-0.9230766296386719
10987591584,16340122,16325,16325,2,0,0,0.8879985809326172,0,-0.3186817169189453,-0.6239415407180786,-0.874237060546875
10989314540,16341121,16327,16327,2,0,0,0.8879985809326172,0,-0.28205108642578125,-0.7704640626907349,-0.9328441619873047
10991037496,16344124,16329,16329,2,0,0,0.8876152038574219,0,-0.23076915740966797,-0.9717580080032349,-0.9816856384277344
10992760452,16345129,16330,16330,2,0,0,0.8872318267822266,0,-0.21611690521240234,-1.0265332460403442,-0.9914531707763672
10994483408,16347125,16332,16332,2,0,0,0.8872318267822266,0,-0.1941394805908203,-1.1144429445266724,-0.9621486663818359
10996206364,16348122,16333,16333,2,0,0,0.8868484497070312,0,-0.2527475357055664,-0.8723336458206177,-0.9035415649414062
10997929320,16350128,16335,16335,2,0,0,0.8860807418823242,0,-0.28205108642578125,-0.7512856721878052,-0.8840045928955078
10999652276,16351130,16336,16336,2,0,0,0.8853139877319336,0,-0.28205108642578125,-0.7436181306838989,-0.9133090972900391
11001375232,16353125,16338,16338,2,0,0,0.8853139877319336,0,-0.2673988342285156,-0.8022271394729614,-0.9426136016845703
11003098188,16355129,16340,16340,2,0,0,0.8849306106567383,0,-0.20879077911376953,-1.0328255891799927,-1.001220703125
11004821144,16356122,16341,16341,2,0,0,0.8849306106567383,0,-0.1794872283935547,-1.150039792060852,-1.0109882354736328
11006544100,16358120,16343,16343,2,0,0,0.884547233581543,0,-0.15750885009765625,-1.2341195344924927,-1.0109882354736328
11008519905,16364124,16349,16349,2,0,0,0.88262939453125,0,-0.28205108642578125,-0.716772198677063,-0.8644695281982422
11010221472,16366135,16351,16351,2,0,0,0.8822460174560547,0,-0.2967033386230469,-0.6543294191360474,-0.9133090972900391
11011923039,16367125,16353,16353,2,0,0,0.8818626403808594,0,-0.2454214096069336,-0.8556233644485474,-0.9816856384277344
11013624606,16369123,16354,16354,2,0,0,0.8814792633056641,0,-0.21611690521240234,-0.9690076112747192,-1.001220703125
11015326173,16371121,16356,16356,2,0,0,0.8814792633056641,0,-0.20146560668945312,-1.0276128053665161,-0.9914531707763672
11017027740,16372122,16357,16357,2,0,0,0.8810958862304688,0,-0.21611690521240234,-0.9651738405227661,-0.9523811340332031
11018729307,16373125,16358,16359,2,0,0,0.8807125091552734,0,-0.2527475357055664,-0.8148175477981567,-0.9035415649414062
11020430874,16375129,16360,16360,2,0,0,0.8803281784057617,0,-0.2600736618041992,-0.7816697359085083,-0.9035415649414062
11022132441,16377123,16362,16362,2,0,0,0.8799448013305664,0,-0.2454214096069336,-0.8364449739456177,-0.9523811340332031
11023834008,16378121,16363,16363,2,0,0,0.8795614242553711,0,-0.20879077911376953,-0.9791337251663208,-1.001220703125
11025535575,16380137,16365,16365,2,0,0,0.8795614242553711,0,-0.1794872283935547,-1.0963479280471802,-1.0109882354736328
11027237142,16383120,16368,16368,2,0,0,0.8791780471801758,0,-0.14285755157470703,-1.2390328645706177,-0.9914531707763672
11028938709,16385131,16370,16370,2,0,0,0.8787946701049805,0,-0.15018272399902344,-1.205898404121399,-0.9523811340332031
11030640276,16387121,16372,16372,2,0,0,0.8780279159545898,0,-0.20146560668945312,-0.9930993318557739,-0.8840045928955078
11032341843,16388120,16373,16373,2,0,0,0.8776445388793945,0,-0.27472496032714844,-0.6962281465530396,-0.8644695281982422
11034043410,16389125,16374,16375,2,0,0,0.8772602081298828,0,-0.2967033386230469,-0.6044713258743286,-0.9133090972900391
11035744977,16392120,16377,16377,2,0,0,0.8768768310546875,0,-0.23809528350830078,-0.8350697755813599,-1.0305252075195312
11037446544,16395134,16380,16380,2,0,0,0.8768768310546875,0,-0.13553142547607422,-1.2453252077102661,-1.0989017486572266
11039148111,16396122,16381,16381,2,0,0,0.8764934539794922,0,-0.1282052993774414,-1.2707959413528442,-1.0793647766113281
11040849678,16397125,16382,16382,2,0,0,0.8764934539794922,0,-0.1282052993774414,-1.2707959413528442,-1.0695972442626953
11042551245,16398122,16383,16383,2,0,0,0.8764934539794922,0,-0.14285755157470703,-1.2083531618118286,-1.0207576751708984
11044252812,16400130,16385,16385,2,0,0,0.8761100769042969,0,-0.13553142547607422,-1.2376576662063599,-0.9426136016845703
11045954379,16401125,16386,16386,2,0,0,0.8757266998291016,0,-0.1794872283935547,-0.8159009218215942,-0.9035415649414062
11047655946,16402124,16387,16387,2,0,0,0.8749599456787109,0,-0.28205108642578125,-0.6362439393997192,-0.8840045928955078
11049357513,16403121,16388,16388,2,0,0,0.8745765686035156,0,-0.3040294647216797,-0.5444871187210083,-0.874237060546875
11051059080,16404120,16389,16389,2,0,0,0.8741922378540039,0,-0.2967033386230469,-0.5737916231155396,-0.9133090972900391
11052760647,16406122,16391,16391,2,0,0,0.8741922378540039,0,-0.2600736618041992,-0.7203103303909302,-0.9621486663818359
11054462214,16407128,16392,16392,2,0,0,0.8738088607788086,0,-0.2454214096069336,-0.7750855684280396,-1.0305252075195312
11056163781,16408135,16393,16393,2,0,0,0.8738088607788086,0,-0.1941394805908203,-0.9802132844924927,-1.0695972442626953
11057865348,16409126,16394,16394,2,0,0,0.8738088607788086,0,-0.15018272399902344,-1.1560403108596802,-1.0989017486572266
11059566915,16411121,16396,16396,2,0,0,0.8738088607788086,0,-0.13553142547607422,-1.214645504951477,-1.0793647766113281
11061268482,16413121,16398,16398,2,0,0,0.8734254837036133,0,-0.1282052993774414,-1.2401162385940552,-1.0207576751708984
11063246850,16417121,16402,16402,2,0,0,0.8722753524780273,0,-0.2454214096069336,-0.759750485420227,-0.8840045928955078
11065225200,16418125,16403,16403,2,0,0,0.871891975402832,0,-0.2673988342285156,-0.6680070161819458,-0.874237060546875
11067203550,16419121,16404,16404,2,0,0,0.8715085983276367,0,-0.2527475357055664,-0.7227784395217896,-0.9328441619873047
11069181900,16422137,16407,16407,2,0,0,0.8715085983276367,0,-0.1941394805908203,-0.9572106599807739,-1.0305252075195312
11071160250,16424120,16409,16409,2,0,0,0.871124267578125,0,-0.14285755157470703,-1.1584950685501099,-1.0793647766113281
11073138600,16425129,16410,16410,2,0,0,0.871124267578125,0,-0.1208791732788086,-1.2464085817337036,-1.0598297119140625
11075116950,16428121,16413,16413,2,0,0,0.8707408905029297,0,-0.1208791732788086,-1.2425748109817505,-1.0305252075195312
11077095300,16429121,16414,16414,2,0,0,0.8703575134277344,0,-0.16483497619628906,-1.0629178285598755,-1.001220703125
11079073650,16431125,16416,16416,2,0,0,0.8699741363525391,0,-0.1794872283935547,-1.0004750490188599,-0.9621486663818359
11081052000,16432121,16417,16417,2,0,0,0.8695907592773438,0,-0.2600736618041992,-0.6704617738723755,-0.8840045928955078
11083030350,16434123,16419,16419,2,0,0,0.8688240051269531,0,-0.27472496032714844,-0.6080228090286255,-0.8840045928955078
11085008700,16436135,16421,16421,2,0,0,0.8684406280517578,0,-0.23809528350830078,-0.750707745552063,-0.9719161987304688
11086987050,16438122,16423,16423,2,0,0,0.8684406280517578,0,-0.1794872283935547,-0.9851399660110474,-1.0793647766113281
11088965400,16440120,16425,16425,2,0,0,0.8684406280517578,0,-0.1208791732788086,-1.2195721864700317,-1.1184368133544922
11090943750,16441121,16426,16426,2,0,0,0.8684406280517578,0,-0.11355304718017578,-1.248876690864563,-1.0989017486572266
11092922100,16443122,16428,16428,2,0,0,0.8680562973022461,0,-0.09890079498291016,-1.3036423921585083,-1.0695972442626953
11094827400,16448120,16433,16433,2,0,0,0.8669061660766602,0,-0.1794872283935547,-0.9697953462600708,-0.9621486663818359
11096732700,16449128,16434,16434,2,0,0,0.8665227890014648,0,-0.2527475357055664,-0.6729203462600708,-0.9035415649414062
11098638000,16451127,16436,16436,2,0,0,0.8661394119262695,0,-0.27472496032714844,-0.5811768770217896,-0.9035415649414062
11100543300,16452127,16437,16437,2,0,0,0.8657560348510742,0,-0.23076915740966797,-0.7531663179397583,-0.9914531707763672
11102448600,16454120,16439,16439,2,0,0,0.8657560348510742,0,-0.20879077911376953,-0.841079831123352,-1.0500602722167969
11104353900,16456122,16441,16441,2,0,0,0.8657560348510742,0,-0.14285755157470703,-1.104812741279602,-1.1086692810058594
11106259200,16459123,16444,16444,2,0,0,0.8657560348510742,0,-0.08424949645996094,-1.3392449617385864,-1.1086692810058594
11108164500,16461121,16446,16446,2,0,0,0.8653726577758789,0,-0.06959724426269531,-1.3940201997756958,-1.0989017486572266
11110069800,16463131,16448,16448,2,0,0,0.8653726577758789,0,-0.08424949645996094,-1.3354111909866333,-1.089132308959961
11111975100,16464137,16449,16449,2,0,0,0.8649883270263672,0,-0.11355304718017578,-1.2143536806106567,-1.0695972442626953
11113880400,16466120,16451,16451,2,0,0,0.8642215728759766,0,-0.1794872283935547,-0.9429494142532349,-1.0109882354736328
11115785700,16467122,16452,16452,2,0,0,0.8638381958007812,0,-0.20879077911376953,-0.8219014406204224,-0.9133090972900391
11117691000,16469121,16454,16454,2,0,0,0.8634548187255859,0,-0.27472496032714844,-0.5543309450149536,-0.8840045928955078
11119596300,16470120,16455,16455,2,0,0,0.8630714416503906,0,-0.28205108642578125,-0.5211926698684692,-0.9426136016845703
11121501600,16472122,16457,16457,2,0,0,0.8626880645751953,0,-0.20146560668945312,-0.8397008180618286,-1.0598297119140625
11123406900,16474120,16459,16459,2,0,0,0.8626880645751953,0,-0.15750885009765625,-1.0155278444290161,-1.089132308959961
11125240735,16482120,16467,16467,2,0,0,0.861536979675293,0,-0.1941394805908203,-0.8574944734573364,-0.9035415649414062
11127074566,16483121,16468,16468,2,0,0,0.8611536026000977,0,-0.2454214096069336,-0.6485329866409302,-0.8937721252441406
11128908397,16485131,16470,16470,2,0,0,0.8607702255249023,0,-0.23809528350830078,-0.6740037202835083,-0.9328441619873047
11130742228,16486120,16471,16471,2,0,0,0.8607702255249023,0,-0.17216110229492188,-0.9377404451370239,-1.040292739868164
11132576059,16488122,16473,16473,2,0,0,0.8607702255249023,0,-0.13553142547607422,-1.0842591524124146,-1.0793647766113281
11134409890,16490120,16475,16475,2,0,0,0.8607702255249023,0,-0.09157466888427734,-1.260086178779602,-1.0989017486572266
11136243721,16492137,16477,16477,2,0,0,0.8607702255249023,0,-0.0622711181640625,-1.3773003816604614,-1.0793647766113281
11138077552,16493126,16478,16478,2,0,0,0.860386848449707,0,-0.06959724426269531,-1.344162106513977,-1.0598297119140625
11139911383,16495129,16480,16480,2,0,0,0.860386848449707,0,-0.08424949645996094,-1.2855530977249146,-1.0598297119140625
11141745214,16496123,16481,16481,2,0,0,0.8600034713745117,0,-0.09890079498291016,-1.2231141328811646,-1.0500602722167969
11143579045,16498120,16483,16483,2,0,0,0.8600034713745117,0,-0.1208791732788086,-1.1352006196975708,-1.040292739868164
11145412876,16499121,16484,16484,2,0,0,0.8596200942993164,0,-0.14285755157470703,-1.043453335762024,-1.001220703125
11147246707,16500130,16485,16485,2,0,0,0.8588523864746094,0,-0.23076915740966797,-0.6841298341751099,-0.9816856384277344
11149080538,16502120,16487,16487,2,0,0,0.8584690093994141,0,-0.2454214096069336,-0.6216870546340942,-0.9914531707763672
11150914369,16503121,16488,16488,2,0,0,0.8580856323242188,0,-0.2527475357055664,-0.5885487794876099,-1.0109882354736328
11152748200,16504120,16489,16489,2,0,0,0.8580856323242188,0,-0.23809528350830078,-0.6471577882766724,-1.0598297119140625
11154541600,16509123,16494,16494,2,0,0,0.8580856323242188,0,-0.07692337036132812,-1.291845440864563,-1.1575088500976562
11156335000,16510124,16495,16495,2,0,0,0.8580856323242188,0,-0.05494499206542969,-1.3797589540481567,-1.1184368133544922
11158128400,16512121,16497,16497,2,0,0,0.8580856323242188,0,-0.07692337036132812,-1.291845440864563,-1.0598297119140625
11159921800,16513123,16498,16498,2,0,0,0.8577022552490234,0,-0.06959724426269531,-1.3173161745071411,-1.040292739868164
11161715200,16514122,16499,16499,2,0,0,0.8577022552490234,0,-0.09157466888427734,-1.229406476020813,-1.040292739868164
11163508600,16516121,16501,16501,2,0,0,0.8573188781738281,0,-0.09890079498291016,-1.1962682008743286,-1.040292739868164
11165302000,16517122,16502,16503,2,0,0,0.8573188781738281,0,-0.15018272399902344,-0.9911404848098755,-1.0598297119140625
11167095400,16519129,16504,16504,2,0,0,0.8569355010986328,0,-0.14285755157470703,-1.016607403755188,-1.0793647766113281
11168888800,16521125,16506,16506,2,0,0,0.8565521240234375,0,-0.17216110229492188,-0.8955594301223755,-1.089132308959961
11170682200,16523121,16508,16508,2,0,0,0.8561687469482422,0,-0.1868133544921875,-0.8331166505813599,-1.0989017486572266
11172475600,16525130,16510,16510,2,0,0,0.8557844161987305,0,-0.1794872283935547,-0.8585778474807739,-1.0989017486572266
11174269000,16527121,16512,16512,2,0,0,0.8557844161987305,0,-0.13553142547607422,-1.0344010591506958,-1.1086692810058594
11176062400,16529121,16514,16514,2,0,0,0.8557844161987305,0,-0.09157466888427734,-1.2102280855178833,-1.1086692810058594
11177855800,16530122,16515,16515,2,0,0,0.8557844161987305,0,-0.08424949645996094,-1.239528775215149,-1.0989017486572266
11179649200,16532121,16517,16517,2,0,0,0.8554010391235352,0,-0.09890079498291016,-1.177089810371399,-1.089132308959961
11181442600,16533128,16518,16518,2,0,0,0.8554010391235352,0,-0.09890079498291016,-1.177089810371399,-1.089132308959961
11182695380,16536120,16521,16521,2,0,0,0.8550176620483398,0,-0.08424949645996094,-1.2318612337112427,-1.0989017486572266
11183948148,16537121,16522,16522,2,0,0,0.8550176620483398,0,-0.07692337036132812,-1.261165738105774,-1.1184368133544922
11185200916,16538123,16523,16523,2,0,0,0.8550176620483398,0,-0.08424949645996094,-1.2318612337112427,-1.1379737854003906
11186453684,16539124,16524,16524,2,0,0,0.8550176620483398,0,-0.08424949645996094,-1.2318612337112427,-1.1477413177490234
11187706452,16540121,16525,16525,2,0,0,0.8550176620483398,0,-0.08424949645996094,-1.2318612337112427,-1.167276382446289
11188959220,16541121,16526,16526,2,0,0,0.8546342849731445,0,-0.08424949645996094,-1.2280274629592896,-1.1770458221435547
11190211988,16542123,16527,16527,2,0,0,0.8546342849731445,0,-0.07692337036132812,-1.2573319673538208,-1.1868133544921875
11191464756,16543122,16528,16528,2,0,0,0.8546342849731445,0,-0.09890079498291016,-1.1694222688674927,-1.1868133544921875
11192717524,16545130,16530,16530,2,0,0,0.8542509078979492,0,-0.09890079498291016,-1.1655884981155396,-1.1770458221435547
11193970292,16546122,16531,16531,2,0,0,0.8538675308227539,0,-0.10622692108154297,-1.1324502229690552,-1.1770458221435547
11195223060,16547132,16532,16532,2,0,0,0.8538675308227539,0,-0.1282052993774414,-1.0445367097854614,-1.167276382446289
11196475828,16548135,16533,16533,2,0,0,0.8538675308227539,0,-0.15018272399902344,-0.9566270112991333,-1.1575088500976562
11197728596,16549125,16534,16534,2,0,0,0.8534841537475586,0,-0.15018272399902344,-0.9527932405471802,-1.1477413177490234
11198981364,16550129,16535,16535,2,0,0,0.8531007766723633,0,-0.17216110229492188,-0.8610459566116333,-1.1477413177490234
11200234132,16551123,16536,16536,2,0,0,0.8531007766723633,0,-0.16483497619628906,-0.8903504610061646,-1.1575088500976562
11201486900,16553121,16538,16538,2,0,0,0.8531007766723633,0,-0.13553142547607422,-1.007564663887024,-1.167276382446289
11203402100,16556121,16541,16541,2,0,0,0.8527164459228516,0,-0.08424949645996094,-1.2088490724563599,-1.1575088500976562
11205317300,16558120,16543,16543,2,0,0,0.8527164459228516,0,-0.06959724426269531,-1.2674580812454224,-1.1379737854003906
11207232500,16560120,16545,16545,2,0,0,0.8527164459228516,0,-0.07692337036132812,-1.2381535768508911,-1.128204345703125
11209147700,16562135,16547,16547,2,0,0,0.8527164459228516,0,-0.06959724426269531,-1.2674580812454224,-1.128204345703125
11211062900,16563128,16548,16548,2,0,0,0.8523330688476562,0,-0.0622711181640625,-1.2929288148880005,-1.1379737854003906
11212978100,16565129,16550,16550,2,0,0,0.8523330688476562,0,-0.0622711181640625,-1.2929288148880005,-1.167276382446289
11214893300,16566120,16551,16551,2,0,0,0.8523330688476562,0,-0.06959724426269531,-1.2636243104934692,-1.2063484191894531
11216808500,16571122,16556,16556,3,0,0,0.8519496917724609,0,-0.05494499206542969,0,-1.0695972442626953
11218723700,16572122,16557,16558,3,0,0,0.8519496917724609,0,-0.05494499206542969,0,-1.001220703125
11220638900,16574120,16559,16559,3,0,0,0.8519496917724609,0,-0.04029273986816406,0,-0.9328441619873047
11222554100,16575138,16561,16561,3,0,0,0.8519496917724609,0,-0.01831531524658203,0,-0.7960929870605469
11224469300,16577125,16562,16562,3,0,0,0.8519496917724609,0,-0.010989189147949219,0,-0.6886444091796875
11226384500,16579121,16564,16564,3,0,0,0.8523330688476562,0,0.0036630630493164062,0,-0.6398048400878906
11228299700,16580122,16565,16565,3,0,0,0.8523330688476562,0,0.025641441345214844,0,-0.5421237945556641
11230214900,16582120,16567,16567,3,0,0,0.8523330688476562,0,0.025641441345214844,0,-0.5030517578125
11232130100,16583121,16568,16568,3,0,0,0.8527164459228516,0,0.05494499206542969,0,-0.4249076843261719
11235525135,16591124,16576,16576,3,0,0,0.8527164459228516,0,-0.0036630630493164062,0,-0.08302879333496094
11238189889,16593121,16578,16578,3,0,0,0.8523330688476562,0,-0.01831531524658203,0,-0.043956756591796875
11240854643,16594120,16579,16579,3,0,0,0.8523330688476562,0,-0.025641441345214844,0,-0.03418731689453125
11243519397,16612120,16597,16597,3,0,0,0.8523330688476562,0,0.0036630630493164062,0,-0.03418731689453125
11246184151,16623121,16608,16608,3,0,0,0.8523330688476562,0,-0.01831531524658203,0,-0.014652252197265625
11248848905,16624120,16609,16610,3,0,0,0.8523330688476562,0,-0.010989189147949219,0,-0.024419784545898438
11251513659,16626124,16611,16611,3,0,0,0.8523330688476562,0,-0.0036630630493164062,0,-0.024419784545898438
11254178413,16627121,16612,16612,3,0,0,0.8523330688476562,0,-0.0036630630493164062,0,-0.024419784545898438
11256843167,16629121,16614,16614,3,0,0,0.8523330688476562,0,-0.0036630630493164062,0,-0.024419784545898438
11259507921,16630122,16615,16615,3,0,0,0.8523330688476562,0,-0.0036630630493164062,0,-0.014652252197265625
11262172675,16631128,16616,16616,3,0,0,0.8523330688476562,0,-0.0036630630493164062,0,-0.014652252197265625
11264837429,16632136,16617,16617,3,0,0,0.8523330688476562,0,0.0036630630493164062,0,-0.0048847198486328125
11267502183,16634124,16619,16619,3,0,0,0.8523330688476562,0,-0.0036630630493164062,0,-0.0048847198486328125
11270166937,16635129,16620,16620,3,0,0,0.8523330688476562,0,0.0036630630493164062,0,-0.0048847198486328125
11272831691,16637121,16622,16622,3,0,0,0.8523330688476562,0,-0.0036630630493164062,0,-0.014652252197265625
11275496445,16638122,16623,16623,3,0,0,0.8523330688476562,0,0.0036630630493164062,0,-0.014652252197265625
11278161199,16641120,16626,16626,3,0,0,0.8523330688476562,0,0.01831531524658203,0,-0.014652252197265625
11280825953,16643121,16628,16628,3,0,0,0.8523330688476562,0,-0.0036630630493164062,0,-0.0048847198486328125
11283490707,16644120,16629,16629,3,0,0,0.8523330688476562,0,-0.01831531524658203,0,-0.0048847198486328125
11286155461,16645137,16630,16630,3,0,0,0.8523330688476562,0,-0.010989189147949219,0,-0.0048847198486328125
11288820215,16647125,16632,16632,3,0,0,0.8523330688476562,0,0.0036630630493164062,0,-0.0048847198486328125
11291484969,16648121,16633,16633,3,0,0,0.8523330688476562,0,0.0036630630493164062,0,-0.0048847198486328125
11294149723,16649121,16634,16634,3,0,0,0.8523330688476562,0,-0.010989189147949219,0,-0.014652252197265625
11296814477,16651121,16636,16636,3,0,0,0.8523330688476562,0,0.0036630630493164062,0,-0.024419784545898438
11299479231,16652122,16637,16637,3,0,0,0.8523330688476562,0,0.010989189147949219,0,-0.014652252197265625
11302143985,16653121,16638,16638,3,0,0,0.8523330688476562,0,-0.0036630630493164062,0,-0.014652252197265625
11303630125,16657121,16642,16642,3,0,0,0.8523330688476562,0,-0.010989189147949219,0,-0.0048847198486328125
11305116250,16658120,16643,16643,3,0,0,0.8523330688476562,0,-0.010989189147949219,0,-0.0048847198486328125
11306602375,16660135,16645,16645,3,0,0,0.8523330688476562,0,0.010989189147949219,0,-0.0048847198486328125
11308088500,16662121,16647,16647,3,0,0,0.8523330688476562,0,0.010989189147949219,0,-0.0048847198486328125
11309574625,16663124,16648,16648,3,0,0,0.8523330688476562,0,-0.0036630630493164062,0,-0.0048847198486328125
11311060750,16664121,16649,16649,3,0,0,0.8523330688476562,0,-0.010989189147949219,0,-0.0048847198486328125
11312546875,16665129,16651,16651,3,0,0,0.8523330688476562,0,0.0036630630493164062,0,-0.0048847198486328125
11314033000,16667123,16652,16652,3,0,0,0.8523330688476562,0,0.0036630630493164062,0,-0.014652252197265625
11315519125,16668120,16653,16653,3,0,0,0.8523330688476562,0,0.0036630630493164062,0,-0.0048847198486328125
11317005250,16669121,16654,16654,3,0,0,0.8523330688476562,0,-0.010989189147949219,0,-0.024419784545898438
11318491375,16670120,16656,16656,3,0,0,0.8523330688476562,0,-0.010989189147949219,0,-0.024419784545898438
11319977500,16672121,16657,16657,3,0,0,0.8523330688476562,0,-0.0036630630493164062,0,-0.024419784545898438
11321463625,16673128,16658,16658,3,0,0,0.8523330688476562,0,-0.0036630630493164062,0,-0.024419784545898438
11322949750,16674135,16659,16659,3,0,0,0.8523330688476562,0,-0.0036630630493164062,0,-0.014652252197265625
11324435875,16676120,16661,16661,3,0,0,0.8523330688476562,0,-0.010989189147949219,0,-0.014652252197265625
11325922000,16677121,16662,16662,3,0,0,0.8523330688476562,0,-0.0036630630493164062,0,-0.014652252197265625
11327590450,16681120,16666,16666,3,0,0,0.8523330688476562,0,0.0036630630493164062,0,-0.0048847198486328125
11329258900,16682120,16667,16667,3,0,0,0.8523330688476562,0,-0.01831531524658203,0,-0.014652252197265625
11330927350,16684124,16669,16669,3,0,0,0.8523330688476562,0,-0.0036630630493164062,0,-0.014652252197265625
11332595800,16685130,16670,16670,3,0,0,0.8523330688476562,0,-0.0036630630493164062,0,-0.014652252197265625
11334264250,16687129,16672,16672,3,0,0,0.8523330688476562,0,0.0036630630493164062,0,-0.014652252197265625
11335932700,16688137,16673,16673,3,0,0,0.8523330688476562,0,-0.0036630630493164062,0,-0.014652252197265625
11337601150,16691121,16676,16677,3,0,0,0.8523330688476562,0,-0.010989189147949219,0,-0.014652252197265625
11339269600,16693121,16678,16678,3,0,0,0.8523330688476562,0,-0.01831531524658203,0,-0.0048847198486328125
11340938050,16695129,16680,16680,3,0,0,0.8523330688476562,0,0.0036630630493164062,0,-0.0048847198486328125
11342606500,16696123,16681,16681,3,0,0,0.8523330688476562,0,0.0036630630493164062,0,-0.0048847198486328125
11344274950,16697121,16682,16682,3,0,0,0.8523330688476562,0,-0.010989189147949219,0,-0.0048847198486328125
11345943400,16698121,16683,16683,3,0,0,0.8523330688476562,0,-0.0036630630493164062,0,-0.014652252197265625
11347611850,16700133,16685,16685,3,0,0,0.8523330688476562,0,-0.010989189147949219,0,-0.014652252197265625
11349280300,16701131,16686,16686,3,0,0,0.8523330688476562,0,-0.010989189147949219,0,-0.014652252197265625
11350948750,16702135,16687,16687,3,0,0,0.8523330688476562,0,-0.0036630630493164062,0,-0.024419784545898438
11352617200,16704123,16689,16689,3,0,0,0.8523330688476562,0,-0.0036630630493164062,0,-0.014652252197265625
11354359805,16710120,16695,16695,3,0,0,0.8523330688476562,0,0.0036630630493164062,0,-0.0048847198486328125
11356102398,16712122,16697,16697,3,0,0,0.8523330688476562,0,0.0036630630493164062,0,0.0048847198486328125
11357844991,16714121,16699,16699,3,0,0,0.8523330688476562,0,0.0036630630493164062,0,0.0048847198486328125
11359587584,16715137,16700,16700,3,0,0,0.8523330688476562,0,-0.0036630630493164062,0,0.0048847198486328125
11361330177,16716135,16701,16701,3,0,0,0.8523330688476562,0,-0.0036630630493164062,0,-0.0048847198486328125
11363072770,16718120,16703,16703,3,0,0,0.8523330688476562,0,-0.0036630630493164062,0,0.0048847198486328125
11364815363,16719121,16704,16704,3,0,0,0.8523330688476562,0,0.0036630630493164062,0,-0.0048847198486328125
11366557956,16720120,16705,16705,3,0,0,0.8523330688476562,0,0.0036630630493164062,0,-0.0048847198486328125
11368300549,16722120,16707,16707,3,0,0,0.8523330688476562,0,-0.0036630630493164062,0,-0.0048847198486328125
11370043142,16723121,16708,16708,3,0,0,0.8523330688476562,0,-0.0036630630493164062,0,-0.0048847198486328125
11371785735,16724120,16709,16709,3,0,0,0.8523330688476562,0,0.010989189147949219,0,-0.0048847198486328125
11373528328,16725131,16710,16710,3,0,0,0.8523330688476562,0,0.0036630630493164062,0,-0.0048847198486328125
11375270921,16727122,16712,16712,3,0,0,0.8523330688476562,0,-0.010989189147949219,0,-0.0048847198486328125
11377013514,16728120,16713,16713,3,0,0,0.8523330688476562,0,-0.0036630630493164062,0,-0.0048847198486328125
11378756107,16730135,16715,16715,3,0,0,0.8523330688476562,0,-0.010989189147949219,0,-0.0048847198486328125
11380498700,16731125,16716,16716,3,0,0,0.8523330688476562,0,-0.010989189147949219,0,-0.0048847198486328125
11382353125,16737124,16722,16722,3,0,0,0.8523330688476562,0,0.0036630630493164062,0,-0.0048847198486328125
11384207550,16738120,16723,16724,3,0,0,0.8523330688476562,0,0.0036630630493164062,0,-0.014652252197265625
11386061975,16740120,16725,16725,3,0,0,0.8523330688476562,0,-0.0036630630493164062,0,-0.014652252197265625
11387916400,16741122,16726,16726,3,0,0,0.8523330688476562,0,-0.0036630630493164062,0,-0.014652252197265625
11389770825,16742124,16727,16727,3,0,0,0.8523330688476562,0,0.0036630630493164062,0,-0.014652252197265625
11391625250,16744135,16729,16729,3,0,0,0.8523330688476562,0,-0.0036630630493164062,0,-0.014652252197265625
11393479675,16746122,16731,16731,3,0,0,0.8523330688476562,0,-0.0036630630493164062,0,-0.0048847198486328125
11395334100,16748121,16733,16733,3,0,0,0.8523330688476562,0,-0.0036630630493164062,0,-0.0048847198486328125
11397188525,16749121,16734,16735,3,0,0,0.8523330688476562,0,-0.010989189147949219,0,-0.0048847198486328125
11399042950,16751122,16736,16736,3,0,0,0.8523330688476562,0,-0.010989189147949219,0,-0.0048847198486328125
11400897375,16753121,16738,16738,3,0,0,0.8523330688476562,0,0.0036630630493164062,0,-0.0048847198486328125
11402751800,16754122,16739,16739,3,0,0,0.8523330688476562,0,-0.010989189147949219,0,-0.0048847198486328125
11404606225,16756121,16741,16741,3,0,0,0.8523330688476562,0,-0.0036630630493164062,0,-0.014652252197265625
11406460650,16757129,16742,16742,3,0,0,0.8523330688476562,0,-0.010989189147949219,0,-0.014652252197265625
11408315075,16759125,16744,16744,3,0,0,0.8523330688476562,0,-0.0036630630493164062,0,-0.0048847198486328125
11410169500,16761121,16746,16746,3,0,0,0.8523330688476562,0,-0.0036630630493164062,0,-0.014652252197265625
11412121485,16765129,16750,16750,3,0,0,0.8523330688476562,0,-0.0036630630493164062,0,-0.024419784545898438
11414073466,16767121,16752,16752,3,0,0,0.8523330688476562,0,-0.0036630630493164062,0,-0.024419784545898438
11416025447,16769121,16754,16754,3,0,0,0.8523330688476562,0,-0.010989189147949219,0,-0.024419784545898438
11417977428,16771132,16756,16756,3,0,0,0.8523330688476562,0,-0.010989189147949219,0,-0.024419784545898438
11419929409,16772135,16757,16757,3,0,0,0.8523330688476562,0,0.0036630630493164062,0,-0.014652252197265625
11421881390,16774120,16759,16759,3,0,0,0.8523330688476562,0,0.0036630630493164062,0,-0.014652252197265625
11423833371,16776120,16761,16761,3,0,0,0.8523330688476562,0,0.0036630630493164062,0,-0.014652252197265625
11425785352,16778120,16763,16763,3,0,0,0.8523330688476562,0,-0.0036630630493164062,0,-0.014652252197265625
11427737333,16779125,16764,16764,3,0,0,0.8523330688476562,0,-0.010989189147949219,0,-0.014652252197265625
11429689314,16781120,16766,16766,3,0,0,0.8523330688476562,0,-0.010989189147949219,0,-0.0048847198486328125
11431641295,16782120,16767,16767,3,0,0,0.8523330688476562,0,-0.010989189147949219,0,-0.0048847198486328125
11433593276,16784120,16769,16769,3,0,0,0.8523330688476562,0,0.0036630630493164062,0,-0.0048847198486328125
11435545257,16786135,16771,16771,3,0,0,0.8523330688476562,0,-0.0036630630493164062,0,-0.0048847198486328125
11437497238,16787129,16772,16773,3,0,0,0.8523330688476562,0,-0.0036630630493164062,0,-0.0048847198486328125
11439449219,16790120,16775,16775,3,0,0,0.8523330688476562,0,-0.010989189147949219,0,-0.0048847198486328125
11441401200,16792120,16777,16777,3,0,0,0.8523330688476562,0,-0.010989189147949219,0,-0.0048847198486328125
11443298345,16796121,16781,16781,3,0,0,0.8523330688476562,0,0.0036630630493164062,0,-0.014652252197265625
11445195482,16798120,16783,16783,3,0,0,0.8523330688476562,0,-0.0036630630493164062,0,-0.014652252197265625
11447092619,16799131,16784,16784,3,0,0,0.8523330688476562,0,-0.0036630630493164062,0,-0.014652252197265625
11448989756,16801127,16786,16786,3,0,0,0.8523330688476562,0,-0.010989189147949219,0,-0.014652252197265625
11450886893,16803121,16788,16788,3,0,0,0.8523330688476562,0,-0.010989189147949219,0,-0.024419784545898438
11452784030,16804122,16789,16790,3,0,0,0.8523330688476562,0,-0.010989189147949219,0,-0.014652252197265625
11454681167,16806120,16791,16791,3,0,0,0.8523330688476562,0,-0.0036630630493164062,0,-0.014652252197265625
11456578304,16809121,16794,16794,3,0,0,0.8523330688476562,0,0.0036630630493164062,0,-0.0048847198486328125
11458475441,16811121,16796,16796,3,0,0,0.8523330688476562,0,0.0036630630493164062,0,-0.0048847198486328125
11460372578,16813128,16798,16798,3,0,0,0.8523330688476562,0,-0.010989189147949219,0,-0.0048847198486328125
11462269715,16815133,16800,16800,3,0,0,0.8523330688476562,0,0.0036630630493164062,0,-0.0048847198486328125
11464166852,16816124,16801,16801,3,0,0,0.8523330688476562,0,-0.0036630630493164062,0,-0.014652252197265625
11466063989,16818120,16803,16803,3,0,0,0.8523330688476562,0,-0.0036630630493164062,0,-0.014652252197265625
11467961126,16819122,16804,16804,3,0,0,0.8523330688476562,0,-0.0036630630493164062,0,-0.014652252197265625
11469858263,16821121,16806,16806,3,0,0,0.8523330688476562,0,0.0036630630493164062,0,-0.014652252197265625
11471755400,16823121,16808,16808,3,0,0,0.8523330688476562,0,-0.01831531524658203,0,-0.014652252197265625
11473535195,16831120,16816,16816,3,0,0,0.8523330688476562,0,-0.0036630630493164062,0,-0.0048847198486328125
11475314982,16832122,16817,16817,3,0,0,0.8523330688476562,0,-0.010989189147949219,0,-0.0048847198486328125
11477094769,16833123,16818,16818,3,0,0,0.8523330688476562,0,-0.01831531524658203,0,-0.0048847198486328125
11478874556,16834120,16819,16819,3,0,0,0.8523330688476562,0,0.0036630630493164062,0,-0.0048847198486328125
11480654343,16835129,16820,16820,3,0,0,0.8523330688476562,0,-0.0036630630493164062,0,-0.0048847198486328125
11482434130,16837124,16822,16822,3,0,0,0.8523330688476562,0,0.0036630630493164062,0,-0.014652252197265625
11484213917,16838121,16823,16823,3,0,0,0.8523330688476562,0,0.0036630630493164062,0,-0.014652252197265625
11485993704,16839121,16824,16824,3,0,0,0.8523330688476562,0,0.0036630630493164062,0,-0.014652252197265625
11487773491,16840120,16825,16825,3,0,0,0.8523330688476562,0,-0.0036630630493164062,0,-0.014652252197265625
11489553278,16841130,16826,16826,3,0,0,0.8523330688476562,0,-0.0036630630493164062,0,-0.014652252197265625
11491333065,16843125,16828,16828,3,0,0,0.8523330688476562,0,-0.010989189147949219,0,-0.014652252197265625
11493112852,16845132,16830,16830,3,0,0,0.8523330688476562,0,-0.01831531524658203,0,-0.014652252197265625
11494892639,16847121,16832,16832,3,0,0,0.8523330688476562,0,0.0036630630493164062,0,-0.014652252197265625
11496672426,16848120,16833,16833,3,0,0,0.8523330688476562,0,0.0036630630493164062,0,-0.0048847198486328125
11498452213,16850128,16835,16835,3,0,0,0.8523330688476562,0,-0.010989189147949219,0,-0.014652252197265625
11500232000,16851122,16836,16836,3,0,0,0.8523330688476562,0,-0.010989189147949219,0,-0.014652252197265625
11502102300,16855137,16840,16840,3,0,0,0.8523330688476562,0,-0.0036630630493164062,0,-0.0048847198486328125
11503972600,16856135,16841,16841,3,0,0,0.8523330688476562,0,-0.0036630630493164062,0,-0.0048847198486328125
11505842900,16857127,16842,16842,3,0,0,0.8523330688476562,0,-0.0036630630493164062,0,-0.0048847198486328125
11507713200,16859121,16844,16844,3,0,0,0.8523330688476562,0,0.0036630630493164062,0,-0.014652252197265625
11509583500,16861121,16846,16846,3,0,0,0.8523330688476562,0,0.0036630630493164062,0,-0.014652252197265625
11511453800,16862122,16847,16847,3,0,0,0.8523330688476562,0,0.0036630630493164062,0,-0.0048847198486328125
11513324100,16864122,16849,16849,3,0,0,0.8523330688476562,0,0.0036630630493164062,0,-0.0048847198486328125
11515194400,16866124,16851,16851,3,0,0,0.8523330688476562,0,0.0036630630493164062,0,-0.0048847198486328125
11517064700,16867122,16852,16852,3,0,0,0.8523330688476562,0,-0.0036630630493164062,0,-0.0048847198486328125
11518935000,16869129,16854,16854,3,0,0,0.8523330688476562,0,-0.0036630630493164062,0,-0.0048847198486328125
11520805300,16871125,16856,16856,3,0,0,0.8523330688476562,0,0.0036630630493164062,0,-0.014652252197265625
11522675600,16873121,16858,16858,3,0,0,0.8523330688476562,0,-0.010989189147949219,0,-0.014652252197265625
11524545900,16875129,16860,16860,3,0,0,0.8523330688476562,0,-0.0036630630493164062,0,-0.014652252197265625
11526416200,16878122,16863,16863,3,0,0,0.8523330688476562,0,0.0036630630493164062,0,-0.014652252197265625
11528286500,16879121,16864,16864,3,0,0,0.8523330688476562,0,-0.0036630630493164062,0,-0.024419784545898438
11530156800,16881120,16866,16866,3,0,0,0.8523330688476562,0,0.0036630630493164062,0,-0.014652252197265625
11532341650,16885133,16870,16870,3,0,0,0.8523330688476562,0,-0.0036630630493164062,0,-0.014652252197265625
11534526500,16887125,16872,16872,3,0,0,0.8523330688476562,0,-0.0036630630493164062,0,-0.0048847198486328125
11536711350,16888121,16873,16873,3,0,0,0.8523330688476562,0,-0.010989189147949219,0,-0.0048847198486328125
11538896200,16889121,16874,16874,3,0,0,0.8523330688476562,0,-0.010989189147949219,0,-0.0048847198486328125
11541081050,16890120,16875,16875,3,0,0,0.8523330688476562,0,0.010989189147949219,0,-0.0048847198486328125
11543265900,16891123,16876,16876,3,0,0,0.8523330688476562,0,0.0036630630493164062,0,-0.0048847198486328125
11545450750,16892120,16877,16877,3,0,0,0.8523330688476562,0,-0.0036630630493164062,0,-0.014652252197265625
11547635600,16899127,16884,16884,3,0,0,0.8523330688476562,0,-0.010989189147949219,0,-0.014652252197265625
11549820450,16901123,16886,16886,3,0,0,0.8523330688476562,0,0.0036630630493164062,0,-0.014652252197265625
11552005300,16902120,16887,16887,3,0,0,0.8523330688476562,0,0.0036630630493164062,0,-0.014652252197265625
11554190150,16905129,16890,16890,3,0,0,0.8523330688476562,0,-0.0036630630493164062,0,-0.014652252197265625
11556375000,16907122,16892,16892,3,0,0,0.8523330688476562,0,-0.0036630630493164062,0,-0.014652252197265625
11558559850,16910120,16895,16895,3,0,0,0.8523330688476562,0,-0.0036630630493164062,0,-0.014652252197265625
11560744700,16913125,16898,16898,3,0,0,0.8523330688476562,0,-0.010989189147949219,0,-0.0048847198486328125
11562929550,16914120,16899,16899,3,0,0,0.8523330688476562,0,0.0036630630493164062,0,-0.014652252197265625
11565114400,16916124,16901,16901,3,0,0,0.8523330688476562,0,-0.010989189147949219,0,-0.014652252197265625
11567029550,16921121,16906,16906,3,0,0,0.8523330688476562,0,-0.010989189147949219,0,-0.014652252197265625
11568944700,16923121,16908,16908,3,0,0,0.8523330688476562,0,-0.010989189147949219,0,-0.014652252197265625
11570859850,16924124,16909,16909,3,0,0,0.8523330688476562,0,0.010989189147949219,0,-0.014652252197265625
11572775000,16926135,16911,16911,3,0,0,0.8523330688476562,0,0.0036630630493164062,0,-0.014652252197265625
11574690150,16928123,16913,16913,3,0,0,0.8523330688476562,0,-0.0036630630493164062,0,-0.014652252197265625
11576605300,16929121,16914,16914,3,0,0,0.8523330688476562,0,-0.010989189147949219,0,-0.0048847198486328125
11578520450,16931121,16916,16916,3,0,0,0.8523330688476562,0,-0.010989189147949219,0,-0.0048847198486328125
11580435600,16932125,16917,16917,3,0,0,0.8523330688476562,0,0.0036630630493164062,0,-0.0048847198486328125
11582350750,16934120,16919,16919,3,0,0,0.8523330688476562,0,0.0036630630493164062,0,-0.014652252197265625
11584265900,16936122,16921,16921,3,0,0,0.8523330688476562,0,-0.010989189147949219,0,-0.014652252197265625
11586181050,16937121,16922,16922,3,0,0,0.8523330688476562,0,-0.010989189147949219,0,-0.0048847198486328125
11588096200,16939129,16924,16924,3,0,0,0.8523330688476562,0,0.0036630630493164062,0,-0.024419784545898438
11590011350,16940139,16925,16925,3,0,0,0.8523330688476562,0,-0.0036630630493164062,0,-0.024419784545898438
11591926500,16942120,16927,16927,3,0,0,0.8523330688476562,0,0.0036630630493164062,0,-0.014652252197265625
11594158920,16950128,16935,16936,3,0,0,0.8523330688476562,0,-0.0036630630493164062,0,-0.014652252197265625
11596391332,16952123,16937,16938,3,0,0,0.8523330688476562,0,0.0036630630493164062,0,-0.014652252197265625
11598623744,16954135,16939,16939,3,0,0,0.8523330688476562,0,-0.0036630630493164062,0,-0.014652252197265625
11600856156,16956121,16941,16941,3,0,0,0.8523330688476562,0,-0.0036630630493164062,0,-0.014652252197265625
11603088568,16958120,16943,16943,3,0,0,0.8523330688476562,0,-0.010989189147949219,0,-0.014652252197265625
11605320980,16959121,16944,16944,3,0,0,0.8523330688476562,0,-0.010989189147949219,0,-0.014652252197265625
11607553392,16961124,16946,16946,3,0,0,0.8523330688476562,0,-0.010989189147949219,0,-0.014652252197265625
11609785804,16962120,16947,16947,3,0,0,0.8523330688476562,0,-0.0036630630493164062,0,-0.014652252197265625
11612018216,16963120,16948,16949,3,0,0,0.8523330688476562,0,0.0036630630493164062,0,-0.014652252197265625
11614250628,16965131,16950,16950,3,0,0,0.8523330688476562,0,-0.010989189147949219,0,-0.014652252197265625
11616483040,16970121,16955,16955,3,0,0,0.8523330688476562,0,-0.0036630630493164062,0,-0.014652252197265625
11618715452,16972120,16957,16957,3,0,0,0.8523330688476562,0,-0.0036630630493164062,0,-0.0048847198486328125
11620947864,16974124,16959,16959,3,0,0,0.8523330688476562,0,0.0036630630493164062,0,-0.014652252197265625
11623180276,16975129,16960,16960,3,0,0,0.8523330688476562,0,-0.0036630630493164062,0,-0.014652252197265625
11625412688,16977121,16962,16962,3,0,0,0.8523330688476562,0,-0.010989189147949219,0,-0.014652252197265625
11627645100,16979121,16964,16964,3,0,0,0.8523330688476562,0,0.0036630630493164062,0,-0.0048847198486328125
11629709678,16983125,16968,16968,3,0,0,0.8523330688476562,0,0.0036630630493164062,0,-0.014652252197265625
11631774251,16984120,16969,16969,3,0,0,0.8523330688476562,0,0.0036630630493164062,0,-0.014652252197265625
11633838824,16985129,16970,16970,3,0,0,0.8523330688476562,0,0.010989189147949219,0,-0.024419784545898438
11635903397,16987121,16972,16972,3,0,0,0.8523330688476562,0,-0.0036630630493164062,0,-0.014652252197265625
11637967970,16988121,16973,16973,3,0,0,0.8523330688476562,0,-0.0036630630493164062,0,-0.014652252197265625
11640032543,16989121,16975,16975,3,0,0,0.8523330688476562,0,-0.0036630630493164062,0,-0.014652252197265625
11642097116,16991121,16976,16976,3,0,0,0.8523330688476562,0,-0.0036630630493164062,0,-0.014652252197265625
11644161689,16993121,16978,16978,3,0,0,0.8523330688476562,0,-0.0036630630493164062,0,-0.024419784545898438
11646226262,16995137,16980,16980,3,0,0,0.8523330688476562,0,-0.010989189147949219,0,-0.024419784545898438
11648290835,17000129,16985,16985,3,0,0,0.8523330688476562,0,-0.0036630630493164062,0,-0.014652252197265625
11650355408,17002123,16987,16987,3,0,0,0.8523330688476562,0,-0.0036630630493164062,0,-0.014652252197265625
11652419981,17005129,16990,16990,3,0,0,0.8523330688476562,0,-0.010989189147949219,0,-0.0048847198486328125
11654484554,17007123,16992,16992,3,0,0,0.8523330688476562,0,-0.01831531524658203,0,-0.0048847198486328125
11656549127,17008120,16993,16993,3,0,0,0.8523330688476562,0,0.0036630630493164062,0,0.0048847198486328125
11658613700,17009129,16995,16995,3,0,0,0.8523330688476562,0,0.0036630630493164062,0,0.0048847198486328125
11660413396,17016120,17001,17001,3,0,0,0.8523330688476562,0,0.010989189147949219,0,-0.0048847198486328125
11662213082,17017121,17002,17002,3,0,0,0.8523330688476562,0,-0.0036630630493164062,0,-0.0048847198486328125
11664012768,17019125,17004,17004,3,0,0,0.8523330688476562,0,-0.0036630630493164062,0,-0.0048847198486328125
11665812454,17020121,17005,17005,3,0,0,0.8523330688476562,0,-0.010989189147949219,0,-0.014652252197265625
11667612140,17021121,17006,17006,3,0,0,0.8523330688476562,0,-0.0036630630493164062,0,-0.014652252197265625
11669411826,17023130,17008,17008,3,0,0,0.8523330688476562,0,-0.0036630630493164062,0,-0.014652252197265625
11671211512,17024135,17009,17009,3,0,0,0.8523330688476562,0,-0.0036630630493164062,0,-0.014652252197265625
11673011198,17025133,17010,17010,3,0,0,0.8523330688476562,0,-0.0036630630493164062,0,-0.0048847198486328125
11674810884,17029121,17014,17014,3,0,0,0.8523330688476562,0,-0.0036630630493164062,0,-0.014652252197265625
11676610570,17031123,17016,17016,3,0,0,0.8523330688476562,0,-0.0036630630493164062,0,-0.014652252197265625
11678410256,17032124,17017,17017,3,0,0,0.8523330688476562,0,-0.0036630630493164062,0,-0.014652252197265625
11680209942,17033121,17018,17018,3,0,0,0.8523330688476562,0,0.0036630630493164062,0,-0.014652252197265625
11682009628,17034120,17019,17019,3,0,0,0.8523330688476562,0,-0.0036630630493164062,0,-0.014652252197265625
11683809314,17036122,17021,17021,3,0,0,0.8523330688476562,0,-0.0036630630493164062,0,-0.014652252197265625
11685609000,17037128,17022,17022,3,0,0,0.8523330688476562,0,-0.0036630630493164062,0,-0.014652252197265625
11687339575,17040124,17025,17025,3,0,0,0.8523330688476562,0,-0.010989189147949219,0,-0.014652252197265625
11689070150,17042120,17027,17027,3,0,0,0.8523330688476562,0,0.0036630630493164062,0,-0.014652252197265625
11690800725,17046121,17031,17031,3,0,0,0.8523330688476562,0,-0.010989189147949219,0,-0.0048847198486328125
11692531300,17047121,17032,17032,3,0,0,0.8523330688476562,0,-0.010989189147949219,0,-0.0048847198486328125
11694261875,17048124,17033,17033,3,0,0,0.8523330688476562,0,-0.0036630630493164062,0,-0.0048847198486328125
11695992450,17049121,17035,17035,3,0,0,0.8523330688476562,0,-0.010989189147949219,0,-0.0048847198486328125
11697723025,17051129,17036,17036,3,0,0,0.8523330688476562,0,0.0036630630493164062,0,-0.0048847198486328125
11699453600,17052139,17037,17037,3,0,0,0.8523330688476562,0,0.0036630630493164062,0,-0.0048847198486328125
11701184175,17053124,17038,17038,3,0,0,0.8523330688476562,0,-0.0036630630493164062,0,-0.0048847198486328125
11702914750,17054120,17039,17039,3,0,0,0.8523330688476562,0,0.0036630630493164062,0,-0.0048847198486328125
11704645325,17055129,17041,17041,3,0,0,0.8523330688476562,0,0.0036630630493164062,0,-0.014652252197265625
11706375900,17057121,17042,17042,3,0,0,0.8523330688476562,0,0.010989189147949219,0,-0.014652252197265625
11708106475,17058120,17043,17043,3,0,0,0.8523330688476562,0,0.0036630630493164062,0,-0.014652252197265625
11709837050,17062120,17047,17047,3,0,0,0.8523330688476562,0,-0.0036630630493164062,0,-0.014652252197265625
11711567625,17064121,17049,17049,3,0,0,0.8523330688476562,0,-0.0036630630493164062,0,-0.014652252197265625
11713298200,17065138,17050,17050,3,0,0,0.8523330688476562,0,-0.0036630630493164062,0,-0.014652252197265625
11715779645,17070120,17055,17055,3,0,0,0.8523330688476562,0,0.0036630630493164062,0,-0.014652252197265625
11718261082,17071121,17056,17056,3,0,0,0.8523330688476562,0,-0.0036630630493164062,0,-0.014652252197265625
11720742519,17073122,17058,17058,3,0,0,0.8523330688476562,0,-0.0036630630493164062,0,-0.0048847198486328125
11723223956,17082120,17067,17067,3,0,0,0.8523330688476562,0,-0.0036630630493164062,0,-0.0048847198486328125
11725705393,17083121,17068,17068,3,0,0,0.8523330688476562,0,-0.0036630630493164062,0,-0.014652252197265625
11728186830,17084120,17069,17069,3,0,0,0.8523330688476562,0,-0.010989189147949219,0,-0.014652252197265625
11730668267,17086120,17071,17071,3,0,0,0.8523330688476562,0,-0.0036630630493164062,0,-0.014652252197265625
11733149704,17088121,17073,17073,3,0,0,0.8523330688476562,0,-0.0036630630493164062,0,-0.014652252197265625
11735631141,17090124,17075,17075,3,0,0,0.8523330688476562,0,-0.0036630630493164062,0,-0.0048847198486328125
11738112578,17091121,17076,17076,3,0,0,0.8523330688476562,0,-0.0036630630493164062,0,-0.0048847198486328125
11740594015,17092120,17077,17077,3,0,0,0.8523330688476562,0,-0.010989189147949219,0,-0.014652252197265625
11743075452,17096121,17081,17081,3,0,0,0.8523330688476562,0,-0.0036630630493164062,0,-0.014652252197265625
11745556889,17098124,17083,17083,3,0,0,0.8523330688476562,0,0.010989189147949219,0,-0.014652252197265625
11748038326,17101123,17086,17086,3,0,0,0.8523330688476562,0,-0.010989189147949219,0,-0.0048847198486328125
11750519763,17102122,17087,17087,3,0,0,0.8523330688476562,0,-0.0036630630493164062,0,-0.0048847198486328125
11753001200,17104120,17089,17089,3,0,0,0.8523330688476562,0,-0.01831531524658203,0,-0.0048847198486328125
11754435672,17107129,17092,17092,3,0,0,0.8523330688476562,0,-0.0036630630493164062,0,-0.014652252197265625
11755870141,17108136,17093,17093,3,0,0,0.8523330688476562,0,-0.0036630630493164062,0,-0.0048847198486328125
11757304610,17110123,17095,17095,3,0,0,0.8523330688476562,0,-0.010989189147949219,0,-0.014652252197265625
11758739079,17111120,17096,17096,3,0,0,0.8523330688476562,0,-0.010989189147949219,0,-0.024419784545898438
11760173548,17113121,17098,17098,3,0,0,0.8523330688476562,0,-0.0036630630493164062,0,-0.024419784545898438
11761608017,17114124,17099,17099,3,0,0,0.8523330688476562,0,0.010989189147949219,0,-0.014652252197265625
11763042486,17116120,17101,17101,3,0,0,0.8523330688476562,0,0.0036630630493164062,0,-0.014652252197265625
11764476955,17117121,17102,17102,3,0,0,0.8523330688476562,0,0.0036630630493164062,0,-0.014652252197265625
11765911424,17118122,17103,17103,3,0,0,0.8523330688476562,0,-0.0036630630493164062,0,-0.014652252197265625
11767345893,17119125,17104,17104,3,0,0,0.8523330688476562,0,-0.0036630630493164062,0,-0.014652252197265625
11768780362,17121128,17106,17106,3,0,0,0.8523330688476562,0,-0.010989189147949219,0,-0.014652252197265625
11770214831,17122135,17107,17107,3,0,0,0.8523330688476562,0,-0.010989189147949219,0,-0.014652252197265625
11771649300,17123127,17108,17108,3,0,0,0.8523330688476562,0,-0.0036630630493164062,0,-0.014652252197265625
11773400255,17126120,17111,17111,3,0,0,0.8523330688476562,0,-0.0036630630493164062,0,-0.0048847198486328125
11775151198,17128120,17113,17113,3,0,0,0.8523330688476562,0,-0.010989189147949219,0,-0.0048847198486328125
11776902141,17129121,17114,17114,3,0,0,0.8523330688476562,0,-0.0036630630493164062,0,-0.0048847198486328125
11778653084,17130121,17115,17115,3,0,0,0.8523330688476562,0,0.0036630630493164062,0,-0.0048847198486328125
11780404027,17133121,17118,17118,3,0,0,0.8523330688476562,0,-0.0036630630493164062,0,-0.0048847198486328125
11782154970,17135140,17120,17120,3,0,0,0.8523330688476562,0,-0.0036630630493164062,0,-0.0048847198486328125
11783905913,17141121,17126,17126,3,0,0,0.8523330688476562,0,-0.010989189147949219,0,-0.0048847198486328125
11785656856,17142120,17127,17127,3,0,0,0.8523330688476562,0,-0.0036630630493164062,0,-0.0048847198486328125
11787407799,17144120,17129,17129,3,0,0,0.8523330688476562,0,-0.0036630630493164062,0,-0.0048847198486328125
11789158742,17145129,17130,17130,3,0,0,0.8523330688476562,0,-0.0036630630493164062,0,-0.0048847198486328125
11790909685,17146120,17131,17131,3,0,0,0.8523330688476562,0,0.0036630630493164062,0,-0.0048847198486328125
11792660628,17147122,17132,17132,3,0,0,0.8523330688476562,0,-0.010989189147949219,0,-0.0048847198486328125
11794411571,17148124,17133,17133,3,0,0,0.8523330688476562,0,-0.010989189147949219,0,-0.0048847198486328125
11796162514,17149129,17134,17134,3,0,0,0.8523330688476562,0,-0.0036630630493164062,0,-0.014652252197265625
11797913457,17150143,17135,17135,3,0,0,0.8523330688476562,0,-0.0036630630493164062,0,-0.014652252197265625
11799664400,17151125,17136,17136,3,0,0,0.8523330688476562,0,-0.0036630630493164062,0,-0.0048847198486328125
11801002670,17153121,17138,17138,3,0,0,0.8523330688476562,0,0.0036630630493164062,0,-0.0048847198486328125
11802340932,17154121,17139,17139,3,0,0,0.8523330688476562,0,0.0036630630493164062,0,-0.0048847198486328125
11803679194,17156124,17141,17141,3,0,0,0.8523330688476562,0,0.0036630630493164062,0,-0.0048847198486328125
11805017456,17157121,17142,17142,3,0,0,0.8523330688476562,0,-0.0036630630493164062,0,-0.0048847198486328125
11806355718,17158120,17143,17143,3,0,0,0.8523330688476562,0,-0.01831531524658203,0,-0.0048847198486328125
11807693980,17159121,17144,17144,3,0,0,0.8523330688476562,0,-0.010989189147949219,0,-0.0048847198486328125
11809032242,17161120,17146,17146,3,0,0,0.8523330688476562,0,-0.010989189147949219,0,-0.0048847198486328125
11810370504,17162120,17147,17147,3,0,0,0.8523330688476562,0,-0.0036630630493164062,0,-0.014652252197265625
11811708766,17163128,17148,17148,3,0,0,0.8523330688476562,0,-0.0036630630493164062,0,-0.014652252197265625
11813047028,17164140,17149,17149,3,0,0,0.8523330688476562,0,-0.010989189147949219,0,-0.014652252197265625
11814385290,17166120,17151,17151,3,0,0,0.8523330688476562,0,-0.010989189147949219,0,-0.014652252197265625
11815723552,17168122,17153,17153,3,0,0,0.8523330688476562,0,-0.0036630630493164062,0,-0.0048847198486328125
11817061814,17169120,17154,17154,3,0,0,0.8523330688476562,0,-0.0036630630493164062,0,-0.0048847198486328125
11818400076,17170120,17155,17155,3,0,0,0.8523330688476562,0,-0.0036630630493164062,0,-0.0048847198486328125
11819738338,17171121,17156,17156,3,0,0,0.8523330688476562,0,-0.0036630630493164062,0,-0.0048847198486328125
11821076600,17172125,17158,17158,3,0,0,0.8523330688476562,0,-0.0036630630493164062,0,-0.0048847198486328125
11822599820,17180120,17165,17165,3,0,0,0.8523330688476562,0,-0.01831531524658203,0,-0.014652252197265625
11824123032,17181123,17166,17166,3,0,0,0.8523330688476562,0,-0.010989189147949219,0,-0.014652252197265625
11825646244,17183120,17168,17168,3,0,0,0.8523330688476562,0,-0.0036630630493164062,0,-0.014652252197265625
11827169456,17184120,17169,17169,3,0,0,0.8523330688476562,0,-0.0036630630493164062,0,-0.0048847198486328125
11828692668,17185133,17170,17170,3,0,0,0.8523330688476562,0,-0.0036630630493164062,0,-0.0048847198486328125
11830215880,17186120,17171,17171,3,0,0,0.8523330688476562,0,-0.010989189147949219,0,-0.0048847198486328125
11831739092,17187120,17172,17172,3,0,0,0.8523330688476562,0,-0.0036630630493164062,0,-0.0048847198486328125
11833262304,17188121,17173,17173,3,0,0,0.8523330688476562,0,-0.0036630630493164062,0,-0.0048847198486328125
11834785516,17189123,17174,17174,3,0,0,0.8523330688476562,0,-0.0036630630493164062,0,-0.014652252197265625
11836308728,17190120,17175,17175,3,0,0,0.8523330688476562,0,-0.010989189147949219,0,-0.014652252197265625
11837831940,17191129,17176,17176,3,0,0,0.8523330688476562,0,-0.010989189147949219,0,-0.014652252197265625
11839355152,17192135,17177,17177,3,0,0,0.8523330688476562,0,0.0036630630493164062,0,-0.014652252197265625
11840878364,17193128,17178,17178,3,0,0,0.8523330688476562,0,0.010989189147949219,0,-0.014652252197265625
11842401576,17194120,17179,17179,3,0,0,0.8523330688476562,0,-0.0036630630493164062,0,-0.014652252197265625
11843924788,17196121,17181,17181,3,0,0,0.8523330688476562,0,-0.0036630630493164062,0,-0.014652252197265625
11845448000,17197123,17182,17182,3,0,0,0.8523330688476562,0,-0.010989189147949219,0,-0.014652252197265625
11846549400,17199121,17184,17184,3,0,0,0.8523330688476562,0,-0.0036630630493164062,0,-0.014652252197265625
11847650800,17200129,17185,17185,3,0,0,0.8523330688476562,0,-0.0036630630493164062,0,-0.014652252197265625
11848752200,17201127,17186,17186,3,0,0,0.8523330688476562,0,-0.010989189147949219,0,-0.014652252197265625
11849853600,17202120,17187,17187,3,0,0,0.8523330688476562,0,-0.010989189147949219,0,-0.014652252197265625
11850955000,17203121,17188,17188,3,0,0,0.8523330688476562,0,-0.0036630630493164062,0,-0.014652252197265625
11852056400,17204121,17189,17189,3,0,0,0.8523330688476562,0,-0.0036630630493164062,0,-0.014652252197265625
11853157800,17205138,17190,17190,3,0,0,0.8523330688476562,0,-0.0036630630493164062,0,-0.014652252197265625
11854259200,17206138,17191,17191,3,0,0,0.8523330688476562,0,-0.0036630630493164062,0,-0.014652252197265625
11855360600,17207125,17192,17192,3,0,0,0.8523330688476562,0,-0.010989189147949219,0,-0.014652252197265625
11856462000,17208121,17193,17193,3,0,0,0.8523330688476562,0,-0.0036630630493164062,0,-0.014652252197265625
11857563400,17209121,17194,17194,3,0,0,0.8523330688476562,0,0.0036630630493164062,0,-0.014652252197265625
11858664800,17211121,17196,17196,3,0,0,0.8523330688476562,0,-0.010989189147949219,0,-0.014652252197265625
11859766200,17212120,17197,17197,3,0,0,0.8523330688476562,0,-0.0036630630493164062,0,-0.014652252197265625
11860867600,17213121,17198,17198,3,0,0,0.8523330688476562,0,-0.0036630630493164062,0,-0.014652252197265625
11861969000,17214124,17199,17199,3,0,0,0.8523330688476562,0,-0.0036630630493164062,0,-0.014652252197265625
11863070400,17215129,17200,17200,3,0,0,0.8523330688476562,0,-0.0036630630493164062,0,-0.014652252197265625
11864305080,17217121,17202,17202,3,0,0,0.8523330688476562,0,-0.010989189147949219,0,-0.014652252197265625
11865539748,17218122,17203,17203,3,0,0,0.8523330688476562,0,-0.010989189147949219,0,-0.014652252197265625
11866774416,17219128,17204,17204,3,0,0,0.8523330688476562,0,-0.0036630630493164062,0,-0.014652252197265625
11868009084,17220135,17205,17205,3,0,0,0.8523330688476562,0,-0.010989189147949219,0,-0.0048847198486328125
11869243752,17221125,17206,17206,3,0,0,0.8523330688476562,0,-0.0036630630493164062,0,-0.0048847198486328125
11870478420,17222124,17207,17207,3,0,0,0.8523330688476562,0,0.0036630630493164062,0,-0.0048847198486328125
11871713088,17223121,17208,17208,3,0,0,0.8523330688476562,0,0.0036630630493164062,0,-0.0048847198486328125
11872947756,17224120,17209,17209,3,0,0,0.8523330688476562,0,0.0036630630493164062,0,-0.0048847198486328125
11874182424,17225129,17210,17210,3,0,0,0.8523330688476562,0,-0.010989189147949219,0,-0.0048847198486328125
11875417092,17228120,17213,17213,3,0,0,0.8523330688476562,0,-0.0036630630493164062,0,-0.0048847198486328125
11876651760,17229121,17214,17214,3,0,0,0.8523330688476562,0,-0.0036630630493164062,0,0.0048847198486328125
11877886428,17230124,17215,17215,3,0,0,0.8523330688476562,0,-0.0036630630493164062,0,-0.0048847198486328125
11879121096,17231121,17216,17216,3,0,0,0.8523330688476562,0,-0.0036630630493164062,0,-0.0048847198486328125
11880355764,17232120,17217,17217,3,0,0,0.8523330688476562,0,-0.0036630630493164062,0,-0.0048847198486328125
11881590432,17233129,17218,17218,3,0,0,0.8523330688476562,0,-0.0036630630493164062,0,-0.0048847198486328125
11882825100,17234137,17219,17219,3,0,0,0.8523330688476562,0,0.0036630630493164062,0,-0.014652252197265625
11886152555,17237121,17222,17222,3,0,0,0.8523330688476562,0,-0.0036630630493164062,0,-0.014652252197265625
11889479998,17239123,17224,17224,3,0,0,0.8523330688476562,0,-0.0036630630493164062,0,-0.014652252197265625
11892807441,17240120,17225,17225,3,0,0,0.8523330688476562,0,-0.0036630630493164062,0,-0.014652252197265625
11896134884,17258120,17243,17243,3,0,0,0.8523330688476562,0,-0.0036630630493164062,0,-0.0048847198486328125
11899462327,17261128,17246,17246,3,0,0,0.8523330688476562,0,-0.0036630630493164062,0,-0.0048847198486328125
11902789770,17262135,17247,17247,3,0,0,0.8523330688476562,0,-0.0036630630493164062,0,-0.0048847198486328125
11906117213,17271120,17256,17256,3,0,0,0.8523330688476562,0,-0.0036630630493164062,0,-0.014652252197265625
11909444656,17273121,17258,17258,3,0,0,0.8523330688476562,0,0.0036630630493164062,0,-0.0048847198486328125
11912772099,17275137,17260,17260,3,0,0,0.8523330688476562,0,-0.010989189147949219,0,-0.014652252197265625
11916099542,17277125,17262,17262,3,0,0,0.8523330688476562,0,0.010989189147949219,0,-0.014652252197265625
11919426985,17278120,17263,17263,3,0,0,0.8523330688476562,0,-0.0036630630493164062,0,-0.014652252197265625
11922754428,17280124,17265,17265,3,0,0,0.8523330688476562,0,0.0036630630493164062,0,-0.014652252197265625
11926081871,17281121,17266,17266,3,0,0,0.8523330688476562,0,-0.010989189147949219,0,-0.024419784545898438
11929409314,17283121,17268,17268,3,0,0,0.8523330688476562,0,-0.0036630630493164062,0,-0.024419784545898438
11932736757,17285129,17270,17270,3,0,0,0.8523330688476562,0,-0.010989189147949219,0,-0.024419784545898438
11936064200,17287121,17272,17272,3,0,0,0.8523330688476562,0,0.0036630630493164062,0,-0.024419784545898438
11938115524,17296122,17281,17281,3,0,0,0.8523330688476562,0,-0.0036630630493164062,0,-0.014652252197265625
11940166846,17297123,17282,17282,3,0,0,0.8523330688476562,0,-0.0036630630493164062,0,-0.014652252197265625
11942218168,17298120,17283,17283,3,0,0,0.8523330688476562,0,-0.010989189147949219,0,-0.0048847198486328125
11944269490,17300130,17285,17285,3,0,0,0.8523330688476562,0,-0.0036630630493164062,0,-0.0048847198486328125
11946320812,17301127,17286,17286,3,0,0,0.8523330688476562,0,0.0036630630493164062,0,-0.0048847198486328125
11948372134,17302120,17287,17287,3,0,0,0.8523330688476562,0,-0.010989189147949219,0,-0.014652252197265625
11950423456,17304135,17289,17289,3,0,0,0.8523330688476562,0,-0.0036630630493164062,0,-0.014652252197265625
11952474778,17305135,17290,17290,3,0,0,0.8523330688476562,0,-0.0036630630493164062,0,-0.014652252197265625
11954526100,17306120,17291,17291,3,0,0,0.8523330688476562,0,0.0036630630493164062,0,-0.014652252197265625
11956217975,17309124,17294,17294,3,0,0,0.8523330688476562,0,-0.0036630630493164062,0,-0.014652252197265625
11957909850,17310120,17295,17295,3,0,0,0.8523330688476562,0,-0.0036630630493164062,0,-0.014652252197265625
11959601725,17312120,17297,17297,3,0,0,0.8523330688476562,0,-0.0036630630493164062,0,-0.014652252197265625
11961293600,17313122,17298,17298,3,0,0,0.8523330688476562,0,-0.0036630630493164062,0,-0.014652252197265625
11962985475,17315130,17300,17300,3,0,0,0.8523330688476562,0,-0.0036630630493164062,0,-0.014652252197265625
11964677350,17317132,17302,17302,3,0,0,0.8523330688476562,0,-0.010989189147949219,0,-0.014652252197265625
11966369225,17318136,17303,17303,3,0,0,0.8523330688476562,0,-0.010989189147949219,0,-0.014652252197265625
11968061100,17320121,17305,17305,3,0,0,0.8523330688476562,0,0.0036630630493164062,0,-0.024419784545898438
11969752975,17321123,17306,17306,3,0,0,0.8523330688476562,0,-0.010989189147949219,0,-0.014652252197265625
11971444850,17323121,17308,17308,3,0,0,0.8523330688476562,0,0.0036630630493164062,0,-0.014652252197265625
11973136725,17324120,17309,17309,3,0,0,0.8523330688476562,0,0.0036630630493164062,0,-0.014652252197265625
11974828600,17326122,17311,17311,3,0,0,0.8523330688476562,0,-0.0036630630493164062,0,-0.014652252197265625
11976520475,17327121,17312,17312,3,0,0,0.8523330688476562,0,-0.0036630630493164062,0,-0.014652252197265625
11978212350,17329121,17314,17314,3,0,0,0.8523330688476562,0,0.0036630630493164062,0,-0.014652252197265625
11979904225,17331129,17316,17316,3,0,0,0.8523330688476562,0,-0.0036630630493164062,0,-0.0048847198486328125
11981596100,17333125,17318,17318,3,0,0,0.8523330688476562,0,-0.010989189147949219,0,-0.014652252197265625
11983476780,17336120,17321,17321,3,0,0,0.8523330688476562,0,0.0036630630493164062,0,-0.014652252197265625
11985357448,17338124,17323,17323,3,0,0,0.8523330688476562,0,-0.0036630630493164062,0,-0.014652252197265625
11987238116,17339121,17324,17324,3,0,0,0.8523330688476562,0,-0.0036630630493164062,0,-0.0048847198486328125
11989118784,17341121,17326,17326,3,0,0,0.8523330688476562,0,-0.010989189147949219,0,-0.014652252197265625
11990999452,17343121,17328,17328,3,0,0,0.8523330688476562,0,-0.0036630630493164062,0,-0.014652252197265625
11992880120,17344121,17329,17329,3,0,0,0.8523330688476562,0,-0.010989189147949219,0,-0.014652252197265625
11994760788,17346138,17331,17331,3,0,0,0.8523330688476562,0,0.0036630630493164062,0,-0.014652252197265625
11996641456,17348120,17333,17333,3,0,0,0.8523330688476562,0,-0.0036630630493164062,0,-0.014652252197265625
11998522124,17350130,17335,17335,3,0,0,0.8523330688476562,0,-0.010989189147949219,0,-0.0048847198486328125
12000402792,17352123,17337,17337,3,0,0,0.8523330688476562,0,0.0036630630493164062,0,-0.0048847198486328125
12002283460,17354120,17339,17339,3,0,0,0.8523330688476562,0,-0.0036630630493164062,0,-0.0048847198486328125
12004164128,17355131,17340,17340,3,0,0,0.8523330688476562,0,-0.0036630630493164062,0,-0.014652252197265625
12006044796,17357121,17342,17342,3,0,0,0.8523330688476562,0,-0.0036630630493164062,0,-0.014652252197265625
12007925464,17359133,17344,17344,3,0,0,0.8523330688476562,0,-0.0036630630493164062,0,-0.0048847198486328125
12009806132,17361124,17346,17346,3,0,0,0.8523330688476562,0,-0.010989189147949219,0,-0.0048847198486328125
12011686800,17362120,17347,17347,3,0,0,0.8523330688476562,0,-0.010989189147949219,0,-0.0048847198486328125
12013626100,17367124,17352,17352,3,0,0,0.8523330688476562,0,-0.0036630630493164062,0,-0.014652252197265625
12015565400,17368120,17353,17353,3,0,0,0.8523330688476562,0,-0.010989189147949219,0,-0.0048847198486328125
12017504700,17369121,17355,17355,3,0,0,0.8523330688476562,0,-0.0036630630493164062,0,-0.014652252197265625
12019444000,17371122,17356,17356,3,0,0,0.8523330688476562,0,-0.0036630630493164062,0,-0.014652252197265625
12021383300,17373129,17358,17358,3,0,0,0.8523330688476562,0,-0.0036630630493164062,0,-0.014652252197265625
12023322600,17375137,17360,17360,3,0,0,0.8523330688476562,0,-0.0036630630493164062,0,-0.014652252197265625
12025261900,17377121,17362,17362,3,0,0,0.8523330688476562,0,-0.0036630630493164062,0,-0.014652252197265625
12027201200,17380124,17365,17365,3,0,0,0.8523330688476562,0,-0.0036630630493164062,0,-0.0048847198486328125
12029140500,17382120,17367,17367,3,0,0,0.8523330688476562,0,-0.0036630630493164062,0,-0.0048847198486328125
12031079800,17384122,17369,17369,3,0,0,0.8523330688476562,0,-0.010989189147949219,0,-0.014652252197265625
12033019100,17385129,17370,17370,3,0,0,0.8523330688476562,0,0.0036630630493164062,0,-0.014652252197265625
12034958400,17386121,17371,17372,3,0,0,0.8523330688476562,0,-0.0036630630493164062,0,-0.014652252197265625
12036897700,17388139,17373,17373,3,0,0,0.8523330688476562,0,-0.010989189147949219,0,-0.014652252197265625
12038837000,17390120,17375,17375,3,0,0,0.8523330688476562,0,-0.010989189147949219,0,-0.014652252197265625
12040776300,17392122,17377,17377,3,0,0,0.8523330688476562,0,-0.0036630630493164062,0,-0.0048847198486328125
12042715600,17394120,17379,17379,3,0,0,0.8523330688476562,0,-0.0036630630493164062,0,-0.0048847198486328125
12044923095,17401131,17386,17386,3,0,0,0.8523330688476562,0,-0.0036630630493164062,0,-0.014652252197265625
12046698746,17402135,17388,17388,3,0,0,0.8523330688476562,0,-0.0036630630493164062,0,-0.014652252197265625
12048474397,17404124,17389,17389,3,0,0,0.8523330688476562,0,-0.010989189147949219,0,-0.014652252197265625
12050250048,17406120,17391,17391,3,0,0,0.8523330688476562,0,-0.0036630630493164062,0,-0.014652252197265625
12052025699,17408122,17393,17393,3,0,0,0.8523330688476562,0,-0.010989189147949219,0,-0.0048847198486328125
12053801350,17410120,17395,17395,3,0,0,0.8523330688476562,0,0.0036630630493164062,0,-0.014652252197265625
12055577001,17412121,17397,17397,3,0,0,0.8523330688476562,0,-0.010989189147949219,0,-0.014652252197265625
12057352652,17413123,17398,17398,3,0,0,0.8523330688476562,0,0.0036630630493164062,0,-0.014652252197265625
12059128303,17415137,17400,17400,3,0,0,0.8523330688476562,0,-0.010989189147949219,0,-0.014652252197265625
12060903954,17417129,17402,17402,3,0,0,0.8523330688476562,0,-0.0036630630493164062,0,-0.024419784545898438
12062679605,17419121,17404,17404,3,0,0,0.8523330688476562,0,-0.010989189147949219,0,-0.0048847198486328125
12064455256,17421123,17406,17406,3,0,0,0.8523330688476562,0,-0.0036630630493164062,0,-0.0048847198486328125
12066230907,17423121,17408,17408,3,0,0,0.8523330688476562,0,-0.010989189147949219,0,-0.014652252197265625
12068006558,17426120,17411,17411,3,0,0,0.8523330688476562,0,-0.0036630630493164062,0,-0.014652252197265625
12069782209,17428121,17413,17413,3,0,0,0.8523330688476562,0,-0.0036630630493164062,0,-0.0048847198486328125
12071557860,17429130,17414,17414,3,0,0,0.8523330688476562,0,-0.010989189147949219,0,-0.014652252197265625
12073333511,17433124,17418,17418,3,0,0,0.8523330688476562,0,-0.010989189147949219,0,-0.014652252197265625
12075109162,17434121,17419,17419,3,0,0,0.8523330688476562,0,0.0036630630493164062,0,-0.014652252197265625
12076884813,17435129,17420,17420,3,0,0,0.8523330688476562,0,-0.010989189147949219,0,-0.014652252197265625
12078660464,17436120,17421,17421,3,0,0,0.8523330688476562,0,0.010989189147949219,0,-0.014652252197265625
12080436115,17438124,17423,17423,3,0,0,0.8523330688476562,0,-0.010989189147949219,0,-0.014652252197265625
12082211766,17439121,17424,17424,3,0,0,0.8523330688476562,0,-0.0036630630493164062,0,-0.014652252197265625
12083987417,17440120,17425,17425,3,0,0,0.8523330688476562,0,0.0036630630493164062,0,-0.0048847198486328125
12085763068,17441121,17426,17426,3,0,0,0.8523330688476562,0,-0.0036630630493164062,0,-0.0048847198486328125
12087538719,17442122,17427,17427,3,0,0,0.8523330688476562,0,-0.0036630630493164062,0,-0.0048847198486328125
12089314370,17444135,17429,17429,3,0,0,0.8523330688476562,0,-0.010989189147949219,0,0.0048847198486328125
12091090021,17445133,17430,17430,3,0,0,0.8523330688476562,0,-0.0036630630493164062,0,-0.0048847198486328125
12092865672,17447121,17432,17432,3,0,0,0.8523330688476562,0,-0.0036630630493164062,0,-0.0048847198486328125
12094641323,17448120,17433,17433,3,0,0,0.8523330688476562,0,-0.010989189147949219,0,-0.0048847198486328125
12096416974,17449121,17434,17434,3,0,0,0.8523330688476562,0,0.010989189147949219,0,-0.0048847198486328125
12098192625,17450130,17435,17435,3,0,0,0.8523330688476562,0,-0.0036630630493164062,0,-0.014652252197265625
12099968276,17451121,17436,17436,3,0,0,0.8523330688476562,0,-0.01831531524658203,0,-0.014652252197265625
12101436195,17455129,17440,17440,3,0,0,0.8523330688476562,0,-0.0036630630493164062,0,-0.014652252197265625
12102904082,17456120,17441,17441,3,0,0,0.8523330688476562,0,-0.0036630630493164062,0,-0.014652252197265625
12104371969,17458137,17443,17443,3,0,0,0.8523330688476562,0,-0.010989189147949219,0,-0.024419784545898438
12105839856,17459125,17444,17444,3,0,0,0.8523330688476562,0,-0.0036630630493164062,0,-0.0048847198486328125
12107307743,17461121,17446,17446,3,0,0,0.8523330688476562,0,-0.0036630630493164062,0,-0.014652252197265625
12108775630,17462124,17447,17447,3,0,0,0.8523330688476562,0,-0.010989189147949219,0,-0.014652252197265625
12110243517,17463121,17448,17448,3,0,0,0.8523330688476562,0,-0.010989189147949219,0,-0.014652252197265625
12111711404,17465129,17450,17450,3,0,0,0.8523330688476562,0,-0.0036630630493164062,0,-0.014652252197265625
12113179291,17466122,17451,17451,3,0,0,0.8523330688476562,0,-0.0036630630493164062,0,-0.0048847198486328125
12114647178,17467125,17452,17452,3,0,0,0.8523330688476562,0,-0.010989189147949219,0,0.0048847198486328125
12116115065,17469121,17454,17454,3,0,0,0.8523330688476562,0,-0.0036630630493164062,0,-0.0048847198486328125
12117582952,17470121,17455,17455,3,0,0,0.8523330688476562,0,-0.0036630630493164062,0,0.0048847198486328125
12119050839,17471131,17456,17456,3,0,0,0.8523330688476562,0,-0.010989189147949219,0,-0.0048847198486328125
12120518726,17472135,17457,17457,3,0,0,0.8523330688476562,0,-0.0036630630493164062,0,-0.0048847198486328125
12121986613,17474120,17459,17459,3,0,0,0.8523330688476562,0,-0.010989189147949219,0,-0.0048847198486328125
12123454500,17475133,17460,17460,3,0,0,0.8523330688476562,0,-0.0036630630493164062,0,-0.0048847198486328125
12125084420,17478121,17463,17463,3,0,0,0.8523330688476562,0,-0.0036630630493164062,0,-0.0048847198486328125
12126714332,17480120,17465,17465,3,0,0,0.8523330688476562,0,-0.010989189147949219,0,-0.0048847198486328125
12128344244,17481121,17466,17466,3,0,0,0.8523330688476562,0,-0.010989189147949219,0,-0.0048847198486328125
12129974156,17482120,17467,17467,3,0,0,0.8523330688476562,0,-0.0036630630493164062,0,-0.014652252197265625
12131604068,17484121,17469,17469,3,0,0,0.8523330688476562,0,-0.010989189147949219,0,-0.014652252197265625
12133233980,17485137,17470,17470,3,0,0,0.8523330688476562,0,-0.0036630630493164062,0,-0.014652252197265625
12134863892,17487126,17472,17472,3,0,0,0.8523330688476562,0,-0.0036630630493164062,0,-0.0048847198486328125
12136493804,17488120,17473,17473,3,0,0,0.8523330688476562,0,-0.0036630630493164062,0,-0.014652252197265625
12138123716,17490120,17475,17475,3,0,0,0.8523330688476562,0,-0.0036630630493164062,0,-0.014652252197265625
12139753628,17491124,17476,17476,3,0,0,0.8523330688476562,0,-0.0036630630493164062,0,-0.014652252197265625
12141383540,17493121,17478,17478,3,0,0,0.8523330688476562,0,0.0036630630493164062,0,-0.014652252197265625
12143013452,17495131,17480,17480,3,0,0,0.8523330688476562,0,-0.010989189147949219,0,-0.014652252197265625
12144643364,17496125,17481,17481,3,0,0,0.8523330688476562,0,-0.0036630630493164062,0,-0.0048847198486328125
12146273276,17498120,17483,17483,3,0,0,0.8523330688476562,0,-0.0036630630493164062,0,-0.0048847198486328125
12147903188,17499129,17484,17484,3,0,0,0.8523330688476562,0,-0.0036630630493164062,0,-0.014652252197265625
12149533100,17501127,17486,17486,3,0,0,0.8523330688476562,0,-0.0036630630493164062,0,-0.014652252197265625
12151589285,17508122,17493,17493,3,0,0,0.8523330688476562,0,-0.0036630630493164062,0,-0.0048847198486328125
12153645466,17509120,17494,17494,3,0,0,0.8523330688476562,0,0.010989189147949219,0,-0.0048847198486328125
12155701647,17510120,17495,17495,3,0,0,0.8523330688476562,0,-0.0036630630493164062,0,-0.0048847198486328125
12157757828,17511121,17496,17496,3,0,0,0.8523330688476562,0,-0.0036630630493164062,0,-0.014652252197265625
12159814009,17513129,17498,17498,3,0,0,0.8523330688476562,0,-0.0036630630493164062,0,-0.014652252197265625
12161870190,17515133,17500,17500,3,0,0,0.8523330688476562,0,-0.0036630630493164062,0,-0.014652252197265625
12163926371,17517121,17502,17502,3,0,0,0.8523330688476562,0,-0.0036630630493164062,0,-0.0048847198486328125
12165982552,17518121,17503,17503,3,0,0,0.8523330688476562,0,-0.0036630630493164062,0,-0.014652252197265625
12168038733,17520124,17505,17505,3,0,0,0.8523330688476562,0,0.0036630630493164062,0,-0.0048847198486328125
12170094914,17522120,17507,17507,3,0,0,0.8523330688476562,0,-0.0036630630493164062,0,-0.0048847198486328125
12172151095,17523121,17508,17508,3,0,0,0.8523330688476562,0,-0.0036630630493164062,0,-0.0048847198486328125
12174207276,17525133,17510,17510,3,0,0,0.8523330688476562,0,-0.0036630630493164062,0,-0.0048847198486328125
12176263457,17527129,17512,17512,3,0,0,0.8523330688476562,0,-0.0036630630493164062,0,-0.0048847198486328125
12178319638,17529127,17514,17514,3,0,0,0.8523330688476562,0,-0.010989189147949219,0,-0.0048847198486328125
12180375819,17531121,17516,17516,3,0,0,0.8523330688476562,0,0.0036630630493164062,0,-0.014652252197265625
12182432000,17533124,17518,17518,3,0,0,0.8523330688476562,0,0.0036630630493164062,0,-0.014652252197265625
12184189045,17537122,17522,17522,3,0,0,0.8523330688476562,0,0.0036630630493164062,0,-0.0048847198486328125
12185946082,17539121,17524,17524,3,0,0,0.8523330688476562,0,-0.0036630630493164062,0,-0.0048847198486328125
12187703119,17540120,17525,17525,3,0,0,0.8523330688476562,0,-0.0036630630493164062,0,-0.014652252197265625
12189460156,17541132,17526,17526,3,0,0,0.8523330688476562,0,-0.0036630630493164062,0,-0.014652252197265625
12191217193,17543124,17528,17528,3,0,0,0.8523330688476562,0,-0.0036630630493164062,0,-0.0048847198486328125
12192974230,17544121,17529,17529,3,0,0,0.8523330688476562,0,-0.010989189147949219,0,0.0048847198486328125
12194731267,17546120,17531,17531,3,0,0,0.8523330688476562,0,-0.0036630630493164062,0,-0.0048847198486328125
12196488304,17548121,17533,17533,3,0,0,0.8523330688476562,0,0.0036630630493164062,0,-0.014652252197265625
12198245341,17549125,17534,17534,3,0,0,0.8523330688476562,0,-0.0036630630493164062,0,-0.0048847198486328125
12200002378,17551121,17536,17536,3,0,0,0.8523330688476562,0,-0.0036630630493164062,0,-0.0048847198486328125
12201759415,17552123,17537,17537,3,0,0,0.8523330688476562,0,-0.0036630630493164062,0,-0.014652252197265625
12203516452,17554124,17539,17539,3,0,0,0.8523330688476562,0,-0.0036630630493164062,0,-0.014652252197265625
12205273489,17556135,17541,17541,3,0,0,0.8523330688476562,0,-0.0036630630493164062,0,-0.014652252197265625
12207030526,17557126,17542,17542,3,0,0,0.8523330688476562,0,0.010989189147949219,0,-0.014652252197265625
12208787563,17559121,17544,17544,3,0,0,0.8523330688476562,0,-0.0036630630493164062,0,-0.0048847198486328125
12210544600,17561121,17546,17546,3,0,0,0.8523330688476562,0,0.010989189147949219,0,-0.0048847198486328125
12212641575,17567121,17552,17552,3,0,0,0.8523330688476562,0,-0.010989189147949219,0,-0.0048847198486328125
12214738550,17568121,17553,17553,3,0,0,0.8523330688476562,0,-0.0036630630493164062,0,-0.0048847198486328125
12216835525,17570139,17555,17555,3,0,0,0.8523330688476562,0,-0.0036630630493164062,0,-0.014652252197265625
12218932500,17571124,17556,17556,3,0,0,0.8523330688476562,0,-0.0036630630493164062,0,-0.014652252197265625
12221029475,17573121,17558,17558,3,0,0,0.8523330688476562,0,-0.010989189147949219,0,-0.014652252197265625
12223126450,17574122,17559,17559,3,0,0,0.8523330688476562,0,0.0036630630493164062,0,-0.0048847198486328125
12225223425,17576121,17561,17561,3,0,0,0.8523330688476562,0,-0.0036630630493164062,0,-0.014652252197265625
12227320400,17578124,17563,17563,3,0,0,0.8523330688476562,0,0.0036630630493164062,0,-0.014652252197265625
12229417375,17580120,17565,17565,3,0,0,0.8523330688476562,0,-0.0036630630493164062,0,-0.014652252197265625
12231514350,17582122,17567,17567,3,0,0,0.8523330688476562,0,0.0036630630493164062,0,-0.014652252197265625
12233611325,17583132,17568,17568,3,0,0,0.8523330688476562,0,0.0036630630493164062,0,-0.014652252197265625
12235708300,17585133,17570,17570,3,0,0,0.8523330688476562,0,-0.0036630630493164062,0,-0.014652252197265625
12237805275,17587123,17572,17572,3,0,0,0.8523330688476562,0,-0.010989189147949219,0,-0.014652252197265625
12239902250,17590120,17575,17575,3,0,0,0.8523330688476562,0,-0.0036630630493164062,0,-0.014652252197265625
12241999225,17592120,17577,17577,3,0,0,0.8523330688476562,0,-0.0036630630493164062,0,-0.0048847198486328125
12244096200,17595131,17580,17580,3,0,0,0.8523330688476562,0,-0.0036630630493164062,0,-0.014652252197265625
12246022498,17599129,17584,17584,3,0,0,0.8523330688476562,0,-0.010989189147949219,0,-0.014652252197265625
12247948791,17601123,17586,17586,3,0,0,0.8523330688476562,0,-0.0036630630493164062,0,-0.0048847198486328125
12249875084,17603123,17588,17588,3,0,0,0.8523330688476562,0,0.0036630630493164062,0,-0.0048847198486328125
12251801377,17604120,17589,17589,3,0,0,0.8523330688476562,0,-0.01831531524658203,0,-0.014652252197265625
12253727670,17606120,17591,17591,3,0,0,0.8523330688476562,0,0.0036630630493164062,0,-0.014652252197265625
12255653963,17607125,17592,17592,3,0,0,0.8523330688476562,0,-0.0036630630493164062,0,-0.014652252197265625
12257580256,17609121,17594,17594,3,0,0,0.8523330688476562,0,-0.0036630630493164062,0,-0.014652252197265625
12259506549,17611130,17596,17596,3,0,0,0.8523330688476562,0,-0.0036630630493164062,0,-0.0048847198486328125
12261432842,17612139,17598,17598,3,0,0,0.8523330688476562,0,-0.010989189147949219,0,-0.0048847198486328125
12263359135,17614120,17599,17599,3,0,0,0.8523330688476562,0,0.010989189147949219,0,-0.0048847198486328125
12265285428,17616122,17601,17601,3,0,0,0.8523330688476562,0,-0.0036630630493164062,0,-0.0048847198486328125
12267211721,17617121,17603,17603,3,0,0,0.8523330688476562,0,-0.0036630630493164062,0,-0.0048847198486328125
12269138014,17619121,17604,17604,3,0,0,0.8523330688476562,0,0.0036630630493164062,0,-0.014652252197265625
12271064307,17621121,17606,17606,3,0,0,0.8523330688476562,0,-0.010989189147949219,0,-0.0048847198486328125
12272990600,17623121,17608,17608,3,0,0,0.8523330688476562,0,-0.010989189147949219,0,-0.014652252197265625
12275159810,17631121,17616,17616,3,0,0,0.8523330688476562,0,0.0036630630493164062,0,-0.014652252197265625
12277329016,17632122,17617,17618,3,0,0,0.8523330688476562,0,-0.0036630630493164062,0,-0.0048847198486328125
12279498222,17634120,17619,17619,3,0,0,0.8523330688476562,0,-0.0036630630493164062,0,-0.0048847198486328125
12281667428,17636124,17621,17621,3,0,0,0.8523330688476562,0,-0.0036630630493164062,0,-0.014652252197265625
12283836634,17638120,17623,17623,3,0,0,0.8523330688476562,0,-0.0036630630493164062,0,-0.014652252197265625
12286005840,17640138,17625,17625,3,0,0,0.8523330688476562,0,-0.0036630630493164062,0,-0.014652252197265625
12288175046,17642121,17627,17627,3,0,0,0.8523330688476562,0,-0.0036630630493164062,0,-0.0048847198486328125
12290344252,17644120,17629,17629,3,0,0,0.8523330688476562,0,-0.0036630630493164062,0,-0.0048847198486328125
12292513458,17646120,17631,17631,3,0,0,0.8523330688476562,0,0.0036630630493164062,0,-0.0048847198486328125
12294682664,17648120,17633,17633,3,0,0,0.8523330688476562,0,-0.0036630630493164062,0,-0.0048847198486328125
12296851870,17649125,17634,17634,3,0,0,0.8523330688476562,0,0.0036630630493164062,0,-0.0048847198486328125
12299021076,17651121,17636,17636,3,0,0,0.8523330688476562,0,-0.010989189147949219,0,-0.014652252197265625
12301190282,17653130,17638,17638,3,0,0,0.8523330688476562,0,-0.0036630630493164062,0,-0.0048847198486328125
12303359488,17655133,17640,17640,3,0,0,0.8523330688476562,0,0.0036630630493164062,0,-0.0048847198486328125
12305528694,17656120,17641,17641,3,0,0,0.8523330688476562,0,-0.010989189147949219,0,-0.0048847198486328125
12307697900,17658120,17643,17643,3,0,0,0.8523330688476562,0,0.0036630630493164062,0,-0.014652252197265625
12309471245,17663121,17648,17648,3,0,0,0.8523330688476562,0,-0.01831531524658203,0,-0.014652252197265625
12311244582,17664121,17649,17649,3,0,0,0.8523330688476562,0,-0.010989189147949219,0,-0.014652252197265625
12313017919,17666120,17651,17651,3,0,0,0.8523330688476562,0,0.0036630630493164062,0,-0.014652252197265625
12314791256,17667129,17652,17653,3,0,0,0.8523330688476562,0,0.0036630630493164062,0,-0.0048847198486328125
12316564593,17669127,17654,17654,3,0,0,0.8523330688476562,0,-0.0036630630493164062,0,-0.0048847198486328125
12318337930,17670124,17655,17655,3,0,0,0.8523330688476562,0,-0.010989189147949219,0,-0.014652252197265625
12320111267,17672121,17657,17657,3,0,0,0.8523330688476562,0,0.010989189147949219,0,-0.0048847198486328125
12321884604,17674122,17659,17659,3,0,0,0.8523330688476562,0,-0.0036630630493164062,0,-0.014652252197265625
12323657941,17675129,17660,17660,3,0,0,0.8523330688476562,0,-0.010989189147949219,0,-0.014652252197265625
12325431278,17677121,17662,17662,3,0,0,0.8523330688476562,0,-0.0036630630493164062,0,-0.014652252197265625
12327204615,17679121,17664,17664,3,0,0,0.8523330688476562,0,0.010989189147949219,0,-0.0048847198486328125
12328977952,17680120,17666,17666,3,0,0,0.8523330688476562,0,-0.0036630630493164062,0,-0.0048847198486328125
12330751289,17682137,17667,17667,3,0,0,0.8523330688476562,0,0.0036630630493164062,0,-0.014652252197265625
12332524626,17684121,17669,17670,3,0,0,0.8523330688476562,0,0.0036630630493164062,0,-0.014652252197265625
12334297963,17686124,17671,17671,3,0,0,0.8523330688476562,0,0.0036630630493164062,0,-0.014652252197265625
12336071300,17687121,17672,17672,3,0,0,0.8523330688476562,0,-0.010989189147949219,0,-0.014652252197265625
12337884235,17691120,17676,17676,3,0,0,0.8523330688476562,0,-0.01831531524658203,0,-0.0048847198486328125
12339697166,17692120,17677,17677,3,0,0,0.8523330688476562,0,-0.0036630630493164062,0,-0.014652252197265625
12341510097,17694124,17679,17679,3,0,0,0.8523330688476562,0,-0.0036630630493164062,0,-0.0048847198486328125
12343323028,17696136,17681,17681,3,0,0,0.8523330688476562,0,-0.0036630630493164062,0,-0.0048847198486328125
12345135959,17697125,17682,17682,3,0,0,0.8523330688476562,0,0.0036630630493164062,0,-0.0048847198486328125
12346948890,17698122,17683,17683,3,0,0,0.8523330688476562,0,0.0036630630493164062,0,0.0048847198486328125
12348761821,17700130,17685,17685,3,0,0,0.8523330688476562,0,0.0036630630493164062,0,-0.0048847198486328125
12350574752,17702121,17687,17687,3,0,0,0.8523330688476562,0,-0.0036630630493164062,0,-0.0048847198486328125
12352387683,17703123,17688,17688,3,0,0,0.8523330688476562,0,-0.0036630630493164062,0,-0.0048847198486328125
12354200614,17705129,17690,17690,3,0,0,0.8523330688476562,0,0.0036630630493164062,0,-0.0048847198486328125
12356013545,17707125,17692,17692,3,0,0,0.8523330688476562,0,-0.010989189147949219,0,-0.014652252197265625
12357826476,17708121,17693,17693,3,0,0,0.8523330688476562,0,0.0036630630493164062,0,-0.0048847198486328125
12359639407,17710135,17695,17695,3,0,0,0.8523330688476562,0,0.0036630630493164062,0,-0.014652252197265625
12361452338,17712120,17697,17697,3,0,0,0.8523330688476562,0,-0.0036630630493164062,0,-0.014652252197265625
12363265269,17713121,17698,17698,3,0,0,0.8523330688476562,0,-0.01831531524658203,0,-0.0048847198486328125
12365078200,17716120,17701,17701,3,0,0,0.8523330688476562,0,-0.0036630630493164062,0,-0.0048847198486328125
12367069710,17720120,17705,17705,3,0,0,0.8523330688476562,0,-0.0036630630493164062,0,-0.0048847198486328125
12369061216,17722120,17707,17707,3,0,0,0.8523330688476562,0,-0.0036630630493164062,0,-0.0048847198486328125
12371052722,17724137,17709,17709,3,0,0,0.8523330688476562,0,-0.010989189147949219,0,-0.014652252197265625
12373044228,17726121,17711,17711,3,0,0,0.8523330688476562,0,-0.0036630630493164062,0,-0.0048847198486328125
12375035734,17728124,17713,17713,3,0,0,0.8523330688476562,0,-0.0036630630493164062,0,-0.014652252197265625
12377027240,17729121,17715,17715,3,0,0,0.8523330688476562,0,-0.010989189147949219,0,-0.0048847198486328125
12379018746,17731121,17716,17716,3,0,0,0.8523330688476562,0,-0.0036630630493164062,0,-0.0048847198486328125
12381010252,17733121,17718,17718,3,0,0,0.8523330688476562,0,-0.0036630630493164062,0,-0.0048847198486328125
12383001758,17734121,17719,17719,3,0,0,0.8523330688476562,0,-0.0036630630493164062,0,-0.014652252197265625
12384993264,17736125,17721,17721,3,0,0,0.8523330688476562,0,-0.0036630630493164062,0,-0.014652252197265625
12386984770,17737128,17722,17722,3,0,0,0.8523330688476562,0,-0.010989189147949219,0,-0.014652252197265625
12388976276,17740122,17725,17725,3,0,0,0.8523330688476562,0,0.0036630630493164062,0,-0.0048847198486328125
12390967782,17742120,17727,17727,3,0,0,0.8523330688476562,0,-0.0036630630493164062,0,-0.014652252197265625
12392959288,17744124,17729,17729,3,0,0,0.8523330688476562,0,-0.0036630630493164062,0,-0.0048847198486328125
12394950794,17746120,17731,17731,3,0,0,0.8523330688476562,0,-0.010989189147949219,0,-0.0048847198486328125
12396942300,17748122,17733,17733,3,0,0,0.8523330688476562,0,-0.010989189147949219,0,-0.0048847198486328125
12399039975,17755130,17740,17740,3,0,0,0.8523330688476562,0,-0.0036630630493164062,0,-0.0048847198486328125
12401137650,17757125,17742,17742,3,0,0,0.8523330688476562,0,-0.0036630630493164062,0,-0.0048847198486328125
12403235325,17758120,17743,17743,3,0,0,0.8523330688476562,0,-0.010989189147949219,0,-0.0048847198486328125
12405333000,17759121,17744,17744,3,0,0,0.8523330688476562,0,0.010989189147949219,0,-0.014652252197265625
12407430675,17762120,17747,17747,3,0,0,0.8523330688476562,0,0.0036630630493164062,0,-0.0048847198486328125
12409528350,17763121,17748,17748,3,0,0,0.8523330688476562,0,-0.0036630630493164062,0,0.0048847198486328125
12411626025,17765140,17750,17750,3,0,0,0.8523330688476562,0,-0.0036630630493164062,0,-0.0048847198486328125
12413723700,17767125,17752,17752,3,0,0,0.8523330688476562,0,0.0036630630493164062,0,-0.0048847198486328125
12415821375,17769123,17754,17754,3,0,0,0.8523330688476562,0,-0.01831531524658203,0,-0.0048847198486328125
12417919050,17770120,17756,17756,3,0,0,0.8523330688476562,0,-0.010989189147949219,0,-0.0048847198486328125
12420016725,17772120,17757,17757,3,0,0,0.8523330688476562,0,0.010989189147949219,0,-0.014652252197265625
12422114400,17774120,17759,17759,3,0,0,0.8523330688476562,0,0.0036630630493164062,0,-0.014652252197265625
12424212075,17777123,17762,17762,3,0,0,0.8523330688476562,0,-0.0036630630493164062,0,-0.014652252197265625
12426309750,17779129,17764,17764,3,0,0,0.8523330688476562,0,-0.0036630630493164062,0,-0.014652252197265625
12428407425,17780135,17765,17765,3,0,0,0.8523330688476562,0,-0.0036630630493164062,0,-0.014652252197265625
12430505100,17782120,17767,17767,3,0,0,0.8523330688476562,0,-0.0036630630493164062,0,-0.014652252197265625
12432481585,17785131,17770,17770,3,0,0,0.8523330688476562,0,-0.01831531524658203,0,-0.014652252197265625
12434458066,17788120,17773,17773,3,0,0,0.8523330688476562,0,-0.0036630630493164062,0,-0.014652252197265625
12436434547,17790122,17775,17775,3,0,0,0.8523330688476562,0,-0.0036630630493164062,0,-0.014652252197265625
12438411028,17792120,17777,17777,3,0,0,0.8523330688476562,0,0.0036630630493164062,0,-0.0048847198486328125
12440387509,17793128,17778,17778,3,0,0,0.8523330688476562,0,-0.010989189147949219,0,-0.0048847198486328125
12442363990,17795133,17780,17780,3,0,0,0.8523330688476562,0,0.0036630630493164062,0,-0.014652252197265625
12444340471,17796121,17781,17781,3,0,0,0.8523330688476562,0,-0.0036630630493164062,0,-0.014652252197265625
12446316952,17797121,17782,17783,3,0,0,0.8523330688476562,0,-0.0036630630493164062,0,-0.0048847198486328125
12448293433,17799121,17784,17784,3,0,0,0.8523330688476562,0,-0.0036630630493164062,0,-0.0048847198486328125
12450269914,17801123,17786,17786,3,0,0,0.8523330688476562,0,0.0036630630493164062,0,-0.0048847198486328125
12452246395,17803121,17788,17788,3,0,0,0.8523330688476562,0,-0.01831531524658203,0,-0.014652252197265625
12454222876,17805129,17790,17790,3,0,0,0.8523330688476562,0,-0.0036630630493164062,0,-0.014652252197265625
12456199357,17807132,17792,17792,3,0,0,0.8523330688476562,0,-0.0036630630493164062,0,-0.0048847198486328125
12458175838,17809125,17794,17794,3,0,0,0.8523330688476562,0,-0.010989189147949219,0,-0.014652252197265625
12460152319,17811121,17796,17796,3,0,0,0.8523330688476562,0,0.0036630630493164062,0,-0.0048847198486328125
12462128800,17813121,17798,17798,3,0,0,0.8523330688476562,0,-0.0036630630493164062,0,-0.014652252197265625
12464131410,17818120,17803,17803,3,0,0,0.8523330688476562,0,-0.0036630630493164062,0,-0.014652252197265625
12466134016,17820120,17805,17805,3,0,0,0.8523330688476562,0,-0.0036630630493164062,0,-0.014652252197265625
12468136622,17822135,17807,17807,3,0,0,0.8523330688476562,0,-0.0036630630493164062,0,-0.014652252197265625
12470139228,17824120,17809,17809,3,0,0,0.8523330688476562,0,-0.0036630630493164062,0,-0.014652252197265625
12472141834,17825129,17811,17811,3,0,0,0.8523330688476562,0,-0.010989189147949219,0,-0.024419784545898438
12474144440,17827123,17812,17812,3,0,0,0.8523330688476562,0,0.0036630630493164062,0,-0.014652252197265625
12476147046,17830120,17815,17815,3,0,0,0.8523330688476562,0,-0.0036630630493164062,0,-0.014652252197265625
12478149652,17832122,17817,17817,3,0,0,0.8523330688476562,0,-0.010989189147949219,0,-0.014652252197265625
12480152258,17833120,17818,17818,3,0,0,0.8523330688476562,0,0.010989189147949219,0,-0.0048847198486328125
12482154864,17835139,17820,17820,3,0,0,0.8523330688476562,0,-0.010989189147949219,0,-0.0048847198486328125
12484157470,17838120,17823,17823,3,0,0,0.8523330688476562,0,-0.0036630630493164062,0,-0.0048847198486328125
12486160076,17839125,17824,17824,3,0,0,0.8523330688476562,0,0.0036630630493164062,0,-0.014652252197265625
12488162682,17841121,17826,17826,3,0,0,0.8523330688476562,0,-0.0036630630493164062,0,-0.014652252197265625
12490165288,17842120,17827,17827,3,0,0,0.8523330688476562,0,-0.0036630630493164062,0,-0.014652252197265625
12492167894,17844124,17829,17829,3,0,0,0.8523330688476562,0,0.0036630630493164062,0,-0.0048847198486328125
12494170500,17845129,17830,17830,3,0,0,0.8523330688476562,0,-0.01831531524658203,0,-0.0048847198486328125
12496024918,17849129,17834,17834,3,0,0,0.8523330688476562,0,-0.0036630630493164062,0,-0.014652252197265625
12497879331,17851125,17836,17836,3,0,0,0.8523330688476562,0,-0.0036630630493164062,0,-0.0048847198486328125
12499733744,17853121,17838,17838,3,0,0,0.8523330688476562,0,-0.0036630630493164062,0,-0.0048847198486328125
12501588157,17854120,17839,17839,3,0,0,0.8523330688476562,0,-0.01831531524658203,0,-0.0048847198486328125
12503442570,17856122,17841,17841,3,0,0,0.8523330688476562,0,0.0036630630493164062,0,-0.0048847198486328125
12505296983,17857121,17842,17842,3,0,0,0.8523330688476562,0,0.0036630630493164062,0,-0.014652252197265625
12507151396,17859121,17844,17844,3,0,0,0.8523330688476562,0,-0.010989189147949219,0,-0.014652252197265625
12509005809,17861121,17846,17846,3,0,0,0.8523330688476562,0,-0.0036630630493164062,0,-0.014652252197265625
12510860222,17862120,17847,17847,3,0,0,0.8523330688476562,0,-0.01831531524658203,0,-0.0048847198486328125
12512714635,17864138,17849,17849,3,0,0,0.8523330688476562,0,0.0036630630493164062,0,-0.0048847198486328125
12514569048,17865137,17850,17850,3,0,0,0.8523330688476562,0,0.0036630630493164062,0,-0.0048847198486328125
12516423461,17867121,17852,17852,3,0,0,0.8523330688476562,0,0.0036630630493164062,0,-0.0048847198486328125
12518277874,17869121,17854,17854,3,0,0,0.8523330688476562,0,-0.0036630630493164062,0,-0.0048847198486328125
12520132287,17871121,17856,17856,3,0,0,0.8523330688476562,0,0.0036630630493164062,0,-0.014652252197265625
12521986700,17873124,17858,17858,3,0,0,0.8523330688476562,0,0.0036630630493164062,0,-0.014652252197265625
12524031960,17880120,17865,17865,3,0,0,0.8523330688476562,0,0.010989189147949219,0,0.0048847198486328125
12526077216,17882120,17867,17867,3,0,0,0.8523330688476562,0,0.0036630630493164062,0,-0.0048847198486328125
12528122472,17884120,17869,17869,3,0,0,0.8523330688476562,0,-0.010989189147949219,0,-0.0048847198486328125
12530167728,17885131,17870,17870,3,0,0,0.8523330688476562,0,-0.0036630630493164062,0,-0.0048847198486328125
12532212984,17887121,17872,17872,3,0,0,0.8523330688476562,0,0.0036630630493164062,0,-0.0048847198486328125
12534258240,17889125,17874,17874,3,0,0,0.8523330688476562,0,-0.0036630630493164062,0,-0.0048847198486328125
12536303496,17891128,17876,17876,3,0,0,0.8523330688476562,0,-0.0036630630493164062,0,-0.014652252197265625
12538348752,17893126,17878,17878,3,0,0,0.8523330688476562,0,-0.0036630630493164062,0,-0.014652252197265625
12540394008,17894120,17879,17879,3,0,0,0.8523330688476562,0,-0.010989189147949219,0,-0.014652252197265625
12542439264,17896122,17881,17881,3,0,0,0.8523330688476562,0,-0.010989189147949219,0,-0.014652252197265625
12544484520,17898120,17883,17883,3,0,0,0.8523330688476562,0,-0.0036630630493164062,0,-0.014652252197265625
12546529776,17899121,17884,17884,3,0,0,0.8523330688476562,0,0.0036630630493164062,0,-0.014652252197265625
12548575032,17901124,17886,17886,3,0,0,0.8523330688476562,0,0.0036630630493164062,0,-0.0048847198486328125
12550620288,17902124,17887,17887,3,0,0,0.8523330688476562,0,-0.0036630630493164062,0,-0.0048847198486328125
12552665544,17904120,17889,17889,3,0,0,0.8523330688476562,0,-0.0036630630493164062,0,-0.0048847198486328125
12554710800,17906137,17891,17891,3,0,0,0.8523330688476562,0,0.0036630630493164062,0,-0.0048847198486328125
12556701810,17910124,17895,17895,3,0,0,0.8523330688476562,0,-0.01831531524658203,0,-0.014652252197265625
12558692816,17912120,17897,17897,3,0,0,0.8523330688476562,0,-0.0036630630493164062,0,-0.014652252197265625
12560683822,17915133,17900,17900,3,0,0,0.8523330688476562,0,-0.0036630630493164062,0,-0.014652252197265625
12562674828,17917121,17902,17902,3,0,0,0.8523330688476562,0,-0.0036630630493164062,0,-0.014652252197265625
12564665834,17918124,17903,17903,3,0,0,0.8523330688476562,0,-0.010989189147949219,0,-0.014652252197265625
12566656840,17919131,17904,17905,3,0,0,0.8523330688476562,0,0.0036630630493164062,0,-0.014652252197265625
12568647846,17921125,17906,17906,3,0,0,0.8523330688476562,0,-0.0036630630493164062,0,-0.014652252197265625
12570638852,17923120,17908,17908,3,0,0,0.8523330688476562,0,-0.010989189147949219,0,-0.0048847198486328125
12572629858,17925129,17910,17910,3,0,0,0.8523330688476562,0,-0.0036630630493164062,0,-0.0048847198486328125
12574620864,17927121,17912,17912,3,0,0,0.8523330688476562,0,-0.010989189147949219,0,-0.014652252197265625
12576611870,17929121,17914,17914,3,0,0,0.8523330688476562,0,-0.0036630630493164062,0,-0.024419784545898438
12578602876,17931124,17916,17916,3,0,0,0.8523330688476562,0,-0.0036630630493164062,0,-0.014652252197265625
12580593882,17932121,17918,17918,3,0,0,0.8523330688476562,0,0.0036630630493164062,0,-0.014652252197265625
12582584888,17934135,17919,17919,3,0,0,0.8523330688476562,0,0.0036630630493164062,0,-0.014652252197265625
12584575894,17936120,17921,17921,3,0,0,0.8523330688476562,0,-0.0036630630493164062,0,-0.014652252197265625
12586566900,17938121,17923,17923,3,0,0,0.8523330688476562,0,0.0036630630493164062,0,-0.014652252197265625
12587993480,17941120,17926,17926,3,0,0,0.8523330688476562,0,-0.010989189147949219,0,-0.0048847198486328125
12589420048,17942120,17927,17927,3,0,0,0.8523330688476562,0,-0.010989189147949219,0,-0.014652252197265625
12590846616,17943122,17928,17928,3,0,0,0.8523330688476562,0,-0.0036630630493164062,0,-0.014652252197265625
12592273184,17945129,17930,17930,3,0,0,0.8523330688476562,0,-0.0036630630493164062,0,-0.014652252197265625
12593699752,17946120,17931,17931,3,0,0,0.8523330688476562,0,0.0036630630493164062,0,-0.014652252197265625
12595126320,17947132,17932,17932,3,0,0,0.8523330688476562,0,0.0036630630493164062,0,-0.014652252197265625
12596552888,17948137,17933,17933,3,0,0,0.8523330688476562,0,-0.01831531524658203,0,-0.014652252197265625
12597979456,17949125,17934,17934,3,0,0,0.8523330688476562,0,0.0036630630493164062,0,-0.014652252197265625
12599406024,17950129,17935,17935,3,0,0,0.8523330688476562,0,-0.0036630630493164062,0,-0.0048847198486328125
12600832592,17952127,17937,17937,3,0,0,0.8523330688476562,0,-0.010989189147949219,0,-0.0048847198486328125
12602259160,17953121,17938,17938,3,0,0,0.8523330688476562,0,0.0036630630493164062,0,0.0048847198486328125
12603685728,17954120,17939,17939,3,0,0,0.8523330688476562,0,0.0036630630493164062,0,-0.0048847198486328125
12605112296,17955133,17940,17940,3,0,0,0.8523330688476562,0,0.0036630630493164062,0,-0.0048847198486328125
12606538864,17956120,17941,17941,3,0,0,0.8523330688476562,0,-0.010989189147949219,0,-0.0048847198486328125
12607965432,17957120,17942,17942,3,0,0,0.8523330688476562,0,-0.01831531524658203,0,-0.0048847198486328125
12609392000,17958120,17943,17943,3,0,0,0.8523330688476562,0,0.0036630630493164062,0,-0.0048847198486328125
12611398345,17966121,17951,17951,0,0,0,0.8523330688476562,0,-0.01831531524658203,0,-0.014652252197265625
12613404682,17967121,17952,17952,0,0,0,0.8523330688476562,0,0.0036630630493164062,0,-0.014652252197265625
12615411019,17969122,17954,17954,0,0,0,0.8523330688476562,0,-0.0036630630493164062,0,-0.014652252197265625
12617417356,17971121,17956,17957,0,0,0,0.8523330688476562,0,-0.0036630630493164062,0,-0.014652252197265625
12619423693,17973121,17958,17958,0,0,0,0.8523330688476562,0,-0.0036630630493164062,0,-0.014652252197265625
12621430030,17976139,17961,17961,0,0,0,0.8523330688476562,0,-0.010989189147949219,0,-0.024419784545898438
12623436367,17978120,17963,17963,0,0,0,0.8523330688476562,0,-0.0036630630493164062,0,-0.014652252197265625
12625442704,17979122,17964,17964,0,0,0,0.8523330688476562,0,-0.0036630630493164062,0,-0.014652252197265625
12627449041,17980123,17965,17965,0,0,0,0.8523330688476562,0,0.0036630630493164062,0,-0.014652252197265625
12629455378,17982121,17967,17967,0,0,0,0.8523330688476562,0,-0.0036630630493164062,0,-0.014652252197265625
12631461715,17984125,17969,17969,0,0,0,0.8523330688476562,0,-0.0036630630493164062,0,-0.0048847198486328125
12633468052,17985131,17970,17970,0,0,0,0.8523330688476562,0,-0.0036630630493164062,0,-0.014652252197265625
12635474389,17987121,17972,17972,0,0,0,0.8523330688476562,0,0.010989189147949219,0,-0.0048847198486328125
12637480726,17989133,17974,17974,0,0,0,0.8523330688476562,0,0.0036630630493164062,0,-0.0048847198486328125
12639487063,17991126,17976,17976,0,0,0,0.8523330688476562,0,0.0036630630493164062,0,-0.0048847198486328125
12641493400,17992121,17977,17977,0,0,0,0.8523330688476562,0,-0.010989189147949219,0,-0.0048847198486328125
12643576876,18001126,17986,17986,0,0,0,0.8523330688476562,0,-0.0036630630493164062,0,-0.014652252197265625
12645660342,18003129,17988,17988,0,0,0,0.8523330688476562,0,-0.0036630630493164062,0,-0.014652252197265625
12647743808,18006120,17991,17991,0,0,0,0.8523330688476562,0,-0.0036630630493164062,0,-0.0048847198486328125
12649827274,18007122,17992,17992,0,0,0,0.8523330688476562,0,-0.0036630630493164062,0,-0.014652252197265625
12651910740,18009123,17994,17994,0,0,0,0.8523330688476562,0,-0.0036630630493164062,0,-0.014652252197265625
12653994206,18011121,17996,17996,0,0,0,0.8523330688476562,0,-0.0036630630493164062,0,-0.014652252197265625
12656077672,18012122,17997,17997,0,0,0,0.8523330688476562,0,-0.010989189147949219,0,-0.014652252197265625
12658161138,18014120,17999,17999,0,0,0,0.8523330688476562,0,-0.0036630630493164062,0,-0.014652252197265625
12660244604,18016121,18001,18001,0,0,0,0.8523330688476562,0,-0.010989189147949219,0,-0.0048847198486328125
12662328070,18017131,18002,18002,0,0,0,0.8523330688476562,0,-0.010989189147949219,0,-0.014652252197265625
12664411536,18018139,18003,18003,0,0,0,0.8523330688476562,0,-0.0036630630493164062,0,-0.014652252197265625
12666495002,18020121,18005,18005,0,0,0,0.8523330688476562,0,-0.010989189147949219,0,-0.014652252197265625
12668578468,18021121,18006,18007,0,0,0,0.8523330688476562,0,-0.0036630630493164062,0,-0.024419784545898438
12670661934,18023121,18008,18008,0,0,0,0.8523330688476562,0,-0.0036630630493164062,0,-0.014652252197265625
12672745400,18024121,18009,18009,0,0,0,0.8523330688476562,0,0.0036630630493164062,0,-0.014652252197265625
12674717655,18028121,18013,18013,0,0,0,0.8523330688476562,0,-0.010989189147949219,0,-0.014652252197265625
12676689898,18029122,18014,18014,0,0,0,0.8523330688476562,0,0.0036630630493164062,0,-0.014652252197265625
12678662141,18031133,18016,18016,0,0,0,0.8523330688476562,0,-0.0036630630493164062,0,-0.014652252197265625
12680634384,18032136,18017,18018,0,0,0,0.8523330688476562,0,0.0036630630493164062,0,-0.014652252197265625
12682606627,18034124,18019,18019,0,0,0,0.8523330688476562,0,-0.0036630630493164062,0,-0.014652252197265625
12684578870,18036120,18021,18021,0,0,0,0.8523330688476562,0,-0.010989189147949219,0,-0.014652252197265625
12686551113,18038122,18023,18023,0,0,0,0.8523330688476562,0,-0.0036630630493164062,0,-0.014652252197265625
12688523356,18040120,18025,18025,0,0,0,0.8523330688476562,0,-0.0036630630493164062,0,-0.014652252197265625
12690495599,18042124,18027,18027,0,0,0,0.8523330688476562,0,-0.0036630630493164062,0,-0.014652252197265625
12692467842,18044121,18029,18029,0,0,0,0.8523330688476562,0,-0.0036630630493164062,0,-0.0048847198486328125
12694440085,18045137,18030,18030,0,0,0,0.8523330688476562,0,-0.0036630630493164062,0,-0.0048847198486328125
12696412328,18047129,18032,18032,0,0,0,0.8523330688476562,0,-0.010989189147949219,0,-0.0048847198486328125
12698384571,18049121,18034,18034,0,0,0,0.8523330688476562,0,-0.0036630630493164062,0,-0.0048847198486328125
12700356814,18051123,18036,18036,0,0,0,0.8523330688476562,0,-0.0036630630493164062,0,-0.0048847198486328125
12702329057,18053121,18038,18038,0,0,0,0.8523330688476562,0,-0.0036630630493164062,0,-0.0048847198486328125
12704301300,18055134,18040,18040,0,0,0,0.8523330688476562,0,-0.0036630630493164062,0,-0.014652252197265625
12706355670,18060139,18045,18045,0,0,0,0.8523330688476562,0,-0.0036630630493164062,0,-0.024419784545898438
12708410032,18062121,18047,18047,0,0,0,0.8523330688476562,0,-0.0036630630493164062,0,-0.024419784545898438
12710464394,18064121,18049,18049,0,0,0,0.8523330688476562,0,-0.0036630630493164062,0,-0.014652252197265625
12712518756,18066121,18051,18051,0,0,0,0.8523330688476562,0,0.0036630630493164062,0,-0.014652252197265625
12714573118,18067123,18052,18052,0,0,0,0.8523330688476562,0,0.0036630630493164062,0,-0.0048847198486328125
12716627480,18069122,18054,18054,0,0,0,0.8523330688476562,0,-0.0036630630493164062,0,-0.0048847198486328125
12718681842,18071125,18056,18056,0,0,0,0.8523330688476562,0,-0.0036630630493164062,0,-0.014652252197265625
12720736204,18073129,18058,18058,0,0,0,0.8523330688476562,0,-0.0036630630493164062,0,-0.0048847198486328125
12722790566,18075136,18060,18060,0,0,0,0.8523330688476562,0,-0.0036630630493164062,0,-0.0048847198486328125
12724844928,18077121,18062,18062,0,0,0,0.8523330688476562,0,-0.0036630630493164062,0,-0.0048847198486328125
12726899290,18079122,18064,18064,0,0,0,0.8523330688476562,0,-0.0036630630493164062,0,-0.0048847198486328125
12728953652,18081121,18066,18066,0,0,0,0.8523330688476562,0,-0.010989189147949219,0,-0.014652252197265625
12731008014,18083121,18068,18068,0,0,0,0.8523330688476562,0,-0.0036630630493164062,0,-0.014652252197265625
12733062376,18085130,18070,18070,0,0,0,0.8523330688476562,0,-0.010989189147949219,0,-0.014652252197265625
12735116738,18086120,18071,18071,0,0,0,0.8523330688476562,0,0.010989189147949219,0,-0.0048847198486328125
12737171100,18088137,18073,18073,0,0,0,0.8523330688476562,0,-0.0036630630493164062,0,-0.0048847198486328125
12739423918,18092124,18077,18077,0,0,0,0.8523330688476562,0,-0.010989189147949219,0,-0.014652252197265625
12741676731,18095130,18080,18080,0,0,0,0.8523330688476562,0,-0.010989189147949219,0,-0.014652252197265625
12743929544,18098120,18083,18083,0,0,0,0.8523330688476562,0,0.0036630630493164062,0,-0.0048847198486328125
12746182357,18100134,18085,18085,0,0,0,0.8523330688476562,0,-0.0036630630493164062,0,-0.0048847198486328125
12748435170,18101133,18086,18087,0,0,0,0.8523330688476562,0,-0.01831531524658203,0,-0.0048847198486328125
12750687983,18103125,18088,18088,0,0,0,0.8523330688476562,0,0.0036630630493164062,0,-0.0048847198486328125
12752940796,18105132,18090,18090,0,0,0,0.8523330688476562,0,-0.0036630630493164062,0,-0.0048847198486328125
12755193609,18107121,18092,18092,0,0,0,0.8523330688476562,0,-0.0036630630493164062,0,-0.0048847198486328125
12757446422,18109123,18094,18094,0,0,0,0.8523330688476562,0,-0.01831531524658203,0,-0.0048847198486328125
12759699235,18112120,18097,18097,0,0,0,0.8523330688476562,0,0.0036630630493164062,0,-0.0048847198486328125
12761952048,18113124,18098,18098,0,0,0,0.8523330688476562,0,0.0036630630493164062,0,-0.0048847198486328125
12764204861,18115137,18100,18100,0,0,0,0.8523330688476562,0,-0.010989189147949219,0,-0.0048847198486328125
12766457674,18117127,18102,18102,0,0,0,0.8523330688476562,0,-0.0036630630493164062,0,-0.014652252197265625
12768710487,18119121,18104,18104,0,0,0,0.8523330688476562,0,-0.0036630630493164062,0,-0.014652252197265625
12770963300,18121125,18106,18106,0,0,0,0.8523330688476562,0,-0.0036630630493164062,0,-0.014652252197265625
12773265777,18130137,18115,18115,0,0,0,0.8523330688476562,0,-0.0036630630493164062,0,-0.0048847198486328125
12775568248,18132121,18117,18117,0,0,0,0.8523330688476562,0,-0.010989189147949219,0,-0.0048847198486328125
12777870719,18133122,18118,18118,0,0,0,0.8523330688476562,0,-0.0036630630493164062,0,-0.014652252197265625
12780173190,18135129,18120,18120,0,0,0,0.8523330688476562,0,0.0036630630493164062,0,-0.014652252197265625
12782475661,18137121,18122,18122,0,0,0,0.8523330688476562,0,-0.0036630630493164062,0,-0.0048847198486328125
12784778132,18139121,18124,18124,0,0,0,0.8523330688476562,0,-0.0036630630493164062,0,-0.0048847198486328125
12787080603,18141120,18126,18126,0,0,0,0.8523330688476562,0,0.0036630630493164062,0,-0.0048847198486328125
12789383074,18143129,18128,18128,0,0,0,0.8523330688476562,0,0.0036630630493164062,0,-0.0048847198486328125
12791685545,18145133,18130,18130,0,0,0,0.8523330688476562,0,0.0036630630493164062,0,-0.0048847198486328125
12793988016,18146122,18131,18131,0,0,0,0.8523330688476562,0,0.0036630630493164062,0,-0.0048847198486328125
12796290487,18148120,18133,18133,0,0,0,0.8523330688476562,0,-0.010989189147949219,0,-0.014652252197265625
12798592958,18150132,18135,18135,0,0,0,0.8523330688476562,0,-0.0036630630493164062,0,-0.0048847198486328125
12800895429,18152123,18137,18137,0,0,0,0.8523330688476562,0,-0.0036630630493164062,0,-0.0048847198486328125
12803197900,18154122,18139,18139,0,0,0,0.8523330688476562,0,-0.0036630630493164062,0,-0.014652252197265625
12805261976,18158139,18144,18144,0,0,0,0.8523330688476562,0,-0.0036630630493164062,0,-0.014652252197265625
12807326042,18162122,18147,18147,0,0,0,0.8523330688476562,0,-0.0036630630493164062,0,-0.014652252197265625
12809390108,18163125,18148,18148,0,0,0,0.8523330688476562,0,-0.010989189147949219,0,-0.014652252197265625
12811454174,18165129,18150,18150,0,0,0,0.8523330688476562,0,-0.010989189147949219,0,-0.014652252197265625
12813518240,18167123,18152,18152,0,0,0,0.8523330688476562,0,-0.010989189147949219,0,-0.014652252197265625
12815582306,18169121,18154,18154,0,0,0,0.8523330688476562,0,-0.0036630630493164062,0,-0.014652252197265625
12817646372,18171132,18156,18156,0,0,0,0.8523330688476562,0,-0.0036630630493164062,0,-0.014652252197265625
12819710438,18173124,18158,18158,0,0,0,0.8523330688476562,0,-0.0036630630493164062,0,-0.014652252197265625
12821774504,18175131,18160,18160,0,0,0,0.8523330688476562,0,-0.0036630630493164062,0,-0.014652252197265625
12823838570,18177121,18162,18162,0,0,0,0.8523330688476562,0,0.0036630630493164062,0,-0.0048847198486328125
12825902636,18179125,18164,18164,0,0,0,0.8523330688476562,0,-0.0036630630493164062,0,-0.0048847198486328125
12827966702,18180120,18165,18165,0,0,0,0.8523330688476562,0,-0.010989189147949219,0,-0.014652252197265625
12830030768,18182120,18167,18167,0,0,0,0.8523330688476562,0,0.0036630630493164062,0,-0.014652252197265625
12832094834,18183122,18168,18168,0,0,0,0.8523330688476562,0,-0.0036630630493164062,0,-0.0048847198486328125
12834158900,18185137,18170,18170,0,0,0,0.8523330688476562,0,-0.0036630630493164062,0,-0.0048847198486328125
12836494660,18190120,18175,18175,0,0,0,0.8523330688476562,0,-0.0036630630493164062,0,-0.0048847198486328125
12838830420,18191122,18176,18176,0,0,0,0.8523330688476562,0,-0.010989189147949219,0,-0.0048847198486328125
12841166180,18192124,18177,18177,0,0,0,0.8523330688476562,0,-0.0036630630493164062,0,-0.014652252197265625
12843501940,18194120,18179,18180,0,0,0,0.8523330688476562,0,-0.0036630630493164062,0,-0.014652252197265625
12845837700,18196123,18181,18181,0,0,0,0.8523330688476562,0,0.0036630630493164062,0,-0.014652252197265625
12848173460,18197120,18182,18182,0,0,0,0.8523330688476562,0,0.0036630630493164062,0,-0.024419784545898438
12850509220,18199129,18184,18184,0,0,0,0.8523330688476562,0,-0.010989189147949219,0,-0.014652252197265625
12852844980,18200147,18185,18185,0,0,0,0.8523330688476562,0,-0.0036630630493164062,0,-0.014652252197265625
12855180740,18202120,18187,18187,0,0,0,0.8523330688476562,0,-0.010989189147949219,0,-0.014652252197265625
12857516500,18205133,18190,18190,0,0,0,0.8523330688476562,0,-0.0036630630493164062,0,-0.014652252197265625
12859852260,18206120,18191,18191,0,0,0,0.8523330688476562,0,-0.0036630630493164062,0,-0.014652252197265625
12862188020,18207120,18192,18192,0,0,0,0.8523330688476562,0,-0.010989189147949219,0,-0.014652252197265625
12864523780,18209123,18194,18194,0,0,0,0.8523330688476562,0,-0.0036630630493164062,0,-0.014652252197265625
12866859540,18216124,18201,18201,0,0,0,0.8523330688476562,0,-0.0036630630493164062,0,-0.014652252197265625
12869195300,18220122,18205,18205,0,0,0,0.8523330688476562,0,0.01831531524658203,0,-0.014652252197265625
12871093016,18224120,18209,18209,0,0,0,0.8523330688476562,0,-0.01831531524658203,0,-0.014652252197265625
12872990723,18228135,18213,18213,0,0,0,0.8523330688476562,0,0.010989189147949219,0,-0.0048847198486328125
12874888430,18230120,18215,18215,0,0,0,0.8523330688476562,0,-0.0036630630493164062,0,-0.0048847198486328125
12876786137,18231121,18216,18216,0,0,0,0.8523330688476562,0,-0.010989189147949219,0,-0.0048847198486328125
12878683844,18232121,18217,18217,0,0,0,0.8523330688476562,0,-0.0036630630493164062,0,-0.0048847198486328125
12880581551,18235129,18220,18220,0,0,0,0.8523330688476562,0,-0.0036630630493164062,0,-0.0048847198486328125
12882479258,18237125,18222,18222,0,0,0,0.8523330688476562,0,-0.0036630630493164062,0,-0.0048847198486328125
12884376965,18238122,18223,18223,0,0,0,0.8523330688476562,0,-0.0036630630493164062,0,-0.014652252197265625
12886274672,18240120,18225,18225,0,0,0,0.8523330688476562,0,-0.0036630630493164062,0,-0.014652252197265625
12888172379,18241130,18226,18226,0,0,0,0.8523330688476562,0,-0.0036630630493164062,0,-0.0048847198486328125
12890070086,18242138,18227,18227,0,0,0,0.8523330688476562,0,-0.010989189147949219,0,-0.0048847198486328125
12891967793,18244120,18229,18229,0,0,0,0.8523330688476562,0,-0.0036630630493164062,0,-0.014652252197265625
12893865500,18245133,18230,18230,0,0,0,0.8523330688476562,0,-0.0036630630493164062,0,-0.0048847198486328125
12895599410,18252122,18237,18237,0,0,0,0.8523330688476562,0,0.0036630630493164062,0,-0.014652252197265625
12897333316,18253121,18238,18238,0,0,0,0.8523330688476562,0,-0.0036630630493164062,0,-0.014652252197265625
12899067222,18254122,18239,18239,0,0,0,0.8523330688476562,0,-0.010989189147949219,0,-0.014652252197265625
12900801128,18256135,18241,18241,0,0,0,0.8523330688476562,0,-0.0036630630493164062,0,-0.014652252197265625
12902535034,18257125,18242,18242,0,0,0,0.8523330688476562,0,-0.0036630630493164062,0,-0.014652252197265625
12904268940,18259121,18244,18244,0,0,0,0.8523330688476562,0,-0.0036630630493164062,0,-0.0048847198486328125
12906002846,18261121,18246,18246,0,0,0,0.8523330688476562,0,0.0036630630493164062,0,-0.014652252197265625
12907736752,18262122,18247,18247,0,0,0,0.8523330688476562,0,-0.010989189147949219,0,-0.014652252197265625
12909470658,18263125,18248,18248,0,0,0,0.8523330688476562,0,0.01831531524658203,0,-0.014652252197265625
12911204564,18264121,18250,18250,0,0,0,0.8523330688476562,0,0.0036630630493164062,0,-0.0048847198486328125
12912938470,18266124,18251,18251,0,0,0,0.8523330688476562,0,-0.010989189147949219,0,-0.0048847198486328125
12914672376,18267122,18252,18252,0,0,0,0.8523330688476562,0,-0.010989189147949219,0,-0.0048847198486328125
12916406282,18269129,18254,18254,0,0,0,0.8523330688476562,0,-0.0036630630493164062,0,-0.0048847198486328125
12918140188,18270137,18255,18255,0,0,0,0.8523330688476562,0,-0.0036630630493164062,0,-0.0048847198486328125
12919874094,18271129,18256,18256,0,0,0,0.8523330688476562,0,-0.0036630630493164062,0,-0.0048847198486328125
12921608000,18273120,18258,18258,0,0,0,0.8523330688476562,0,-0.0036630630493164062,0,-0.0048847198486328125
12923106195,18276120,18261,18261,0,0,0,0.8523330688476562,0,-0.0036630630493164062,0,-0.0048847198486328125
12924604382,18277121,18262,18262,0,0,0,0.8523330688476562,0,-0.0036630630493164062,0,-0.0048847198486328125
12926102569,18279125,18264,18264,0,0,0,0.8523330688476562,0,0.0036630630493164062,0,-0.0048847198486328125
12927600756,18280120,18265,18265,0,0,0,0.8523330688476562,0,0.0036630630493164062,0,-0.0048847198486328125
12929098943,18281121,18266,18266,0,0,0,0.8523330688476562,0,-0.0036630630493164062,0,-0.0048847198486328125
12930597130,18283130,18268,18268,0,0,0,0.8523330688476562,0,-0.0036630630493164062,0,-0.0048847198486328125
12932095317,18284135,18269,18269,0,0,0,0.8523330688476562,0,-0.0036630630493164062,0,-0.0048847198486328125
12933593504,18285133,18270,18270,0,0,0,0.8523330688476562,0,-0.0036630630493164062,0,-0.014652252197265625
12935091691,18287125,18272,18272,0,0,0,0.8523330688476562,0,-0.0036630630493164062,0,-0.014652252197265625
12936589878,18288121,18273,18273,0,0,0,0.8523330688476562,0,-0.0036630630493164062,0,-0.014652252197265625
12938088065,18289121,18274,18274,0,0,0,0.8523330688476562,0,-0.0036630630493164062,0,-0.014652252197265625
12939586252,18291123,18276,18276,0,0,0,0.8523330688476562,0,-0.0036630630493164062,0,-0.014652252197265625
12941084439,18292124,18277,18277,0,0,0,0.8523330688476562,0,-0.0036630630493164062,0,-0.0048847198486328125
12942582626,18294120,18279,18279,0,0,0,0.8523330688476562,0,0.0036630630493164062,0,-0.014652252197265625
12944080813,18295133,18280,18280,0,0,0,0.8523330688476562,0,0.0036630630493164062,0,-0.014652252197265625
12945579000,18297129,18282,18282,0,0,0,0.8523330688476562,0,0.0036630630493164062,0,-0.014652252197265625
12947039995,18300134,18285,18285,0,0,0,0.8523330688476562,0,-0.010989189147949219,0,-0.014652252197265625
12948500982,18302120,18287,18287,0,0,0,0.8523330688476562,0,0.0036630630493164062,0,-0.014652252197265625
12949961969,18303125,18288,18288,0,0,0,0.8523330688476562,0,-0.0036630630493164062,0,-0.014652252197265625
12951422956,18304122,18289,18289,0,0,0,0.8523330688476562,0,-0.0036630630493164062,0,-0.0048847198486328125
12952883943,18306120,18291,18291,0,0,0,0.8523330688476562,0,-0.0036630630493164062,0,-0.0048847198486328125
12954344930,18307122,18292,18292,0,0,0,0.8523330688476562,0,-0.010989189147949219,0,-0.0048847198486328125
12955805917,18308124,18293,18293,0,0,0,0.8523330688476562,0,0.010989189147949219,0,-0.0048847198486328125
12957266904,18310120,18295,18295,0,0,0,0.8523330688476562,0,-0.0036630630493164062,0,-0.0048847198486328125
12958727891,18311128,18296,18296,0,0,0,0.8523330688476562,0,-0.010989189147949219,0,-0.0048847198486328125
12960188878,18312137,18297,18297,0,0,0,0.8523330688476562,0,-0.0036630630493164062,0,-0.0048847198486328125
12961649865,18314120,18299,18299,0,0,0,0.8523330688476562,0,-0.0036630630493164062,0,-0.0048847198486328125
12963110852,18315129,18300,18300,0,0,0,0.8523330688476562,0,0.0036630630493164062,0,-0.014652252197265625
12964571839,18316124,18301,18301,0,0,0,0.8523330688476562,0,-0.0036630630493164062,0,-0.014652252197265625
12966032826,18318120,18303,18303,0,0,0,0.8523330688476562,0,-0.0036630630493164062,0,-0.014652252197265625
12967493813,18319121,18304,18304,0,0,0,0.8523330688476562,0,0.0036630630493164062,0,-0.014652252197265625
12968954800,18320122,18305,18305,0,0,0,0.8523330688476562,0,-0.0036630630493164062,0,-0.0048847198486328125
12970774575,18324124,18309,18309,0,0,0,0.8523330688476562,0,-0.010989189147949219,0,-0.014652252197265625
12972594350,18325139,18310,18310,0,0,0,0.8523330688476562,0,0.0036630630493164062,0,-0.024419784545898438
12974414125,18328122,18313,18313,0,0,0,0.8523330688476562,0,-0.01831531524658203,0,-0.014652252197265625
12976233900,18330120,18315,18315,0,0,0,0.8523330688476562,0,-0.0036630630493164062,0,-0.014652252197265625
12978053675,18332126,18317,18317,0,0,0,0.8523330688476562,0,-0.0036630630493164062,0,-0.0048847198486328125
12979873450,18333123,18318,18318,0,0,0,0.8523330688476562,0,-0.0036630630493164062,0,-0.0048847198486328125
12981693225,18335129,18320,18320,0,0,0,0.8523330688476562,0,0.0036630630493164062,0,-0.0048847198486328125
12983513000,18337125,18322,18322,0,0,0,0.8523330688476562,0,-0.0036630630493164062,0,0.0048847198486328125
12985332775,18338120,18323,18323,0,0,0,0.8523330688476562,0,-0.0036630630493164062,0,-0.0048847198486328125
12987152550,18341126,18326,18326,0,0,0,0.8523330688476562,0,-0.0036630630493164062,0,-0.0048847198486328125
12988972325,18342120,18327,18327,0,0,0,0.8523330688476562,0,-0.0036630630493164062,0,-0.014652252197265625
12990792100,18344120,18329,18329,0,0,0,0.8523330688476562,0,0.0036630630493164062,0,-0.014652252197265625
12992611875,18345133,18330,18330,0,0,0,0.8523330688476562,0,-0.0036630630493164062,0,-0.014652252197265625
12994431650,18347121,18332,18332,0,0,0,0.8523330688476562,0,0.0036630630493164062,0,-0.014652252197265625
12996251425,18348120,18333,18333,0,0,0,0.8523330688476562,0,0.0036630630493164062,0,-0.014652252197265625
12998071200,18349123,18334,18334,0,0,0,0.8523330688476562,0,-0.0036630630493164062,0,-0.014652252197265625
12999825970,18356120,18341,18341,0,0,0,0.8523330688476562,0,-0.0036630630493164062,0,-0.014652252197265625
13001580732,18358124,18343,18343,0,0,0,0.8523330688476562,0,-0.0036630630493164062,0,-0.014652252197265625
13003335494,18359121,18344,18344,0,0,0,0.8523330688476562,0,-0.0036630630493164062,0,-0.014652252197265625
13005090256,18361124,18346,18346,0,0,0,0.8523330688476562,0,-0.0036630630493164062,0,-0.014652252197265625
13006845018,18362122,18347,18347,0,0,0,0.8523330688476562,0,-0.0036630630493164062,0,-0.014652252197265625
13008599780,18363120,18348,18348,0,0,0,0.8523330688476562,0,0.0036630630493164062,0,-0.014652252197265625
13010354542,18364122,18349,18349,0,0,0,0.8523330688476562,0,-0.010989189147949219,0,-0.014652252197265625
13012109304,18366124,18351,18351,0,0,0,0.8523330688476562,0,-0.010989189147949219,0,-0.014652252197265625
13013864066,18367129,18352,18352,0,0,0,0.8523330688476562,0,-0.0036630630493164062,0,-0.014652252197265625
13015618828,18368135,18353,18353,0,0,0,0.8523330688476562,0,0.0036630630493164062,0,-0.014652252197265625
13017373590,18370122,18355,18355,0,0,0,0.8523330688476562,0,-0.010989189147949219,0,-0.0048847198486328125
13019128352,18371120,18356,18356,0,0,0,0.8523330688476562,0,0.010989189147949219,0,-0.0048847198486328125
13020883114,18372120,18357,18357,0,0,0,0.8523330688476562,0,-0.0036630630493164062,0,-0.0048847198486328125
13022637876,18373121,18358,18359,0,0,0,0.8523330688476562,0,-0.010989189147949219,0,-0.0048847198486328125
13024392638,18375129,18360,18360,0,0,0,0.8523330688476562,0,-0.0036630630493164062,0,-0.0048847198486328125
13026147400,18377121,18363,18363,0,0,0,0.8523330688476562,0,-0.0036630630493164062,0,-0.0048847198486328125
13027953125,18381129,18366,18366,0,0,0,0.8523330688476562,0,-0.0036630630493164062,0,-0.014652252197265625
13029758850,18383126,18368,18368,0,0,0,0.8523330688476562,0,-0.0036630630493164062,0,-0.014652252197265625
13031564575,18384120,18369,18369,0,0,0,0.8523330688476562,0,-0.010989189147949219,0,-0.0048847198486328125
13033370300,18386122,18371,18371,0,0,0,0.8523330688476562,0,-0.0036630630493164062,0,-0.014652252197265625
13035176025,18389121,18374,18374,0,0,0,0.8523330688476562,0,-0.0036630630493164062,0,-0.014652252197265625
13036981750,18390124,18375,18375,0,0,0,0.8523330688476562,0,-0.0036630630493164062,0,-0.0048847198486328125
13038787475,18392120,18377,18377,0,0,0,0.8523330688476562,0,-0.010989189147949219,0,-0.0048847198486328125
13040593200,18394122,18379,18379,0,0,0,0.8523330688476562,0,-0.010989189147949219,0,-0.0048847198486328125
13042398925,18395140,18380,18380,0,0,0,0.8523330688476562,0,-0.010989189147949219,0,-0.014652252197265625
13044204650,18396136,18381,18381,0,0,0,0.8523330688476562,0,-0.0036630630493164062,0,-0.0048847198486328125
13046010375,18398121,18383,18383,0,0,0,0.8523330688476562,0,0.0036630630493164062,0,-0.0048847198486328125
13047816100,18399123,18384,18384,0,0,0,0.8523330688476562,0,-0.010989189147949219,0,-0.0048847198486328125
13049621825,18401123,18386,18386,0,0,0,0.8523330688476562,0,-0.0036630630493164062,0,-0.0048847198486328125
13051427550,18403124,18388,18388,0,0,0,0.8523330688476562,0,0.010989189147949219,0,-0.0048847198486328125
13053233275,18404120,18389,18389,0,0,0,0.8523330688476562,0,-0.0036630630493164062,0,-0.0048847198486328125
13055039000,18406120,18391,18391,0,0,0,0.8523330688476562,0,-0.0036630630493164062,0,-0.014652252197265625
13056957680,18409129,18395,18395,0,0,0,0.8523330688476562,0,-0.0036630630493164062,0,-0.024419784545898438
13058876348,18411129,18396,18396,0,0,0,0.8523330688476562,0,-0.010989189147949219,0,-0.014652252197265625
13060795016,18413120,18398,18398,0,0,0,0.8523330688476562,0,-0.0036630630493164062,0,-0.014652252197265625
13062713684,18415130,18400,18400,0,0,0,0.8523330688476562,0,-0.0036630630493164062,0,-0.014652252197265625
13064632352,18417121,18402,18402,0,0,0,0.8523330688476562,0,-0.010989189147949219,0,-0.014652252197265625
13066551020,18418120,18403,18404,0,0,0,0.8523330688476562,0,0.0036630630493164062,0,-0.014652252197265625
13068469688,18420122,18405,18405,0,0,0,0.8523330688476562,0,0.010989189147949219,0,-0.014652252197265625
13070388356,18422120,18407,18407,0,0,0,0.8523330688476562,0,-0.0036630630493164062,0,-0.0048847198486328125
13072307024,18424138,18409,18409,0,0,0,0.8523330688476562,0,-0.010989189147949219,0,-0.0048847198486328125
13074225692,18426120,18411,18411,0,0,0,0.8523330688476562,0,-0.0036630630493164062,0,-0.014652252197265625
13076144360,18428123,18413,18413,0,0,0,0.8523330688476562,0,-0.0036630630493164062,0,-0.024419784545898438
13078063028,18429121,18414,18414,0,0,0,0.8523330688476562,0,-0.0036630630493164062,0,-0.014652252197265625
13079981696,18431120,18416,18416,0,0,0,0.8523330688476562,0,0.0036630630493164062,0,-0.014652252197265625
13081900364,18432124,18417,18417,0,0,0,0.8523330688476562,0,-0.0036630630493164062,0,-0.014652252197265625
13083819032,18434120,18419,18419,0,0,0,0.8523330688476562,0,-0.0036630630493164062,0,-0.014652252197265625
13085737700,18436122,18421,18421,0,0,0,0.8523330688476562,0,-0.0036630630493164062,0,-0.014652252197265625
13087727950,18440125,18425,18425,0,0,0,0.8523330688476562,0,0.0036630630493164062,0,-0.014652252197265625
13089718200,18442120,18427,18427,0,0,0,0.8523330688476562,0,0.0036630630493164062,0,-0.014652252197265625
13091708450,18444122,18429,18429,0,0,0,0.8523330688476562,0,-0.0036630630493164062,0,-0.014652252197265625
13093698700,18446120,18431,18431,0,0,0,0.8523330688476562,0,-0.0036630630493164062,0,-0.014652252197265625
13095688950,18448124,18433,18433,0,0,0,0.8523330688476562,0,-0.010989189147949219,0,-0.014652252197265625
13097679200,18450128,18435,18435,0,0,0,0.8523330688476562,0,0.01831531524658203,0,-0.014652252197265625
13099669450,18451129,18436,18436,0,0,0,0.8523330688476562,0,-0.0036630630493164062,0,-0.014652252197265625
13101659700,18453128,18438,18438,0,0,0,0.8523330688476562,0,-0.010989189147949219,0,-0.014652252197265625
13103649950,18455128,18440,18440,0,0,0,0.8523330688476562,0,0.0036630630493164062,0,-0.014652252197265625
13105640200,18457123,18442,18442,0,0,0,0.8523330688476562,0,0.0036630630493164062,0,-0.014652252197265625
13107630450,18459121,18444,18444,0,0,0,0.8523330688476562,0,0.0036630630493164062,0,-0.0048847198486328125
13109620700,18461124,18446,18446,0,0,0,0.8523330688476562,0,-0.01831531524658203,0,-0.0048847198486328125
13111610950,18464121,18449,18449,0,0,0,0.8523330688476562,0,-0.0036630630493164062,0,-0.014652252197265625
13113601200,18465139,18450,18450,0,0,0,0.8523330688476562,0,-0.0036630630493164062,0,-0.014652252197265625
13115591450,18467125,18452,18452,0,0,0,0.8523330688476562,0,-0.010989189147949219,0,-0.014652252197265625
13117581700,18469125,18454,18454,0,0,0,0.8523330688476562,0,-0.0036630630493164062,0,-0.0048847198486328125
13119443605,18476120,18461,18461,0,0,0,0.8523330688476562,0,-0.0036630630493164062,0,-0.014652252197265625
13121305498,18479128,18464,18464,0,0,0,0.8523330688476562,0,-0.0036630630493164062,0,-0.024419784545898438
13123167391,18480135,18465,18465,0,0,0,0.8523330688476562,0,-0.010989189147949219,0,-0.014652252197265625
13125029284,18481126,18466,18466,0,0,0,0.8523330688476562,0,-0.0036630630493164062,0,-0.0048847198486328125
13126891177,18482124,18467,18467,0,0,0,0.8523330688476562,0,-0.0036630630493164062,0,-0.0048847198486328125
13128753070,18484120,18469,18469,0,0,0,0.8523330688476562,0,-0.0036630630493164062,0,-0.0048847198486328125
13130614963,18485129,18470,18470,0,0,0,0.8523330688476562,0,-0.0036630630493164062,0,-0.0048847198486328125
13132476856,18486122,18471,18472,0,0,0,0.8523330688476562,0,-0.010989189147949219,0,-0.0048847198486328125
13134338749,18488121,18473,18473,0,0,0,0.8523330688476562,0,0.0036630630493164062,0,-0.014652252197265625
13136200642,18489121,18474,18474,0,0,0,0.8523330688476562,0,-0.0036630630493164062,0,-0.014652252197265625
13138062535,18491121,18476,18476,0,0,0,0.8523330688476562,0,-0.0036630630493164062,0,-0.014652252197265625
13139924428,18493128,18478,18478,0,0,0,0.8523330688476562,0,0.0036630630493164062,0,-0.014652252197265625
13141786321,18494137,18479,18479,0,0,0,0.8523330688476562,0,-0.010989189147949219,0,-0.0048847198486328125
13143648214,18496121,18481,18481,0,0,0,0.8523330688476562,0,-0.010989189147949219,0,-0.0048847198486328125
13145510107,18497121,18482,18482,0,0,0,0.8523330688476562,0,-0.0036630630493164062,0,-0.0048847198486328125
13147372000,18498124,18483,18484,0,0,0,0.8523330688476562,0,-0.0036630630493164062,0,-0.014652252197265625
13149070395,18502122,18487,18487,0,0,0,0.8523330688476562,0,0.010989189147949219,0,-0.0048847198486328125
13150768782,18504121,18489,18489,0,0,0,0.8523330688476562,0,-0.0036630630493164062,0,-0.0048847198486328125
13152467169,18506124,18491,18491,0,0,0,0.8523330688476562,0,0.0036630630493164062,0,-0.014652252197265625
13154165556,18508135,18493,18493,0,0,0,0.8523330688476562,0,-0.010989189147949219,0,-0.0048847198486328125
13155863943,18510122,18495,18495,0,0,0,0.8523330688476562,0,-0.01831531524658203,0,-0.014652252197265625
13157562330,18511124,18496,18496,0,0,0,0.8523330688476562,0,-0.0036630630493164062,0,-0.014652252197265625
13159260717,18513121,18498,18498,0,0,0,0.8523330688476562,0,-0.0036630630493164062,0,-0.014652252197265625
13160959104,18515131,18500,18500,0,0,0,0.8523330688476562,0,-0.0036630630493164062,0,-0.014652252197265625
13162657491,18516120,18501,18501,0,0,0,0.8523330688476562,0,0.010989189147949219,0,-0.014652252197265625
13164355878,18518120,18503,18503,0,0,0,0.8523330688476562,0,-0.0036630630493164062,0,-0.014652252197265625
13166054265,18519125,18504,18504,0,0,0,0.8523330688476562,0,-0.0036630630493164062,0,-0.014652252197265625
13167752652,18521128,18506,18506,0,0,0,0.8523330688476562,0,-0.0036630630493164062,0,-0.014652252197265625
13169451039,18522135,18507,18507,0,0,0,0.8523330688476562,0,-0.0036630630493164062,0,-0.014652252197265625
13171149426,18523127,18508,18508,0,0,0,0.8523330688476562,0,-0.010989189147949219,0,-0.014652252197265625
13172847813,18525129,18510,18510,0,0,0,0.8523330688476562,0,-0.0036630630493164062,0,-0.014652252197265625
13174546200,18526120,18511,18511,0,0,0,0.8523330688476562,0,-0.0036630630493164062,0,-0.024419784545898438
13176113220,18529121,18514,18514,0,0,0,0.8523330688476562,0,-0.0036630630493164062,0,-0.014652252197265625
13177680232,18530120,18515,18515,0,0,0,0.8523330688476562,0,-0.0036630630493164062,0,-0.014652252197265625
13179247244,18531122,18516,18516,0,0,0,0.8523330688476562,0,-0.0036630630493164062,0,-0.014652252197265625
13180814256,18533121,18518,18518,0,0,0,0.8523330688476562,0,-0.010989189147949219,0,-0.0048847198486328125
13182381268,18534120,18519,18519,0,0,0,0.8523330688476562,0,-0.0036630630493164062,0,-0.0048847198486328125
13183948280,18535141,18520,18520,0,0,0,0.8523330688476562,0,-0.0036630630493164062,0,-0.0048847198486328125
13185515292,18537125,18522,18522,0,0,0,0.8523330688476562,0,-0.010989189147949219,0,-0.0048847198486328125
13187082304,18538120,18523,18523,0,0,0,0.8523330688476562,0,-0.0036630630493164062,0,-0.014652252197265625
13188649316,18540124,18525,18525,0,0,0,0.8523330688476562,0,-0.0036630630493164062,0,-0.014652252197265625
13190216328,18541121,18526,18526,0,0,0,0.8523330688476562,0,-0.010989189147949219,0,-0.014652252197265625
13191783340,18542120,18527,18527,0,0,0,0.8523330688476562,0,-0.010989189147949219,0,-0.014652252197265625
13193350352,18544123,18529,18529,0,0,0,0.8523330688476562,0,0.0036630630493164062,0,-0.0048847198486328125
13194917364,18545129,18530,18530,0,0,0,0.8523330688476562,0,0.010989189147949219,0,-0.0048847198486328125
13196484376,18547121,18532,18532,0,0,0,0.8523330688476562,0,-0.0036630630493164062,0,-0.0048847198486328125
13198051388,18548124,18533,18533,0,0,0,0.8523330688476562,0,-0.0036630630493164062,0,-0.0048847198486328125
13199618400,18550143,18535,18535,0,0,0,0.8523330688476562,0,-0.0036630630493164062,0,-0.0048847198486328125
13201370755,18555129,18540,18540,0,0,0,0.8523330688476562,0,0.0036630630493164062,0,-0.0048847198486328125
13203123098,18556124,18541,18541,0,0,0,0.8523330688476562,0,-0.0036630630493164062,0,-0.0048847198486328125
13204875441,18558120,18543,18543,0,0,0,0.8523330688476562,0,0.0036630630493164062,0,-0.0048847198486328125
13206627784,18559121,18544,18544,0,0,0,0.8523330688476562,0,-0.0036630630493164062,0,-0.0048847198486328125
13208380127,18561124,18546,18546,0,0,0,0.8523330688476562,0,-0.0036630630493164062,0,-0.014652252197265625
13210132470,18562120,18547,18547,0,0,0,0.8523330688476562,0,-0.010989189147949219,0,-0.0048847198486328125
13211884813,18564140,18549,18549,0,0,0,0.8523330688476562,0,-0.010989189147949219,0,-0.0048847198486328125
13213637156,18565135,18550,18550,0,0,0,0.8523330688476562,0,-0.0036630630493164062,0,-0.014652252197265625
13215389499,18567121,18552,18552,0,0,0,0.8523330688476562,0,-0.0036630630493164062,0,-0.014652252197265625
13217141842,18568122,18553,18554,0,0,0,0.8523330688476562,0,-0.0036630630493164062,0,-0.024419784545898438
13218894185,18570120,18555,18555,0,0,0,0.8523330688476562,0,-0.0036630630493164062,0,-0.014652252197265625
13220646528,18572120,18557,18557,0,0,0,0.8523330688476562,0,-0.0036630630493164062,0,-0.024419784545898438
13222398871,18573122,18558,18558,0,0,0,0.8523330688476562,0,-0.0036630630493164062,0,-0.024419784545898438
13224151214,18575129,18560,18560,0,0,0,0.8523330688476562,0,0.0036630630493164062,0,-0.024419784545898438
13225903557,18577132,18562,18562,0,0,0,0.8523330688476562,0,0.0036630630493164062,0,-0.024419784545898438
13227655900,18579125,18564,18564,0,0,0,0.8523330688476562,0,-0.010989189147949219,0,-0.024419784545898438
13229856985,18585133,18570,18570,0,0,0,0.8523330688476562,0,-0.0036630630493164062,0,-0.014652252197265625
13232058066,18587121,18572,18572,0,0,0,0.8523330688476562,0,-0.010989189147949219,0,-0.014652252197265625
13234259147,18589123,18574,18574,0,0,0,0.8523330688476562,0,0.0036630630493164062,0,-0.014652252197265625
13236460228,18590124,18575,18575,0,0,0,0.8523330688476562,0,-0.0036630630493164062,0,-0.014652252197265625
13238661309,18592135,18577,18577,0,0,0,0.8523330688476562,0,-0.0036630630493164062,0,-0.014652252197265625
13240862390,18594122,18579,18579,0,0,0,0.8523330688476562,0,-0.010989189147949219,0,-0.014652252197265625
13243063471,18596121,18581,18581,0,0,0,0.8523330688476562,0,-0.01831531524658203,0,-0.014652252197265625
13245264552,18598124,18583,18583,0,0,0,0.8523330688476562,0,0.010989189147949219,0,-0.014652252197265625
13247465633,18599121,18584,18584,0,0,0,0.8523330688476562,0,-0.0036630630493164062,0,-0.014652252197265625
13249666714,18601123,18586,18586,0,0,0,0.8523330688476562,0,-0.0036630630493164062,0,-0.024419784545898438
13251867795,18603121,18588,18588,0,0,0,0.8523330688476562,0,-0.0036630630493164062,0,-0.014652252197265625
13254068876,18605137,18590,18590,0,0,0,0.8523330688476562,0,-0.010989189147949219,0,-0.014652252197265625
13256269957,18606139,18591,18591,0,0,0,0.8523330688476562,0,0.0036630630493164062,0,-0.0048847198486328125
13258471038,18609121,18594,18594,0,0,0,0.8523330688476562,0,0.010989189147949219,0,-0.0048847198486328125
13260672119,18611124,18596,18596,0,0,0,0.8523330688476562,0,-0.0036630630493164062,0,-0.0048847198486328125
13262873200,18613121,18598,18598,0,0,0,0.8523330688476562,0,-0.010989189147949219,0,-0.014652252197265625
13264959676,18618122,18603,18603,0,0,0,0.8523330688476562,0,0.0036630630493164062,0,-0.014652252197265625
13267046142,18620135,18605,18605,0,0,0,0.8523330688476562,0,-0.0036630630493164062,0,-0.0048847198486328125
13269132608,18622123,18607,18607,0,0,0,0.8523330688476562,0,-0.0036630630493164062,0,-0.0048847198486328125
13271219074,18623123,18608,18608,0,0,0,0.8523330688476562,0,0.010989189147949219,0,-0.0048847198486328125
13273305540,18625129,18610,18610,0,0,0,0.8523330688476562,0,-0.010989189147949219,0,-0.0048847198486328125
13275392006,18627124,18612,18612,0,0,0,0.8523330688476562,0,0.0036630630493164062,0,-0.014652252197265625
13277478472,18630120,18615,18615,0,0,0,0.8523330688476562,0,-0.0036630630493164062,0,-0.0048847198486328125
13279564938,18631123,18616,18616,0,0,0,0.8523330688476562,0,-0.0036630630493164062,0,-0.0048847198486328125
13281651404,18633128,18618,18618,0,0,0,0.8523330688476562,0,-0.01831531524658203,0,-0.014652252197265625
13283737870,18635136,18620,18620,0,0,0,0.8523330688476562,0,-0.0036630630493164062,0,-0.014652252197265625
13285824336,18636120,18621,18621,0,0,0,0.8523330688476562,0,-0.0036630630493164062,0,-0.0048847198486328125
13287910802,18639123,18624,18624,0,0,0,0.8523330688476562,0,-0.0036630630493164062,0,-0.014652252197265625
13289997268,18641121,18626,18626,0,0,0,0.8523330688476562,0,-0.0036630630493164062,0,-0.014652252197265625
13292083734,18643124,18628,18628,0,0,0,0.8523330688476562,0,-0.0036630630493164062,0,-0.014652252197265625
13294170200,18645129,18630,18630,0,0,0,0.8523330688476562,0,0.0036630630493164062,0,-0.0048847198486328125
13296105156,18649125,18634,18634,0,0,0,0.8523330688476562,0,0.0036630630493164062,0,-0.0048847198486328125
13298040102,18650128,18635,18635,0,0,0,0.8523330688476562,0,-0.0036630630493164062,0,-0.014652252197265625
13299975048,18652124,18637,18637,0,0,0,0.8523330688476562,0,-0.0036630630493164062,0,-0.014652252197265625
13301909994,18654120,18639,18639,0,0,0,0.8523330688476562,0,-0.010989189147949219,0,-0.014652252197265625
13303844940,18656124,18641,18641,0,0,0,0.8523330688476562,0,-0.0036630630493164062,0,-0.024419784545898438
13305779886,18657121,18643,18643,0,0,0,0.8523330688476562,0,0.0036630630493164062,0,-0.014652252197265625
13307714832,18659121,18644,18644,0,0,0,0.8523330688476562,0,-0.010989189147949219,0,-0.0048847198486328125
13309649778,18661128,18646,18646,0,0,0,0.8523330688476562,0,-0.0036630630493164062,0,-0.0048847198486328125
13311584724,18663125,18648,18648,0,0,0,0.8523330688476562,0,0.0036630630493164062,0,-0.0048847198486328125
13313519670,18664125,18649,18649,0,0,0,0.8523330688476562,0,-0.0036630630493164062,0,-0.0048847198486328125
13315454616,18666120,18651,18651,0,0,0,0.8523330688476562,0,-0.01831531524658203,0,-0.014652252197265625
13317389562,18668122,18653,18653,0,0,0,0.8523330688476562,0,0.0036630630493164062,0,-0.014652252197265625
13319324508,18670120,18655,18655,0,0,0,0.8523330688476562,0,-0.0036630630493164062,0,-0.014652252197265625
13321259454,18672124,18657,18657,0,0,0,0.8523330688476562,0,-0.0036630630493164062,0,-0.014652252197265625
13323194400,18674120,18659,18659,0,0,0,0.8523330688476562,0,0.0036630630493164062,0,-0.014652252197265625
13324913405,18678121,18663,18663,0,0,0,0.8523330688476562,0,0.0036630630493164062,0,-0.024419784545898438
13326632398,18680122,18665,18665,0,0,0,0.8523330688476562,0,-0.0036630630493164062,0,-0.014652252197265625
13328351391,18681122,18666,18666,0,0,0,0.8523330688476562,0,-0.010989189147949219,0,-0.014652252197265625
13330070384,18683121,18668,18668,0,0,0,0.8523330688476562,0,0.0036630630493164062,0,-0.014652252197265625
13331789377,18685133,18670,18670,0,0,0,0.8523330688476562,0,-0.0036630630493164062,0,-0.0048847198486328125
13333508370,18686120,18672,18672,0,0,0,0.8523330688476562,0,-0.0036630630493164062,0,-0.0048847198486328125
13335227363,18688120,18673,18673,0,0,0,0.8523330688476562,0,-0.010989189147949219,0,-0.014652252197265625
13336946356,18690135,18675,18675,0,0,0,0.8523330688476562,0,0.0036630630493164062,0,-0.024419784545898438
13338665349,18692120,18677,18677,0,0,0,0.8523330688476562,0,-0.01831531524658203,0,-0.014652252197265625
13340384342,18693125,18679,18679,0,0,0,0.8523330688476562,0,0.0036630630493164062,0,-0.014652252197265625
13342103335,18695129,18680,18680,0,0,0,0.8523330688476562,0,-0.0036630630493164062,0,-0.014652252197265625
13343822328,18696121,18681,18681,0,0,0,0.8523330688476562,0,-0.0036630630493164062,0,-0.024419784545898438
13345541321,18698124,18683,18683,0,0,0,0.8523330688476562,0,0.0036630630493164062,0,-0.014652252197265625
13347260314,18699121,18684,18684,0,0,0,0.8523330688476562,0,-0.0036630630493164062,0,-0.014652252197265625
13348979307,18700129,18685,18685,0,0,0,0.8523330688476562,0,-0.0036630630493164062,0,-0.014652252197265625
13350698300,18702122,18687,18687,0,0,0,0.8523330688476562,0,-0.0036630630493164062,0,-0.014652252197265625
13352858945,18710122,18695,18695,0,0,0,0.8523330688476562,0,-0.0036630630493164062,0,-0.014652252197265625
13355019582,18711121,18696,18696,0,0,0,0.8523330688476562,0,0.0036630630493164062,0,-0.0048847198486328125
13357180219,18713122,18698,18698,0,0,0,0.8523330688476562,0,-0.0036630630493164062,0,-0.0048847198486328125
13359340856,18714124,18700,18700,0,0,0,0.8523330688476562,0,-0.0036630630493164062,0,-0.0048847198486328125
13361501493,18716120,18701,18701,0,0,0,0.8523330688476562,0,-0.0036630630493164062,0,-0.0048847198486328125
13363662130,18718137,18703,18703,0,0,0,0.8523330688476562,0,0.0036630630493164062,0,-0.0048847198486328125
13365822767,18720120,18705,18705,0,0,0,0.8523330688476562,0,-0.0036630630493164062,0,-0.0048847198486328125
13367983404,18722124,18707,18707,0,0,0,0.8523330688476562,0,-0.0036630630493164062,0,-0.0048847198486328125
13370144041,18724120,18709,18709,0,0,0,0.8523330688476562,0,-0.010989189147949219,0,-0.014652252197265625
13372304678,18726122,18711,18711,0,0,0,0.8523330688476562,0,-0.010989189147949219,0,-0.014652252197265625
13374465315,18727125,18712,18712,0,0,0,0.8523330688476562,0,0.0036630630493164062,0,-0.014652252197265625
13376625952,18729121,18714,18714,0,0,0,0.8523330688476562,0,-0.010989189147949219,0,-0.014652252197265625
13378786589,18731130,18716,18716,0,0,0,0.8523330688476562,0,-0.0036630630493164062,0,-0.014652252197265625
13380947226,18733125,18718,18718,0,0,0,0.8523330688476562,0,-0.010989189147949219,0,-0.0048847198486328125
13383107863,18735133,18720,18720,0,0,0,0.8523330688476562,0,-0.0036630630493164062,0,-0.0048847198486328125
13385268500,18737121,18722,18722,0,0,0,0.8523330688476562,0,-0.0036630630493164062,0,-0.0048847198486328125
13387240095,18740120,18726,18726,0,0,0,0.8523330688476562,0,-0.0036630630493164062,0,-0.014652252197265625
13389211682,18742121,18727,18727,0,0,0,0.8523330688476562,0,-0.0036630630493164062,0,-0.014652252197265625
13391183269,18744121,18729,18729,0,0,0,0.8523330688476562,0,0.010989189147949219,0,-0.014652252197265625
13393154856,18746135,18731,18731,0,0,0,0.8523330688476562,0,0.0036630630493164062,0,-0.014652252197265625
13395126443,18747127,18732,18732,0,0,0,0.8523330688476562,0,-0.01831531524658203,0,-0.014652252197265625
13397098030,18748120,18734,18734,0,0,0,0.8523330688476562,0,0.0036630630493164062,0,-0.014652252197265625
13399069617,18750128,18735,18735,0,0,0,0.8523330688476562,0,-0.01831531524658203,0,-0.014652252197265625
13401041204,18752123,18737,18737,0,0,0,0.8523330688476562,0,-0.010989189147949219,0,-0.014652252197265625
13403012791,18754120,18739,18739,0,0,0,0.8523330688476562,0,-0.0036630630493164062,0,-0.014652252197265625
13404984378,18756124,18741,18741,0,0,0,0.8523330688476562,0,-0.0036630630493164062,0,-0.014652252197265625
13406955965,18759131,18744,18744,0,0,0,0.8523330688476562,0,0.0036630630493164062,0,-0.014652252197265625
13408927552,18761125,18746,18746,0,0,0,0.8523330688476562,0,-0.0036630630493164062,0,-0.014652252197265625
13410899139,18763122,18748,18748,0,0,0,0.8523330688476562,0,-0.0036630630493164062,0,-0.014652252197265625
13412870726,18765129,18750,18750,0,0,0,0.8523330688476562,0,-0.0036630630493164062,0,-0.014652252197265625
13414842313,18767121,18752,18752,0,0,0,0.8523330688476562,0,-0.0036630630493164062,0,-0.014652252197265625
13416813900,18768123,18753,18753,0,0,0,0.8523330688476562,0,-0.010989189147949219,0,-0.014652252197265625
13418526735,18771121,18756,18756,0,0,0,0.8523330688476562,0,0.0036630630493164062,0,-0.014652252197265625
13420239566,18773129,18758,18758,0,0,0,0.8523330688476562,0,-0.0036630630493164062,0,-0.014652252197265625
13421952397,18774134,18759,18759,0,0,0,0.8523330688476562,0,-0.0036630630493164062,0,-0.014652252197265625
13423665228,18775133,18760,18760,0,0,0,0.8523330688476562,0,-0.0036630630493164062,0,-0.014652252197265625
13425378059,18776122,18762,18762,0,0,0,0.8523330688476562,0,-0.0036630630493164062,0,-0.014652252197265625
13427090890,18778120,18763,18763,0,0,0,0.8523330688476562,0,-0.010989189147949219,0,-0.014652252197265625
13428803721,18780124,18765,18765,0,0,0,0.8523330688476562,0,-0.0036630630493164062,0,-0.024419784545898438
13430516552,18782120,18767,18767,0,0,0,0.8523330688476562,0,-0.0036630630493164062,0,-0.014652252197265625
13432229383,18783121,18768,18768,0,0,0,0.8523330688476562,0,0.0036630630493164062,0,-0.014652252197265625
13433942214,18785133,18770,18770,0,0,0,0.8523330688476562,0,-0.0036630630493164062,0,-0.014652252197265625
13435655045,18786120,18771,18771,0,0,0,0.8523330688476562,0,-0.0036630630493164062,0,-0.014652252197265625
13437367876,18788136,18773,18773,0,0,0,0.8523330688476562,0,-0.0036630630493164062,0,-0.0048847198486328125
13439080707,18790120,18775,18775,0,0,0,0.8523330688476562,0,-0.0036630630493164062,0,-0.014652252197265625
13440793538,18792121,18777,18777,0,0,0,0.8523330688476562,0,-0.0036630630493164062,0,-0.014652252197265625
13442506369,18794120,18779,18779,0,0,0,0.8523330688476562,0,0.0036630630493164062,0,-0.014652252197265625
13444219200,18795129,18780,18780,0,0,0,0.8523330688476562,0,-0.0036630630493164062,0,-0.014652252197265625
13446007755,18799121,18784,18784,0,0,0,0.8523330688476562,0,-0.0036630630493164062,0,-0.0048847198486328125
13447796298,18801135,18786,18786,0,0,0,0.8523330688476562,0,0.0036630630493164062,0,-0.014652252197265625
13449584841,18802135,18787,18787,0,0,0,0.8523330688476562,0,-0.0036630630493164062,0,-0.0048847198486328125
13451373384,18803125,18788,18788,0,0,0,0.8523330688476562,0,0.0036630630493164062,0,-0.0048847198486328125
13453161927,18805131,18790,18790,0,0,0,0.8523330688476562,0,-0.010989189147949219,0,-0.014652252197265625
13454950470,18806120,18791,18791,0,0,0,0.8523330688476562,0,0.0036630630493164062,0,-0.0048847198486328125
13456739013,18807121,18792,18792,0,0,0,0.8523330688476562,0,-0.01831531524658203,0,-0.014652252197265625
13458527556,18809124,18794,18794,0,0,0,0.8523330688476562,0,-0.010989189147949219,0,-0.0048847198486328125
13460316099,18811120,18796,18796,0,0,0,0.8523330688476562,0,-0.0036630630493164062,0,-0.0048847198486328125
13462104642,18813122,18798,18798,0,0,0,0.8523330688476562,0,-0.0036630630493164062,0,0.0048847198486328125
13463893185,18814124,18799,18799,0,0,0,0.8523330688476562,0,-0.010989189147949219,0,-0.0048847198486328125
13465681728,18816135,18801,18801,0,0,0,0.8523330688476562,0,-0.0036630630493164062,0,-0.0048847198486328125
13467470271,18818122,18803,18803,0,0,0,0.8523330688476562,0,0.0036630630493164062,0,-0.014652252197265625
13469258814,18819121,18805,18805,0,0,0,0.8523330688476562,0,-0.0036630630493164062,0,-0.0048847198486328125
13471047357,18821122,18806,18806,0,0,0,0.8523330688476562,0,-0.0036630630493164062,0,-0.0048847198486328125
13472835900,18823121,18808,18808,0,0,0,0.8523330688476562,0,0.0036630630493164062,0,-0.0048847198486328125
13474645330,18831125,18816,18816,0,0,0,0.8523330688476562,0,-0.0036630630493164062,0,-0.014652252197265625
13476454748,18832122,18817,18817,0,0,0,0.8523330688476562,0,-0.010989189147949219,0,-0.0048847198486328125
13478264166,18834122,18819,18819,0,0,0,0.8523330688476562,0,-0.010989189147949219,0,-0.0048847198486328125
13480073584,18835129,18820,18820,0,0,0,0.8523330688476562,0,-0.010989189147949219,0,-0.0048847198486328125
13481883002,18836120,18821,18822,0,0,0,0.8523330688476562,0,-0.0036630630493164062,0,-0.014652252197265625
13483692420,18838124,18823,18823,0,0,0,0.8523330688476562,0,-0.0036630630493164062,0,-0.014652252197265625
13485501838,18839121,18824,18824,0,0,0,0.8523330688476562,0,-0.0036630630493164062,0,-0.014652252197265625
13487311256,18841121,18826,18826,0,0,0,0.8523330688476562,0,-0.0036630630493164062,0,-0.014652252197265625
13489120674,18842122,18827,18827,0,0,0,0.8523330688476562,0,-0.0036630630493164062,0,-0.0048847198486328125
13490930092,18844135,18829,18829,0,0,0,0.8523330688476562,0,0.0036630630493164062,0,-0.0048847198486328125
13492739510,18846120,18831,18831,0,0,0,0.8523330688476562,0,-0.0036630630493164062,0,-0.014652252197265625
13494548928,18847122,18832,18832,0,0,0,0.8523330688476562,0,-0.0036630630493164062,0,-0.0048847198486328125
13496358346,18849121,18834,18834,0,0,0,0.8523330688476562,0,-0.0036630630493164062,0,-0.0048847198486328125
13498167764,18850129,18835,18835,0,0,0,0.8523330688476562,0,0.0036630630493164062,0,-0.0048847198486328125
13499977182,18852123,18837,18837,0,0,0,0.8523330688476562,0,-0.0036630630493164062,0,-0.0048847198486328125
13501786600,18853121,18838,18838,0,0,0,0.8523330688476562,0,0.0036630630493164062,0,-0.0048847198486328125
13503201430,18856120,18841,18841,0,0,0,0.8523330688476562,0,-0.0036630630493164062,0,-0.0048847198486328125
13504637961,18857129,18842,18842,0,0,0,0.8523330688476562,0,-0.0036630630493164062,0,-0.0048847198486328125
13506074492,18858135,18843,18843,0,0,0,0.8523330688476562,0,0.0036630630493164062,0,-0.0048847198486328125
13507511023,18859128,18844,18844,0,0,0,0.8523330688476562,0,0.0036630630493164062,0,-0.0048847198486328125
13508947554,18861120,18846,18846,0,0,0,0.8523330688476562,0,-0.010989189147949219,0,-0.0048847198486328125
13510384085,18862120,18847,18847,0,0,0,0.8523330688476562,0,0.0036630630493164062,0,-0.014652252197265625
13511820616,18863123,18849,18849,0,0,0,0.8523330688476562,0,-0.010989189147949219,0,-0.024419784545898438
13513257147,18865129,18850,18850,0,0,0,0.8523330688476562,0,-0.0036630630493164062,0,-0.014652252197265625
13514693678,18866120,18851,18851,0,0,0,0.8523330688476562,0,-0.010989189147949219,0,-0.014652252197265625
13516130209,18867125,18852,18852,0,0,0,0.8523330688476562,0,-0.0036630630493164062,0,-0.014652252197265625
13517566740,18869121,18854,18854,0,0,0,0.8523330688476562,0,0.0036630630493164062,0,-0.014652252197265625
13519003271,18870121,18855,18855,0,0,0,0.8523330688476562,0,0.010989189147949219,0,-0.014652252197265625
13520439802,18871130,18856,18856,0,0,0,0.8523330688476562,0,-0.0036630630493164062,0,-0.014652252197265625
13521876333,18873125,18858,18858,0,0,0,0.8523330688476562,0,-0.01831531524658203,0,-0.014652252197265625
13523312864,18874120,18859,18859,0,0,0,0.8523330688476562,0,-0.0036630630493164062,0,-0.014652252197265625
13524749395,18875130,18860,18860,0,0,0,0.8523330688476562,0,0.0036630630493164062,0,-0.024419784545898438
13526185926,18879121,18864,18864,0,0,0,0.8523330688476562,0,-0.0036630630493164062,0,-0.014652252197265625
13527622457,18880124,18865,18865,0,0,0,0.8523330688476562,0,-0.0036630630493164062,0,-0.014652252197265625
13529058988,18881121,18866,18866,0,0,0,0.8523330688476562,0,-0.0036630630493164062,0,-0.014652252197265625
13530495519,18882120,18867,18867,0,0,0,0.8523330688476562,0,-0.010989189147949219,0,-0.014652252197265625
13531932050,18883121,18869,18869,0,0,0,0.8523330688476562,0,0.0036630630493164062,0,-0.014652252197265625
13533368581,18885137,18870,18870,0,0,0,0.8523330688476562,0,-0.0036630630493164062,0,-0.0048847198486328125
13534805112,18886135,18871,18871,0,0,0,0.8523330688476562,0,-0.010989189147949219,0,-0.014652252197265625
13536241643,18887125,18872,18872,0,0,0,0.8523330688476562,0,-0.0036630630493164062,0,-0.014652252197265625
13537678174,18889121,18874,18874,0,0,0,0.8523330688476562,0,-0.0036630630493164062,0,-0.014652252197265625
13539114705,18890120,18875,18875,0,0,0,0.8523330688476562,0,-0.0036630630493164062,0,-0.014652252197265625
13540551236,18891121,18876,18876,0,0,0,0.8523330688476562,0,0.0036630630493164062,0,-0.014652252197265625
13541987767,18893120,18878,18878,0,0,0,0.8523330688476562,0,-0.0036630630493164062,0,-0.014652252197265625
13543424298,18894120,18879,18879,0,0,0,0.8523330688476562,0,-0.0036630630493164062,0,-0.014652252197265625
13544860829,18896125,18881,18881,0,0,0,0.8523330688476562,0,-0.010989189147949219,0,-0.014652252197265625
13546297360,18897121,18882,18882,0,0,0,0.8523330688476562,0,-0.0036630630493164062,0,-0.014652252197265625
13547733891,18899129,18884,18884,0,0,0,0.8523330688476562,0,-0.010989189147949219,0,-0.014652252197265625
13549522460,18903121,18888,18888,0,0,0,0.8523330688476562,0,-0.0036630630493164062,0,-0.0048847198486328125
13551311016,18904120,18889,18889,0,0,0,0.8523330688476562,0,0.0036630630493164062,0,-0.014652252197265625
13553099572,18905131,18891,18891,0,0,0,0.8523330688476562,0,-0.010989189147949219,0,-0.0048847198486328125
13554888128,18907121,18892,18892,0,0,0,0.8523330688476562,0,0.0036630630493164062,0,-0.0048847198486328125
13556676684,18908120,18893,18893,0,0,0,0.8523330688476562,0,-0.0036630630493164062,0,-0.0048847198486328125
13558465240,18909125,18894,18894,0,0,0,0.8523330688476562,0,-0.0036630630493164062,0,-0.0048847198486328125
13560253796,18910120,18895,18895,0,0,0,0.8523330688476562,0,-0.010989189147949219,0,-0.0048847198486328125
13562042352,18912120,18897,18897,0,0,0,0.8523330688476562,0,-0.010989189147949219,0,-0.014652252197265625
13563830908,18913130,18898,18899,0,0,0,0.8523330688476562,0,-0.0036630630493164062,0,-0.0048847198486328125
13565619464,18915133,18900,18900,0,0,0,0.8523330688476562,0,-0.0036630630493164062,0,-0.0048847198486328125
13567408020,18918120,18903,18903,0,0,0,0.8523330688476562,0,-0.0036630630493164062,0,-0.014652252197265625
13569196576,18919121,18904,18904,0,0,0,0.8523330688476562,0,-0.0036630630493164062,0,-0.014652252197265625
13570985132,18922120,18907,18907,0,0,0,0.8523330688476562,0,-0.0036630630493164062,0,-0.014652252197265625
13572773688,18924120,18909,18909,0,0,0,0.8523330688476562,0,-0.0036630630493164062,0,-0.0048847198486328125
13574562244,18926120,18911,18911,0,0,0,0.8523330688476562,0,-0.0036630630493164062,0,-0.014652252197265625
13576350800,18927129,18912,18912,0,0,0,0.8523330688476562,0,0.0036630630493164062,0,-0.0048847198486328125
13578284675,18935129,18920,18920,0,0,0,0.8523330688476562,0,-0.0036630630493164062,0,-0.0048847198486328125
13580218550,18937120,18922,18922,0,0,0,0.8523330688476562,0,0.010989189147949219,0,-0.0048847198486328125
13582152425,18938124,18923,18923,0,0,0,0.8523330688476562,0,-0.010989189147949219,0,-0.0048847198486328125
13584086300,18940120,18925,18925,0,0,0,0.8523330688476562,0,-0.010989189147949219,0,-0.0048847198486328125
13586020175,18942137,18927,18927,0,0,0,0.8523330688476562,0,-0.0036630630493164062,0,-0.0048847198486328125
13587954050,18944121,18929,18929,0,0,0,0.8523330688476562,0,-0.0036630630493164062,0,-0.0048847198486328125
13589887925,18945129,18930,18930,0,0,0,0.8523330688476562,0,-0.010989189147949219,0,-0.014652252197265625
13591821800,18947121,18932,18932,0,0,0,0.8523330688476562,0,-0.0036630630493164062,0,-0.014652252197265625
13593755675,18948120,18933,18933,0,0,0,0.8523330688476562,0,-0.0036630630493164062,0,-0.014652252197265625
13595689550,18950130,18935,18935,0,0,0,0.8523330688476562,0,0.0036630630493164062,0,-0.0048847198486328125
13597623425,18951121,18936,18936,0,0,0,0.8523330688476562,0,-0.0036630630493164062,0,-0.0048847198486328125
13599557300,18953121,18938,18938,0,0,0,0.8523330688476562,0,-0.0036630630493164062,0,-0.014652252197265625
13601491175,18955137,18940,18940,0,0,0,0.8523330688476562,0,-0.010989189147949219,0,-0.014652252197265625
13603425050,18956134,18941,18941,0,0,0,0.8523330688476562,0,-0.010989189147949219,0,-0.014652252197265625
13605358925,18957125,18942,18942,0,0,0,0.8523330688476562,0,-0.010989189147949219,0,-0.014652252197265625
13607292800,18959125,18944,18944,0,0,0,0.8523330688476562,0,-0.0036630630493164062,0,-0.0048847198486328125
13609137835,18963123,18948,18948,0,0,0,0.8523330688476562,0,0.0036630630493164062,0,-0.0048847198486328125
13610982866,18964120,18949,18949,0,0,0,0.8523330688476562,0,0.0036630630493164062,0,-0.014652252197265625
13612827897,18966120,18951,18951,0,0,0,0.8523330688476562,0,-0.0036630630493164062,0,-0.014652252197265625
13614672928,18967125,18953,18953,0,0,0,0.8523330688476562,0,0.0036630630493164062,0,-0.014652252197265625
13616517959,18969128,18954,18954,0,0,0,0.8523330688476562,0,0.0036630630493164062,0,-0.014652252197265625
13618362990,18971126,18956,18956,0,0,0,0.8523330688476562,0,0.0036630630493164062,0,-0.014652252197265625
13620208021,18972120,18957,18957,0,0,0,0.8523330688476562,0,-0.01831531524658203,0,-0.024419784545898438
13622053052,18974120,18959,18959,0,0,0,0.8523330688476562,0,0.010989189147949219,0,-0.024419784545898438
13623898083,18976120,18961,18961,0,0,0,0.8523330688476562,0,-0.010989189147949219,0,-0.024419784545898438
13625743114,18978121,18963,18963,0,0,0,0.8523330688476562,0,-0.01831531524658203,0,-0.014652252197265625
13627588145,18979123,18964,18964,0,0,0,0.8523330688476562,0,-0.0036630630493164062,0,-0.024419784545898438
13629433176,18981121,18966,18966,0,0,0,0.8523330688476562,0,-0.0036630630493164062,0,-0.014652252197265625
13631278207,18982120,18967,18968,0,0,0,0.8523330688476562,0,-0.010989189147949219,0,-0.014652252197265625
13633123238,18984135,18969,18969,0,0,0,0.8523330688476562,0,-0.0036630630493164062,0,-0.0048847198486328125
13634968269,18986120,18971,18971,0,0,0,0.8523330688476562,0,0.0036630630493164062,0,-0.014652252197265625
13636813300,18988124,18973,18973,0,0,0,0.8523330688476562,0,0.0036630630493164062,0,-0.0048847198486328125
13638658355,18992123,18977,18977,0,0,0,0.8523330688476562,0,0.0036630630493164062,0,-0.014652252197265625
13640503398,18994120,18979,18979,0,0,0,0.8523330688476562,0,0.0036630630493164062,0,-0.0048847198486328125
13642348441,18996124,18981,18981,0,0,0,0.8523330688476562,0,0.0036630630493164062,0,0.0048847198486328125
13644193484,18997129,18982,18982,0,0,0,0.8523330688476562,0,-0.010989189147949219,0,-0.0048847198486328125
13646038527,18998135,18983,18983,0,0,0,0.8523330688476562,0,-0.0036630630493164062,0,-0.0048847198486328125
13647883570,19000131,18985,18985,0,0,0,0.8523330688476562,0,-0.010989189147949219,0,-0.0048847198486328125
13649728613,19002120,18987,18987,0,0,0,0.8523330688476562,0,0.0036630630493164062,0,-0.014652252197265625
13651573656,19005130,18990,18990,0,0,0,0.8523330688476562,0,-0.0036630630493164062,0,-0.014652252197265625
13653418699,19007121,18992,18992,0,0,0,0.8523330688476562,0,0.0036630630493164062,0,-0.014652252197265625
13655263742,19008122,18993,18993,0,0,0,0.8523330688476562,0,-0.0036630630493164062,0,-0.014652252197265625
13657108785,19010120,18995,18995,0,0,0,0.8523330688476562,0,-0.0036630630493164062,0,-0.014652252197265625
13658953828,19011128,18996,18996,0,0,0,0.8523330688476562,0,-0.0036630630493164062,0,-0.014652252197265625
13660798871,19013125,18998,18998,0,0,0,0.8523330688476562,0,-0.010989189147949219,0,-0.014652252197265625
13662643914,19014120,18999,18999,0,0,0,0.8523330688476562,0,-0.010989189147949219,0,-0.0048847198486328125
13664488957,19016122,19001,19001,0,0,0,0.8523330688476562,0,-0.010989189147949219,0,-0.0048847198486328125
13666334000,19017125,19002,19002,0,0,0,0.8523330688476562,0,-0.0036630630493164062,0,-0.0048847198486328125
13668238005,19021122,19006,19006,0,0,0,0.8523330688476562,0,0.0036630630493164062,0,-0.0048847198486328125
13670141998,19022120,19008,19008,0,0,0,0.8523330688476562,0,0.010989189147949219,0,-0.014652252197265625
13672045991,19025141,19010,19010,0,0,0,0.8523330688476562,0,-0.010989189147949219,0,-0.0048847198486328125
13673949984,19026135,19011,19011,0,0,0,0.8523330688476562,0,-0.010989189147949219,0,-0.0048847198486328125
13675853977,19028121,19013,19013,0,0,0,0.8523330688476562,0,0.0036630630493164062,0,-0.0048847198486328125
13677757970,19029123,19014,19014,0,0,0,0.8523330688476562,0,-0.0036630630493164062,0,-0.014652252197265625
13679661963,19031121,19016,19016,0,0,0,0.8523330688476562,0,-0.0036630630493164062,0,-0.014652252197265625
13681565956,19032121,19017,19017,0,0,0,0.8523330688476562,0,0.0036630630493164062,0,-0.014652252197265625
13683469949,19034120,19019,19019,0,0,0,0.8523330688476562,0,-0.010989189147949219,0,-0.014652252197265625
13685373942,19035129,19020,19020,0,0,0,0.8523330688476562,0,-0.01831531524658203,0,-0.014652252197265625
13687277935,19036121,19021,19021,0,0,0,0.8523330688476562,0,0.0036630630493164062,0,-0.014652252197265625
13689181928,19038120,19023,19023,0,0,0,0.8523330688476562,0,-0.0036630630493164062,0,-0.014652252197265625
13691085921,19039129,19024,19024,0,0,0,0.8523330688476562,0,-0.0036630630493164062,0,-0.014652252197265625
13692989914,19041128,19026,19026,0,0,0,0.8523330688476562,0,-0.01831531524658203,0,-0.014652252197265625
13694893907,19042121,19027,19027,0,0,0,0.8523330688476562,0,-0.0036630630493164062,0,-0.014652252197265625
13696797900,19046124,19031,19031,0,0,0,0.8523330688476562,0,-0.0036630630493164062,0,-0.014652252197265625
13698750580,19055133,19040,19040,0,0,0,0.8523330688476562,0,-0.010989189147949219,0,-0.014652252197265625
13700703248,19057122,19042,19042,0,0,0,0.8523330688476562,0,-0.0036630630493164062,0,-0.024419784545898438
13702655916,19058122,19043,19043,0,0,0,0.8523330688476562,0,-0.0036630630493164062,0,-0.014652252197265625
13704608584,19060120,19045,19045,0,0,0,0.8523330688476562,0,-0.0036630630493164062,0,-0.014652252197265625
13706561252,19062124,19047,19047,0,0,0,0.8523330688476562,0,-0.0036630630493164062,0,-0.014652252197265625
13708513920,19063121,19048,19048,0,0,0,0.8523330688476562,0,0.0036630630493164062,0,-0.014652252197265625
13710466588,19065129,19050,19050,0,0,0,0.8523330688476562,0,-0.0036630630493164062,0,-0.014652252197265625
13712419256,19066122,19051,19051,0,0,0,0.8523330688476562,0,-0.0036630630493164062,0,-0.014652252197265625
13714371924,19068135,19053,19053,0,0,0,0.8523330688476562,0,0.0036630630493164062,0,-0.014652252197265625
13716324592,19069125,19054,19054,0,0,0,0.8523330688476562,0,-0.0036630630493164062,0,-0.014652252197265625
13718277260,19071121,19056,19056,0,0,0,0.8523330688476562,0,-0.0036630630493164062,0,-0.014652252197265625
13720229928,19072120,19057,19057,0,0,0,0.8523330688476562,0,-0.0036630630493164062,0,-0.014652252197265625
13722182596,19073121,19058,19058,0,0,0,0.8523330688476562,0,-0.0036630630493164062,0,-0.014652252197265625
13724135264,19075133,19060,19060,0,0,0,0.8523330688476562,0,-0.0036630630493164062,0,-0.014652252197265625
13726087932,19078120,19063,19063,0,0,0,0.8523330688476562,0,-0.010989189147949219,0,-0.014652252197265625
13728040600,19079123,19064,19064,0,0,0,0.8523330688476562,0,-0.0036630630493164062,0,-0.014652252197265625
13729953085,19083129,19068,19068,0,0,0,0.8523330688476562,0,-0.0036630630493164062,0,-0.024419784545898438
13731865566,19085129,19070,19070,0,0,0,0.8523330688476562,0,-0.010989189147949219,0,-0.024419784545898438
13733778047,19086121,19071,19071,0,0,0,0.8523330688476562,0,-0.0036630630493164062,0,-0.014652252197265625
13735690528,19088120,19073,19073,0,0,0,0.8523330688476562,0,-0.010989189147949219,0,-0.014652252197265625
13737603009,19090120,19075,19075,0,0,0,0.8523330688476562,0,0.0036630630493164062,0,-0.014652252197265625
13739515490,19091124,19076,19076,0,0,0,0.8523330688476562,0,-0.0036630630493164062,0,-0.014652252197265625
13741427971,19094120,19079,19079,0,0,0,0.8523330688476562,0,-0.0036630630493164062,0,-0.014652252197265625
13743340452,19095139,19080,19080,0,0,0,0.8523330688476562,0,-0.0036630630493164062,0,-0.014652252197265625
13745252933,19098120,19083,19083,0,0,0,0.8523330688476562,0,-0.0036630630493164062,0,-0.014652252197265625
13747165414,19099125,19084,19084,0,0,0,0.8523330688476562,0,0.0036630630493164062,0,-0.024419784545898438
13749077895,19101123,19086,19086,0,0,0,0.8523330688476562,0,0.0036630630493164062,0,-0.024419784545898438
13750990376,19102121,19087,19087,0,0,0,0.8523330688476562,0,0.0036630630493164062,0,-0.014652252197265625
13752902857,19104124,19089,19089,0,0,0,0.8523330688476562,0,-0.010989189147949219,0,-0.014652252197265625
13754815338,19105129,19090,19090,0,0,0,0.8523330688476562,0,-0.0036630630493164062,0,-0.024419784545898438
13756727819,19107121,19092,19092,0,0,0,0.8523330688476562,0,-0.0036630630493164062,0,-0.024419784545898438
13758640300,19109129,19094,19094,0,0,0,0.8523330688476562,0,-0.010989189147949219,0,-0.014652252197265625
13760430335,19115129,19100,19100,0,0,0,0.8523330688476562,0,0.0036630630493164062,0,-0.014652252197265625
13762220366,19116122,19101,19101,0,0,0,0.8523330688476562,0,-0.0036630630493164062,0,-0.014652252197265625
13764010397,19118120,19103,19103,0,0,0,0.8523330688476562,0,0.0036630630493164062,0,-0.014652252197265625
13765800428,19119121,19104,19104,0,0,0,0.8523330688476562,0,0.0036630630493164062,0,-0.014652252197265625
13767590459,19121121,19106,19106,0,0,0,0.8523330688476562,0,-0.0036630630493164062,0,-0.014652252197265625
13769380490,19122120,19107,19107,0,0,0,0.8523330688476562,0,-0.010989189147949219,0,-0.0048847198486328125
13771170521,19124136,19109,19109,0,0,0,0.8523330688476562,0,-0.01831531524658203,0,-0.014652252197265625
13772960552,19126120,19111,19111,0,0,0,0.8523330688476562,0,-0.0036630630493164062,0,-0.014652252197265625
13774750583,19128124,19114,19114,0,0,0,0.8523330688476562,0,-0.010989189147949219,0,-0.014652252197265625
13776540614,19130120,19115,19115,0,0,0,0.8523330688476562,0,-0.0036630630493164062,0,-0.014652252197265625
13778330645,19131121,19116,19116,0,0,0,0.8523330688476562,0,0.0036630630493164062,0,-0.014652252197265625
13780120676,19133124,19118,19118,0,0,0,0.8523330688476562,0,-0.0036630630493164062,0,-0.014652252197265625
13781910707,19134120,19119,19119,0,0,0,0.8523330688476562,0,0.0036630630493164062,0,-0.0048847198486328125
13783700738,19135129,19121,19121,0,0,0,0.8523330688476562,0,0.0036630630493164062,0,-0.0048847198486328125
13785490769,19137130,19122,19122,0,0,0,0.8523330688476562,0,-0.010989189147949219,0,-0.014652252197265625
13787280800,19139125,19124,19124,0,0,0,0.8523330688476562,0,-0.010989189147949219,0,-0.014652252197265625
13788970660,19142120,19127,19127,0,0,0,0.8523330688476562,0,-0.0036630630493164062,0,-0.024419784545898438
13790660516,19144120,19129,19129,0,0,0,0.8523330688476562,0,0.0036630630493164062,0,-0.024419784545898438
13792350372,19145131,19130,19130,0,0,0,0.8523330688476562,0,-0.0036630630493164062,0,-0.014652252197265625
13794040228,19147121,19132,19132,0,0,0,0.8523330688476562,0,-0.01831531524658203,0,-0.014652252197265625
13795730084,19148120,19133,19133,0,0,0,0.8523330688476562,0,-0.0036630630493164062,0,-0.014652252197265625
13797419940,19149125,19134,19134,0,0,0,0.8523330688476562,0,-0.0036630630493164062,0,-0.014652252197265625
13799109796,19151128,19136,19136,0,0,0,0.8523330688476562,0,-0.0036630630493164062,0,-0.014652252197265625
13800799652,19152138,19137,19137,0,0,0,0.8523330688476562,0,-0.0036630630493164062,0,-0.014652252197265625
13802489508,19154120,19139,19139,0,0,0,0.8523330688476562,0,-0.0036630630493164062,0,-0.014652252197265625
13804179364,19155129,19140,19140,0,0,0,0.8523330688476562,0,-0.0036630630493164062,0,-0.014652252197265625
13805869220,19156120,19141,19141,0,0,0,0.8523330688476562,0,-0.0036630630493164062,0,-0.014652252197265625
13807559076,19158120,19143,19143,0,0,0,0.8523330688476562,0,-0.0036630630493164062,0,-0.014652252197265625
13809248932,19161123,19146,19146,0,0,0,0.8523330688476562,0,0.0036630630493164062,0,-0.0048847198486328125
13810938788,19163121,19148,19148,0,0,0,0.8523330688476562,0,-0.0036630630493164062,0,0.0048847198486328125
13812628644,19164120,19149,19149,0,0,0,0.8523330688476562,0,-0.0036630630493164062,0,0.0048847198486328125
13814318500,19166137,19151,19151,0,0,0,0.8523330688476562,0,-0.0036630630493164062,0,0.0048847198486328125
13816296600,19172121,19157,19157,0,0,0,0.8523330688476562,0,-0.0036630630493164062,0,-0.014652252197265625
13818274700,19174122,19159,19159,0,0,0,0.8523330688476562,0,0.0036630630493164062,0,-0.024419784545898438
13820252800,19175129,19160,19160,0,0,0,0.8523330688476562,0,-0.0036630630493164062,0,-0.03418731689453125
13822230900,19178124,19163,19163,0,0,0,0.8523330688476562,0,-0.0036630630493164062,0,-0.024419784545898438
13824209000,19179129,19164,19164,0,0,0,0.8523330688476562,0,-0.0036630630493164062,0,-0.024419784545898438
13826187100,19181125,19166,19166,0,0,0,0.8523330688476562,0,-0.0036630630493164062,0,-0.014652252197265625
13828165200,19182122,19167,19167,0,0,0,0.8523330688476562,0,-0.0036630630493164062,0,-0.0048847198486328125
13830143300,19184120,19169,19169,0,0,0,0.8523330688476562,0,0.0036630630493164062,0,-0.0048847198486328125
13832121400,19186124,19171,19171,0,0,0,0.8523330688476562,0,-0.0036630630493164062,0,-0.0048847198486328125
13834099500,19187121,19172,19172,0,0,0,0.8523330688476562,0,-0.0036630630493164062,0,-0.0048847198486328125
13836077600,19189121,19174,19174,0,0,0,0.8523330688476562,0,-0.010989189147949219,0,-0.0048847198486328125
13838055700,19190122,19176,19176,0,0,0,0.8523330688476562,0,-0.0036630630493164062,0,-0.0048847198486328125
13840033800,19192120,19177,19177,0,0,0,0.8523330688476562,0,-0.0036630630493164062,0,-0.0048847198486328125
13842011900,19194135,19179,19179,0,0,0,0.8523330688476562,0,-0.0036630630493164062,0,-0.0048847198486328125
13843990000,19195135,19180,19180,0,0,0,0.8523330688476562,0,0.0036630630493164062,0,-0.0048847198486328125
13845968100,19197120,19182,19182,0,0,0,0.8523330688476562,0,-0.0036630630493164062,0,-0.0048847198486328125
13847617760,19201123,19186,19186,0,0,0,0.8523330688476562,0,0.0036630630493164062,0,-0.014652252197265625
13849267416,19202120,19187,19187,0,0,0,0.8523330688476562,0,-0.01831531524658203,0,-0.014652252197265625
13850917072,19204121,19189,19189,0,0,0,0.8523330688476562,0,-0.0036630630493164062,0,-0.0048847198486328125
13852566728,19205129,19190,19190,0,0,0,0.8523330688476562,0,-0.0036630630493164062,0,-0.014652252197265625
13854216384,19207133,19192,19192,0,0,0,0.8523330688476562,0,-0.0036630630493164062,0,-0.014652252197265625
13855866040,19209125,19194,19194,0,0,0,0.8523330688476562,0,0.0036630630493164062,0,-0.014652252197265625
13857515696,19211123,19196,19196,0,0,0,0.8523330688476562,0,0.0036630630493164062,0,-0.014652252197265625
13859165352,19212120,19197,19197,0,0,0,0.8523330688476562,0,-0.0036630630493164062,0,-0.014652252197265625
13860815008,19213121,19198,19199,0,0,0,0.8523330688476562,0,0.0036630630493164062,0,-0.014652252197265625
13862464664,19215133,19200,19200,0,0,0,0.8523330688476562,0,-0.010989189147949219,0,-0.014652252197265625
13864114320,19217121,19202,19202,0,0,0,0.8523330688476562,0,0.0036630630493164062,0,-0.0048847198486328125
13865763976,19218120,19204,19204,0,0,0,0.8523330688476562,0,0.0036630630493164062,0,-0.014652252197265625
13867413632,19220124,19205,19205,0,0,0,0.8523330688476562,0,-0.01831531524658203,0,-0.014652252197265625
13869063288,19221129,19206,19206,0,0,0,0.8523330688476562,0,-0.0036630630493164062,0,-0.014652252197265625
13870712944,19223125,19208,19208,0,0,0,0.8523330688476562,0,-0.010989189147949219,0,-0.014652252197265625
13872362600,19224122,19209,19209,0,0,0,0.8523330688476562,0,0.0036630630493164062,0,-0.024419784545898438
13874161110,19227121,19212,19212,0,0,0,0.8523330688476562,0,-0.0036630630493164062,0,-0.014652252197265625
13875959616,19229121,19214,19214,0,0,0,0.8523330688476562,0,0.0036630630493164062,0,-0.024419784545898438
13877758122,19230120,19215,19215,0,0,0,0.8523330688476562,0,-0.010989189147949219,0,-0.014652252197265625
13879556628,19232122,19217,19217,0,0,0,0.8523330688476562,0,-0.0036630630493164062,0,-0.014652252197265625
13881355134,19234120,19219,19219,0,0,0,0.8523330688476562,0,-0.0036630630493164062,0,-0.014652252197265625
13883153640,19235136,19220,19220,0,0,0,0.8523330688476562,0,-0.0036630630493164062,0,-0.014652252197265625
13884952146,19237125,19222,19222,0,0,0,0.8523330688476562,0,-0.010989189147949219,0,-0.0048847198486328125
13886750652,19238120,19223,19223,0,0,0,0.8523330688476562,0,0.0036630630493164062,0,-0.0048847198486328125
13888549158,19240122,19225,19225,0,0,0,0.8523330688476562,0,-0.0036630630493164062,0,-0.0048847198486328125
13890347664,19242120,19227,19227,0,0,0,0.8523330688476562,0,0.0036630630493164062,0,-0.0048847198486328125
13892146170,19243121,19228,19229,0,0,0,0.8523330688476562,0,-0.010989189147949219,0,-0.014652252197265625
13893944676,19245130,19230,19230,0,0,0,0.8523330688476562,0,0.0036630630493164062,0,-0.0048847198486328125
13895743182,19247121,19232,19232,0,0,0,0.8523330688476562,0,-0.010989189147949219,0,-0.0048847198486328125
13897541688,19249133,19234,19234,0,0,0,0.8523330688476562,0,-0.0036630630493164062,0,-0.014652252197265625
13899340194,19250143,19235,19235,0,0,0,0.8523330688476562,0,0.0036630630493164062,0,-0.014652252197265625
13901138700,19252123,19237,19237,0,0,0,0.8523330688476562,0,-0.010989189147949219,0,-0.014652252197265625
13903028025,19256120,19241,19241,0,0,0,0.8523330688476562,0,-0.0036630630493164062,0,-0.014652252197265625
13904917350,19258120,19243,19243,0,0,0,0.8523330688476562,0,0.0036630630493164062,0,-0.0048847198486328125
13906806675,19260120,19245,19245,0,0,0,0.8523330688476562,0,-0.0036630630493164062,0,-0.0048847198486328125
13908696000,19262120,19247,19247,0,0,0,0.8523330688476562,0,0.0036630630493164062,0,-0.014652252197265625
13910585325,19263129,19248,19248,0,0,0,0.8523330688476562,0,-0.010989189147949219,0,-0.0048847198486328125
13912474650,19265137,19250,19250,0,0,0,0.8523330688476562,0,-0.010989189147949219,0,-0.014652252197265625
13914363975,19267121,19252,19252,0,0,0,0.8523330688476562,0,-0.01831531524658203,0,-0.014652252197265625
13916253300,19268121,19253,19253,0,0,0,0.8523330688476562,0,0.0036630630493164062,0,-0.0048847198486328125
13918142625,19270120,19255,19255,0,0,0,0.8523330688476562,0,0.0036630630493164062,0,-0.0048847198486328125
13920031950,19272120,19258,19258,0,0,0,0.8523330688476562,0,-0.010989189147949219,0,-0.014652252197265625
13921921275,19274120,19259,19259,0,0,0,0.8523330688476562,0,0.0036630630493164062,0,-0.014652252197265625
13923810600,19276121,19261,19261,0,0,0,0.8523330688476562,0,-0.01831531524658203,0,-0.0048847198486328125
13925699925,19278139,19263,19263,0,0,0,0.8523330688476562,0,0.0036630630493164062,0,-0.0048847198486328125
13927589250,19280120,19265,19265,0,0,0,0.8523330688476562,0,-0.010989189147949219,0,-0.014652252197265625
13929478575,19281121,19266,19266,0,0,0,0.8523330688476562,0,-0.0036630630493164062,0,-0.014652252197265625
13931367900,19282122,19268,19268,0,0,0,0.8523330688476562,0,-0.010989189147949219,0,-0.014652252197265625
13933225345,19289121,19274,19274,0,0,0,0.8523330688476562,0,-0.010989189147949219,0,-0.014652252197265625
13935082782,19290122,19275,19275,0,0,0,0.8523330688476562,0,0.010989189147949219,0,-0.014652252197265625
13936940219,19292135,19277,19277,0,0,0,0.8523330688476562,0,0.0036630630493164062,0,-0.014652252197265625
13938797656,19294124,19279,19279,0,0,0,0.8523330688476562,0,-0.0036630630493164062,0,-0.0048847198486328125
13940655093,19296121,19281,19281,0,0,0,0.8523330688476562,0,-0.010989189147949219,0,-0.014652252197265625
13942512530,19297121,19282,19282,0,0,0,0.8523330688476562,0,-0.0036630630493164062,0,-0.014652252197265625
13944369967,19299121,19284,19284,0,0,0,0.8523330688476562,0,-0.0036630630493164062,0,-0.014652252197265625
13946227404,19300130,19285,19285,0,0,0,0.8523330688476562,0,0.0036630630493164062,0,-0.014652252197265625
13948084841,19301123,19286,19286,0,0,0,0.8523330688476562,0,-0.0036630630493164062,0,-0.0048847198486328125
13949942278,19303121,19288,19288,0,0,0,0.8523330688476562,0,-0.0036630630493164062,0,-0.0048847198486328125
13951799715,19304120,19289,19289,0,0,0,0.8523330688476562,0,-0.0036630630493164062,0,-0.0048847198486328125
13953657152,19306137,19291,19291,0,0,0,0.8523330688476562,0,-0.0036630630493164062,0,-0.0048847198486328125
13955514589,19307129,19292,19292,0,0,0,0.8523330688476562,0,-0.0036630630493164062,0,-0.0048847198486328125
13957372026,19308121,19293,19293,0,0,0,0.8523330688476562,0,-0.0036630630493164062,0,-0.014652252197265625
13959229463,19311123,19296,19296,0,0,0,0.8523330688476562,0,-0.0036630630493164062,0,-0.0048847198486328125
13961086900,19312120,19297,19297,0,0,0,0.8523330688476562,0,0.0036630630493164062,0,-0.0048847198486328125
13962757550,19316121,19301,19301,0,0,0,0.8523330688476562,0,-0.0036630630493164062,0,-0.0048847198486328125
13964428200,19317121,19302,19302,0,0,0,0.8523330688476562,0,-0.0036630630493164062,0,-0.0048847198486328125
13966098850,19319131,19304,19304,0,0,0,0.8523330688476562,0,0.0036630630493164062,0,0.0048847198486328125
13967769500,19320134,19305,19305,0,0,0,0.8523330688476562,0,-0.0036630630493164062,0,0.0048847198486328125
13969440150,19322120,19307,19307,0,0,0,0.8523330688476562,0,-0.0036630630493164062,0,0.0048847198486328125
13971110800,19323124,19308,19308,0,0,0,0.8523330688476562,0,0.010989189147949219,0,-0.0048847198486328125
13972781450,19325129,19310,19310,0,0,0,0.8523330688476562,0,-0.0036630630493164062,0,0.0048847198486328125
13974452100,19328120,19313,19313,0,0,0,0.8523330688476562,0,-0.010989189147949219,0,-0.0048847198486328125
13976122750,19329121,19314,19314,0,0,0,0.8523330688476562,0,0.0036630630493164062,0,-0.014652252197265625
13977793400,19331124,19316,19316,0,0,0,0.8523330688476562,0,0.0036630630493164062,0,-0.014652252197265625
13979464050,19332122,19317,19317,0,0,0,0.8523330688476562,0,0.0036630630493164062,0,-0.014652252197265625
13981134700,19333128,19318,19318,0,0,0,0.8523330688476562,0,0.0036630630493164062,0,-0.014652252197265625
13982805350,19335135,19320,19320,0,0,0,0.8523330688476562,0,0.0036630630493164062,0,-0.014652252197265625
13984476000,19336124,19321,19321,0,0,0,0.8523330688476562,0,-0.010989189147949219,0,-0.014652252197265625
13986146650,19337121,19322,19322,0,0,0,0.8523330688476562,0,0.0036630630493164062,0,-0.014652252197265625
13987817300,19339121,19324,19324,0,0,0,0.8523330688476562,0,0.0036630630493164062,0,-0.014652252197265625
13989461580,19343121,19328,19328,0,0,0,0.8523330688476562,0,-0.01831531524658203,0,-0.014652252197265625
13991105848,19344124,19329,19329,0,0,0,0.8523330688476562,0,-0.0036630630493164062,0,-0.0048847198486328125
13992750116,19346120,19331,19331,0,0,0,0.8523330688476562,0,0.0036630630493164062,0,0.0048847198486328125
13994394384,19347129,19332,19332,0,0,0,0.8523330688476562,0,-0.0036630630493164062,0,-0.0048847198486328125
13996038652,19348137,19333,19333,0,0,0,0.8523330688476562,0,-0.0036630630493164062,0,-0.0048847198486328125
13997682920,19350128,19335,19335,0,0,0,0.8523330688476562,0,-0.0036630630493164062,0,-0.0048847198486328125
13999327188,19353121,19338,19338,0,0,0,0.8523330688476562,0,-0.0036630630493164062,0,-0.0048847198486328125
14000971456,19354120,19339,19339,0,0,0,0.8523330688476562,0,-0.010989189147949219,0,-0.0048847198486328125
14002615724,19355129,19340,19340,0,0,0,0.8523330688476562,0,-0.0036630630493164062,0,-0.014652252197265625
14004259992,19357121,19342,19342,0,0,0,0.8523330688476562,0,0.010989189147949219,0,-0.0048847198486328125
14005904260,19358120,19343,19343,0,0,0,0.8523330688476562,0,0.0036630630493164062,0,-0.0048847198486328125
14007548528,19359121,19344,19344,0,0,0,0.8523330688476562,0,-0.01831531524658203,0,-0.014652252197265625
14009192796,19361128,19346,19346,0,0,0,0.8523330688476562,0,0.0036630630493164062,0,-0.014652252197265625
14010837064,19363125,19348,19348,0,0,0,0.8523330688476562,0,-0.0036630630493164062,0,-0.014652252197265625
14012481332,19364123,19349,19349,0,0,0,0.8523330688476562,0,0.0036630630493164062,0,-0.014652252197265625
14014125600,19365133,19350,19350,0,0,0,0.8523330688476562,0,0.0036630630493164062,0,-0.0048847198486328125
14015590050,19368120,19353,19353,0,0,0,0.8523330688476562,0,-0.010989189147949219,0,-0.014652252197265625
14017054500,19370120,19355,19355,0,0,0,0.8523330688476562,0,-0.010989189147949219,0,-0.014652252197265625
14018518950,19371121,19356,19356,0,0,0,0.8523330688476562,0,-0.0036630630493164062,0,-0.014652252197265625
14019983400,19372120,19357,19357,0,0,0,0.8523330688476562,0,-0.010989189147949219,0,-0.014652252197265625
14021447850,19373124,19358,19358,0,0,0,0.8523330688476562,0,0.0036630630493164062,0,-0.014652252197265625
14022912300,19375137,19360,19360,0,0,0,0.8523330688476562,0,-0.0036630630493164062,0,-0.014652252197265625
14024376750,19376135,19361,19361,0,0,0,0.8523330688476562,0,-0.010989189147949219,0,-0.0048847198486328125
14025841200,19377127,19363,19363,0,0,0,0.8523330688476562,0,-0.010989189147949219,0,-0.0048847198486328125
14027305650,19379121,19364,19364,0,0,0,0.8523330688476562,0,0.0036630630493164062,0,0.0048847198486328125
14028770100,19380120,19365,19365,0,0,0,0.8523330688476562,0,0.0036630630493164062,0,-0.0048847198486328125
14030234550,19382120,19367,19367,0,0,0,0.8523330688476562,0,0.0036630630493164062,0,-0.0048847198486328125
14031699000,19383121,19368,19368,0,0,0,0.8523330688476562,0,-0.0036630630493164062,0,-0.0048847198486328125
14033163450,19384120,19369,19369,0,0,0,0.8523330688476562,0,-0.0036630630493164062,0,-0.0048847198486328125
14034627900,19386120,19371,19371,0,0,0,0.8523330688476562,0,-0.0036630630493164062,0,-0.0048847198486328125
14036092350,19388120,19373,19373,0,0,0,0.8523330688476562,0,-0.010989189147949219,0,-0.0048847198486328125
14037556800,19389132,19374,19374,0,0,0,0.8523330688476562,0,-0.0036630630493164062,0,-0.0048847198486328125
14040413425,19398122,19383,19383,0,0,0,0.8523330688476562,0,-0.0036630630493164062,0,-0.014652252197265625
14042720958,19400130,19385,19385,0,0,0,0.8523330688476562,0,0.0036630630493164062,0,-0.0048847198486328125
14045028491,19403129,19388,19388,0,0,0,0.8523330688476562,0,-0.010989189147949219,0,-0.0048847198486328125
14047336024,19406122,19391,19391,0,0,0,0.8523330688476562,0,-0.0036630630493164062,0,-0.014652252197265625
14049643557,19408120,19393,19393,0,0,0,0.8523330688476562,0,-0.010989189147949219,0,-0.0048847198486328125
14051951090,19410124,19395,19395,0,0,0,0.8523330688476562,0,0.0036630630493164062,0,-0.014652252197265625
14054258623,19415129,19400,19400,0,0,0,0.8523330688476562,0,-0.0036630630493164062,0,-0.0048847198486328125
14056566156,19421121,19406,19406,0,0,0,0.8523330688476562,0,0.0036630630493164062,0,-0.0048847198486328125
14058873689,19422122,19407,19407,0,0,0,0.8523330688476562,0,0.0036630630493164062,0,-0.014652252197265625
14061181222,19424120,19409,19409,0,0,0,0.8523330688476562,0,0.0036630630493164062,0,-0.014652252197265625
14063488755,19425129,19410,19410,0,0,0,0.8523330688476562,0,-0.010989189147949219,0,-0.0048847198486328125
14065796288,19427123,19412,19412,0,0,0,0.8523330688476562,0,-0.01831531524658203,0,-0.024419784545898438
14068103821,19428121,19413,19413,0,0,0,0.8523330688476562,0,-0.0036630630493164062,0,-0.014652252197265625
14070411354,19431132,19416,19416,0,0,0,0.8523330688476562,0,-0.010989189147949219,0,-0.014652252197265625
14072718887,19433125,19418,19418,0,0,0,0.8523330688476562,0,-0.0036630630493164062,0,-0.014652252197265625
14075026420,19435131,19420,19420,0,0,0,0.8523330688476562,0,0.0036630630493164062,0,-0.0048847198486328125
14077333953,19438120,19423,19423,0,0,0,0.8523330688476562,0,-0.0036630630493164062,0,-0.0048847198486328125
14079641486,19439124,19424,19424,0,0,0,0.8523330688476562,0,-0.0036630630493164062,0,-0.0048847198486328125
14081949019,19440121,19425,19425,0,0,0,0.8523330688476562,0,0.0036630630493164062,0,-0.0048847198486328125
14084256552,19442120,19427,19427,0,0,0,0.8523330688476562,0,-0.0036630630493164062,0,-0.0048847198486328125
14086564085,19443122,19428,19429,0,0,0,0.8523330688476562,0,-0.0036630630493164062,0,-0.0048847198486328125
14088871618,19445137,19430,19430,0,0,0,0.8523330688476562,0,-0.0036630630493164062,0,-0.0048847198486328125
14091179151,19446135,19431,19431,0,0,0,0.8523330688476562,0,0.0036630630493164062,0,-0.0048847198486328125
14093486684,19448120,19433,19433,0,0,0,0.8523330688476562,0,-0.01831531524658203,0,-0.0048847198486328125
14095794217,19449121,19434,19434,0,0,0,0.8523330688476562,0,-0.0036630630493164062,0,-0.0048847198486328125
14098101750,19450128,19435,19435,0,0,0,0.8523330688476562,0,-0.0036630630493164062,0,-0.0048847198486328125
14100409283,19451123,19436,19436,0,0,0,0.8523330688476562,0,0.0036630630493164062,0,-0.014652252197265625
14101955245,19455129,19440,19440,0,0,0,0.8523330688476562,0,-0.0036630630493164062,0,-0.014652252197265625
14103501182,19456122,19441,19441,0,0,0,0.8523330688476562,0,-0.0036630630493164062,0,-0.014652252197265625
14105047119,19458121,19443,19443,0,0,0,0.8523330688476562,0,-0.010989189147949219,0,-0.014652252197265625
14106593056,19459129,19444,19444,0,0,0,0.8523330688476562,0,-0.010989189147949219,0,-0.014652252197265625
14108138993,19461125,19446,19446,0,0,0,0.8523330688476562,0,-0.0036630630493164062,0,-0.014652252197265625
14109684930,19462120,19447,19447,0,0,0,0.8523330688476562,0,-0.0036630630493164062,0,-0.014652252197265625
14111230867,19464123,19449,19449,0,0,0,0.8523330688476562,0,-0.0036630630493164062,0,-0.014652252197265625
14112776804,19465129,19450,19450,0,0,0,0.8523330688476562,0,-0.0036630630493164062,0,-0.014652252197265625
14114322741,19466120,19451,19452,0,0,0,0.8523330688476562,0,-0.0036630630493164062,0,-0.014652252197265625
14115868678,19468124,19453,19453,0,0,0,0.8523330688476562,0,-0.0036630630493164062,0,-0.014652252197265625
14117414615,19469121,19454,19454,0,0,0,0.8523330688476562,0,-0.010989189147949219,0,-0.014652252197265625
14118960552,19471121,19456,19456,0,0,0,0.8523330688476562,0,-0.0036630630493164062,0,-0.014652252197265625
14120506489,19472122,19457,19457,0,0,0,0.8523330688476562,0,-0.0036630630493164062,0,-0.024419784545898438
14122052426,19473129,19458,19458,0,0,0,0.8523330688476562,0,-0.0036630630493164062,0,-0.014652252197265625
14123598363,19474135,19459,19459,0,0,0,0.8523330688476562,0,-0.010989189147949219,0,-0.0048847198486328125
14125144300,19476124,19461,19461,0,0,0,0.8523330688476562,0,-0.0036630630493164062,0,-0.0048847198486328125
14126830170,19480122,19465,19465,0,0,0,0.8523330688476562,0,-0.0036630630493164062,0,-0.014652252197265625
14128516032,19482120,19467,19467,0,0,0,0.8523330688476562,0,-0.010989189147949219,0,-0.014652252197265625
14130201894,19484121,19469,19469,0,0,0,0.8523330688476562,0,0.0036630630493164062,0,-0.014652252197265625
14131887756,19485131,19470,19470,0,0,0,0.8523330688476562,0,-0.0036630630493164062,0,-0.024419784545898438
14133573618,19487129,19472,19472,0,0,0,0.8523330688476562,0,-0.0036630630493164062,0,-0.024419784545898438
14135259480,19488135,19473,19473,0,0,0,0.8523330688476562,0,0.0036630630493164062,0,-0.014652252197265625
14136945342,19490120,19475,19475,0,0,0,0.8523330688476562,0,-0.01831531524658203,0,-0.014652252197265625
14138631204,19491120,19476,19476,0,0,0,0.8523330688476562,0,-0.010989189147949219,0,-0.014652252197265625
14140317066,19493123,19478,19478,0,0,0,0.8523330688476562,0,-0.0036630630493164062,0,-0.014652252197265625
14142002928,19494120,19479,19479,0,0,0,0.8523330688476562,0,0.0036630630493164062,0,-0.014652252197265625
14143688790,19496121,19481,19481,0,0,0,0.8523330688476562,0,-0.010989189147949219,0,-0.014652252197265625
14145374652,19497124,19482,19482,0,0,0,0.8523330688476562,0,-0.0036630630493164062,0,-0.014652252197265625
14147060514,19499121,19484,19484,0,0,0,0.8523330688476562,0,0.0036630630493164062,0,-0.014652252197265625
14148746376,19501133,19486,19486,0,0,0,0.8523330688476562,0,-0.0036630630493164062,0,-0.014652252197265625
14150432238,19503125,19488,19488,0,0,0,0.8523330688476562,0,0.0036630630493164062,0,-0.014652252197265625
14152118100,19504120,19489,19489,0,0,0,0.8523330688476562,0,-0.0036630630493164062,0,-0.014652252197265625
14153571580,19508121,19493,19493,0,0,0,0.8523330688476562,0,0.0036630630493164062,0,-0.024419784545898438
14154881729,19509123,19494,19494,0,0,0,0.8523330688476562,0,0.010989189147949219,0,-0.014652252197265625
14156191878,19511121,19496,19496,0,0,0,0.8523330688476562,0,0.0036630630493164062,0,-0.0048847198486328125
14157502027,19512121,19497,19497,0,0,0,0.8523330688476562,0,0.0036630630493164062,0,-0.0048847198486328125
14158812176,19514122,19499,19499,0,0,0,0.8523330688476562,0,-0.01831531524658203,0,-0.0048847198486328125
14160122325,19515136,19500,19500,0,0,0,0.8523330688476562,0,0.0036630630493164062,0,-0.0048847198486328125
14161432474,19516135,19501,19501,0,0,0,0.8523330688476562,0,-0.0036630630493164062,0,-0.0048847198486328125
14162742623,19517124,19502,19502,0,0,0,0.8523330688476562,0,-0.0036630630493164062,0,-0.014652252197265625
14164052772,19518124,19503,19503,0,0,0,0.8523330688476562,0,-0.0036630630493164062,0,-0.014652252197265625
14165362921,19520120,19505,19505,0,0,0,0.8523330688476562,0,-0.0036630630493164062,0,-0.014652252197265625
14166673070,19520120,19505,19506,0,0,0,0.8523330688476562,0,-0.0036630630493164062,0,-0.014652252197265625
14167983219,19522122,19507,19507,0,0,0,0.8523330688476562,0,-0.0036630630493164062,0,-0.014652252197265625
14169293368,19523120,19508,19508,0,0,0,0.8523330688476562,0,-0.0036630630493164062,0,-0.014652252197265625
14170603517,19524120,19509,19509,0,0,0,0.8523330688476562,0,0.0036630630493164062,0,-0.014652252197265625
14171913666,19525129,19510,19510,0,0,0,0.8523330688476562,0,0.0036630630493164062,0,-0.014652252197265625
14173223815,19526124,19511,19511,0,0,0,0.8523330688476562,0,-0.0036630630493164062,0,-0.014652252197265625
14174533964,19529129,19514,19514,0,0,0,0.8523330688476562,0,-0.01831531524658203,0,-0.014652252197265625
14175844113,19530136,19515,19515,0,0,0,0.8523330688476562,0,0.0036630630493164062,0,-0.014652252197265625
14177154262,19531125,19516,19516,0,0,0,0.8523330688476562,0,-0.0036630630493164062,0,-0.014652252197265625
14178464411,19532121,19518,19518,0,0,0,0.8523330688476562,0,-0.01831531524658203,0,-0.014652252197265625
14179774560,19533120,19518,19518,0,0,0,0.8523330688476562,0,-0.0036630630493164062,0,-0.014652252197265625
14181084709,19534123,19519,19519,0,0,0,0.8523330688476562,0,0.0036630630493164062,0,-0.014652252197265625
14182394858,19535129,19520,19521,0,0,0,0.8523330688476562,0,0.0036630630493164062,0,-0.014652252197265625
14183705007,19537121,19522,19522,0,0,0,0.8523330688476562,0,-0.0036630630493164062,0,-0.0048847198486328125
14185015156,19538122,19523,19523,0,0,0,0.8523330688476562,0,0.0036630630493164062,0,-0.014652252197265625
14186325305,19539125,19524,19524,0,0,0,0.8523330688476562,0,-0.010989189147949219,0,-0.014652252197265625
14187635454,19540120,19525,19525,0,0,0,0.8523330688476562,0,0.0036630630493164062,0,-0.014652252197265625
14188945603,19541120,19526,19526,0,0,0,0.8523330688476562,0,0.0036630630493164062,0,-0.014652252197265625
14190255752,19542120,19527,19527,0,0,0,0.8523330688476562,0,-0.010989189147949219,0,-0.014652252197265625
14191565901,19543130,19528,19528,0,0,0,0.8523330688476562,0,0.0036630630493164062,0,-0.0048847198486328125
14192876050,19545133,19530,19530,0,0,0,0.8523330688476562,0,-0.01831531524658203,0,-0.0048847198486328125
14194186199,19546120,19531,19531,0,0,0,0.8523330688476562,0,-0.0036630630493164062,0,-0.014652252197265625
14195612550,19548120,19533,19533,0,0,0,0.8523330688476562,0,-0.010989189147949219,0,-0.014652252197265625
14197038900,19549121,19534,19534,0,0,0,0.8523330688476562,0,-0.0036630630493164062,0,-0.014652252197265625
14198465250,19551124,19536,19536,0,0,0,0.8523330688476562,0,-0.0036630630493164062,0,-0.014652252197265625
14199891600,19553121,19538,19538,0,0,0,0.8523330688476562,0,-0.0036630630493164062,0,-0.014652252197265625
14201317950,19554120,19539,19539,0,0,0,0.8523330688476562,0,-0.0036630630493164062,0,-0.014652252197265625
14202744300,19555133,19540,19541,0,0,0,0.8523330688476562,0,-0.0036630630493164062,0,-0.014652252197265625
14204170650,19557129,19542,19542,0,0,0,0.8523330688476562,0,-0.0036630630493164062,0,-0.014652252197265625
14205597000,19558136,19543,19543,0,0,0,0.8523330688476562,0,-0.0036630630493164062,0,-0.014652252197265625
14207023350,19559126,19544,19544,0,0,0,0.8523330688476562,0,-0.0036630630493164062,0,-0.014652252197265625
14208449700,19561121,19546,19546,0,0,0,0.8523330688476562,0,0.0036630630493164062,0,-0.014652252197265625
14209876050,19562120,19547,19547,0,0,0,0.8523330688476562,0,-0.0036630630493164062,0,-0.014652252197265625
14211302400,19563124,19548,19548,0,0,0,0.8523330688476562,0,0.0036630630493164062,0,-0.014652252197265625
14212728750,19565129,19550,19550,0,0,0,0.8523330688476562,0,-0.0036630630493164062,0,-0.0048847198486328125
14214155100,19566120,19551,19551,0,0,0,0.8523330688476562,0,-0.0036630630493164062,0,-0.0048847198486328125
14215581450,19567123,19553,19553,0,0,0,0.8523330688476562,0,0.0036630630493164062,0,-0.0048847198486328125
14217007800,19569121,19554,19554,0,0,0,0.8523330688476562,0,0.0036630630493164062,0,-0.014652252197265625
14218706720,19571129,19556,19556,0,0,0,0.8523330688476562,0,-0.01831531524658203,0,-0.014652252197265625
14220405632,19572137,19557,19557,0,0,0,0.8523330688476562,0,0.0036630630493164062,0,-0.0048847198486328125
14222104544,19574121,19559,19559,0,0,0,0.8523330688476562,0,0.0036630630493164062,0,-0.014652252197265625
14223803456,19575129,19560,19560,0,0,0,0.8523330688476562,0,-0.0036630630493164062,0,-0.014652252197265625
14225502368,19577121,19562,19562,0,0,0,0.8523330688476562,0,-0.0036630630493164062,0,-0.014652252197265625
14227201280,19578120,19563,19563,0,0,0,0.8523330688476562,0,-0.0036630630493164062,0,-0.014652252197265625
14228900192,19580123,19565,19565,0,0,0,0.8523330688476562,0,-0.010989189147949219,0,-0.014652252197265625
14230599104,19581121,19566,19566,0,0,0,0.8523330688476562,0,-0.0036630630493164062,0,-0.014652252197265625
14232298016,19583120,19568,19568,0,0,0,0.8523330688476562,0,0.0036630630493164062,0,-0.014652252197265625
14233996928,19584124,19569,19569,0,0,0,0.8523330688476562,0,0.0036630630493164062,0,-0.0048847198486328125
14235695840,19586135,19571,19571,0,0,0,0.8523330688476562,0,-0.010989189147949219,0,-0.0048847198486328125
14237394752,19587125,19572,19572,0,0,0,0.8523330688476562,0,-0.0036630630493164062,0,-0.014652252197265625
14239093664,19588122,19573,19573,0,0,0,0.8523330688476562,0,0.0036630630493164062,0,-0.014652252197265625
14240792576,19589121,19574,19574,0,0,0,0.8523330688476562,0,-0.010989189147949219,0,-0.0048847198486328125
14242491488,19590120,19575,19575,0,0,0,0.8523330688476562,0,0.0036630630493164062,0,-0.0048847198486328125
14244190400,19592124,19577,19577,0,0,0,0.8523330688476562,0,-0.0036630630493164062,0,-0.0048847198486328125
14245952060,19599129,19584,19584,0,0,0,0.8523330688476562,0,0.0036630630493164062,0,-0.014652252197265625
14247713716,19600144,19585,19585,0,0,0,0.8523330688476562,0,-0.010989189147949219,0,-0.014652252197265625
14249475372,19602120,19587,19587,0,0,0,0.8523330688476562,0,-0.01831531524658203,0,-0.014652252197265625
14251237028,19604120,19589,19589,0,0,0,0.8523330688476562,0,-0.0036630630493164062,0,-0.014652252197265625
14252998684,19606120,19591,19591,0,0,0,0.8523330688476562,0,-0.0036630630493164062,0,-0.014652252197265625
14254760340,19607121,19592,19592,0,0,0,0.8523330688476562,0,-0.010989189147949219,0,-0.014652252197265625
14256521996,19609123,19594,19594,0,0,0,0.8523330688476562,0,-0.0036630630493164062,0,-0.014652252197265625
14258283652,19610120,19595,19595,0,0,0,0.8523330688476562,0,-0.0036630630493164062,0,-0.0048847198486328125
14260045308,19611121,19596,19596,0,0,0,0.8523330688476562,0,0.0036630630493164062,0,-0.0048847198486328125
14261806964,19613132,19598,19598,0,0,0,0.8523330688476562,0,-0.0036630630493164062,0,-0.014652252197265625
14263568620,19615133,19600,19600,0,0,0,0.8523330688476562,0,-0.010989189147949219,0,-0.0048847198486328125
14265330276,19617123,19602,19602,0,0,0,0.8523330688476562,0,-0.010989189147949219,0,-0.0048847198486328125
14267091932,19618120,19603,19603,0,0,0,0.8523330688476562,0,-0.0036630630493164062,0,-0.014652252197265625
14268853588,19620120,19605,19605,0,0,0,0.8523330688476562,0,-0.0036630630493164062,0,-0.014652252197265625
14270615244,19621124,19606,19606,0,0,0,0.8523330688476562,0,-0.0036630630493164062,0,-0.014652252197265625
14272376900,19623120,19608,19608,0,0,0,0.8523330688476562,0,-0.0036630630493164062,0,-0.0048847198486328125
14274287950,19632121,19617,19617,0,0,0,0.8523330688476562,0,-0.0036630630493164062,0,-0.0048847198486328125
14276199000,19633121,19618,19618,0,0,0,0.8523330688476562,0,-0.0036630630493164062,0,-0.014652252197265625
14278110050,19635129,19620,19620,0,0,0,0.8523330688476562,0,0.0036630630493164062,0,-0.014652252197265625
14280021100,19636120,19621,19621,0,0,0,0.8523330688476562,0,-0.010989189147949219,0,-0.014652252197265625
14281932150,19638123,19623,19623,0,0,0,0.8523330688476562,0,0.0036630630493164062,0,-0.0048847198486328125
14283843200,19639121,19624,19624,0,0,0,0.8523330688476562,0,-0.0036630630493164062,0,-0.0048847198486328125
14285754250,19640121,19625,19625,0,0,0,0.8523330688476562,0,-0.0036630630493164062,0,-0.014652252197265625
14287665300,19641128,19626,19626,0,0,0,0.8523330688476562,0,-0.010989189147949219,0,-0.024419784545898438
14289576350,19642138,19627,19627,0,0,0,0.8523330688476562,0,-0.0036630630493164062,0,-0.014652252197265625
14291487400,19644120,19629,19629,0,0,0,0.8523330688476562,0,-0.0036630630493164062,0,-0.014652252197265625
14293398450,19646122,19631,19631,0,0,0,0.8523330688476562,0,-0.010989189147949219,0,-0.014652252197265625
14295309500,19648121,19633,19633,0,0,0,0.8523330688476562,0,-0.0036630630493164062,0,-0.0048847198486328125
14297220550,19649121,19634,19634,0,0,0,0.8523330688476562,0,-0.0036630630493164062,0,-0.014652252197265625
14299131600,19651121,19636,19636,0,0,0,0.8523330688476562,0,0.0036630630493164062,0,-0.0048847198486328125
14301042650,19652122,19637,19637,0,0,0,0.8523330688476562,0,0.0036630630493164062,0,-0.0048847198486328125
14302953700,19654122,19639,19639,0,0,0,0.8523330688476562,0,-0.010989189147949219,0,-0.0048847198486328125
