"timestamp_ns","yaw_debug.pos_ref","yaw_debug.pos_fdb","yaw_debug.spd_ref","yaw_debug.spd_fdb","yaw_debug.torque_ref","yaw_debug.torque_fdb"
66780335175,-0.13288307189941406,-0.13288307189941406,0,-0.0036630630493164062,0,-0.014652252197265625
66782952250,-0.13288307189941406,-0.13288307189941406,0,-0.010989189147949219,0,-0.0048847198486328125
66785569325,-0.13288307189941406,-0.13288307189941406,0,-0.010989189147949219,0,-0.0048847198486328125
66788186400,-0.13288307189941406,-0.13288307189941406,0,-0.010989189147949219,0,-0.014652252197265625
66790803475,-0.13288307189941406,-0.13288307189941406,0,-0.010989189147949219,0,-0.0048847198486328125
66793420550,-0.13288307189941406,-0.13288307189941406,0,0.0036630630493164062,0,-0.014652252197265625
66796037625,-0.13288307189941406,-0.13288307189941406,0,-0.010989189147949219,0,-0.0048847198486328125
66798654700,-0.13288307189941406,-0.13288307189941406,0,0.0036630630493164062,0,-0.0048847198486328125
66801403266,-0.13249969482421875,-0.13249969482421875,0,0.010989189147949219,0,-0.014652252197265625
66804151828,-0.13288307189941406,-0.13288307189941406,0,-0.0036630630493164062,0,-0.014652252197265625
66806900390,-0.13288307189941406,-0.13288307189941406,0,-0.010989189147949219,0,-0.014652252197265625
66809648952,-0.13288307189941406,-0.13288307189941406,0,-0.0036630630493164062,0,-0.014652252197265625
66812397514,-0.13288307189941406,-0.13288307189941406,0,-0.0036630630493164062,0,-0.014652252197265625
66815146076,-0.13288307189941406,-0.13288307189941406,0,-0.0036630630493164062,0,-0.014652252197265625
66817894638,-0.13288307189941406,-0.13288307189941406,0,0.0036630630493164062,0,-0.014652252197265625
66820643200,-0.13249969482421875,-0.13249969482421875,0,0.01831531524658203,0,-0.014652252197265625
66824187075,-0.13288307189941406,-0.13288307189941406,0,-0.0036630630493164062,0,-0.0048847198486328125
66827401490,-0.13288307189941406,-0.13288307189941406,0,0.0036630630493164062,0,-0.0048847198486328125
66830615905,-0.13288307189941406,-0.13288307189941406,0,-0.0036630630493164062,0,-0.0048847198486328125
66833830320,-0.13288307189941406,-0.13288307189941406,0,0.0036630630493164062,0,-0.0048847198486328125
66837044735,-0.13288307189941406,-0.13288307189941406,0,0.0036630630493164062,0,-0.014652252197265625
66840259150,-0.13288307189941406,-0.13288307189941406,0,-0.0036630630493164062,0,-0.014652252197265625
66843473565,-0.13288307189941406,-0.13288307189941406,0,-0.0036630630493164062,0,-0.014652252197265625
66846687980,-0.13288307189941406,-0.13288307189941406,0,-0.0036630630493164062,0,-0.014652252197265625
66849902395,-0.13288307189941406,-0.13288307189941406,0,0.0036630630493164062,0,-0.014652252197265625
66853116810,-0.13288307189941406,-0.13288307189941406,0,-0.010989189147949219,0,-0.0048847198486328125
66856331225,-0.13288307189941406,-0.13288307189941406,0,-0.010989189147949219,0,-0.014652252197265625
66859545640,-0.13288307189941406,-0.13288307189941406,0,-0.01831531524658203,0,-0.014652252197265625
66862760055,-0.13288307189941406,-0.13288307189941406,0,0.010989189147949219,0,-0.0048847198486328125
66865974470,-0.13288307189941406,-0.13288307189941406,0,-0.010989189147949219,0,-0.014652252197265625
66869188885,-0.13288307189941406,-0.13288307189941406,0,-0.010989189147949219,0,-0.014652252197265625
66872403300,-0.13288307189941406,-0.13288307189941406,0,-0.010989189147949219,0,-0.014652252197265625
66875111075,-0.13288307189941406,-0.13288307189941406,0,-0.0036630630493164062,0,-0.0048847198486328125
66877818850,-0.13288307189941406,-0.13288307189941406,0,0.0036630630493164062,0,-0.0048847198486328125
66880526625,-0.13288307189941406,-0.13288307189941406,0,0.0036630630493164062,0,-0.0048847198486328125
66883234400,-0.13288307189941406,-0.13288307189941406,0,-0.010989189147949219,0,-0.014652252197265625
66885942175,-0.13288307189941406,-0.13288307189941406,0,-0.0036630630493164062,0,-0.014652252197265625
66888649950,-0.13288307189941406,-0.13288307189941406,0,0.0036630630493164062,0,-0.014652252197265625
66891357725,-0.13288307189941406,-0.13288307189941406,0,-0.0036630630493164062,0,-0.014652252197265625
66894065500,-0.13288307189941406,-0.13288307189941406,0,0.0036630630493164062,0,-0.014652252197265625
66897429250,-0.13249969482421875,-0.13249969482421875,0,0.0036630630493164062,0,-0.0048847198486328125
66900793000,-0.13288307189941406,-0.13288307189941406,0,-0.0036630630493164062,0,-0.014652252197265625
66904156750,-0.13288307189941406,-0.13288307189941406,0,-0.010989189147949219,0,-0.014652252197265625
66907520500,-0.13288307189941406,-0.13288307189941406,0,-0.0036630630493164062,0,-0.014652252197265625
66910884250,-0.13288307189941406,-0.13288307189941406,0,-0.0036630630493164062,0,-0.014652252197265625
66914248000,-0.13288307189941406,-0.13288307189941406,0,-0.0036630630493164062,0,-0.0048847198486328125
66917611750,-0.13288307189941406,-0.13288307189941406,0,-0.010989189147949219,0,-0.014652252197265625
66920975500,-0.13288307189941406,-0.13288307189941406,0,-0.010989189147949219,0,-0.024419784545898438
66923339425,-0.13288307189941406,-0.13288307189941406,0,0.0036630630493164062,0,-0.014652252197265625
66925703350,-0.13288307189941406,-0.13288307189941406,0,-0.0036630630493164062,0,-0.014652252197265625
66928067275,-0.13288307189941406,-0.13288307189941406,0,0.0036630630493164062,0,-0.0048847198486328125
66930431200,-0.13288307189941406,-0.13288307189941406,0,-0.010989189147949219,0,-0.0048847198486328125
66932795125,-0.13288307189941406,-0.13288307189941406,0,0.0036630630493164062,0,-0.0048847198486328125
66935159050,-0.13288307189941406,-0.13288307189941406,0,-0.0036630630493164062,0,-0.0048847198486328125
66937522975,-0.13288307189941406,-0.13288307189941406,0,-0.010989189147949219,0,-0.0048847198486328125
66939886900,-0.13288307189941406,-0.13288307189941406,0,0.010989189147949219,0,-0.0048847198486328125
66943446600,-0.13288307189941406,-0.13288307189941406,0,-0.0036630630493164062,0,-0.0048847198486328125
66947006300,-0.13288307189941406,-0.13288307189941406,0,-0.010989189147949219,0,-0.0048847198486328125
66950566000,-0.13288307189941406,-0.13288307189941406,0,-0.010989189147949219,0,-0.014652252197265625
66954125700,-0.13288307189941406,-0.13288307189941406,0,-0.010989189147949219,0,-0.014652252197265625
66957685400,-0.13288307189941406,-0.13288307189941406,0,-0.010989189147949219,0,-0.0048847198486328125
66961245100,-0.13288307189941406,-0.13288307189941406,0,-0.010989189147949219,0,-0.0048847198486328125
66964804800,-0.13288307189941406,-0.13288307189941406,0,0.0036630630493164062,0,-0.0048847198486328125
66968364500,-0.13288307189941406,-0.13288307189941406,0,0.010989189147949219,0,-0.0048847198486328125
66970988191,-0.13288307189941406,-0.13288307189941406,0,-0.0036630630493164062,0,-0.0048847198486328125
66973553058,-0.13288307189941406,-0.13288307189941406,0,0.0036630630493164062,0,-0.014652252197265625
66976117925,-0.13288307189941406,-0.13288307189941406,0,-0.010989189147949219,0,-0.014652252197265625
66978682792,-0.13288307189941406,-0.13288307189941406,0,0.0036630630493164062,0,-0.014652252197265625
66981247659,-0.13288307189941406,-0.13288307189941406,0,0.0036630630493164062,0,-0.014652252197265625
66983812526,-0.13288307189941406,-0.13288307189941406,0,-0.010989189147949219,0,-0.014652252197265625
66986377393,-0.13288307189941406,-0.13288307189941406,0,-0.0036630630493164062,0,-0.014652252197265625
66988942260,-0.13288307189941406,-0.13288307189941406,0,-0.010989189147949219,0,-0.014652252197265625
66991507127,-0.13249969482421875,-0.13249969482421875,0,0.010989189147949219,0,-0.014652252197265625
66994071994,-0.13288307189941406,-0.13288307189941406,0,-0.010989189147949219,0,-0.014652252197265625
66996636861,-0.13288307189941406,-0.13288307189941406,0,-0.010989189147949219,0,-0.014652252197265625
66999201728,-0.13288307189941406,-0.13288307189941406,0,-0.010989189147949219,0,-0.0048847198486328125
67001766595,-0.13288307189941406,-0.13288307189941406,0,0.0036630630493164062,0,-0.014652252197265625
67004331462,-0.13288307189941406,-0.13288307189941406,0,0.010989189147949219,0,-0.0048847198486328125
67006896329,-0.13249969482421875,-0.13249969482421875,0,0.0036630630493164062,0,-0.0048847198486328125
67009461196,-0.13288307189941406,-0.13288307189941406,0,0.0036630630493164062,0,-0.0048847198486328125
67012469566,-0.13288307189941406,-0.13288307189941406,0,-0.010989189147949219,0,-0.014652252197265625
67015256641,-0.13288307189941406,-0.13288307189941406,0,-0.0036630630493164062,0,-0.014652252197265625
67018043716,-0.13288307189941406,-0.13288307189941406,0,-0.0036630630493164062,0,-0.014652252197265625
67020830791,-0.13288307189941406,-0.13288307189941406,0,0.0036630630493164062,0,-0.0048847198486328125
67023617866,-0.13288307189941406,-0.13288307189941406,0,-0.010989189147949219,0,-0.014652252197265625
67026404941,-0.13288307189941406,-0.13288307189941406,0,-0.010989189147949219,0,-0.014652252197265625
67029192016,-0.13288307189941406,-0.13288307189941406,0,0.0036630630493164062,0,-0.0048847198486328125
67031979091,-0.13288307189941406,-0.13288307189941406,0,-0.0036630630493164062,0,-0.0048847198486328125
67034766166,-0.13288307189941406,-0.13288307189941406,0,0.0036630630493164062,0,-0.014652252197265625
67037553241,-0.13288307189941406,-0.13288307189941406,0,-0.010989189147949219,0,-0.0048847198486328125
67040340316,-0.13288307189941406,-0.13288307189941406,0,-0.0036630630493164062,0,-0.014652252197265625
67043127391,-0.13288307189941406,-0.13288307189941406,0,0.0036630630493164062,0,-0.014652252197265625
67045914466,-0.13288307189941406,-0.13288307189941406,0,0.010989189147949219,0,-0.0048847198486328125
67048701541,-0.13288307189941406,-0.13288307189941406,0,0.0036630630493164062,0,-0.0048847198486328125
67051488616,-0.13288307189941406,-0.13288307189941406,0,0.0036630630493164062,0,-0.0048847198486328125
67054275691,-0.13288307189941406,-0.13288307189941406,0,-0.0036630630493164062,0,-0.014652252197265625
67057948675,-0.13288307189941406,-0.13288307189941406,0,0.0036630630493164062,0,-0.0048847198486328125
67061621650,-0.13288307189941406,-0.13288307189941406,0,0.0036630630493164062,0,-0.0048847198486328125
67065294625,-0.13288307189941406,-0.13288307189941406,0,-0.010989189147949219,0,-0.014652252197265625
67068967600,-0.13288307189941406,-0.13288307189941406,0,0.0036630630493164062,0,-0.0048847198486328125
67072640575,-0.13288307189941406,-0.13288307189941406,0,0.010989189147949219,0,-0.0048847198486328125
67076313550,-0.13288307189941406,-0.13288307189941406,0,-0.0036630630493164062,0,-0.014652252197265625
67079986525,-0.13288307189941406,-0.13288307189941406,0,0.0036630630493164062,0,-0.014652252197265625
67083659500,-0.13288307189941406,-0.13288307189941406,0,-0.0036630630493164062,0,-0.014652252197265625
67086277600,-0.13288307189941406,-0.13288307189941406,0,-0.0036630630493164062,0,-0.014652252197265625
67088895700,-0.13288307189941406,-0.13288307189941406,0,-0.0036630630493164062,0,-0.014652252197265625
67091513800,-0.13288307189941406,-0.13288307189941406,0,0.0036630630493164062,0,-0.014652252197265625
67094131900,-0.13249969482421875,-0.13249969482421875,0,-0.0036630630493164062,0,-0.014652252197265625
67096750000,-0.13288307189941406,-0.13288307189941406,0,-0.010989189147949219,0,-0.014652252197265625
67099368100,-0.13288307189941406,-0.13288307189941406,0,0.010989189147949219,0,-0.014652252197265625
67101986200,-0.13288307189941406,-0.13288307189941406,0,-0.010989189147949219,0,-0.014652252197265625
67104604300,-0.13288307189941406,-0.13288307189941406,0,-0.010989189147949219,0,-0.014652252197265625
67107425766,-0.13288307189941406,-0.13288307189941406,0,0.0036630630493164062,0,-0.014652252197265625
67110163421,-0.13288307189941406,-0.13288307189941406,0,0.0036630630493164062,0,-0.014652252197265625
67112901076,-0.13288307189941406,-0.13288307189941406,0,0.0036630630493164062,0,-0.014652252197265625
67115638731,-0.13288307189941406,-0.13288307189941406,0,-0.0036630630493164062,0,-0.014652252197265625
67118376386,-0.13288307189941406,-0.13288307189941406,0,-0.010989189147949219,0,-0.014652252197265625
67121114041,-0.13288307189941406,-0.13288307189941406,0,0.0036630630493164062,0,-0.014652252197265625
67123851696,-0.13288307189941406,-0.13288307189941406,0,0.010989189147949219,0,-0.014652252197265625
67126589351,-0.13288307189941406,-0.13288307189941406,0,-0.0036630630493164062,0,-0.014652252197265625
67129327006,-0.13249969482421875,-0.13249969482421875,0,-0.0036630630493164062,0,-0.0048847198486328125
67132064661,-0.13288307189941406,-0.13288307189941406,0,-0.0036630630493164062,0,-0.014652252197265625
67134802316,-0.13288307189941406,-0.13288307189941406,0,-0.010989189147949219,0,-0.0048847198486328125
67137539971,-0.13288307189941406,-0.13288307189941406,0,-0.0036630630493164062,0,-0.0048847198486328125
67140277626,-0.13288307189941406,-0.13288307189941406,0,-0.010989189147949219,0,-0.0048847198486328125
67143015281,-0.13288307189941406,-0.13288307189941406,0,-0.0036630630493164062,0,-0.0048847198486328125
67145752936,-0.13288307189941406,-0.13288307189941406,0,-0.0036630630493164062,0,-0.014652252197265625
67148490591,-0.13288307189941406,-0.13288307189941406,0,-0.0036630630493164062,0,-0.0048847198486328125
67151236391,-0.13288307189941406,-0.13288307189941406,0,-0.010989189147949219,0,-0.0048847198486328125
67153982178,-0.13288307189941406,-0.13288307189941406,0,-0.010989189147949219,0,-0.014652252197265625
67156727965,-0.13288307189941406,-0.13288307189941406,0,0.0036630630493164062,0,-0.014652252197265625
67159473752,-0.13288307189941406,-0.13288307189941406,0,0.0036630630493164062,0,-0.014652252197265625
67162219539,-0.13288307189941406,-0.13288307189941406,0,-0.010989189147949219,0,-0.014652252197265625
67164965326,-0.13288307189941406,-0.13288307189941406,0,-0.0036630630493164062,0,-0.014652252197265625
67167711113,-0.13288307189941406,-0.13288307189941406,0,-0.010989189147949219,0,-0.014652252197265625
67170456900,-0.13288307189941406,-0.13288307189941406,0,-0.0036630630493164062,0,-0.014652252197265625
67174441300,-0.13288307189941406,-0.13288307189941406,0,-0.0036630630493164062,0,-0.0048847198486328125
67177617280,-0.13288307189941406,-0.13288307189941406,0,-0.010989189147949219,0,-0.0048847198486328125
67180793260,-0.13288307189941406,-0.13288307189941406,0,0.0036630630493164062,0,-0.0048847198486328125
67183969240,-0.13288307189941406,-0.13288307189941406,0,-0.0036630630493164062,0,-0.0048847198486328125
67187145220,-0.13288307189941406,-0.13288307189941406,0,-0.0036630630493164062,0,-0.0048847198486328125
67190321200,-0.13288307189941406,-0.13288307189941406,0,-0.0036630630493164062,0,-0.0048847198486328125
67193497180,-0.13288307189941406,-0.13288307189941406,0,0.0036630630493164062,0,-0.0048847198486328125
67196673160,-0.13288307189941406,-0.13288307189941406,0,-0.010989189147949219,0,-0.014652252197265625
67199849140,-0.13288307189941406,-0.13288307189941406,0,0.0036630630493164062,0,-0.014652252197265625
67203025120,-0.13288307189941406,-0.13288307189941406,0,0.0036630630493164062,0,-0.014652252197265625
67206201100,-0.13288307189941406,-0.13288307189941406,0,0.0036630630493164062,0,-0.014652252197265625
67209377080,-0.13288307189941406,-0.13288307189941406,0,0.0036630630493164062,0,-0.014652252197265625
67212553060,-0.13288307189941406,-0.13288307189941406,0,-0.01831531524658203,0,-0.014652252197265625
67215729040,-0.13288307189941406,-0.13288307189941406,0,-0.0036630630493164062,0,-0.014652252197265625
67218905020,-0.13288307189941406,-0.13288307189941406,0,-0.01831531524658203,0,-0.014652252197265625
67222081000,-0.13288307189941406,-0.13288307189941406,0,-0.0036630630493164062,0,-0.014652252197265625
67225374366,-0.13288307189941406,-0.13288307189941406,0,-0.0036630630493164062,0,-0.014652252197265625
67228667728,-0.13288307189941406,-0.13288307189941406,0,-0.0036630630493164062,0,-0.014652252197265625
67231961090,-0.13288307189941406,-0.13288307189941406,0,0.0036630630493164062,0,-0.014652252197265625
67235254452,-0.13288307189941406,-0.13288307189941406,0,-0.0036630630493164062,0,-0.0048847198486328125
67238547814,-0.13288307189941406,-0.13288307189941406,0,-0.010989189147949219,0,-0.014652252197265625
67241841176,-0.13288307189941406,-0.13288307189941406,0,-0.010989189147949219,0,-0.0048847198486328125
67245134538,-0.13288307189941406,-0.13288307189941406,0,-0.010989189147949219,0,-0.014652252197265625
67248427900,-0.13288307189941406,-0.13288307189941406,0,-0.01831531524658203,0,-0.014652252197265625
67251141575,-0.13288307189941406,-0.13288307189941406,0,0.0036630630493164062,0,-0.0048847198486328125
67253855250,-0.13288307189941406,-0.13288307189941406,0,-0.0036630630493164062,0,-0.0048847198486328125
67256568925,-0.13288307189941406,-0.13288307189941406,0,-0.0036630630493164062,0,-0.0048847198486328125
67259282600,-0.13288307189941406,-0.13288307189941406,0,-0.01831531524658203,0,-0.014652252197265625
67261996275,-0.13288307189941406,-0.13288307189941406,0,-0.0036630630493164062,0,-0.014652252197265625
67264709950,-0.13288307189941406,-0.13288307189941406,0,-0.010989189147949219,0,-0.0048847198486328125
67267423625,-0.13288307189941406,-0.13288307189941406,0,-0.0036630630493164062,0,0.0048847198486328125
67270137300,-0.13288307189941406,-0.13288307189941406,0,-0.0036630630493164062,0,-0.0048847198486328125
67272875066,-0.13288307189941406,-0.13288307189941406,0,0.0036630630493164062,0,-0.014652252197265625
67275612828,-0.13288307189941406,-0.13288307189941406,0,-0.010989189147949219,0,-0.014652252197265625
67278350590,-0.13288307189941406,-0.13288307189941406,0,-0.0036630630493164062,0,-0.014652252197265625
67281088352,-0.13288307189941406,-0.13288307189941406,0,-0.0036630630493164062,0,-0.014652252197265625
67283826114,-0.13249969482421875,-0.13249969482421875,0,-0.0036630630493164062,0,-0.014652252197265625
67286563876,-0.13288307189941406,-0.13288307189941406,0,-0.010989189147949219,0,-0.014652252197265625
67289301638,-0.13288307189941406,-0.13288307189941406,0,-0.0036630630493164062,0,-0.014652252197265625
67292039400,-0.13288307189941406,-0.13288307189941406,0,0.0036630630493164062,0,-0.0048847198486328125
67295746675,-0.13288307189941406,-0.13288307189941406,0,-0.010989189147949219,0,-0.0048847198486328125
67299081156,-0.13288307189941406,-0.13288307189941406,0,-0.010989189147949219,0,-0.0048847198486328125
67302415637,-0.13288307189941406,-0.13288307189941406,0,-0.0036630630493164062,0,-0.0048847198486328125
67305750118,-0.13288307189941406,-0.13288307189941406,0,0.0036630630493164062,0,-0.0048847198486328125
67309084599,-0.13249969482421875,-0.13249969482421875,0,-0.0036630630493164062,0,-0.0048847198486328125
67312419080,-0.13288307189941406,-0.13288307189941406,0,-0.010989189147949219,0,-0.0048847198486328125
67315753561,-0.13288307189941406,-0.13288307189941406,0,0.0036630630493164062,0,-0.014652252197265625
67319088042,-0.13288307189941406,-0.13288307189941406,0,0.0036630630493164062,0,-0.0048847198486328125
67322422523,-0.13288307189941406,-0.13288307189941406,0,-0.0036630630493164062,0,-0.014652252197265625
67325757004,-0.13288307189941406,-0.13288307189941406,0,-0.0036630630493164062,0,-0.014652252197265625
67329091485,-0.13288307189941406,-0.13288307189941406,0,0.0036630630493164062,0,-0.014652252197265625
67332425966,-0.13288307189941406,-0.13288307189941406,0,0.0036630630493164062,0,-0.014652252197265625
67335760447,-0.13288307189941406,-0.13288307189941406,0,-0.010989189147949219,0,-0.014652252197265625
67339094928,-0.13288307189941406,-0.13288307189941406,0,-0.010989189147949219,0,-0.0048847198486328125
67342429409,-0.13288307189941406,-0.13288307189941406,0,0.0036630630493164062,0,-0.0048847198486328125
67345763890,-0.13288307189941406,-0.13288307189941406,0,0.0036630630493164062,0,-0.0048847198486328125
67348850191,-0.13288307189941406,-0.13288307189941406,0,-0.0036630630493164062,0,-0.0048847198486328125
67351936478,-0.13288307189941406,-0.13288307189941406,0,-0.0036630630493164062,0,-0.014652252197265625
67355022765,-0.13288307189941406,-0.13288307189941406,0,-0.01831531524658203,0,-0.0048847198486328125
67358109052,-0.13288307189941406,-0.13288307189941406,0,0.0036630630493164062,0,-0.0048847198486328125
67361195339,-0.13288307189941406,-0.13288307189941406,0,0.0036630630493164062,0,-0.014652252197265625
67364281626,-0.13288307189941406,-0.13288307189941406,0,-0.0036630630493164062,0,-0.0048847198486328125
67367367913,-0.13249969482421875,-0.13249969482421875,0,0.0036630630493164062,0,-0.0048847198486328125
67370454200,-0.13288307189941406,-0.13288307189941406,0,-0.0036630630493164062,0,-0.0048847198486328125
67373560691,-0.13288307189941406,-0.13288307189941406,0,-0.010989189147949219,0,-0.0048847198486328125
67376667178,-0.13288307189941406,-0.13288307189941406,0,0.0036630630493164062,0,-0.0048847198486328125
67379773665,-0.13288307189941406,-0.13288307189941406,0,-0.010989189147949219,0,-0.0048847198486328125
67382880152,-0.13288307189941406,-0.13288307189941406,0,-0.010989189147949219,0,-0.0048847198486328125
67385986639,-0.13288307189941406,-0.13288307189941406,0,-0.0036630630493164062,0,-0.0048847198486328125
67389093126,-0.13288307189941406,-0.13288307189941406,0,-0.010989189147949219,0,-0.0048847198486328125
67392199613,-0.13288307189941406,-0.13288307189941406,0,-0.0036630630493164062,0,-0.0048847198486328125
67395306100,-0.13288307189941406,-0.13288307189941406,0,-0.010989189147949219,0,-0.014652252197265625
67398212725,-0.13288307189941406,-0.13288307189941406,0,-0.0036630630493164062,0,-0.0048847198486328125
67401119350,-0.13288307189941406,-0.13288307189941406,0,-0.0036630630493164062,0,0.0048847198486328125
67404025975,-0.13288307189941406,-0.13288307189941406,0,0.0036630630493164062,0,-0.0048847198486328125
67406932600,-0.13288307189941406,-0.13288307189941406,0,0.0036630630493164062,0,-0.0048847198486328125
67409839225,-0.13288307189941406,-0.13288307189941406,0,-0.010989189147949219,0,-0.0048847198486328125
67412745850,-0.13288307189941406,-0.13288307189941406,0,-0.0036630630493164062,0,-0.0048847198486328125
67415652475,-0.13288307189941406,-0.13288307189941406,0,-0.0036630630493164062,0,-0.014652252197265625
67418559100,-0.13288307189941406,-0.13288307189941406,0,-0.0036630630493164062,0,-0.014652252197265625
67421778750,-0.13288307189941406,-0.13288307189941406,0,-0.010989189147949219,0,-0.014652252197265625
67424851613,-0.13288307189941406,-0.13288307189941406,0,0.0036630630493164062,0,-0.0048847198486328125
67427924476,-0.13288307189941406,-0.13288307189941406,0,-0.010989189147949219,0,-0.0048847198486328125
67430997339,-0.13288307189941406,-0.13288307189941406,0,-0.0036630630493164062,0,-0.014652252197265625
67434070202,-0.13288307189941406,-0.13288307189941406,0,0.0036630630493164062,0,-0.014652252197265625
67437143065,-0.13288307189941406,-0.13288307189941406,0,-0.0036630630493164062,0,-0.014652252197265625
67440215928,-0.13288307189941406,-0.13288307189941406,0,-0.0036630630493164062,0,-0.014652252197265625
67443288791,-0.13288307189941406,-0.13288307189941406,0,-0.0036630630493164062,0,-0.014652252197265625
67446361654,-0.13288307189941406,-0.13288307189941406,0,0.0036630630493164062,0,-0.0048847198486328125
67449434517,-0.13288307189941406,-0.13288307189941406,0,-0.0036630630493164062,0,-0.014652252197265625
67452507380,-0.13288307189941406,-0.13288307189941406,0,0.0036630630493164062,0,-0.014652252197265625
67455580243,-0.13288307189941406,-0.13288307189941406,0,0.0036630630493164062,0,-0.014652252197265625
67458653106,-0.13288307189941406,-0.13288307189941406,0,-0.0036630630493164062,0,-0.014652252197265625
67461725969,-0.13288307189941406,-0.13288307189941406,0,-0.0036630630493164062,0,-0.014652252197265625
67464798832,-0.13288307189941406,-0.13288307189941406,0,0.0036630630493164062,0,-0.014652252197265625
67467871695,-0.13288307189941406,-0.13288307189941406,0,-0.0036630630493164062,0,-0.014652252197265625
67470496350,-0.13288307189941406,-0.13288307189941406,0,-0.010989189147949219,0,-0.014652252197265625
67473121000,-0.13288307189941406,-0.13288307189941406,0,0.0036630630493164062,0,-0.0048847198486328125
67475745650,-0.13288307189941406,-0.13288307189941406,0,-0.010989189147949219,0,-0.0048847198486328125
67478370300,-0.13288307189941406,-0.13288307189941406,0,-0.0036630630493164062,0,-0.0048847198486328125
67480994950,-0.13288307189941406,-0.13288307189941406,0,-0.010989189147949219,0,-0.0048847198486328125
67483619600,-0.13288307189941406,-0.13288307189941406,0,-0.010989189147949219,0,-0.0048847198486328125
67486244250,-0.13288307189941406,-0.13288307189941406,0,-0.01831531524658203,0,-0.0048847198486328125
67488868900,-0.13288307189941406,-0.13288307189941406,0,-0.0036630630493164062,0,-0.0048847198486328125
67491690625,-0.13288307189941406,-0.13288307189941406,0,-0.0036630630493164062,0,-0.014652252197265625
67494512350,-0.13288307189941406,-0.13288307189941406,0,0.0036630630493164062,0,-0.014652252197265625
67497334075,-0.13288307189941406,-0.13288307189941406,0,-0.0036630630493164062,0,-0.014652252197265625
67500155800,-0.13288307189941406,-0.13288307189941406,0,-0.0036630630493164062,0,-0.014652252197265625
67502977525,-0.13288307189941406,-0.13288307189941406,0,-0.0036630630493164062,0,-0.024419784545898438
67505799250,-0.13288307189941406,-0.13288307189941406,0,-0.0036630630493164062,0,-0.024419784545898438
67508620975,-0.13288307189941406,-0.13288307189941406,0,0.0036630630493164062,0,-0.014652252197265625
67511442700,-0.13288307189941406,-0.13288307189941406,0,0.0036630630493164062,0,-0.014652252197265625
67514541791,-0.13288307189941406,-0.13288307189941406,0,0.0036630630493164062,0,-0.014652252197265625
67517640878,-0.13288307189941406,-0.13288307189941406,0,-0.0036630630493164062,0,-0.0048847198486328125
67520739965,-0.13288307189941406,-0.13288307189941406,0,-0.0036630630493164062,0,-0.0048847198486328125
67523839052,-0.13249969482421875,-0.13249969482421875,0,0.0036630630493164062,0,-0.014652252197265625
67526938139,-0.13288307189941406,-0.13288307189941406,0,-0.010989189147949219,0,-0.0048847198486328125
67530037226,-0.13288307189941406,-0.13288307189941406,0,-0.010989189147949219,0,-0.0048847198486328125
67533136313,-0.13288307189941406,-0.13288307189941406,0,0.0036630630493164062,0,-0.014652252197265625
67536235400,-0.13288307189941406,-0.13288307189941406,0,-0.010989189147949219,0,-0.014652252197265625
67539576391,-0.13288307189941406,-0.13288307189941406,0,0.0036630630493164062,0,-0.014652252197265625
67542917378,-0.13288307189941406,-0.13288307189941406,0,0.0036630630493164062,0,-0.0048847198486328125
67546258365,-0.13288307189941406,-0.13288307189941406,0,-0.0036630630493164062,0,-0.0048847198486328125
67549599352,-0.13288307189941406,-0.13288307189941406,0,-0.0036630630493164062,0,-0.014652252197265625
67552940339,-0.13288307189941406,-0.13288307189941406,0,-0.0036630630493164062,0,-0.0048847198486328125
67556281326,-0.13249969482421875,-0.13249969482421875,0,0.0036630630493164062,0,-0.0048847198486328125
67559622313,-0.13288307189941406,-0.13288307189941406,0,0.0036630630493164062,0,-0.0048847198486328125
67562963300,-0.13288307189941406,-0.13288307189941406,0,-0.0036630630493164062,0,-0.014652252197265625
67565254066,-0.13288307189941406,-0.13288307189941406,0,-0.0036630630493164062,0,-0.014652252197265625
67567544828,-0.13288307189941406,-0.13288307189941406,0,-0.0036630630493164062,0,-0.0048847198486328125
67569835590,-0.13288307189941406,-0.13288307189941406,0,0.0036630630493164062,0,-0.0048847198486328125
67572126352,-0.13288307189941406,-0.13288307189941406,0,-0.01831531524658203,0,-0.014652252197265625
67574417114,-0.13288307189941406,-0.13288307189941406,0,0.0036630630493164062,0,-0.014652252197265625
67576707876,-0.13288307189941406,-0.13288307189941406,0,-0.0036630630493164062,0,-0.014652252197265625
67578998638,-0.13288307189941406,-0.13288307189941406,0,-0.0036630630493164062,0,-0.014652252197265625
67581289400,-0.13288307189941406,-0.13288307189941406,0,0.0036630630493164062,0,-0.014652252197265625
67583491141,-0.13288307189941406,-0.13288307189941406,0,-0.010989189147949219,0,-0.014652252197265625
67585926191,-0.13288307189941406,-0.13288307189941406,0,-0.0036630630493164062,0,-0.014652252197265625
67588361241,-0.13288307189941406,-0.13288307189941406,0,-0.0036630630493164062,0,-0.014652252197265625
67590796291,-0.13288307189941406,-0.13288307189941406,0,-0.0036630630493164062,0,-0.0048847198486328125
67593231341,-0.13288307189941406,-0.13288307189941406,0,0.0036630630493164062,0,-0.014652252197265625
67595666391,-0.13288307189941406,-0.13288307189941406,0,-0.010989189147949219,0,-0.014652252197265625
67598101441,-0.13288307189941406,-0.13288307189941406,0,-0.010989189147949219,0,-0.0048847198486328125
67600536491,-0.13288307189941406,-0.13288307189941406,0,-0.0036630630493164062,0,-0.0048847198486328125
67602971541,-0.13288307189941406,-0.13288307189941406,0,-0.0036630630493164062,0,-0.014652252197265625
67605406591,-0.13288307189941406,-0.13288307189941406,0,0.0036630630493164062,0,-0.014652252197265625
67607841641,-0.13288307189941406,-0.13288307189941406,0,0.0036630630493164062,0,-0.014652252197265625
67610276691,-0.13288307189941406,-0.13288307189941406,0,0.010989189147949219,0,-0.014652252197265625
67612711741,-0.13288307189941406,-0.13288307189941406,0,-0.0036630630493164062,0,-0.014652252197265625
67615146791,-0.13288307189941406,-0.13288307189941406,0,-0.010989189147949219,0,-0.014652252197265625
67617581841,-0.13288307189941406,-0.13288307189941406,0,-0.0036630630493164062,0,-0.014652252197265625
67620016891,-0.13288307189941406,-0.13288307189941406,0,-0.0036630630493164062,0,-0.0048847198486328125
67622879391,-0.13288307189941406,-0.13288307189941406,0,-0.0036630630493164062,0,-0.0048847198486328125
67625741878,-0.13288307189941406,-0.13288307189941406,0,-0.0036630630493164062,0,-0.0048847198486328125
67628604365,-0.13288307189941406,-0.13288307189941406,0,-0.010989189147949219,0,-0.0048847198486328125
67631466852,-0.13288307189941406,-0.13288307189941406,0,-0.010989189147949219,0,-0.0048847198486328125
67634329339,-0.13249969482421875,-0.13249969482421875,0,0.010989189147949219,0,-0.0048847198486328125
67637191826,-0.13288307189941406,-0.13288307189941406,0,-0.010989189147949219,0,-0.0048847198486328125
67640054313,-0.13288307189941406,-0.13288307189941406,0,-0.010989189147949219,0,-0.0048847198486328125
67642916800,-0.13288307189941406,-0.13288307189941406,0,-0.0036630630493164062,0,-0.014652252197265625
67647278450,-0.13288307189941406,-0.13288307189941406,0,0.0036630630493164062,0,-0.0048847198486328125
67650506186,-0.13288307189941406,-0.13288307189941406,0,0.010989189147949219,0,-0.014652252197265625
67653733922,-0.13288307189941406,-0.13288307189941406,0,-0.0036630630493164062,0,-0.0048847198486328125
67656961658,-0.13288307189941406,-0.13288307189941406,0,0.0036630630493164062,0,-0.0048847198486328125
67660189394,-0.13288307189941406,-0.13288307189941406,0,0.0036630630493164062,0,-0.014652252197265625
67663417130,-0.13288307189941406,-0.13288307189941406,0,-0.010989189147949219,0,-0.014652252197265625
67666644866,-0.13288307189941406,-0.13288307189941406,0,0.0036630630493164062,0,-0.0048847198486328125
67669872602,-0.13288307189941406,-0.13288307189941406,0,0.0036630630493164062,0,-0.0048847198486328125
67673100338,-0.13288307189941406,-0.13288307189941406,0,0.0036630630493164062,0,-0.0048847198486328125
67676328074,-0.13288307189941406,-0.13288307189941406,0,-0.010989189147949219,0,-0.0048847198486328125
67679555810,-0.13288307189941406,-0.13288307189941406,0,-0.0036630630493164062,0,-0.0048847198486328125
67682783546,-0.13288307189941406,-0.13288307189941406,0,-0.010989189147949219,0,-0.0048847198486328125
67686011282,-0.13249969482421875,-0.13249969482421875,0,-0.0036630630493164062,0,-0.0048847198486328125
67689239018,-0.13249969482421875,-0.13288307189941406,0,-0.0036630630493164062,0,-0.014652252197265625
67692466754,-0.13288307189941406,-0.13288307189941406,0,-0.010989189147949219,0,-0.0048847198486328125
67695694490,-0.13288307189941406,-0.13288307189941406,0,0.0036630630493164062,0,-0.0048847198486328125
67698160900,-0.13288307189941406,-0.13288307189941406,0,0.0036630630493164062,0,-0.014652252197265625
67700627300,-0.13288307189941406,-0.13288307189941406,0,-0.0036630630493164062,0,-0.0048847198486328125
67703093700,-0.13288307189941406,-0.13288307189941406,0,0.0036630630493164062,0,-0.014652252197265625
67705560100,-0.13288307189941406,-0.13288307189941406,0,-0.010989189147949219,0,-0.0048847198486328125
67708026500,-0.13288307189941406,-0.13288307189941406,0,-0.010989189147949219,0,-0.0048847198486328125
67710492900,-0.13288307189941406,-0.13288307189941406,0,-0.0036630630493164062,0,-0.0048847198486328125
67712959300,-0.13288307189941406,-0.13288307189941406,0,-0.0036630630493164062,0,-0.0048847198486328125
67715425700,-0.13288307189941406,-0.13288307189941406,0,0.0036630630493164062,0,-0.0048847198486328125
67718293800,-0.13288307189941406,-0.13288307189941406,0,0.0036630630493164062,0,-0.014652252197265625
67721161900,-0.13288307189941406,-0.13288307189941406,0,0.0036630630493164062,0,-0.0048847198486328125
67724030000,-0.13288307189941406,-0.13288307189941406,0,-0.0036630630493164062,0,-0.014652252197265625
67726898100,-0.13288307189941406,-0.13288307189941406,0,-0.010989189147949219,0,-0.0048847198486328125
67729766200,-0.13288307189941406,-0.13288307189941406,0,-0.0036630630493164062,0,-0.0048847198486328125
67732634300,-0.13288307189941406,-0.13288307189941406,0,-0.0036630630493164062,0,-0.014652252197265625
67735502400,-0.13288307189941406,-0.13288307189941406,0,0.0036630630493164062,0,-0.014652252197265625
67738370500,-0.13288307189941406,-0.13288307189941406,0,-0.01831531524658203,0,-0.014652252197265625
67741366150,-0.13288307189941406,-0.13288307189941406,0,-0.010989189147949219,0,-0.014652252197265625
67744361800,-0.13288307189941406,-0.13288307189941406,0,-0.010989189147949219,0,-0.014652252197265625
67747357450,-0.13288307189941406,-0.13288307189941406,0,0.0036630630493164062,0,-0.014652252197265625
67750353100,-0.13288307189941406,-0.13288307189941406,0,-0.010989189147949219,0,-0.014652252197265625
67753348750,-0.13249969482421875,-0.13249969482421875,0,0.010989189147949219,0,-0.0048847198486328125
67756344400,-0.13288307189941406,-0.13288307189941406,0,-0.0036630630493164062,0,-0.0048847198486328125
67759340050,-0.13288307189941406,-0.13288307189941406,0,-0.0036630630493164062,0,-0.014652252197265625
67762335700,-0.13288307189941406,-0.13288307189941406,0,-0.010989189147949219,0,-0.014652252197265625
67766362825,-0.13288307189941406,-0.13288307189941406,0,-0.010989189147949219,0,-0.014652252197265625
67770389950,-0.13288307189941406,-0.13288307189941406,0,-0.0036630630493164062,0,-0.0048847198486328125
67774417075,-0.13288307189941406,-0.13288307189941406,0,-0.01831531524658203,0,-0.0048847198486328125
67778444200,-0.13288307189941406,-0.13288307189941406,0,0.0036630630493164062,0,-0.0048847198486328125
67782471325,-0.13249969482421875,-0.13249969482421875,0,-0.0036630630493164062,0,-0.0048847198486328125
67786498450,-0.13288307189941406,-0.13288307189941406,0,-0.01831531524658203,0,-0.014652252197265625
67790525575,-0.13288307189941406,-0.13288307189941406,0,0.0036630630493164062,0,-0.0048847198486328125
67794552700,-0.13249969482421875,-0.13249969482421875,0,0.0036630630493164062,0,-0.0048847198486328125
67797020550,-0.13288307189941406,-0.13288307189941406,0,-0.010989189147949219,0,-0.0048847198486328125
67799344393,-0.13288307189941406,-0.13288307189941406,0,-0.010989189147949219,0,-0.0048847198486328125
67801668236,-0.13288307189941406,-0.13288307189941406,0,-0.0036630630493164062,0,-0.0048847198486328125
67803992079,-0.13288307189941406,-0.13288307189941406,0,-0.01831531524658203,0,-0.0048847198486328125
67806315922,-0.13249969482421875,-0.13249969482421875,0,0.0036630630493164062,0,-0.014652252197265625
67808639765,-0.13288307189941406,-0.13288307189941406,0,-0.010989189147949219,0,-0.014652252197265625
67810963608,-0.13288307189941406,-0.13288307189941406,0,-0.010989189147949219,0,-0.0048847198486328125
67813287451,-0.13288307189941406,-0.13288307189941406,0,-0.0036630630493164062,0,-0.0048847198486328125
67815611294,-0.13288307189941406,-0.13288307189941406,0,-0.010989189147949219,0,-0.014652252197265625
67817935137,-0.13288307189941406,-0.13288307189941406,0,-0.010989189147949219,0,-0.014652252197265625
67820258980,-0.13288307189941406,-0.13288307189941406,0,0.0036630630493164062,0,-0.014652252197265625
67822582823,-0.13288307189941406,-0.13288307189941406,0,-0.01831531524658203,0,-0.014652252197265625
67824906666,-0.13288307189941406,-0.13288307189941406,0,0.0036630630493164062,0,-0.014652252197265625
67827230509,-0.13288307189941406,-0.13288307189941406,0,-0.0036630630493164062,0,-0.0048847198486328125
67829554352,-0.13288307189941406,-0.13288307189941406,0,-0.0036630630493164062,0,-0.0048847198486328125
67831878195,-0.13288307189941406,-0.13288307189941406,0,-0.0036630630493164062,0,-0.0048847198486328125
67835115541,-0.13288307189941406,-0.13288307189941406,0,0.0036630630493164062,0,-0.0048847198486328125
67838352878,-0.13288307189941406,-0.13288307189941406,0,0.0036630630493164062,0,-0.0048847198486328125
67841590215,-0.13288307189941406,-0.13288307189941406,0,-0.010989189147949219,0,-0.0048847198486328125
67844827552,-0.13249969482421875,-0.13249969482421875,0,0.0036630630493164062,0,-0.014652252197265625
67848064889,-0.13288307189941406,-0.13288307189941406,0,-0.0036630630493164062,0,-0.014652252197265625
67851302226,-0.13288307189941406,-0.13288307189941406,0,-0.010989189147949219,0,-0.0048847198486328125
67854539563,-0.13288307189941406,-0.13288307189941406,0,-0.010989189147949219,0,-0.014652252197265625
67857776900,-0.13288307189941406,-0.13288307189941406,0,-0.010989189147949219,0,-0.014652252197265625
67860744141,-0.13288307189941406,-0.13288307189941406,0,-0.010989189147949219,0,-0.014652252197265625
67863711378,-0.13288307189941406,-0.13288307189941406,0,-0.0036630630493164062,0,-0.014652252197265625
67866678615,-0.13288307189941406,-0.13288307189941406,0,0.0036630630493164062,0,-0.014652252197265625
67869645852,-0.13288307189941406,-0.13288307189941406,0,-0.010989189147949219,0,-0.014652252197265625
67872613089,-0.13288307189941406,-0.13288307189941406,0,-0.010989189147949219,0,-0.0048847198486328125
67875580326,-0.13288307189941406,-0.13288307189941406,0,-0.0036630630493164062,0,-0.0048847198486328125
67878547563,-0.13288307189941406,-0.13288307189941406,0,-0.010989189147949219,0,-0.0048847198486328125
67881514800,-0.13288307189941406,-0.13288307189941406,0,-0.010989189147949219,0,-0.014652252197265625
67884954716,-0.13288307189941406,-0.13288307189941406,0,0.0036630630493164062,0,-0.0048847198486328125
67888394628,-0.13288307189941406,-0.13288307189941406,0,0.0036630630493164062,0,-0.0048847198486328125
67891834540,-0.13288307189941406,-0.13288307189941406,0,-0.010989189147949219,0,-0.0048847198486328125
67895274452,-0.13288307189941406,-0.13288307189941406,0,0.0036630630493164062,0,-0.0048847198486328125
67898714364,-0.13249969482421875,-0.13249969482421875,0,-0.0036630630493164062,0,-0.014652252197265625
67902154276,-0.13288307189941406,-0.13288307189941406,0,-0.0036630630493164062,0,-0.014652252197265625
67905594188,-0.13288307189941406,-0.13288307189941406,0,0.0036630630493164062,0,-0.0048847198486328125
67909034100,-0.13288307189941406,-0.13288307189941406,0,-0.010989189147949219,0,-0.0048847198486328125
67911561475,-0.13288307189941406,-0.13288307189941406,0,-0.010989189147949219,0,-0.014652252197265625
67914088850,-0.13288307189941406,-0.13288307189941406,0,-0.0036630630493164062,0,-0.014652252197265625
67916616225,-0.13288307189941406,-0.13288307189941406,0,0.0036630630493164062,0,-0.014652252197265625
67919143600,-0.13288307189941406,-0.13288307189941406,0,0.010989189147949219,0,-0.014652252197265625
67921670975,-0.13288307189941406,-0.13288307189941406,0,-0.0036630630493164062,0,-0.0048847198486328125
67924198350,-0.13288307189941406,-0.13288307189941406,0,-0.010989189147949219,0,-0.014652252197265625
67926725725,-0.13288307189941406,-0.13288307189941406,0,-0.01831531524658203,0,-0.014652252197265625
67929253100,-0.13288307189941406,-0.13288307189941406,0,-0.0036630630493164062,0,-0.014652252197265625
67932326425,-0.13288307189941406,-0.13288307189941406,0,-0.010989189147949219,0,-0.0048847198486328125
67935399750,-0.13288307189941406,-0.13288307189941406,0,-0.0036630630493164062,0,-0.0048847198486328125
67938473075,-0.13288307189941406,-0.13288307189941406,0,-0.010989189147949219,0,-0.0048847198486328125
67941546400,-0.13288307189941406,-0.13288307189941406,0,0.0036630630493164062,0,-0.0048847198486328125
67944619725,-0.13288307189941406,-0.13288307189941406,0,-0.01831531524658203,0,-0.0048847198486328125
67947693050,-0.13288307189941406,-0.13288307189941406,0,0.0036630630493164062,0,-0.0048847198486328125
67950766375,-0.13288307189941406,-0.13288307189941406,0,-0.010989189147949219,0,-0.0048847198486328125
67953839700,-0.13288307189941406,-0.13288307189941406,0,0.0036630630493164062,0,-0.0048847198486328125
67956223416,-0.13288307189941406,-0.13288307189941406,0,0.0036630630493164062,0,-0.0048847198486328125
67958607128,-0.13288307189941406,-0.13288307189941406,0,-0.010989189147949219,0,-0.014652252197265625
67960990840,-0.13288307189941406,-0.13288307189941406,0,-0.0036630630493164062,0,-0.0048847198486328125
67963374552,-0.13288307189941406,-0.13288307189941406,0,-0.010989189147949219,0,-0.0048847198486328125
67965758264,-0.13288307189941406,-0.13288307189941406,0,-0.0036630630493164062,0,-0.0048847198486328125
67968141976,-0.13288307189941406,-0.13288307189941406,0,-0.010989189147949219,0,-0.0048847198486328125
67970525688,-0.13288307189941406,-0.13288307189941406,0,-0.010989189147949219,0,-0.0048847198486328125
67972909400,-0.13288307189941406,-0.13288307189941406,0,0.0036630630493164062,0,-0.0048847198486328125
67975848716,-0.13249969482421875,-0.13249969482421875,0,0.0036630630493164062,0,-0.014652252197265625
67978788028,-0.13249969482421875,-0.13249969482421875,0,0.010989189147949219,0,-0.0048847198486328125
67981727340,-0.13288307189941406,-0.13288307189941406,0,-0.0036630630493164062,0,-0.0048847198486328125
67984666652,-0.13288307189941406,-0.13288307189941406,0,-0.010989189147949219,0,-0.014652252197265625
67987605964,-0.13288307189941406,-0.13288307189941406,0,0.010989189147949219,0,-0.014652252197265625
67990545276,-0.13288307189941406,-0.13288307189941406,0,-0.010989189147949219,0,-0.0048847198486328125
67993484588,-0.13288307189941406,-0.13288307189941406,0,0.0036630630493164062,0,-0.014652252197265625
67996423900,-0.13288307189941406,-0.13288307189941406,0,0.0036630630493164062,0,-0.014652252197265625
68000276641,-0.13288307189941406,-0.13288307189941406,0,-0.010989189147949219,0,-0.0048847198486328125
68004129378,-0.13288307189941406,-0.13288307189941406,0,0.0036630630493164062,0,-0.0048847198486328125
68007982115,-0.13288307189941406,-0.13288307189941406,0,-0.010989189147949219,0,-0.0048847198486328125
68011834852,-0.13288307189941406,-0.13288307189941406,0,-0.0036630630493164062,0,-0.014652252197265625
68015687589,-0.13288307189941406,-0.13288307189941406,0,0.0036630630493164062,0,-0.014652252197265625
68019540326,-0.13288307189941406,-0.13288307189941406,0,-0.0036630630493164062,0,-0.014652252197265625
68023393063,-0.13288307189941406,-0.13288307189941406,0,-0.01831531524658203,0,-0.014652252197265625
68027245800,-0.13288307189941406,-0.13288307189941406,0,-0.0036630630493164062,0,-0.0048847198486328125
68030132916,-0.13249969482421875,-0.13249969482421875,0,0.0036630630493164062,0,-0.0048847198486328125
68033020028,-0.13288307189941406,-0.13288307189941406,0,-0.0036630630493164062,0,-0.0048847198486328125
68035907140,-0.13288307189941406,-0.13288307189941406,0,0.0036630630493164062,0,-0.0048847198486328125
68038794252,-0.13288307189941406,-0.13288307189941406,0,0.0036630630493164062,0,-0.0048847198486328125
68041681364,-0.13288307189941406,-0.13288307189941406,0,-0.010989189147949219,0,-0.0048847198486328125
68044568476,-0.13288307189941406,-0.13288307189941406,0,-0.0036630630493164062,0,-0.014652252197265625
68047455588,-0.13288307189941406,-0.13288307189941406,0,0.010989189147949219,0,-0.014652252197265625
68050342700,-0.13288307189941406,-0.13288307189941406,0,-0.01831531524658203,0,-0.014652252197265625
68053403550,-0.13288307189941406,-0.13288307189941406,0,0.0036630630493164062,0,-0.014652252197265625
68056464400,-0.13288307189941406,-0.13288307189941406,0,0.0036630630493164062,0,-0.014652252197265625
68059525250,-0.13288307189941406,-0.13288307189941406,0,-0.0036630630493164062,0,-0.014652252197265625
68062586100,-0.13288307189941406,-0.13288307189941406,0,0.0036630630493164062,0,-0.014652252197265625
68065646950,-0.13288307189941406,-0.13288307189941406,0,0.0036630630493164062,0,-0.0048847198486328125
68068707800,-0.13288307189941406,-0.13288307189941406,0,0.0036630630493164062,0,-0.014652252197265625
68071768650,-0.13288307189941406,-0.13288307189941406,0,-0.010989189147949219,0,-0.014652252197265625
68074829500,-0.13288307189941406,-0.13288307189941406,0,0.0036630630493164062,0,-0.014652252197265625
68077239866,-0.13288307189941406,-0.13288307189941406,0,0.0036630630493164062,0,-0.0048847198486328125
68079650228,-0.13288307189941406,-0.13288307189941406,0,-0.010989189147949219,0,-0.0048847198486328125
68082060590,-0.13288307189941406,-0.13288307189941406,0,-0.010989189147949219,0,-0.014652252197265625
68084470952,-0.13288307189941406,-0.13288307189941406,0,0.0036630630493164062,0,-0.014652252197265625
68086881314,-0.13288307189941406,-0.13288307189941406,0,-0.0036630630493164062,0,-0.014652252197265625
68089291676,-0.13288307189941406,-0.13288307189941406,0,-0.0036630630493164062,0,-0.014652252197265625
68091702038,-0.13288307189941406,-0.13288307189941406,0,-0.0036630630493164062,0,-0.014652252197265625
68094112400,-0.13288307189941406,-0.13288307189941406,0,-0.010989189147949219,0,-0.014652252197265625
68096759841,-0.13249969482421875,-0.13249969482421875,0,0.0036630630493164062,0,-0.0048847198486328125
68099407278,-0.13288307189941406,-0.13288307189941406,0,-0.010989189147949219,0,-0.014652252197265625
68102054715,-0.13288307189941406,-0.13288307189941406,0,0.0036630630493164062,0,-0.0048847198486328125
68104702152,-0.13288307189941406,-0.13288307189941406,0,-0.010989189147949219,0,-0.014652252197265625
68107349589,-0.13288307189941406,-0.13288307189941406,0,-0.010989189147949219,0,-0.0048847198486328125
68109997026,-0.13288307189941406,-0.13288307189941406,0,-0.0036630630493164062,0,-0.0048847198486328125
68112644463,-0.13288307189941406,-0.13288307189941406,0,0.0036630630493164062,0,-0.0048847198486328125
68115291900,-0.13288307189941406,-0.13288307189941406,0,-0.010989189147949219,0,-0.0048847198486328125
68119237791,-0.13288307189941406,-0.13288307189941406,0,0.0036630630493164062,0,-0.0048847198486328125
68123183678,-0.13288307189941406,-0.13288307189941406,0,0.0036630630493164062,0,-0.0048847198486328125
68127129565,-0.13288307189941406,-0.13288307189941406,0,-0.01831531524658203,0,-0.014652252197265625
68131075452,-0.13288307189941406,-0.13288307189941406,0,-0.010989189147949219,0,-0.0048847198486328125
68135021339,-0.13288307189941406,-0.13288307189941406,0,-0.0036630630493164062,0,-0.0048847198486328125
68138967226,-0.13288307189941406,-0.13288307189941406,0,0.0036630630493164062,0,-0.0048847198486328125
68142913113,-0.13288307189941406,-0.13288307189941406,0,0.0036630630493164062,0,-0.014652252197265625
68146859000,-0.13288307189941406,-0.13288307189941406,0,0.0036630630493164062,0,-0.0048847198486328125
68149979650,-0.13288307189941406,-0.13288307189941406,0,-0.0036630630493164062,0,-0.014652252197265625
68153100300,-0.13288307189941406,-0.13288307189941406,0,0.0036630630493164062,0,-0.014652252197265625
68156220950,-0.13288307189941406,-0.13288307189941406,0,-0.0036630630493164062,0,-0.014652252197265625
68159341600,-0.13288307189941406,-0.13288307189941406,0,-0.010989189147949219,0,-0.014652252197265625
68162462250,-0.13288307189941406,-0.13288307189941406,0,0.0036630630493164062,0,-0.014652252197265625
68165582900,-0.13288307189941406,-0.13288307189941406,0,-0.010989189147949219,0,-0.014652252197265625
68168703550,-0.13288307189941406,-0.13288307189941406,0,-0.010989189147949219,0,-0.014652252197265625
68171824200,-0.13288307189941406,-0.13288307189941406,0,0.0036630630493164062,0,-0.0048847198486328125
68174790916,-0.13288307189941406,-0.13288307189941406,0,0.0036630630493164062,0,-0.014652252197265625
68177757628,-0.13288307189941406,-0.13288307189941406,0,-0.010989189147949219,0,-0.0048847198486328125
68180724340,-0.13288307189941406,-0.13288307189941406,0,-0.0036630630493164062,0,-0.0048847198486328125
68183691052,-0.13288307189941406,-0.13288307189941406,0,0.0036630630493164062,0,-0.0048847198486328125
68186657764,-0.13288307189941406,-0.13288307189941406,0,0.0036630630493164062,0,-0.0048847198486328125
68189624476,-0.13288307189941406,-0.13288307189941406,0,0.010989189147949219,0,-0.0048847198486328125
68192591188,-0.13288307189941406,-0.13288307189941406,0,-0.010989189147949219,0,-0.0048847198486328125
68195557900,-0.13288307189941406,-0.13288307189941406,0,-0.010989189147949219,0,-0.014652252197265625
68198378166,-0.13288307189941406,-0.13288307189941406,0,-0.0036630630493164062,0,-0.014652252197265625
68201198428,-0.13288307189941406,-0.13288307189941406,0,-0.0036630630493164062,0,-0.014652252197265625
68204018690,-0.13288307189941406,-0.13288307189941406,0,-0.0036630630493164062,0,-0.014652252197265625
68206838952,-0.13288307189941406,-0.13288307189941406,0,-0.0036630630493164062,0,-0.014652252197265625
68209659214,-0.13288307189941406,-0.13288307189941406,0,0.0036630630493164062,0,-0.0048847198486328125
68212479476,-0.13288307189941406,-0.13288307189941406,0,-0.0036630630493164062,0,-0.014652252197265625
68215299738,-0.13288307189941406,-0.13288307189941406,0,0.0036630630493164062,0,-0.014652252197265625
68218120000,-0.13288307189941406,-0.13288307189941406,0,-0.010989189147949219,0,-0.014652252197265625
68220448850,-0.13288307189941406,-0.13288307189941406,0,-0.010989189147949219,0,-0.014652252197265625
68222777700,-0.13288307189941406,-0.13288307189941406,0,0.0036630630493164062,0,-0.0048847198486328125
68225106550,-0.13288307189941406,-0.13288307189941406,0,-0.010989189147949219,0,-0.0048847198486328125
68227435400,-0.13288307189941406,-0.13288307189941406,0,-0.01831531524658203,0,-0.0048847198486328125
68229764250,-0.13288307189941406,-0.13288307189941406,0,0.0036630630493164062,0,-0.014652252197265625
68232093100,-0.13288307189941406,-0.13288307189941406,0,0.0036630630493164062,0,-0.014652252197265625
68234421950,-0.13288307189941406,-0.13288307189941406,0,-0.010989189147949219,0,-0.014652252197265625
68236750800,-0.13288307189941406,-0.13288307189941406,0,-0.0036630630493164062,0,-0.014652252197265625
68240365550,-0.13288307189941406,-0.13288307189941406,0,0.0036630630493164062,0,-0.0048847198486328125
68243640460,-0.13288307189941406,-0.13288307189941406,0,-0.0036630630493164062,0,-0.0048847198486328125
68246915370,-0.13288307189941406,-0.13288307189941406,0,-0.010989189147949219,0,-0.0048847198486328125
68250190280,-0.13288307189941406,-0.13288307189941406,0,-0.01831531524658203,0,-0.0048847198486328125
68253465190,-0.13288307189941406,-0.13288307189941406,0,0.0036630630493164062,0,-0.0048847198486328125
68256740100,-0.13288307189941406,-0.13288307189941406,0,0.0036630630493164062,0,-0.0048847198486328125
68260015010,-0.13288307189941406,-0.13288307189941406,0,-0.010989189147949219,0,-0.0048847198486328125
68263289920,-0.13288307189941406,-0.13288307189941406,0,-0.0036630630493164062,0,-0.014652252197265625
68266564830,-0.13288307189941406,-0.13288307189941406,0,-0.0036630630493164062,0,-0.014652252197265625
68269839740,-0.13288307189941406,-0.13288307189941406,0,-0.0036630630493164062,0,-0.0048847198486328125
68273114650,-0.13288307189941406,-0.13288307189941406,0,-0.01831531524658203,0,-0.0048847198486328125
68276389560,-0.13288307189941406,-0.13288307189941406,0,0.0036630630493164062,0,-0.0048847198486328125
68279664470,-0.13288307189941406,-0.13288307189941406,0,0.0036630630493164062,0,-0.0048847198486328125
68282939380,-0.13288307189941406,-0.13288307189941406,0,0.0036630630493164062,0,-0.014652252197265625
68286214290,-0.13288307189941406,-0.13288307189941406,0,-0.010989189147949219,0,-0.014652252197265625
68289489200,-0.13249969482421875,-0.13249969482421875,0,0.010989189147949219,0,-0.014652252197265625
68292139575,-0.13288307189941406,-0.13288307189941406,0,-0.010989189147949219,0,-0.0048847198486328125
68294789950,-0.13288307189941406,-0.13288307189941406,0,-0.010989189147949219,0,-0.0048847198486328125
68297440325,-0.13288307189941406,-0.13288307189941406,0,-0.0036630630493164062,0,-0.0048847198486328125
68300090700,-0.13288307189941406,-0.13288307189941406,0,-0.010989189147949219,0,-0.0048847198486328125
68302741075,-0.13288307189941406,-0.13288307189941406,0,0.010989189147949219,0,-0.014652252197265625
68305391450,-0.13288307189941406,-0.13288307189941406,0,-0.0036630630493164062,0,-0.014652252197265625
68308041825,-0.13288307189941406,-0.13288307189941406,0,-0.010989189147949219,0,-0.014652252197265625
68310692200,-0.13288307189941406,-0.13288307189941406,0,-0.010989189147949219,0,-0.014652252197265625
68314195400,-0.13288307189941406,-0.13288307189941406,0,-0.010989189147949219,0,-0.014652252197265625
68317698600,-0.13288307189941406,-0.13288307189941406,0,-0.0036630630493164062,0,-0.014652252197265625
68321201800,-0.13288307189941406,-0.13288307189941406,0,0.0036630630493164062,0,-0.014652252197265625
68324705000,-0.13288307189941406,-0.13288307189941406,0,-0.01831531524658203,0,-0.014652252197265625
68328208200,-0.13288307189941406,-0.13288307189941406,0,0.0036630630493164062,0,-0.0048847198486328125
68331711400,-0.13288307189941406,-0.13288307189941406,0,-0.010989189147949219,0,-0.0048847198486328125
68335214600,-0.13288307189941406,-0.13288307189941406,0,-0.010989189147949219,0,-0.014652252197265625
68338717800,-0.13288307189941406,-0.13288307189941406,0,-0.0036630630493164062,0,-0.014652252197265625
68342067000,-0.13288307189941406,-0.13288307189941406,0,0.0036630630493164062,0,-0.014652252197265625
68345416200,-0.13288307189941406,-0.13288307189941406,0,0.0036630630493164062,0,-0.014652252197265625
68348765400,-0.13288307189941406,-0.13288307189941406,0,-0.010989189147949219,0,-0.0048847198486328125
68352114600,-0.13288307189941406,-0.13288307189941406,0,-0.0036630630493164062,0,-0.014652252197265625
68355463800,-0.13288307189941406,-0.13288307189941406,0,-0.01831531524658203,0,-0.0048847198486328125
68358813000,-0.13288307189941406,-0.13288307189941406,0,0.0036630630493164062,0,-0.0048847198486328125
68362162200,-0.13288307189941406,-0.13288307189941406,0,0.0036630630493164062,0,-0.014652252197265625
68365511400,-0.13288307189941406,-0.13288307189941406,0,-0.0036630630493164062,0,-0.014652252197265625
68369167791,-0.13288307189941406,-0.13288307189941406,0,-0.0036630630493164062,0,-0.0048847198486328125
68372824178,-0.13288307189941406,-0.13288307189941406,0,-0.010989189147949219,0,-0.0048847198486328125
68376480565,-0.13288307189941406,-0.13288307189941406,0,0.010989189147949219,0,-0.0048847198486328125
68380136952,-0.13288307189941406,-0.13288307189941406,0,-0.010989189147949219,0,-0.0048847198486328125
68383793339,-0.13288307189941406,-0.13288307189941406,0,-0.010989189147949219,0,-0.0048847198486328125
68387449726,-0.13249969482421875,-0.13249969482421875,0,-0.0036630630493164062,0,-0.0048847198486328125
68391106113,-0.13249969482421875,-0.13249969482421875,0,0.010989189147949219,0,-0.0048847198486328125
68394762500,-0.13288307189941406,-0.13288307189941406,0,-0.010989189147949219,0,-0.014652252197265625
68397383566,-0.13288307189941406,-0.13288307189941406,0,0.0036630630493164062,0,-0.014652252197265625
68400004628,-0.13288307189941406,-0.13288307189941406,0,-0.010989189147949219,0,-0.014652252197265625
68402625690,-0.13249969482421875,-0.13249969482421875,0,0.0036630630493164062,0,-0.0048847198486328125
68405246752,-0.13288307189941406,-0.13288307189941406,0,-0.010989189147949219,0,-0.0048847198486328125
68407867814,-0.13288307189941406,-0.13288307189941406,0,-0.01831531524658203,0,-0.0048847198486328125
68410488876,-0.13249969482421875,-0.13249969482421875,0,0.0036630630493164062,0,-0.0048847198486328125
68413109938,-0.13288307189941406,-0.13288307189941406,0,-0.0036630630493164062,0,-0.0048847198486328125
68415731000,-0.13288307189941406,-0.13288307189941406,0,0.0036630630493164062,0,-0.0048847198486328125
68418485716,-0.13288307189941406,-0.13288307189941406,0,0.0036630630493164062,0,-0.014652252197265625
68421240428,-0.13288307189941406,-0.13288307189941406,0,-0.0036630630493164062,0,-0.014652252197265625
68423995140,-0.13288307189941406,-0.13288307189941406,0,-0.0036630630493164062,0,-0.014652252197265625
68426749852,-0.13288307189941406,-0.13288307189941406,0,-0.010989189147949219,0,-0.0048847198486328125
68429504564,-0.13288307189941406,-0.13288307189941406,0,-0.0036630630493164062,0,-0.0048847198486328125
68432259276,-0.13288307189941406,-0.13288307189941406,0,0.0036630630493164062,0,-0.0048847198486328125
68435013988,-0.13288307189941406,-0.13288307189941406,0,0.0036630630493164062,0,-0.0048847198486328125
68437768700,-0.13288307189941406,-0.13288307189941406,0,0.0036630630493164062,0,-0.0048847198486328125
68440310250,-0.13288307189941406,-0.13288307189941406,0,-0.0036630630493164062,0,-0.0048847198486328125
68442851800,-0.13288307189941406,-0.13288307189941406,0,-0.0036630630493164062,0,-0.0048847198486328125
68445393350,-0.13288307189941406,-0.13288307189941406,0,-0.010989189147949219,0,-0.0048847198486328125
68447934900,-0.13288307189941406,-0.13288307189941406,0,0.0036630630493164062,0,-0.0048847198486328125
68450476450,-0.13288307189941406,-0.13288307189941406,0,0.0036630630493164062,0,-0.0048847198486328125
68453018000,-0.13288307189941406,-0.13288307189941406,0,0.0036630630493164062,0,-0.0048847198486328125
68455559550,-0.13288307189941406,-0.13288307189941406,0,-0.010989189147949219,0,-0.0048847198486328125
68458101100,-0.13288307189941406,-0.13288307189941406,0,0.0036630630493164062,0,-0.014652252197265625
68460488425,-0.13288307189941406,-0.13288307189941406,0,-0.0036630630493164062,0,-0.014652252197265625
68462875750,-0.13288307189941406,-0.13288307189941406,0,-0.0036630630493164062,0,-0.0048847198486328125
68465263075,-0.13288307189941406,-0.13288307189941406,0,-0.0036630630493164062,0,-0.014652252197265625
68467650400,-0.13288307189941406,-0.13288307189941406,0,-0.010989189147949219,0,-0.0048847198486328125
68470037725,-0.13288307189941406,-0.13288307189941406,0,-0.0036630630493164062,0,-0.014652252197265625
68472425050,-0.13288307189941406,-0.13288307189941406,0,-0.0036630630493164062,0,-0.014652252197265625
68474812375,-0.13288307189941406,-0.13288307189941406,0,-0.010989189147949219,0,-0.014652252197265625
68477199700,-0.13288307189941406,-0.13288307189941406,0,-0.01831531524658203,0,-0.0048847198486328125
68480844625,-0.13288307189941406,-0.13288307189941406,0,-0.0036630630493164062,0,-0.0048847198486328125
68484489550,-0.13288307189941406,-0.13288307189941406,0,0.0036630630493164062,0,-0.0048847198486328125
68488134475,-0.13288307189941406,-0.13288307189941406,0,0.0036630630493164062,0,-0.0048847198486328125
68491779400,-0.13288307189941406,-0.13288307189941406,0,-0.0036630630493164062,0,-0.0048847198486328125
68495424325,-0.13288307189941406,-0.13288307189941406,0,-0.010989189147949219,0,-0.0048847198486328125
68499069250,-0.13288307189941406,-0.13288307189941406,0,0.0036630630493164062,0,-0.0048847198486328125
68502714175,-0.13288307189941406,-0.13288307189941406,0,-0.010989189147949219,0,-0.0048847198486328125
68506359100,-0.13288307189941406,-0.13288307189941406,0,0.0036630630493164062,0,-0.0048847198486328125
68509153591,-0.13288307189941406,-0.13288307189941406,0,0.0036630630493164062,0,-0.0048847198486328125
68511948078,-0.13288307189941406,-0.13288307189941406,0,-0.010989189147949219,0,-0.0048847198486328125
68514742565,-0.13288307189941406,-0.13288307189941406,0,-0.0036630630493164062,0,-0.0048847198486328125
68517537052,-0.13288307189941406,-0.13288307189941406,0,-0.01831531524658203,0,-0.0048847198486328125
68520331539,-0.13288307189941406,-0.13288307189941406,0,-0.0036630630493164062,0,-0.0048847198486328125
68523126026,-0.13288307189941406,-0.13288307189941406,0,0.0036630630493164062,0,-0.0048847198486328125
68525920513,-0.13288307189941406,-0.13288307189941406,0,-0.010989189147949219,0,-0.0048847198486328125
68528715000,-0.13288307189941406,-0.13288307189941406,0,0.0036630630493164062,0,-0.0048847198486328125
68531345975,-0.13288307189941406,-0.13288307189941406,0,0.0036630630493164062,0,-0.0048847198486328125
68533976950,-0.13288307189941406,-0.13288307189941406,0,-0.01831531524658203,0,-0.0048847198486328125
68536607925,-0.13288307189941406,-0.13288307189941406,0,0.010989189147949219,0,-0.0048847198486328125
68539238900,-0.13288307189941406,-0.13288307189941406,0,-0.01831531524658203,0,-0.0048847198486328125
68541869875,-0.13288307189941406,-0.13288307189941406,0,-0.0036630630493164062,0,-0.014652252197265625
68544500850,-0.13288307189941406,-0.13288307189941406,0,0.0036630630493164062,0,-0.014652252197265625
68547131825,-0.13288307189941406,-0.13288307189941406,0,-0.0036630630493164062,0,-0.014652252197265625
68549762800,-0.13288307189941406,-0.13288307189941406,0,-0.010989189147949219,0,-0.014652252197265625
68552640500,-0.13288307189941406,-0.13288307189941406,0,0.010989189147949219,0,-0.014652252197265625
68555290366,-0.13288307189941406,-0.13288307189941406,0,-0.010989189147949219,0,-0.014652252197265625
68557940232,-0.13288307189941406,-0.13288307189941406,0,-0.0036630630493164062,0,-0.0048847198486328125
68560590098,-0.13288307189941406,-0.13288307189941406,0,-0.010989189147949219,0,-0.014652252197265625
68563239964,-0.13288307189941406,-0.13288307189941406,0,0.0036630630493164062,0,-0.014652252197265625
68565889830,-0.13288307189941406,-0.13288307189941406,0,0.0036630630493164062,0,-0.014652252197265625
68568539696,-0.13288307189941406,-0.13288307189941406,0,-0.0036630630493164062,0,-0.014652252197265625
68571189562,-0.13288307189941406,-0.13288307189941406,0,-0.0036630630493164062,0,-0.0048847198486328125
68573839428,-0.13249969482421875,-0.13249969482421875,0,0.0036630630493164062,0,-0.0048847198486328125
68576489294,-0.13288307189941406,-0.13288307189941406,0,0.0036630630493164062,0,-0.014652252197265625
68579139160,-0.13288307189941406,-0.13288307189941406,0,0.0036630630493164062,0,-0.0048847198486328125
68581789026,-0.13288307189941406,-0.13288307189941406,0,-0.010989189147949219,0,-0.0048847198486328125
68584438892,-0.13288307189941406,-0.13288307189941406,0,-0.0036630630493164062,0,-0.0048847198486328125
68587088758,-0.13288307189941406,-0.13288307189941406,0,-0.0036630630493164062,0,-0.0048847198486328125
68589738624,-0.13288307189941406,-0.13288307189941406,0,0.0036630630493164062,0,-0.0048847198486328125
68592388490,-0.13288307189941406,-0.13288307189941406,0,0.0036630630493164062,0,-0.0048847198486328125
68596396516,-0.13288307189941406,-0.13288307189941406,0,0.0036630630493164062,0,-0.0048847198486328125
68600404528,-0.13288307189941406,-0.13288307189941406,0,0.010989189147949219,0,-0.0048847198486328125
68604412540,-0.13288307189941406,-0.13288307189941406,0,-0.010989189147949219,0,-0.014652252197265625
68608420552,-0.13288307189941406,-0.13288307189941406,0,-0.010989189147949219,0,-0.0048847198486328125
68612428564,-0.13288307189941406,-0.13288307189941406,0,-0.010989189147949219,0,-0.0048847198486328125
68616436576,-0.13288307189941406,-0.13288307189941406,0,-0.0036630630493164062,0,-0.014652252197265625
68620444588,-0.13288307189941406,-0.13288307189941406,0,0.0036630630493164062,0,-0.014652252197265625
68624452600,-0.13288307189941406,-0.13288307189941406,0,-0.0036630630493164062,0,-0.0048847198486328125
68626808900,-0.13288307189941406,-0.13288307189941406,0,-0.0036630630493164062,0,-0.014652252197265625
68629165200,-0.13288307189941406,-0.13288307189941406,0,-0.0036630630493164062,0,-0.014652252197265625
68631521500,-0.13288307189941406,-0.13288307189941406,0,0.0036630630493164062,0,-0.014652252197265625
68633877800,-0.13249969482421875,-0.13249969482421875,0,0.0036630630493164062,0,-0.014652252197265625
68636234100,-0.13288307189941406,-0.13288307189941406,0,0.0036630630493164062,0,-0.014652252197265625
68638590400,-0.13288307189941406,-0.13288307189941406,0,-0.0036630630493164062,0,-0.0048847198486328125
68640946700,-0.13288307189941406,-0.13288307189941406,0,-0.010989189147949219,0,-0.0048847198486328125
68643303000,-0.13288307189941406,-0.13288307189941406,0,-0.010989189147949219,0,-0.0048847198486328125
68645986850,-0.13288307189941406,-0.13288307189941406,0,0.0036630630493164062,0,-0.0048847198486328125
68648670700,-0.13288307189941406,-0.13288307189941406,0,-0.0036630630493164062,0,-0.0048847198486328125
68651354550,-0.13288307189941406,-0.13288307189941406,0,0.0036630630493164062,0,-0.0048847198486328125
68654038400,-0.13288307189941406,-0.13288307189941406,0,-0.0036630630493164062,0,-0.0048847198486328125
68656722250,-0.13288307189941406,-0.13288307189941406,0,-0.010989189147949219,0,-0.0048847198486328125
68659406100,-0.13288307189941406,-0.13288307189941406,0,-0.010989189147949219,0,-0.0048847198486328125
68662089950,-0.13288307189941406,-0.13288307189941406,0,0.01831531524658203,0,-0.014652252197265625
68664773800,-0.13288307189941406,-0.13288307189941406,0,0.010989189147949219,0,-0.014652252197265625
68667874525,-0.13288307189941406,-0.13288307189941406,0,-0.0036630630493164062,0,-0.014652252197265625
68670975250,-0.13288307189941406,-0.13288307189941406,0,0.0036630630493164062,0,-0.014652252197265625
68674075975,-0.13288307189941406,-0.13288307189941406,0,-0.01831531524658203,0,-0.014652252197265625
68677176700,-0.13288307189941406,-0.13288307189941406,0,-0.0036630630493164062,0,-0.014652252197265625
68680277425,-0.13288307189941406,-0.13288307189941406,0,-0.0036630630493164062,0,-0.014652252197265625
68683378150,-0.13288307189941406,-0.13288307189941406,0,-0.0036630630493164062,0,-0.014652252197265625
68686478875,-0.13288307189941406,-0.13288307189941406,0,-0.0036630630493164062,0,-0.014652252197265625
68689579600,-0.13288307189941406,-0.13288307189941406,0,-0.0036630630493164062,0,-0.014652252197265625
68692123991,-0.13249969482421875,-0.13249969482421875,0,0.0036630630493164062,0,-0.014652252197265625
68694668378,-0.13288307189941406,-0.13288307189941406,0,0.0036630630493164062,0,-0.0048847198486328125
68697212765,-0.13288307189941406,-0.13288307189941406,0,-0.0036630630493164062,0,-0.014652252197265625
68699757152,-0.13288307189941406,-0.13288307189941406,0,-0.0036630630493164062,0,-0.014652252197265625
68702301539,-0.13288307189941406,-0.13288307189941406,0,0.0036630630493164062,0,-0.014652252197265625
68704845926,-0.13288307189941406,-0.13288307189941406,0,-0.010989189147949219,0,-0.014652252197265625
68707390313,-0.13288307189941406,-0.13288307189941406,0,-0.010989189147949219,0,-0.014652252197265625
68709934700,-0.13288307189941406,-0.13288307189941406,0,-0.0036630630493164062,0,-0.014652252197265625
68713955316,-0.13288307189941406,-0.13288307189941406,0,-0.010989189147949219,0,-0.0048847198486328125
68717975928,-0.13288307189941406,-0.13288307189941406,0,-0.010989189147949219,0,-0.0048847198486328125
68721996540,-0.13288307189941406,-0.13288307189941406,0,-0.0036630630493164062,0,-0.0048847198486328125
68726017152,-0.13288307189941406,-0.13288307189941406,0,0.010989189147949219,0,-0.0048847198486328125
68730037764,-0.13288307189941406,-0.13288307189941406,0,0.0036630630493164062,0,-0.0048847198486328125
68734058376,-0.13288307189941406,-0.13288307189941406,0,0.0036630630493164062,0,-0.014652252197265625
68738078988,-0.13288307189941406,-0.13288307189941406,0,0.0036630630493164062,0,-0.014652252197265625
68742099600,-0.13249969482421875,-0.13249969482421875,0,0.010989189147949219,0,-0.014652252197265625
68745246391,-0.13288307189941406,-0.13288307189941406,0,0.0036630630493164062,0,-0.014652252197265625
68748393178,-0.13288307189941406,-0.13288307189941406,0,0.0036630630493164062,0,-0.014652252197265625
68751539965,-0.13288307189941406,-0.13288307189941406,0,-0.010989189147949219,0,-0.014652252197265625
68754686752,-0.13288307189941406,-0.13288307189941406,0,-0.010989189147949219,0,-0.014652252197265625
68757833539,-0.13288307189941406,-0.13288307189941406,0,-0.0036630630493164062,0,-0.014652252197265625
68760980326,-0.13288307189941406,-0.13288307189941406,0,-0.01831531524658203,0,-0.014652252197265625
68764127113,-0.13288307189941406,-0.13288307189941406,0,-0.010989189147949219,0,-0.014652252197265625
68767273900,-0.13288307189941406,-0.13288307189941406,0,0.0036630630493164062,0,-0.0048847198486328125
68771217041,-0.13288307189941406,-0.13288307189941406,0,-0.0036630630493164062,0,-0.014652252197265625
68774631658,-0.13288307189941406,-0.13288307189941406,0,-0.01831531524658203,0,-0.0048847198486328125
68778046275,-0.13288307189941406,-0.13288307189941406,0,0.0036630630493164062,0,-0.014652252197265625
68781460892,-0.13288307189941406,-0.13288307189941406,0,-0.0036630630493164062,0,-0.0048847198486328125
68784875509,-0.13288307189941406,-0.13288307189941406,0,-0.01831531524658203,0,-0.0048847198486328125
68788290126,-0.13288307189941406,-0.13288307189941406,0,-0.0036630630493164062,0,-0.014652252197265625
68791704743,-0.13288307189941406,-0.13288307189941406,0,-0.0036630630493164062,0,-0.014652252197265625
68795119360,-0.13288307189941406,-0.13288307189941406,0,0.0036630630493164062,0,-0.0048847198486328125
68798533977,-0.13288307189941406,-0.13288307189941406,0,-0.0036630630493164062,0,-0.0048847198486328125
68801948594,-0.13288307189941406,-0.13288307189941406,0,-0.01831531524658203,0,-0.0048847198486328125
68805363211,-0.13288307189941406,-0.13288307189941406,0,0.0036630630493164062,0,-0.0048847198486328125
68808777828,-0.13288307189941406,-0.13288307189941406,0,0.0036630630493164062,0,-0.0048847198486328125
68812192445,-0.13288307189941406,-0.13288307189941406,0,0.0036630630493164062,0,-0.014652252197265625
68815607062,-0.13288307189941406,-0.13288307189941406,0,-0.0036630630493164062,0,-0.014652252197265625
68819021679,-0.13288307189941406,-0.13288307189941406,0,-0.0036630630493164062,0,-0.0048847198486328125
68822436296,-0.13288307189941406,-0.13288307189941406,0,-0.010989189147949219,0,-0.0048847198486328125
68826796841,-0.13288307189941406,-0.13288307189941406,0,-0.010989189147949219,0,-0.0048847198486328125
68831157378,-0.13288307189941406,-0.13288307189941406,0,-0.010989189147949219,0,-0.014652252197265625
68835517915,-0.13288307189941406,-0.13288307189941406,0,0.0036630630493164062,0,-0.0048847198486328125
68839878452,-0.13288307189941406,-0.13288307189941406,0,0.0036630630493164062,0,-0.0048847198486328125
68844238989,-0.13288307189941406,-0.13288307189941406,0,-0.010989189147949219,0,-0.0048847198486328125
68848599526,-0.13288307189941406,-0.13288307189941406,0,-0.0036630630493164062,0,-0.0048847198486328125
68852960063,-0.13288307189941406,-0.13288307189941406,0,-0.010989189147949219,0,-0.0048847198486328125
68857320600,-0.13288307189941406,-0.13288307189941406,0,-0.010989189147949219,0,-0.0048847198486328125
68860692975,-0.13288307189941406,-0.13288307189941406,0,0.0036630630493164062,0,-0.0048847198486328125
68864065350,-0.13288307189941406,-0.13288307189941406,0,0.0036630630493164062,0,-0.0048847198486328125
68867437725,-0.13288307189941406,-0.13288307189941406,0,0.0036630630493164062,0,-0.014652252197265625
68870810100,-0.13288307189941406,-0.13288307189941406,0,-0.010989189147949219,0,-0.014652252197265625
68874182475,-0.13288307189941406,-0.13288307189941406,0,0.0036630630493164062,0,-0.014652252197265625
68877554850,-0.13288307189941406,-0.13288307189941406,0,0.0036630630493164062,0,-0.014652252197265625
68880927225,-0.13288307189941406,-0.13288307189941406,0,-0.01831531524658203,0,-0.014652252197265625
68884299600,-0.13288307189941406,-0.13288307189941406,0,-0.0036630630493164062,0,-0.014652252197265625
68886844666,-0.13288307189941406,-0.13288307189941406,0,-0.010989189147949219,0,-0.014652252197265625
68889340014,-0.13288307189941406,-0.13288307189941406,0,0.0036630630493164062,0,-0.0048847198486328125
68891835362,-0.13288307189941406,-0.13288307189941406,0,-0.010989189147949219,0,-0.014652252197265625
68894330710,-0.13288307189941406,-0.13288307189941406,0,-0.0036630630493164062,0,-0.014652252197265625
68896826058,-0.13288307189941406,-0.13288307189941406,0,-0.010989189147949219,0,-0.014652252197265625
68899321406,-0.13249969482421875,-0.13249969482421875,0,0.0036630630493164062,0,-0.014652252197265625
68901816754,-0.13288307189941406,-0.13288307189941406,0,-0.0036630630493164062,0,-0.014652252197265625
68904312102,-0.13288307189941406,-0.13288307189941406,0,0.0036630630493164062,0,-0.014652252197265625
68906807450,-0.13288307189941406,-0.13288307189941406,0,-0.010989189147949219,0,-0.014652252197265625
68909302798,-0.13288307189941406,-0.13288307189941406,0,0.0036630630493164062,0,-0.014652252197265625
68911798146,-0.13288307189941406,-0.13288307189941406,0,-0.010989189147949219,0,-0.014652252197265625
68914293494,-0.13288307189941406,-0.13288307189941406,0,-0.0036630630493164062,0,-0.014652252197265625
68916788842,-0.13288307189941406,-0.13288307189941406,0,0.0036630630493164062,0,-0.014652252197265625
68919284190,-0.13288307189941406,-0.13288307189941406,0,-0.010989189147949219,0,-0.0048847198486328125
68921779538,-0.13288307189941406,-0.13288307189941406,0,-0.0036630630493164062,0,-0.0048847198486328125
68924274886,-0.13288307189941406,-0.13288307189941406,0,0.0036630630493164062,0,-0.0048847198486328125
68927248941,-0.13288307189941406,-0.13288307189941406,0,0.0036630630493164062,0,-0.0048847198486328125
68930222978,-0.13288307189941406,-0.13288307189941406,0,0.0036630630493164062,0,-0.0048847198486328125
68933197015,-0.13288307189941406,-0.13288307189941406,0,-0.010989189147949219,0,-0.0048847198486328125
68936171052,-0.13249969482421875,-0.13249969482421875,0,0.0036630630493164062,0,-0.0048847198486328125
68939145089,-0.13288307189941406,-0.13288307189941406,0,-0.010989189147949219,0,-0.014652252197265625
68942119126,-0.13288307189941406,-0.13288307189941406,0,-0.01831531524658203,0,-0.014652252197265625
68945093163,-0.13288307189941406,-0.13288307189941406,0,-0.0036630630493164062,0,-0.014652252197265625
68948067200,-0.13288307189941406,-0.13288307189941406,0,0.010989189147949219,0,-0.014652252197265625
68952289091,-0.13288307189941406,-0.13288307189941406,0,0.0036630630493164062,0,-0.014652252197265625
68956510978,-0.13288307189941406,-0.13288307189941406,0,0.0036630630493164062,0,-0.014652252197265625
68960732865,-0.13288307189941406,-0.13288307189941406,0,-0.0036630630493164062,0,-0.014652252197265625
68964954752,-0.13288307189941406,-0.13288307189941406,0,0.0036630630493164062,0,-0.014652252197265625
68969176639,-0.13288307189941406,-0.13288307189941406,0,0.0036630630493164062,0,-0.014652252197265625
68973398526,-0.13288307189941406,-0.13288307189941406,0,-0.010989189147949219,0,-0.014652252197265625
68977620413,-0.13288307189941406,-0.13288307189941406,0,-0.0036630630493164062,0,-0.014652252197265625
68981842300,-0.13288307189941406,-0.13288307189941406,0,-0.010989189147949219,0,-0.0048847198486328125
68985032366,-0.13288307189941406,-0.13288307189941406,0,0.0036630630493164062,0,-0.0048847198486328125
68988222428,-0.13288307189941406,-0.13288307189941406,0,-0.010989189147949219,0,-0.0048847198486328125
68991412490,-0.13288307189941406,-0.13288307189941406,0,-0.0036630630493164062,0,-0.0048847198486328125
68994602552,-0.13288307189941406,-0.13288307189941406,0,-0.0036630630493164062,0,-0.014652252197265625
68997792614,-0.13288307189941406,-0.13288307189941406,0,-0.010989189147949219,0,-0.0048847198486328125
69000982676,-0.13288307189941406,-0.13288307189941406,0,-0.010989189147949219,0,-0.0048847198486328125
69004172738,-0.13288307189941406,-0.13288307189941406,0,-0.010989189147949219,0,-0.0048847198486328125
69007362800,-0.13288307189941406,-0.13288307189941406,0,0.0036630630493164062,0,-0.014652252197265625
69009898450,-0.13288307189941406,-0.13288307189941406,0,0.0036630630493164062,0,-0.014652252197265625
69012434100,-0.13288307189941406,-0.13288307189941406,0,0.0036630630493164062,0,-0.0048847198486328125
69014969750,-0.13288307189941406,-0.13288307189941406,0,0.0036630630493164062,0,-0.014652252197265625
69017505400,-0.13288307189941406,-0.13288307189941406,0,-0.010989189147949219,0,-0.0048847198486328125
69020041050,-0.13288307189941406,-0.13288307189941406,0,-0.0036630630493164062,0,-0.0048847198486328125
69022576700,-0.13288307189941406,-0.13288307189941406,0,-0.0036630630493164062,0,-0.0048847198486328125
69025112350,-0.13288307189941406,-0.13288307189941406,0,0.0036630630493164062,0,-0.0048847198486328125
69027648000,-0.13288307189941406,-0.13288307189941406,0,-0.010989189147949219,0,-0.0048847198486328125
69030657475,-0.13288307189941406,-0.13288307189941406,0,-0.0036630630493164062,0,-0.014652252197265625
69033666950,-0.13249969482421875,-0.13249969482421875,0,0.0036630630493164062,0,-0.014652252197265625
69036676425,-0.13288307189941406,-0.13288307189941406,0,-0.010989189147949219,0,-0.0048847198486328125
69039685900,-0.13288307189941406,-0.13288307189941406,0,-0.0036630630493164062,0,-0.0048847198486328125
69042695375,-0.13288307189941406,-0.13288307189941406,0,0.0036630630493164062,0,-0.0048847198486328125
69045704850,-0.13288307189941406,-0.13288307189941406,0,0.0036630630493164062,0,-0.0048847198486328125
69048714325,-0.13288307189941406,-0.13288307189941406,0,-0.010989189147949219,0,-0.0048847198486328125
69051723800,-0.13288307189941406,-0.13288307189941406,0,0.0036630630493164062,0,-0.0048847198486328125
69053948791,-0.13288307189941406,-0.13288307189941406,0,-0.01831531524658203,0,-0.0048847198486328125
69056173778,-0.13288307189941406,-0.13288307189941406,0,-0.010989189147949219,0,-0.014652252197265625
69058398765,-0.13288307189941406,-0.13288307189941406,0,0.0036630630493164062,0,-0.0048847198486328125
69060623752,-0.13288307189941406,-0.13288307189941406,0,0.0036630630493164062,0,-0.014652252197265625
69062848739,-0.13288307189941406,-0.13288307189941406,0,-0.010989189147949219,0,-0.014652252197265625
69065073726,-0.13288307189941406,-0.13288307189941406,0,0.0036630630493164062,0,-0.014652252197265625
69067298713,-0.13288307189941406,-0.13288307189941406,0,-0.0036630630493164062,0,-0.014652252197265625
69069523700,-0.13288307189941406,-0.13288307189941406,0,-0.0036630630493164062,0,-0.014652252197265625
69073798625,-0.13288307189941406,-0.13288307189941406,0,-0.010989189147949219,0,-0.0048847198486328125
69078073550,-0.13288307189941406,-0.13288307189941406,0,-0.010989189147949219,0,-0.0048847198486328125
69082348475,-0.13288307189941406,-0.13288307189941406,0,-0.010989189147949219,0,-0.0048847198486328125
69086623400,-0.13288307189941406,-0.13288307189941406,0,0.0036630630493164062,0,0.0048847198486328125
69090898325,-0.13288307189941406,-0.13288307189941406,0,-0.0036630630493164062,0,-0.0048847198486328125
69095173250,-0.13288307189941406,-0.13288307189941406,0,-0.010989189147949219,0,-0.0048847198486328125
69099448175,-0.13249969482421875,-0.13249969482421875,0,0.0036630630493164062,0,-0.0048847198486328125
69103723100,-0.13288307189941406,-0.13288307189941406,0,-0.010989189147949219,0,-0.0048847198486328125
69106755741,-0.13288307189941406,-0.13288307189941406,0,-0.010989189147949219,0,-0.0048847198486328125
69109788378,-0.13288307189941406,-0.13288307189941406,0,-0.010989189147949219,0,-0.0048847198486328125
69112821015,-0.13288307189941406,-0.13288307189941406,0,-0.010989189147949219,0,-0.0048847198486328125
69115853652,-0.13249969482421875,-0.13249969482421875,0,0.0036630630493164062,0,-0.0048847198486328125
69118886289,-0.13288307189941406,-0.13288307189941406,0,-0.0036630630493164062,0,-0.014652252197265625
69121918926,-0.13288307189941406,-0.13288307189941406,0,-0.0036630630493164062,0,-0.014652252197265625
69124951563,-0.13288307189941406,-0.13288307189941406,0,-0.010989189147949219,0,-0.014652252197265625
69127984200,-0.13288307189941406,-0.13288307189941406,0,-0.025641441345214844,0,-0.014652252197265625
69130394875,-0.13288307189941406,-0.13288307189941406,0,0.0036630630493164062,0,-0.014652252197265625
69133163843,-0.13288307189941406,-0.13288307189941406,0,-0.010989189147949219,0,-0.014652252197265625
69135932811,-0.13288307189941406,-0.13288307189941406,0,-0.01831531524658203,0,-0.0048847198486328125
69138701779,-0.13288307189941406,-0.13288307189941406,0,0.0036630630493164062,0,-0.0048847198486328125
69141470747,-0.13288307189941406,-0.13288307189941406,0,0.0036630630493164062,0,-0.0048847198486328125
69144239715,-0.13288307189941406,-0.13288307189941406,0,-0.010989189147949219,0,-0.0048847198486328125
69147008683,-0.13288307189941406,-0.13288307189941406,0,0.0036630630493164062,0,-0.014652252197265625
69149777651,-0.13288307189941406,-0.13288307189941406,0,-0.010989189147949219,0,-0.014652252197265625
69152546619,-0.13288307189941406,-0.13288307189941406,0,-0.010989189147949219,0,-0.014652252197265625
69155315587,-0.13288307189941406,-0.13288307189941406,0,0.0036630630493164062,0,-0.014652252197265625
69158084555,-0.13288307189941406,-0.13288307189941406,0,0.0036630630493164062,0,-0.014652252197265625
69160853523,-0.13288307189941406,-0.13288307189941406,0,0.0036630630493164062,0,-0.0048847198486328125
69163622491,-0.13288307189941406,-0.13288307189941406,0,-0.010989189147949219,0,-0.0048847198486328125
69166391459,-0.13288307189941406,-0.13288307189941406,0,-0.010989189147949219,0,-0.014652252197265625
69169160427,-0.13288307189941406,-0.13288307189941406,0,-0.0036630630493164062,0,-0.014652252197265625
69171929395,-0.13288307189941406,-0.13288307189941406,0,-0.0036630630493164062,0,-0.0048847198486328125
69175010491,-0.13288307189941406,-0.13288307189941406,0,-0.010989189147949219,0,-0.0048847198486328125
69178091578,-0.13288307189941406,-0.13288307189941406,0,0.0036630630493164062,0,-0.0048847198486328125
69181172665,-0.13288307189941406,-0.13288307189941406,0,-0.010989189147949219,0,-0.0048847198486328125
69184253752,-0.13288307189941406,-0.13288307189941406,0,0.0036630630493164062,0,-0.0048847198486328125
69187334839,-0.13288307189941406,-0.13288307189941406,0,-0.0036630630493164062,0,-0.014652252197265625
69190415926,-0.13288307189941406,-0.13288307189941406,0,-0.0036630630493164062,0,-0.014652252197265625
69193497013,-0.13249969482421875,-0.13249969482421875,0,0.0036630630493164062,0,-0.014652252197265625
69196578100,-0.13249969482421875,-0.13249969482421875,0,0.0036630630493164062,0,-0.014652252197265625
69199895725,-0.13249969482421875,-0.13249969482421875,0,0.0036630630493164062,0,-0.014652252197265625
69202584390,-0.13288307189941406,-0.13288307189941406,0,0.0036630630493164062,0,-0.014652252197265625
69205273055,-0.13288307189941406,-0.13288307189941406,0,-0.01831531524658203,0,-0.014652252197265625
69207961720,-0.13288307189941406,-0.13288307189941406,0,-0.0036630630493164062,0,-0.014652252197265625
69210650385,-0.13288307189941406,-0.13288307189941406,0,-0.0036630630493164062,0,-0.014652252197265625
69213339050,-0.13288307189941406,-0.13288307189941406,0,-0.0036630630493164062,0,-0.014652252197265625
69216027715,-0.13288307189941406,-0.13288307189941406,0,-0.010989189147949219,0,-0.0048847198486328125
69218716380,-0.13288307189941406,-0.13288307189941406,0,0.0036630630493164062,0,-0.0048847198486328125
69221405045,-0.13288307189941406,-0.13288307189941406,0,0.0036630630493164062,0,-0.0048847198486328125
69224093710,-0.13288307189941406,-0.13288307189941406,0,-0.010989189147949219,0,-0.014652252197265625
69226782375,-0.13288307189941406,-0.13288307189941406,0,-0.0036630630493164062,0,-0.014652252197265625
69229471040,-0.13288307189941406,-0.13288307189941406,0,0.0036630630493164062,0,-0.014652252197265625
69232159705,-0.13288307189941406,-0.13288307189941406,0,0.0036630630493164062,0,-0.014652252197265625
69234848370,-0.13288307189941406,-0.13288307189941406,0,-0.01831531524658203,0,-0.014652252197265625
69237537035,-0.13288307189941406,-0.13288307189941406,0,-0.0036630630493164062,0,-0.014652252197265625
69240225700,-0.13288307189941406,-0.13288307189941406,0,0.0036630630493164062,0,-0.0048847198486328125
69243147516,-0.13288307189941406,-0.13288307189941406,0,-0.010989189147949219,0,-0.0048847198486328125
69246069328,-0.13288307189941406,-0.13288307189941406,0,-0.0036630630493164062,0,-0.0048847198486328125
69248991140,-0.13288307189941406,-0.13288307189941406,0,0.0036630630493164062,0,-0.0048847198486328125
69251912952,-0.13288307189941406,-0.13288307189941406,0,-0.0036630630493164062,0,-0.0048847198486328125
69254834764,-0.13288307189941406,-0.13288307189941406,0,-0.010989189147949219,0,-0.014652252197265625
69257756576,-0.13288307189941406,-0.13288307189941406,0,-0.010989189147949219,0,-0.014652252197265625
69260678388,-0.13288307189941406,-0.13288307189941406,0,0.0036630630493164062,0,-0.014652252197265625
69263600200,-0.13288307189941406,-0.13288307189941406,0,-0.0036630630493164062,0,-0.014652252197265625
69266591041,-0.13288307189941406,-0.13288307189941406,0,-0.010989189147949219,0,-0.014652252197265625
69269581878,-0.13288307189941406,-0.13288307189941406,0,0.0036630630493164062,0,-0.014652252197265625
69272572715,-0.13288307189941406,-0.13288307189941406,0,0.0036630630493164062,0,-0.014652252197265625
69275563552,-0.13288307189941406,-0.13288307189941406,0,-0.010989189147949219,0,-0.014652252197265625
69278554389,-0.13288307189941406,-0.13288307189941406,0,-0.01831531524658203,0,-0.0048847198486328125
69281545226,-0.13288307189941406,-0.13288307189941406,0,0.01831531524658203,0,-0.0048847198486328125
69284536063,-0.13288307189941406,-0.13288307189941406,0,-0.010989189147949219,0,-0.014652252197265625
69287526900,-0.13288307189941406,-0.13288307189941406,0,-0.0036630630493164062,0,-0.014652252197265625
69290573925,-0.13288307189941406,-0.13288307189941406,0,0.0036630630493164062,0,-0.0048847198486328125
69293620950,-0.13288307189941406,-0.13288307189941406,0,-0.0036630630493164062,0,-0.0048847198486328125
69296667975,-0.13288307189941406,-0.13288307189941406,0,0.0036630630493164062,0,-0.014652252197265625
69299715000,-0.13288307189941406,-0.13288307189941406,0,-0.0036630630493164062,0,-0.0048847198486328125
69302762025,-0.13288307189941406,-0.13288307189941406,0,-0.0036630630493164062,0,-0.0048847198486328125
69305809050,-0.13288307189941406,-0.13288307189941406,0,0.0036630630493164062,0,-0.0048847198486328125
69308856075,-0.13288307189941406,-0.13288307189941406,0,0.0036630630493164062,0,-0.0048847198486328125
69311903100,-0.13288307189941406,-0.13288307189941406,0,0.010989189147949219,0,-0.014652252197265625
69315945741,-0.13288307189941406,-0.13288307189941406,0,0.0036630630493164062,0,-0.014652252197265625
69319988378,-0.13288307189941406,-0.13288307189941406,0,-0.0036630630493164062,0,-0.014652252197265625
69324031015,-0.13288307189941406,-0.13288307189941406,0,-0.010989189147949219,0,-0.014652252197265625
69328073652,-0.13288307189941406,-0.13288307189941406,0,-0.010989189147949219,0,-0.0048847198486328125
69332116289,-0.13288307189941406,-0.13288307189941406,0,-0.0036630630493164062,0,-0.0048847198486328125
69336158926,-0.13288307189941406,-0.13288307189941406,0,-0.010989189147949219,0,-0.0048847198486328125
69340201563,-0.13288307189941406,-0.13288307189941406,0,0.0036630630493164062,0,-0.0048847198486328125
69344244200,-0.13288307189941406,-0.13288307189941406,0,-0.010989189147949219,0,-0.0048847198486328125
69347162466,-0.13288307189941406,-0.13288307189941406,0,0.0036630630493164062,0,-0.0048847198486328125
69350080728,-0.13249969482421875,-0.13249969482421875,0,-0.0036630630493164062,0,-0.0048847198486328125
69352998990,-0.13288307189941406,-0.13288307189941406,0,-0.010989189147949219,0,-0.014652252197265625
69355917252,-0.13288307189941406,-0.13288307189941406,0,-0.010989189147949219,0,-0.014652252197265625
69358835514,-0.13288307189941406,-0.13288307189941406,0,-0.0036630630493164062,0,-0.014652252197265625
69361753776,-0.13288307189941406,-0.13288307189941406,0,0.0036630630493164062,0,-0.014652252197265625
69364672038,-0.13288307189941406,-0.13288307189941406,0,0.0036630630493164062,0,-0.014652252197265625
69367590300,-0.13288307189941406,-0.13288307189941406,0,-0.0036630630493164062,0,-0.0048847198486328125
69369963075,-0.13288307189941406,-0.13288307189941406,0,0.0036630630493164062,0,-0.0048847198486328125
69372335850,-0.13288307189941406,-0.13288307189941406,0,-0.010989189147949219,0,-0.014652252197265625
69374708625,-0.13288307189941406,-0.13288307189941406,0,-0.0036630630493164062,0,-0.0048847198486328125
69377081400,-0.13288307189941406,-0.13288307189941406,0,-0.0036630630493164062,0,-0.0048847198486328125
69379454175,-0.13288307189941406,-0.13288307189941406,0,-0.0036630630493164062,0,-0.0048847198486328125
69381826950,-0.13288307189941406,-0.13288307189941406,0,-0.0036630630493164062,0,-0.0048847198486328125
69384199725,-0.13288307189941406,-0.13288307189941406,0,-0.010989189147949219,0,-0.0048847198486328125
69386572500,-0.13288307189941406,-0.13288307189941406,0,-0.0036630630493164062,0,-0.0048847198486328125
69389232625,-0.13288307189941406,-0.13288307189941406,0,-0.01831531524658203,0,-0.014652252197265625
69391960390,-0.13288307189941406,-0.13288307189941406,0,-0.0036630630493164062,0,-0.014652252197265625
69394688155,-0.13288307189941406,-0.13288307189941406,0,-0.0036630630493164062,0,-0.0048847198486328125
69397415920,-0.13288307189941406,-0.13288307189941406,0,0.0036630630493164062,0,-0.0048847198486328125
69400143685,-0.13288307189941406,-0.13288307189941406,0,-0.0036630630493164062,0,-0.014652252197265625
69402871450,-0.13249969482421875,-0.13249969482421875,0,0.0036630630493164062,0,-0.014652252197265625
69405599215,-0.13288307189941406,-0.13288307189941406,0,0.0036630630493164062,0,-0.014652252197265625
69408326980,-0.13288307189941406,-0.13288307189941406,0,0.010989189147949219,0,-0.014652252197265625
69411054745,-0.13288307189941406,-0.13288307189941406,0,-0.010989189147949219,0,-0.014652252197265625
69413782510,-0.13288307189941406,-0.13288307189941406,0,0.0036630630493164062,0,-0.014652252197265625
69416510275,-0.13288307189941406,-0.13288307189941406,0,-0.010989189147949219,0,-0.0048847198486328125
69419238040,-0.13288307189941406,-0.13288307189941406,0,0.0036630630493164062,0,-0.0048847198486328125
69421965805,-0.13288307189941406,-0.13288307189941406,0,-0.010989189147949219,0,-0.0048847198486328125
69424693570,-0.13288307189941406,-0.13288307189941406,0,0.0036630630493164062,0,-0.014652252197265625
69427421335,-0.13288307189941406,-0.13288307189941406,0,0.0036630630493164062,0,-0.0048847198486328125
69430149100,-0.13288307189941406,-0.13288307189941406,0,-0.010989189147949219,0,-0.0048847198486328125
69434271141,-0.13288307189941406,-0.13288307189941406,0,0.0036630630493164062,0,-0.0048847198486328125
69438393178,-0.13288307189941406,-0.13288307189941406,0,0.0036630630493164062,0,-0.0048847198486328125
69442515215,-0.13288307189941406,-0.13288307189941406,0,-0.0036630630493164062,0,-0.014652252197265625
69446637252,-0.13288307189941406,-0.13288307189941406,0,-0.010989189147949219,0,-0.014652252197265625
69450759289,-0.13288307189941406,-0.13288307189941406,0,-0.01831531524658203,0,-0.0048847198486328125
69454881326,-0.13288307189941406,-0.13288307189941406,0,0.0036630630493164062,0,-0.0048847198486328125
69459003363,-0.13288307189941406,-0.13288307189941406,0,-0.0036630630493164062,0,-0.0048847198486328125
69463125400,-0.13288307189941406,-0.13288307189941406,0,0.0036630630493164062,0,-0.0048847198486328125
69466712641,-0.13288307189941406,-0.13288307189941406,0,-0.01831531524658203,0,-0.014652252197265625
69470299878,-0.13288307189941406,-0.13288307189941406,0,-0.0036630630493164062,0,-0.0048847198486328125
69473887115,-0.13288307189941406,-0.13288307189941406,0,0.0036630630493164062,0,-0.0048847198486328125
69477474352,-0.13288307189941406,-0.13288307189941406,0,-0.010989189147949219,0,0.0048847198486328125
69481061589,-0.13288307189941406,-0.13288307189941406,0,0.0036630630493164062,0,-0.0048847198486328125
69484648826,-0.13288307189941406,-0.13288307189941406,0,0.0036630630493164062,0,-0.0048847198486328125
69488236063,-0.13288307189941406,-0.13288307189941406,0,-0.010989189147949219,0,-0.0048847198486328125
69491823300,-0.13288307189941406,-0.13288307189941406,0,-0.010989189147949219,0,-0.0048847198486328125
69494421866,-0.13288307189941406,-0.13288307189941406,0,-0.01831531524658203,0,-0.014652252197265625
69497020428,-0.13288307189941406,-0.13288307189941406,0,0.0036630630493164062,0,-0.014652252197265625
69499618990,-0.13288307189941406,-0.13288307189941406,0,-0.0036630630493164062,0,-0.0048847198486328125
69502217552,-0.13288307189941406,-0.13288307189941406,0,-0.0036630630493164062,0,-0.014652252197265625
69504816114,-0.13288307189941406,-0.13288307189941406,0,0.0036630630493164062,0,-0.014652252197265625
69507414676,-0.13288307189941406,-0.13288307189941406,0,-0.010989189147949219,0,-0.014652252197265625
69510013238,-0.13288307189941406,-0.13288307189941406,0,-0.0036630630493164062,0,-0.014652252197265625
69512611800,-0.13288307189941406,-0.13288307189941406,0,-0.0036630630493164062,0,-0.014652252197265625
69514980466,-0.13288307189941406,-0.13288307189941406,0,-0.0036630630493164062,0,-0.0048847198486328125
69517520661,-0.13288307189941406,-0.13288307189941406,0,-0.0036630630493164062,0,-0.0048847198486328125
69520060856,-0.13288307189941406,-0.13288307189941406,0,-0.0036630630493164062,0,-0.0048847198486328125
69522601051,-0.13288307189941406,-0.13288307189941406,0,0.0036630630493164062,0,-0.014652252197265625
69525141246,-0.13288307189941406,-0.13288307189941406,0,-0.010989189147949219,0,-0.0048847198486328125
69527681441,-0.13288307189941406,-0.13288307189941406,0,-0.010989189147949219,0,-0.014652252197265625
69530221636,-0.13288307189941406,-0.13288307189941406,0,-0.0036630630493164062,0,-0.014652252197265625
69532761831,-0.13288307189941406,-0.13288307189941406,0,0.010989189147949219,0,-0.0048847198486328125
69535302026,-0.13288307189941406,-0.13288307189941406,0,-0.01831531524658203,0,-0.0048847198486328125
69537842221,-0.13288307189941406,-0.13288307189941406,0,0.0036630630493164062,0,-0.0048847198486328125
69540382416,-0.13288307189941406,-0.13288307189941406,0,-0.0036630630493164062,0,-0.014652252197265625
69542922611,-0.13288307189941406,-0.13288307189941406,0,-0.0036630630493164062,0,-0.0048847198486328125
69545462806,-0.13288307189941406,-0.13288307189941406,0,0.0036630630493164062,0,-0.0048847198486328125
69548003001,-0.13288307189941406,-0.13288307189941406,0,-0.010989189147949219,0,-0.0048847198486328125
69550543196,-0.13288307189941406,-0.13288307189941406,0,0.0036630630493164062,0,-0.0048847198486328125
69553083391,-0.13288307189941406,-0.13288307189941406,0,-0.0036630630493164062,0,-0.0048847198486328125
69556970841,-0.13288307189941406,-0.13288307189941406,0,-0.0036630630493164062,0,-0.014652252197265625
69560858278,-0.13288307189941406,-0.13288307189941406,0,-0.0036630630493164062,0,-0.0048847198486328125
69564745715,-0.13288307189941406,-0.13288307189941406,0,-0.0036630630493164062,0,-0.0048847198486328125
69568633152,-0.13288307189941406,-0.13288307189941406,0,0.0036630630493164062,0,-0.0048847198486328125
69572520589,-0.13288307189941406,-0.13288307189941406,0,0.0036630630493164062,0,-0.014652252197265625
69576408026,-0.13288307189941406,-0.13288307189941406,0,-0.0036630630493164062,0,-0.014652252197265625
69580295463,-0.13288307189941406,-0.13288307189941406,0,-0.010989189147949219,0,-0.014652252197265625
69584182900,-0.13288307189941406,-0.13288307189941406,0,0.0036630630493164062,0,-0.014652252197265625
69586840250,-0.13288307189941406,-0.13288307189941406,0,0.0036630630493164062,0,-0.0048847198486328125
69589696726,-0.13288307189941406,-0.13288307189941406,0,-0.0036630630493164062,0,-0.0048847198486328125
69592553202,-0.13288307189941406,-0.13288307189941406,0,-0.010989189147949219,0,-0.0048847198486328125
69595409678,-0.13288307189941406,-0.13288307189941406,0,0.0036630630493164062,0,-0.0048847198486328125
69598266154,-0.13288307189941406,-0.13288307189941406,0,-0.0036630630493164062,0,-0.0048847198486328125
69601122630,-0.13288307189941406,-0.13288307189941406,0,-0.0036630630493164062,0,-0.0048847198486328125
69603979106,-0.13288307189941406,-0.13288307189941406,0,-0.010989189147949219,0,-0.014652252197265625
69606835582,-0.13288307189941406,-0.13288307189941406,0,-0.010989189147949219,0,-0.014652252197265625
69609692058,-0.13288307189941406,-0.13288307189941406,0,-0.010989189147949219,0,-0.014652252197265625
69612548534,-0.13288307189941406,-0.13288307189941406,0,-0.0036630630493164062,0,-0.014652252197265625
69615405010,-0.13288307189941406,-0.13288307189941406,0,-0.0036630630493164062,0,-0.0048847198486328125
69618261486,-0.13288307189941406,-0.13288307189941406,0,0.0036630630493164062,0,-0.014652252197265625
69621117962,-0.13288307189941406,-0.13288307189941406,0,-0.0036630630493164062,0,-0.014652252197265625
69623974438,-0.13288307189941406,-0.13288307189941406,0,0.0036630630493164062,0,-0.0048847198486328125
69626830914,-0.13288307189941406,-0.13288307189941406,0,-0.010989189147949219,0,-0.0048847198486328125
69629687390,-0.13288307189941406,-0.13288307189941406,0,-0.0036630630493164062,0,-0.014652252197265625
69632910866,-0.13288307189941406,-0.13288307189941406,0,-0.0036630630493164062,0,-0.014652252197265625
69635731014,-0.13288307189941406,-0.13288307189941406,0,0.0036630630493164062,0,-0.0048847198486328125
69638551162,-0.13288307189941406,-0.13288307189941406,0,0.0036630630493164062,0,-0.0048847198486328125
69641371310,-0.13288307189941406,-0.13288307189941406,0,-0.0036630630493164062,0,-0.0048847198486328125
69644191458,-0.13288307189941406,-0.13288307189941406,0,-0.0036630630493164062,0,-0.0048847198486328125
69647011606,-0.13288307189941406,-0.13288307189941406,0,-0.0036630630493164062,0,-0.0048847198486328125
69649831754,-0.13288307189941406,-0.13288307189941406,0,0.0036630630493164062,0,-0.0048847198486328125
69652651902,-0.13288307189941406,-0.13288307189941406,0,-0.0036630630493164062,0,-0.014652252197265625
69655472050,-0.13288307189941406,-0.13288307189941406,0,-0.0036630630493164062,0,-0.014652252197265625
69658292198,-0.13249969482421875,-0.13249969482421875,0,-0.0036630630493164062,0,-0.014652252197265625
69661112346,-0.13288307189941406,-0.13288307189941406,0,-0.010989189147949219,0,-0.014652252197265625
69663932494,-0.13288307189941406,-0.13288307189941406,0,-0.010989189147949219,0,-0.014652252197265625
69666752642,-0.13288307189941406,-0.13288307189941406,0,-0.010989189147949219,0,-0.014652252197265625
69669572790,-0.13288307189941406,-0.13288307189941406,0,-0.0036630630493164062,0,-0.014652252197265625
69672392938,-0.13288307189941406,-0.13288307189941406,0,0.0036630630493164062,0,-0.014652252197265625
69675213086,-0.13288307189941406,-0.13288307189941406,0,-0.010989189147949219,0,-0.0048847198486328125
69678900166,-0.13288307189941406,-0.13288307189941406,0,0.0036630630493164062,0,-0.0048847198486328125
69682587228,-0.13288307189941406,-0.13288307189941406,0,-0.010989189147949219,0,-0.0048847198486328125
69686274290,-0.13288307189941406,-0.13249969482421875,0,-0.0036630630493164062,0,-0.0048847198486328125
69689961352,-0.13288307189941406,-0.13288307189941406,0,0.0036630630493164062,0,-0.0048847198486328125
69693648414,-0.13288307189941406,-0.13288307189941406,0,-0.010989189147949219,0,-0.0048847198486328125
69697335476,-0.13288307189941406,-0.13288307189941406,0,0.0036630630493164062,0,-0.0048847198486328125
69701022538,-0.13288307189941406,-0.13288307189941406,0,0.0036630630493164062,0,-0.0048847198486328125
69704709600,-0.13288307189941406,-0.13288307189941406,0,-0.0036630630493164062,0,-0.0048847198486328125
69707764275,-0.13288307189941406,-0.13288307189941406,0,0.0036630630493164062,0,-0.0048847198486328125
69710818950,-0.13288307189941406,-0.13288307189941406,0,0.0036630630493164062,0,-0.014652252197265625
69713873625,-0.13288307189941406,-0.13288307189941406,0,-0.010989189147949219,0,-0.0048847198486328125
69716928300,-0.13288307189941406,-0.13288307189941406,0,-0.010989189147949219,0,-0.0048847198486328125
69719982975,-0.13288307189941406,-0.13288307189941406,0,0.0036630630493164062,0,-0.014652252197265625
69723037650,-0.13288307189941406,-0.13288307189941406,0,0.0036630630493164062,0,-0.014652252197265625
69726092325,-0.13288307189941406,-0.13288307189941406,0,0.0036630630493164062,0,-0.0048847198486328125
69729147000,-0.13288307189941406,-0.13288307189941406,0,-0.010989189147949219,0,-0.0048847198486328125
69731774200,-0.13288307189941406,-0.13288307189941406,0,-0.010989189147949219,0,-0.014652252197265625
69734401400,-0.13288307189941406,-0.13288307189941406,0,-0.0036630630493164062,0,-0.0048847198486328125
69737028600,-0.13288307189941406,-0.13288307189941406,0,-0.0036630630493164062,0,-0.0048847198486328125
69739655800,-0.13288307189941406,-0.13288307189941406,0,-0.010989189147949219,0,-0.014652252197265625
69742283000,-0.13288307189941406,-0.13288307189941406,0,0.0036630630493164062,0,-0.014652252197265625
69744910200,-0.13288307189941406,-0.13288307189941406,0,-0.0036630630493164062,0,-0.014652252197265625
69747537400,-0.13288307189941406,-0.13288307189941406,0,0.0036630630493164062,0,-0.014652252197265625
69750164600,-0.13288307189941406,-0.13288307189941406,0,0.0036630630493164062,0,-0.014652252197265625
69753519700,-0.13288307189941406,-0.13288307189941406,0,-0.010989189147949219,0,-0.014652252197265625
69756874800,-0.13288307189941406,-0.13288307189941406,0,-0.010989189147949219,0,-0.014652252197265625
69760229900,-0.13288307189941406,-0.13288307189941406,0,0.01831531524658203,0,-0.014652252197265625
69763585000,-0.13288307189941406,-0.13288307189941406,0,-0.0036630630493164062,0,-0.0048847198486328125
69766940100,-0.13288307189941406,-0.13288307189941406,0,-0.0036630630493164062,0,-0.0048847198486328125
69770295200,-0.13288307189941406,-0.13288307189941406,0,-0.0036630630493164062,0,-0.0048847198486328125
69773650300,-0.13288307189941406,-0.13288307189941406,0,-0.0036630630493164062,0,-0.0048847198486328125
69777005400,-0.13288307189941406,-0.13288307189941406,0,-0.0036630630493164062,0,-0.0048847198486328125
69780342475,-0.13288307189941406,-0.13288307189941406,0,-0.010989189147949219,0,-0.014652252197265625
69783679550,-0.13288307189941406,-0.13288307189941406,0,0.0036630630493164062,0,-0.014652252197265625
69787016625,-0.13288307189941406,-0.13288307189941406,0,0.0036630630493164062,0,-0.014652252197265625
69790353700,-0.13288307189941406,-0.13288307189941406,0,-0.010989189147949219,0,-0.014652252197265625
69793690775,-0.13288307189941406,-0.13288307189941406,0,0.0036630630493164062,0,-0.014652252197265625
69797027850,-0.13288307189941406,-0.13288307189941406,0,0.0036630630493164062,0,-0.0048847198486328125
69800364925,-0.13288307189941406,-0.13288307189941406,0,-0.0036630630493164062,0,-0.0048847198486328125
69803702000,-0.13288307189941406,-0.13288307189941406,0,-0.010989189147949219,0,-0.0048847198486328125
69807361016,-0.13288307189941406,-0.13288307189941406,0,-0.0036630630493164062,0,-0.014652252197265625
69811020028,-0.13288307189941406,-0.13288307189941406,0,0.0036630630493164062,0,-0.014652252197265625
69814679040,-0.13288307189941406,-0.13288307189941406,0,0.0036630630493164062,0,-0.014652252197265625
69818338052,-0.13288307189941406,-0.13288307189941406,0,0.010989189147949219,0,-0.014652252197265625
69821997064,-0.13288307189941406,-0.13288307189941406,0,-0.0036630630493164062,0,-0.014652252197265625
69825656076,-0.13288307189941406,-0.13288307189941406,0,-0.010989189147949219,0,-0.014652252197265625
69829315088,-0.13288307189941406,-0.13288307189941406,0,0.0036630630493164062,0,-0.0048847198486328125
69832974100,-0.13249969482421875,-0.13249969482421875,0,0.0036630630493164062,0,-0.0048847198486328125
69835400841,-0.13288307189941406,-0.13288307189941406,0,-0.010989189147949219,0,-0.014652252197265625
69837827578,-0.13288307189941406,-0.13288307189941406,0,-0.0036630630493164062,0,-0.014652252197265625
69840254315,-0.13288307189941406,-0.13288307189941406,0,-0.0036630630493164062,0,-0.024419784545898438
69842681052,-0.13288307189941406,-0.13288307189941406,0,0.0036630630493164062,0,-0.024419784545898438
69845107789,-0.13288307189941406,-0.13288307189941406,0,0.0036630630493164062,0,-0.024419784545898438
69847534526,-0.13288307189941406,-0.13288307189941406,0,0.010989189147949219,0,-0.024419784545898438
69849961263,-0.13288307189941406,-0.13288307189941406,0,-0.010989189147949219,0,-0.014652252197265625
69852388000,-0.13288307189941406,-0.13288307189941406,0,-0.0036630630493164062,0,-0.024419784545898438
69855328125,-0.13288307189941406,-0.13288307189941406,0,-0.0036630630493164062,0,-0.014652252197265625
69858268250,-0.13288307189941406,-0.13288307189941406,0,-0.0036630630493164062,0,-0.014652252197265625
69861208375,-0.13288307189941406,-0.13288307189941406,0,-0.0036630630493164062,0,-0.0048847198486328125
69864148500,-0.13288307189941406,-0.13288307189941406,0,0.0036630630493164062,0,-0.0048847198486328125
69867088625,-0.13288307189941406,-0.13288307189941406,0,0.0036630630493164062,0,-0.014652252197265625
69870028750,-0.13249969482421875,-0.13249969482421875,0,-0.0036630630493164062,0,-0.0048847198486328125
69872968875,-0.13288307189941406,-0.13288307189941406,0,-0.01831531524658203,0,-0.0048847198486328125
69875909000,-0.13288307189941406,-0.13288307189941406,0,-0.0036630630493164062,0,-0.0048847198486328125
69878351966,-0.13249969482421875,-0.13249969482421875,0,0.0036630630493164062,0,-0.0048847198486328125
69881021861,-0.13288307189941406,-0.13288307189941406,0,-0.010989189147949219,0,-0.014652252197265625
69883691756,-0.13288307189941406,-0.13288307189941406,0,0.0036630630493164062,0,-0.014652252197265625
69886361651,-0.13288307189941406,-0.13288307189941406,0,-0.010989189147949219,0,-0.0048847198486328125
69889031546,-0.13288307189941406,-0.13288307189941406,0,-0.0036630630493164062,0,-0.014652252197265625
69891701441,-0.13288307189941406,-0.13288307189941406,0,0.0036630630493164062,0,-0.0048847198486328125
69894371336,-0.13288307189941406,-0.13288307189941406,0,-0.0036630630493164062,0,-0.0048847198486328125
69897041231,-0.13249969482421875,-0.13249969482421875,0,0.010989189147949219,0,-0.0048847198486328125
69899711126,-0.13288307189941406,-0.13288307189941406,0,-0.01831531524658203,0,-0.014652252197265625
69902381021,-0.13288307189941406,-0.13288307189941406,0,0.0036630630493164062,0,-0.014652252197265625
69905050916,-0.13288307189941406,-0.13288307189941406,0,-0.0036630630493164062,0,-0.014652252197265625
69907720811,-0.13288307189941406,-0.13288307189941406,0,-0.010989189147949219,0,-0.014652252197265625
69910390706,-0.13288307189941406,-0.13288307189941406,0,-0.01831531524658203,0,-0.014652252197265625
69913060601,-0.13288307189941406,-0.13288307189941406,0,-0.010989189147949219,0,-0.014652252197265625
69915730496,-0.13288307189941406,-0.13288307189941406,0,0.0036630630493164062,0,-0.0048847198486328125
69918400391,-0.13288307189941406,-0.13288307189941406,0,-0.010989189147949219,0,-0.014652252197265625
69922298225,-0.13288307189941406,-0.13288307189941406,0,-0.010989189147949219,0,-0.0048847198486328125
69926196050,-0.13288307189941406,-0.13288307189941406,0,0.010989189147949219,0,-0.0048847198486328125
69930093875,-0.13288307189941406,-0.13288307189941406,0,-0.010989189147949219,0,-0.0048847198486328125
69933991700,-0.13288307189941406,-0.13288307189941406,0,0.0036630630493164062,0,-0.0048847198486328125
69937889525,-0.13288307189941406,-0.13288307189941406,0,-0.01831531524658203,0,-0.0048847198486328125
69941787350,-0.13288307189941406,-0.13288307189941406,0,-0.010989189147949219,0,-0.014652252197265625
69945685175,-0.13288307189941406,-0.13288307189941406,0,-0.0036630630493164062,0,-0.014652252197265625
69949583000,-0.13288307189941406,-0.13288307189941406,0,0.0036630630493164062,0,-0.014652252197265625
69952820041,-0.13288307189941406,-0.13288307189941406,0,0.0036630630493164062,0,-0.014652252197265625
69956057078,-0.13288307189941406,-0.13288307189941406,0,-0.010989189147949219,0,-0.014652252197265625
69959294115,-0.13288307189941406,-0.13288307189941406,0,-0.010989189147949219,0,-0.0048847198486328125
69962531152,-0.13288307189941406,-0.13288307189941406,0,-0.010989189147949219,0,-0.014652252197265625
69965768189,-0.13288307189941406,-0.13288307189941406,0,-0.0036630630493164062,0,-0.0048847198486328125
69969005226,-0.13288307189941406,-0.13288307189941406,0,-0.0036630630493164062,0,-0.0048847198486328125
69972242263,-0.13288307189941406,-0.13288307189941406,0,-0.0036630630493164062,0,-0.014652252197265625
69975479300,-0.13288307189941406,-0.13288307189941406,0,0.0036630630493164062,0,-0.0048847198486328125
69979103650,-0.13288307189941406,-0.13288307189941406,0,-0.0036630630493164062,0,-0.0048847198486328125
69982172486,-0.13288307189941406,-0.13288307189941406,0,-0.0036630630493164062,0,-0.0048847198486328125
69985241322,-0.13288307189941406,-0.13288307189941406,0,0.0036630630493164062,0,-0.0048847198486328125
69988310158,-0.13288307189941406,-0.13288307189941406,0,-0.0036630630493164062,0,-0.0048847198486328125
69991378994,-0.13288307189941406,-0.13288307189941406,0,-0.0036630630493164062,0,-0.0048847198486328125
69994447830,-0.13288307189941406,-0.13288307189941406,0,0.010989189147949219,0,-0.014652252197265625
69997516666,-0.13288307189941406,-0.13288307189941406,0,0.0036630630493164062,0,-0.014652252197265625
70000585502,-0.13249969482421875,-0.13249969482421875,0,-0.0036630630493164062,0,-0.0048847198486328125
70003654338,-0.13288307189941406,-0.13288307189941406,0,-0.0036630630493164062,0,-0.014652252197265625
70006723174,-0.13288307189941406,-0.13288307189941406,0,-0.010989189147949219,0,-0.014652252197265625
70009792010,-0.13288307189941406,-0.13288307189941406,0,-0.010989189147949219,0,-0.014652252197265625
70012860846,-0.13288307189941406,-0.13288307189941406,0,0.0036630630493164062,0,-0.014652252197265625
70015929682,-0.13288307189941406,-0.13288307189941406,0,-0.01831531524658203,0,-0.014652252197265625
70018998518,-0.13288307189941406,-0.13288307189941406,0,0.010989189147949219,0,-0.014652252197265625
70022067354,-0.13288307189941406,-0.13288307189941406,0,-0.0036630630493164062,0,-0.0048847198486328125
70025136190,-0.13288307189941406,-0.13288307189941406,0,-0.0036630630493164062,0,-0.0048847198486328125
70027558425,-0.13288307189941406,-0.13288307189941406,0,0.0036630630493164062,0,-0.014652252197265625
70029980650,-0.13288307189941406,-0.13288307189941406,0,-0.0036630630493164062,0,-0.0048847198486328125
70032402875,-0.13288307189941406,-0.13288307189941406,0,-0.0036630630493164062,0,-0.0048847198486328125
70034825100,-0.13288307189941406,-0.13288307189941406,0,0.0036630630493164062,0,-0.0048847198486328125
70037247325,-0.13288307189941406,-0.13288307189941406,0,-0.010989189147949219,0,-0.0048847198486328125
70039669550,-0.13288307189941406,-0.13288307189941406,0,-0.01831531524658203,0,-0.0048847198486328125
70042091775,-0.13288307189941406,-0.13288307189941406,0,-0.0036630630493164062,0,0.0048847198486328125
70044514000,-0.13288307189941406,-0.13288307189941406,0,0.0036630630493164062,0,-0.0048847198486328125
70048098491,-0.13288307189941406,-0.13288307189941406,0,-0.0036630630493164062,0.03663063049316406,0.014652252197265625
70051682978,-0.13288307189941406,-0.13288307189941406,0,-0.010989189147949219,0.10989189147949219,0.014652252197265625
70055267465,-0.13288307189941406,-0.13288307189941406,0,0.0036630630493164062,-0.03663063049316406,0.024419784545898438
70058851952,-0.13288307189941406,-0.13288307189941406,0,0.0036630630493164062,-0.03663063049316406,0.024419784545898438
70062436439,-0.13288307189941406,-0.13288307189941406,0,-0.010989189147949219,0.10989189147949219,0.024419784545898438
70066020926,-0.13288307189941406,-0.13288307189941406,0,0.0036630630493164062,-0.03663063049316406,0.024419784545898438
70069605413,-0.13288307189941406,-0.13288307189941406,0,0.010989189147949219,-0.10989189147949219,0.03418731689453125
70073189900,-0.13288307189941406,-0.13288307189941406,0,-0.010989189147949219,0.10989189147949219,0.024419784545898438
70076134625,-0.13288307189941406,-0.13288307189941406,0,-0.010989189147949219,0.10989189147949219,0.014652252197265625
70079079350,-0.13288307189941406,-0.13288307189941406,0,-0.0036630630493164062,0.03663063049316406,0.0048847198486328125
70082024075,-0.13288307189941406,-0.13288307189941406,0,-0.010989189147949219,0.10989189147949219,0.0048847198486328125
70084968800,-0.13288307189941406,-0.13288307189941406,0,-0.010989189147949219,0.10989189147949219,0.014652252197265625
70087913525,-0.13288307189941406,-0.13288307189941406,0,-0.010989189147949219,0.10989189147949219,0.014652252197265625
70090858250,-0.13288307189941406,-0.13288307189941406,0,-0.0036630630493164062,0.03663063049316406,0.024419784545898438
70093802975,-0.13288307189941406,-0.13288307189941406,0,0.0036630630493164062,-0.03663063049316406,0.03418731689453125
70096747700,-0.13288307189941406,-0.13288307189941406,0,0.0036630630493164062,-0.03663063049316406,0.03418731689453125
70099722450,-0.13288307189941406,-0.13288307189941406,0,0.0036630630493164062,-0.03663063049316406,0.024419784545898438
70102697200,-0.13288307189941406,-0.13288307189941406,0,0.010989189147949219,-0.10989189147949219,0.024419784545898438
70105671950,-0.13288307189941406,-0.13288307189941406,0,-0.0036630630493164062,0.03663063049316406,0.024419784545898438
70108646700,-0.13288307189941406,-0.13288307189941406,0,-0.0036630630493164062,0.03663063049316406,0.014652252197265625
70111621450,-0.13288307189941406,-0.13288307189941406,0,-0.010989189147949219,0.10989189147949219,0.014652252197265625
70114596200,-0.13288307189941406,-0.13288307189941406,0,0.0036630630493164062,-0.03663063049316406,0.024419784545898438
70117570950,-0.13288307189941406,-0.13288307189941406,0,0.0036630630493164062,-0.03663063049316406,0.03418731689453125
70120545700,-0.13288307189941406,-0.13288307189941406,0,-0.010989189147949219,0.10989189147949219,0.03418731689453125
70123448775,-0.13288307189941406,-0.13288307189941406,0,-0.010989189147949219,0.10989189147949219,0.024419784545898438
70126351850,-0.13288307189941406,-0.13288307189941406,0,-0.0036630630493164062,0.03663063049316406,0.024419784545898438
70129254925,-0.13288307189941406,-0.13288307189941406,0,0.0036630630493164062,-0.03663063049316406,0.03418731689453125
70132158000,-0.13288307189941406,-0.13288307189941406,0,0.0036630630493164062,-0.03663063049316406,0.03418731689453125
70135061075,-0.13288307189941406,-0.13288307189941406,0,-0.010989189147949219,0.10989189147949219,0.03418731689453125
70137964150,-0.13288307189941406,-0.13288307189941406,0,-0.010989189147949219,0.10989189147949219,0.03418731689453125
70140867225,-0.13288307189941406,-0.13288307189941406,0,-0.01831531524658203,0.1831531524658203,0.03418731689453125
70143770300,-0.13288307189941406,-0.13288307189941406,0,-0.0036630630493164062,0.03663063049316406,0.043956756591796875
70146370775,-0.13288307189941406,-0.13288307189941406,0,-0.010989189147949219,0.10989189147949219,0.014652252197265625
70148971250,-0.13288307189941406,-0.13288307189941406,0,-0.0036630630493164062,0.03663063049316406,0.014652252197265625
70151571725,-0.13288307189941406,-0.13249969482421875,-0.000766754150390625,0.010989189147949219,-0.11755943298339844,0.024419784545898438
70154172200,-0.13288307189941406,-0.13288307189941406,0,-0.0036630630493164062,0.03663063049316406,0.024419784545898438
70156772675,-0.13288307189941406,-0.13288307189941406,0,-0.010989189147949219,0.10989189147949219,0.014652252197265625
70159373150,-0.13288307189941406,-0.13288307189941406,0,-0.0036630630493164062,0.03663063049316406,0.024419784545898438
70161973625,-0.13288307189941406,-0.13288307189941406,0,-0.01831531524658203,0.1831531524658203,0.024419784545898438
70164574100,-0.13288307189941406,-0.13288307189941406,0,0.010989189147949219,-0.10989189147949219,0.03418731689453125
70168138316,-0.13288307189941406,-0.13288307189941406,0,-0.010989189147949219,0.10989189147949219,0.043956756591796875
70171702528,-0.13288307189941406,-0.13288307189941406,0,-0.0036630630493164062,0.03663063049316406,0.043956756591796875
70175266740,-0.13288307189941406,-0.13288307189941406,0,-0.0036630630493164062,0.03663063049316406,0.043956756591796875
70178830952,-0.13288307189941406,-0.13288307189941406,0,0.0036630630493164062,-0.03663063049316406,0.043956756591796875
70182395164,-0.13288307189941406,-0.13249969482421875,-0.000766754150390625,-0.0036630630493164062,0.028963088989257812,0.043956756591796875
70185959376,-0.13288307189941406,-0.13288307189941406,0,0.0036630630493164062,-0.03663063049316406,0.03418731689453125
70189523588,-0.13288307189941406,-0.13288307189941406,0,-0.0036630630493164062,0.03663063049316406,0.024419784545898438
70193087800,-0.13288307189941406,-0.13288307189941406,0,0.0036630630493164062,-0.03663063049316406,0.03418731689453125
70195740300,-0.13288307189941406,-0.13288307189941406,0,-0.01831531524658203,0.1831531524658203,0.024419784545898438
70198385266,-0.13288307189941406,-0.13288307189941406,0,-0.0036630630493164062,0.03663063049316406,0.024419784545898438
70201030232,-0.13288307189941406,-0.13288307189941406,0,-0.0036630630493164062,0.03663063049316406,0.03418731689453125
70203675198,-0.13288307189941406,-0.13288307189941406,0,-0.0036630630493164062,0.03663063049316406,0.043956756591796875
70206320164,-0.13288307189941406,-0.13288307189941406,0,0.0036630630493164062,-0.03663063049316406,0.043956756591796875
70208965130,-0.13288307189941406,-0.13288307189941406,0,0.0036630630493164062,-0.03663063049316406,0.03418731689453125
70211610096,-0.13288307189941406,-0.13249969482421875,-0.000766754150390625,0.0036630630493164062,-0.04429817199707031,0.03418731689453125
70214255062,-0.13288307189941406,-0.13288307189941406,0,0.010989189147949219,-0.10989189147949219,0.03418731689453125
70216900028,-0.13288307189941406,-0.13288307189941406,0,-0.010989189147949219,0.10989189147949219,0.014652252197265625
70219544994,-0.13288307189941406,-0.13288307189941406,0,0.0036630630493164062,-0.03663063049316406,0.024419784545898438
70222189960,-0.13288307189941406,-0.13288307189941406,0,-0.010989189147949219,0.10989189147949219,0.03418731689453125
70224834926,-0.13288307189941406,-0.13288307189941406,0,0.010989189147949219,-0.10989189147949219,0.043956756591796875
70227479892,-0.13288307189941406,-0.13288307189941406,0,-0.010989189147949219,0.10989189147949219,0.03418731689453125
70230124858,-0.13288307189941406,-0.13288307189941406,0,-0.010989189147949219,0.10989189147949219,0.03418731689453125
70232769824,-0.13288307189941406,-0.13288307189941406,0,0.0036630630493164062,-0.03663063049316406,0.03418731689453125
70235414790,-0.13288307189941406,-0.13288307189941406,0,-0.0036630630493164062,0.03663063049316406,0.03418731689453125
70238003316,-0.13288307189941406,-0.13288307189941406,0,0.010989189147949219,-0.10989189147949219,0.024419784545898438
70240591828,-0.13288307189941406,-0.13288307189941406,0,-0.0036630630493164062,0.03663063049316406,0.024419784545898438
70243180340,-0.13288307189941406,-0.13288307189941406,0,-0.010989189147949219,0.10989189147949219,0.03418731689453125
70245768852,-0.13288307189941406,-0.13288307189941406,0,0.0036630630493164062,-0.03663063049316406,0.03418731689453125
70248357364,-0.13288307189941406,-0.13288307189941406,0,-0.010989189147949219,0.10989189147949219,0.043956756591796875
70250945876,-0.13288307189941406,-0.13249969482421875,-0.000766754150390625,0.0036630630493164062,-0.04429817199707031,0.043956756591796875
70253534388,-0.13288307189941406,-0.13288307189941406,0,0.0036630630493164062,-0.03663063049316406,0.03418731689453125
70256122900,-0.13288307189941406,-0.13288307189941406,0,-0.0036630630493164062,0.03663063049316406,0.024419784545898438
70258884966,-0.13288307189941406,-0.13288307189941406,0,-0.010989189147949219,0.10989189147949219,0.024419784545898438
70261647028,-0.13288307189941406,-0.13288307189941406,0,0.0036630630493164062,-0.03663063049316406,0.03418731689453125
70264409090,-0.13288307189941406,-0.13288307189941406,0,-0.0036630630493164062,0.03663063049316406,0.03418731689453125
70267171152,-0.13288307189941406,-0.13288307189941406,0,0.0036630630493164062,-0.03663063049316406,0.024419784545898438
70269933214,-0.13288307189941406,-0.13288307189941406,0,-0.010989189147949219,0.10989189147949219,0.014652252197265625
70272695276,-0.13288307189941406,-0.13288307189941406,0,-0.0036630630493164062,0.03663063049316406,0.014652252197265625
70275457338,-0.13288307189941406,-0.13288307189941406,0,-0.010989189147949219,0.10989189147949219,0.014652252197265625
70278219400,-0.13288307189941406,-0.13288307189941406,0,-0.010989189147949219,0.10989189147949219,0.024419784545898438
70282166366,-0.13288307189941406,-0.13249969482421875,-0.000766754150390625,0.0036630630493164062,-0.04429817199707031,0.03418731689453125
70286113328,-0.13288307189941406,-0.13288307189941406,0,-0.010989189147949219,0.10989189147949219,0.03418731689453125
70290060290,-0.13288307189941406,-0.13288307189941406,0,-0.0036630630493164062,0.03663063049316406,0.03418731689453125
70294007252,-0.13288307189941406,-0.13288307189941406,0,-0.010989189147949219,0.10989189147949219,0.043956756591796875
70297954214,-0.13288307189941406,-0.13288307189941406,0,0.0036630630493164062,-0.03663063049316406,0.043956756591796875
70301901176,-0.13288307189941406,-0.13288307189941406,0,-0.010989189147949219,0.10989189147949219,0.03418731689453125
70305848138,-0.13288307189941406,-0.13288307189941406,0,-0.010989189147949219,0.10989189147949219,0.03418731689453125
70309795100,-0.13288307189941406,-0.13288307189941406,0,0.0036630630493164062,-0.03663063049316406,0.03418731689453125
70312826766,-0.13288307189941406,-0.13288307189941406,0,-0.010989189147949219,0.10989189147949219,0.024419784545898438
70315550208,-0.13288307189941406,-0.13288307189941406,0,0.0036630630493164062,-0.03663063049316406,0.024419784545898438
70318273650,-0.13288307189941406,-0.13288307189941406,0,-0.010989189147949219,0.10989189147949219,0.024419784545898438
70320997092,-0.13288307189941406,-0.13288307189941406,0,-0.0036630630493164062,0.03663063049316406,0.024419784545898438
70323720534,-0.13288307189941406,-0.13288307189941406,0,-0.01831531524658203,0.1831531524658203,0.024419784545898438
70326443976,-0.13288307189941406,-0.13288307189941406,0,-0.0036630630493164062,0.03663063049316406,0.03418731689453125
70329167418,-0.13288307189941406,-0.13288307189941406,0,-0.0036630630493164062,0.03663063049316406,0.03418731689453125
70331890860,-0.13288307189941406,-0.13288307189941406,0,0.010989189147949219,-0.10989189147949219,0.043956756591796875
70334614302,-0.13288307189941406,-0.13288307189941406,0,-0.0036630630493164062,0.03663063049316406,0.03418731689453125
70337337744,-0.13288307189941406,-0.13288307189941406,0,-0.0036630630493164062,0.03663063049316406,0.024419784545898438
70340061186,-0.13288307189941406,-0.13288307189941406,0,-0.010989189147949219,0.10989189147949219,0.024419784545898438
70342784628,-0.13288307189941406,-0.13288307189941406,0,-0.010989189147949219,0.10989189147949219,0.024419784545898438
70345508070,-0.13288307189941406,-0.13288307189941406,0,-0.0036630630493164062,0.03663063049316406,0.024419784545898438
70348231512,-0.13288307189941406,-0.13288307189941406,0,-0.010989189147949219,0.10989189147949219,0.024419784545898438
70350954954,-0.13288307189941406,-0.13288307189941406,0,-0.010989189147949219,0.10989189147949219,0.03418731689453125
70353678396,-0.13288307189941406,-0.13288307189941406,0,-0.0036630630493164062,0.03663063049316406,0.03418731689453125
70356408750,-0.13288307189941406,-0.13288307189941406,0,-0.010989189147949219,0.10989189147949219,0.03418731689453125
70359139100,-0.13288307189941406,-0.13288307189941406,0,-0.0036630630493164062,0.03663063049316406,0.03418731689453125
70361869450,-0.13288307189941406,-0.13288307189941406,0,0.0036630630493164062,-0.03663063049316406,0.03418731689453125
70364599800,-0.13288307189941406,-0.13288307189941406,0,-0.0036630630493164062,0.03663063049316406,0.03418731689453125
70367330150,-0.13288307189941406,-0.13288307189941406,0,-0.0036630630493164062,0.03663063049316406,0.03418731689453125
70370060500,-0.13288307189941406,-0.13288307189941406,0,0.0036630630493164062,-0.03663063049316406,0.024419784545898438
70372790850,-0.13288307189941406,-0.13288307189941406,0,0.0036630630493164062,-0.03663063049316406,0.024419784545898438
70375521200,-0.13288307189941406,-0.13288307189941406,0,0.0036630630493164062,-0.03663063049316406,0.014652252197265625
70377790541,-0.13288307189941406,-0.13288307189941406,0,-0.010989189147949219,0.10989189147949219,-0.0048847198486328125
70380059878,-0.13288307189941406,-0.13288307189941406,0,-0.0036630630493164062,0.03663063049316406,0.0048847198486328125
70382329215,-0.13288307189941406,-0.13288307189941406,0,-0.010989189147949219,0.10989189147949219,0.014652252197265625
70384598552,-0.13288307189941406,-0.13288307189941406,0,-0.010989189147949219,0.10989189147949219,0.014652252197265625
70386867889,-0.13288307189941406,-0.13288307189941406,0,0.0036630630493164062,-0.03663063049316406,0.024419784545898438
70389137226,-0.13288307189941406,-0.13288307189941406,0,-0.0036630630493164062,0.03663063049316406,0.03418731689453125
70391406563,-0.13288307189941406,-0.13288307189941406,0,-0.0036630630493164062,0.03663063049316406,0.024419784545898438
70393675900,-0.13288307189941406,-0.13288307189941406,0,-0.0036630630493164062,0.03663063049316406,0.014652252197265625
70397522725,-0.13288307189941406,-0.13288307189941406,0,-0.010989189147949219,0.10989189147949219,0.024419784545898438
70400575063,-0.13288307189941406,-0.13288307189941406,0,-0.0036630630493164062,0.03663063049316406,0.024419784545898438
70403627401,-0.13288307189941406,-0.13288307189941406,0,0.0036630630493164062,-0.03663063049316406,0.03418731689453125
70406679739,-0.13288307189941406,-0.13288307189941406,0,-0.010989189147949219,0.10989189147949219,0.03418731689453125
70409732077,-0.13288307189941406,-0.13288307189941406,0,0.0036630630493164062,-0.03663063049316406,0.024419784545898438
70412784415,-0.13288307189941406,-0.13288307189941406,0,0.0036630630493164062,-0.03663063049316406,0.024419784545898438
70415836753,-0.13288307189941406,-0.13288307189941406,0,-0.01831531524658203,0.1831531524658203,0.014652252197265625
70418889091,-0.13288307189941406,-0.13288307189941406,0,-0.0036630630493164062,0.03663063049316406,0.014652252197265625
70421941429,-0.13288307189941406,-0.13288307189941406,0,-0.0036630630493164062,0.03663063049316406,0.014652252197265625
70424993767,-0.13288307189941406,-0.13288307189941406,0,-0.010989189147949219,0.10989189147949219,0.014652252197265625
70428046105,-0.13288307189941406,-0.13288307189941406,0,0.0036630630493164062,-0.03663063049316406,0.024419784545898438
70431098443,-0.13288307189941406,-0.13288307189941406,0,-0.010989189147949219,0.10989189147949219,0.024419784545898438
70434150781,-0.13288307189941406,-0.13288307189941406,0,0.0036630630493164062,-0.03663063049316406,0.024419784545898438
70437203119,-0.13288307189941406,-0.13288307189941406,0,-0.010989189147949219,0.10989189147949219,0.024419784545898438
70440255457,-0.13288307189941406,-0.13288307189941406,0,0.0036630630493164062,-0.03663063049316406,0.024419784545898438
70443307795,-0.13288307189941406,-0.13288307189941406,0,0.0036630630493164062,-0.03663063049316406,0.024419784545898438
70445529241,-0.13288307189941406,-0.13288307189941406,0,-0.0036630630493164062,0.03663063049316406,0.024419784545898438
70447750678,-0.13288307189941406,-0.13288307189941406,0,-0.01831531524658203,0.1831531524658203,0.024419784545898438
70449972115,-0.13288307189941406,-0.13288307189941406,0,-0.0036630630493164062,0.03663063049316406,0.024419784545898438
70452193552,-0.13288307189941406,-0.13288307189941406,0,0.0036630630493164062,-0.03663063049316406,0.024419784545898438
70454414989,-0.13288307189941406,-0.13288307189941406,0,-0.0036630630493164062,0.03663063049316406,0.03418731689453125
70456636426,-0.13288307189941406,-0.13288307189941406,0,0.0036630630493164062,-0.03663063049316406,0.03418731689453125
70458857863,-0.13288307189941406,-0.13249969482421875,-0.000766754150390625,0.0036630630493164062,-0.04429817199707031,0.03418731689453125
70461079300,-0.13288307189941406,-0.13288307189941406,0,0.0036630630493164062,-0.03663063049316406,0.03418731689453125
70463962400,-0.13288307189941406,-0.13249969482421875,-0.000766754150390625,0.0036630630493164062,-0.04429817199707031,0.024419784545898438
70466845500,-0.13288307189941406,-0.13288307189941406,0,0.0036630630493164062,-0.03663063049316406,0.024419784545898438
70469728600,-0.13288307189941406,-0.13288307189941406,0,-0.0036630630493164062,0.03663063049316406,0.024419784545898438
70472611700,-0.13288307189941406,-0.13288307189941406,0,-0.010989189147949219,0.10989189147949219,0.024419784545898438
70475494800,-0.13288307189941406,-0.13249969482421875,-0.000766754150390625,0.0036630630493164062,-0.04429817199707031,0.024419784545898438
70478377900,-0.13288307189941406,-0.13288307189941406,0,0.0036630630493164062,-0.03663063049316406,0.024419784545898438
70481261000,-0.13288307189941406,-0.13288307189941406,0,-0.010989189147949219,0.10989189147949219,0.03418731689453125
70484144100,-0.13288307189941406,-0.13288307189941406,0,-0.0036630630493164062,0.03663063049316406,0.024419784545898438
70486402616,-0.13288307189941406,-0.13288307189941406,0,-0.010989189147949219,0.10989189147949219,0.014652252197265625
70488661128,-0.13289670646190643,-0.13288307189941406,-0.00002726912498474121,-0.010989189147949219,0.10961920022964478,0.014652252197265625
70490919640,-0.13292397558689117,-0.13288307189941406,-0.00008180737495422363,-0.0036630630493164062,0.035812556743621826,0.024419784545898438
70493178152,-0.13295124471187592,-0.13288307189941406,-0.00013634562492370605,0.0036630630493164062,-0.03799408674240112,0.024419784545898438
70495436664,-0.1329648792743683,-0.13288307189941406,-0.00019088387489318848,-0.01831531524658203,0.18124431371688843,0.024419784545898438
70497695176,-0.13299214839935303,-0.13288307189941406,-0.0002181529998779297,-0.0036630630493164062,0.034449100494384766,0.024419784545898438
70499953688,-0.13301941752433777,-0.13288307189941406,-0.0002726912498474121,-0.0036630630493164062,0.03390371799468994,0.03418731689453125
70502212200,-0.13303305208683014,-0.13288307189941406,-0.00032722949981689453,0.0036630630493164062,-0.03990292549133301,0.024419784545898438
70506167675,-0.13479961454868317,-0.13249969482421875,-0.004599839448928833,0.0036630630493164062,-0.08262902498245239,0.014652252197265625
70510123150,-0.135129913687706,-0.13288307189941406,-0.004493683576583862,-0.0036630630493164062,-0.00830620527267456,0.0048847198486328125
70514078625,-0.1352950632572174,-0.13288307189941406,-0.0048239827156066895,-0.0036630630493164062,-0.011609196662902832,-0.0048847198486328125
70518034100,-0.13562536239624023,-0.13288307189941406,-0.005484580993652344,-0.0036630630493164062,-0.018215179443359375,-0.014652252197265625
70521989575,-0.13579051196575165,-0.13288307189941406,-0.005814880132675171,-0.010989189147949219,0.05174309015274048,-0.0048847198486328125
70525945050,-0.13612081110477448,-0.13288307189941406,-0.006475478410720825,-0.010989189147949219,0.045137107372283936,-0.0048847198486328125
70529900525,-0.1364511102437973,-0.13288307189941406,-0.0071360766887664795,-0.0036630630493164062,-0.03473013639450073,-0.0048847198486328125
70533856000,-0.13678140938282013,-0.13288307189941406,-0.007796674966812134,-0.0036630630493164062,-0.041336119174957275,-0.014652252197265625
70536682116,-0.13810260593891144,-0.13288307189941406,-0.010439068078994751,0.0036630630493164062,-1.3410212993621826,-0.03418731689453125
70539508228,-0.13859805464744568,-0.13288307189941406,-0.011429965496063232,-0.010989189147949219,-1.204407811164856,-0.17094039916992188
70542334340,-0.13926471769809723,-0.13288307189941406,-0.012763291597366333,-0.010989189147949219,-1.2177410125732422,-0.3663005828857422
70545160452,-0.13960108160972595,-0.13288307189941406,-0.01343601942062378,-0.010989189147949219,-1.2244683504104614,-0.4444446563720703
70547986564,-0.14061017334461212,-0.13288307189941406,-0.015454202890396118,-0.025641441345214844,-1.0981276035308838,-0.6593399047851562
70550812676,-0.14094653725624084,-0.13288307189941406,-0.016126930713653564,-0.010989189147949219,-1.2513774633407593,-0.7765560150146484
70553638788,-0.1416192650794983,-0.13288307189941406,-0.017472386360168457,-0.010989189147949219,-1.2648320198059082,-0.8253974914550781
70556464900,-0.14229199290275574,-0.13288307189941406,-0.01881784200668335,-0.010989189147949219,-1.2782865762710571,-0.9328441619873047
70558711800,-0.14438289403915405,-0.13288307189941406,-0.02299964427947998,-0.0036630630493164062,-1.3933658599853516,-1.1379737854003906
70560958700,-0.14512833952903748,-0.13288307189941406,-0.024490535259246826,-0.0036630630493164062,-1.40827476978302,-1.1770458221435547
70563205600,-0.1455010622739792,-0.13288307189941406,-0.02523598074913025,-0.0036630630493164062,-1.415729284286499,-1.2063484191894531
70565452500,-0.1462465077638626,-0.13288307189941406,-0.026726871728897095,0.0036630630493164062,-1.503899335861206,-1.2551898956298828
70567699400,-0.14699195325374603,-0.13288307189941406,-0.02821776270866394,-0.0036630630493164062,-1.445547103881836,-1.2942619323730469
70569946300,-0.14736467599868774,-0.13288307189941406,-0.028963208198547363,-0.010989189147949219,-1.3797402381896973,-1.3137969970703125
70572193200,-0.14811012148857117,-0.13288307189941406,-0.03045409917831421,-0.010989189147949219,-1.3946491479873657,-1.3528690338134766
70574440100,-0.14848284423351288,-0.13288307189941406,-0.031199544668197632,0.0036630630493164062,-1.548626184463501,-1.372406005859375
70576925191,-0.15098434686660767,-0.13288307189941406,-0.03620254993438721,-0.010989189147949219,-1.4521336555480957,-1.4407806396484375
70579410278,-0.1518358588218689,-0.13288307189941406,-0.03790557384490967,-0.010989189147949219,-1.4691638946533203,-1.460317611694336
70581895365,-0.1522616147994995,-0.13288307189941406,-0.0387570858001709,-0.0036630630493164062,-1.5509402751922607,-1.460317611694336
70584380452,-0.15353888273239136,-0.13288307189941406,-0.04131162166595459,0.0036630630493164062,-1.6497468948364258,-1.4700851440429688
70586865539,-0.1543903946876526,-0.13288307189941406,-0.04301464557647705,-0.010989189147949219,-1.5202546119689941,-1.4993896484375
70589350626,-0.15529191493988037,-0.13288307189941406,-0.04481768608093262,-0.010989189147949219,-1.5382850170135498,-1.5189247131347656
70591835713,-0.15671920776367188,-0.13288307189941406,-0.047672271728515625,-0.0036630630493164062,-1.640092134475708,-1.538461685180664
70594320800,-0.15719497203826904,-0.13288307189941406,-0.04862380027770996,-0.010989189147949219,-1.5763461589813232,-1.5482292175292969
70597673750,-0.1610010862350464,-0.13288307189941406,-0.05623602867126465,-0.0036630630493164062,-1.7257297039031982,-1.6556777954101562
70601026700,-0.1619722992181778,-0.13288307189941406,-0.058178454637527466,-0.0036630630493164062,-1.7451539039611816,-1.665445327758789
70604379650,-0.16296319663524628,-0.13288307189941406,-0.06016024947166443,-0.0036630630493164062,-1.7649719715118408,-1.6849822998046875
70607732600,-0.164449542760849,-0.13288307189941406,-0.06313294172286987,-0.0036630630493164062,-1.7946988344192505,-1.714284896850586
70611085550,-0.16593588888645172,-0.13288307189941406,-0.06610563397407532,-0.010989189147949219,-1.751164436340332,-1.7435894012451172
70614438500,-0.16791768372058868,-0.13288307189941406,-0.07006922364234924,-0.0036630630493164062,-1.8640615940093994,-1.7631263732910156
70617791450,-0.1689131259918213,-0.13326644897460938,-0.07129335403442383,-0.03296661376953125,-1.5832674503326416,-1.7728939056396484
70621144400,-0.17041310667991638,-0.13288307189941406,-0.07506006956100464,-0.010989189147949219,-1.84070885181427,-1.7631263732910156
70624650841,-0.1784130036830902,-0.13326644897460938,-0.09029310941696167,-0.01831531524658203,-1.9197779893875122,-1.9291820526123047
70628157278,-0.17891299724578857,-0.13326644897460938,-0.0912930965423584,-0.010989189147949219,-2.0030391216278076,-1.9291820526123047
70631663715,-0.1799129843711853,-0.13326644897460938,-0.09329307079315186,-0.010989189147949219,-2.023038864135742,-1.9389495849609375
70635170152,-0.18091297149658203,-0.13326644897460938,-0.09529304504394531,-0.010989189147949219,-2.0430386066436768,-1.9487171173095703
70638676589,-0.18191295862197876,-0.13326644897460938,-0.09729301929473877,0.0036630630493164062,-2.2095608711242676,-1.9682540893554688
70642183026,-0.1829129457473755,-0.13326644897460938,-0.09929299354553223,-0.01831531524658203,-2.0097768306732178,-1.99755859375
70645689463,-0.18341293931007385,-0.13326644897460938,-0.10029298067092896,-0.010989189147949219,-2.0930380821228027,-2.0170936584472656
70649195900,-0.18441292643547058,-0.13326644897460938,-0.10229295492172241,-0.01831531524658203,-2.03977632522583,-2.036630630493164
70651923300,-0.18891286849975586,-0.13326644897460938,-0.11129283905029297,-0.025641441345214844,-2.056514024734497,-2.114774703979492
70654650700,-0.1899128556251526,-0.13326644897460938,-0.11329281330108643,-0.010989189147949219,-2.223036289215088,-2.124542236328125
70657378100,-0.19141283631324768,-0.13326644897460938,-0.11629277467727661,-0.025641441345214844,-2.106513500213623,-2.1538467407226562
70660105500,-0.19191282987594604,-0.1336507797241211,-0.1165241003036499,-0.010989189147949219,-2.2553491592407227,-2.163614273071289
70662832900,-0.19291281700134277,-0.1336507797241211,-0.11852407455444336,-0.01831531524658203,-2.202087640762329,-2.173381805419922
70665560300,-0.1939128041267395,-0.1336507797241211,-0.12052404880523682,-0.025641441345214844,-2.1488261222839355,-2.1831493377685547
70668287700,-0.19441279768943787,-0.13326644897460938,-0.12229269742965698,-0.0036630630493164062,-2.386296272277832,-2.1929187774658203
70671015100,-0.1954127848148346,-0.1336507797241211,-0.123524010181427,0.0036630630493164062,-2.4718708992004395,-2.202686309814453
70674284966,-0.19841274619102478,-0.1336507797241211,-0.12952393293380737,-0.010989189147949219,-2.385347366333008,-2.2808303833007812
70677158988,-0.1994127333164215,-0.1336507797241211,-0.13152390718460083,-0.025641441345214844,-2.2588248252868652,-2.2808303833007812
70680033010,-0.20191270112991333,-0.1336507797241211,-0.13652384281158447,-0.025641441345214844,-2.308824062347412,-2.290597915649414
70682907032,-0.2024126946926117,-0.1336507797241211,-0.1375238299369812,-0.010989189147949219,-2.465346336364746,-2.300365447998047
70685781054,-0.20341268181800842,-0.1340341567993164,-0.13875705003738403,-0.03296661376953125,-2.257904529571533,-2.329669952392578
70688655076,-0.20541265606880188,-0.1340341567993164,-0.14275699853897095,-0.01831531524658203,-2.4444169998168945,-2.3492069244384766
70691529098,-0.20591264963150024,-0.1340341567993164,-0.14375698566436768,-0.025641441345214844,-2.381155490875244,-2.368741989135742
70694403120,-0.2079126238822937,-0.1340341567993164,-0.1477569341659546,-0.025641441345214844,-2.4211549758911133,-2.3980464935302734
70697277142,-0.21241256594657898,-0.1340341567993164,-0.15675681829452515,-0.025641441345214844,-2.5111536979675293,-2.456653594970703
70700151164,-0.2134125530719757,-0.1340341567993164,-0.1587567925453186,-0.025641441345214844,-2.531153678894043,-2.4664230346679688
70703025186,-0.21441254019737244,-0.13441753387451172,-0.15999001264572144,-0.025641441345214844,-2.543485641479492,-2.4859580993652344
70705899208,-0.21541252732276917,-0.13441753387451172,-0.1619899868965149,-0.01831531524658203,-2.636746883392334,-2.495725631713867
70708773230,-0.21591252088546753,-0.13441753387451172,-0.16298997402191162,-0.025641441345214844,-2.6567463874816895,-2.5250301361083984
70711647252,-0.21691250801086426,-0.13441753387451172,-0.16498994827270508,-0.025641441345214844,-2.593485116958618,-2.5347976684570312
70714521274,-0.217912495136261,-0.13441753387451172,-0.16698992252349854,-0.025641441345214844,-2.6134848594665527,-2.5543346405029297
70717395296,-0.21841248869895935,-0.13441753387451172,-0.16798990964889526,-0.03296661376953125,-2.5602328777313232,-2.5738697052001953
70720901641,-0.2219124436378479,-0.13441753387451172,-0.17498981952667236,-0.01831531524658203,-2.766745090484619,-2.5934066772460938
70724407978,-0.22441241145133972,-0.13480091094970703,-0.17922300100326538,-0.03296661376953125,-2.6625638008117676,-2.661783218383789
70727914315,-0.22641238570213318,-0.13480091094970703,-0.1832229495048523,-0.03296661376953125,-2.7025632858276367,-2.6910858154296875
70731420652,-0.22841235995292664,-0.13480091094970703,-0.1872228980064392,-0.025641441345214844,-2.81581449508667,-2.7301578521728516
70734926989,-0.228912353515625,-0.13480091094970703,-0.18822288513183594,-0.03296661376953125,-2.7525627613067627,-2.739927291870117
70738433326,-0.22991234064102173,-0.13480091094970703,-0.1902228593826294,-0.025641441345214844,-2.8458142280578613,-2.74969482421875
70741939663,-0.23091232776641846,-0.13480091094970703,-0.19222283363342285,-0.025641441345214844,-2.865813970565796,-2.788766860961914
70745446000,-0.23241230845451355,-0.13518428802490234,-0.19545602798461914,-0.025641441345214844,-2.898145914077759,-2.827838897705078
70749688725,-0.24191218614578247,-0.13518428802490234,-0.21345579624176025,-0.0036630630493164062,-3.2979273796081543,-3.0915756225585938
70753931450,-0.2429121732711792,-0.13518428802490234,-0.2154557704925537,-0.01831531524658203,-3.1714046001434326,-3.1404151916503906
70758174175,-0.2444121539592743,-0.13518428802490234,-0.2184557318687439,-0.010989189147949219,-3.274665594100952,-3.1892547607421875
70762416900,-0.24541214108467102,-0.13518428802490234,-0.22045570611953735,-0.01831531524658203,-3.2214038372039795,-3.208791732788086
70766659625,-0.2469121217727661,-0.13518428802490234,-0.22345566749572754,-0.01831531524658203,-3.251403570175171,-3.257631301879883
70770902350,-0.24791210889816284,-0.13518428802490234,-0.225455641746521,-0.0036630630493164062,-3.4179258346557617,-3.2771663665771484
70775145075,-0.24891209602355957,-0.13518428802490234,-0.22745561599731445,-0.0036630630493164062,-3.4379255771636963,-3.286935806274414
70779387800,-0.24941208958625793,-0.13518428802490234,-0.2294555902481079,-0.010989189147949219,-3.3846640586853027,-3.3162384033203125
70782407916,-0.25341203808784485,-0.13518428802490234,-0.236455500125885,-0.010989189147949219,-3.454663038253784,-3.374847412109375
70785408254,-0.2544120252132416,-0.13556766510009766,-0.23768872022628784,-0.010989189147949219,-3.4669954776763916,-3.3943824768066406
70788408592,-0.2554120123386383,-0.13556766510009766,-0.2396886944770813,-0.010989189147949219,-3.486994981765747,-3.413919448852539
70791408930,-0.25591200590133667,-0.13518428802490234,-0.24145543575286865,-0.0036630630493164062,-3.5779237747192383,-3.413919448852539
70794409268,-0.2569119930267334,-0.13556766510009766,-0.24268865585327148,-0.01831531524658203,-3.4437334537506104,-3.4334545135498047
70797409606,-0.2584119737148285,-0.13556766510009766,-0.24568861722946167,-0.01831531524658203,-3.4737331867218018,-3.4725265502929688
70800409944,-0.2594119608402252,-0.13556766510009766,-0.24768859148025513,-0.01831531524658203,-3.4937326908111572,-3.492063522338867
70803410282,-0.26191192865371704,-0.13556766510009766,-0.25268852710723877,-0.010989189147949219,-3.6169934272766113,-3.5213680267333984
70806410620,-0.2669118642807007,-0.13556766510009766,-0.26268839836120605,-0.010989189147949219,-3.716992139816284,-3.5995121002197266
70809410958,-0.26741185784339905,-0.13556766510009766,-0.2636883854866028,-0.01831531524658203,-3.653730630874634,-3.6092796325683594
70812411296,-0.2684118449687958,-0.13556766510009766,-0.26568835973739624,-0.01831531524658203,-3.6737306118011475,-3.628814697265625
70815411634,-0.2694118320941925,-0.13556766510009766,-0.2676883339881897,-0.01831531524658203,-3.693730115890503,-3.628814697265625
70818411972,-0.2709118127822876,-0.13595104217529297,-0.26992154121398926,-0.025641441345214844,-3.64280104637146,-3.667886734008789
70821412310,-0.2719117999076843,-0.13595104217529297,-0.2719215154647827,-0.025641441345214844,-3.6628007888793945,-3.6776561737060547
70824412648,-0.27291178703308105,-0.13595104217529297,-0.27392148971557617,-0.01831531524658203,-3.7560617923736572,-3.6776561737060547
70827412986,-0.2739117741584778,-0.13595104217529297,-0.27592146396636963,-0.03296661376953125,-3.6295485496520996,-3.6874237060546875
70830230341,-0.27691173553466797,-0.13595104217529297,-0.28192138671875,-0.025641441345214844,-3.7627995014190674,-3.7655677795410156
70833014184,-0.2779117226600647,-0.13595104217529297,-0.28392136096954346,-0.03296661376953125,-3.709547519683838,-3.7851028442382812
70835798027,-0.2794117033481598,-0.13595104217529297,-0.28692132234573364,-0.03296661376953125,-3.73954701423645,-3.8144073486328125
70838581870,-0.2804116904735565,-0.13595104217529297,-0.2889212965965271,-0.01831531524658203,-3.906059980392456,-3.8046398162841797
70841365713,-0.2809116840362549,-0.13595104217529297,-0.28992128372192383,-0.025641441345214844,-3.8427984714508057,-3.794872283935547
70844149556,-0.28291165828704834,-0.13633441925048828,-0.2931544780731201,-0.025641441345214844,-3.8751304149627686,-3.8046398162841797
70846933399,-0.28441163897514343,-0.13633441925048828,-0.2961544394493103,-0.01831531524658203,-3.978391408920288,-3.833944320678711
70849717242,-0.2849116325378418,-0.13633441925048828,-0.29715442657470703,-0.025641441345214844,-3.9151298999786377,-3.8437118530273438
70852501085,-0.2889115810394287,-0.13671875,-0.3043856620788574,-0.03296661376953125,-3.9141905307769775,-3.882783889770508
70855284928,-0.28991156816482544,-0.13671875,-0.3063856363296509,-0.03296661376953125,-3.934190273284912,-3.8925514221191406
70858068771,-0.29091155529022217,-0.13671875,-0.30838561058044434,-0.04029273986816406,-3.8809287548065186,-3.8925514221191406
70860852614,-0.29141154885292053,-0.13671875,-0.30938559770584106,-0.03296661376953125,-3.9641897678375244,-3.8925514221191406
70863636457,-0.29241153597831726,-0.13671875,-0.3113855719566345,-0.03296661376953125,-3.984189748764038,-3.9023189544677734
70866420300,-0.293411523103714,-0.13671875,-0.313385546207428,-0.03296661376953125,-4.004189491271973,-3.912088394165039
70869204143,-0.29391151666641235,-0.1371021270751953,-0.3136187791824341,-0.047618865966796875,-3.859999179840088,-3.912088394165039
70871987986,-0.29541149735450745,-0.1371021270751953,-0.31661874055862427,-0.05494499206542969,-3.816737413406372,-3.9023189544677734
70875082900,-0.30275458097457886,-0.13786888122558594,-0.32977139949798584,-0.0622711181640625,-3.875002861022949,-3.8534793853759766
70877969360,-0.3032023012638092,-0.13825225830078125,-0.3299000859260559,-0.05494499206542969,-3.9495508670806885,-3.8632469177246094
70880855820,-0.3040977418422699,-0.13825225830078125,-0.3316909670829773,-0.0622711181640625,-3.8941986560821533,-3.873016357421875
70883742280,-0.3049931824207306,-0.13825225830078125,-0.3334818482398987,-0.0622711181640625,-3.912107229232788,-3.882783889770508
70886628740,-0.30544090270996094,-0.13825225830078125,-0.3343772888183594,-0.06959724426269531,-3.8478004932403564,-3.882783889770508
70889515200,-0.30633634328842163,-0.13863563537597656,-0.33540141582489014,-0.05494499206542969,-4.00456428527832,-3.9023189544677734
70892401660,-0.306784063577652,-0.13863563537597656,-0.33629685640335083,-0.0622711181640625,-3.9402573108673096,-3.921855926513672
70895288120,-0.30767950415611267,-0.13863563537597656,-0.3380877375602722,-0.047618865966796875,-4.10468864440918,-3.951160430908203
70898174580,-0.3099181056022644,-0.13901901245117188,-0.34179818630218506,-0.05494499206542969,-4.0685319900512695,-4
70901061040,-0.3108135461807251,-0.13901901245117188,-0.34358906745910645,-0.0622711181640625,-4.013179779052734,-4.019536018371582
70903947500,-0.3117089867591858,-0.13901901245117188,-0.34537994861602783,-0.0622711181640625,-4.031088352203369,-4.029304504394531
70906833960,-0.31305214762687683,-0.1394023895263672,-0.3472995162010193,-0.0622711181640625,-4.050284385681152,-4.039072036743164
70909720420,-0.3139475882053375,-0.1394023895263672,-0.3490903973579407,-0.06959724426269531,-3.99493145942688,-4.048840522766113
70912606880,-0.3142801523208618,-0.1394023895263672,-0.3496519923210144,-0.07692337036132812,-3.927286386489868,-4.039072036743164
70915493340,-0.3159429728984833,-0.1397867202758789,-0.35231250524520874,-0.07692337036132812,-3.9538915157318115,-4.009768486022949
70918379800,-0.31627553701400757,-0.1397867202758789,-0.3529776334762573,-0.06959724426269531,-4.033803939819336,-3.990232467651367
70920826866,-0.3189118206501007,-0.14055347442626953,-0.35671669244766235,-0.09157466888427734,-3.8514201641082764,-3.873016357421875
70923273928,-0.3192201554775238,-0.14093685150146484,-0.3565666079521179,-0.09157466888427734,-3.782824754714966,-3.8632469177246094
70925720990,-0.31983682513237,-0.14093685150146484,-0.3577999472618103,-0.09890079498291016,-3.788991689682007,-3.8534793853759766
70928168052,-0.3204534947872162,-0.14132022857666016,-0.35826653242111206,-0.09157466888427734,-3.8669188022613525,-3.8437118530273438
70930615114,-0.3207618296146393,-0.14132022857666016,-0.35888320207595825,-0.07692337036132812,-4.019598007202148,-3.8534793853759766
70933062176,-0.3213784992694855,-0.14132022857666016,-0.36011654138565063,-0.07692337036132812,-4.0319318771362305,-3.882783889770508
70935509238,-0.32230350375175476,-0.14170360565185547,-0.3611997961997986,-0.09157466888427734,-3.8962514400482178,-3.921855926513672
70937956300,-0.32261183857917786,-0.14170360565185547,-0.3618164658546448,-0.0622711181640625,-4.195453643798828,-3.9413909912109375
70940634116,-0.3256951868534088,-0.1428546905517578,-0.365680992603302,-0.09157466888427734,-3.941063165664673,-3.9706954956054688
70943178721,-0.326311856508255,-0.1428546905517578,-0.3669143319129944,-0.1208791732788086,-3.660351514816284,-3.921855926513672
70945723326,-0.3266201913356781,-0.1428546905517578,-0.3675310015678406,-0.10622692108154297,-3.8130409717559814,-3.9023189544677734
70948267931,-0.3269285261631012,-0.14323806762695312,-0.36738091707229614,-0.1282052993774414,-3.5917561054229736,-3.873016357421875
70950812536,-0.3274777829647064,-0.14362144470214844,-0.36771267652511597,-0.1282052993774414,-3.595073938369751,-3.8046398162841797
70953357141,-0.3279596269130707,-0.14362144470214844,-0.3686763644218445,-0.1282052993774414,-3.604710817337036,-3.7655677795410156
70955901746,-0.32844147086143494,-0.14400482177734375,-0.3688732981681824,-0.1282052993774414,-3.606680154800415,-3.7264957427978516
70958446351,-0.32868239283561707,-0.14400482177734375,-0.3698369860649109,-0.14285755157470703,-3.469794511795044,-3.746030807495117
70960990956,-0.33036884665489197,-0.14477157592773438,-0.3711945414543152,-0.09157466888427734,-3.996198892593384,-3.794872283935547
70963535561,-0.3308506906032562,-0.14477157592773438,-0.3721582293510437,-0.09890079498291016,-3.932574510574341,-3.794872283935547
70966080166,-0.33109161257743835,-0.1451549530029297,-0.37187331914901733,-0.10622692108154297,-3.856464147567749,-3.794872283935547
70968624771,-0.3315734565258026,-0.1451549530029297,-0.37283700704574585,-0.14285755157470703,-3.4997947216033936,-3.794872283935547
70971169376,-0.33181437849998474,-0.145538330078125,-0.3725520968437195,-0.14285755157470703,-3.49694561958313,-3.794872283935547
70973713981,-0.332296222448349,-0.14592266082763672,-0.37274712324142456,-0.13553142547607422,-3.572157144546509,-3.755800247192383
70976258586,-0.33277806639671326,-0.14592266082763672,-0.3737108111381531,-0.1208791732788086,-3.72831654548645,-3.6874237060546875
70978803191,-0.33350083231925964,-0.14630603790283203,-0.3743895888328552,-0.14285755157470703,-3.5153205394744873,-3.5995121002197266
70981166641,-0.3345508575439453,-0.14707279205322266,-0.3749561309814453,-0.13553142547607422,-3.5942471027374268,-3.6581192016601562
70983530078,-0.3347781300544739,-0.14745616912841797,-0.3746439218521118,-0.11355304718017578,-3.810908794403076,-3.6874237060546875
70985893515,-0.33500540256500244,-0.14783954620361328,-0.3743317127227783,-0.11355304718017578,-3.807786703109741,-3.6874237060546875
70988256952,-0.3351190388202667,-0.14783954620361328,-0.3745589852333069,-0.15018272399902344,-3.4383678436279297,-3.667886734008789
70990620389,-0.3353463113307953,-0.1482229232788086,-0.3742467761039734,-0.15018272399902344,-3.440640687942505,-3.667886734008789
70992983826,-0.33557358384132385,-0.1486063003540039,-0.3739345669746399,-0.16483497619628906,-3.2909958362579346,-3.6385841369628906
70995347263,-0.3356667757034302,-0.1486063003540039,-0.37412095069885254,-0.16483497619628906,-3.2928597927093506,-3.619047164916992
70997710700,-0.3358531594276428,-0.14899063110351562,-0.3737250566482544,-0.17216110229492188,-3.215639591217041,-3.550670623779297
71001306150,-0.3369714617729187,-0.1509075164794922,-0.372127890586853,-0.14285755157470703,-3.492703437805176,-3.4822959899902344
71004901600,-0.33725103735923767,-0.1512908935546875,-0.37192028760910034,-0.15750885009765625,-3.3441145420074463,-3.3943824768066406
71008497050,-0.3374374210834503,-0.1516742706298828,-0.371526300907135,-0.1794872283935547,-3.1203908920288086,-3.326007843017578
71012092500,-0.33790338039398193,-0.15282535552978516,-0.37015604972839355,-0.1794872283935547,-3.1066882610321045,-3.24786376953125
71015687950,-0.3380897641181946,-0.15282535552978516,-0.37052881717681885,-0.1794872283935547,-3.1104159355163574,-3.296703338623047
71019283400,-0.3381829559803009,-0.15320873260498047,-0.36994844675064087,-0.16483497619628906,-3.2511346340179443,-3.3162384033203125
71022878850,-0.33825263381004333,-0.15320873260498047,-0.37008780241012573,-0.15750885009765625,-3.3257896900177,-3.326007843017578
71026474300,-0.33832231163978577,-0.15359210968017578,-0.36946040391921997,-0.15018272399902344,-3.3927767276763916,-3.3064708709716797
71028715816,-0.33853134512901306,-0.15474224090576172,-0.3675782084465027,-0.1868133544921875,-3.007648468017578,-3.1892547607421875
71030957328,-0.3385661840438843,-0.15512657165527344,-0.3668792247772217,-0.1941394805908203,-2.9273974895477295,-3.1599502563476562
71033198840,-0.3386358618736267,-0.15550994873046875,-0.3662518262863159,-0.20146560668945312,-2.8478622436523438,-3.1599502563476562
71035440352,-0.33874037861824036,-0.15589332580566406,-0.3656941056251526,-0.1941394805908203,-2.915546417236328,-3.2283267974853516
71037681864,-0.3387752175331116,-0.15589332580566406,-0.365763783454895,-0.17216110229492188,-3.1360268592834473,-3.2380943298339844
71039923376,-0.338844895362854,-0.15627670288085938,-0.36513638496398926,-0.15018272399902344,-3.349536657333374,-3.1990222930908203
71042164888,-0.3388797342777252,-0.15627670288085938,-0.3652060627937317,-0.15018272399902344,-3.350233316421509,-3.169719696044922
71044406400,-0.33894941210746765,-0.1566600799560547,-0.3645786643028259,-0.15018272399902344,-3.3439595699310303,-3.1013431549072266
71047360316,-0.33917436003685,-0.15819454193115234,-0.36195963621139526,-0.23076915740966797,-2.511904716491699,-2.993894577026367
71050314228,-0.3392380177974701,-0.15896129608154297,-0.36055344343185425,-0.1794872283935547,-3.230764150619507,-3.0329666137695312
71053268140,-0.3392857611179352,-0.15934467315673828,-0.3598821759223938,-0.14285755157470703,-3.370246171951294,-2.9743595123291016
71056222052,-0.33933350443840027,-0.1601114273071289,-0.3584441542625427,-0.1941394805908203,-2.8430466651916504,-2.9059829711914062
71059175964,-0.3393494188785553,-0.1601114273071289,-0.3584759831428528,-0.20146560668945312,-2.770103931427002,-2.886445999145508
71062129876,-0.33938124775886536,-0.16049575805664062,-0.35777097940444946,-0.22344303131103516,-2.5432796478271484,-2.837606430053711
71065083788,-0.3394039571285248,-0.16126346588134766,-0.35628098249435425,-0.27472496032714844,-2.0155601501464844,-2.915750503540039
71068037700,-0.3394153118133545,-0.16164684295654297,-0.35553693771362305,-0.2673988342285156,-2.08138108253479,-2.964590072631836
71070657525,-0.33948343992233276,-0.16203022003173828,-0.35490643978118896,-0.14285755157470703,-3.320488929748535,-2.8180713653564453
71073277350,-0.3395061492919922,-0.1624135971069336,-0.3541851043701172,-0.17216110229492188,-3.020240068435669,-2.759462356567383
71075897175,-0.3395402133464813,-0.16318035125732422,-0.3527197241783142,-0.20879077911376953,-2.639289379119873,-2.6520137786865234
71078517000,-0.33955156803131104,-0.16356372833251953,-0.351975679397583,-0.23809528350830078,-2.338804006576538,-2.6422462463378906
71081136825,-0.33957427740097046,-0.16433143615722656,-0.3504856824874878,-0.27472496032714844,-1.9576072692871094,-2.7301578521728516
71083756650,-0.33958563208580017,-0.16433143615722656,-0.3505083918571472,-0.27472496032714844,-1.9578343629837036,-2.8083019256591797
71086376475,-0.3396083414554596,-0.16471481323242188,-0.34978705644607544,-0.21611690521240234,-2.5367016792297363,-2.8473739624023438
71088996300,-0.33964240550994873,-0.1650981903076172,-0.3490884304046631,-0.14285755157470703,-3.2623088359832764,-2.739927291870117
71091589675,-0.33972039818763733,-0.16778278350830078,-0.3438752293586731,-0.3113555908203125,-1.5251964330673218,-2.74969482421875
71094183050,-0.33972570300102234,-0.16778278350830078,-0.3438858389854431,-0.2673988342285156,-1.9648700952529907,-2.788766860961914
71096776425,-0.33974161744117737,-0.16739940643310547,-0.3446844220161438,-0.13553142547607422,-3.291529893875122,-2.6520137786865234
71099369800,-0.3397469222545624,-0.16778278350830078,-0.3439282774925232,-0.1208791732788086,-3.4304912090301514,-2.583639144897461
71101963175,-0.3397575318813324,-0.1681661605834961,-0.3431827425956726,-0.1282052993774414,-3.3497745990753174,-2.4859580993652344
71104556550,-0.3397681415081024,-0.1685495376586914,-0.342437207698822,-0.1868133544921875,-2.7562384605407715,-2.4371185302734375
71107149925,-0.16893291473388672,-0.16893291473388672,0,-0.21611690521240234,2.1611690521240234,-2.4273509979248047
71109743300,-0.16893291473388672,-0.17008304595947266,0.002300262451171875,-0.3186817169189453,3.209819793701172,-2.075702667236328
71113720291,-0.16893291473388672,-0.1708507537841797,0.0038356781005859375,-0.16483497619628906,1.68670654296875,0.47374916076660156
71116923671,-0.16893291473388672,-0.1716175079345703,0.0053691864013671875,-0.14285755157470703,1.4822673797607422,1.0500602722167969
71120127051,-0.16893291473388672,-0.17238426208496094,0.0069026947021484375,-0.15018272399902344,1.5708541870117188,1.167276382446289
71123330431,-0.16893291473388672,-0.17238426208496094,0.0069026947021484375,-0.13553142547607422,1.4243412017822266,1.1770458221435547
71126533811,-0.16893291473388672,-0.17276763916015625,0.0076694488525390625,-0.09890079498291016,1.0657024383544922,1.2551898956298828
71129737191,-0.16893291473388672,-0.17276763916015625,0.0076694488525390625,-0.11355304718017578,1.2122249603271484,1.2747249603271484
71132940571,-0.16893291473388672,-0.17315101623535156,0.008436203002929688,-0.10622692108154297,1.1466312408447266,1.2942619323730469
71136143951,-0.16893291473388672,-0.17315101623535156,0.008436203002929688,-0.10622692108154297,1.1466312408447266,1.2747249603271484
71139347331,-0.16893291473388672,-0.1739187240600586,0.00997161865234375,-0.11355304718017578,1.2352466583251953,1.2649574279785156
71142550711,-0.16893291473388672,-0.1739187240600586,0.00997161865234375,-0.1282052993774414,1.3817691802978516,1.2747249603271484
71145754091,-0.16893291473388672,-0.1743021011352539,0.010738372802734375,-0.1282052993774414,2.5894367694854736,1.2844924926757812
71148957471,-0.16893291473388672,-0.17468547821044922,0.011505126953125,-0.14285755157470703,2.8168785572052,1.4017086029052734
71152160851,-0.16893291473388672,-0.17468547821044922,0.011505126953125,-0.14285755157470703,2.743626832962036,1.4896221160888672
71155364231,-0.16893291473388672,-0.17506885528564453,0.012271881103515625,-0.10622692108154297,2.3849880695343018,1.75335693359375
71158567611,-0.16893291473388672,-0.17506885528564453,0.012271881103515625,-0.05494499206542969,1.872168779373169,2.085470199584961
71161770991,-0.16893291473388672,-0.17506885528564453,0.012271881103515625,-0.06959724426269531,2.018691301345825,2.134309768676758
71164179725,-0.16893291473388672,-0.17583560943603516,0.013805389404296875,-0.10622692108154297,2.4003231525421143,2.173381805419922
71166588450,-0.16893291473388672,-0.17621898651123047,0.0145721435546875,-0.08424949645996094,2.1882164478302,2.212453842163086
71168997175,-0.16893291473388672,-0.17621898651123047,0.0145721435546875,-0.06959724426269531,2.041693925857544,2.25152587890625
71171405900,-0.16893291473388672,-0.17621898651123047,0.0145721435546875,-0.0622711181640625,1.9684326648712158,2.25152587890625
71173814625,-0.16893291473388672,-0.1766033172607422,0.015340805053710938,-0.08424949645996094,2.1959030628204346,2.2222213745117188
71176223350,-0.16893291473388672,-0.1766033172607422,0.015340805053710938,-0.08424949645996094,2.1959030628204346,2.202686309814453
71178632075,-0.16893291473388672,-0.1766033172607422,0.015340805053710938,-0.08424949645996094,2.1959030628204346,2.1929187774658203
71181040800,-0.16893291473388672,-0.1766033172607422,0.015340805053710938,-0.07692337036132812,2.1226418018341064,2.1831493377685547
71183852416,-0.16893291473388672,-0.1769866943359375,0.016107559204101562,-0.04029273986816406,1.764003038406372,2.0659332275390625
71186537134,-0.16893291473388672,-0.1769866943359375,0.016107559204101562,-0.047618865966796875,1.8372642993927002,2.0170936584472656
71189221852,-0.16893291473388672,-0.1773700714111328,0.016874313354492188,-0.05494499206542969,1.9181931018829346,1.9194145202636719
71191906570,-0.16893291473388672,-0.1773700714111328,0.016874313354492188,-0.05494499206542969,1.9181931018829346,1.8998775482177734
71194591288,-0.16893291473388672,-0.1773700714111328,0.016874313354492188,-0.04029273986816406,1.7716705799102783,1.8705730438232422
71197276006,-0.16893291473388672,-0.1773700714111328,0.016874313354492188,-0.04029273986816406,1.7716705799102783,1.8412704467773438
71199960724,-0.16893291473388672,-0.1773700714111328,0.016874313354492188,-0.025641441345214844,1.6251575946807861,1.8119659423828125
71202645442,-0.16893291473388672,-0.1773700714111328,0.016874313354492188,-0.03296661376953125,1.6984093189239502,1.792428970336914
71205330160,-0.16886469721794128,-0.17775344848632812,0.01777750253677368,-0.04029273986816406,1.7807024717330933,1.6556777954101562
71208014878,-0.16885332763195038,-0.17775344848632812,0.017800241708755493,-0.025641441345214844,1.6344168186187744,1.6361408233642578
71210699596,-0.16883058845996857,-0.17775344848632812,0.017845720052719116,-0.010989189147949219,1.488349199295044,1.626373291015625
71213384314,-0.16879647970199585,-0.17775344848632812,0.01791393756866455,-0.010989189147949219,1.4890313148498535,1.587301254272461
71216069032,-0.16878511011600494,-0.17775344848632812,0.017936676740646362,-0.01831531524658203,1.5625200271606445,1.5677661895751953
71218753750,-0.16876237094402313,-0.17775344848632812,0.017982155084609985,-0.010989189147949219,1.489713430404663,1.538461685180664
71221438468,-0.16867904365062714,-0.1773700714111328,0.017382055521011353,-0.0036630630493164062,1.4104511737823486,1.5091571807861328
71224123186,-0.16859571635723114,-0.17775344848632812,0.01831546425819397,-0.0036630630493164062,1.4197852611541748,1.4993896484375
71227697425,-0.16765181720256805,-0.1773700714111328,0.019436508417129517,0.010989189147949219,1.284473180770874,1.333333969116211
71231271650,-0.16752000153064728,-0.1773700714111328,0.01970013976097107,-0.0036630630493164062,1.4336321353912354,1.3235645294189453
71234845875,-0.1673881858587265,-0.1773700714111328,0.019963771104812622,0.0036630630493164062,1.3630070686340332,1.3235645294189453
71238420100,-0.1673222780227661,-0.1773700714111328,0.0200955867767334,0.01831531524658203,1.2178027629852295,1.3235645294189453
71241994325,-0.16717682778835297,-0.1773700714111328,0.020386487245559692,0.010989189147949219,1.2939729690551758,1.3235645294189453
71245568550,-0.16701774299144745,-0.1773700714111328,0.020704656839370728,0.025641441345214844,1.1506321430206299,1.3235645294189453
71249142775,-0.1669382005929947,-0.1773700714111328,0.020863741636276245,0.010989189147949219,1.2987456321716309,1.333333969116211
71252717000,-0.16677911579608917,-0.1773700714111328,0.02118191123008728,0.010989189147949219,1.3019273281097412,1.3137969970703125
71255311591,-0.16630186140537262,-0.1769866943359375,0.02136966586112976,0.04029273986816406,1.0107693672180176,1.3235645294189453
71257906178,-0.1661427766084671,-0.1769866943359375,0.021687835454940796,0.0036630630493164062,1.3802478313446045,1.3137969970703125
71260500765,-0.16598369181156158,-0.1769866943359375,0.02200600504875183,-0.0036630630493164062,1.456690788269043,1.3235645294189453
71263095352,-0.1657450646162033,-0.1769866943359375,0.022483259439468384,0.01831531524658203,1.2416794300079346,1.3137969970703125
71265689939,-0.1655859798192978,-0.1769866943359375,0.02280142903327942,0.0036630630493164062,1.3913836479187012,1.3040294647216797
71268284526,-0.16550643742084503,-0.1769866943359375,0.022960513830184937,0.01831531524658203,1.2464520931243896,1.3040294647216797
71270879113,-0.16526781022548676,-0.1769866943359375,0.02343776822090149,0.0036630630493164062,1.3977470397949219,1.3040294647216797
71273473700,-0.16510872542858124,-0.1769866943359375,0.023755937814712524,-0.0036630630493164062,1.4741899967193604,1.3040294647216797
71275999675,-0.1642981320619583,-0.1769866943359375,0.025377124547958374,0.0036630630493164062,1.4171407222747803,1.3431015014648438
71278683096,-0.16415192186832428,-0.1769866943359375,0.02566954493522644,0.010989189147949219,1.4229891300201416,1.3626365661621094
71281366517,-0.1638595014810562,-0.1769866943359375,0.026254385709762573,0.010989189147949219,1.3526520729064941,1.3626365661621094
71284049938,-0.1634208709001541,-0.1769866943359375,0.027131646871566772,0.0036630630493164062,1.4346859455108643,1.372406005859375
71286733359,-0.16312845051288605,-0.1769866943359375,0.027716487646102905,0.010989189147949219,1.3672730922698975,1.3626365661621094
71289416780,-0.16280269622802734,-0.1766033172607422,0.027601242065429688,0.010989189147949219,1.3661205768585205,1.372406005859375
71292100201,-0.162443608045578,-0.1766033172607422,0.02831941843032837,0.0036630630493164062,1.4465636014938354,1.372406005859375
71294783622,-0.16208451986312866,-0.1766033172607422,0.02903759479522705,-0.0036630630493164062,1.5270066261291504,1.3626365661621094
71297467043,-0.16043831408023834,-0.1766033172607422,0.03233000636100769,0.010989189147949219,1.4134082794189453,1.4310131072998047
71300150464,-0.16022846102714539,-0.1766033172607422,0.032749712467193604,0.010989189147949219,1.4176052808761597,1.4310131072998047
71302833885,-0.15938904881477356,-0.1766033172607422,0.034428536891937256,-0.0036630630493164062,1.5809160470962524,1.4310131072998047
71305517306,-0.1591791957616806,-0.1766033172607422,0.03484824299812317,-0.0036630630493164062,1.5851130485534668,1.4407806396484375
71308200727,-0.1587594896554947,-0.1766033172607422,0.035687655210494995,0.0036630630493164062,1.5202460289001465,1.4700851440429688
71310884148,-0.15812993049621582,-0.1766033172607422,0.036946773529052734,0.01831531524658203,1.3863146305084229,1.4896221160888672
71313567569,-0.15792007744312286,-0.1766033172607422,0.03736647963523865,0.010989189147949219,1.4637730121612549,1.4896221160888672
71316250990,-0.1577102243900299,-0.1766033172607422,0.03778618574142456,0.0036630630493164062,1.5412312746047974,1.4993896484375
71318832891,-0.15637385845184326,-0.1766033172607422,0.04045891761779785,-0.0036630630493164062,1.6412198543548584,1.538461685180664
71321414778,-0.1554829478263855,-0.1766033172607422,0.04224073886871338,-0.0036630630493164062,1.6590380668640137,1.5579967498779297
71323996665,-0.15526022017002106,-0.1766033172607422,0.04268619418144226,-0.0036630630493164062,1.6634926795959473,1.5677661895751953
71326578552,-0.15481476485729218,-0.1766033172607422,0.043577104806900024,-0.010989189147949219,1.7456629276275635,1.5970687866210938
71329160439,-0.15431855618953705,-0.1766033172607422,0.04456952214241028,0.010989189147949219,1.5358033180236816,1.6068382263183594
71331742326,-0.15377159416675568,-0.1766033172607422,0.04566344618797302,0.010989189147949219,1.5467426776885986,1.6068382263183594
71334324213,-0.1532246321439743,-0.1766033172607422,0.04675737023353577,0.0036630630493164062,1.6309430599212646,1.5970687866210938
71336906100,-0.15267767012119293,-0.1766033172607422,0.04785129427909851,-0.0036630630493164062,1.7151436805725098,1.6068382263183594
71340493316,-0.14771780371665955,-0.17621898651123047,0.057002365589141846,-0.0036630630493164062,1.8066543340682983,1.7045173645019531
71344080528,-0.14710870385169983,-0.17621898651123047,0.05822056531906128,0.010989189147949219,1.6723138093948364,1.7240543365478516
71347667740,-0.14680415391921997,-0.17621898651123047,0.058829665184020996,0.010989189147949219,1.6784048080444336,1.7338218688964844
71351254952,-0.1464996039867401,-0.1766033172607422,0.06020742654800415,0.0036630630493164062,1.7654436826705933,1.7338218688964844
71354842164,-0.14553825557231903,-0.17621898651123047,0.061361461877822876,0.0036630630493164062,1.7769839763641357,1.7338218688964844
71358429376,-0.14521780610084534,-0.17621898651123047,0.062002360820770264,0.0036630630493164062,1.7833930253982544,1.7435894012451172
71362016588,-0.14457690715789795,-0.17621898651123047,0.06328415870666504,0.0036630630493164062,1.7962110042572021,1.7435894012451172
71365603800,-0.14393600821495056,-0.17621898651123047,0.06456595659255981,0.0036630630493164062,1.80902898311615,1.75335693359375
71368123541,-0.1420133113861084,-0.17621898651123047,0.06841135025024414,0.01831531524658203,1.700960397720337,1.7826614379882812
71370491371,-0.1416928619146347,-0.17621898651123047,0.06905224919319153,0.0036630630493164062,1.8538918495178223,1.792428970336914
71372859201,-0.141372412443161,-0.17621898651123047,0.0703340470790863,-0.0036630630493164062,1.9399712085723877,1.8021984100341797
71375227031,-0.14009061455726624,-0.17621898651123047,0.07225674390792847,0.0036630630493164062,1.8859368562698364,1.8119659423828125
71377594861,-0.13944971561431885,-0.17621898651123047,0.07353854179382324,-0.0036630630493164062,1.9720160961151123,1.8119659423828125
71379962691,-0.13912926614284515,-0.17621898651123047,0.07417944073677063,0.0036630630493164062,1.9051637649536133,1.8217334747314453
71382330521,-0.13816791772842407,-0.17621898651123047,0.07610213756561279,0.0036630630493164062,1.9243907928466797,1.8510379791259766
71384698351,-0.13752701878547668,-0.17621898651123047,0.07738393545150757,-0.0036630630493164062,2.010469913482666,1.8510379791259766
71387066181,-0.13480205833911896,-0.17621898651123047,0.08283385634422302,-0.0036630630493164062,2.064969301223755,1.8901100158691406
71389434011,-0.13400055468082428,-0.17621898651123047,0.08443686366081238,0.0036630630493164062,2.0077381134033203,1.9096450805664062
71391801841,-0.1331990510225296,-0.17621898651123047,0.08603987097740173,0.025641441345214844,1.8039844036102295,1.9194145202636719
71394169671,-0.13279829919338226,-0.17621898651123047,0.08684137463569641,0.010989189147949219,1.958521842956543,1.9291820526123047
71396537501,-0.13199679553508759,-0.17621898651123047,0.08844438195228577,0.010989189147949219,1.9745519161224365,1.9291820526123047
71398905331,-0.13159604370594025,-0.17583560943603516,0.08847913146018982,0.01831531524658203,1.9016382694244385,1.9291820526123047
71401273161,-0.1311952918767929,-0.17583560943603516,0.0892806351184845,0.010989189147949219,1.9829144477844238,1.9291820526123047
71403640991,-0.13039378821849823,-0.17583560943603516,0.09088364243507385,0.010989189147949219,1.9989445209503174,1.9291820526123047
71406456025,-0.12718777358531952,-0.17583560943603516,0.09729567170143127,0.01831531524658203,1.9898035526275635,1.99755859375
71409271050,-0.12678702175617218,-0.17583560943603516,0.09809717535972595,0.010989189147949219,2.071079969406128,1.99755859375
71412086075,-0.1254650503396988,-0.17583560943603516,0.10074111819267273,0.01831531524658203,2.0242581367492676,1.99755859375
71414901100,-0.12408322095870972,-0.17583560943603516,0.10350477695465088,0.010989189147949219,2.1251559257507324,2.007326126098633
71417716125,-0.12316200137138367,-0.17583560943603516,0.10534721612930298,0.010989189147949219,2.143580436706543,2.0268611907958984
71420531150,-0.12224078178405762,-0.17545223236083984,0.10642290115356445,0.01831531524658203,2.08107590675354,2.0268611907958984
71423346175,-0.12178017199039459,-0.17545223236083984,0.1073441207408905,0.025641441345214844,2.017026901245117,2.036630630493164
71426161200,-0.12085895240306854,-0.17545223236083984,0.1091865599155426,0.01831531524658203,2.1087124347686768,2.046398162841797
71428895875,-0.11711350083351135,-0.17545223236083984,0.11667746305465698,0.01831531524658203,2.183621406555176,2.0952377319335938
71431630550,-0.1161680519580841,-0.17545223236083984,0.11856836080551147,0.010989189147949219,2.275791645050049,2.0952377319335938
71434365225,-0.11569532752037048,-0.17545223236083984,0.11951380968093872,0.025641441345214844,2.138723850250244,2.1050052642822266
71437099900,-0.11474987864494324,-0.17506885528564453,0.12158340215682983,0.010989189147949219,2.3059420585632324,2.124542236328125
71439834575,-0.11380442976951599,-0.17506885528564453,0.12252885103225708,0.010989189147949219,2.315396785736084,2.124542236328125
71442569250,-0.11285898089408875,-0.17506885528564453,0.12441974878311157,0.025641441345214844,2.1877832412719727,2.1538467407226562
71445303925,-0.1119135320186615,-0.17506885528564453,0.12631064653396606,0.025641441345214844,2.2066922187805176,2.1831493377685547
71448038600,-0.11049535870552063,-0.17506885528564453,0.1291469931602478,0.04029273986816406,2.0885424613952637,2.2222213745117188
71451610441,-0.10271355509757996,-0.17468547821044922,0.14394384622573853,0.01831531524658203,2.4562854766845703,2.3101348876953125
71454681378,-0.10171355307102203,-0.17468547821044922,0.14594385027885437,0.025641441345214844,2.403024196624756,2.329669952392578
71457752315,-0.10071355104446411,-0.1743021011352539,0.1471771001815796,0.010989189147949219,2.5618791580200195,2.3492069244384766
71460823252,-0.10021355003118515,-0.1743021011352539,0.1481771022081375,0.03296661376953125,2.362104892730713,2.368741989135742
71463894189,-0.09921354800462723,-0.1743021011352539,0.15017710626125336,0.03296661376953125,2.372105121612549,2.3980464935302734
71466965126,-0.0982135459780693,-0.1743021011352539,0.1521771103143692,0.03296661376953125,2.3921051025390625,2.4078140258789062
71470036063,-0.09771354496479034,-0.1743021011352539,0.15317711234092712,0.01831531524658203,2.6318793296813965,2.4371185302734375
71473107000,-0.09621354192495346,-0.1743021011352539,0.1561771184206009,0.010989189147949219,2.65187931060791,2.4468860626220703
71476177937,-0.09271353483200073,-0.1739187240600586,0.16241037845611572,0.01831531524658203,2.6409506797790527,2.5641021728515625
71479248874,-0.09171353280544281,-0.1739187240600586,0.16441038250923157,0.01831531524658203,2.6609506607055664,2.5738697052001953
71482319811,-0.09021352976560593,-0.1739187240600586,0.16741038858890533,0.01831531524658203,2.690950870513916,2.6031742095947266
71485390748,-0.089213527739048,-0.1739187240600586,0.16941039264202118,0.025641441345214844,2.6376895904541016,2.5934066772460938
71488461685,-0.08821352571249008,-0.1739187240600586,0.17141039669513702,0.025641441345214844,2.6576895713806152,2.5934066772460938
71491532622,-0.08721352368593216,-0.1739187240600586,0.17341040074825287,0.025641441345214844,2.677689552307129,2.6031742095947266
71494603559,-0.0867135226726532,-0.1739187240600586,0.1744104027748108,0.01831531524658203,2.760951042175293,2.6129417419433594
71497674496,-0.08571352064609528,-0.17353534698486328,0.175643652677536,0.04029273986816406,2.55350923538208,2.6422462463378906
71500211566,-0.08271351456642151,-0.17353534698486328,0.18164366483688354,0.03296661376953125,2.686770439147949,2.6910858154296875
71502748628,-0.08221351355314255,-0.17353534698486328,0.18264366686344147,0.03296661376953125,2.696770668029785,2.6910858154296875
71505285690,-0.08121351152658463,-0.17353534698486328,0.1846436709165573,0.025641441345214844,2.790022373199463,2.6910858154296875
71507822752,-0.07971350848674774,-0.17353534698486328,0.18764367699623108,0.01831531524658203,2.8932836055755615,2.710622787475586
71510359814,-0.07871350646018982,-0.17315101623535156,0.1888750195503235,0.03296661376953125,2.7590842247009277,2.7203903198242188
71512896876,-0.0777135044336319,-0.17315101623535156,0.19087502360343933,0.01831531524658203,2.9255971908569336,2.7203903198242188
71515433938,-0.07721350342035294,-0.17315101623535156,0.19187502562999725,0.04029273986816406,2.71582293510437,2.739927291870117
71517971000,-0.07571350038051605,-0.17276763916015625,0.1941082775592804,0.04029273986816406,2.7381553649902344,2.759462356567383
71520567816,-0.07221349328756332,-0.17276763916015625,0.20110829174518585,0.025641441345214844,2.9546685218811035,2.788766860961914
71523300941,-0.07021348923444748,-0.17238426208496094,0.20434154570102692,0.047618865966796875,2.7672266960144043,2.798534393310547
71526034066,-0.06921348720788956,-0.17238426208496094,0.20634154975414276,0.0622711181640625,2.640704393386841,2.8180713653564453
71528767191,-0.0687134861946106,-0.17238426208496094,0.20734155178070068,0.04029273986816406,2.870488166809082,2.827838897705078
71531500316,-0.06821348518133163,-0.17238426208496094,0.2083415538072586,0.04029273986816406,2.880488157272339,2.8180713653564453
71534233441,-0.06721348315477371,-0.17238426208496094,0.21034155786037445,0.04029273986816406,2.9004883766174316,2.827838897705078
71536966566,-0.06671348214149475,-0.17200088500976562,0.21157480776309967,0.04029273986816406,2.912820816040039,2.827838897705078
71539699691,-0.06521347910165787,-0.17200088500976562,0.21357481181621552,0.04029273986816406,2.9328207969665527,2.837606430053711
71542432816,-0.0622134730219841,-0.1716175079345703,0.21880806982517242,0.06959724426269531,2.692108154296875,2.9059829711914062
71545165941,-0.060213468968868256,-0.1716175079345703,0.2228080779314041,0.025641441345214844,3.108414649963379,2.9059829711914062
71547899066,-0.05821346491575241,-0.171234130859375,0.22604133188724518,0.04029273986816406,3.057486057281494,2.9352874755859375
71550632191,-0.05771346390247345,-0.1716175079345703,0.22804133594036102,0.03296661376953125,3.150747299194336,2.9450550079345703
71553365316,-0.05671346187591553,-0.171234130859375,0.22904133796691895,0.04029273986816406,3.0874860286712646,2.964590072631836
71556098441,-0.055213458836078644,-0.171234130859375,0.2320413440465927,0.047618865966796875,3.044224739074707,2.993894577026367
71558831566,-0.05471345782279968,-0.171234130859375,0.23304134607315063,0.04029273986816406,3.127486228942871,2.993894577026367
71561564691,-0.05371345579624176,-0.1708507537841797,0.23427459597587585,0.047618865966796875,3.0665574073791504,3.003662109375
71564731166,-0.047713443636894226,-0.17008304595947266,0.24473920464515686,0.05494499206542969,3.0979421138763428,2.964590072631836
71567897628,-0.046713441610336304,-0.17008304595947266,0.2467392086982727,0.047618865966796875,3.1912035942077637,2.964590072631836
71571064090,-0.04621344059705734,-0.17008304595947266,0.24773921072483063,0.047618865966796875,3.2012035846710205,2.964590072631836
71574230552,-0.04521343857049942,-0.16969966888427734,0.24897246062755585,0.07692337036132812,2.9204909801483154,2.9743595123291016
71577397014,-0.0442134365439415,-0.16969966888427734,0.2509724497795105,0.06959724426269531,3.013751983642578,2.993894577026367
71580563476,-0.043213434517383575,-0.16969966888427734,0.25297248363494873,0.05494499206542969,3.1802749633789062,3.003662109375
71583729938,-0.04221343249082565,-0.16931629180908203,0.25420570373535156,0.06959724426269531,3.0460846424102783,3.0231990814208984
71586896400,-0.04121343046426773,-0.16931629180908203,0.2562057375907898,0.047618865966796875,3.2858688831329346,3.042734146118164
71589571391,-0.03721342235803604,-0.1685495376586914,0.2626722455024719,0.047618865966796875,3.3505337238311768,3.081806182861328
71592246378,-0.03621342033147812,-0.1685495376586914,0.2646722197532654,0.0622711181640625,3.224011182785034,3.1111106872558594
71594921365,-0.03571341931819916,-0.1685495376586914,0.2656722366809845,0.0622711181640625,3.234011173248291,3.120878219604492
71597596352,-0.03371341526508331,-0.1681661605834961,0.26890549063682556,0.06959724426269531,3.193082571029663,3.1501827239990234
71600271339,-0.03271341323852539,-0.1681661605834961,0.2709054946899414,0.06959724426269531,3.2130825519561768,3.1599502563476562
71602946326,-0.03221341222524643,-0.16778278350830078,0.2711387276649475,0.07692337036132812,3.142153739929199,3.1794872283935547
71605621313,-0.031213412061333656,-0.16778278350830078,0.27313873171806335,0.09157466888427734,3.0156407356262207,3.1990222930908203
71608296300,-0.030213413760066032,-0.16739940643310547,0.2743719816207886,0.08424949645996094,3.101224899291992,3.208791732788086
71611407216,-0.02721341885626316,-0.16701507568359375,0.2796033024787903,0.09157466888427734,3.0802865028381348,3.1892547607421875
71614518128,-0.026213420554995537,-0.16701507568359375,0.28160330653190613,0.07692337036132812,3.2467994689941406,3.1892547607421875
71617629040,-0.025213422253727913,-0.16663169860839844,0.28283655643463135,0.09157466888427734,3.112618923187256,3.1794872283935547
71620739952,-0.02421342395246029,-0.16624832153320312,0.28406980633735657,0.09890079498291016,3.051690101623535,3.169719696044922
71623850864,-0.023213425651192665,-0.16624832153320312,0.28606978058815,0.07692337036132812,3.29146409034729,3.169719696044922
71626961776,-0.02221342734992504,-0.16624832153320312,0.28806978464126587,0.07692337036132812,3.3114640712738037,3.1404151916503906
71630072688,-0.020213430747389793,-0.1658649444580078,0.29130303859710693,0.07692337036132812,3.343796730041504,3.1501827239990234
71633183600,-0.018213434144854546,-0.1654815673828125,0.2945362627506256,0.09157466888427734,3.2296159267425537,3.1501827239990234
71636188991,-0.013213437981903553,-0.16433143615722656,0.30223599076271057,0.09890079498291016,3.233351945877075,3.169719696044922
71639194378,-0.012713437899947166,-0.16433143615722656,0.3032360076904297,0.10622692108154297,3.170090913772583,3.169719696044922
71642199765,-0.011713437736034393,-0.16394710540771484,0.3044673204421997,0.10622692108154297,3.182404041290283,3.1501827239990234
71645205152,-0.01071343757212162,-0.16356372833251953,0.3057005703449249,0.08424949645996094,3.414510726928711,3.1404151916503906
71648210539,-0.009713437408208847,-0.16356372833251953,0.30770057439804077,0.09157466888427734,3.3612592220306396,3.1599502563476562
71651215926,-0.008713437244296074,-0.16318035125732422,0.308933824300766,0.09157466888427734,3.373591661453247,3.169719696044922
71654221313,-0.007213436998426914,-0.16318035125732422,0.31193381547927856,0.09890079498291016,3.3303301334381104,3.2185592651367188
71657226700,-0.006213436834514141,-0.1627969741821289,0.3131670653820038,0.09157466888427734,3.415924072265625,3.2380943298339844
71659865775,-0.0022134361788630486,-0.16164684295654297,0.3188668191432953,0.14285755157470703,2.960092782974243,3.3064708709716797
71662504850,-0.0012134360149502754,-0.16126346588134766,0.3201000690460205,0.1282052993774414,3.118947744369507,3.3162384033203125
71665143925,-0.0007134359912015498,-0.16126346588134766,0.32110005617141724,0.1282052993774414,3.1289477348327637,3.296703338623047
71667783000,0.0007865640800446272,-0.16087913513183594,0.32333138585090637,0.1282052993774414,3.1512608528137207,3.2185592651367188
71670422075,0.0017865642439574003,-0.16049575805664062,0.3245646357536316,0.1208791732788086,3.2368547916412354,3.169719696044922
71673061150,0.002286564325913787,-0.16049575805664062,0.3255646526813507,0.1208791732788086,3.246854782104492,3.169719696044922
71675700225,0.00328656448982656,-0.16049575805664062,0.32756465673446655,0.11355304718017578,3.340116262435913,3.1599502563476562
71678339300,0.0042865644209086895,-0.1601114273071289,0.3287959694862366,0.11355304718017578,3.352429151535034,3.1599502563476562
71682295266,0.012286565266549587,-0.15781021118164062,0.3401935398578644,0.1282052993774414,3.319882392883301,3.0720386505126953
71686251228,0.012786565348505974,-0.15781021118164062,0.3411935567855835,0.1282052993774414,3.3322150707244873,3.0915756225585938
71690207190,0.01478656567633152,-0.15704345703125,0.34366005659103394,0.1282052993774414,3.3545477390289307,3.1501827239990234
71694163152,0.015786565840244293,-0.1566600799560547,0.34489327669143677,0.15018272399902344,3.1471056938171387,3.1794872283935547
71698119114,0.016786564141511917,-0.15627670288085938,0.346126526594162,0.17216110229492188,2.9396543502807617,3.2185592651367188
71702075076,0.018786560744047165,-0.15550994873046875,0.3485930263996124,0.16483497619628906,3.0375804901123047,3.24786376953125
71706031038,0.019286559894680977,-0.15550994873046875,0.34959301352500916,0.15750885009765625,3.1208417415618896,3.2185592651367188
71709987000,0.0202865581959486,-0.15550994873046875,0.351593017578125,0.1282052993774414,3.4338772296905518,3.169719696044922
71712650675,0.02478655055165291,-0.15359210968017578,0.3577573299407959,0.1794872283935547,2.982701063156128,3.1404151916503906
71715314350,0.025786548852920532,-0.15320873260498047,0.357990562915802,0.20146560668945312,2.765249729156494,3.1501827239990234
71717978025,0.026786547154188156,-0.15282535552978516,0.3592238128185272,0.20879077911376953,2.7043304443359375,3.1794872283935547
71720641700,0.027286546304821968,-0.15282535552978516,0.36022379994392395,0.20146560668945312,2.7875819206237793,3.169719696044922
71723305375,0.028286544606089592,-0.15244197845458984,0.36145704984664917,0.15018272399902344,3.3127434253692627,3.130647659301758
71725969050,0.029286542907357216,-0.15244197845458984,0.363457053899765,0.1282052993774414,3.5525176525115967,3.081806182861328
71728632725,0.029786542057991028,-0.15205860137939453,0.3636902868747711,0.1282052993774414,3.554849863052368,3.0525035858154297
71731296400,0.03078654035925865,-0.15205860137939453,0.36569029092788696,0.15018272399902344,3.3550755977630615,3.042734146118164
71734260600,0.03728655353188515,-0.14937400817871094,0.3733211159706116,0.1282052993774414,3.651158094406128,3.0915756225585938
71737224800,0.03778655454516411,-0.14937400817871094,0.3743211328983307,0.13553142547607422,3.5878970623016357,3.0525035858154297
71740189000,0.03878655657172203,-0.14899063110351562,0.3755543828010559,0.15018272399902344,3.453716516494751,3.042734146118164
71743153200,0.03928655758500099,-0.1486063003540039,0.3757857084274292,0.15018272399902344,3.4560298919677734,3.042734146118164
71746117400,0.040286559611558914,-0.1482229232788086,0.3770189583301544,0.20879077911376953,2.88228178024292,3.081806182861328
71749081600,0.04128656163811684,-0.14745616912841797,0.377485454082489,0.23809528350830078,2.5939016342163086,3.1404151916503906
71752045800,0.0417865626513958,-0.14707279205322266,0.3777187168598175,0.2527475357055664,2.449711799621582,3.169719696044922
71755010000,0.04278656467795372,-0.14707279205322266,0.37971872091293335,0.20146560668945312,2.9825310707092285,3.1794872283935547
71758183525,0.04628657177090645,-0.14592266082763672,0.38441845774650574,0.15750885009765625,3.4690961837768555,3.0525035858154297
71760977056,0.04778657481074333,-0.1451549530029297,0.38588306307792664,0.23809528350830078,2.677877902984619,3.1013431549072266
71763770587,0.04978657886385918,-0.14438819885253906,0.3883495628833771,0.22344303131103516,2.8490653038024902,3.24786376953125
71766564118,0.0507865808904171,-0.14400482177734375,0.3895828127861023,0.16483497619628906,3.4474785327911377,3.1990222930908203
71769357649,0.05178658291697502,-0.14400482177734375,0.39158281683921814,0.1208791732788086,3.907036542892456,3.1013431549072266
71772151180,0.053786586970090866,-0.1428546905517578,0.39328256249427795,0.1794872283935547,3.3379533290863037,3.0231990814208984
71774944711,0.05478658899664879,-0.14208698272705078,0.39374715089797974,0.2600736618041992,2.5367350578308105,3.0525035858154297
71777738242,0.05528659000992775,-0.14170360565185547,0.39398038387298584,0.27472496032714844,2.39255428314209,3.0915756225585938
71780531773,0.05828659608960152,-0.14132022857666016,0.39921364188194275,0.1282052993774414,3.910083532333374,3.0622711181640625
71783325304,0.05928659811615944,-0.14093685150146484,0.40044689178466797,0.1282052993774414,3.9224159717559814,2.9841270446777344
71786118835,0.06028660014271736,-0.14017009735107422,0.40091338753700256,0.1941394805908203,3.2677390575408936,3.003662109375
71788912366,0.061786603182554245,-0.13901901245117188,0.40161123871803284,0.3186817169189453,2.0292952060699463,3.120878219604492
71791705897,0.06278660148382187,-0.13863563537597656,0.40284448862075806,0.2967033386230469,2.261411666870117,3.2380943298339844
71794499428,0.06378660351037979,-0.13825225830078125,0.4040777087211609,0.20146560668945312,3.226121187210083,3.2185592651367188
71797292959,0.06478660553693771,-0.13825225830078125,0.4060777425765991,0.15018272399902344,3.7589502334594727,3.1013431549072266
71800086490,0.06528660655021667,-0.13825225830078125,0.40707772970199585,0.1282052993774414,3.98872447013855,3.0329666137695312
71804149341,0.07478662580251694,-0.13288307189941406,0.4153394103050232,0.33333301544189453,2.020063877105713,3.0915756225585938
71808212178,0.07578662782907486,-0.13249969482421875,0.416572630405426,0.2527475357055664,2.8382511138916016,3.1990222930908203
71812275015,0.07678662985563278,-0.13249969482421875,0.41857266426086426,0.17216110229492188,3.6641156673431396,3.130647659301758
71816337852,0.07728663086891174,-0.13249969482421875,0.419572651386261,0.15018272399902344,3.8938992023468018,3.0525035858154297
71820400689,0.07828663289546967,-0.13211631774902344,0.4208059012889862,0.16483497619628906,3.759709358215332,2.915750503540039
71824463526,0.07928663492202759,-0.1309661865234375,0.4205056428909302,0.28937721252441406,2.511284351348877,2.837606430053711
71828526363,0.08028663694858551,-0.13019847869873047,0.42097023129463196,0.34798526763916016,1.929849624633789,2.8962154388427734
71832589200,0.08128663897514343,-0.12981510162353516,0.4222034811973572,0.3040294647216797,2.381740093231201,3.0329666137695312
71835473816,0.08478664606809616,-0.1282815933227539,0.42613649368286133,0.2600736618041992,2.2768802642822266,2.788766860961914
71838121981,0.08578664809465408,-0.12751483917236328,0.42660295963287354,0.34798526763916016,1.9861769676208496,2.8473739624023438
71840770146,0.08728665113449097,-0.12674713134765625,0.42806756496429443,0.27472496032714844,2.733426094055176,3.0720386505126953
71843418311,0.08878665417432785,-0.12636375427246094,0.43030083179473877,0.17216110229492188,3.7813973426818848,2.964590072631836
71846066476,0.08978665620088577,-0.1255970001220703,0.430767297744751,0.21611690521240234,3.346503973007202,2.798534393310547
71848714641,0.0907866582274437,-0.12483024597167969,0.43123382329940796,0.3113555908203125,2.398782253265381,2.7301578521728516
71851362806,0.09228666126728058,-0.12367916107177734,0.43193164467811584,0.3260068893432617,2.2592475414276123,2.8571434020996094
71854010971,0.0932866632938385,-0.12329578399658203,0.43316489458084106,0.28937721252441406,2.6378769874572754,2.915750503540039
71856659136,0.09678667038679123,-0.12176227569580078,0.4370979070663452,0.27472496032714844,2.8237295150756836,2.739927291870117
71859307301,0.09778667241334915,-0.12099456787109375,0.4375624656677246,0.2673988342285156,2.9016363620758057,2.8083019256591797
71861955466,0.09878667443990707,-0.12061119079589844,0.4387957453727722,0.27472496032714844,2.840707778930664,2.8180713653564453
71864603631,0.099786676466465,-0.11984443664550781,0.4392622113227844,0.28205108642578125,2.772111415863037,2.7692298889160156
71867251796,0.10028667747974396,-0.1194610595703125,0.4394954741001129,0.2967033386230469,2.630254030227661,2.74969482421875
71869899961,0.10128667950630188,-0.11907768249511719,0.44072872400283813,0.28205108642578125,2.786776542663574,2.759462356567383
71872548126,0.1022866815328598,-0.11869430541992188,0.44196197390556335,0.23809528350830078,3.2386670112609863,2.798534393310547
71875196291,0.10278668254613876,-0.11831092834472656,0.44219523668289185,0.23809528350830078,3.240999460220337,2.8083019256591797
71877859516,0.10628668963909149,-0.11600971221923828,0.44459280371665955,0.3040294647216797,2.605633497238159,2.8571434020996094
71880522728,0.10728669166564941,-0.11562633514404297,0.44582605361938477,0.2527475357055664,3.1307852268218994,2.886445999145508
71883185940,0.10778669267892838,-0.11524295806884766,0.44705930352211,0.23076915740966797,3.362901449203491,2.827838897705078
71885849152,0.10978669673204422,-0.11409187316894531,0.44775712490081787,0.3260068893432617,2.4175024032592773,2.671550750732422
71888512364,0.11078669875860214,-0.11332511901855469,0.44822365045547485,0.3260068893432617,2.4221677780151367,2.6910858154296875
71891175576,0.1112866997718811,-0.11332511901855469,0.4492236375808716,0.3040294647216797,2.6519417762756348,2.74969482421875
71893838788,0.11228670179843903,-0.11255836486816406,0.4496901333332062,0.2673988342285156,3.0229129791259766,2.8473739624023438
71896502000,0.11328670382499695,-0.11217498779296875,0.4509233832359314,0.2527475357055664,3.181758403778076,2.8473739624023438
71899189616,0.11728671193122864,-0.10987377166748047,0.4543209671974182,0.28205108642578125,2.922698974609375,2.866910934448242
71901877228,0.11828671395778656,-0.10910701751708984,0.4547874629497528,0.28937721252441406,2.854102611541748,2.798534393310547
71904564840,0.11878671497106552,-0.10872268676757812,0.4550188183784485,0.28937721252441406,2.8564162254333496,2.739927291870117
71907252452,0.11978671699762344,-0.1079559326171875,0.4554852843284607,0.3113555908203125,2.641296863555908,2.6813182830810547
71909940064,0.1202867180109024,-0.1079559326171875,0.4564853012561798,0.2967033386230469,2.7978196144104004,2.700855255126953
71912627676,0.12128672003746033,-0.10718917846679688,0.4569517970085144,0.2673988342285156,3.095529556274414,2.7692298889160156
71915315288,0.12328672409057617,-0.10603904724121094,0.4586515426635742,0.3186817169189453,2.599698305130005,2.7692298889160156
71918002900,0.1242867261171341,-0.1052713394165039,0.459116131067276,0.34065914154052734,2.3845698833465576,2.759462356567383
71922651350,0.1337866187095642,-0.0995187759399414,0.46661078929901123,0.3040294647216797,2.8258132934570312,2.74969482421875
71927299800,0.13578659296035767,-0.09836864471435547,0.46831047534942627,0.3113555908203125,2.7695488929748535,2.7789993286132812
71931948250,0.13728657364845276,-0.09721755981445312,0.46900826692581177,0.3186817169189453,2.70326566696167,2.661783218383789
71936596700,0.1382865607738495,-0.09683418273925781,0.4702414870262146,0.3040294647216797,2.8621201515197754,2.710622787475586
71941245150,0.13928654789924622,-0.09606647491455078,0.470706045627594,0.3113555908203125,2.7935047149658203,2.7692298889160156
71945893600,0.1407865285873413,-0.09491634368896484,0.4714057445526123,0.3260068893432617,2.6539885997772217,2.739927291870117
71950542050,0.14178651571273804,-0.09414958953857422,0.4718722105026245,0.34798526763916016,2.4388694763183594,2.710622787475586
71955190500,0.14278650283813477,-0.0937662124633789,0.47310543060302734,0.3186817169189453,2.744237184524536,2.7692298889160156
71957559050,0.14578646421432495,-0.09184837341308594,0.4755029082298279,0.3260068893432617,2.694960117340088,2.632478713989258
71959927600,0.14678645133972168,-0.09108161926269531,0.475736141204834,0.3186817169189453,2.7705442905426025,2.671550750732422
71962296150,0.1477864384651184,-0.09031391143798828,0.4762006998062134,0.3260068893432617,2.7019381523132324,2.759462356567383
71964664700,0.14828643202781677,-0.08993053436279297,0.4764339327812195,0.3186817169189453,2.777522087097168,2.759462356567383
71967033250,0.1492864191532135,-0.08916378021240234,0.4769003987312317,0.33333301544189453,2.635673999786377,2.710622787475586
71969401800,0.15028640627861023,-0.08878040313720703,0.4781336188316345,0.35531139373779297,2.428222179412842,2.6910858154296875
71971770350,0.15128639340400696,-0.0880136489868164,0.47860008478164673,0.3113555908203125,2.8724451065063477,2.7301578521728516
71974138900,0.1522863805294037,-0.08724594116210938,0.4790646433830261,0.3186817169189453,2.8038291931152344,2.700855255126953
71977554516,0.15678632259368896,-0.08417797088623047,0.48192858695983887,0.3699636459350586,2.3196494579315186,2.6031742095947266
71980970128,0.15828630328178406,-0.08302783966064453,0.4826282858848572,0.3626375198364258,2.3999075889587402,2.5347976684570312
71984385740,0.1592862904071808,-0.0822610855102539,0.4830947518348694,0.3626375198364258,2.4045724868774414,2.5738697052001953
71987801352,0.16078627109527588,-0.08149433135986328,0.4845612049102783,0.33333301544189453,2.7122819423675537,2.495725631713867
71991216964,0.16228625178337097,-0.08034324645996094,0.4852589964866638,0.34065914154052734,2.645998477935791,2.4078140258789062
71994632576,0.16428622603416443,-0.07842636108398438,0.4854251742362976,0.3699636459350586,2.3546152114868164,2.5152626037597656
71998048188,0.1647862195968628,-0.07842636108398438,0.48642516136169434,0.3699636459350586,2.3646152019500732,2.495725631713867
72001463800,0.16578620672225952,-0.07765865325927734,0.48688971996307373,0.3626375198364258,2.4425220489501953,2.495725631713867
72004367200,0.16928616166114807,-0.07497406005859375,0.48852044343948364,0.34798526763916016,2.6053519248962402,2.3882789611816406
72007242906,0.1702861487865448,-0.07420730590820312,0.48898690938949585,0.3626375198364258,2.463493824005127,2.4371185302734375
72010118612,0.17128613591194153,-0.0734405517578125,0.48945337533950806,0.3699636459350586,2.3948974609375,2.5152626037597656
72012994318,0.17228612303733826,-0.07267379760742188,0.48991984128952026,0.3699636459350586,2.399561882019043,2.495725631713867
72015870024,0.17328611016273499,-0.07190608978271484,0.49038439989089966,0.3699636459350586,2.404207706451416,2.4664230346679688
72018745730,0.1757860779762268,-0.0703725814819336,0.4923173189163208,0.34798526763916016,2.6433205604553223,2.495725631713867
72021621436,0.17678606510162354,-0.06960582733154297,0.492783784866333,0.34065914154052734,2.7212464809417725,2.4078140258789062
72024497142,0.17778605222702026,-0.06883811950683594,0.4932483434677124,0.3626375198364258,2.506108283996582,2.456653594970703
72027372848,0.18178600072860718,-0.06577014923095703,0.4951122999191284,0.3772897720336914,2.378225326538086,2.5152626037597656
72030248554,0.1827859878540039,-0.06538677215576172,0.49634552001953125,0.35531139373779297,2.6103413105010986,2.5250301361083984
72033124260,0.18378597497940063,-0.06423664093017578,0.49604523181915283,0.3626375198364258,2.5340771675109863,2.4371185302734375
72035999966,0.18478596210479736,-0.06346988677978516,0.49651169776916504,0.35531139373779297,2.6120030879974365,2.4078140258789062
72038875672,0.1857859492301941,-0.06270217895507812,0.49697625637054443,0.3846149444580078,2.323613166809082,2.505495071411133
72041751378,0.18678593635559082,-0.06231880187988281,0.49820947647094727,0.3699636459350586,2.4824583530426025,2.5250301361083984
72044627084,0.18728592991828918,-0.0619354248046875,0.49790918827056885,0.3772897720336914,2.4061942100524902,2.456653594970703
72047502790,0.18878591060638428,-0.06040191650390625,0.49837565422058105,0.3846149444580078,2.3376071453094482,2.4761905670166016
72051904741,0.1982857882976532,-0.053498268127441406,0.5,0.34065914154052734,2.7934086322784424,2.456653594970703
72056306678,0.20028576254844666,-0.051964759826660156,0.5,0.3846149444580078,2.3538506031036377,2.4664230346679688
72060708615,0.20128574967384338,-0.05119800567626953,0.5,0.3626375198364258,2.573624849319458,2.5347976684570312
72065110552,0.2022857367992401,-0.0504302978515625,0.5,0.3699636459350586,2.50036358833313,2.5152626037597656
72069512489,0.20328572392463684,-0.049663543701171875,0.5,0.41391944885253906,2.060805559158325,2.5152626037597656
72073914426,0.2037857174873352,-0.04928016662597656,0.5,0.39926719665527344,2.2073280811309814,2.5347976684570312
72078316363,0.2052856981754303,-0.04851341247558594,0.5,0.35531139373779297,2.646886110305786,2.4761905670166016
72082718300,0.20628568530082703,-0.04774665832519531,0.5,0.3626375198364258,2.573624849319458,2.3492069244384766
72086830075,0.21178561449050903,-0.04314422607421875,0.5,0.3772897720336914,2.4271023273468018,2.4273509979248047
72090941850,0.21278560161590576,-0.042377471923828125,0.5,0.34065914154052734,2.7934086322784424,2.329669952392578
72095053625,0.21528556942939758,-0.040459632873535156,0.5,0.3846149444580078,2.3538506031036377,2.3589744567871094
72099165400,0.2162855565547943,-0.03969287872314453,0.5,0.40659332275390625,2.1340668201446533,2.339437484741211
72103277175,0.21828553080558777,-0.038158416748046875,0.5,0.39926719665527344,2.2073280811309814,2.3199024200439453
72107388950,0.22028550505638123,-0.03624153137207031,0.5,0.3846149444580078,2.3538506031036377,2.1831493377685547
72111500725,0.22128549218177795,-0.03547477722167969,0.5,0.40659332275390625,2.1340668201446533,2.163614273071289
72115612500,0.22278547286987305,-0.03432273864746094,0.5,0.3846149444580078,2.3538506031036377,2.212453842163086
72119089848,0.22728541493415833,-0.03087139129638672,0.5,0.39926719665527344,2.2073280811309814,2.173381805419922
72122567190,0.2277854084968567,-0.030488014221191406,0.5,0.40659332275390625,2.1340668201446533,2.163614273071289
72126044532,0.22928538918495178,-0.02933788299560547,0.5,0.3772897720336914,2.4271023273468018,2.2319908142089844
72129521874,0.2302853763103485,-0.028186798095703125,0.5,0.3919410705566406,2.2805893421173096,2.212453842163086
72132999216,0.2317853569984436,-0.027036666870117188,0.5,0.4285717010498047,1.914283037185669,2.2319908142089844
72136476558,0.2332853376865387,-0.025885581970214844,0.5,0.3919410705566406,2.2805893421173096,2.1929187774658203
72139953900,0.23528531193733215,-0.024352073669433594,0.5,0.3846149444580078,2.3538506031036377,2.1538467407226562
72142906225,0.23928526043891907,-0.020900726318359375,0.5,0.3919410705566406,2.2805893421173096,2.2319908142089844
72145858550,0.2402852475643158,-0.02013397216796875,0.5,0.40659332275390625,2.1340668201446533,2.202686309814453
72148810875,0.24128523468971252,-0.01936626434326172,0.5,0.4212455749511719,1.987544298171997,2.163614273071289
72151763200,0.24228522181510925,-0.018599510192871094,0.5,0.3846149444580078,2.3538506031036377,2.173381805419922
72154715525,0.24328520894050598,-0.01783275604248047,0.5,0.3919410705566406,2.2805893421173096,2.1831493377685547
72157667850,0.2442851960659027,-0.017066001892089844,0.5,0.41391944885253906,2.060805559158325,2.134309768676758
72160620175,0.2457851767539978,-0.015531539916992188,0.5,0.41391944885253906,2.060805559158325,2.1831493377685547
72163572500,0.24678516387939453,-0.014764785766601562,0.5,0.40659332275390625,2.1340668201446533,2.202686309814453
72168133500,0.25778502225875854,-0.005944252014160156,0.5,0.4358978271484375,1.8410217761993408,2.163614273071289
72172694500,0.2587850093841553,-0.005177497863769531,0.5,0.40659332275390625,2.1340668201446533,2.163614273071289
72177255500,0.259784996509552,-0.0044097900390625,0.5,0.39926719665527344,2.2073280811309814,2.2222213745117188
72181816500,0.26028499007225037,-0.0040264129638671875,0.5,0.41391944885253906,2.1340668201446533,2.1831493377685547
72186377500,0.2612849771976471,-0.0032596588134765625,0.5,0.39926719665527344,2.2073280811309814,2.124542236328125
72190938500,0.2622849643230438,-0.0024929046630859375,0.5,0.3772897720336914,2.4271023273468018,2.085470199584961
72195499500,0.26328495144844055,-0.0017261505126953125,0.5,0.3919410705566406,2.2805893421173096,2.124542236328125
72200060500,0.265284925699234,0.00019168853759765625,0.5,0.4285717010498047,1.914283037185669,2.0952377319335938
72202815766,0.2692848742008209,0.0032596588134765625,0.5,0.3846149444580078,2.3538506031036377,1.9877891540527344
72205571028,0.270784854888916,0.005177497863769531,0.5,0.4432229995727539,1.7677700519561768,2.046398162841797
72208326290,0.27178484201431274,0.005560874938964844,0.5,0.41391944885253906,2.060805559158325,2.007326126098633
72211081552,0.2722848355770111,0.006327629089355469,0.5,0.4212455749511719,1.987544298171997,2.0268611907958984
72213836814,0.27328482270240784,0.007094383239746094,0.5,0.4358978271484375,1.8410217761993408,2.0659332275390625
72216592076,0.27428480982780457,0.007861137390136719,0.5,0.4432229995727539,1.7677700519561768,1.9877891540527344
72219347338,0.2752847969532013,0.00862884521484375,0.5,0.3919410705566406,2.2805893421173096,1.9291820526123047
72222102600,0.276284784078598,0.009395599365234375,0.5,0.41391944885253906,2.060805559158325,1.9780216217041016
72225456666,0.2797847390174866,0.012846946716308594,0.5,0.4432229995727539,1.7677700519561768,1.99755859375
72228810728,0.28128471970558167,0.013997077941894531,0.5,0.4212455749511719,1.987544298171997,1.9096450805664062
72232164790,0.2822847068309784,0.01438140869140625,0.5,0.3772897720336914,2.4271023273468018,1.9291820526123047
72235518852,0.2832846939563751,0.015531539916992188,0.5,0.4285717010498047,1.914283037185669,1.9780216217041016
72238872914,0.2847846746444702,0.016681671142578125,0.5,0.39926719665527344,2.2073280811309814,1.9096450805664062
72242226976,0.28578466176986694,0.01783275604248047,0.5,0.4212455749511719,1.987544298171997,1.9780216217041016
72245581038,0.2877846360206604,0.01936626434326172,0.5,0.40659332275390625,2.1340668201446533,1.9096450805664062
72248935100,0.28878462314605713,0.020133018493652344,0.5,0.3919410705566406,2.2805893421173096,1.9389495849609375
72251637191,0.29428455233573914,0.024735450744628906,0.5,0.39926719665527344,2.2073280811309814,1.958486557006836
72254261918,0.29528453946113586,0.02550220489501953,0.5,0.3772897720336914,2.4271023273468018,1.9780216217041016
72256886645,0.29578453302383423,0.025885581970214844,0.5,0.39926719665527344,2.2073280811309814,2.0268611907958984
72259511372,0.29678452014923096,0.027036666870117188,0.5,0.4358978271484375,1.8410217761993408,2.0561656951904297
72262136099,0.2972845137119293,0.027420997619628906,0.5,0.41391944885253906,2.060805559158325,2.0268611907958984
72264760826,0.2987844944000244,0.028571128845214844,0.5,0.41391944885253906,2.060805559158325,2.0561656951904297
72267385553,0.2992844879627228,0.02933788299560547,0.5,0.4505491256713867,1.6945087909698486,2.075702667236328
72270010280,0.3002844750881195,0.029722213745117188,0.5,0.4285717010498047,1.914283037185669,2.0268611907958984
72272635007,0.30378443002700806,0.032790184020996094,0.5,0.4212455749511719,1.987544298171997,1.99755859375
72275259734,0.30528441071510315,0.034323692321777344,0.5,0.4505491256713867,1.6945087909698486,2.0268611907958984
72277884461,0.3062843978404999,0.03509044647216797,0.5,0.4432229995727539,1.7677700519561768,2.0659332275390625
72280509188,0.30678439140319824,0.03547382354736328,0.5,0.3846149444580078,2.3538506031036377,1.9780216217041016
72283133915,0.30778437852859497,0.03624153137207031,0.5,0.3626375198364258,2.573624849319458,1.958486557006836
72285758642,0.3087843656539917,0.03700828552246094,0.5,0.40659332275390625,2.1340668201446533,2.007326126098633
72288383369,0.3097843527793884,0.03777503967285156,0.5,0.4212455749511719,1.987544298171997,2.036630630493164
72291008096,0.31078433990478516,0.03854179382324219,0.5,0.40659332275390625,2.1340668201446533,1.99755859375
72295265725,0.31928423047065735,0.046212196350097656,0.5,0.46520137786865234,1.5479862689971924,2.0659332275390625
72299523350,0.3202842175960541,0.04659557342529297,0.5,0.41391944885253906,2.060805559158325,1.9780216217041016
72303780975,0.3212842047214508,0.047362327575683594,0.5,0.40659332275390625,2.1340668201446533,1.9682540893554688
72308038600,0.3227841854095459,0.04889678955078125,0.5,0.40659332275390625,2.1340668201446533,2.007326126098633
72312296225,0.32478415966033936,0.05081367492675781,0.5,0.4432229995727539,1.7677700519561768,1.9096450805664062
72316553850,0.3257841467857361,0.051581382751464844,0.5,0.46520137786865234,1.5479862689971924,1.9291820526123047
72320811475,0.3267841339111328,0.05234813690185547,0.5,0.4432229995727539,1.7677700519561768,1.8705730438232422
72325069100,0.32778412103652954,0.053498268127441406,0.5,0.4358978271484375,1.8410217761993408,1.9096450805664062
72328269366,0.3312840759754181,0.056182861328125,0.5,0.4358978271484375,1.8410217761993408,1.8901100158691406
72331469628,0.3327840566635132,0.057717323303222656,0.5,0.4358978271484375,1.8410217761993408,1.8998775482177734
72334669890,0.3337840437889099,0.05848407745361328,0.5,0.4358978271484375,1.8410217761993408,1.8901100158691406
72337870152,0.33478403091430664,0.059250831604003906,0.5,0.4212455749511719,1.987544298171997,1.958486557006836
72341070414,0.33578401803970337,0.06001758575439453,0.5,0.40659332275390625,2.1340668201446533,1.9487171173095703
72344270676,0.3367840051651001,0.06078529357910156,0.5,0.40659332275390625,2.1340668201446533,1.8901100158691406
72347470938,0.3377839922904968,0.0619354248046875,0.5,0.4358978271484375,1.8410217761993408,1.9389495849609375
72350671200,0.34028396010398865,0.06385326385498047,0.5,0.4285717010498047,1.914283037185669,1.9096450805664062
72353650700,0.3452838957309723,0.06807136535644531,0.5,0.4358978271484375,1.8410217761993408,1.9877891540527344
72356630200,0.346283882856369,0.06883811950683594,0.5,0.39926719665527344,2.2073280811309814,1.9096450805664062
72359609700,0.34728386998176575,0.06998920440673828,0.5,0.4358978271484375,1.8410217761993408,1.9291820526123047
72362589200,0.3482838571071625,0.0707559585571289,0.5,0.4212455749511719,1.987544298171997,1.9682540893554688
72365568700,0.3492838442325592,0.07152271270751953,0.5,0.4212455749511719,1.987544298171997,1.9096450805664062
72368548200,0.3507838249206543,0.07305717468261719,0.5,0.4505491256713867,1.6945087909698486,1.9780216217041016
72371527700,0.351783812046051,0.07382392883300781,0.5,0.39926719665527344,2.2073280811309814,1.9877891540527344
72374507200,0.35278379917144775,0.07459068298339844,0.5,0.3772897720336914,2.4271023273468018,1.9389495849609375
72377634791,0.35678374767303467,0.07804203033447266,0.5,0.4285717010498047,1.914283037185669,2.046398162841797
72380762378,0.35828372836112976,0.079193115234375,0.5,0.40659332275390625,2.1340668201446533,2.114774703979492
72383889965,0.3592837154865265,0.07995986938476562,0.5,0.3846149444580078,2.3538506031036377,2.046398162841797
72387017552,0.3602837026119232,0.08072662353515625,0.5,0.41391944885253906,2.060805559158325,2.0268611907958984
72390145139,0.3617836833000183,0.0818777084350586,0.5,0.40659332275390625,2.1340668201446533,2.0561656951904297
72393272726,0.36278367042541504,0.08302783966064453,0.5,0.4432229995727539,1.7677700519561768,2.007326126098633
72396400313,0.36378365755081177,0.08379459381103516,0.5,0.4505491256713867,1.6945087909698486,2.036630630493164
72399527900,0.3647836446762085,0.08456134796142578,0.5,0.40659332275390625,2.1340668201446533,2.0561656951904297
72402337291,0.3687835931777954,0.0880136489868164,0.5,0.41391944885253906,2.060805559158325,1.9877891540527344
72405146678,0.36978358030319214,0.08916378021240234,0.5,0.45787525177001953,1.6212475299835205,1.958486557006836
72407956065,0.37078356742858887,0.08993148803710938,0.5,0.4505491256713867,1.6945087909698486,1.9877891540527344
72410765452,0.3717835545539856,0.0906982421875,0.5,0.4505491256713867,1.6945087909698486,1.9291820526123047
72413574839,0.3727835416793823,0.09184932708740234,0.5,0.4505491256713867,1.6945087909698486,1.8705730438232422
72416384226,0.37378352880477905,0.09223270416259766,0.5,0.40659332275390625,2.1340668201446533,1.8705730438232422
72419193613,0.37528350949287415,0.0937662124633789,0.5,0.40659332275390625,2.1340668201446533,1.8315010070800781
72422003000,0.3762834966182709,0.09453392028808594,0.5,0.4358978271484375,1.8410217761993408,1.8217334747314453
72426356400,0.38378340005874634,0.10105323791503906,0.5,0.4285717010498047,1.914283037185669,1.8998775482177734
72430709800,0.38478338718414307,0.102203369140625,0.5,0.4432229995727539,1.7677700519561768,1.8901100158691406
72435063200,0.3857833743095398,0.10297012329101562,0.5,0.4285717010498047,1.914283037185669,1.8803424835205078
72439416600,0.3867833614349365,0.10373783111572266,0.5,0.4285717010498047,1.914283037185669,1.9291820526123047
72443770000,0.38778334856033325,0.10450458526611328,0.5,0.4212455749511719,1.987544298171997,1.8998775482177734
72448123400,0.38928332924842834,0.10603809356689453,0.5,0.4212455749511719,1.987544298171997,1.8705730438232422
72452476800,0.3927832841873169,0.10872268676757812,0.5,0.40659332275390625,2.1340668201446533,1.8705730438232422
72456830200,0.3937832713127136,0.10987377166748047,0.5,0.4358978271484375,1.8410217761993408,1.8998775482177734
72459610475,0.39778321981430054,0.11332511901855469,0.5,0.4212455749511719,1.987544298171997,1.8901100158691406
72462390750,0.39928320050239563,0.11447525024414062,0.5,0.3919410705566406,2.2805893421173096,1.8803424835205078
72465171025,0.40028318762779236,0.11524200439453125,0.5,0.4212455749511719,1.987544298171997,1.9194145202636719
72467951300,0.4012831747531891,0.1163930892944336,0.5,0.4432229995727539,1.7677700519561768,1.8901100158691406
72470731575,0.4022831618785858,0.11715984344482422,0.5,0.4212455749511719,1.987544298171997,1.9291820526123047
72473511850,0.40328314900398254,0.11830997467041016,0.5,0.46520137786865234,1.5479862689971924,1.9780216217041016
72476292125,0.4042831361293793,0.11869430541992188,0.5,0.4212455749511719,1.987544298171997,1.9291820526123047
72479072400,0.40478312969207764,0.11907768249511719,0.5,0.39926719665527344,2.2073280811309814,1.8998775482177734
72481945675,0.4082830846309662,0.1221456527709961,0.5,0.4358978271484375,1.8410217761993408,1.9487171173095703
72484818950,0.41028305888175964,0.12406253814697266,0.5,0.45787525177001953,1.6212475299835205,1.9877891540527344
72487692225,0.41128304600715637,0.12483024597167969,0.5,0.41391944885253906,2.060805559158325,1.9194145202636719
72490565500,0.4122830331325531,0.1255970001220703,0.5,0.3699636459350586,2.50036358833313,1.9389495849609375
72493438775,0.4137830138206482,0.12674713134765625,0.5,0.4212455749511719,1.987544298171997,1.9389495849609375
72496312050,0.41428300738334656,0.12713050842285156,0.5,0.4212455749511719,1.987544298171997,1.8998775482177734
72499185325,0.4152829945087433,0.1282815933227539,0.5,0.45787525177001953,1.6212475299835205,1.8998775482177734
72502058600,0.41628298163414,0.12943172454833984,0.5,0.5018310546875,1.1816895008087158,1.9291820526123047
72504387950,0.41978293657302856,0.13211631774902344,0.5,0.39926719665527344,2.2073280811309814,1.8705730438232422
72506717300,0.42028293013572693,0.13249969482421875,0.5,0.40659332275390625,2.1340668201446533,1.7728939056396484
72509046650,0.42128291726112366,0.1336498260498047,0.5,0.41391944885253906,2.060805559158325,1.7631263732910156
72511376000,0.4222829043865204,0.13480091094970703,0.5,0.4871797561645508,1.328202486038208,1.8217334747314453
72513705350,0.4232828915119171,0.13556766510009766,0.5,0.4871797561645508,1.328202486038208,1.8021984100341797
72516034700,0.4237828850746155,0.13595104217529297,0.5,0.4358978271484375,1.8410217761993408,1.7826614379882812
72518364050,0.4247828722000122,0.1367177963256836,0.5,0.45787525177001953,1.6212475299835205,1.8217334747314453
72520693400,0.42578285932540894,0.13748550415039062,0.5,0.4432229995727539,1.7677700519561768,1.8315010070800781
72523992075,0.43128278851509094,0.1424703598022461,0.5,0.4358978271484375,1.8410217761993408,1.8412704467773438
72527290750,0.43228277564048767,0.14323806762695312,0.5,0.4432229995727539,1.7677700519561768,1.8315010070800781
72530589425,0.4332827627658844,0.14400482177734375,0.5,0.41391944885253906,2.060805559158325,1.7631263732910156
72533888100,0.43428274989128113,0.1451549530029297,0.5,0.4432229995727539,1.7677700519561768,1.8315010070800781
72537186775,0.43528273701667786,0.1459217071533203,0.5,0.4505491256713867,1.6945087909698486,1.8608055114746094
72540485450,0.4372827112674713,0.14783954620361328,0.5,0.4432229995727539,1.7677700519561768,1.8119659423828125
72543784125,0.4377827048301697,0.1482229232788086,0.5,0.45787525177001953,1.6212475299835205,1.8412704467773438
72547082800,0.4387826919555664,0.14898967742919922,0.5,0.4358978271484375,1.8410217761993408,1.792428970336914
72551198225,0.44778257608413696,0.1570444107055664,0.5,0.45787525177001953,1.6212475299835205,1.8901100158691406
72555313650,0.44928255677223206,0.15819454193115234,0.5,0.41391944885253906,2.060805559158325,1.8608055114746094
72559429075,0.4502825438976288,0.15896224975585938,0.5,0.41391944885253906,2.060805559158325,1.9096450805664062
72563544500,0.4512825310230255,0.15972900390625,0.5,0.4285717010498047,1.914283037185669,1.9194145202636719
72567659925,0.45228251814842224,0.16087913513183594,0.5,0.41391944885253906,2.060805559158325,1.8412704467773438
72571775350,0.4527825117111206,0.16126251220703125,0.5,0.4432229995727539,1.7677700519561768,1.8705730438232422
72575890775,0.4542824923992157,0.1627969741821289,0.5,0.4505491256713867,1.6945087909698486,1.9096450805664062
72580006200,0.4552824795246124,0.16318035125732422,0.5,0.40659332275390625,2.1340668201446533,1.8510379791259766
72582686975,0.4582824409008026,0.1658649444580078,0.5,0.3772897720336914,2.4271023273468018,1.8510379791259766
72585367750,0.45928242802619934,0.16701507568359375,0.5,0.4432229995727539,1.7677700519561768,1.8510379791259766
72588048525,0.46028241515159607,0.1681661605834961,0.5,0.4871797561645508,1.328202486038208,1.9194145202636719
72590729300,0.46078240871429443,0.1681661605834961,0.5,0.45787525177001953,1.6212475299835205,1.8901100158691406
72593410075,0.46178239583969116,0.16931629180908203,0.5,0.4285717010498047,1.914283037185669,1.8412704467773438
72596090850,0.46328237652778625,0.17046642303466797,0.5,0.4285717010498047,1.914283037185669,1.9291820526123047
72598771625,0.4637823700904846,0.1708507537841797,0.5,0.4212455749511719,1.987544298171997,1.8998775482177734
72601452400,0.464282363653183,0.171234130859375,0.5,0.3919410705566406,2.2805893421173096,1.8510379791259766
72603991550,0.46878230571746826,0.17545223236083984,0.5,0.4505491256713867,1.6945087909698486,1.8315010070800781
72606530700,0.47028228640556335,0.17660236358642578,0.5,0.41391944885253906,2.060805559158325,1.8510379791259766
72609069850,0.4707822799682617,0.1769866943359375,0.5,0.39926719665527344,2.2073280811309814,1.792428970336914
72611609000,0.4712822735309601,0.1773700714111328,0.5,0.41391944885253906,2.060805559158325,1.7728939056396484
72614148150,0.47328224778175354,0.17928695678710938,0.5,0.4432229995727539,1.7677700519561768,1.8315010070800781
72616687300,0.47428223490715027,0.1800546646118164,0.5,0.4285717010498047,1.914283037185669,1.7826614379882812
72619226450,0.475282222032547,0.18120479583740234,0.5,0.45787525177001953,1.6212475299835205,1.8315010070800781
72621765600,0.4762822091579437,0.18158817291259766,0.5,0.4212455749511719,1.987544298171997,1.8217334747314453
72624536850,0.4797821640968323,0.18503952026367188,0.5,0.4285717010498047,1.914283037185669,1.7826614379882812
72627308100,0.480782151222229,0.1858062744140625,0.5,0.4432229995727539,1.7677700519561768,1.7338218688964844
72630079350,0.48128214478492737,0.18657398223876953,0.5,0.46520137786865234,1.5479862689971924,1.7631263732910156
72632850600,0.4822821319103241,0.18734073638916016,0.5,0.4285717010498047,1.914283037185669,1.7728939056396484
72635621850,0.4837821125984192,0.1888742446899414,0.5,0.4505491256713867,1.6945087909698486,1.7045173645019531
72638393100,0.48428210616111755,0.18925857543945312,0.5,0.4871797561645508,1.328202486038208,1.7435894012451172
72641164350,0.4852820932865143,0.19002532958984375,0.5,0.45787525177001953,1.6212475299835205,1.7826614379882812
72643935600,0.486282080411911,0.19079208374023438,0.5,0.40659332275390625,2.1340668201446533,1.7045173645019531
72646839050,0.4907820224761963,0.19501018524169922,0.5,0.47985363006591797,1.4014637470245361,1.8119659423828125
72649742500,0.491782009601593,0.19577789306640625,0.5,0.4285717010498047,1.914283037185669,1.8217334747314453
72652645950,0.49278199672698975,0.19654464721679688,0.5,0.4358978271484375,1.8410217761993408,1.7631263732910156
72655549400,0.4932819902896881,0.1973114013671875,0.5,0.45787525177001953,1.6212475299835205,1.7826614379882812
72658452850,0.4947819709777832,0.19807815551757812,0.5,0.39926719665527344,2.2073280811309814,1.8021984100341797
72661356300,0.4962819516658783,0.1999959945678711,0.5,0.4505491256713867,1.6945087909698486,1.75335693359375
72664259750,0.497281938791275,0.20076274871826172,0.5,0.47252750396728516,1.4747250080108643,1.8315010070800781
72667163200,0.4987819194793701,0.20191383361816406,0.5,0.4358978271484375,1.8410217761993408,1.8021984100341797
72670810991,0.5077822804450989,0.20958328247070312,0.5,0.3846149444580078,2.3538506031036377,1.8705730438232422
72673867644,0.5087823271751404,0.21073436737060547,0.5,0.4212455749511719,1.987544298171997,1.8119659423828125
72676924297,0.5097823739051819,0.2115011215209961,0.5,0.46520137786865234,1.5479862689971924,1.8901100158691406
72679980950,0.5102823972702026,0.2118844985961914,0.5,0.4358978271484375,1.8410217761993408,1.9096450805664062
72683037603,0.5112824440002441,0.21265125274658203,0.5,0.4358978271484375,1.8410217761993408,1.8705730438232422
72686094256,0.5117824673652649,0.21341800689697266,0.5,0.4432229995727539,1.7677700519561768,1.8705730438232422
72689150909,0.5127825140953064,0.2141857147216797,0.5,0.45787525177001953,1.6212475299835205,1.9194145202636719
72692207562,0.5132825374603271,0.214569091796875,0.5,0.3919410705566406,2.2805893421173096,1.8998775482177734
72695264215,0.5172827243804932,0.21802139282226562,0.5,0.4358978271484375,1.8410217761993408,1.8705730438232422
72698320868,0.5187827944755554,0.21955490112304688,0.5,0.45787525177001953,1.6212475299835205,1.8608055114746094
72701377521,0.5192828178405762,0.2199392318725586,0.5,0.4432229995727539,1.7677700519561768,1.8608055114746094
72704434174,0.5197828412055969,0.2203226089477539,0.5,0.41391944885253906,2.060805559158325,1.8510379791259766
72707490827,0.5207828879356384,0.22108936309814453,0.5,0.41391944885253906,2.060805559158325,1.7826614379882812
72710547480,0.5212829113006592,0.22147274017333984,0.5,0.4285717010498047,1.914283037185669,1.7631263732910156
72713604133,0.5222829580307007,0.22262287139892578,0.5,0.46520137786865234,1.5479862689971924,1.8119659423828125
72716660786,0.5232830047607422,0.2233905792236328,0.5,0.4358978271484375,1.8410217761993408,1.8119659423828125
72718934266,0.5272831916809082,0.22722530364990234,0.5,0.45787525177001953,1.6212475299835205,1.6752128601074219
72721207728,0.5282832384109497,0.22799205780029297,0.5,0.47252750396728516,1.4747250080108643,1.714284896850586
72723481190,0.5292832851409912,0.2287588119506836,0.5,0.4358978271484375,1.8410217761993408,1.7435894012451172
72725754652,0.529783308506012,0.22952651977539062,0.5,0.4432229995727539,1.7677700519561768,1.7240543365478516
72728028114,0.5307833552360535,0.23029327392578125,0.5,0.46520137786865234,1.5479862689971924,1.7045173645019531
72730301576,0.5312833786010742,0.23067665100097656,0.5,0.4505491256713867,1.6945087909698486,1.7240543365478516
72732575038,0.5322834253311157,0.2314434051513672,0.5,0.40659332275390625,2.1340668201446533,1.7240543365478516
72734848500,0.5327834486961365,0.2318267822265625,0.5,0.4212455749511719,1.987544298171997,1.7045173645019531
72737370500,0.5362836122512817,0.23527812957763672,0.5,0.4505491256713867,1.6945087909698486,1.7435894012451172
72739892500,0.5372836589813232,0.23604583740234375,0.5,0.4505491256713867,1.6945087909698486,1.7338218688964844
72742414500,0.5382837057113647,0.23681259155273438,0.5,0.39926719665527344,2.2073280811309814,1.7631263732910156
72744936500,0.539783775806427,0.23834609985351562,0.5,0.4505491256713867,1.6945087909698486,1.7338218688964844
72747458500,0.5402837991714478,0.23873043060302734,0.5,0.47252750396728516,1.4747250080108643,1.7631263732910156
72749980500,0.5412838459014893,0.23949718475341797,0.5,0.4358978271484375,1.8410217761993408,1.8217334747314453
72752502500,0.5422838926315308,0.2406473159790039,0.5,0.4432229995727539,1.7677700519561768,1.792428970336914
72755024500,0.5427839159965515,0.24103069305419922,0.5,0.4358978271484375,1.8410217761993408,1.7826614379882812
72758095325,0.5467841029167175,0.24448204040527344,0.5,0.46520137786865234,1.5479862689971924,1.7826614379882812
72761166150,0.5487841963768005,0.2463998794555664,0.5,0.46520137786865234,1.5479862689971924,1.792428970336914
72764236975,0.549784243106842,0.24716663360595703,0.5,0.4432229995727539,1.7677700519561768,1.792428970336914
72767307800,0.5502842664718628,0.24755001068115234,0.5,0.4212455749511719,1.987544298171997,1.8021984100341797
72770378625,0.5512843132019043,0.24831771850585938,0.5,0.3919410705566406,2.2805893421173096,1.792428970336914
72773449450,0.551784336566925,0.2487010955810547,0.5,0.41391944885253906,2.060805559158325,1.7728939056396484
72776520275,0.5542844533920288,0.25100231170654297,0.5,0.4432229995727539,1.7677700519561768,1.8608055114746094
72779591100,0.5547844767570496,0.2513856887817383,0.5,0.4432229995727539,1.7677700519561768,1.8510379791259766
72783022625,0.5627848505973816,0.2582883834838867,0.5,0.4212455749511719,1.987544298171997,1.8901100158691406
72786454150,0.5637848973274231,0.25905513763427734,0.5,0.39926719665527344,2.2073280811309814,1.8901100158691406
72789885675,0.5642849206924438,0.25943851470947266,0.5,0.39926719665527344,2.2073280811309814,1.8705730438232422
72793317200,0.5652849674224854,0.260589599609375,0.5,0.4505491256713867,1.6945087909698486,1.8217334747314453
72796748725,0.5662850141525269,0.2613563537597656,0.5,0.4505491256713867,1.6945087909698486,1.8901100158691406
72800180250,0.5667850375175476,0.26212310791015625,0.5,0.4505491256713867,1.6945087909698486,1.9096450805664062
72803611775,0.5677850842475891,0.2628898620605469,0.5,0.46520137786865234,1.5479862689971924,1.8608055114746094
72807043300,0.5687851309776306,0.2636575698852539,0.5,0.4432229995727539,1.7677700519561768,1.8315010070800781
72809719416,0.5722852945327759,0.2671089172363281,0.5,0.47252750396728516,1.4747250080108643,1.7728939056396484
72812338361,0.5732853412628174,0.26787567138671875,0.5,0.4505491256713867,1.6945087909698486,1.7631263732910156
72814957306,0.5747854113578796,0.2690258026123047,0.5,0.4505491256713867,1.6945087909698486,1.7240543365478516
72817576251,0.5757854580879211,0.2697935104370117,0.5,0.41391944885253906,2.060805559158325,1.7240543365478516
72820195196,0.5767855048179626,0.27094364166259766,0.5,0.4285717010498047,1.914283037185669,1.665445327758789
72822814141,0.5782855749130249,0.2724781036376953,0.5,0.46520137786865234,1.5479862689971924,1.6947498321533203
72825433086,0.5787855982780457,0.2728614807128906,0.5,0.46520137786865234,1.5479862689971924,1.7240543365478516
72828052031,0.5792856216430664,0.27324485778808594,0.5,0.46520137786865234,1.4747250080108643,1.7240543365478516
72830670976,0.5832858085632324,0.27669620513916016,0.5,0.4432229995727539,1.7677700519561768,1.6947498321533203
72833289921,0.5842858552932739,0.2778472900390625,0.5,0.47252750396728516,1.4747250080108643,1.714284896850586
72835908866,0.5847858786582947,0.2782306671142578,0.5,0.47985363006591797,1.4014637470245361,1.7435894012451172
72838527811,0.5857859253883362,0.27899837493896484,0.5,0.45787525177001953,1.6212475299835205,1.75335693359375
72841146756,0.5867859721183777,0.2801485061645508,0.5,0.4505491256713867,1.6945087909698486,1.7338218688964844
72843765701,0.5872859954833984,0.2801485061645508,0.5,0.4285717010498047,1.914283037185669,1.75335693359375
72846384646,0.5887860655784607,0.2812986373901367,0.5,0.3846149444580078,2.3538506031036377,1.75335693359375
72849003591,0.5897861123085022,0.28244972229003906,0.5,0.4358978271484375,1.8410217761993408,1.714284896850586
72851969541,0.5947863459587097,0.2866678237915039,0.5,0.3919410705566406,2.2805893421173096,1.792428970336914
72854935478,0.596286416053772,0.28820228576660156,0.5,0.4358978271484375,1.8410217761993408,1.6947498321533203
72857901415,0.5967864394187927,0.2889690399169922,0.5,0.4505491256713867,1.6945087909698486,1.714284896850586
72860867352,0.598286509513855,0.2901191711425781,0.5,0.47252750396728516,1.4747250080108643,1.7826614379882812
72863833289,0.5987865328788757,0.29088687896728516,0.5,0.47985363006591797,1.4014637470245361,1.7826614379882812
72866799226,0.5997865796089172,0.29127025604248047,0.5,0.4358978271484375,1.8410217761993408,1.8119659423828125
72869765163,0.6007866263389587,0.2920370101928711,0.5,0.3846149444580078,2.3538506031036377,1.8315010070800781
72872731100,0.6017866730690002,0.29318714141845703,0.5,0.4212455749511719,1.987544298171997,1.8021984100341797
72875620425,0.6052868366241455,0.29625511169433594,0.5,0.4432229995727539,1.7677700519561768,1.8705730438232422
72878509750,0.6057868599891663,0.29663848876953125,0.5,0.40659332275390625,2.1340668201446533,1.8705730438232422
72881399075,0.6067869067192078,0.2974061965942383,0.5,0.3919410705566406,2.2805893421173096,1.8803424835205078
72884288400,0.60828697681427,0.2985563278198242,0.5,0.4285717010498047,1.914283037185669,1.8608055114746094
72887177725,0.6097870469093323,0.3000907897949219,0.5,0.4285717010498047,1.914283037185669,1.8705730438232422
72890067050,0.6107870936393738,0.3012409210205078,0.5,0.46520137786865234,1.5479862689971924,1.9194145202636719
72892956375,0.6117871403694153,0.30200767517089844,0.5,0.45787525177001953,1.6212475299835205,1.8901100158691406
72895845700,0.6132872104644775,0.3031587600708008,0.5,0.39926719665527344,2.2073280811309814,1.8608055114746094
72899240416,0.6202875375747681,0.3092947006225586,0.5,0.4358978271484375,1.8410217761993408,1.8315010070800781
72902123394,0.6207875609397888,0.3096780776977539,0.5,0.45787525177001953,1.6212475299835205,1.792428970336914
72905006372,0.6217876076698303,0.31082820892333984,0.5,0.45787525177001953,1.6212475299835205,1.7631263732910156
72907889350,0.6222876310348511,0.31121158599853516,0.5,0.45787525177001953,1.6212475299835205,1.792428970336914
72910772328,0.6237877011299133,0.3127460479736328,0.5,0.47252750396728516,1.4747250080108643,1.792428970336914
72913655306,0.6242877244949341,0.3131294250488281,0.5,0.4432229995727539,1.7677700519561768,1.75335693359375
72916538284,0.6252877712249756,0.31389617919921875,0.5,0.40659332275390625,2.1340668201446533,1.7435894012451172
72919421262,0.6262878179550171,0.3146629333496094,0.5,0.4285717010498047,1.914283037185669,1.7728939056396484
72922304240,0.6297879815101624,0.3181142807006836,0.5,0.45787525177001953,1.6212475299835205,1.75335693359375
72925187218,0.6312880516052246,0.31926536560058594,0.5,0.4212455749511719,1.987544298171997,1.7338218688964844
72928070196,0.6317880749702454,0.31964874267578125,0.5,0.4212455749511719,1.987544298171997,1.7728939056396484
72930953174,0.6327881217002869,0.3204154968261719,0.5,0.4358978271484375,1.8410217761993408,1.792428970336914
72933836152,0.6332881450653076,0.3207988739013672,0.5,0.4285717010498047,1.914283037185669,1.7631263732910156
72936719130,0.6342881917953491,0.32194995880126953,0.5,0.4358978271484375,1.8410217761993408,1.714284896850586
72939602108,0.6347882151603699,0.32233333587646484,0.5,0.4505491256713867,1.6945087909698486,1.75335693359375
72942485086,0.6352882385253906,0.32310009002685547,0.5,0.4871797561645508,1.328202486038208,1.7826614379882812
72945077691,0.6392884254455566,0.3261680603027344,0.5,0.4285717010498047,1.914283037185669,1.7631263732910156
72947670278,0.6402884721755981,0.326934814453125,0.5,0.41391944885253906,2.060805559158325,1.6947498321533203
72950262865,0.6417885422706604,0.32846927642822266,0.5,0.45787525177001953,1.6212475299835205,1.792428970336914
72952855452,0.6422885656356812,0.3292360305786133,0.5,0.46520137786865234,1.5479862689971924,1.7826614379882812
72955448039,0.6432886123657227,0.3300027847290039,0.5,0.4432229995727539,1.7677700519561768,1.7826614379882812
72958040626,0.6447886824607849,0.33115386962890625,0.5,0.4432229995727539,1.7677700519561768,1.8803424835205078
72960633213,0.6452887058258057,0.33153724670410156,0.5,0.4285717010498047,1.914283037185669,1.8608055114746094
72963225800,0.6467887759208679,0.3330707550048828,0.5,0.4212455749511719,1.987544298171997,1.7631263732910156
72965871925,0.6512889862060547,0.33690643310546875,0.5,0.4212455749511719,1.987544298171997,1.9096450805664062
72968541350,0.6522890329360962,0.3376731872558594,0.5,0.40659332275390625,2.1340668201446533,1.8510379791259766
72971210775,0.6532890796661377,0.33843994140625,0.5,0.4212455749511719,1.987544298171997,1.8705730438232422
72973880200,0.6537891030311584,0.3392066955566406,0.5,0.4505491256713867,1.6945087909698486,1.9194145202636719
72976549625,0.6547891497612,0.33997535705566406,0.5,0.4358978271484375,1.8410217761993408,1.9487171173095703
72979219050,0.6557891964912415,0.3407421112060547,0.5,0.3919410705566406,2.2805893421173096,1.8705730438232422
72981888475,0.656789243221283,0.3415088653564453,0.5,0.4358978271484375,1.8410217761993408,1.8901100158691406
72984557900,0.6572892665863037,0.3418922424316406,0.5,0.4432229995727539,1.7677700519561768,1.9194145202636719
72987227325,0.6622895002365112,0.3461112976074219,0.5,0.40659332275390625,2.1340668201446533,1.8510379791259766
72989896750,0.662789523601532,0.3468780517578125,0.5,0.4285717010498047,1.914283037185669,1.8608055114746094
72992566175,0.6637895703315735,0.3476448059082031,0.5,0.4358978271484375,1.8410217761993408,1.9096450805664062
72995235600,0.6642895936965942,0.34802818298339844,0.5,0.4212455749511719,1.987544298171997,1.8998775482177734
72997905025,0.6657896637916565,0.3495626449584961,0.5,0.4432229995727539,1.7677700519561768,1.8217334747314453
73000574450,0.6662896871566772,0.3499460220336914,0.5,0.46520137786865234,1.5479862689971924,1.8510379791259766
73003243875,0.6677897572517395,0.35109615325927734,0.5,0.4358978271484375,1.8410217761993408,1.8608055114746094
73005913300,0.6682897806167603,0.35147953033447266,0.5,0.4285717010498047,1.914283037185669,1.8315010070800781
73008846100,0.6737900376319885,0.35646533966064453,0.5,0.4432229995727539,1.7677700519561768,1.8217334747314453
73011465440,0.67479008436203,0.35723209381103516,0.5,0.4432229995727539,1.7677700519561768,1.7728939056396484
73014084780,0.6752901077270508,0.3579988479614258,0.5,0.4505491256713867,1.6945087909698486,1.7826614379882812
73016704120,0.6762901544570923,0.3587665557861328,0.5,0.4432229995727539,1.7677700519561768,1.8412704467773438
73019323460,0.676790177822113,0.3591499328613281,0.5,0.41391944885253906,2.060805559158325,1.8315010070800781
73021942800,0.6777902245521545,0.35991668701171875,0.5,0.41391944885253906,2.060805559158325,1.75335693359375
73024562140,0.678790271282196,0.3610668182373047,0.5,0.47985363006591797,1.4014637470245361,1.7728939056396484
73027181480,0.6802903413772583,0.36221790313720703,0.5,0.4505491256713867,1.6945087909698486,1.7240543365478516
73029800820,0.6837905049324036,0.36528587341308594,0.5,0.39926719665527344,2.2073280811309814,1.6947498321533203
73032420160,0.6842905282974243,0.36566925048828125,0.5,0.40659332275390625,2.1340668201446533,1.6849822998046875
73035039500,0.6857905983924866,0.3672027587890625,0.5,0.4505491256713867,1.6945087909698486,1.7435894012451172
73037658840,0.6867906451225281,0.36797046661376953,0.5,0.4432229995727539,1.7677700519561768,1.6947498321533203
73040278180,0.6872906684875488,0.36873722076416016,0.5,0.45787525177001953,1.6212475299835205,1.7045173645019531
73042897520,0.6882907152175903,0.3695039749145508,0.5,0.46520137786865234,1.5479862689971924,1.7826614379882812
73045516860,0.6887907385826111,0.3698873519897461,0.5,0.4285717010498047,1.914283037185669,1.8021984100341797
73048136200,0.6892907619476318,0.3702707290649414,0.5,0.4212455749511719,1.987544298171997,1.7826614379882812
73051023366,0.6922909021377563,0.372955322265625,0.5,0.41391944885253906,2.060805559158325,1.8119659423828125
73053910528,0.6927909255027771,0.3733386993408203,0.5,0.39926719665527344,2.2073280811309814,1.7728939056396484
73056797690,0.6937909722328186,0.37448978424072266,0.5,0.4505491256713867,1.6945087909698486,1.7826614379882812
73059684852,0.6957910656929016,0.3760232925415039,0.5,0.41391944885253906,2.060805559158325,1.8217334747314453
73062572014,0.6962910890579224,0.3764066696166992,0.5,0.4212455749511719,1.987544298171997,1.8021984100341797
73065459176,0.6972911357879639,0.37755775451660156,0.5,0.45787525177001953,1.6212475299835205,1.8901100158691406
73068346338,0.6987912058830261,0.3783245086669922,0.5,0.41391944885253906,2.060805559158325,1.8803424835205078
73071233500,0.7007912993431091,0.38024234771728516,0.5,0.4358978271484375,1.8410217761993408,1.8608055114746094
73073879941,0.7057915329933167,0.3848438262939453,0.5,0.40659332275390625,2.1340668201446533,1.8803424835205078
73076526378,0.7062915563583374,0.3852272033691406,0.5,0.4285717010498047,1.914283037185669,1.8705730438232422
73079172815,0.7077916264533997,0.38637828826904297,0.5,0.40659332275390625,2.1340668201446533,1.9291820526123047
73081819252,0.7082916498184204,0.3867616653442383,0.5,0.3846149444580078,2.3538506031036377,1.9096450805664062
73084465689,0.7087916731834412,0.3871450424194336,0.5,0.3919410705566406,2.2805893421173096,1.8803424835205078
73087112126,0.7097917199134827,0.38829517364501953,0.5,0.46520137786865234,1.5479862689971924,1.8901100158691406
73089758563,0.7107917666435242,0.38906288146972656,0.5,0.4505491256713867,1.6945087909698486,1.9389495849609375
73092405000,0.7117918133735657,0.3898296356201172,0.5,0.4432229995727539,1.7677700519561768,1.8998775482177734
73095434875,0.7147919535636902,0.39213085174560547,0.5,0.3626375198364258,2.573624849319458,1.8998775482177734
73098464750,0.7157920002937317,0.3932809829711914,0.5,0.4212455749511719,1.987544298171997,1.8608055114746094
73101494625,0.7167920470237732,0.39443111419677734,0.5,0.4505491256713867,1.6945087909698486,1.8901100158691406
73104524500,0.7182921171188354,0.3955821990966797,0.5,0.4505491256713867,1.6945087909698486,1.8608055114746094
73107554375,0.719292163848877,0.3967323303222656,0.5,0.47252750396728516,1.4747250080108643,1.8705730438232422
73110584250,0.7217922806739807,0.3986501693725586,0.5,0.40659332275390625,2.1340668201446533,1.8021984100341797
73113614125,0.7222923040390015,0.3990335464477539,0.5,0.4505491256713867,1.6945087909698486,1.7826614379882812
73116644000,0.723292350769043,0.39980030059814453,0.5,0.4505491256713867,1.6945087909698486,1.7826614379882812
73120736675,0.7327927947044373,0.40862178802490234,0.5,0.45787525177001953,1.6212475299835205,1.8021984100341797
73124829350,0.733292818069458,0.40900516510009766,0.5,0.4432229995727539,1.7677700519561768,1.792428970336914
73128922025,0.7342928647994995,0.4101552963256836,0.5,0.47985363006591797,1.4014637470245361,1.75335693359375
73133014700,0.7357929348945618,0.41130638122558594,0.5,0.41391944885253906,2.060805559158325,1.7631263732910156
73137107375,0.7367929816246033,0.41207313537597656,0.5,0.39926719665527344,2.2073280811309814,1.7240543365478516
73141200050,0.7377930283546448,0.4128398895263672,0.5,0.4432229995727539,1.7677700519561768,1.714284896850586
73145292725,0.739293098449707,0.41437435150146484,0.5,0.4285717010498047,1.914283037185669,1.7826614379882812
73149385400,0.7397931218147278,0.41475772857666016,0.5,0.41391944885253906,2.060805559158325,1.7826614379882812
73151695125,0.743293285369873,0.41782569885253906,0.5,0.4358978271484375,1.8410217761993408,1.792428970336914
73154004850,0.7437933087348938,0.4185924530029297,0.5,0.4505491256713867,1.6945087909698486,1.7826614379882812
73156314575,0.745293378829956,0.4193592071533203,0.5,0.39926719665527344,2.2073280811309814,1.7826614379882812
73158624300,0.7457934021949768,0.42012691497802734,0.5,0.41391944885253906,2.060805559158325,1.7826614379882812
73160934025,0.7467934489250183,0.42089366912841797,0.5,0.46520137786865234,1.5479862689971924,1.75335693359375
73163243750,0.7472934722900391,0.4216604232788086,0.5,0.47252750396728516,1.4747250080108643,1.7631263732910156
73165553475,0.7482935190200806,0.4224271774291992,0.5,0.4432229995727539,1.7677700519561768,1.8119659423828125
73167863200,0.7487935423851013,0.42281150817871094,0.5,0.4358978271484375,1.8410217761993408,1.8119659423828125
73170913766,0.7542937994003296,0.4274129867553711,0.5,0.4505491256713867,1.6945087909698486,1.8705730438232422
73173964328,0.7552938461303711,0.42856311798095703,0.5,0.45787525177001953,1.6212475299835205,1.9096450805664062
73177014890,0.7567939162254333,0.4297142028808594,0.5,0.45787525177001953,1.6212475299835205,1.9291820526123047
73180065452,0.7577939629554749,0.4300975799560547,0.5,0.3626375198364258,2.573624849319458,1.9487171173095703
73183116014,0.7587940096855164,0.4308643341064453,0.5,0.35531139373779297,2.646886110305786,1.9389495849609375
73186166576,0.7597940564155579,0.43201541900634766,0.5,0.4212455749511719,1.987544298171997,1.9096450805664062
73189217138,0.7602940797805786,0.4327821731567383,0.5,0.45787525177001953,1.6212475299835205,1.9194145202636719
73192267700,0.7612941265106201,0.4335489273071289,0.5,0.4212455749511719,1.987544298171997,1.9194145202636719
73194731191,0.7647942900657654,0.4362335205078125,0.5,0.39926719665527344,2.2073280811309814,1.9291820526123047
73197092664,0.7657943367958069,0.43738365173339844,0.5,0.40659332275390625,2.1340668201446533,1.8510379791259766
73199454137,0.7667943835258484,0.43815135955810547,0.5,0.4285717010498047,1.914283037185669,1.8315010070800781
73201815610,0.7672944068908691,0.4385347366333008,0.5,0.4285717010498047,1.914283037185669,1.8217334747314453
73204177083,0.7682944536209106,0.4396848678588867,0.5,0.45787525177001953,1.6212475299835205,1.792428970336914
73206538556,0.7687944769859314,0.44045162200927734,0.5,0.5164833068847656,1.0351669788360596,1.7728939056396484
73208900029,0.7697945237159729,0.4412193298339844,0.5,0.47252750396728516,1.4747250080108643,1.792428970336914
73211261502,0.7712945938110352,0.4423694610595703,0.5,0.4358978271484375,1.8410217761993408,1.792428970336914
73213622975,0.7747947573661804,0.4454374313354492,0.5,0.4505491256713867,1.6945087909698486,1.6849822998046875
73215984448,0.7752947807312012,0.44620418548583984,0.5,0.47252750396728516,1.4747250080108643,1.6752128601074219
73218345921,0.7762948274612427,0.44697093963623047,0.5,0.4432229995727539,1.7677700519561768,1.7045173645019531
73220707394,0.7772948741912842,0.4481220245361328,0.5,0.45787525177001953,1.6212475299835205,1.7435894012451172
73223068867,0.7777948975563049,0.4485054016113281,0.5,0.47985363006591797,1.4014637470245361,1.7338218688964844
73225430340,0.7782949209213257,0.44888877868652344,0.5,0.46520137786865234,1.5479862689971924,1.7435894012451172
73227791813,0.7797949910163879,0.4500389099121094,0.5,0.4285717010498047,1.914283037185669,1.7728939056396484
73230153286,0.7802950143814087,0.4504222869873047,0.5,0.4212455749511719,1.987544298171997,1.7631263732910156
73233441950,0.785795271396637,0.45540809631347656,0.5,0.4505491256713867,1.6945087909698486,1.792428970336914
73236730600,0.7867953181266785,0.4565582275390625,0.5,0.45787525177001953,1.6212475299835205,1.7728939056396484
73240019250,0.7882953882217407,0.45770931243896484,0.5,0.4285717010498047,1.914283037185669,1.7338218688964844
73243307900,0.7892954349517822,0.45847606658935547,0.5,0.39926719665527344,2.2073280811309814,1.7338218688964844
73246596550,0.789795458316803,0.4588594436645508,0.5,0.41391944885253906,2.060805559158325,1.714284896850586
73249885200,0.791795551776886,0.46077728271484375,0.5,0.47252750396728516,1.4747250080108643,1.7435894012451172
73253173850,0.7927955985069275,0.4619274139404297,0.5,0.46520137786865234,1.5479862689971924,1.7631263732910156
73256462500,0.793795645236969,0.4626941680908203,0.5,0.46520137786865234,1.5479862689971924,1.75335693359375
73259452950,0.797795832157135,0.46614742279052734,0.5,0.4358978271484375,1.8410217761993408,1.8119659423828125
73262443400,0.7987958788871765,0.46691417694091797,0.5,0.4505491256713867,1.6945087909698486,1.8803424835205078
73265433850,0.7992959022521973,0.4672975540161133,0.5,0.46520137786865234,1.4747250080108643,1.8998775482177734
73268424300,0.8002959489822388,0.4684476852416992,0.5,0.46520137786865234,1.5479862689971924,1.9096450805664062
73271414750,0.8012959957122803,0.46883106231689453,0.5,0.40659332275390625,2.1340668201446533,1.9389495849609375
73274405200,0.801796019077301,0.46921539306640625,0.5,0.35531139373779297,2.646886110305786,1.9389495849609375
73277395650,0.8032960891723633,0.4703655242919922,0.5,0.3846149444580078,2.3538506031036377,1.9096450805664062
73280386100,0.8042961359024048,0.4715156555175781,0.5,0.4358978271484375,1.8410217761993408,1.9194145202636719
73283538741,0.8107964396476746,0.4772682189941406,0.5,0.41391944885253906,2.060805559158325,1.8998775482177734
73286691378,0.8122965097427368,0.47841930389404297,0.5,0.47252750396728516,1.4747250080108643,1.9291820526123047
73289844015,0.8132965564727783,0.4795694351196289,0.5,0.4945058822631836,1.2549412250518799,1.9291820526123047
73292996652,0.8142966032028198,0.48033618927001953,0.5,0.4358978271484375,1.8410217761993408,1.958486557006836
73296149289,0.8157966732978821,0.48110294342041016,0.5,0.3772897720336914,2.4271023273468018,1.8803424835205078
73299301926,0.8162966966629028,0.4814872741699219,0.5,0.3772897720336914,2.4271023273468018,1.8412704467773438
73302454563,0.8172967433929443,0.4826374053955078,0.5,0.4358978271484375,1.8410217761993408,1.8510379791259766
73305607200,0.8182967901229858,0.48378753662109375,0.5,0.45787525177001953,1.6212475299835205,1.8705730438232422
73308134391,0.8212969303131104,0.48608875274658203,0.5,0.4432229995727539,1.7677700519561768,1.8998775482177734
73310661578,0.8222969770431519,0.48723888397216797,0.5,0.41391944885253906,2.060805559158325,1.8119659423828125
73313188765,0.8232970237731934,0.488006591796875,0.5,0.4212455749511719,1.987544298171997,1.8217334747314453
73315715952,0.8242970705032349,0.4887733459472656,0.5,0.4212455749511719,1.987544298171997,1.8315010070800781
73318243139,0.8247970938682556,0.48915672302246094,0.5,0.41391944885253906,2.060805559158325,1.8315010070800781
73320770326,0.8267971873283386,0.4910745620727539,0.5,0.45787525177001953,1.6212475299835205,1.8510379791259766
73323297513,0.8272972106933594,0.4914579391479492,0.5,0.4285717010498047,1.914283037185669,1.8705730438232422
73325824700,0.8282972574234009,0.49222469329833984,0.5,0.41391944885253906,2.060805559158325,1.8315010070800781
73328293866,0.8322974443435669,0.4960594177246094,0.5,0.4358978271484375,1.8410217761993408,1.8510379791259766
73330763028,0.8332974910736084,0.4968271255493164,0.5,0.4358978271484375,1.8410217761993408,1.8901100158691406
73333232190,0.8342975378036499,0.49759387969970703,0.5,0.4212455749511719,1.987544298171997,1.8998775482177734
73335701352,0.8347975611686707,0.49797725677490234,0.5,0.4212455749511719,1.987544298171997,1.8705730438232422
73338170514,0.8357976078987122,0.4991273880004883,0.5,0.46520137786865234,1.5479862689971924,1.8803424835205078
73340639676,0.8367976546287537,0.4998950958251953,0.5,0.4432229995727539,1.7677700519561768,1.9194145202636719
73343108838,0.8372976779937744,0.5002784729003906,0.5,0.4212455749511719,1.987544298171997,1.9096450805664062
73345578000,0.8382977247238159,0.5010452270507812,0.5,0.39926719665527344,2.2073280811309814,1.8412704467773438
73349922341,0.8467981219291687,0.508331298828125,0.5,0.3919410705566406,2.2805893421173096,1.9487171173095703
73354266678,0.848298192024231,0.5094823837280273,0.5,0.41391944885253906,2.060805559158325,1.8901100158691406
73358611015,0.8487982153892517,0.510249137878418,0.5,0.4432229995727539,1.7677700519561768,1.9096450805664062
73362955352,0.850298285484314,0.5113992691040039,0.5,0.41391944885253906,2.060805559158325,1.99755859375
73367299689,0.8512983322143555,0.5121669769287109,0.5,0.4505491256713867,1.6945087909698486,1.99755859375
73371644026,0.852298378944397,0.5129337310791016,0.5,0.4358978271484375,1.8410217761993408,2.0170936584472656
73375988363,0.8532984256744385,0.5137004852294922,0.5,0.3699636459350586,2.50036358833313,2.046398162841797
73380332700,0.8547984957695007,0.5148506164550781,0.5,0.3772897720336914,2.4271023273468018,1.9682540893554688
73382998091,0.8587986826896667,0.5186862945556641,0.5,0.4505491256713867,1.6945087909698486,2.036630630493164
73385663478,0.8592987060546875,0.5190696716308594,0.5,0.4285717010498047,1.914283037185669,2.0561656951904297
73388328865,0.860298752784729,0.5194530487060547,0.5,0.34065914154052734,2.7934086322784424,2.0170936584472656
73390994252,0.862298846244812,0.5213708877563477,0.5,0.4505491256713867,1.6945087909698486,1.958486557006836
73393659639,0.8632988929748535,0.5225210189819336,0.5,0.4432229995727539,1.7677700519561768,1.99755859375
73396325026,0.8637989163398743,0.5229043960571289,0.5,0.4358978271484375,1.8410217761993408,1.9877891540527344
73398990413,0.8652989864349365,0.5244388580322266,0.5,0.45787525177001953,1.6212475299835205,2.007326126098633
73401655800,0.8657990097999573,0.5244388580322266,0.5,0.4285717010498047,1.914283037185669,2.0268611907958984
73404100941,0.8697991967201233,0.5278911590576172,0.5,0.41391944885253906,2.060805559158325,1.9682540893554688
73406667998,0.870299220085144,0.5282745361328125,0.5,0.4358978271484375,1.8410217761993408,1.958486557006836
73409235055,0.8712992668151855,0.5294246673583984,0.5,0.46520137786865234,1.5479862689971924,1.958486557006836
73411802112,0.872299313545227,0.5298080444335938,0.5,0.4285717010498047,1.914283037185669,1.99755859375
73414369169,0.8732993602752686,0.5305757522583008,0.5,0.3846149444580078,2.3538506031036377,1.9682540893554688
73416936226,0.8742994070053101,0.5317258834838867,0.5,0.40659332275390625,2.1340668201446533,1.9194145202636719
73419503283,0.8747994303703308,0.532109260559082,0.5,0.4505491256713867,1.6945087909698486,1.9194145202636719
73422070340,0.8757994771003723,0.5328760147094727,0.5,0.4212455749511719,1.987544298171997,1.958486557006836
73424637397,0.8797996640205383,0.5363273620605469,0.5,0.40659332275390625,2.1340668201446533,1.8705730438232422
73427204454,0.8807997107505798,0.5374784469604492,0.5,0.4505491256713867,1.6945087909698486,1.8412704467773438
73429771511,0.8817997574806213,0.5386285781860352,0.5,0.45787525177001953,1.6212475299835205,1.9096450805664062
73432338568,0.8832998275756836,0.5397796630859375,0.5,0.40659332275390625,2.1340668201446533,1.8705730438232422
73434905625,0.8842998743057251,0.5405464172363281,0.5,0.4505491256713867,1.6945087909698486,1.8510379791259766
73437472682,0.8847998976707458,0.5409297943115234,0.5,0.4358978271484375,1.8410217761993408,1.8705730438232422
73440039739,0.8857999444007874,0.5416965484619141,0.5,0.3919410705566406,2.2805893421173096,1.8705730438232422
73442606796,0.8862999677658081,0.5420799255371094,0.5,0.39926719665527344,2.2073280811309814,1.8510379791259766
73445101400,0.8898001313209534,0.5451478958129883,0.5,0.4358978271484375,1.8410217761993408,1.9096450805664062
73447596000,0.8908001780509949,0.5462989807128906,0.5,0.4285717010498047,1.914283037185669,1.8998775482177734
73450090600,0.8918002247810364,0.5466823577880859,0.5,0.3919410705566406,2.2805893421173096,1.9291820526123047
73452585200,0.8933002948760986,0.5482158660888672,0.5,0.41391944885253906,2.060805559158325,1.8901100158691406
73455079800,0.8938003182411194,0.5485992431640625,0.5,0.4358978271484375,1.8410217761993408,1.8998775482177734
73457574400,0.8947904706001282,0.5493669509887695,0.5,0.4358978271484375,1.8410217761993408,1.9682540893554688
73460069000,0.8952805995941162,0.5501337051391602,0.5,0.4358978271484375,1.8410217761993408,1.9780216217041016
73462563600,0.8967509865760803,0.5512838363647461,0.5,0.4505491256713867,1.6945087909698486,1.9682540893554688
73466020141,0.9040392637252808,0.5574197769165039,0.5,0.41391944885253906,2.060805559158325,2.075702667236328
73469476678,0.9045187830924988,0.5574197769165039,0.5,0.35531139373779297,2.646886110305786,2.075702667236328
73472933215,0.9054778218269348,0.5581874847412109,0.5,0.33333301544189453,2.8666698932647705,2.036630630493164
73476389752,0.9059573411941528,0.5585708618164062,0.5,0.35531139373779297,2.646886110305786,2.0268611907958984
73479846289,0.9073958992958069,0.5601043701171875,0.5,0.4358978271484375,1.8410217761993408,2.036630630493164
73483302826,0.9083019495010376,0.5612554550170898,0.5,0.4432229995727539,1.7677700519561768,2.0659332275390625
73486759363,0.909155011177063,0.5624055862426758,0.5,0.47985363006591797,1.4014637470245361,2.0561656951904297
73490215900,0.9095815420150757,0.5627889633178711,0.5,0.46520137786865234,1.5479862689971924,2.075702667236328
73492662250,0.9129937887191772,0.56585693359375,0.5,0.4358978271484375,1.8410217761993408,1.99755859375
73495108600,0.9134203195571899,0.5662403106689453,0.5,0.4212455749511719,1.987544298171997,2.0268611907958984
73497554950,0.9141513705253601,0.5673913955688477,0.5,0.47252750396728516,1.4747250080108643,2.036630630493164
73500001300,0.9144558906555176,0.567774772644043,0.5,0.4871797561645508,1.328202486038208,2.0268611907958984
73502447650,0.91536945104599,0.5685415267944336,0.5,0.41391944885253906,2.060805559158325,2.036630630493164
73504894000,0.9156739711761475,0.5689249038696289,0.5,0.3846149444580078,2.3538506031036377,2.0268611907958984
73507340350,0.9162830114364624,0.5700750350952148,0.5,0.3772897720336914,2.4271023273468018,1.958486557006836
73509786700,0.9168920516967773,0.5708427429199219,0.5,0.4212455749511719,1.987544298171997,1.9291820526123047
73512923675,0.9187729358673096,0.5746774673461914,0.5,0.41391944885253906,2.060805559158325,1.9682540893554688
73516060650,0.91890549659729,0.575444221496582,0.5,0.4212455749511719,1.987544298171997,1.9487171173095703
73519197625,0.919170618057251,0.5762109756469727,0.5,0.4212455749511719,1.987544298171997,1.8803424835205078
73522334600,0.9195683002471924,0.577362060546875,0.5,0.4285717010498047,1.914283037185669,1.9291820526123047
73525471575,0.9199659824371338,0.5788955688476562,0.5,0.4505491256713867,1.6945087909698486,1.8901100158691406
73528608550,0.9201674461364746,0.5792789459228516,0.5,0.40659332275390625,2.1340668201446533,1.8901100158691406
73531745525,0.9204696416854858,0.5808134078979492,0.5,0.40659332275390625,2.1340668201446533,1.9194145202636719
73534882500,0.9206711053848267,0.5815801620483398,0.5,0.4358978271484375,1.8410217761993408,1.8803424835205078
73537490700,0.9216217398643494,0.5857992172241211,0.5,0.3772897720336914,2.4271023273468018,1.9389495849609375
73540098900,0.9218672513961792,0.5873327255249023,0.5,0.4212455749511719,1.987544298171997,1.9291820526123047
73542707100,0.9219490885734558,0.5877161026000977,0.5,0.4505491256713867,1.6945087909698486,1.9487171173095703
73545315300,0.9220309257507324,0.588099479675293,0.5,0.4432229995727539,1.7677700519561768,1.9877891540527344
73547923500,0.9221946001052856,0.5892505645751953,0.5,0.46520137786865234,1.5479862689971924,2.0268611907958984
73550531700,0.9223582744598389,0.5900182723999023,0.5,0.4432229995727539,1.7677700519561768,1.9780216217041016
73553139900,0.9224401116371155,0.5904016494750977,0.5,0.4212455749511719,1.987544298171997,1.958486557006836
73555748100,0.9225219488143921,0.5904016494750977,0.5,0.3846149444580078,2.3538506031036377,1.9682540893554688
73558345491,0.590785026550293,0.5927028656005859,-0.0038356781005859375,0.34065914154052734,-3.444948196411133,0.4835166931152344
73560942878,0.590785026550293,0.5930862426757812,-0.0046024322509765625,0.28937721252441406,-2.9397964477539062,0.17094039916992188
73563540265,0.590785026550293,0.5930862426757812,-0.0046024322509765625,0.20146560668945312,-2.060680389404297,-0.33699607849121094
73566137652,0.590785026550293,0.5927028656005859,-0.0038356781005859375,0.025641441345214844,-0.28710365295410156,-0.9719161987304688
73568735039,0.590785026550293,0.5923194885253906,-0.0030689239501953125,0.010989189147949219,-0.1405811309814453,-1.2161178588867188
73571332426,0.5908252000808716,0.5927028656005859,-0.003755331039428711,0.025641441345214844,-0.29396772384643555,-1.3919410705566406
73573929813,0.590985894203186,0.5942363739013672,-0.006500959396362305,0.1941394805908203,-2.006404399871826,-1.5189247131347656
73576527200,0.5910662412643433,0.5950040817260742,-0.007875680923461914,0.3113555908203125,-3.192312717437744,-1.5677661895751953
73580612600,0.5916269421577454,0.5992221832275391,-0.015190482139587402,0.2673988342285156,-4.025893211364746,-3.589742660522461
73584698000,0.5916890501976013,0.5999889373779297,-0.01659977436065674,0.2967033386230469,-4.333031177520752,-3.6971912384033203
73588783400,0.5917511582374573,0.6007556915283203,-0.018009066581726074,0.3186817169189453,-4.56690788269043,-3.8534793853759766
73592868800,0.601140022277832,0.601140022277832,0,0.3040294647216797,-3.040294647216797,-3.9413909912109375
73596954200,0.601140022277832,0.6015233993530273,-0.000766754150390625,0.28937721252441406,-2.901439666748047,-3.9023189544677734
73601039600,0.601140022277832,0.602290153503418,-0.002300262451171875,0.2527475357055664,-2.550477981567383,-3.7851028442382812
73605125000,0.601140022277832,0.6034402847290039,-0.00460052490234375,0.3040294647216797,-3.0862998962402344,-3.667886734008789
73609210400,0.601140022277832,0.6038236618041992,-0.005367279052734375,0.3260068893432617,-3.313741683959961,-3.6092796325683594
73611738225,0.601140022277832,0.6065082550048828,-0.010736465454101562,0.27472496032714844,-4.054614067077637,-2.9450550079345703
73614266050,0.601140022277832,0.6068916320800781,-0.011503219604492188,0.2673988342285156,-3.989020586013794,-2.8473739624023438
73616793875,0.601140022277832,0.6068916320800781,-0.011503219604492188,0.2454214096069336,-3.7692463397979736,-2.837606430053711
73619321700,0.601140022277832,0.6072759628295898,-0.012271881103515625,0.1794872283935547,-3.117591142654419,-2.925518035888672
73621849525,0.601140022277832,0.6072759628295898,-0.012271881103515625,0.15018272399902344,-2.8245460987091064,-3.1404151916503906
73624377350,0.601140022277832,0.6080427169799805,-0.013805389404296875,0.1794872283935547,-3.1329262256622314,-3.326007843017578
73626905175,0.601140022277832,0.6084260940551758,-0.0145721435546875,0.22344303131103516,-3.5801517963409424,-3.3943824768066406
73629433000,0.601140022277832,0.6088094711303711,-0.015338897705078125,0.2454214096069336,-3.807603120803833,-3.4041519165039062
73631909750,0.601140022277832,0.6091928482055664,-0.016872406005859375,0.1208791732788086,-2.5775158405303955,-3.296703338623047
73634593173,0.601140022277832,0.6095762252807617,-0.016872406005859375,0.1208791732788086,-2.5775158405303955,-3.3162384033203125
73637276596,0.601140022277832,0.609959602355957,-0.01763916015625,0.14285755157470703,-2.804967164993286,-3.296703338623047
73639960019,0.601140022277832,0.6103439331054688,-0.018407821655273438,0.17216110229492188,-3.105689287185669,-3.257631301879883
73642643442,0.601140022277832,0.6107273101806641,-0.019174575805664062,0.1794872283935547,-3.1866180896759033,-3.1990222930908203
73645326865,0.601140022277832,0.6114940643310547,-0.020708084106445312,0.20879077911376953,-3.4949886798858643,-3.0134315490722656
73648010288,0.601140022277832,0.6114940643310547,-0.020708084106445312,0.16483497619628906,-3.0554306507110596,-3.0134315490722656
73650693711,0.601140022277832,0.6114940643310547,-0.020708084106445312,0.13553142547607422,-2.762395143508911,-3.0134315490722656
73653377134,0.601140022277832,0.6126441955566406,-0.023008346557617188,0.09890079498291016,-2.4190914630889893,-2.661783218383789
73656060557,0.601140022277832,0.6126441955566406,-0.023008346557617188,0.09890079498291016,-2.4190914630889893,-2.5934066772460938
73658743980,0.601140022277832,0.6126441955566406,-0.023008346557617188,0.09157466888427734,-2.345830202102661,-2.5738697052001953
73661427403,0.601140022277832,0.6134119033813477,-0.02454376220703125,0.1208791732788086,-2.6542294025421143,-2.5347976684570312
73664110826,0.601140022277832,0.6134119033813477,-0.02454376220703125,0.11355304718017578,-2.580968141555786,-2.5152626037597656
73666794249,0.601140022277832,0.613795280456543,-0.025310516357421875,0.11355304718017578,-2.5886356830596924,-2.495725631713867
73669477672,0.601140022277832,0.613795280456543,-0.025310516357421875,0.09890079498291016,-2.442113161087036,-2.4859580993652344
73672161095,0.601140022277832,0.613795280456543,-0.025310516357421875,0.08424949645996094,-2.295600175857544,-2.4859580993652344
73675521541,0.601140022277832,0.6141786575317383,-0.0260772705078125,0.04029273986816406,-1.8637001514434814,-2.241758346557617
73678881978,0.601140022277832,0.6145620346069336,-0.026844024658203125,0.025641441345214844,-1.7248547077178955,-2.1538467407226562
73682242415,0.601140022277832,0.6145620346069336,-0.026844024658203125,0.047618865966796875,-1.9446289539337158,-2.114774703979492
73685602852,0.601140022277832,0.6145620346069336,-0.026844024658203125,0.025641441345214844,-1.7248547077178955,-1.958486557006836
73688963289,0.601140022277832,0.6145620346069336,-0.026844024658203125,0.01831531524658203,-1.6515934467315674,-1.8803424835205078
73692323726,0.601140022277832,0.6145620346069336,-0.026844024658203125,0.010989189147949219,-1.5783321857452393,-1.8217334747314453
73695684163,0.601140022277832,0.6145620346069336,-0.026844024658203125,0.0036630630493164062,-1.5050709247589111,-1.7631263732910156
73699044600,0.601140022277832,0.6145620346069336,-0.026844024658203125,0.0036630630493164062,-1.5050709247589111,-1.7435894012451172
73702518325,0.601140022277832,0.6145620346069336,-0.026844024658203125,-0.01831531524658203,-1.2852871417999268,-1.4798526763916016
73705478430,0.601140022277832,0.6145620346069336,-0.026844024658203125,0.0036630630493164062,-1.5050709247589111,-1.4505500793457031
73708438535,0.601140022277832,0.6145620346069336,-0.026844024658203125,-0.0036630630493164062,-1.431809663772583,-1.4505500793457031
73711398640,0.601140022277832,0.6145620346069336,-0.026844024658203125,-0.0036630630493164062,-1.431809663772583,-1.4505500793457031
73714358745,0.601140022277832,0.6145620346069336,-0.026844024658203125,-0.0036630630493164062,-1.431809663772583,-1.4407806396484375
73717318850,0.601140022277832,0.6145620346069336,-0.026844024658203125,-0.0036630630493164062,-1.431809663772583,-1.4407806396484375
73720278955,0.601140022277832,0.6145620346069336,-0.026844024658203125,-0.0036630630493164062,-1.431809663772583,-1.4407806396484375
73723239060,0.601140022277832,0.6145620346069336,-0.026844024658203125,-0.0036630630493164062,-1.431809663772583,-1.4310131072998047
73726199165,0.601140022277832,0.6145620346069336,-0.026844024658203125,-0.010989189147949219,-1.3585484027862549,-1.411478042602539
73729159270,0.601140022277832,0.6145620346069336,-0.026844024658203125,-0.01831531524658203,-1.2852871417999268,-1.3919410705566406
73732119375,0.601140022277832,0.6145620346069336,-0.026844024658203125,-0.025641441345214844,-1.2120258808135986,-1.372406005859375
73735079480,0.601140022277832,0.6145620346069336,-0.026844024658203125,-0.0036630630493164062,-1.431809663772583,-1.3431015014648438
73738039585,0.601140022277832,0.6145620346069336,-0.026844024658203125,-0.010989189147949219,-1.3585484027862549,-1.3431015014648438
73740999690,0.601140022277832,0.6145620346069336,-0.026844024658203125,-0.010989189147949219,-1.3585484027862549,-1.3431015014648438
73743959795,0.601140022277832,0.6141786575317383,-0.0260772705078125,-0.025641441345214844,-1.2043583393096924,-1.3528690338134766
73746919900,0.601140022277832,0.6141786575317383,-0.0260772705078125,-0.010989189147949219,-1.3508808612823486,-1.3528690338134766
73749466166,0.601140022277832,0.6141786575317383,-0.0260772705078125,-0.01831531524658203,-1.2776196002960205,-1.3528690338134766
73752012428,0.601140022277832,0.6141786575317383,-0.0260772705078125,-0.010989189147949219,-1.3508808612823486,-1.333333969116211
73754558690,0.601140022277832,0.6141786575317383,-0.0260772705078125,-0.0036630630493164062,-1.4241421222686768,-1.3235645294189453
73757104952,0.601140022277832,0.6141786575317383,-0.0260772705078125,0.0036630630493164062,-1.4974033832550049,-1.3235645294189453
73759651214,0.601140022277832,0.6141786575317383,-0.0260772705078125,-0.010989189147949219,-1.3508808612823486,-1.3431015014648438
73762197476,0.601140022277832,0.6141786575317383,-0.0260772705078125,-0.01831531524658203,-1.2776196002960205,-1.3626365661621094
73764743738,0.601140022277832,0.6141786575317383,-0.0260772705078125,-0.0036630630493164062,-1.4241421222686768,-1.372406005859375
73767290000,0.601140022277832,0.6141786575317383,-0.0260772705078125,-0.0036630630493164062,-1.4241421222686768,-1.3821735382080078
73770957900,0.601140022277832,0.6141786575317383,-0.0260772705078125,0.010989189147949219,-1.570664644241333,-1.3821735382080078
73774625800,0.601140022277832,0.6141786575317383,-0.0260772705078125,-0.0036630630493164062,-1.4241421222686768,-1.3919410705566406
73778293700,0.601140022277832,0.6141786575317383,-0.0260772705078125,-0.010989189147949219,-1.3508808612823486,-1.4017086029052734
73781961600,0.601140022277832,0.6141786575317383,-0.0260772705078125,-0.010989189147949219,-1.3508808612823486,-1.411478042602539
73785629500,0.601140022277832,0.6141786575317383,-0.0260772705078125,0.010989189147949219,-1.570664644241333,-1.411478042602539
73789297400,0.601140022277832,0.6141786575317383,-0.0260772705078125,-0.01831531524658203,-1.2776196002960205,-1.4212455749511719
73792965300,0.601140022277832,0.6141786575317383,-0.0260772705078125,-0.0036630630493164062,-1.4241421222686768,-1.4310131072998047
73796633200,0.601140022277832,0.6141786575317383,-0.0260772705078125,0.0036630630493164062,-1.4974033832550049,-1.4212455749511719
73799424091,0.601140022277832,0.6141786575317383,-0.0260772705078125,0.0036630630493164062,-1.4974033832550049,-1.411478042602539
73802214978,0.601140022277832,0.6141786575317383,-0.0260772705078125,-0.010989189147949219,-1.3508808612823486,-1.4212455749511719
73805005865,0.601140022277832,0.6141786575317383,-0.0260772705078125,-0.0036630630493164062,-1.4241421222686768,-1.4310131072998047
73807796752,0.601140022277832,0.6141786575317383,-0.0260772705078125,-0.010989189147949219,-1.3508808612823486,-1.4212455749511719
73810587639,0.601140022277832,0.6141786575317383,-0.0260772705078125,-0.0036630630493164062,-1.4241421222686768,-1.411478042602539
73813378526,0.601140022277832,0.6141786575317383,-0.0260772705078125,0.010989189147949219,-1.570664644241333,-1.411478042602539
73816169413,0.601140022277832,0.6141786575317383,-0.0260772705078125,-0.01831531524658203,-1.2776196002960205,-1.4212455749511719
73818960300,0.601140022277832,0.6141786575317383,-0.0260772705078125,-0.0036630630493164062,-1.4241421222686768,-1.4407806396484375
73822400666,0.601140022277832,0.6141786575317383,-0.0260772705078125,-0.010989189147949219,-1.3508808612823486,-1.4310131072998047
73825489594,0.601140022277832,0.6141786575317383,-0.0260772705078125,-0.010989189147949219,-1.3508808612823486,-1.4310131072998047
73828578522,0.601140022277832,0.6141786575317383,-0.0260772705078125,-0.010989189147949219,-1.3508808612823486,-1.4212455749511719
73831667450,0.601140022277832,0.6141786575317383,-0.0260772705078125,-0.0036630630493164062,-1.4241421222686768,-1.4212455749511719
73834756378,0.601140022277832,0.6141786575317383,-0.0260772705078125,-0.0036630630493164062,-1.4241421222686768,-1.4212455749511719
73837845306,0.601140022277832,0.6141786575317383,-0.0260772705078125,0.010989189147949219,-1.570664644241333,-1.411478042602539
73840934234,0.601140022277832,0.6141786575317383,-0.0260772705078125,0.0036630630493164062,-1.4974033832550049,-1.411478042602539
73844023162,0.601140022277832,0.6141786575317383,-0.0260772705078125,0.01831531524658203,-1.6439259052276611,-1.4212455749511719
73847112090,0.601140022277832,0.6141786575317383,-0.0260772705078125,-0.0036630630493164062,-1.4241421222686768,-1.460317611694336
73850201018,0.601140022277832,0.6141786575317383,-0.0260772705078125,-0.0036630630493164062,-1.4241421222686768,-1.4407806396484375
73853289946,0.601140022277832,0.6141786575317383,-0.0260772705078125,-0.0036630630493164062,-1.4241421222686768,-1.4310131072998047
73856378874,0.601140022277832,0.6141786575317383,-0.0260772705078125,-0.0036630630493164062,-1.4241421222686768,-1.4310131072998047
73859467802,0.601140022277832,0.6141786575317383,-0.0260772705078125,-0.0036630630493164062,-1.4241421222686768,-1.411478042602539
73862556730,0.601140022277832,0.6141786575317383,-0.0260772705078125,-0.010989189147949219,-1.3508808612823486,-1.4212455749511719
73865645658,0.601140022277832,0.6141786575317383,-0.0260772705078125,-0.0036630630493164062,-1.4241421222686768,-1.411478042602539
73868734586,0.601140022277832,0.6141786575317383,-0.0260772705078125,-0.010989189147949219,-1.3508808612823486,-1.4212455749511719
73871133675,0.601140022277832,0.6141786575317383,-0.0260772705078125,-0.0036630630493164062,-1.4241421222686768,-1.4017086029052734
73873532750,0.601140022277832,0.6141786575317383,-0.0260772705078125,-0.010989189147949219,-1.3508808612823486,-1.411478042602539
73875931825,0.601129412651062,0.6141786575317383,-0.02609848976135254,-0.010989189147949219,-1.351093053817749,-1.411478042602539
73878330900,0.601118803024292,0.6141786575317383,-0.026119709014892578,0.0036630630493164062,-1.4978277683258057,-1.411478042602539
73880729975,0.601097583770752,0.6141786575317383,-0.026162147521972656,0.0036630630493164062,-1.4982521533966064,-1.4212455749511719
73883129050,0.6010763645172119,0.6141786575317383,-0.026204586029052734,0.0036630630493164062,-1.4986765384674072,-1.4212455749511719
73885528125,0.6010551452636719,0.6141786575317383,-0.026247024536132812,-0.0036630630493164062,-1.4258396625518799,-1.4212455749511719
73887927200,0.6010339260101318,0.6141786575317383,-0.02628946304321289,0.010989189147949219,-1.572786569595337,-1.4310131072998047
73891041425,0.6009005904197693,0.6141786575317383,-0.02655613422393799,-0.010989189147949219,-1.3556694984436035,-1.4505500793457031
73894155650,0.6008460521697998,0.6141786575317383,-0.026665210723876953,-0.010989189147949219,-1.3567602634429932,-1.4407806396484375
73897269875,0.6007733345031738,0.6141786575317383,-0.026810646057128906,-0.0036630630493164062,-1.4314758777618408,-1.4505500793457031
73900384100,0.6007551550865173,0.6141786575317383,-0.026847004890441895,-0.0036630630493164062,-1.4318394660949707,-1.4505500793457031
73903498325,0.6006096601486206,0.6141786575317383,-0.02713799476623535,-0.0036630630493164062,-1.4347493648529053,-1.4505500793457031
73906612550,0.6005460023880005,0.6141786575317383,-0.027265310287475586,0.0036630630493164062,-1.5092837810516357,-1.4505500793457031
73909726775,0.6004186868667603,0.6141786575317383,-0.027519941329956055,0.0036630630493164062,-1.5118300914764404,-1.460317611694336
73912841000,0.60029137134552,0.6141786575317383,-0.027774572372436523,0.0036630630493164062,-1.5143764019012451,-1.460317611694336
73915544625,0.5999094247817993,0.6141786575317383,-0.02853846549987793,-0.0036630630493164062,-1.448754072189331,-1.460317611694336
73918248250,0.5997366905212402,0.6141786575317383,-0.028883934020996094,-0.0036630630493164062,-1.4522087574005127,-1.4505500793457031
73920951875,0.5996276140213013,0.6141786575317383,-0.029320240020751953,-0.010989189147949219,-1.3833105564117432,-1.4505500793457031
73923655500,0.5991913080215454,0.6141786575317383,-0.029974699020385742,-0.010989189147949219,-1.389855146408081,-1.4407806396484375
73926359125,0.5989731550216675,0.6141786575317383,-0.0304110050201416,0.010989189147949219,-1.614001989364624,-1.4407806396484375
73929062750,0.5987550020217896,0.6141786575317383,-0.03084731101989746,-0.0036630630493164062,-1.4718425273895264,-1.4505500793457031
73931766375,0.5984277725219727,0.6141786575317383,-0.03150177001953125,-0.0036630630493164062,-1.4783871173858643,-1.4700851440429688
73934470000,0.5983186960220337,0.6141786575317383,-0.03171992301940918,-0.0036630630493164062,-1.4805686473846436,-1.4700851440429688
73937552075,0.5960597991943359,0.6141786575317383,-0.03623771667480469,-0.010989189147949219,-1.4524853229522705,-1.4993896484375
73940634150,0.5958719253540039,0.6141786575317383,-0.03661346435546875,-0.010989189147949219,-1.4562427997589111,-1.5091571807861328
73943716225,0.5956840515136719,0.6141786575317383,-0.03698921203613281,-0.010989189147949219,-1.4600002765655518,-1.5091571807861328
73946798300,0.5953083038330078,0.6141786575317383,-0.03774070739746094,-0.0036630630493164062,-1.5407764911651611,-1.4993896484375
73949880375,0.5949325561523438,0.6141786575317383,-0.03849220275878906,-0.010989189147949219,-1.4750301837921143,-1.5189247131347656
73952962450,0.5947446823120117,0.6141786575317383,-0.038867950439453125,-0.01831531524658203,-1.4055263996124268,-1.5286941528320312
73956044525,0.5943689346313477,0.6141786575317383,-0.03961944580078125,0.0036630630493164062,-1.6328251361846924,-1.5286941528320312
73959126600,0.5941810607910156,0.6141786575317383,-0.03999519348144531,0.0036630630493164062,-1.636582612991333,-1.5286941528320312
73961686475,0.592069685459137,0.6141786575317383,-0.04421794414520264,-0.010989189147949219,-1.53228759765625,-1.587301254272461
73964246350,0.5915257334709167,0.6141786575317383,-0.045305848121643066,-0.0036630630493164062,-1.6164278984069824,-1.587301254272461
73966806225,0.5912537574768066,0.6141786575317383,-0.04584980010986328,0.0036630630493164062,-1.6951286792755127,-1.5970687866210938
73969366100,0.5907098054885864,0.6141786575317383,-0.04693770408630371,-0.010989189147949219,-1.5594851970672607,-1.5970687866210938
73971925975,0.5901658535003662,0.6141786575317383,-0.04802560806274414,-0.010989189147949219,-1.570364236831665,-1.6068382263183594
73974485850,0.5893219113349915,0.6141786575317383,-0.04971349239349365,0.0036630630493164062,-1.7337656021118164,-1.6068382263183594
73977045725,0.5890219211578369,0.6141786575317383,-0.050313472747802734,-0.01831531524658203,-1.5199816226959229,-1.6068382263183594
73979605600,0.5884219408035278,0.6141786575317383,-0.0515134334564209,0.0036630630493164062,-1.7517650127410889,-1.6068382263183594
73981797866,0.5866219997406006,0.6141786575317383,-0.05511331558227539,0.0036630630493164062,-1.7877638339996338,-1.6556777954101562
73983990128,0.586322009563446,0.6141786575317383,-0.05571329593658447,-0.010989189147949219,-1.6472411155700684,-1.665445327758789
73986182390,0.585722029209137,0.6141786575317383,-0.05691325664520264,-0.0036630630493164062,-1.7325019836425781,-1.6752128601074219
73988374652,0.5850440263748169,0.6141786575317383,-0.05826926231384277,-0.0036630630493164062,-1.7460620403289795,-1.6947498321533203
73990566914,0.5842880010604858,0.6141786575317383,-0.05978131294250488,-0.0036630630493164062,-1.7611825466156006,-1.6947498321533203
73992759176,0.5839099884033203,0.6141786575317383,-0.06053733825683594,-0.0036630630493164062,-1.7687427997589111,-1.7045173645019531
73994951438,0.5831539630889893,0.6141786575317383,-0.06204938888549805,0.0036630630493164062,-1.8571245670318604,-1.714284896850586
73997143700,0.5827759504318237,0.6141786575317383,-0.0628054141998291,-0.0036630630493164062,-1.7914235591888428,-1.7240543365478516
73999687316,0.580129861831665,0.6141786575317383,-0.06809759140014648,0.0036630630493164062,-1.9176065921783447,-1.75335693359375
74002230928,0.5797041058540344,0.6141786575317383,-0.06894910335540771,0.0036630630493164062,-1.926121711730957,-1.7631263732910156
74004774540,0.578001081943512,0.6141786575317383,-0.07235515117645264,-0.0036630630493164062,-1.8869209289550781,-1.8119659423828125
74007318152,0.5775753259658813,0.6141786575317383,-0.07320666313171387,0.0036630630493164062,-1.9686973094940186,-1.8119659423828125
74009861764,0.5767238140106201,0.6141786575317383,-0.07490968704223633,-0.01831531524658203,-1.7659437656402588,-1.8315010070800781
74012405376,0.5762980580329895,0.6141786575317383,-0.07576119899749756,0.0036630630493164062,-1.9942426681518555,-1.8412704467773438
74014948988,0.5750207901000977,0.6141786575317383,-0.07831573486328125,-0.0036630630493164062,-1.9465267658233643,-1.8705730438232422
74017492600,0.5741692781448364,0.6141786575317383,-0.08001875877380371,-0.0036630630493164062,-1.9635570049285889,-1.8901100158691406
74021046600,0.5709398984909058,0.6141786575317383,-0.08647751808166504,-0.0036630630493164062,-2.028144598007202,-1.9487171173095703
74024600600,0.5700172185897827,0.6141786575317383,-0.08832287788391113,-0.010989189147949219,-1.973336935043335,-1.9682540893554688
74028154600,0.5690945386886597,0.6141786575317383,-0.09016823768615723,-0.01831531524658203,-1.9185292720794678,-1.9877891540527344
74031708600,0.5681718587875366,0.6141786575317383,-0.09201359748840332,0.0036630630493164062,-2.156766653060913,-1.9877891540527344
74035262600,0.5667393207550049,0.6141786575317383,-0.0948786735534668,0.0036630630493164062,-2.185417413711548,-2.007326126098633
74038816600,0.5647969245910645,0.6141786575317383,-0.09876346588134766,-0.01831531524658203,-2.004481554031372,-2.0659332275390625
74042370600,0.5618833303451538,0.613795280456543,-0.10382390022277832,-0.010989189147949219,-2.128347158432007,-2.114774703979492
74045924600,0.5609121322631836,0.6141786575317383,-0.10653305053710938,-0.0036630630493164062,-2.2286999225616455,-2.124542236328125
74050869941,0.5519117116928101,0.6141786575317383,-0.12553393840789795,-0.0036630630493164062,-2.4187088012695312,-2.300365447998047
74055815278,0.549911618232727,0.6141786575317383,-0.12853407859802246,-0.010989189147949219,-2.3754489421844482,-2.329669952392578
74060760615,0.5489115715026855,0.6141786575317383,-0.13053417205810547,0.010989189147949219,-2.6152336597442627,-2.3492069244384766
74065705952,0.5474115014076233,0.613795280456543,-0.13276755809783936,-0.0036630630493164062,-2.4910449981689453,-2.3980464935302734
74070651289,0.5464114546775818,0.6141786575317383,-0.135534405708313,0.0036630630493164062,-2.5919747352600098,-2.417581558227539
74075596626,0.5454114079475403,0.613795280456543,-0.13676774501800537,-0.010989189147949219,-2.4577856063842773,-2.4468860626220703
74080541963,0.543911337852478,0.613795280456543,-0.13976788520812988,-0.010989189147949219,-2.4877870082855225,-2.456653594970703
74085487300,0.5414112210273743,0.613795280456543,-0.1447681188583374,-0.010989189147949219,-2.5377893447875977,-2.495725631713867
74088100774,0.537911057472229,0.613795280456543,-0.15176844596862793,-0.010989189147949219,-2.607792615890503,-2.5641021728515625
74090714245,0.5369110107421875,0.613795280456543,-0.15376853942871094,-0.010989189147949219,-2.627793550491333,-2.583639144897461
74093327716,0.535910964012146,0.613795280456543,-0.15576863288879395,-0.01831531524658203,-2.574533224105835,-2.6031742095947266
74095941187,0.5349109172821045,0.613795280456543,-0.15776872634887695,0.0036630630493164062,-2.8143179416656494,-2.6031742095947266
74098554658,0.533910870552063,0.613795280456543,-0.15976881980895996,-0.01831531524658203,-2.614535093307495,-2.622711181640625
74101168129,0.5329108238220215,0.613795280456543,-0.16176891326904297,-0.0036630630493164062,-2.7810585498809814,-2.632478713989258
74103781600,0.53191077709198,0.613795280456543,-0.16376900672912598,-0.0036630630493164062,-2.8010594844818115,-2.661783218383789
74106743550,0.5289106369018555,0.613795280456543,-0.169769287109375,0.0036630630493164062,-2.93432354927063,-2.7301578521728516
74109705500,0.527910590171814,0.613795280456543,-0.171769380569458,-0.01831531524658203,-2.7345407009124756,-2.759462356567383
74112667450,0.5264105200767517,0.613795280456543,-0.17476952075958252,-0.0036630630493164062,-2.911064624786377,-2.7789993286132812
74115629400,0.5254104733467102,0.613795280456543,-0.17676961421966553,-0.010989189147949219,-2.857804298400879,-2.8083019256591797
74118591350,0.5229103565216064,0.613795280456543,-0.18176984786987305,-0.025641441345214844,-2.761284112930298,-2.8473739624023438
74121553300,0.5224103331565857,0.613795280456543,-0.18276989459991455,0.0036630630493164062,-3.0643296241760254,-2.866910934448242
74124515250,0.5209102630615234,0.613795280456543,-0.18577003479003906,-0.01831531524658203,-2.874547243118286,-2.8962154388427734
74127477200,0.5204102396965027,0.613795280456543,-0.18677008152008057,-0.0036630630493164062,-3.0310702323913574,-2.8962154388427734
74130560766,0.5159100294113159,0.613795280456543,-0.1957705020904541,-0.01831531524658203,-2.9745519161224365,-2.954822540283203
74133427261,0.5149099826812744,0.613795280456543,-0.1977705955505371,-0.01831531524658203,-2.9945528507232666,-2.954822540283203
74136293756,0.5134099125862122,0.6134119033813477,-0.200003981590271,-0.025641441345214844,-2.9436254501342773,-2.9841270446777344
74139160251,0.5129098892211914,0.6134119033813477,-0.2010040283203125,-0.01831531524658203,-3.0268871784210205,-2.9841270446777344
74142026746,0.5119098424911499,0.6134119033813477,-0.2030041217803955,-0.01831531524658203,-3.0468881130218506,-2.993894577026367
74144893241,0.5109097957611084,0.6134119033813477,-0.20500421524047852,-0.01831531524658203,-3.0668890476226807,-3.0134315490722656
74147759736,0.5094097256660461,0.6134119033813477,-0.20800435543060303,-0.010989189147949219,-3.170151710510254,-3.042734146118164
74150626231,0.5079096555709839,0.6134119033813477,-0.21100449562072754,-0.010989189147949219,-3.200153112411499,-3.0720386505126953
74153492726,0.5024093985557556,0.6130275726318359,-0.22123634815216064,-0.04029273986816406,-3.0094361305236816,-3.1404151916503906
74156359221,0.5014093518257141,0.6130275726318359,-0.22323644161224365,-0.01831531524658203,-3.249211311340332,-3.130647659301758
74159225716,0.5009093284606934,0.6130275726318359,-0.22523653507232666,-0.03296661376953125,-3.12269926071167,-3.130647659301758
74162092211,0.49990931153297424,0.6130275726318359,-0.2262365221977234,-0.047618865966796875,-2.9861764907836914,-3.130647659301758
74164958706,0.4994093179702759,0.6130275726318359,-0.22723650932312012,-0.01831531524658203,-3.2892119884490967,-3.130647659301758
74167825201,0.49840933084487915,0.6130275726318359,-0.22923648357391357,-0.025641441345214844,-3.235950469970703,-3.130647659301758
74170691696,0.4979093372821808,0.6130275726318359,-0.2302364706993103,-0.03296661376953125,-3.172698497772217,-3.130647659301758
74173558191,0.49690935015678406,0.6126441955566406,-0.23146969079971313,-0.025641441345214844,-3.258282423019409,-3.1404151916503906
74177303666,0.4894094467163086,0.6122608184814453,-0.24570274353027344,-0.047618865966796875,-3.1808388233184814,-3.257631301879883
74181049128,0.4879094660282135,0.6122608184814453,-0.24870270490646362,-0.04029273986816406,-3.284099817276001,-3.2673988342285156
74184794590,0.4869094789028168,0.6122608184814453,-0.2507026791572571,-0.025641441345214844,-3.4506123065948486,-3.2673988342285156
74188540052,0.4864094853401184,0.6122608184814453,-0.2517026662826538,-0.03296661376953125,-3.3873605728149414,-3.2673988342285156
74192285514,0.4854094982147217,0.61187744140625,-0.25293588638305664,-0.025641441345214844,-3.472944498062134,-3.2771663665771484
74196030976,0.4849095046520233,0.61187744140625,-0.25393587350845337,-0.025641441345214844,-3.4829442501068115,-3.3064708709716797
74199776438,0.4834095239639282,0.61187744140625,-0.25693583488464355,-0.03296661376953125,-3.439692258834839,-3.365079879760742
74203521900,0.48190954327583313,0.61187744140625,-0.25993579626083374,-0.047618865966796875,-3.323169469833374,-3.4041519165039062
74206008775,0.47890958189964294,0.6114940643310547,-0.2651689648628235,-0.04029273986816406,-3.4487621784210205,-3.374847412109375
74208495650,0.47740960121154785,0.6114940643310547,-0.26816892623901367,-0.04029273986816406,-3.478761911392212,-3.4041519165039062
74210982525,0.4769096076488495,0.6114940643310547,-0.2691689133644104,-0.04029273986816406,-3.4887616634368896,-3.413919448852539
74213469400,0.47590962052345276,0.6114940643310547,-0.27116888761520386,-0.03296661376953125,-3.5820229053497314,-3.4334545135498047
74215956275,0.47440963983535767,0.6111106872558594,-0.2734020948410034,-0.047618865966796875,-3.4578323364257812,-3.462759017944336
74218443150,0.4739096462726593,0.6111106872558594,-0.27440208196640015,-0.04029273986816406,-3.541093587875366,-3.462759017944336
74220930025,0.4729096591472626,0.6111106872558594,-0.2764020562171936,-0.05494499206542969,-3.4145705699920654,-3.4725265502929688
74223416900,0.4724096655845642,0.6111106872558594,-0.27740204334259033,-0.06959724426269531,-3.278048038482666,-3.462759017944336
74225565075,0.46890971064567566,0.6103439331054688,-0.2828684449195862,-0.07692337036132812,-3.259450674057007,-3.413919448852539
74227713250,0.4684097170829773,0.6103439331054688,-0.2838684320449829,-0.06959724426269531,-3.342711925506592,-3.4041519165039062
74229861425,0.46790972352027893,0.6103439331054688,-0.28486841917037964,-0.06959724426269531,-3.3527119159698486,-3.3943824768066406
74232009600,0.4669097363948822,0.609959602355957,-0.28609973192214966,-0.10622692108154297,-2.9987282752990723,-3.384614944458008
74234157775,0.4654097557067871,0.609959602355957,-0.28909969329833984,-0.08424949645996094,-3.248502016067505,-3.3455429077148438
74236305950,0.46490976214408875,0.6095762252807617,-0.28933292627334595,-0.09890079498291016,-3.1043214797973633,-3.326007843017578
74238454125,0.4644097685813904,0.6095762252807617,-0.2903329133987427,-0.09157466888427734,-3.187582492828369,-3.326007843017578
74240602300,0.46340978145599365,0.6095762252807617,-0.29233288764953613,-0.08424949645996094,-3.2808339595794678,-3.296703338623047
74243159050,0.46040982007980347,0.6091928482055664,-0.2975660562515259,-0.0622711181640625,-3.5529494285583496,-3.296703338623047
74245634893,0.4599098265171051,0.6091928482055664,-0.2985660433769226,-0.06959724426269531,-3.4896881580352783,-3.3162384033203125
74248110736,0.4589098393917084,0.6088094711303711,-0.29979926347732544,-0.07692337036132812,-3.4287588596343994,-3.374847412109375
74250586579,0.45840984582901,0.6088094711303711,-0.30079925060272217,-0.06959724426269531,-3.5120201110839844,-3.384614944458008
74253062422,0.4569098651409149,0.6088094711303711,-0.30379921197891235,-0.06959724426269531,-3.5420196056365967,-3.4334545135498047
74255538265,0.45640987157821655,0.6088094711303711,-0.3047991991043091,-0.06959724426269531,-3.5520195960998535,-3.4432239532470703
74258014108,0.4554098844528198,0.6084260940551758,-0.3060324192047119,-0.08424949645996094,-3.4178292751312256,-3.452991485595703
74260489951,0.45340991020202637,0.6080427169799805,-0.3092656135559082,-0.07692337036132812,-3.5234224796295166,-3.4725265502929688
74262965794,0.4504099488258362,0.6076593399047852,-0.31449878215789795,-0.09890079498291016,-3.3559799194335938,-3.4334545135498047
74265441637,0.4499099552631378,0.6072759628295898,-0.31473201513290405,-0.10622692108154297,-3.285051107406616,-3.423686981201172
74267917480,0.4489099681377411,0.6068916320800781,-0.3159633278846741,-0.1282052993774414,-3.077580451965332,-3.3943824768066406
74270393323,0.44690999388694763,0.6065082550048828,-0.31919652223587036,-0.09157466888427734,-3.4762184619903564,-3.326007843017578
74272869166,0.44641000032424927,0.6065082550048828,-0.3201965093612671,-0.10622692108154297,-3.339695930480957,-3.3064708709716797
74275345009,0.44541001319885254,0.6065082550048828,-0.32219648361206055,-0.09157466888427734,-3.506218194961548,-3.296703338623047
74277820852,0.4444100260734558,0.6065082550048828,-0.324196457862854,-0.09157466888427734,-3.5262179374694824,-3.3064708709716797
74280296695,0.44391003251075745,0.6061248779296875,-0.3244296908378601,-0.09890079498291016,-3.455289125442505,-3.326007843017578
74283291891,0.44091007113456726,0.6057415008544922,-0.32966285943984985,-0.08424949645996094,-3.6541335582733154,-3.452991485595703
74286287078,0.43941009044647217,0.6053581237792969,-0.3318960666656494,-0.09890079498291016,-3.5299527645111084,-3.4822959899902344
74289282265,0.43841010332107544,0.6049747467041016,-0.33312928676605225,-0.1282052993774414,-3.249239921569824,-3.4725265502929688
74292277452,0.4359101355075836,0.6042079925537109,-0.33659571409225464,-0.16483497619628906,-2.917607307434082,-3.3943824768066406
74295272639,0.4349101483821869,0.6038236618041992,-0.3388270139694214,-0.13553142547607422,-3.2329559326171875,-3.3162384033203125
74298267826,0.43391016125679016,0.6038236618041992,-0.3398270010948181,-0.13553142547607422,-3.2429559230804443,-3.3064708709716797
74301263013,0.43291017413139343,0.6034402847290039,-0.34106022119522095,-0.11355304718017578,-3.475071668624878,-3.2673988342285156
74304258200,0.43241018056869507,0.6034402847290039,-0.3420602083206177,-0.11355304718017578,-3.4850716590881348,-3.2673988342285156
74307770591,0.42541027069091797,0.601140022277832,-0.3514595031738281,-0.16483497619628906,-3.0662453174591064,-3.2673988342285156
74311282978,0.4249102771282196,0.601140022277832,-0.35245949029922485,-0.1794872283935547,-2.929722785949707,-3.24786376953125
74314795365,0.4239102900028229,0.6007556915283203,-0.3536908030509949,-0.15750885009765625,-3.1618194580078125,-3.2380943298339844
74318307752,0.42291030287742615,0.6007556915283203,-0.35569077730178833,-0.14285755157470703,-3.3283321857452393,-3.2283267974853516
74321820139,0.42141032218933105,0.600372314453125,-0.3579239845275879,-0.11355304718017578,-3.643709421157837,-3.2283267974853516
74325332526,0.4204103350639343,0.600372314453125,-0.35992395877838135,-0.13553142547607422,-3.443925380706787,-3.2673988342285156
74328844913,0.4194103479385376,0.5999889373779297,-0.3611571788787842,-0.1282052993774414,-3.5295188426971436,-3.3064708709716797
74332357300,0.4179103672504425,0.5992221832275391,-0.3626236319541931,-0.17216110229492188,-3.1046252250671387,-3.374847412109375
74334460800,0.41441041231155396,0.5980720520019531,-0.36732327938079834,-0.16483497619628906,-3.2248830795288086,-3.2771663665771484
74336708873,0.4134104251861572,0.5980720520019531,-0.3693232536315918,-0.13553142547607422,-3.5379183292388916,-3.257631301879883
74338956946,0.41291043162345886,0.5976877212524414,-0.3695545792579651,-0.13553142547607422,-3.540231466293335,-3.24786376953125
74341205019,0.4124104380607605,0.5976877212524414,-0.3705545663833618,-0.1282052993774414,-3.62349271774292,-3.24786376953125
74343453092,0.41141045093536377,0.5973043441772461,-0.37178778648376465,-0.14285755157470703,-3.489302396774292,-3.24786376953125
74345701165,0.4109104573726654,0.5969209671020508,-0.37202101945877075,-0.15750885009765625,-3.3451216220855713,-3.2673988342285156
74347949238,0.4099104702472687,0.5965375900268555,-0.3732542395591736,-0.1794872283935547,-3.1376700401306152,-3.2771663665771484
74350197311,0.4094104766845703,0.5965375900268555,-0.3742542266845703,-0.20146560668945312,-2.9278862476348877,-3.2673988342285156
74352445384,0.4064105153083801,0.5953874588012695,-0.3779538869857788,-0.1794872283935547,-3.184666633605957,-3.1501827239990234
74354693457,0.4054105281829834,0.5953874588012695,-0.37995386123657227,-0.14285755157470703,-3.570963144302368,-3.1404151916503906
74356941530,0.40441054105758667,0.5950040817260742,-0.3811870813369751,-0.14285755157470703,-3.5832953453063965,-3.1599502563476562
74359189603,0.40341055393218994,0.5946197509765625,-0.3824183940887451,-0.15018272399902344,-3.5223567485809326,-3.1990222930908203
74361437676,0.4029105603694916,0.5942363739013672,-0.3826516270637512,-0.1794872283935547,-3.2316439151763916,-3.208791732788086
74363685749,0.4009105861186981,0.5930862426757812,-0.38435131311416626,-0.2454214096069336,-2.589299201965332,-3.208791732788086
74365933822,0.40041059255599976,0.5927028656005859,-0.38458454608917236,-0.23809528350830078,-2.6648926734924316,-3.1892547607421875
74368181895,0.3999105989933014,0.5927028656005859,-0.3855845332145691,-0.23809528350830078,-2.6748924255371094,-3.1794872283935547
74370421125,0.3959106504917145,0.5915517807006836,-0.39128226041793823,-0.16483497619628906,-3.464473009109497,-3.0915756225585938
74372660350,0.39491066336631775,0.590785026550293,-0.39174872636795044,-0.20146560668945312,-3.1028313636779785,-3.0720386505126953
74374899575,0.3944106698036194,0.5904016494750977,-0.39198195934295654,-0.23809528350830078,-2.7388668060302734,-3.0525035858154297
74377138800,0.39341068267822266,0.5900182723999023,-0.3932151794433594,-0.2673988342285156,-2.4581634998321533,-3.0329666137695312
74379378025,0.3929106891155243,0.5896339416503906,-0.39344650506973267,-0.2600736618041992,-2.53372859954834,-3.0329666137695312
74381617250,0.39191070199012756,0.5896339416503906,-0.3954464793205261,-0.22344303131103516,-2.920034408569336,-3.0622711181640625
74383856475,0.3914107084274292,0.5896339416503906,-0.39644646644592285,-0.1941394805908203,-3.223069906234741,-3.0720386505126953
74386095700,0.39091071486473083,0.5892505645751953,-0.39667969942092896,-0.17216110229492188,-3.445185899734497,-3.0525035858154297
74389109250,0.38641077280044556,0.586949348449707,-0.40107715129852295,-0.28937721252441406,-2.3169994354248047,-3.0525035858154297
74391949146,0.38541078567504883,0.5865659713745117,-0.4023103713989258,-0.23076915740966797,-2.915412187576294,-3.1111106872558594
74394789042,0.3844107985496521,0.5865659713745117,-0.40431034564971924,-0.1941394805908203,-3.301708698272705,-3.1111106872558594
74397628938,0.38341081142425537,0.5861825942993164,-0.40554356575012207,-0.16483497619628906,-3.607085943222046,-3.042734146118164
74400468834,0.3819108307361603,0.5850315093994141,-0.40624135732650757,-0.2454214096069336,-2.808199405670166,-2.9450550079345703
74403308730,0.38091084361076355,0.5846481323242188,-0.4074745774269104,-0.2673988342285156,-2.600757598876953,-2.8962154388427734
74406148626,0.37941086292266846,0.5838813781738281,-0.40894103050231934,-0.2527475357055664,-2.761934995651245,-2.954822540283203
74408988522,0.3789108693599701,0.5838813781738281,-0.40994101762771606,-0.23809528350830078,-2.918457508087158,-2.9841270446777344
74411828418,0.37541091442108154,0.5819635391235352,-0.4131052494049072,-0.2673988342285156,-2.657064199447632,-2.8962154388427734
74414668314,0.3734109401702881,0.5811967849731445,-0.4155716896057129,-0.2600736618041992,-2.7549803256988525,-3.003662109375
74417508210,0.37241095304489136,0.5808134078979492,-0.4168049097061157,-0.22344303131103516,-3.1336188316345215,-3.0622711181640625
74420348106,0.37141096591949463,0.5804300308227539,-0.41803812980651855,-0.1941394805908203,-3.4389865398406982,-2.993894577026367
74423188002,0.37091097235679626,0.5800466537475586,-0.41827136278152466,-0.20146560668945312,-3.3680574893951416,-2.9450550079345703
74426027898,0.36991098523139954,0.5792789459228516,-0.41873592138290405,-0.2673988342285156,-2.7133708000183105,-2.8473739624023438
74428867794,0.3689109981060028,0.5788955688476562,-0.4199691414833069,-0.28205108642578125,-2.5791807174682617,-2.7789993286132812
74431707690,0.3679110109806061,0.5785121917724609,-0.4212023615837097,-0.28205108642578125,-2.591512680053711,-2.876678466796875
74435482641,0.35991111397743225,0.5746774673461914,-0.4295327067375183,-0.1941394805908203,-3.5539324283599854,-2.925518035888672
74439257578,0.35841113328933716,0.5735273361206055,-0.4302324056625366,-0.2673988342285156,-2.828335762023926,-2.710622787475586
74443032515,0.35741114616394043,0.5727596282958984,-0.430696964263916,-0.3113555908203125,-2.393413782119751,-2.710622787475586
74446807452,0.3564111590385437,0.5723762512207031,-0.43193018436431885,-0.3186817169189453,-2.332484722137451,-2.9059829711914062
74450582389,0.355411171913147,0.5719928741455078,-0.4331634044647217,-0.2673988342285156,-2.8576457500457764,-3.003662109375
74454357326,0.35441118478775024,0.5716094970703125,-0.4343966245651245,-0.22344303131103516,-3.3095359802246094,-2.8962154388427734
74458132263,0.3539111912250519,0.5712261199951172,-0.4346298575401306,-0.2454214096069336,-3.0920844078063965,-2.827838897705078
74461907200,0.35291120409965515,0.5704593658447266,-0.4350963234901428,-0.27472496032714844,-2.803713798522949,-2.700855255126953
74464540691,0.34991124272346497,0.5689249038696289,-0.4380273222923279,-0.2673988342285156,-2.906284809112549,-2.9450550079345703
74467174178,0.3484112620353699,0.5681581497192383,-0.4394937753677368,-0.23809528350830078,-3.213984966278076,-2.7301578521728516
74469807665,0.34741127490997314,0.567774772644043,-0.44072699546813965,-0.2673988342285156,-2.933281660079956,-2.632478713989258
74472441152,0.3454113006591797,0.5662403106689453,-0.44165802001953125,-0.33333301544189453,-2.283250093460083,-2.8962154388427734
74475074639,0.3449113070964813,0.56585693359375,-0.4428912401199341,-0.28205108642578125,-2.808401584625244,-2.876678466796875
74477708126,0.3439113199710846,0.5654735565185547,-0.4431244730949402,-0.28205108642578125,-2.8107337951660156,-2.827838897705078
74480341613,0.34341132640838623,0.5650901794433594,-0.4433577060699463,-0.28205108642578125,-2.813066244125366,-2.759462356567383
74482975100,0.3424113392829895,0.5647068023681641,-0.4445909261703491,-0.28937721252441406,-2.7521371841430664,-2.6813182830810547
74485086975,0.3394113779067993,0.5627889633178711,-0.44675517082214355,-0.28205108642578125,-2.847040891647339,-2.759462356567383
74487198850,0.3384113907814026,0.5624055862426758,-0.4479883909225464,-0.27472496032714844,-2.9326343536376953,-2.6520137786865234
74489310725,0.33741140365600586,0.5616388320922852,-0.4484548568725586,-0.28205108642578125,-2.8640377521514893,-2.6422462463378906
74491422600,0.3369114100933075,0.5612554550170898,-0.4486880898475647,-0.3040294647216797,-2.6465864181518555,-2.6813182830810547
74493534475,0.33591142296791077,0.5608711242675781,-0.4499194025993347,-0.3040294647216797,-2.6588993072509766,-2.788766860961914
74495646350,0.3354114294052124,0.5604877471923828,-0.4501526355743408,-0.3186817169189453,-2.514709234237671,-2.8083019256591797
74497758225,0.33491143584251404,0.5601043701171875,-0.4503858685493469,-0.3260068893432617,-2.4437899589538574,-2.788766860961914
74499870100,0.3339114487171173,0.5593376159667969,-0.45085233449935913,-0.3040294647216797,-2.6682286262512207,-2.6813182830810547
74502154825,0.33041149377822876,0.5574197769165039,-0.4540165662765503,-0.3040294647216797,-2.699871063232422,-2.661783218383789
74504502510,0.32941150665283203,0.5566530227661133,-0.4544830322265625,-0.2967033386230469,-2.777796983718872,-2.5250301361083984
74506850195,0.32891151309013367,0.556269645690918,-0.4547162652015686,-0.3113555908203125,-2.6336069107055664,-2.495725631713867
74509197880,0.3274115324020386,0.5555028915405273,-0.45618271827697754,-0.33333301544189453,-2.428497076034546,-2.6031742095947266
74511545565,0.3269115388393402,0.555119514465332,-0.45641595125198364,-0.33333301544189453,-2.4308295249938965,-2.6520137786865234
74513893250,0.32641154527664185,0.5547351837158203,-0.45664727687835693,-0.3260068893432617,-2.5087361335754395,-2.6422462463378906
74516240935,0.3254115581512451,0.554351806640625,-0.45788049697875977,-0.3113555908203125,-2.6652491092681885,-2.6031742095947266
74518588620,0.32491156458854675,0.5539684295654297,-0.45811372995376587,-0.3040294647216797,-2.740842819213867,-2.5543346405029297
74520936305,0.3214116096496582,0.5516672134399414,-0.4605112075805664,-0.3113555908203125,-2.691556215286255,-2.5347976684570312
74523283990,0.32091161608695984,0.5512838363647461,-0.4607444405555725,-0.3040294647216797,-2.7671499252319336,-2.4761905670166016
74525631675,0.3199116289615631,0.5505170822143555,-0.4612109065055847,-0.3040294647216797,-2.7718143463134766,-2.4371185302734375
74527979360,0.3189116418361664,0.5497503280639648,-0.4616773724555969,-0.34065914154052734,-2.410182476043701,-2.5347976684570312
74530327045,0.318411648273468,0.5493669509887695,-0.461910605430603,-0.35531139373779297,-2.2659921646118164,-2.5934066772460938
74532674730,0.3174116611480713,0.5489835739135742,-0.46314382553100586,-0.34798526763916016,-2.351585626602173,-2.5934066772460938
74535022415,0.31641167402267456,0.5482158660888672,-0.46360838413238525,-0.3186817169189453,-2.6492667198181152,-2.505495071411133
74537370100,0.31541168689727783,0.5474491119384766,-0.46407485008239746,-0.34798526763916016,-2.360895872116089,-2.505495071411133
74540087966,0.3099117577075958,0.543614387512207,-0.4674052596092224,-0.34798526763916016,-2.394199848175049,-2.5152626037597656
74542805828,0.30941176414489746,0.543614387512207,-0.46840524673461914,-0.34065914154052734,-2.477461099624634,-2.5250301361083984
74545523690,0.30841177701950073,0.5428476333618164,-0.46887171268463135,-0.3260068893432617,-2.628648281097412,-2.4664230346679688
74548241552,0.307411789894104,0.5420799255371094,-0.46933627128601074,-0.33333301544189453,-2.560032606124878,-2.4664230346679688
74550959414,0.30691179633140564,0.5416965484619141,-0.46956950426101685,-0.3626375198364258,-2.269320011138916,-2.495725631713867
74553677276,0.3059118092060089,0.5409297943115234,-0.47003597021102905,-0.3699636459350586,-2.200723171234131,-2.5543346405029297
74556395138,0.3049118220806122,0.5405464172363281,-0.4712691903114319,-0.3260068893432617,-2.652623176574707,-2.4859580993652344
74559113000,0.3044118285179138,0.5401630401611328,-0.471502423286438,-0.3113555908203125,-2.8014683723449707,-2.4371185302734375
74563142316,0.2959119379520416,0.5344104766845703,-0.4769970774650574,-0.3260068893432617,-2.709901809692383,-2.3589744567871094
74567171628,0.29541194438934326,0.534027099609375,-0.4772303104400635,-0.34798526763916016,-2.492450475692749,-2.3589744567871094
74571200940,0.29441195726394653,0.533259391784668,-0.47769486904144287,-0.3699636459350586,-2.2773122787475586,-2.4468860626220703
74575230252,0.2924119830131531,0.5317258834838867,-0.4786278009414673,-0.34065914154052734,-2.5796866416931152,-2.4468860626220703
74579259564,0.29141199588775635,0.5309591293334961,-0.4790942668914795,-0.3699636459350586,-2.291306257247925,-2.456653594970703
74583288876,0.2904120087623596,0.5301914215087891,-0.4795588254928589,-0.3919410705566406,-2.0761775970458984,-2.495725631713867
74587318188,0.2889120280742645,0.5294246673583984,-0.4810252785682678,-0.3260068893432617,-2.7501840591430664,-2.3589744567871094
74591347500,0.28841203451156616,0.5290412902832031,-0.4812585115432739,-0.33333301544189453,-2.6792550086975098,-2.3199024200439453
74593825266,0.285412073135376,0.5267391204833984,-0.4826540946960449,-0.3626375198364258,-2.4001657962799072,-2.4371185302734375
74596303028,0.28441208600997925,0.5259723663330078,-0.48312056064605713,-0.3626375198364258,-2.4048304557800293,-2.3980464935302734
74598780790,0.2839120924472809,0.5255889892578125,-0.48335379362106323,-0.3772897720336914,-2.2606401443481445,-2.417581558227539
74601258552,0.28291210532188416,0.5248222351074219,-0.48382025957107544,-0.3846149444580078,-2.1920533180236816,-2.4761905670166016
74603736314,0.2819121181964874,0.5244388580322266,-0.48505347967147827,-0.34798526763916016,-2.5706820487976074,-2.4468860626220703
74606214076,0.28041213750839233,0.5232877731323242,-0.48575127124786377,-0.34798526763916016,-2.577660083770752,-2.3101348876953125
74608691838,0.2794121503829956,0.5221376419067383,-0.48545098304748535,-0.3919410705566406,-2.135099172592163,-2.378509521484375
74611169600,0.2784121632575989,0.5213708877563477,-0.48591744899749756,-0.3919410705566406,-2.139763832092285,-2.456653594970703
74614620591,0.27291223406791687,0.5175352096557617,-0.4892459511756897,-0.3699636459350586,-2.3928232192993164,-2.2710628509521484
74617630671,0.2709122598171234,0.5160017013549805,-0.4901788830757141,-0.3919410705566406,-2.1823782920837402,-2.3980464935302734
74620640751,0.27041226625442505,0.5156183242797852,-0.4904121160507202,-0.3626375198364258,-2.47774600982666,-2.368741989135742
74623650831,0.2684122920036316,0.5140838623046875,-0.4913431406021118,-0.41391944885253906,-1.9742369651794434,-2.3492069244384766
74626660911,0.26741230487823486,0.5133171081542969,-0.491809606552124,-0.3919410705566406,-2.19868540763855,-2.368741989135742
74629670991,0.2669123113155365,0.5129337310791016,-0.49227607250213623,-0.35531139373779297,-2.5696468353271484,-2.261293411254883
74632681071,0.2654123306274414,0.5117826461791992,-0.4927406311035156,-0.3846149444580078,-2.281256914138794,-2.202686309814453
74635691151,0.2644123435020447,0.5110158920288086,-0.49320709705352783,-0.41391944885253906,-1.9928765296936035,-2.290597915649414
74638701231,0.2614123821258545,0.508331298828125,-0.493837833404541,-0.40659332275390625,-2.0724451541900635,-2.241758346557617
74641711311,0.26091238856315613,0.5079479217529297,-0.4940710663795471,-0.4212455749511719,-1.9282549619674683,-2.2808303833007812
74644721391,0.2599124014377594,0.5075645446777344,-0.49530428647994995,-0.3772897720336914,-2.3801450729370117,-2.2710628509521484
74647731471,0.25941240787506104,0.5071811676025391,-0.49553751945495605,-0.3699636459350586,-2.4557387828826904,-2.2222213745117188
74650741551,0.2574124336242676,0.5052633285522461,-0.49570178985595703,-0.41391944885253906,-2.0178234577178955,-2.2319908142089844
74653751631,0.25641244649887085,0.5048799514770508,-0.49693500995635986,-0.39926719665527344,-2.17667818069458,-2.2710628509521484
74656761711,0.2554124593734741,0.5041131973266602,-0.49740147590637207,-0.3772897720336914,-2.4011170864105225,-2.2222213745117188
74659771791,0.25391247868537903,0.5025787353515625,-0.49733251333236694,-0.4358978271484375,-1.8143469095230103,-2.290597915649414
74662152616,0.25091251730918884,0.5002784729003906,-0.49873191118240356,-0.41391944885253906,-2.0481247901916504,-2.1538467407226562
74664533428,0.24991253018379211,0.4995107650756836,-0.49919646978378296,-0.39926719665527344,-2.201625108718872,-2.2319908142089844
74666914240,0.24891254305839539,0.49874401092529297,-0.49966293573379517,-0.3846149444580078,-2.350480079650879,-2.202686309814453
74669295052,0.24791255593299866,0.49797725677490234,-0.5,-0.41391944885253906,-2.060805559158325,-2.173381805419922
74671675864,0.2474125623703003,0.49759387969970703,-0.5,-0.40659332275390625,-2.1340668201446533,-2.212453842163086
74674056676,0.24641257524490356,0.4968271255493164,-0.5,-0.39926719665527344,-2.2073280811309814,-2.2710628509521484
74676437488,0.24541258811950684,0.4960594177246094,-0.5,-0.3772897720336914,-2.4271023273468018,-2.1831493377685547
74678818300,0.2444126009941101,0.49529266357421875,-0.5,-0.40659332275390625,-2.1340668201446533,-2.1050052642822266
74682762691,0.23591271042823792,0.4883899688720703,-0.5,-0.4212455749511719,-1.987544298171997,-2.1831493377685547
74686707078,0.2349127233028412,0.4876232147216797,-0.5,-0.40659332275390625,-2.1340668201446533,-2.114774703979492
74690651465,0.2334127426147461,0.48647212982177734,-0.5,-0.40659332275390625,-2.1340668201446533,-2.1538467407226562
74694595852,0.23291274905204773,0.4857053756713867,-0.5,-0.40659332275390625,-2.1340668201446533,-2.1831493377685547
74698540239,0.23141276836395264,0.4849386215209961,-0.5,-0.3846149444580078,-2.3538506031036377,-2.114774703979492
74702484626,0.23091277480125427,0.48417091369628906,-0.5,-0.3919410705566406,-2.2805893421173096,-2.085470199584961
74706429013,0.22941279411315918,0.4830207824707031,-0.5,-0.4212455749511719,-1.987544298171997,-2.1831493377685547
74710373400,0.22891280055046082,0.4826374053955078,-0.5,-0.41391944885253906,-2.060805559158325,-2.212453842163086
74713694266,0.22441285848617554,0.4791860580444336,-0.5,-0.3846149444580078,-2.3538506031036377,-2.0952377319335938
74717015128,0.22391286492347717,0.4788026809692383,-0.5,-0.40659332275390625,-2.1340668201446533,-2.085470199584961
74720335990,0.22191289067268372,0.4772682189941406,-0.5,-0.40659332275390625,-2.1340668201446533,-2.1831493377685547
74723656852,0.220912903547287,0.4761180877685547,-0.5,-0.3919410705566406,-2.2805893421173096,-2.1050052642822266
74726977714,0.21891292929649353,0.47458362579345703,-0.5,-0.4358978271484375,-1.8410217761993408,-2.173381805419922
74730298576,0.21841293573379517,0.4742002487182617,-0.5,-0.41391944885253906,-2.060805559158325,-2.1538467407226562
74733619438,0.2174152135848999,0.4734334945678711,-0.5,-0.40659332275390625,-2.1340668201446533,-2.036630630493164
74736940300,0.2154242992401123,0.4715156555175781,-0.5,-0.40659332275390625,-2.1340668201446533,-2.0952377319335938
74739800750,0.211940199136734,0.4684476852416992,-0.5,-0.4358978271484375,-1.8410217761993408,-2.085470199584961
74742348000,0.2114424705505371,0.4684476852416992,-0.5,-0.4212455749511719,-1.987544298171997,-2.046398162841797
74744895250,0.21045079827308655,0.4672975540161133,-0.5,-0.40659332275390625,-2.1340668201446533,-1.958486557006836
74747442500,0.20946291089057922,0.46653079986572266,-0.5,-0.41391944885253906,-2.060805559158325,-1.99755859375
74749989750,0.2084750235080719,0.4657630920410156,-0.5,-0.4285717010498047,-1.914283037185669,-2.0268611907958984
74752537000,0.20748713612556458,0.464996337890625,-0.5,-0.41391944885253906,-2.060805559158325,-1.9487171173095703
74755084250,0.20501741766929626,0.4626941680908203,-0.5,-0.4285717010498047,-1.914283037185669,-2.0170936584472656
74757631500,0.20402953028678894,0.4619274139404297,-0.5,-0.40659332275390625,-2.1340668201446533,-1.9389495849609375
74760178750,0.2001931369304657,0.45847606658935547,-0.5,-0.4358978271484375,-1.8410217761993408,-1.958486557006836
74762726000,0.1997135877609253,0.45809268951416016,-0.5,-0.4432229995727539,-1.7677700519561768,-1.99755859375
74765273250,0.19875448942184448,0.45732593536376953,-0.5,-0.4212455749511719,-1.987544298171997,-1.9682540893554688
74767820500,0.19827494025230408,0.4569425582885742,-0.5,-0.41391944885253906,-2.060805559158325,-1.8998775482177734
74770367750,0.19731584191322327,0.4561748504638672,-0.5,-0.4212455749511719,-1.987544298171997,-1.8412704467773438
74772915000,0.1968453824520111,0.45540809631347656,-0.5,-0.4358978271484375,-1.8410217761993408,-1.8705730438232422
74775462250,0.1959044635295868,0.45464134216308594,-0.5,-0.45787525177001953,-1.6212475299835205,-1.9389495849609375
74778009500,0.19543400406837463,0.4542579650878906,-0.5,-0.4358978271484375,-1.8410217761993408,-1.9096450805664062
74780860600,0.19167032837867737,0.4508066177368164,-0.5,-0.41391944885253906,-2.060805559158325,-1.8217334747314453
74783711700,0.1911998689174652,0.4504222869873047,-0.5,-0.41391944885253906,-2.060805559158325,-1.8217334747314453
74786562800,0.19026879966259003,0.44965553283691406,-0.5,-0.4505491256713867,-1.6945087909698486,-1.9096450805664062
74789413900,0.189808189868927,0.44888877868652344,-0.5,-0.4432229995727539,-1.7677700519561768,-1.9194145202636719
74792265000,0.18842636048793793,0.4477386474609375,-0.5,-0.4212455749511719,-1.987544298171997,-1.8803424835205078
74795116100,0.1879657506942749,0.4473552703857422,-0.5,-0.4358978271484375,-1.8410217761993408,-1.9291820526123047
74797967200,0.18704453110694885,0.44658756256103516,-0.5,-0.4432229995727539,-1.7677700519561768,-1.9780216217041016
74800818300,0.18474148213863373,0.4442873001098633,-0.5,-0.4358978271484375,-1.8410217761993408,-1.8901100158691406
74804279525,0.17797023057937622,0.43815135955810547,-0.5,-0.4285717010498047,-1.914283037185669,-1.99755859375
74807740750,0.1770884096622467,0.43738365173339844,-0.5,-0.40659332275390625,-2.1340668201446533,-1.9194145202636719
74811201975,0.17664749920368195,0.4370002746582031,-0.5,-0.40659332275390625,-2.1340668201446533,-1.8998775482177734
74814663200,0.17576567828655243,0.4358501434326172,-0.5,-0.45787525177001953,-1.6212475299835205,-1.9682540893554688
74818124425,0.1748838573694229,0.43508338928222656,-0.5,-0.4505491256713867,-1.6945087909698486,-1.958486557006836
74821585650,0.17444294691085815,0.43469905853271484,-0.5,-0.4212455749511719,-1.987544298171997,-1.9096450805664062
74825046875,0.17356112599372864,0.4339323043823242,-0.5,-0.4285717010498047,-1.914283037185669,-1.8705730438232422
74828508100,0.17223839461803436,0.43239879608154297,-0.5,-0.4358978271484375,-1.8410217761993408,-1.9487171173095703
74831007075,0.16920655965805054,0.4297142028808594,-0.5,-0.4432229995727539,-1.7677700519561768,-1.9194145202636719
74833506050,0.16834291815757751,0.42894744873046875,-0.5,-0.39926719665527344,-2.2073280811309814,-1.8412704467773438
74836005025,0.1674792766571045,0.4277963638305664,-0.5,-0.4432229995727539,-1.7677700519561768,-1.8998775482177734
74838504000,0.16661563515663147,0.4270296096801758,-0.5,-0.4285717010498047,-1.914283037185669,-1.9389495849609375
74841002975,0.16575199365615845,0.42626285552978516,-0.5,-0.40659332275390625,-2.1340668201446533,-1.8510379791259766
74843501950,0.1648959219455719,0.4251117706298828,-0.5,-0.4505491256713867,-1.6945087909698486,-1.8901100158691406
74846000925,0.16446788609027863,0.4247283935546875,-0.5,-0.46520137786865234,-1.5479862689971924,-1.9194145202636719
74848499900,0.16361181437969208,0.4239616394042969,-0.5,-0.4432229995727539,-1.7677700519561768,-1.8998775482177734
74851664266,0.16104359924793243,0.4212770462036133,-0.5,-0.4432229995727539,-1.7677700519561768,-1.8998775482177734
74854828628,0.15934130549430847,0.4193592071533203,-0.5,-0.45787525177001953,-1.6212475299835205,-1.8705730438232422
74857992990,0.15808674693107605,0.4185924530029297,-0.5,-0.41391944885253906,-2.060805559158325,-1.8705730438232422
74861157352,0.15725037455558777,0.41744232177734375,-0.5,-0.41391944885253906,-2.060805559158325,-1.7826614379882812
74864321714,0.15683218836784363,0.4166755676269531,-0.5,-0.4505491256713867,-1.6945087909698486,-1.792428970336914
74867486076,0.1555776298046112,0.4155244827270508,-0.5,-0.45787525177001953,-1.6212475299835205,-1.8412704467773438
74870650438,0.15432307124137878,0.41437435150146484,-0.5,-0.4432229995727539,-1.7677700519561768,-1.792428970336914
74873814800,0.15307608246803284,0.4132232666015625,-0.5,-0.4358978271484375,-1.8410217761993408,-1.8217334747314453
74876533866,0.1497608721256256,0.40938854217529297,-0.5,-0.4212455749511719,-1.987544298171997,-1.7631263732910156
74879252928,0.1493464708328247,0.40900516510009766,-0.5,-0.4432229995727539,-1.7677700519561768,-1.7728939056396484
74881971990,0.14768962562084198,0.4074716567993164,-0.5,-0.41391944885253906,-2.060805559158325,-1.8217334747314453
74884691052,0.14686234295368195,0.4067039489746094,-0.5,-0.40659332275390625,-2.1340668201446533,-1.7338218688964844
74887410114,0.14644870162010193,0.40593719482421875,-0.5,-0.4432229995727539,-1.7677700519561768,-1.7435894012451172
74890129176,0.1456214189529419,0.4051704406738281,-0.5,-0.4505491256713867,-1.6945087909698486,-1.8412704467773438
74892848238,0.14479413628578186,0.4044036865234375,-0.5,-0.4212455749511719,-1.987544298171997,-1.8119659423828125
74895567300,0.14438049495220184,0.40363597869873047,-0.5,-0.4285717010498047,-1.914283037185669,-1.8021984100341797
74898782200,0.14025548100471497,0.3994169235229492,-0.5,-0.4432229995727539,-1.7677700519561768,-1.8901100158691406
74901997100,0.13861003518104553,0.39749908447265625,-0.5,-0.46520137786865234,-1.5479862689971924,-1.8510379791259766
74905212000,0.13737595081329346,0.3967323303222656,-0.5,-0.4358978271484375,-1.8410217761993408,-1.8998775482177734
74908426900,0.13655322790145874,0.3955821990966797,-0.5,-0.4212455749511719,-1.987544298171997,-1.8119659423828125
74911641800,0.1361411064863205,0.3951988220214844,-0.5,-0.4212455749511719,-1.987544298171997,-1.792428970336914
74914856700,0.13490474224090576,0.39404773712158203,-0.5,-0.4432229995727539,-1.7677700519561768,-1.8705730438232422
74918071600,0.13408049941062927,0.3932809829711914,-0.5,-0.40659332275390625,-2.1340668201446533,-1.8217334747314453
74921286500,0.13366837799549103,0.3925142288208008,-0.5,-0.4285717010498047,-1.914283037185669,-1.8119659423828125
74924709175,0.12871532142162323,0.3875284194946289,-0.5,-0.40659332275390625,-2.1340668201446533,-1.8510379791259766
74928131850,0.1283016800880432,0.3871450424194336,-0.5,-0.4358978271484375,-1.7677700519561768,-1.8803424835205078
74931554525,0.12747439742088318,0.38599491119384766,-0.5,-0.46520137786865234,-1.5479862689971924,-1.9194145202636719
74934977200,0.1258198320865631,0.38446044921875,-0.5,-0.4358978271484375,-1.8410217761993408,-1.8119659423828125
74938399875,0.1254061907529831,0.3836936950683594,-0.5,-0.45787525177001953,-1.6212475299835205,-1.8021984100341797
74941822550,0.12499255686998367,0.3836936950683594,-0.5,-0.47252750396728516,-1.4747250080108643,-1.8315010070800781
74945245225,0.12291302531957626,0.3813924789428711,-0.5,-0.4358978271484375,-1.8410217761993408,-1.792428970336914
74948667900,0.1220812126994133,0.38062572479248047,-0.5,-0.4505491256713867,-1.6945087909698486,-1.8705730438232422
74951485291,0.11958577483892441,0.3779411315917969,-0.5,-0.46520137786865234,-1.5479862689971924,-1.792428970336914
74954302678,0.11833501607179642,0.3764066696166992,-0.5,-0.4358978271484375,-1.8410217761993408,-1.7826614379882812
74957120065,0.11750016361474991,0.3756399154663086,-0.5,-0.47985363006591797,-1.4014637470245361,-1.8021984100341797
74959937452,0.1166653111577034,0.37487316131591797,-0.5,-0.4358978271484375,-1.8410217761993408,-1.8315010070800781
74962754839,0.11583045870065689,0.37410640716552734,-0.5,-0.39926719665527344,-2.2073280811309814,-1.7631263732910156
74965572226,0.11416075378656387,0.3721885681152344,-0.5,-0.45787525177001953,-1.6212475299835205,-1.7728939056396484
74968389613,0.11374332755804062,0.37180519104003906,-0.5,-0.4358978271484375,-1.8410217761993408,-1.7826614379882812
74971207000,0.1129031777381897,0.3706550598144531,-0.5,-0.4358978271484375,-1.8410217761993408,-1.7435894012451172
74973962316,0.10952132940292358,0.3672027587890625,-0.5,-0.47985363006591797,-1.4014637470245361,-1.7435894012451172
74976717628,0.10825313627719879,0.36605262756347656,-0.5,-0.4285717010498047,-1.914283037185669,-1.792428970336914
74979472940,0.10740767419338226,0.3649024963378906,-0.5,-0.4505491256713867,-1.6945087909698486,-1.75335693359375
74982228252,0.10655312240123749,0.3641347885131836,-0.5,-0.47985363006591797,-1.4014637470245361,-1.792428970336914
74984983564,0.10569857060909271,0.36336803436279297,-0.5,-0.41391944885253906,-2.060805559158325,-1.8021984100341797
74987738876,0.10484401881694794,0.36260128021240234,-0.5,-0.4358978271484375,-1.8410217761993408,-1.7435894012451172
74990494188,0.10398946702480316,0.3614511489868164,-0.5,-0.45787525177001953,-1.6212475299835205,-1.7631263732910156
74993249500,0.10356219112873077,0.3610668182373047,-0.5,-0.45787525177001953,-1.6212475299835205,-1.792428970336914
74996446100,0.10056217014789581,0.3579988479614258,-0.5,-0.4432229995727539,-1.7677700519561768,-1.8021984100341797
74999642700,0.09969852864742279,0.35723209381103516,-0.5,-0.4358978271484375,-1.8410217761993408,-1.7435894012451172
75002839300,0.09883488714694977,0.3560819625854492,-0.5,-0.4505491256713867,-1.6945087909698486,-1.7435894012451172
75006035900,0.09840306639671326,0.3556985855102539,-0.5,-0.4505491256713867,-1.6945087909698486,-1.7728939056396484
75009232500,0.09753942489624023,0.3553152084350586,-0.5,-0.39926719665527344,-2.2073280811309814,-1.8021984100341797
75012429100,0.0962439626455307,0.3533973693847656,-0.5,-0.45787525177001953,-1.6212475299835205,-1.7728939056396484
75015625700,0.09450758993625641,0.35186290740966797,-0.5,-0.41391944885253906,-2.060805559158325,-1.8412704467773438
75018822300,0.0931984931230545,0.35071277618408203,-0.5,-0.4505491256713867,-1.6945087909698486,-1.8217334747314453
75021020325,0.08970756828784943,0.3472614288330078,-0.5,-0.4358978271484375,-1.8410217761993408,-1.9194145202636719
75023218350,0.08882953226566315,0.3464946746826172,-0.5,-0.4212455749511719,-1.987544298171997,-1.8803424835205078
75025416375,0.0883878618478775,0.3461112976074219,-0.5,-0.4358978271484375,-1.8410217761993408,-1.8412704467773438
75027614400,0.08750452101230621,0.34496021270751953,-0.5,-0.4505491256713867,-1.6945087909698486,-1.8021984100341797
75029812425,0.08706285059452057,0.3445768356323242,-0.5,-0.4285717010498047,-1.914283037185669,-1.8217334747314453
75032010450,0.08617950975894928,0.3438100814819336,-0.5,-0.41391944885253906,-2.060805559158325,-1.8412704467773438
75034208475,0.08529616892337799,0.34265899658203125,-0.5,-0.45787525177001953,-1.6212475299835205,-1.8412704467773438
75036406500,0.08485449850559235,0.34227561950683594,-0.5,-0.47252750396728516,-1.4747250080108643,-1.8608055114746094
75039841716,0.07773323357105255,0.3353719711303711,-0.5,-0.4212455749511719,-1.987544298171997,-1.8217334747314453
75043276928,0.07728701829910278,0.3349885940551758,-0.5,-0.4285717010498047,-1.914283037185669,-1.7728939056396484
75046712140,0.07638853043317795,0.33422183990478516,-0.5,-0.4358978271484375,-1.8410217761993408,-1.7045173645019531
75050147352,0.07548398524522781,0.3334541320800781,-0.5,-0.4358978271484375,-1.8410217761993408,-1.75335693359375
75053582564,0.07503171265125275,0.3326873779296875,-0.5,-0.4285717010498047,-1.914283037185669,-1.7826614379882812
75057017776,0.07412716746330261,0.3319206237792969,-0.5,-0.47985363006591797,-1.4014637470245361,-1.7728939056396484
75060452988,0.07322262227535248,0.33115386962890625,-0.5,-0.4285717010498047,-1.914283037185669,-1.8119659423828125
75063888200,0.07231807708740234,0.3303861618041992,-0.5,-0.4285717010498047,-1.914283037185669,-1.8315010070800781
75066338991,0.06915216892957687,0.326934814453125,-0.5,-0.4505491256713867,-1.6945087909698486,-1.792428970336914
75068956418,0.06824762374162674,0.3261680603027344,-0.5,-0.47985363006591797,-1.4014637470245361,-1.75335693359375
75071573845,0.06779535114765167,0.32578468322753906,-0.5,-0.45787525177001953,-1.6212475299835205,-1.75335693359375
75074191272,0.06689080595970154,0.32501792907714844,-0.5,-0.4285717010498047,-1.914283037185669,-1.7728939056396484
75076808699,0.0659862607717514,0.3238668441772461,-0.5,-0.45787525177001953,-1.6212475299835205,-1.7338218688964844
75079426126,0.0646294429898262,0.32271671295166016,-0.5,-0.4285717010498047,-1.914283037185669,-1.7045173645019531
75082043553,0.06417717039585114,0.32233333587646484,-0.5,-0.4212455749511719,-1.987544298171997,-1.7435894012451172
75084660980,0.06371201574802399,0.3211822509765625,-0.5,-0.4505491256713867,-1.6945087909698486,-1.7728939056396484
75087278407,0.05999080091714859,0.3181142807006836,-0.5,-0.47252750396728516,-1.4747250080108643,-1.75335693359375
75089895834,0.05859534814953804,0.31696414947509766,-0.5,-0.41391944885253906,-2.060805559158325,-1.7435894012451172
75092513261,0.05766504630446434,0.31619739532470703,-0.5,-0.4432229995727539,-1.7677700519561768,-1.7631263732910156
75095130688,0.05719686299562454,0.3154306411743164,-0.5,-0.46520137786865234,-1.5479862689971924,-1.7435894012451172
75097748115,0.056260496377944946,0.3146629333496094,-0.5,-0.4505491256713867,-1.6945087909698486,-1.7240543365478516
75100365542,0.05579231306910515,0.31427955627441406,-0.5,-0.4285717010498047,-1.914283037185669,-1.7631263732910156
75102982969,0.05485594645142555,0.31351280212402344,-0.5,-0.4212455749511719,-1.987544298171997,-1.8021984100341797
75105600396,0.05298321321606636,0.3119783401489258,-0.5,-0.4285717010498047,-1.914283037185669,-1.7631263732910156
75108144141,0.049705930054187775,0.30852699279785156,-0.5,-0.4358978271484375,-1.8410217761993408,-1.8510379791259766
75110497571,0.04876956343650818,0.30776023864746094,-0.5,-0.4432229995727539,-1.7677700519561768,-1.8803424835205078
75112851001,0.04830138012766838,0.3073768615722656,-0.5,-0.4358978271484375,-1.8410217761993408,-1.8510379791259766
75115204431,0.047365013509988785,0.306610107421875,-0.5,-0.4358978271484375,-1.8410217761993408,-1.7826614379882812
75117557861,0.04689683020114899,0.3062267303466797,-0.5,-0.41391944885253906,-2.060805559158325,-1.792428970336914
75119911291,0.045024096965789795,0.3043088912963867,-0.5,-0.4432229995727539,-1.7677700519561768,-1.8412704467773438
75122264721,0.04455591365695,0.3039255142211914,-0.5,-0.4285717010498047,-1.914283037185669,-1.8412704467773438
75124618151,0.043590765446424484,0.3031587600708008,-0.5,-0.4358978271484375,-1.8410217761993408,-1.9096450805664062
75126971581,0.04021274670958519,0.3000907897949219,-0.5,-0.4432229995727539,-1.7677700519561768,-1.8217334747314453
75129325011,0.039730172604322433,0.29970645904541016,-0.5,-0.46520137786865234,-1.5479862689971924,-1.8412704467773438
75131678441,0.03876502439379692,0.2985563278198242,-0.5,-0.4505491256713867,-1.6945087909698486,-1.8119659423828125
75134031871,0.03779987618327141,0.2977895736694336,-0.5,-0.4432229995727539,-1.7677700519561768,-1.8412704467773438
75136385301,0.03731502592563629,0.2974061965942383,-0.5,-0.4432229995727539,-1.7677700519561768,-1.8705730438232422
75138738731,0.036830175668001175,0.29702281951904297,-0.5,-0.4432229995727539,-1.7677700519561768,-1.8608055114746094
75141092161,0.03586047515273094,0.29625511169433594,-0.5,-0.4358978271484375,-1.8410217761993408,-1.7631263732910156
75143445591,0.03489077463746071,0.29510498046875,-0.5,-0.4432229995727539,-1.7677700519561768,-1.7240543365478516
75146179466,0.032466523349285126,0.2928037643432617,-0.5,-0.4432229995727539,-1.7677700519561768,-1.7435894012451172
75148913328,0.03198167309165001,0.2924203872680664,-0.5,-0.4505491256713867,-1.6945087909698486,-1.75335693359375
75151647190,0.030522581189870834,0.29127025604248047,-0.5,-0.4358978271484375,-1.8410217761993408,-1.8021984100341797
75154381052,0.029543794691562653,0.29050254821777344,-0.5,-0.4432229995727539,-1.7677700519561768,-1.714284896850586
75157114914,0.02807561494410038,0.2889690399169922,-0.5,-0.4505491256713867,-1.6945087909698486,-1.7631263732910156
75159848776,0.02758622169494629,0.2885856628417969,-0.5,-0.4432229995727539,-1.7677700519561768,-1.7826614379882812
75162582638,0.025139255449175835,0.2862844467163086,-0.5,-0.45787525177001953,-1.6212475299835205,-1.792428970336914
75165316500,0.024649862200021744,0.2859010696411133,-0.5,-0.45787525177001953,-1.6212475299835205,-1.8119659423828125
75168943091,0.019160477444529533,0.2809152603149414,-0.5,-0.47985363006591797,-1.4014637470245361,-1.792428970336914
75172569678,0.017660479992628098,0.27976512908935547,-0.5,-0.4505491256713867,-1.6945087909698486,-1.7338218688964844
75176196265,0.017160480841994286,0.27938175201416016,-0.5,-0.4358978271484375,-1.8410217761993408,-1.6849822998046875
75179822852,0.01616048254072666,0.2782306671142578,-0.5,-0.4432229995727539,-1.7677700519561768,-1.6947498321533203
75183449439,0.014660483226180077,0.27707958221435547,-0.5,-0.4432229995727539,-1.7677700519561768,-1.714284896850586
75187076026,0.013660483062267303,0.27592945098876953,-0.5,-0.4358978271484375,-1.8410217761993408,-1.6752128601074219
75190702613,0.01266048289835453,0.2751617431640625,-0.5,-0.47985363006591797,-1.4014637470245361,-1.7631263732910156
75194329200,0.01116048265248537,0.27401161193847656,-0.5,-0.4358978271484375,-1.8410217761993408,-1.7240543365478516
75197641641,0.005660481750965118,0.2690258026123047,-0.5,-0.4505491256713867,-1.6945087909698486,-1.8217334747314453
75200954078,0.004660481587052345,0.26825904846191406,-0.5,-0.4285717010498047,-1.914283037185669,-1.75335693359375
75204266515,0.003660481423139572,0.26749229431152344,-0.5,-0.40659332275390625,-2.1340668201446533,-1.7435894012451172
75207578952,0.0031604813411831856,0.2671089172363281,-0.5,-0.4358978271484375,-1.8410217761993408,-1.8217334747314453
75210891389,0.0021604811772704124,0.2659578323364258,-0.5,-0.4505491256713867,-1.6945087909698486,-1.8315010070800781
75214203826,-0.0008395190816372633,0.2632741928100586,-0.5,-0.4212455749511719,-1.987544298171997,-1.8705730438232422
75217516263,-0.0013395191635936499,0.2632741928100586,-0.5,-0.4432229995727539,-1.7677700519561768,-1.8217334747314453
75220828700,-0.002339519327506423,0.26173973083496094,-0.5,-0.4358978271484375,-1.8410217761993408,-1.7631263732910156
75223913975,-0.007839519530534744,0.2575216293334961,-0.5,-0.4212455749511719,-1.987544298171997,-1.75335693359375
75226999250,-0.008839519694447517,0.25637054443359375,-0.5,-0.41391944885253906,-2.060805559158325,-1.75335693359375
75230084525,-0.00983951985836029,0.2556037902832031,-0.5,-0.4505491256713867,-1.6945087909698486,-1.8315010070800781
75233169800,-0.010839520022273064,0.2548370361328125,-0.5,-0.4432229995727539,-1.7677700519561768,-1.8315010070800781
75236255075,-0.01133952010422945,0.2544536590576172,-0.5,-0.4432229995727539,-1.7677700519561768,-1.8119659423828125
75239340350,-0.012339520268142223,0.25330257415771484,-0.5,-0.47252750396728516,-1.4747250080108643,-1.8510379791259766
75242425625,-0.013339520432054996,0.2525358200073242,-0.5,-0.4432229995727539,-1.7677700519561768,-1.8705730438232422
75245510900,-0.014839520677924156,0.2513856887817383,-0.5,-0.4212455749511719,-1.987544298171997,-1.7631263732910156
75248548316,-0.019839514046907425,0.24678325653076172,-0.5,-0.4505491256713867,-1.6945087909698486,-1.8119659423828125
75251585728,-0.02083951234817505,0.2460165023803711,-0.5,-0.41391944885253906,-2.060805559158325,-1.7338218688964844
75254623140,-0.02133951149880886,0.24563312530517578,-0.5,-0.4432229995727539,-1.7677700519561768,-1.7435894012451172
75257660552,-0.022339509800076485,0.24448204040527344,-0.5,-0.4358978271484375,-1.8410217761993408,-1.7826614379882812
75260697964,-0.02383950725197792,0.2433319091796875,-0.5,-0.4432229995727539,-1.7677700519561768,-1.7338218688964844
75263735376,-0.024839505553245544,0.24218177795410156,-0.5,-0.47252750396728516,-1.4747250080108643,-1.7435894012451172
75266772788,-0.02633950300514698,0.24103069305419922,-0.5,-0.47252750396728516,-1.4747250080108643,-1.7631263732910156
75269810200,-0.027839500457048416,0.23949718475341797,-0.5,-0.45787525177001953,-1.6212475299835205,-1.714284896850586
75272752950,-0.03233949840068817,0.23566246032714844,-0.5,-0.45787525177001953,-1.6212475299835205,-1.7045173645019531
75275695700,-0.033339500427246094,0.2348947525024414,-0.5,-0.46520137786865234,-1.5479862689971924,-1.665445327758789
75278638450,-0.033839501440525055,0.23412799835205078,-0.5,-0.45787525177001953,-1.6212475299835205,-1.6849822998046875
75281581200,-0.03483950346708298,0.23336124420166016,-0.5,-0.4505491256713867,-1.6945087909698486,-1.7435894012451172
75284523950,-0.0358395054936409,0.23259449005126953,-0.5,-0.4285717010498047,-1.914283037185669,-1.6947498321533203
75287466700,-0.037839509546756744,0.23067665100097656,-0.5,-0.47985363006591797,-1.4014637470245361,-1.714284896850586
75290409450,-0.03883951157331467,0.22990989685058594,-0.5,-0.4358978271484375,-1.8410217761993408,-1.6947498321533203
75293352200,-0.03933951258659363,0.22952651977539062,-0.5,-0.4358978271484375,-1.8410217761993408,-1.665445327758789
75296925375,-0.04783952981233597,0.22223949432373047,-0.5,-0.4432229995727539,-1.7677700519561768,-1.792428970336914
75300498550,-0.04883953183889389,0.22108936309814453,-0.5,-0.4358978271484375,-1.8410217761993408,-1.7338218688964844
75304071725,-0.04933953285217285,0.22070598602294922,-0.5,-0.4505491256713867,-1.6945087909698486,-1.75335693359375
75307644900,-0.050339534878730774,0.21955490112304688,-0.5,-0.46520137786865234,-1.5479862689971924,-1.8412704467773438
75311218075,-0.050839535892009735,0.21955490112304688,-0.5,-0.4505491256713867,-1.6945087909698486,-1.8510379791259766
75314791250,-0.05233953893184662,0.21802139282226562,-0.5,-0.40659332275390625,-2.1340668201446533,-1.7728939056396484
75318364425,-0.05283953994512558,0.2176380157470703,-0.5,-0.4358978271484375,-1.8410217761993408,-1.7826614379882812
75321937600,-0.0538395419716835,0.2168712615966797,-0.5,-0.45787525177001953,-1.6212475299835205,-1.8510379791259766
75324604516,-0.05733954906463623,0.21380233764648438,-0.5,-0.4212455749511719,-1.987544298171997,-1.8705730438232422
75327271428,-0.058839552104473114,0.21265125274658203,-0.5,-0.41391944885253906,-2.060805559158325,-1.7728939056396484
75329938340,-0.059339553117752075,0.2118844985961914,-0.5,-0.4432229995727539,-1.7677700519561768,-1.8021984100341797
75332605252,-0.06033955514431,0.21111774444580078,-0.5,-0.4358978271484375,-1.8410217761993408,-1.8510379791259766
75335272164,-0.06083955615758896,0.21073436737060547,-0.5,-0.41391944885253906,-2.060805559158325,-1.8315010070800781
75337939076,-0.0628395602107048,0.2088165283203125,-0.5,-0.47252750396728516,-1.4747250080108643,-1.8608055114746094
75340605988,-0.06333956122398376,0.2084331512451172,-0.5,-0.45787525177001953,-1.6212475299835205,-1.8608055114746094
75343272900,-0.06433956325054169,0.20766639709472656,-0.5,-0.41391944885253906,-2.060805559158325,-1.8119659423828125
75345962775,-0.06783957034349442,0.20459842681884766,-0.5,-0.4358978271484375,-1.8410217761993408,-1.7728939056396484
75348652650,-0.06883957237005234,0.2034473419189453,-0.5,-0.5018310546875,-1.1816895008087158,-1.792428970336914
75351342525,-0.06983957439661026,0.2026805877685547,-0.5,-0.45787525177001953,-1.6212475299835205,-1.8119659423828125
75354032400,-0.07033957540988922,0.20229721069335938,-0.5,-0.4432229995727539,-1.7677700519561768,-1.7826614379882812
75356722275,-0.0718395784497261,0.20076274871826172,-0.5,-0.46520137786865234,-1.5479862689971924,-1.7631263732910156
75359412150,-0.07283958047628403,0.2003793716430664,-0.5,-0.4212455749511719,-1.987544298171997,-1.792428970336914
75362102025,-0.07383958250284195,0.19961261749267578,-0.5,-0.3846149444580078,-2.3538506031036377,-1.714284896850586
75364791900,-0.07483958452939987,0.19807815551757812,-0.5,-0.4505491256713867,-1.6945087909698486,-1.7045173645019531
75367452300,-0.07983959466218948,0.1942434310913086,-0.5,-0.3919410705566406,-2.2805893421173096,-1.7435894012451172
75369919473,-0.0808395966887474,0.19309329986572266,-0.5,-0.4432229995727539,-1.7677700519561768,-1.6849822998046875
75372386646,-0.08133959770202637,0.19270992279052734,-0.5,-0.47252750396728516,-1.4747250080108643,-1.7045173645019531
75374853819,-0.08183959871530533,0.19232654571533203,-0.5,-0.45787525177001953,-1.6212475299835205,-1.7435894012451172
75377320992,-0.08333960175514221,0.19079208374023438,-0.5,-0.47252750396728516,-1.4747250080108643,-1.7435894012451172
75379788165,-0.08383960276842117,0.19002532958984375,-0.5,-0.4871797561645508,-1.328202486038208,-1.75335693359375
75382255338,-0.0848396047949791,0.18925857543945312,-0.5,-0.45787525177001953,-1.6212475299835205,-1.792428970336914
75384722511,-0.08583960682153702,0.1888742446899414,-0.5,-0.39926719665527344,-2.2073280811309814,-1.7728939056396484
75387189684,-0.08883961290121078,0.18619060516357422,-0.5,-0.4212455749511719,-1.987544298171997,-1.7728939056396484
75389656857,-0.08983961492776871,0.18503952026367188,-0.5,-0.4432229995727539,-1.7677700519561768,-1.7435894012451172
75392124030,-0.09033961594104767,0.18465614318847656,-0.5,-0.47985363006591797,-1.4014637470245361,-1.75335693359375
75394591203,-0.09133961796760559,0.18388938903808594,-0.5,-0.4432229995727539,-1.7677700519561768,-1.792428970336914
75397058376,-0.09233961999416351,0.1827383041381836,-0.5,-0.41391944885253906,-2.060805559158325,-1.7826614379882812
75399525549,-0.09283962100744247,0.18235492706298828,-0.5,-0.4505491256713867,-1.6945087909698486,-1.75335693359375
75401992722,-0.0938396230340004,0.18158817291259766,-0.5,-0.47985363006591797,-1.4014637470245361,-1.7826614379882812
75404459895,-0.09483962506055832,0.18082141876220703,-0.5,-0.4212455749511719,-1.987544298171997,-1.8119659423828125
75408338325,-0.10383964329957962,0.17315101623535156,-0.5,-0.4358978271484375,-1.8410217761993408,-1.8705730438232422
75412216750,-0.10483964532613754,0.17238426208496094,-0.5,-0.40659332275390625,-2.1340668201446533,-1.8705730438232422
75416095175,-0.10583964735269547,0.171234130859375,-0.5,-0.46520137786865234,-1.5479862689971924,-1.8412704467773438
75419973600,-0.10683964937925339,0.17046642303466797,-0.5,-0.46520137786865234,-1.5479862689971924,-1.8803424835205078
75423852025,-0.10783965140581131,0.16969966888427734,-0.5,-0.40659332275390625,-2.1340668201446533,-1.8998775482177734
75427730450,-0.10883965343236923,0.1685495376586914,-0.5,-0.4285717010498047,-1.914283037185669,-1.8510379791259766
75431608875,-0.1093396544456482,0.1681661605834961,-0.5,-0.4432229995727539,-1.7677700519561768,-1.8315010070800781
75435487300,-0.11033965647220612,0.16739845275878906,-0.5,-0.4212455749511719,-1.987544298171997,-1.8412704467773438
75438196100,-0.11533966660499573,0.1627969741821289,-0.5,-0.46520137786865234,-1.5479862689971924,-1.8021984100341797
75440904900,-0.11583966761827469,0.1624135971069336,-0.5,-0.4505491256713867,-1.6945087909698486,-1.792428970336914
75443613700,-0.11683966964483261,0.16203022003173828,-0.5,-0.39926719665527344,-2.2073280811309814,-1.8119659423828125
75446322500,-0.1183396726846695,0.16049575805664062,-0.5,-0.4285717010498047,-1.914283037185669,-1.7728939056396484
75449031300,-0.11883967369794846,0.15972900390625,-0.5,-0.46520137786865234,-1.5479862689971924,-1.7631263732910156
75451740100,-0.11983967572450638,0.1593456268310547,-0.5,-0.4432229995727539,-1.7677700519561768,-1.8021984100341797
75454448900,-0.1208396777510643,0.15819454193115234,-0.5,-0.45787525177001953,-1.6212475299835205,-1.8315010070800781
75457157700,-0.12133967876434326,0.15742778778076172,-0.5,-0.4871797561645508,-1.328202486038208,-1.8412704467773438
75459847766,-0.12433968484401703,0.15512657165527344,-0.5,-0.40659332275390625,-2.1340668201446533,-1.8217334747314453
75462487341,-0.12533968687057495,0.1543598175048828,-0.5,-0.47252750396728516,-1.4747250080108643,-1.792428970336914
75465126916,-0.12583968043327332,0.1539764404296875,-0.5,-0.4432229995727539,-1.7677700519561768,-1.792428970336914
75467766491,-0.12683966755867004,0.15282630920410156,-0.5,-0.45787525177001953,-1.6212475299835205,-1.8315010070800781
75470406066,-0.1288396418094635,0.1512908935546875,-0.5,-0.4432229995727539,-1.7677700519561768,-1.8021984100341797
75473045641,-0.12983962893486023,0.15052413940429688,-0.5,-0.39926719665527344,-2.2073280811309814,-1.8119659423828125
75475685216,-0.13083961606025696,0.14937400817871094,-0.5,-0.4285717010498047,-1.914283037185669,-1.7826614379882812
75478324791,-0.13233959674835205,0.1482229232788086,-0.5,-0.4432229995727539,-1.7677700519561768,-1.7728939056396484
75480964366,-0.13683953881263733,0.14400482177734375,-0.5,-0.46520137786865234,-1.5479862689971924,-1.7435894012451172
75483603941,-0.13783952593803406,0.14323806762695312,-0.5,-0.47985363006591797,-1.4014637470245361,-1.7338218688964844
75486243516,-0.1388395130634308,0.1424703598022461,-0.5,-0.4432229995727539,-1.7677700519561768,-1.7728939056396484
75488883091,-0.13983950018882751,0.14132022857666016,-0.5,-0.4358978271484375,-1.8410217761993408,-1.8021984100341797
75491522666,-0.14033949375152588,0.14093685150146484,-0.5,-0.47252750396728516,-1.4747250080108643,-1.7826614379882812
75494162241,-0.1413394808769226,0.14017009735107422,-0.5,-0.4212455749511719,-1.987544298171997,-1.75335693359375
75496801816,-0.14183947443962097,0.1397857666015625,-0.5,-0.39926719665527344,-2.2073280811309814,-1.75335693359375
75499441391,-0.1428394615650177,0.13901901245117188,-0.5,-0.40659332275390625,-2.1340668201446533,-1.7826614379882812
75502595616,-0.14583942294120789,0.13633441925048828,-0.5,-0.4358978271484375,-1.8410217761993408,-1.8803424835205078
75505749828,-0.14733940362930298,0.13518428802490234,-0.5,-0.4432229995727539,-1.7677700519561768,-1.8608055114746094
75508904040,-0.1483393907546997,0.13441753387451172,-0.5,-0.3919410705566406,-2.2805893421173096,-1.8510379791259766
75512058252,-0.1498393714427948,0.13288307189941406,-0.5,-0.4358978271484375,-1.8410217761993408,-1.8705730438232422
75515212464,-0.15033936500549316,0.13249969482421875,-0.5,-0.46520137786865234,-1.5479862689971924,-1.8608055114746094
75518366676,-0.15183934569358826,0.1313495635986328,-0.5,-0.4285717010498047,-1.914283037185669,-1.8998775482177734
75521520888,-0.15333932638168335,0.12981510162353516,-0.5,-0.4505491256713867,-1.6945087909698486,-1.9194145202636719
75524675100,-0.15483930706977844,0.1282815933227539,-0.5,-0.39926719665527344,-2.2073280811309814,-1.8803424835205078
75529235400,-0.16333919763565063,0.12137794494628906,-0.5,-0.4505491256713867,-1.6945087909698486,-1.8315010070800781
75533795700,-0.163839191198349,0.12099456787109375,-0.5,-0.4285717010498047,-1.914283037185669,-1.8021984100341797
75538356000,-0.16483917832374573,0.11984443664550781,-0.5,-0.45787525177001953,-1.6212475299835205,-1.8412704467773438
75542916300,-0.16583916544914246,0.11907768249511719,-0.5,-0.47985363006591797,-1.4014637470245361,-1.8705730438232422
75547476600,-0.1678391396999359,0.11754322052001953,-0.5,-0.41391944885253906,-2.060805559158325,-1.8510379791259766
75552036900,-0.169339120388031,0.11600971221923828,-0.5,-0.4432229995727539,-1.7677700519561768,-1.8217334747314453
75556597200,-0.1708391010761261,0.11485862731933594,-0.5,-0.4285717010498047,-1.914283037185669,-1.8021984100341797
75561157500,-0.17333906888961792,0.11255836486816406,-0.5,-0.4285717010498047,-1.914283037185669,-1.8119659423828125
75563907091,-0.17683902382850647,0.10949039459228516,-0.5,-0.4358978271484375,-1.8410217761993408,-1.792428970336914
75566646784,-0.17733901739120483,0.10910606384277344,-0.5,-0.4432229995727539,-1.7677700519561768,-1.8217334747314453
75569386477,-0.17833900451660156,0.1079559326171875,-0.5,-0.4505491256713867,-1.6945087909698486,-1.8021984100341797
75572126170,-0.17983898520469666,0.10680580139160156,-0.5,-0.4358978271484375,-1.8410217761993408,-1.7338218688964844
75574865863,-0.18083897233009338,0.10603809356689453,-0.5,-0.4505491256713867,-1.6945087909698486,-1.75335693359375
75577605556,-0.1818389594554901,0.1048879623413086,-0.5,-0.46520137786865234,-1.5479862689971924,-1.7338218688964844
75580345249,-0.18283894658088684,0.10412120819091797,-0.5,-0.4285717010498047,-1.914283037185669,-1.7045173645019531
75583084942,-0.1833389401435852,0.10373783111572266,-0.5,-0.4432229995727539,-1.7677700519561768,-1.7435894012451172
75585824635,-0.1888388693332672,0.09875202178955078,-0.5,-0.4432229995727539,-1.7677700519561768,-1.75335693359375
75588564328,-0.18983885645866394,0.09798526763916016,-0.5,-0.47252750396728516,-1.4747250080108643,-1.8021984100341797
75591304021,-0.1903388500213623,0.09721851348876953,-0.5,-0.4432229995727539,-1.7677700519561768,-1.8315010070800781
75594043714,-0.1918388307094574,0.0964508056640625,-0.5,-0.39926719665527344,-2.2073280811309814,-1.7631263732910156
75596783407,-0.19233882427215576,0.09606742858886719,-0.5,-0.4212455749511719,-1.987544298171997,-1.75335693359375
75599523100,-0.1933388113975525,0.09530067443847656,-0.5,-0.4212455749511719,-1.987544298171997,-1.8217334747314453
75602262793,-0.19433879852294922,0.09415054321289062,-0.5,-0.4285717010498047,-1.914283037185669,-1.8510379791259766
75605002486,-0.19533878564834595,0.0933828353881836,-0.5,-0.4285717010498047,-1.914283037185669,-1.8217334747314453
75608187766,-0.19833874702453613,0.09108257293701172,-0.5,-0.40659332275390625,-2.1340668201446533,-1.8803424835205078
75611373028,-0.19933873414993286,0.08993148803710938,-0.5,-0.4212455749511719,-1.987544298171997,-1.8901100158691406
75614558290,-0.2003387212753296,0.08916378021240234,-0.5,-0.4212455749511719,-1.987544298171997,-1.9389495849609375
75617743552,-0.20133870840072632,0.08839702606201172,-0.5,-0.41391944885253906,-2.060805559158325,-1.8901100158691406
75620928814,-0.20333868265151978,0.08647918701171875,-0.5,-0.45787525177001953,-1.6212475299835205,-1.958486557006836
75624114076,-0.2043386697769165,0.08571243286132812,-0.5,-0.4285717010498047,-1.914283037185669,-1.9096450805664062
75627299338,-0.20683863759040833,0.08379459381103516,-0.5,-0.41391944885253906,-2.060805559158325,-1.9096450805664062
75630484600,-0.20783862471580505,0.08264446258544922,-0.5,-0.4212455749511719,-1.987544298171997,-1.8412704467773438
75633450425,-0.2128385603427887,0.07842540740966797,-0.5,-0.4285717010498047,-1.914283037185669,-1.8901100158691406
75636416250,-0.21383854746818542,0.07765865325927734,-0.5,-0.41391944885253906,-2.060805559158325,-1.8608055114746094
75639382075,-0.2143385410308838,0.07727527618408203,-0.5,-0.4432229995727539,-1.7677700519561768,-1.8119659423828125
75642347900,-0.21583852171897888,0.07574176788330078,-0.5,-0.45787525177001953,-1.6212475299835205,-1.8803424835205078
75645313725,-0.2168385088443756,0.07497406005859375,-0.5,-0.4212455749511719,-1.987544298171997,-1.8803424835205078
75648279550,-0.21783849596977234,0.07420730590820312,-0.5,-0.4285717010498047,-1.914283037185669,-1.8315010070800781
75651245375,-0.21883848309516907,0.07305717468261719,-0.5,-0.4432229995727539,-1.7677700519561768,-1.8705730438232422
75654211200,-0.2198384702205658,0.07228946685791016,-0.5,-0.4212455749511719,-1.987544298171997,-1.8901100158691406
75658153066,-0.22883835434913635,0.0646200180053711,-0.5,-0.4358978271484375,-1.8410217761993408,-1.8315010070800781
75662094928,-0.22933834791183472,0.06423664093017578,-0.5,-0.4212455749511719,-1.987544298171997,-1.8315010070800781
75666036790,-0.23033833503723145,0.06308555603027344,-0.5,-0.4285717010498047,-1.914283037185669,-1.75335693359375
75669978652,-0.2323383092880249,0.06155204772949219,-0.5,-0.4285717010498047,-1.914283037185669,-1.7826614379882812
75673920514,-0.23283830285072327,0.06078529357910156,-0.5,-0.4505491256713867,-1.6945087909698486,-1.7826614379882812
75677862376,-0.23383828997612,0.06001758575439453,-0.5,-0.47985363006591797,-1.4014637470245361,-1.7826614379882812
75681804238,-0.23483827710151672,0.059250831604003906,-0.5,-0.4432229995727539,-1.7677700519561768,-1.8510379791259766
75685746100,-0.2353382706642151,0.058867454528808594,-0.5,-0.4358978271484375,-1.8410217761993408,-1.8608055114746094
75689112616,-0.2408381998538971,0.05388164520263672,-0.5,-0.4505491256713867,-1.6945087909698486,-1.8217334747314453
75692479128,-0.24133819341659546,0.053498268127441406,-0.5,-0.4358978271484375,-1.8410217761993408,-1.8510379791259766
75695845640,-0.2423381805419922,0.05273151397705078,-0.5,-0.4285717010498047,-1.914283037185669,-1.8608055114746094
75699212152,-0.244838148355484,0.05081367492675781,-0.5,-0.3846149444580078,-2.3538506031036377,-1.8705730438232422
75702578664,-0.2463381290435791,0.04928016662597656,-0.5,-0.45787525177001953,-1.6212475299835205,-1.8412704467773438
75705945176,-0.24733811616897583,0.04851341247558594,-0.5,-0.46520137786865234,-1.5479862689971924,-1.8608055114746094
75709311688,-0.2478381097316742,0.047745704650878906,-0.5,-0.45787525177001953,-1.6212475299835205,-1.8901100158691406
75712678200,-0.2493380904197693,0.04659557342529297,-0.5,-0.4871797561645508,-1.328202486038208,-1.8510379791259766
75715820366,-0.2533380389213562,0.04314422607421875,-0.5,-0.45787525177001953,-1.6212475299835205,-1.792428970336914
75718498221,-0.2548380196094513,0.041609764099121094,-0.5,-0.45787525177001953,-1.6212475299835205,-1.8901100158691406
75721176076,-0.25533801317214966,0.04122638702392578,-0.5,-0.45787525177001953,-1.6212475299835205,-1.8901100158691406
75723853931,-0.2573379874229431,0.040076255798339844,-0.5,-0.3919410705566406,-2.2805893421173096,-1.8608055114746094
75726531786,-0.2588379681110382,0.038158416748046875,-0.5,-0.4505491256713867,-1.6945087909698486,-1.8119659423828125
75729209641,-0.2593379616737366,0.03777503967285156,-0.5,-0.46520137786865234,-1.5479862689971924,-1.8021984100341797
75731887496,-0.26083794236183167,0.036624908447265625,-0.5,-0.4432229995727539,-1.7677700519561768,-1.8901100158691406
75734565351,-0.2618379294872284,0.035858154296875,-0.5,-0.4505491256713867,-1.6945087909698486,-1.8705730438232422
75737243206,-0.2648378908634186,0.033173561096191406,-0.5,-0.4432229995727539,-1.7677700519561768,-1.8021984100341797
75739921061,-0.26533788442611694,0.032790184020996094,-0.5,-0.46520137786865234,-1.5479862689971924,-1.7826614379882812
75742598916,-0.26633787155151367,0.03202247619628906,-0.5,-0.4358978271484375,-1.8410217761993408,-1.8021984100341797
75745276771,-0.26683786511421204,0.03163909912109375,-0.5,-0.4212455749511719,-1.987544298171997,-1.8315010070800781
75747954626,-0.26783785223960876,0.030488967895507812,-0.5,-0.4432229995727539,-1.7677700519561768,-1.8608055114746094
75750632481,-0.26833784580230713,0.0301055908203125,-0.5,-0.4505491256713867,-1.6945087909698486,-1.8412704467773438
75753310336,-0.26933783292770386,0.02933788299560547,-0.5,-0.4432229995727539,-1.7677700519561768,-1.792428970336914
75755988191,-0.27083781361579895,0.02780437469482422,-0.5,-0.45787525177001953,-1.6212475299835205,-1.8021984100341797
75758517266,-0.2743377685546875,0.024735450744628906,-0.5,-0.46520137786865234,-1.5479862689971924,-1.792428970336914
75761046328,-0.2758377492427826,0.02358531951904297,-0.5,-0.40659332275390625,-2.1340668201446533,-1.6947498321533203
75763575390,-0.27633774280548096,0.02320098876953125,-0.5,-0.41391944885253906,-2.060805559158325,-1.714284896850586
75766104452,-0.2773377299308777,0.022050857543945312,-0.5,-0.4505491256713867,-1.6945087909698486,-1.7435894012451172
75768633514,-0.27783772349357605,0.02166748046875,-0.5,-0.46520137786865234,-1.5479862689971924,-1.7338218688964844
75771162576,-0.27933770418167114,0.020517349243164062,-0.5,-0.45787525177001953,-1.6212475299835205,-1.792428970336914
75773691638,-0.28033769130706787,0.01936626434326172,-0.5,-0.47252750396728516,-1.4747250080108643,-1.8021984100341797
75776220700,-0.28083768486976624,0.018982887268066406,-0.5,-0.47252750396728516,-1.4747250080108643,-1.7826614379882812
75779455650,-0.2868376076221466,0.013613700866699219,-0.5,-0.4871797561645508,-1.328202486038208,-1.7728939056396484
75782690600,-0.28783759474754333,0.012846946716308594,-0.5,-0.45787525177001953,-1.6212475299835205,-1.75335693359375
75785925550,-0.2893375754356384,0.011696815490722656,-0.5,-0.40659332275390625,-2.1340668201446533,-1.792428970336914
75789160500,-0.29033756256103516,0.010929107666015625,-0.5,-0.4358978271484375,-1.8410217761993408,-1.7826614379882812
75792395450,-0.2908375561237335,0.010545730590820312,-0.5,-0.4358978271484375,-1.8410217761993408,-1.7435894012451172
75795630400,-0.29183754324913025,0.009395599365234375,-0.5,-0.4505491256713867,-1.6945087909698486,-1.7338218688964844
75798865350,-0.29333752393722534,0.007861137390136719,-0.5,-0.5018310546875,-1.1816895008087158,-1.75335693359375
75802100300,-0.2938375174999237,0.007477760314941406,-0.5,-0.46520137786865234,-1.5479862689971924,-1.7435894012451172
75804559916,-0.29733747243881226,0.0047931671142578125,-0.5,-0.4285717010498047,-1.914283037185669,-1.7338218688964844
75807019528,-0.298337459564209,0.003643035888671875,-0.5,-0.4358978271484375,-1.8410217761993408,-1.7728939056396484
75809479140,-0.2993374466896057,0.0024929046630859375,-0.5,-0.4945058822631836,-1.2549412250518799,-1.8217334747314453
75811938752,-0.30033743381500244,0.002109527587890625,-0.5,-0.4505491256713867,-1.6945087909698486,-1.792428970336914
75814398364,-0.30133742094039917,0.0013418197631835938,-0.5,-0.4212455749511719,-1.987544298171997,-1.8217334747314453
75816857976,-0.30183741450309753,0.0005750656127929688,-0.5,-0.4212455749511719,-1.987544298171997,-1.8412704467773438
75819317588,-0.30283740162849426,-0.00019168853759765625,-0.5,-0.46520137786865234,-1.5479862689971924,-1.8021984100341797
75821777200,-0.303837388753891,-0.0009584426879882812,-0.5,-0.4358978271484375,-1.8410217761993408,-1.7435894012451172
75825425816,-0.30733734369277954,-0.0040264129638671875,-0.5,-0.40659332275390625,-2.1340668201446533,-1.7435894012451172
75829074428,-0.30833733081817627,-0.004794120788574219,-0.5,-0.4285717010498047,-1.914283037185669,-1.8119659423828125
75832723040,-0.31133729219436646,-0.007477760314941406,-0.5,-0.4432229995727539,-1.7677700519561768,-1.8901100158691406
75836371652,-0.3123372793197632,-0.00862884521484375,-0.5,-0.45787525177001953,-1.6212475299835205,-1.8705730438232422
75840020264,-0.31433725357055664,-0.010162353515625,-0.5,-0.4285717010498047,-1.914283037185669,-1.8119659423828125
75843668876,-0.31583723425865173,-0.011696815490722656,-0.5,-0.4505491256713867,-1.6945087909698486,-1.7826614379882812
75847317488,-0.3173372149467468,-0.012846946716308594,-0.5,-0.46520137786865234,-1.5479862689971924,-1.8315010070800781
75850966100,-0.3178372085094452,-0.013613700866699219,-0.5,-0.46520137786865234,-1.5479862689971924,-1.8412704467773438
75853256900,-0.32133716344833374,-0.016298294067382812,-0.5,-0.4358978271484375,-1.8410217761993408,-1.7826614379882812
75855547700,-0.32233715057373047,-0.017066001892089844,-0.5,-0.4505491256713867,-1.6945087909698486,-1.7435894012451172
75857838500,-0.32283714413642883,-0.01783275604248047,-0.5,-0.4505491256713867,-1.6945087909698486,-1.75335693359375
75860129300,-0.32383713126182556,-0.018982887268066406,-0.5,-0.4945058822631836,-1.2549412250518799,-1.8315010070800781
75862420100,-0.3243371248245239,-0.01936626434326172,-0.5,-0.47985363006591797,-1.4014637470245361,-1.8315010070800781
75864710900,-0.32533711194992065,-0.02013397216796875,-0.5,-0.4358978271484375,-1.8410217761993408,-1.75335693359375
75867001700,-0.3263370990753174,-0.020900726318359375,-0.5,-0.4212455749511719,-1.987544298171997,-1.7435894012451172
75869292500,-0.3273370862007141,-0.02166748046875,-0.5,-0.4358978271484375,-1.8410217761993408,-1.7826614379882812
75871809250,-0.33083704113960266,-0.02511882781982422,-0.5,-0.4871797561645508,-1.328202486038208,-1.7728939056396484
75874326000,-0.33233702182769775,-0.026269912719726562,-0.5,-0.45787525177001953,-1.6212475299835205,-1.75335693359375
75876842750,-0.3328370153903961,-0.026653289794921875,-0.5,-0.4432229995727539,-1.7677700519561768,-1.7728939056396484
75879359500,-0.33383700251579285,-0.0274200439453125,-0.5,-0.4212455749511719,-1.987544298171997,-1.7826614379882812
75881876250,-0.33533698320388794,-0.028570175170898438,-0.5,-0.4212455749511719,-1.987544298171997,-1.665445327758789
75884393000,-0.3358369767665863,-0.02933788299560547,-0.5,-0.45787525177001953,-1.6212475299835205,-1.7338218688964844
75886909750,-0.33683696389198303,-0.030104637145996094,-0.5,-0.4945058822631836,-1.2549412250518799,-1.7338218688964844
75889426500,-0.33783695101737976,-0.03125476837158203,-0.5,-0.47985363006591797,-1.4014637470245361,-1.6947498321533203
75893131550,-0.34483686089515686,-0.03739166259765625,-0.5,-0.4505491256713867,-1.6945087909698486,-1.75335693359375
75896311340,-0.3458368480205536,-0.038158416748046875,-0.5,-0.4505491256713867,-1.6945087909698486,-1.8315010070800781
75899491130,-0.3468368351459503,-0.038926124572753906,-0.5,-0.41391944885253906,-2.060805559158325,-1.792428970336914
75902670920,-0.34783682227134705,-0.03969287872314453,-0.5,-0.39926719665527344,-2.2073280811309814,-1.7338218688964844
75905850710,-0.34933680295944214,-0.04122638702392578,-0.5,-0.4505491256713867,-1.6945087909698486,-1.8315010070800781
75909030500,-0.3498367965221405,-0.0416107177734375,-0.5,-0.4432229995727539,-1.7677700519561768,-1.8217334747314453
75912210290,-0.35083678364753723,-0.042377471923828125,-0.5,-0.4505491256713867,-1.6945087909698486,-1.8021984100341797
75915390080,-0.35183677077293396,-0.04314422607421875,-0.5,-0.46520137786865234,-1.5479862689971924,-1.8510379791259766
75918569870,-0.3558367192745209,-0.04659557342529297,-0.5,-0.4212455749511719,-1.987544298171997,-1.8217334747314453
75921749660,-0.35633671283721924,-0.047362327575683594,-0.5,-0.4212455749511719,-1.987544298171997,-1.792428970336914
75924929450,-0.35783669352531433,-0.04851341247558594,-0.5,-0.4505491256713867,-1.6945087909698486,-1.7728939056396484
75928109240,-0.3583366870880127,-0.04889678955078125,-0.5,-0.45787525177001953,-1.6212475299835205,-1.8021984100341797
75931289030,-0.3598366677761078,-0.0504302978515625,-0.5,-0.45787525177001953,-1.6212475299835205,-1.7338218688964844
75934468820,-0.36033666133880615,-0.05081462860107422,-0.5,-0.45787525177001953,-1.6212475299835205,-1.7338218688964844
75937648610,-0.36183664202690125,-0.051964759826660156,-0.5,-0.4358978271484375,-1.8410217761993408,-1.8021984100341797
75940828400,-0.36333662271499634,-0.053498268127441406,-0.5,-0.4358978271484375,-1.8410217761993408,-1.7240543365478516
75943627925,-0.36733657121658325,-0.05695056915283203,-0.5,-0.47252750396728516,-1.4747250080108643,-1.7826614379882812
75946536156,-0.36833655834198,-0.057717323303222656,-0.5,-0.4432229995727539,-1.7677700519561768,-1.8021984100341797
75949444387,-0.36883655190467834,-0.05810070037841797,-0.5,-0.4285717010498047,-1.7677700519561768,-1.7435894012451172
75952352618,-0.3708365261554718,-0.06001853942871094,-0.5,-0.4285717010498047,-1.914283037185669,-1.7826614379882812
75955260849,-0.37183651328086853,-0.06078529357910156,-0.5,-0.4358978271484375,-1.8410217761993408,-1.792428970336914
75958169080,-0.37283650040626526,-0.0619354248046875,-0.5,-0.4432229995727539,-1.7677700519561768,-1.7435894012451172
75961077311,-0.3733364939689636,-0.06231880187988281,-0.5,-0.45787525177001953,-1.6212475299835205,-1.75335693359375
75963985542,-0.37433648109436035,-0.06308650970458984,-0.5,-0.45787525177001953,-1.6212475299835205,-1.8021984100341797
75966893773,-0.37733644247055054,-0.06577014923095703,-0.5,-0.41391944885253906,-2.060805559158325,-1.7728939056396484
75969802004,-0.3778364360332489,-0.06615447998046875,-0.5,-0.4212455749511719,-1.987544298171997,-1.7631263732910156
75972710235,-0.3803364038467407,-0.06845474243164062,-0.5,-0.47985363006591797,-1.4014637470245361,-1.7045173645019531
75975618466,-0.38133639097213745,-0.06960582733154297,-0.5,-0.4871797561645508,-1.328202486038208,-1.6752128601074219
75978526697,-0.38283637166023254,-0.0707559585571289,-0.5,-0.4505491256713867,-1.6945087909698486,-1.6947498321533203
75981434928,-0.38433635234832764,-0.07190608978271484,-0.5,-0.4432229995727539,-1.7677700519561768,-1.6947498321533203
75984343159,-0.38533633947372437,-0.07305717468261719,-0.5,-0.45787525177001953,-1.6212475299835205,-1.626373291015625
75987251390,-0.3863363265991211,-0.07382392883300781,-0.5,-0.4358978271484375,-1.8410217761993408,-1.6556777954101562
75989503725,-0.38983628153800964,-0.07689189910888672,-0.5,-0.4432229995727539,-1.7677700519561768,-1.7338218688964844
75991756050,-0.39083626866340637,-0.07804203033447266,-0.5,-0.4212455749511719,-1.987544298171997,-1.714284896850586
75994008375,-0.39133626222610474,-0.07842636108398438,-0.5,-0.4505491256713867,-1.6945087909698486,-1.6849822998046875
75996260700,-0.3918362557888031,-0.07880973815917969,-0.5,-0.4285717010498047,-1.914283037185669,-1.6849822998046875
75998513025,-0.39283624291419983,-0.07957649230957031,-0.5,-0.4285717010498047,-1.914283037185669,-1.7338218688964844
76000765350,-0.3933362364768982,-0.07995986938476562,-0.5,-0.4358978271484375,-1.8410217761993408,-1.7435894012451172
76003017675,-0.3948362171649933,-0.08149433135986328,-0.5,-0.46520137786865234,-1.5479862689971924,-1.7240543365478516
76005270000,-0.39533621072769165,-0.0818777084350586,-0.5,-0.4505491256713867,-1.6945087909698486,-1.75335693359375
76008970375,-0.40233612060546875,-0.0880136489868164,-0.5,-0.4505491256713867,-1.6945087909698486,-1.7435894012451172
76012670750,-0.4033361077308655,-0.08916378021240234,-0.5,-0.4871797561645508,-1.328202486038208,-1.7435894012451172
76016371125,-0.40383610129356384,-0.08954715728759766,-0.5,-0.46520137786865234,-1.6212475299835205,-1.714284896850586
76020071500,-0.4058360755443573,-0.09108161926269531,-0.5,-0.4285717010498047,-1.914283037185669,-1.75335693359375
76023771875,-0.40633606910705566,-0.09146499633789062,-0.5,-0.4285717010498047,-1.914283037185669,-1.7338218688964844
76027472250,-0.40683606266975403,-0.09184837341308594,-0.5,-0.4212455749511719,-1.987544298171997,-1.7045173645019531
76031172625,-0.4088360369205475,-0.0937662124633789,-0.5,-0.4505491256713867,-1.6945087909698486,-1.8021984100341797
76034873000,-0.4098360240459442,-0.09453296661376953,-0.5,-0.46520137786865234,-1.5479862689971924,-1.792428970336914
76037468591,-0.41333597898483276,-0.09760093688964844,-0.5,-0.4358978271484375,-1.8410217761993408,-1.75335693359375
76039950604,-0.4143359661102295,-0.09836864471435547,-0.5,-0.4212455749511719,-1.987544298171997,-1.7435894012451172
76042432617,-0.4158359467983246,-0.09990310668945312,-0.5,-0.46520137786865234,-1.5479862689971924,-1.792428970336914
76044914630,-0.41633594036102295,-0.10028648376464844,-0.5,-0.45787525177001953,-1.6212475299835205,-1.7728939056396484
76047396643,-0.4173359274864197,-0.10143661499023438,-0.5,-0.46520137786865234,-1.5479862689971924,-1.7631263732910156
76049878656,-0.4183359146118164,-0.102203369140625,-0.5,-0.45787525177001953,-1.6212475299835205,-1.792428970336914
76052360669,-0.4198358952999115,-0.10335445404052734,-0.5,-0.4358978271484375,-1.8410217761993408,-1.714284896850586
76054842682,-0.42033588886260986,-0.10373783111572266,-0.5,-0.4285717010498047,-1.914283037185669,-1.7240543365478516
76057324695,-0.4243358373641968,-0.10757255554199219,-0.5,-0.4945058822631836,-1.2549412250518799,-1.7631263732910156
76059806708,-0.4253358244895935,-0.10833930969238281,-0.5,-0.47985363006591797,-1.4014637470245361,-1.7240543365478516
76062288721,-0.42633581161499023,-0.10910701751708984,-0.5,-0.4505491256713867,-1.6945087909698486,-1.6849822998046875
76064770734,-0.4268358051776886,-0.10987377166748047,-0.5,-0.4432229995727539,-1.7677700519561768,-1.7045173645019531
76067252747,-0.4278357923030853,-0.1106405258178711,-0.5,-0.4285717010498047,-1.914283037185669,-1.7338218688964844
76069734760,-0.4283357858657837,-0.1110239028930664,-0.5,-0.4285717010498047,-1.914283037185669,-1.7045173645019531
76072216773,-0.4293357729911804,-0.11179065704345703,-0.5,-0.4212455749511719,-1.987544298171997,-1.6459102630615234
76074698786,-0.4298357665538788,-0.11217498779296875,-0.5,-0.4212455749511719,-1.987544298171997,-1.665445327758789
76077352266,-0.4338357150554657,-0.11600971221923828,-0.5,-0.46520137786865234,-1.5479862689971924,-1.7631263732910156
76080005728,-0.4348357021808624,-0.1167764663696289,-0.5,-0.4285717010498047,-1.914283037185669,-1.6947498321533203
76082659190,-0.4368356764316559,-0.11869430541992188,-0.5,-0.47252750396728516,-1.4747250080108643,-1.7338218688964844
76085312652,-0.43733566999435425,-0.11907768249511719,-0.5,-0.45787525177001953,-1.6212475299835205,-1.7240543365478516
76087966114,-0.4378356635570526,-0.1194610595703125,-0.5,-0.4432229995727539,-1.7677700519561768,-1.6849822998046875
76090619576,-0.43883565068244934,-0.12022781372070312,-0.5,-0.4358978271484375,-1.8410217761993408,-1.6459102630615234
76093273038,-0.44033563137054443,-0.12176227569580078,-0.5,-0.45787525177001953,-1.6212475299835205,-1.7631263732910156
76095926500,-0.4408356249332428,-0.1221456527709961,-0.5,-0.4432229995727539,-1.7677700519561768,-1.7435894012451172
76098319041,-0.443835586309433,-0.12483024597167969,-0.5,-0.4358978271484375,-1.8410217761993408,-1.7728939056396484
76100711578,-0.44433557987213135,-0.125213623046875,-0.5,-0.4212455749511719,-1.987544298171997,-1.7338218688964844
76103104115,-0.44583556056022644,-0.12636375427246094,-0.5,-0.4505491256713867,-1.6945087909698486,-1.75335693359375
76105496652,-0.44683554768562317,-0.12751483917236328,-0.5,-0.46520137786865234,-1.5479862689971924,-1.7728939056396484
76107889189,-0.44733554124832153,-0.1278982162475586,-0.5,-0.45787525177001953,-1.6212475299835205,-1.7435894012451172
76110281726,-0.44833552837371826,-0.12904834747314453,-0.5,-0.46520137786865234,-1.5479862689971924,-1.7435894012451172
76112674263,-0.449335515499115,-0.12981510162353516,-0.5,-0.4505491256713867,-1.6945087909698486,-1.8021984100341797
76115066800,-0.4503355026245117,-0.1305828094482422,-0.5,-0.40659332275390625,-2.1340668201446533,-1.7435894012451172
76119489366,-0.4578354060649872,-0.1371021270751953,-0.5,-0.4212455749511719,-1.987544298171997,-1.7435894012451172
76123911928,-0.4593353867530823,-0.13825225830078125,-0.5,-0.4432229995727539,-1.7677700519561768,-1.8217334747314453
76128334490,-0.4618353545665741,-0.14093685150146484,-0.5,-0.47985363006591797,-1.4014637470245361,-1.8217334747314453
76132757052,-0.4628353416919708,-0.14170360565185547,-0.5,-0.4505491256713867,-1.6945087909698486,-1.7728939056396484
76137179614,-0.46383532881736755,-0.1424703598022461,-0.5,-0.4285717010498047,-1.914283037185669,-1.7338218688964844
76141602176,-0.4663352966308594,-0.14438819885253906,-0.5,-0.4212455749511719,-1.987544298171997,-1.7045173645019531
76146024738,-0.46683529019355774,-0.1451549530029297,-0.5,-0.4358978271484375,-1.8410217761993408,-1.6752128601074219
76150447300,-0.46833527088165283,-0.14668941497802734,-0.5,-0.47985363006591797,-1.4014637470245361,-1.7240543365478516
76153450250,-0.47233521938323975,-0.14975738525390625,-0.5,-0.40659332275390625,-2.1340668201446533,-1.6849822998046875
76156453200,-0.4733352065086365,-0.1509075164794922,-0.5,-0.4358978271484375,-1.8410217761993408,-1.6556777954101562
76159456150,-0.47533518075942993,-0.15282535552978516,-0.5,-0.4505491256713867,-1.6945087909698486,-1.6849822998046875
76162459100,-0.47633516788482666,-0.15359210968017578,-0.5,-0.46520137786865234,-1.5479862689971924,-1.6752128601074219
76165462050,-0.476835161447525,-0.1539754867553711,-0.5,-0.47252750396728516,-1.4747250080108643,-1.714284896850586
76168465000,-0.4788351356983185,-0.15589332580566406,-0.5,-0.4212455749511719,-1.987544298171997,-1.6752128601074219
76171467950,-0.47933512926101685,-0.15627670288085938,-0.5,-0.4432229995727539,-1.7677700519561768,-1.6752128601074219
76174470900,-0.4803351163864136,-0.15704345703125,-0.5,-0.46520137786865234,-1.5479862689971924,-1.7240543365478516
76177182150,-0.4843350648880005,-0.16049575805664062,-0.5,-0.4432229995727539,-1.7677700519561768,-1.7435894012451172
76179787513,-0.4853350520133972,-0.16164684295654297,-0.5,-0.4358978271484375,-1.8410217761993408,-1.7045173645019531
76182392876,-0.4858350455760956,-0.1624135971069336,-0.5,-0.47252750396728516,-1.4747250080108643,-1.7240543365478516
76184998239,-0.4868350327014923,-0.1627969741821289,-0.5,-0.45787525177001953,-1.6212475299835205,-1.7728939056396484
76187603602,-0.48783501982688904,-0.16356372833251953,-0.5,-0.41391944885253906,-2.060805559158325,-1.7045173645019531
76190208965,-0.4883350133895874,-0.16394710540771484,-0.5,-0.40659332275390625,-2.1340668201446533,-1.6752128601074219
76192814328,-0.48933500051498413,-0.1650981903076172,-0.5,-0.45787525177001953,-1.6212475299835205,-1.6947498321533203
76195419691,-0.4898349940776825,-0.1654815673828125,-0.5,-0.4505491256713867,-1.6945087909698486,-1.7240543365478516
76198025054,-0.4943349361419678,-0.16931629180908203,-0.5,-0.3919410705566406,-2.2805893421173096,-1.7045173645019531
76200630417,-0.49633491039276123,-0.171234130859375,-0.5,-0.4358978271484375,-1.8410217761993408,-1.8021984100341797
76203235780,-0.4968349039554596,-0.1716175079345703,-0.5,-0.41391944885253906,-2.060805559158325,-1.8119659423828125
76205841143,-0.49733489751815796,-0.17200088500976562,-0.5,-0.4432229995727539,-1.7677700519561768,-1.792428970336914
76208446506,-0.49883487820625305,-0.17353534698486328,-0.5,-0.4871797561645508,-1.328202486038208,-1.8412704467773438
76211051869,-0.4993348717689514,-0.1739187240600586,-0.5,-0.4505491256713867,-1.6945087909698486,-1.8705730438232422
76213657232,-0.5003348588943481,-0.17468547821044922,-0.5,-0.4212455749511719,-1.987544298171997,-1.8217334747314453
76216262595,-0.5008348822593689,-0.17506885528564453,-0.5,-0.40659332275390625,-2.1340668201446533,-1.792428970336914
76220609850,-0.5068351626396179,-0.18043804168701172,-0.5,-0.4358978271484375,-1.8410217761993408,-1.8021984100341797
76224957100,-0.5073351860046387,-0.18082141876220703,-0.5,-0.4285717010498047,-1.914283037185669,-1.7826614379882812
76229304350,-0.5083352327346802,-0.18158817291259766,-0.5,-0.4358978271484375,-1.8410217761993408,-1.8315010070800781
76233651600,-0.5093352794647217,-0.18235492706298828,-0.5,-0.4212455749511719,-1.987544298171997,-1.8315010070800781
76237998850,-0.5133354663848877,-0.18619060516357422,-0.5,-0.47252750396728516,-1.4747250080108643,-1.714284896850586
76242346100,-0.5143355131149292,-0.18734073638916016,-0.5,-0.46520137786865234,-1.5479862689971924,-1.75335693359375
76246693350,-0.5173356533050537,-0.18964195251464844,-0.5,-0.4432229995727539,-1.7677700519561768,-1.7045173645019531
76251040600,-0.5183357000350952,-0.19079208374023438,-0.5,-0.46520137786865234,-1.5479862689971924,-1.7631263732910156
76254851190,-0.5253360271453857,-0.19654464721679688,-0.5,-0.4285717010498047,-1.914283037185669,-1.7435894012451172
76258007105,-0.5258360505104065,-0.1973114013671875,-0.5,-0.4285717010498047,-1.914283037185669,-1.7240543365478516
76261163020,-0.526836097240448,-0.19807910919189453,-0.5,-0.47252750396728516,-1.4747250080108643,-1.7435894012451172
76264318935,-0.5278361439704895,-0.19922924041748047,-0.5,-0.4505491256713867,-1.6945087909698486,-1.792428970336914
76267474850,-0.528836190700531,-0.1999959945678711,-0.5,-0.4432229995727539,-1.7677700519561768,-1.7435894012451172
76270630765,-0.5313363075256348,-0.20191383361816406,-0.5,-0.4285717010498047,-1.914283037185669,-1.792428970336914
76273786680,-0.5318363308906555,-0.20229721069335938,-0.5,-0.41391944885253906,-2.060805559158325,-1.75335693359375
76276942595,-0.5353364944458008,-0.2057485580444336,-0.5,-0.46520137786865234,-1.5479862689971924,-1.6849822998046875
76280098510,-0.5363365411758423,-0.20689868927001953,-0.5,-0.47252750396728516,-1.4747250080108643,-1.7338218688964844
76283254425,-0.5373365879058838,-0.20728302001953125,-0.5,-0.4505491256713867,-1.6945087909698486,-1.75335693359375
76286410340,-0.5378366112709045,-0.20804977416992188,-0.5,-0.4212455749511719,-1.987544298171997,-1.714284896850586
76289566255,-0.5393366813659668,-0.2091999053955078,-0.5,-0.4212455749511719,-1.987544298171997,-1.6752128601074219
76292722170,-0.5398367047309875,-0.20958328247070312,-0.5,-0.4285717010498047,-1.914283037185669,-1.7338218688964844
76295878085,-0.540836751461029,-0.21035099029541016,-0.5,-0.4212455749511719,-1.987544298171997,-1.7435894012451172
76299034000,-0.5423368215560913,-0.2118844985961914,-0.5,-0.47252750396728516,-1.4747250080108643,-1.7728939056396484
76301893650,-0.5458369851112366,-0.2149524688720703,-0.5,-0.4358978271484375,-1.8410217761993408,-1.8021984100341797
76304753300,-0.5473370552062988,-0.21610260009765625,-0.5,-0.4212455749511719,-1.987544298171997,-1.8119659423828125
76307612950,-0.5488371253013611,-0.2176370620727539,-0.5,-0.45787525177001953,-1.6212475299835205,-1.7631263732910156
76310472600,-0.5503371953964233,-0.21878719329833984,-0.5,-0.46520137786865234,-1.5479862689971924,-1.8217334747314453
76313332250,-0.5513372421264648,-0.2199382781982422,-0.5,-0.4432229995727539,-1.7677700519561768,-1.7728939056396484
76316191900,-0.5518372654914856,-0.2203216552734375,-0.5,-0.4358978271484375,-1.8410217761993408,-1.792428970336914
76319051550,-0.5528373122215271,-0.22108840942382812,-0.5,-0.4212455749511719,-1.987544298171997,-1.8412704467773438
76321911200,-0.5538373589515686,-0.22185516357421875,-0.5,-0.41391944885253906,-2.060805559158325,-1.792428970336914
76324637000,-0.5563374757766724,-0.22415733337402344,-0.5,-0.45787525177001953,-1.6212475299835205,-1.792428970336914
76327362800,-0.5583375692367554,-0.2260751724243164,-0.5,-0.47985363006591797,-1.4014637470245361,-1.8315010070800781
76330088600,-0.5588375926017761,-0.22645854949951172,-0.5,-0.4432229995727539,-1.7677700519561768,-1.8510379791259766
76332814400,-0.5598376393318176,-0.22722530364990234,-0.5,-0.40659332275390625,-2.1340668201446533,-1.8021984100341797
76335540200,-0.5613377094268799,-0.22837543487548828,-0.5,-0.4212455749511719,-1.987544298171997,-1.7240543365478516
76338266000,-0.5628377795219421,-0.22990989685058594,-0.5,-0.45787525177001953,-1.6212475299835205,-1.792428970336914
76340991800,-0.5638378262519836,-0.23067665100097656,-0.5,-0.45787525177001953,-1.6212475299835205,-1.75335693359375
76343717600,-0.5648378729820251,-0.2318267822265625,-0.5,-0.46520137786865234,-1.5479862689971924,-1.8021984100341797
76346355991,-0.5688380599021912,-0.2348947525024414,-0.5,-0.4432229995727539,-1.7677700519561768,-1.792428970336914
76348994378,-0.5698381066322327,-0.23604583740234375,-0.5,-0.4285717010498047,-1.914283037185669,-1.7435894012451172
76351632765,-0.5703381299972534,-0.23642921447753906,-0.5,-0.4358978271484375,-1.8410217761993408,-1.7338218688964844
76354271152,-0.5713381767272949,-0.2371959686279297,-0.5,-0.46520137786865234,-1.5479862689971924,-1.792428970336914
76356909539,-0.5723382234573364,-0.23834705352783203,-0.5,-0.4505491256713867,-1.6945087909698486,-1.792428970336914
76359547926,-0.5733382701873779,-0.23911380767822266,-0.5,-0.45787525177001953,-1.6212475299835205,-1.7435894012451172
76362186313,-0.5743383169174194,-0.2402639389038086,-0.5,-0.45787525177001953,-1.6212475299835205,-1.7826614379882812
76364824700,-0.5753383636474609,-0.2406473159790039,-0.5,-0.4505491256713867,-1.6945087909698486,-1.7728939056396484
76368542141,-0.58133864402771,-0.2463998794555664,-0.5,-0.47252750396728516,-1.4747250080108643,-1.7338218688964844
76371773404,-0.5818386673927307,-0.24678325653076172,-0.5,-0.4358978271484375,-1.8410217761993408,-1.6556777954101562
76375004667,-0.5838387608528137,-0.24831771850585938,-0.5,-0.4358978271484375,-1.8410217761993408,-1.665445327758789
76378235930,-0.5848388075828552,-0.2494678497314453,-0.5,-0.4432229995727539,-1.7677700519561768,-1.6947498321533203
76381467193,-0.585338830947876,-0.24985122680664062,-0.5,-0.4285717010498047,-1.914283037185669,-1.6752128601074219
76384698456,-0.587338924407959,-0.2517690658569336,-0.5,-0.47985363006591797,-1.4014637470245361,-1.7728939056396484
76387929719,-0.5888389945030212,-0.25291919708251953,-0.5,-0.4285717010498047,-1.914283037185669,-1.7240543365478516
76391160982,-0.5903390645980835,-0.2540702819824219,-0.5,-0.4505491256713867,-1.6945087909698486,-1.8119659423828125
76394392245,-0.5928391814231873,-0.25637054443359375,-0.5,-0.45787525177001953,-1.6212475299835205,-1.7338218688964844
76397623508,-0.5938392281532288,-0.2575216293334961,-0.5,-0.47985363006591797,-1.4014637470245361,-1.8021984100341797
76400854771,-0.595339298248291,-0.25867176055908203,-0.5,-0.41391944885253906,-2.060805559158325,-1.792428970336914
76404086034,-0.597339391708374,-0.2602062225341797,-0.5,-0.4212455749511719,-1.987544298171997,-1.9096450805664062
76407317297,-0.5983394384384155,-0.2609729766845703,-0.5,-0.3919410705566406,-2.2805893421173096,-1.8315010070800781
76410548560,-0.5988394618034363,-0.2613563537597656,-0.5,-0.40659332275390625,-2.1340668201446533,-1.8119659423828125
76413779823,-0.5998395085334778,-0.26250648498535156,-0.5,-0.4871797561645508,-1.328202486038208,-1.8705730438232422
76417011086,-0.60133957862854,-0.2636575698852539,-0.5,-0.4505491256713867,-1.6945087909698486,-1.8217334747314453
76419579075,-0.605339765548706,-0.2671089172363281,-0.5,-0.41391944885253906,-2.060805559158325,-1.7338218688964844
76422147050,-0.6058397889137268,-0.26787567138671875,-0.5,-0.4432229995727539,-1.7677700519561768,-1.7631263732910156
76424715025,-0.6063398122787476,-0.26825904846191406,-0.5,-0.46520137786865234,-1.5479862689971924,-1.8021984100341797
76427283000,-0.6078398823738098,-0.2694101333618164,-0.5,-0.4432229995727539,-1.7677700519561768,-1.7826614379882812
76429850975,-0.6083399057388306,-0.27017688751220703,-0.5,-0.4505491256713867,-1.6945087909698486,-1.8021984100341797
76432418950,-0.6103399991989136,-0.27132701873779297,-0.5,-0.4212455749511719,-1.987544298171997,-1.8412704467773438
76434986925,-0.6108400225639343,-0.2717103958129883,-0.5,-0.3919410705566406,-2.2805893421173096,-1.792428970336914
76437554900,-0.6118400692939758,-0.2728614807128906,-0.5,-0.4358978271484375,-1.8410217761993408,-1.7826614379882812
76440185550,-0.6148402094841003,-0.2755460739135742,-0.5,-0.4505491256713867,-1.6945087909698486,-1.7631263732910156
76442512753,-0.6153402328491211,-0.27631282806396484,-0.5,-0.47252750396728516,-1.4747250080108643,-1.8412704467773438
76444839956,-0.6163402795791626,-0.27669620513916016,-0.5,-0.4505491256713867,-1.6945087909698486,-1.8510379791259766
76447167159,-0.6173403263092041,-0.2774629592895508,-0.5,-0.4212455749511719,-1.987544298171997,-1.7826614379882812
76449494362,-0.6193404197692871,-0.27938079833984375,-0.5,-0.4358978271484375,-1.8410217761993408,-1.8510379791259766
76451821565,-0.6198404431343079,-0.27976417541503906,-0.5,-0.4212455749511719,-1.987544298171997,-1.8119659423828125
76454148768,-0.6208404898643494,-0.2805309295654297,-0.5,-0.4212455749511719,-1.987544298171997,-1.7338218688964844
76456475971,-0.6223405599594116,-0.28206539154052734,-0.5,-0.47252750396728516,-1.4747250080108643,-1.8021984100341797
76458803174,-0.6248406767845154,-0.28474998474121094,-0.5,-0.4945058822631836,-1.2549412250518799,-1.8021984100341797
76461130377,-0.6258407235145569,-0.28513336181640625,-0.5,-0.4432229995727539,-1.7677700519561768,-1.7826614379882812
76463457580,-0.6263407468795776,-0.28551769256591797,-0.5,-0.40659332275390625,-2.1340668201446533,-1.7338218688964844
76465784783,-0.6273407936096191,-0.2862844467163086,-0.5,-0.40659332275390625,-2.1340668201446533,-1.6752128601074219
76468111986,-0.6283408403396606,-0.28743553161621094,-0.5,-0.4432229995727539,-1.7677700519561768,-1.75335693359375
76470439189,-0.6288408637046814,-0.28781890869140625,-0.5,-0.4505491256713867,-1.6945087909698486,-1.7728939056396484
76472766392,-0.6298409104347229,-0.2885856628417969,-0.5,-0.4212455749511719,-1.987544298171997,-1.7240543365478516
76475093595,-0.6303409337997437,-0.2893524169921875,-0.5,-0.4432229995727539,-1.7677700519561768,-1.7240543365478516
76479281150,-0.6398413777351379,-0.2974061965942383,-0.5,-0.4358978271484375,-1.8410217761993408,-1.8021984100341797
76483468700,-0.6408414244651794,-0.2981729507446289,-0.5,-0.4212455749511719,-1.987544298171997,-1.8901100158691406
76487656250,-0.6423414945602417,-0.29932308197021484,-0.5,-0.3846149444580078,-2.3538506031036377,-1.8412704467773438
76491843800,-0.6433415412902832,-0.3004741668701172,-0.5,-0.4432229995727539,-1.7677700519561768,-1.8021984100341797
76496031350,-0.643841564655304,-0.3008575439453125,-0.5,-0.47252750396728516,-1.4747250080108643,-1.8315010070800781
76500218900,-0.6448416113853455,-0.3016242980957031,-0.5,-0.46520137786865234,-1.5479862689971924,-1.8608055114746094
76504406450,-0.645841658115387,-0.30277538299560547,-0.5,-0.46520137786865234,-1.5479862689971924,-1.8217334747314453
76508594000,-0.6468417048454285,-0.3035421371459961,-0.5,-0.47985363006591797,-1.4014637470245361,-1.8901100158691406
76511811150,-0.6508418917655945,-0.3069934844970703,-0.5,-0.45787525177001953,-1.6212475299835205,-1.8315010070800781
76515028300,-0.6523419618606567,-0.30814361572265625,-0.5,-0.4358978271484375,-1.8410217761993408,-1.8119659423828125
76518245450,-0.653842031955719,-0.3096780776977539,-0.5,-0.4432229995727539,-1.7677700519561768,-1.9291820526123047
76521462600,-0.6548420786857605,-0.3100614547729492,-0.5,-0.40659332275390625,-2.1340668201446533,-1.8998775482177734
76524679750,-0.6573421955108643,-0.3123626708984375,-0.5,-0.4285717010498047,-1.914283037185669,-1.9194145202636719
76527896900,-0.6583422422409058,-0.3131294250488281,-0.5,-0.41391944885253906,-2.060805559158325,-1.8608055114746094
76531114050,-0.6593422889709473,-0.31427955627441406,-0.5,-0.4432229995727539,-1.7677700519561768,-1.8510379791259766
76534331200,-0.6603423357009888,-0.3150472640991211,-0.5,-0.4432229995727539,-1.7677700519561768,-1.9194145202636719
76537409741,-0.6643425226211548,-0.3184986114501953,-0.5,-0.40659332275390625,-2.1340668201446533,-1.8412704467773438
76540103484,-0.6653425693511963,-0.31926536560058594,-0.5,-0.4212455749511719,-1.987544298171997,-1.7728939056396484
76542797227,-0.6668426394462585,-0.3207988739013672,-0.5,-0.4432229995727539,-1.7677700519561768,-1.8315010070800781
76545490970,-0.6678426861763,-0.3215665817260742,-0.5,-0.4358978271484375,-1.8410217761993408,-1.792428970336914
76548184713,-0.6688427329063416,-0.32271671295166016,-0.5,-0.4871797561645508,-1.328202486038208,-1.792428970336914
76550878456,-0.6703428030014038,-0.3238668441772461,-0.5,-0.4285717010498047,-1.914283037185669,-1.8412704467773438
76553572199,-0.6718428730964661,-0.32501792907714844,-0.5,-0.4358978271484375,-1.8410217761993408,-1.75335693359375
76556265942,-0.6723428964614868,-0.32540130615234375,-0.5,-0.4432229995727539,-1.7677700519561768,-1.7826614379882812
76558959685,-0.6763430833816528,-0.3292360305786133,-0.5,-0.45787525177001953,-1.6212475299835205,-1.8608055114746094
76561653428,-0.6768431067466736,-0.3296194076538086,-0.5,-0.4358978271484375,-1.8410217761993408,-1.8412704467773438
76564347171,-0.6778431534767151,-0.3303871154785156,-0.5,-0.4505491256713867,-1.6945087909698486,-1.7826614379882812
76567040914,-0.6783431768417358,-0.33077049255371094,-0.5,-0.4432229995727539,-1.7677700519561768,-1.792428970336914
76569734657,-0.6798432469367981,-0.3319206237792969,-0.5,-0.3919410705566406,-2.2805893421173096,-1.8315010070800781
76572428400,-0.6803432703018188,-0.3323040008544922,-0.5,-0.3919410705566406,-2.2805893421173096,-1.8021984100341797
76575122143,-0.6813433170318604,-0.33345508575439453,-0.5,-0.4505491256713867,-1.6945087909698486,-1.7728939056396484
76577815886,-0.6818433403968811,-0.33383846282958984,-0.5,-0.47985363006591797,-1.4014637470245361,-1.792428970336914
76580589250,-0.6858435273170471,-0.33728981018066406,-0.5,-0.39926719665527344,-2.2073280811309814,-1.8608055114746094
76583362600,-0.6863435506820679,-0.33728981018066406,-0.5,-0.3699636459350586,-2.50036358833313,-1.8315010070800781
76586135950,-0.6873435974121094,-0.33843994140625,-0.5,-0.40659332275390625,-2.1340668201446533,-1.7631263732910156
76588909300,-0.6888436675071716,-0.33997440338134766,-0.5,-0.45787525177001953,-1.6212475299835205,-1.792428970336914
76591682650,-0.6898437142372131,-0.3411245346069336,-0.5,-0.46520137786865234,-1.5479862689971924,-1.8021984100341797
76594456000,-0.6903437376022339,-0.3415079116821289,-0.5,-0.4945058822631836,-1.2549412250518799,-1.8021984100341797
76597229350,-0.6923438310623169,-0.34265899658203125,-0.5,-0.3919410705566406,-2.2805893421173096,-1.8901100158691406
76600002700,-0.6928438544273376,-0.34304237365722656,-0.5,-0.3846149444580078,-2.3538506031036377,-1.8608055114746094
76603661291,-0.7003442049026489,-0.3499460220336914,-0.5,-0.4432229995727539,-1.7677700519561768,-1.8608055114746094
76607319878,-0.7013442516326904,-0.35071277618408203,-0.5,-0.4432229995727539,-1.7677700519561768,-1.8803424835205078
76610978465,-0.7018442749977112,-0.35109615325927734,-0.5,-0.41391944885253906,-2.060805559158325,-1.8901100158691406
76614637052,-0.7033443450927734,-0.352630615234375,-0.5,-0.4432229995727539,-1.7677700519561768,-1.8608055114746094
76618295639,-0.7043443918228149,-0.3530139923095703,-0.5,-0.4432229995727539,-1.7677700519561768,-1.8803424835205078
76621954226,-0.7048444151878357,-0.3533973693847656,-0.5,-0.4212455749511719,-1.987544298171997,-1.8901100158691406
76625612813,-0.706344485282898,-0.3549318313598633,-0.5,-0.4285717010498047,-1.914283037185669,-1.8901100158691406
76629271400,-0.7073445320129395,-0.3556985855102539,-0.5,-0.4505491256713867,-1.6945087909698486,-1.8901100158691406
76632151100,-0.7113447189331055,-0.3591499328613281,-0.5,-0.4358978271484375,-1.8410217761993408,-1.8705730438232422
76634718806,-0.7133448123931885,-0.3610677719116211,-0.5,-0.47252750396728516,-1.4747250080108643,-1.8217334747314453
76637286512,-0.71434485912323,-0.3618345260620117,-0.5,-0.4505491256713867,-1.6945087909698486,-1.8510379791259766
76639854218,-0.7153449058532715,-0.36260128021240234,-0.5,-0.4358978271484375,-1.8410217761993408,-1.8510379791259766
76642421924,-0.716344952583313,-0.3637514114379883,-0.5,-0.4285717010498047,-1.914283037185669,-1.7728939056396484
76644989630,-0.7168449759483337,-0.3641357421875,-0.5,-0.40659332275390625,-2.1340668201446533,-1.7826614379882812
76647557336,-0.7178450226783752,-0.3645191192626953,-0.5,-0.39926719665527344,-2.2073280811309814,-1.8021984100341797
76650125042,-0.7188450694084167,-0.36566925048828125,-0.5,-0.4285717010498047,-1.914283037185669,-1.8217334747314453
76652692748,-0.7218452095985413,-0.36873722076416016,-0.5,-0.47252750396728516,-1.4747250080108643,-1.8705730438232422
76655260454,-0.7228452563285828,-0.36912059783935547,-0.5,-0.4505491256713867,-1.6945087909698486,-1.8217334747314453
76657828160,-0.7233452796936035,-0.3695039749145508,-0.5,-0.4285717010498047,-1.914283037185669,-1.8119659423828125
76660395866,-0.724345326423645,-0.3702716827392578,-0.5,-0.3919410705566406,-2.2805893421173096,-1.8315010070800781
76662963572,-0.7253453731536865,-0.37142181396484375,-0.5,-0.41391944885253906,-2.060805559158325,-1.8119659423828125
76665531278,-0.7258453965187073,-0.37180519104003906,-0.5,-0.4432229995727539,-1.7677700519561768,-1.7826614379882812
76668098984,-0.7273454666137695,-0.3733396530151367,-0.5,-0.4358978271484375,-1.8410217761993408,-1.792428970336914
76670666690,-0.728345513343811,-0.37410640716552734,-0.5,-0.4871797561645508,-1.328202486038208,-1.792428970336914
76673227566,-0.7318456768989563,-0.37679100036621094,-0.5,-0.4212455749511719,-1.987544298171997,-1.8412704467773438
76675788428,-0.7328457236289978,-0.3779411315917969,-0.5,-0.4285717010498047,-1.914283037185669,-1.7826614379882812
76678349290,-0.7338457703590393,-0.3787078857421875,-0.5,-0.45787525177001953,-1.6212475299835205,-1.8119659423828125
76680910152,-0.7348458170890808,-0.37985897064208984,-0.5,-0.5018310546875,-1.1816895008087158,-1.8021984100341797
76683471014,-0.7358458638191223,-0.38062572479248047,-0.5,-0.47985363006591797,-1.4014637470245361,-1.8021984100341797
76686031876,-0.7368459105491638,-0.3813924789428711,-0.5,-0.4505491256713867,-1.6945087909698486,-1.8412704467773438
76688592738,-0.7378459572792053,-0.3821592330932617,-0.5,-0.41391944885253906,-2.060805559158325,-1.8119659423828125
76691153600,-0.7383459806442261,-0.38254356384277344,-0.5,-0.41391944885253906,-2.060805559158325,-1.7728939056396484
76693782350,-0.7413461208343506,-0.3852272033691406,-0.5,-0.4505491256713867,-1.6945087909698486,-1.8021984100341797
76696411100,-0.7423461675643921,-0.38637828826904297,-0.5,-0.4358978271484375,-1.8410217761993408,-1.8217334747314453
76699039850,-0.7438462376594543,-0.3875284194946289,-0.5,-0.4212455749511719,-1.987544298171997,-1.9291820526123047
76701668600,-0.7448462843894958,-0.38829517364501953,-0.5,-0.4285717010498047,-1.987544298171997,-1.8608055114746094
76704297350,-0.7458463311195374,-0.38906288146972656,-0.5,-0.41391944885253906,-2.060805559158325,-1.8608055114746094
76706926100,-0.7468463778495789,-0.3898296356201172,-0.5,-0.41391944885253906,-2.060805559158325,-1.9096450805664062
76709554850,-0.7483464479446411,-0.39136314392089844,-0.5,-0.4212455749511719,-1.987544298171997,-1.8803424835205078
76712183600,-0.7488464713096619,-0.39174747467041016,-0.5,-0.4212455749511719,-1.987544298171997,-1.8705730438232422
76715994166,-0.7568468451499939,-0.3986501693725586,-0.5,-0.4432229995727539,-1.7677700519561768,-1.9194145202636719
76719284088,-0.7588469386100769,-0.40018367767333984,-0.5,-0.4505491256713867,-1.6945087909698486,-1.9096450805664062
76722574010,-0.7593469619750977,-0.4009513854980469,-0.5,-0.45787525177001953,-1.6212475299835205,-1.9389495849609375
76725863932,-0.7608470320701599,-0.4017181396484375,-0.5,-0.4285717010498047,-1.914283037185669,-1.8998775482177734
76729153854,-0.7613470554351807,-0.4021015167236328,-0.5,-0.39926719665527344,-2.2073280811309814,-1.8608055114746094
76732443776,-0.7623471021652222,-0.40286827087402344,-0.5,-0.40659332275390625,-2.1340668201446533,-1.8510379791259766
76735733698,-0.7633471488952637,-0.4040193557739258,-0.5,-0.4212455749511719,-1.987544298171997,-1.9096450805664062
76739023620,-0.7643471956253052,-0.4047861099243164,-0.5,-0.4285717010498047,-1.914283037185669,-1.8803424835205078
76742313542,-0.7673473358154297,-0.407470703125,-0.5,-0.4358978271484375,-1.8410217761993408,-1.9096450805664062
76745603464,-0.7683473825454712,-0.4082374572753906,-0.5,-0.40659332275390625,-2.1340668201446533,-1.8705730438232422
76748893386,-0.7688474059104919,-0.40862083435058594,-0.5,-0.39926719665527344,-2.2073280811309814,-1.8803424835205078
76752183308,-0.770847499370575,-0.41015625,-0.5,-0.40659332275390625,-2.1340668201446533,-1.8901100158691406
76755473230,-0.7723475694656372,-0.41207313537597656,-0.5,-0.4505491256713867,-1.6945087909698486,-1.8998775482177734
76758763152,-0.7733476161956787,-0.4128398895263672,-0.5,-0.47252750396728516,-1.4747250080108643,-1.9291820526123047
76762053074,-0.7743476629257202,-0.4136075973510742,-0.5,-0.4505491256713867,-1.6945087909698486,-1.8803424835205078
76765342996,-0.7753477096557617,-0.41437435150146484,-0.5,-0.4285717010498047,-1.914283037185669,-1.8998775482177734
76767930525,-0.7798479199409485,-0.4182090759277344,-0.5,-0.4871797561645508,-1.328202486038208,-1.8315010070800781
76770344150,-0.7803479433059692,-0.418975830078125,-0.5,-0.46520137786865234,-1.5479862689971924,-1.8217334747314453
76772757775,-0.7813479900360107,-0.41974353790283203,-0.5,-0.46520137786865234,-1.5479862689971924,-1.8412704467773438
76775171400,-0.7823480367660522,-0.42051029205322266,-0.5,-0.4432229995727539,-1.7677700519561768,-1.9096450805664062
76777585025,-0.7838481068611145,-0.4212770462036133,-0.5,-0.3846149444580078,-2.3538506031036377,-1.792428970336914
76779998650,-0.7843481302261353,-0.4220438003540039,-0.5,-0.3846149444580078,-2.3538506031036377,-1.7631263732910156
76782412275,-0.7853481769561768,-0.42281150817871094,-0.5,-0.4432229995727539,-1.7677700519561768,-1.8315010070800781
76784825900,-0.7858482003211975,-0.42357826232910156,-0.5,-0.4505491256713867,-1.6945087909698486,-1.8608055114746094
76787239525,-0.788848340511322,-0.42587947845458984,-0.5,-0.4432229995727539,-1.7677700519561768,-1.9682540893554688
76789653150,-0.7893483638763428,-0.42626285552978516,-0.5,-0.41391944885253906,-2.060805559158325,-1.9682540893554688
76792066775,-0.7903484106063843,-0.4270296096801758,-0.5,-0.3846149444580078,-2.3538506031036377,-1.8901100158691406
76794480400,-0.7913484573364258,-0.4281797409057617,-0.5,-0.4212455749511719,-1.987544298171997,-1.9096450805664062
76796894025,-0.7918484807014465,-0.42856407165527344,-0.5,-0.4432229995727539,-1.7677700519561768,-1.9487171173095703
76799307650,-0.792848527431488,-0.42933082580566406,-0.5,-0.41391944885253906,-2.060805559158325,-1.9487171173095703
76801721275,-0.7943485975265503,-0.43048095703125,-0.5,-0.4285717010498047,-1.914283037185669,-1.8998775482177734
76804134900,-0.794848620891571,-0.4308643341064453,-0.5,-0.4358978271484375,-1.8410217761993408,-1.9487171173095703
76806783641,-0.7993488311767578,-0.43470001220703125,-0.5,-0.4212455749511719,-1.987544298171997,-1.9877891540527344
76809432378,-0.8008489012718201,-0.4358501434326172,-0.5,-0.40659332275390625,-2.1340668201446533,-1.8901100158691406
76812081115,-0.8013489246368408,-0.4362335205078125,-0.5,-0.40659332275390625,-2.1340668201446533,-1.8998775482177734
76814729852,-0.8023489713668823,-0.43738365173339844,-0.5,-0.4432229995727539,-1.7677700519561768,-1.9682540893554688
76817378589,-0.8028489947319031,-0.43776798248291016,-0.5,-0.4285717010498047,-1.914283037185669,-1.9487171173095703
76820027326,-0.8038490414619446,-0.4385347366333008,-0.5,-0.4432229995727539,-1.7677700519561768,-1.8998775482177734
76822676063,-0.8048490881919861,-0.4396848678588867,-0.5,-0.46520137786865234,-1.5479862689971924,-1.9780216217041016
76825324800,-0.8053491115570068,-0.4396848678588867,-0.5,-0.4432229995727539,-1.7677700519561768,-2.007326126098633
76829276400,-0.8118494153022766,-0.4454374313354492,-0.5,-0.4505491256713867,-1.6945087909698486,-2.0268611907958984
76833228000,-0.8133494853973389,-0.44658756256103516,-0.5,-0.39926719665527344,-2.2073280811309814,-1.9389495849609375
76837179600,-0.8148495554924011,-0.4477386474609375,-0.5,-0.4212455749511719,-1.987544298171997,-1.9487171173095703
76841131200,-0.8153495788574219,-0.4481220245361328,-0.5,-0.4212455749511719,-1.987544298171997,-1.958486557006836
76845082800,-0.8173359036445618,-0.4500389099121094,-0.5,-0.4505491256713867,-1.6945087909698486,-1.8998775482177734
76849034400,-0.8188222050666809,-0.4511899948120117,-0.5,-0.46520137786865234,-1.5479862689971924,-1.9780216217041016
76852986000,-0.819813072681427,-0.45195674896240234,-0.5,-0.40659332275390625,-2.1340668201446533,-1.9096450805664062
76856937600,-0.8208039402961731,-0.45272350311279297,-0.5,-0.4212455749511719,-1.987544298171997,-1.9194145202636719
76859915766,-0.8252401947975159,-0.4569425582885742,-0.5,-0.47252750396728516,-1.4747250080108643,-1.9389495849609375
76862893928,-0.8267129063606262,-0.45809268951416016,-0.5,-0.45787525177001953,-1.6212475299835205,-1.8901100158691406
76865872090,-0.8276947140693665,-0.4588594436645508,-0.5,-0.4212455749511719,-1.987544298171997,-1.9291820526123047
76868850252,-0.8286765217781067,-0.4596271514892578,-0.5,-0.39926719665527344,-2.2073280811309814,-1.8998775482177734
76871828414,-0.8301447033882141,-0.46116065979003906,-0.5,-0.41391944885253906,-2.060805559158325,-1.792428970336914
76874806576,-0.8311174511909485,-0.4619274139404297,-0.5,-0.47252750396728516,-1.4747250080108643,-1.8608055114746094
76877784738,-0.8320901989936829,-0.46307849884033203,-0.5,-0.4505491256713867,-1.6945087909698486,-1.8608055114746094
76880762900,-0.83257657289505,-0.46346187591552734,-0.5,-0.4505491256713867,-1.5479862689971924,-1.8608055114746094
76884312450,-0.8369494080543518,-0.4672966003417969,-0.5,-0.4432229995727539,-1.7677700519561768,-1.8510379791259766
76887347933,-0.8412860035896301,-0.4707479476928711,-0.5,-0.40659332275390625,-2.1340668201446533,-1.8998775482177734
76890383416,-0.8417678475379944,-0.4711313247680664,-0.5,-0.3846149444580078,-2.3538506031036377,-1.8608055114746094
76893418899,-0.8427315354347229,-0.47228240966796875,-0.5,-0.4212455749511719,-1.987544298171997,-1.8705730438232422
76896454382,-0.8432133793830872,-0.47266674041748047,-0.5,-0.4432229995727539,-1.7677700519561768,-1.9096450805664062
76899489865,-0.8446474671363831,-0.4738168716430664,-0.5,-0.39926719665527344,-2.2073280811309814,-1.8803424835205078
76902525348,-0.8456035256385803,-0.47458362579345703,-0.5,-0.4212455749511719,-1.987544298171997,-1.8803424835205078
76905560831,-0.8465595841407776,-0.4757347106933594,-0.5,-0.4432229995727539,-1.7677700519561768,-1.9682540893554688
76908596314,-0.8494277596473694,-0.47841930389404297,-0.5,-0.4505491256713867,-1.6945087909698486,-1.9780216217041016
76911631797,-0.8503815531730652,-0.4788026809692383,-0.5,-0.41391944885253906,-2.060805559158325,-1.9780216217041016
76914667280,-0.8513330817222595,-0.4795694351196289,-0.5,-0.3772897720336914,-2.4271023273468018,-1.8998775482177734
76917702763,-0.852760374546051,-0.48110389709472656,-0.5,-0.4358978271484375,-1.8410217761993408,-1.9487171173095703
76920738246,-0.8532361388206482,-0.4814872741699219,-0.5,-0.4285717010498047,-1.914283037185669,-1.9682540893554688
76923773729,-0.8541876673698425,-0.4822540283203125,-0.5,-0.41391944885253906,-2.060805559158325,-1.9389495849609375
76926809212,-0.855614960193634,-0.48378753662109375,-0.5,-0.47985363006591797,-1.4014637470245361,-2.007326126098633
76929844695,-0.8565664887428284,-0.48417186737060547,-0.5,-0.40659332275390625,-2.1340668201446533,-2.0170936584472656
76932710650,-0.8593938946723938,-0.48685550689697266,-0.5,-0.4358978271484375,-1.8410217761993408,-2.007326126098633
76935576600,-0.8603363633155823,-0.4876232147216797,-0.5,-0.4212455749511719,-1.987544298171997,-1.9682540893554688
76938442550,-0.861750066280365,-0.48915672302246094,-0.5,-0.47252750396728516,-1.4747250080108643,-1.9780216217041016
76941308500,-0.8641015887260437,-0.4910745620727539,-0.5,-0.40659332275390625,-2.1340668201446533,-1.8998775482177734
76944174450,-0.8650394082069397,-0.49184131622314453,-0.5,-0.4212455749511719,-1.987544298171997,-1.958486557006836
76947040400,-0.8659772276878357,-0.49260807037353516,-0.5,-0.40659332275390625,-2.1340668201446533,-1.9682540893554688
76949906350,-0.8664461374282837,-0.49299144744873047,-0.5,-0.3919410705566406,-2.2805893421173096,-1.9389495849609375
76952772300,-0.8673839569091797,-0.4941425323486328,-0.5,-0.47252750396728516,-1.4747250080108643,-1.9096450805664062
76956002866,-0.874387800693512,-0.5006618499755859,-0.5,-0.45787525177001953,-1.6212475299835205,-1.8901100158691406
76959233428,-0.8748537302017212,-0.5010452270507812,-0.5,-0.4432229995727539,-1.7677700519561768,-1.8901100158691406
76962463990,-0.8757855892181396,-0.5018119812011719,-0.5,-0.4285717010498047,-1.914283037185669,-1.8510379791259766
76965694552,-0.8762515187263489,-0.5025796890258789,-0.5,-0.46520137786865234,-1.5479862689971924,-1.8608055114746094
76968925114,-0.8771818280220032,-0.5029630661010742,-0.5,-0.4358978271484375,-1.8410217761993408,-1.9194145202636719
76972155676,-0.8781121373176575,-0.5037298202514648,-0.5,-0.3919410705566406,-2.2805893421173096,-1.8998775482177734
76975386238,-0.8785772919654846,-0.5041131973266602,-0.5,-0.3772897720336914,-2.4271023273468018,-1.8705730438232422
76978616800,-0.8795076012611389,-0.5052633285522461,-0.5,-0.4505491256713867,-1.6945087909698486,-1.8608055114746094
76981481175,-0.8832257986068726,-0.5087156295776367,-0.5,-0.4432229995727539,-1.7677700519561768,-1.9389495849609375
76984239416,-0.885074257850647,-0.5106325149536133,-0.5,-0.4285717010498047,-1.914283037185669,-1.8510379791259766
76986997657,-0.8855363726615906,-0.5110158920288086,-0.5,-0.45787525177001953,-1.6212475299835205,-1.8608055114746094
76989755898,-0.8864606022834778,-0.5113992691040039,-0.5,-0.41391944885253906,-2.060805559158325,-1.8901100158691406
76992514139,-0.887384831905365,-0.5125503540039062,-0.5,-0.39926719665527344,-2.2073280811309814,-1.8705730438232422
76995272380,-0.8883090615272522,-0.5137004852294922,-0.5,-0.47985363006591797,-1.4014637470245361,-1.8608055114746094
76998030621,-0.8892332911491394,-0.5140838623046875,-0.5,-0.4358978271484375,-1.8410217761993408,-1.9194145202636719
77000788862,-0.8901559710502625,-0.5152349472045898,-0.5,-0.3846149444580078,-2.3538506031036377,-1.8901100158691406
77003547103,-0.8929240107536316,-0.5175352096557617,-0.5,-0.3846149444580078,-2.3538506031036377,-1.9291820526123047
77006305344,-0.8933853507041931,-0.5179195404052734,-0.5,-0.3772897720336914,-2.4271023273468018,-1.9096450805664062
77009063585,-0.8947693705558777,-0.5194530487060547,-0.5,-0.4358978271484375,-1.8410217761993408,-1.9194145202636719
77011821826,-0.8961533904075623,-0.5206031799316406,-0.5,-0.39926719665527344,-2.2073280811309814,-1.9877891540527344
77014580067,-0.8970760703086853,-0.521754264831543,-0.5,-0.45787525177001953,-1.6212475299835205,-1.99755859375
77017338308,-0.8975374102592468,-0.5221376419067383,-0.5,-0.47252750396728516,-1.4747250080108643,-2.0561656951904297
77020096549,-0.8989214301109314,-0.5229043960571289,-0.5,-0.3846149444580078,-2.3538506031036377,-2.0561656951904297
77022854790,-0.8998441100120544,-0.5236711502075195,-0.5,-0.39926719665527344,-2.2073280811309814,-1.99755859375
77025784841,-0.9030675292015076,-0.5271234512329102,-0.5,-0.4432229995727539,-1.7677700519561768,-1.99755859375
77028714878,-0.9049009680747986,-0.5282735824584961,-0.5,-0.3919410705566406,-2.2805893421173096,-2.046398162841797
77031644915,-0.9058176875114441,-0.529423713684082,-0.5,-0.40659332275390625,-2.1340668201446533,-2.007326126098633
77034574952,-0.9067344069480896,-0.5301914215087891,-0.5,-0.4432229995727539,-1.7677700519561768,-1.9877891540527344
77037504989,-0.9076511263847351,-0.5305747985839844,-0.5,-0.3919410705566406,-2.2805893421173096,-2.007326126098633
77040435026,-0.9085678458213806,-0.5317249298095703,-0.5,-0.3919410705566406,-2.2805893421173096,-1.9877891540527344
77043365063,-0.909483015537262,-0.5328750610351562,-0.5,-0.46520137786865234,-1.5479862689971924,-1.9682540893554688
77046295100,-0.9103981852531433,-0.5336427688598633,-0.5,-0.45787525177001953,-1.6212475299835205,-1.99755859375
77049652850,-0.913601279258728,-0.5363283157348633,-0.5,-0.3919410705566406,-2.2805893421173096,-1.9389495849609375
77053010600,-0.9145164489746094,-0.5370950698852539,-0.5,-0.3846149444580078,-2.3538506031036377,-1.9194145202636719
77056368350,-0.9158892035484314,-0.5386285781860352,-0.5,-0.4432229995727539,-1.7677700519561768,-1.8901100158691406
77059726100,-0.9177195429801941,-0.5405464172363281,-0.5,-0.45787525177001953,-1.6212475299835205,-1.958486557006836
77063083850,-0.9186347126960754,-0.5413131713867188,-0.5,-0.46520137786865234,-1.5479862689971924,-1.958486557006836
77066441600,-0.9204650521278381,-0.5424642562866211,-0.5,-0.3772897720336914,-2.4271023273468018,-1.9682540893554688
77069799350,-0.9213802218437195,-0.543614387512207,-0.5,-0.4358978271484375,-1.8410217761993408,-1.9291820526123047
77073157100,-0.9222938418388367,-0.5443811416625977,-0.5,-0.4432229995727539,-1.7677700519561768,-1.9389495849609375
77076520425,-0.928689181804657,-0.5505170822143555,-0.5,-0.4285717010498047,-1.914283037185669,-1.9194145202636719
77079883750,-0.9296028017997742,-0.5516681671142578,-0.5,-0.45787525177001953,-1.6212475299835205,-1.9096450805664062
77083247075,-0.9305164217948914,-0.5524349212646484,-0.5,-0.47252750396728516,-1.4747250080108643,-1.8901100158691406
77086610400,-0.9314300417900085,-0.5532016754150391,-0.5,-0.40659332275390625,-2.1340668201446533,-1.9096450805664062
77089973725,-0.9323436617851257,-0.5539684295654297,-0.5,-0.4358978271484375,-1.8410217761993408,-1.9096450805664062
77093337050,-0.9337140917778015,-0.555119514465332,-0.5,-0.4358978271484375,-1.8410217761993408,-1.8705730438232422
77096700375,-0.9341709017753601,-0.5555028915405273,-0.5,-0.39926719665527344,-2.2073280811309814,-1.8901100158691406
77100063700,-0.9350845217704773,-0.5566530227661133,-0.5,-0.41391944885253906,-2.060805559158325,-1.9194145202636719
77102845116,-0.938739001750946,-0.5601043701171875,-0.5,-0.4505491256713867,-1.6945087909698486,-1.958486557006836
77105670848,-0.9396526217460632,-0.5608720779418945,-0.5,-0.4285717010498047,-1.914283037185669,-1.9487171173095703
77108496580,-0.9405662417411804,-0.5616388320922852,-0.5,-0.40659332275390625,-2.1340668201446533,-2.007326126098633
77111322312,-0.9414798617362976,-0.5624055862426758,-0.5,-0.4285717010498047,-1.914283037185669,-2.007326126098633
77114148044,-0.9423934817314148,-0.5631723403930664,-0.5,-0.4285717010498047,-1.914283037185669,-1.9487171173095703
77116973776,-0.9428502917289734,-0.5635557174682617,-0.5,-0.3846149444580078,-2.3538506031036377,-1.9389495849609375
77119799508,-0.9446775317192078,-0.5654735565185547,-0.5,-0.4432229995727539,-1.7677700519561768,-1.9877891540527344
77122625240,-0.9451343417167664,-0.56585693359375,-0.5,-0.4432229995727539,-1.7677700519561768,-1.958486557006836
77125450972,-0.9478752017021179,-0.5681581497192383,-0.5,-0.4285717010498047,-1.914283037185669,-2.007326126098633
77128276704,-0.9492456316947937,-0.5693082809448242,-0.5,-0.3919410705566406,-2.2805893421173096,-1.9682540893554688
77131102436,-0.9501592516899109,-0.5700759887695312,-0.5,-0.39926719665527344,-2.2073280811309814,-1.99755859375
77133928168,-0.9506160616874695,-0.5708427429199219,-0.5,-0.4358978271484375,-1.8410217761993408,-1.99755859375
77136753900,-0.9524433016777039,-0.5723762512207031,-0.5,-0.4358978271484375,-1.8410217761993408,-1.9877891540527344
77139579632,-0.953356921672821,-0.5735273361206055,-0.5,-0.4505491256713867,-1.6945087909698486,-2.0268611907958984
77142405364,-0.9542705416679382,-0.5742940902709961,-0.5,-0.4432229995727539,-1.7677700519561768,-1.9780216217041016
77145231096,-0.955640971660614,-0.5750608444213867,-0.5,-0.3919410705566406,-2.2805893421173096,-1.9780216217041016
77147896066,-0.9588386416435242,-0.5781288146972656,-0.5,-0.4432229995727539,-1.7677700519561768,-2.0268611907958984
77150561028,-0.9592954516410828,-0.5788955688476562,-0.5,-0.4505491256713867,-1.6945087909698486,-2.046398162841797
77153225990,-0.9602090716362,-0.5796632766723633,-0.5,-0.4358978271484375,-1.8410217761993408,-2.007326126098633
77155890952,-0.9611226916313171,-0.5804300308227539,-0.5,-0.39926719665527344,-2.2073280811309814,-1.99755859375
77158555914,-0.9615795016288757,-0.5804300308227539,-0.5,-0.39926719665527344,-2.2073280811309814,-2.0170936584472656
77161220876,-0.9634067416191101,-0.5823478698730469,-0.5,-0.4285717010498047,-1.914283037185669,-1.9487171173095703
77163885838,-0.9643203616142273,-0.5834980010986328,-0.5,-0.4432229995727539,-1.7677700519561768,-1.9780216217041016
77166550800,-0.9647771716117859,-0.5838813781738281,-0.5,-0.4432229995727539,-1.7677700519561768,-2.007326126098633
77169662166,-0.9698082804679871,-0.588099479675293,-0.5,-0.41391944885253906,-2.060805559158325,-1.9389495849609375
77172773528,-0.9707234501838684,-0.5892505645751953,-0.5,-0.41391944885253906,-2.060805559158325,-1.99755859375
77175884890,-0.9720962047576904,-0.5904006958007812,-0.5,-0.4432229995727539,-1.7677700519561768,-1.958486557006836
77178996252,-0.9730136394500732,-0.5911674499511719,-0.5,-0.40659332275390625,-2.1340668201446533,-1.9096450805664062
77182107614,-0.9739333391189575,-0.5923185348510742,-0.5,-0.4358978271484375,-1.8410217761993408,-1.9487171173095703
77185218976,-0.9748530387878418,-0.5930852890014648,-0.5,-0.4432229995727539,-1.7677700519561768,-1.9096450805664062
77188330338,-0.9757727384567261,-0.5938520431518555,-0.5,-0.4212455749511719,-1.987544298171997,-1.8705730438232422
77191441700,-0.9766924381256104,-0.5946197509765625,-0.5,-0.4432229995727539,-1.7677700519561768,-1.9291820526123047
77195846925,-0.9845463633537292,-0.6019067764282227,-0.5,-0.4212455749511719,-1.987544298171997,-1.9682540893554688
77200252150,-0.9854721426963806,-0.6026735305786133,-0.5,-0.39926719665527344,-2.2073280811309814,-1.9877891540527344
77204657375,-0.9859380722045898,-0.6030569076538086,-0.5,-0.40659332275390625,-2.1340668201446533,-2.0170936584472656
77209062600,-0.9891995787620544,-0.6061248779296875,-0.5,-0.4505491256713867,-1.6945087909698486,-2.075702667236328
77213467825,-0.9901314377784729,-0.6068925857543945,-0.5,-0.4505491256713867,-1.6945087909698486,-2.0561656951904297
77217873050,-0.9910632967948914,-0.6076593399047852,-0.5,-0.3919410705566406,-2.2805893421173096,-2.007326126098633
77222278275,-0.9915292263031006,-0.6080427169799805,-0.5,-0.39926719665527344,-2.2073280811309814,-2.0170936584472656
77226683500,-0.9929315447807312,-0.6091928482055664,-0.5,-0.39926719665527344,-2.2073280811309814,-2.036630630493164
77229616616,-0.9976134896278381,-0.6134119033813477,-0.5,-0.41391944885253906,-2.060805559158325,-1.9682540893554688
77232216428,-0.9990264177322388,-0.6145620346069336,-0.5,-0.39926719665527344,-2.2073280811309814,-1.9877891540527344
77234816240,-0.9999794960021973,-0.6157121658325195,-0.5,-0.4212455749511719,-1.987544298171997,-1.9194145202636719
77237416052,-1.0009324550628662,-0.6164798736572266,-0.5,-0.4432229995727539,-1.7677700519561768,-2.036630630493164
77240015864,-1.0018854141235352,-0.6172466278076172,-0.5,-0.4358978271484375,-1.8410217761993408,-2.0561656951904297
77242615676,-1.002838373184204,-0.6180133819580078,-0.5,-0.40659332275390625,-2.1340668201446533,-2.0170936584472656
77245215488,-1.003791332244873,-0.6187801361083984,-0.5,-0.41391944885253906,-2.060805559158325,-1.9877891540527344
77247815300,-1.0042678117752075,-0.6191644668579102,-0.5,-0.40659332275390625,-2.1340668201446533,-2.007326126098633
77250415112,-1.0071357488632202,-0.6218481063842773,-0.5,-0.4432229995727539,-1.7677700519561768,-2.0268611907958984
77253014924,-1.0076144933700562,-0.6222324371337891,-0.5,-0.4358978271484375,-1.8410217761993408,-2.0952377319335938
77255614736,-1.008571982383728,-0.6229991912841797,-0.5,-0.4212455749511719,-1.987544298171997,-2.0952377319335938
77258214548,-1.0095294713974,-0.6237659454345703,-0.5,-0.39926719665527344,-2.2073280811309814,-1.99755859375
77260814360,-1.0104869604110718,-0.6249160766601562,-0.5,-0.41391944885253906,-2.060805559158325,-2.007326126098633
77263414172,-1.0114444494247437,-0.6256837844848633,-0.5,-0.3919410705566406,-2.2805893421173096,-2.046398162841797
77266013984,-1.0119231939315796,-0.6260671615600586,-0.5,-0.41391944885253906,-2.060805559158325,-2.0268611907958984
77268613796,-1.0128897428512573,-0.6268339157104492,-0.5,-0.4432229995727539,-1.7677700519561768,-2.0170936584472656
77271305175,-1.0167559385299683,-0.6302852630615234,-0.5,-0.4285717010498047,-1.914283037185669,-1.958486557006836
77273768463,-1.0182057619094849,-0.6314363479614258,-0.5,-0.4505491256713867,-1.6945087909698486,-1.99755859375
77276231751,-1.0191746950149536,-0.6325864791870117,-0.5,-0.4505491256713867,-1.6945087909698486,-1.9487171173095703
77278695039,-1.0196603536605835,-0.632969856262207,-0.5,-0.4505491256713867,-1.6945087909698486,-1.9487171173095703
77281158327,-1.0211173295974731,-0.634119987487793,-0.5,-0.41391944885253906,-2.060805559158325,-1.9780216217041016
77283621615,-1.021602988243103,-0.6345043182373047,-0.5,-0.39926719665527344,-2.2073280811309814,-1.9487171173095703
77286084903,-1.0225743055343628,-0.6352710723876953,-0.5,-0.41391944885253906,-2.060805559158325,-1.8705730438232422
77288548191,-1.0235456228256226,-0.6360378265380859,-0.5,-0.4212455749511719,-1.987544298171997,-1.8998775482177734
77291011479,-1.0269473791122437,-0.6391057968139648,-0.5,-0.4358978271484375,-1.8410217761993408,-2.0268611907958984
77293474767,-1.027920126914978,-0.6398725509643555,-0.5,-0.41391944885253906,-2.060805559158325,-2.007326126098633
77295938055,-1.0284065008163452,-0.6402559280395508,-0.5,-0.41391944885253906,-2.060805559158325,-1.9780216217041016
77298401343,-1.0293792486190796,-0.6410236358642578,-0.5,-0.40659332275390625,-2.1340668201446533,-1.9487171173095703
77300864631,-1.030351996421814,-0.6417903900146484,-0.5,-0.3846149444580078,-2.3538506031036377,-1.99755859375
77303327919,-1.0308383703231812,-0.6421737670898438,-0.5,-0.3772897720336914,-2.4271023273468018,-2.007326126098633
77305791207,-1.0318111181259155,-0.6433238983154297,-0.5,-0.4285717010498047,-1.914283037185669,-1.9877891540527344
77308254495,-1.0322974920272827,-0.6437082290649414,-0.5,-0.4432229995727539,-1.7677700519561768,-1.9877891540527344
77311747900,-1.0391067266464233,-0.6494598388671875,-0.5,-0.4358978271484375,-1.8410217761993408,-1.9780216217041016
77314774340,-1.0400794744491577,-0.6502275466918945,-0.5,-0.4432229995727539,-1.7677700519561768,-2.046398162841797
77317800780,-1.041052222251892,-0.6513776779174805,-0.5,-0.4505491256713867,-1.6945087909698486,-2.046398162841797
77320827220,-1.0415385961532593,-0.6517610549926758,-0.5,-0.47252750396728516,-1.4747250080108643,-2.046398162841797
77323853660,-1.0425113439559937,-0.6521444320678711,-0.5,-0.4358978271484375,-1.8410217761993408,-2.0659332275390625
77326880100,-1.0439704656600952,-0.6532955169677734,-0.5,-0.35531139373779297,-2.646886110305786,-2.0268611907958984
77329906540,-1.0444568395614624,-0.6536788940429688,-0.5,-0.3699636459350586,-2.50036358833313,-1.99755859375
77332932980,-1.045915961265564,-0.65521240234375,-0.5,-0.4358978271484375,-1.8410217761993408,-2.007326126098633
77335959420,-1.0487977266311646,-0.6575136184692383,-0.5,-0.41391944885253906,-2.060805559158325,-2.0952377319335938
77338985860,-1.0497583150863647,-0.6582803726196289,-0.5,-0.3699636459350586,-2.50036358833313,-2.0952377319335938
77342012300,-1.0502386093139648,-0.6586637496948242,-0.5,-0.35531139373779297,-2.646886110305786,-2.085470199584961
77345038740,-1.0521597862243652,-0.6601991653442383,-0.5,-0.4212455749511719,-1.987544298171997,-2.0659332275390625
77348065180,-1.0531203746795654,-0.6613492965698242,-0.5,-0.40659332275390625,-2.1340668201446533,-2.173381805419922
77351091620,-1.0536006689071655,-0.6613492965698242,-0.5,-0.41391944885253906,-2.060805559158325,-2.202686309814453
77354118060,-1.0550415515899658,-0.6628837585449219,-0.5,-0.4285717010498047,-2.1340668201446533,-2.1440773010253906
77357144500,-1.056002140045166,-0.6632671356201172,-0.5,-0.3772897720336914,-2.4271023273468018,-2.134309768676758
77359628191,-1.060294508934021,-0.6671018600463867,-0.5,-0.3772897720336914,-2.4271023273468018,-2.261293411254883
77362111878,-1.0612248182296753,-0.6678686141967773,-0.5,-0.40659332275390625,-2.1340668201446533,-2.212453842163086
77364595565,-1.0616899728775024,-0.6682529449462891,-0.5,-0.41391944885253906,-2.060805559158325,-2.173381805419922
77367079252,-1.0626202821731567,-0.6690196990966797,-0.5,-0.3919410705566406,-2.2805893421173096,-2.163614273071289
77369562939,-1.063550591468811,-0.6697864532470703,-0.5,-0.3919410705566406,-2.2805893421173096,-2.212453842163086
77372046626,-1.0640157461166382,-0.6701698303222656,-0.5,-0.41391944885253906,-2.060805559158325,-2.2222213745117188
77374530313,-1.0649460554122925,-0.671320915222168,-0.5,-0.4285717010498047,-1.914283037185669,-2.212453842163086
77377014000,-1.0654112100601196,-0.671320915222168,-0.5,-0.4212455749511719,-1.987544298171997,-2.212453842163086
77380800791,-1.0686672925949097,-0.6740045547485352,-0.5,-0.3919410705566406,-2.2805893421173096,-2.1929187774658203
77384587578,-1.0714582204818726,-0.6766891479492188,-0.5,-0.41391944885253906,-2.060805559158325,-2.3101348876953125
77388374365,-1.0744150876998901,-0.678990364074707,-0.5,-0.39926719665527344,-2.2073280811309814,-2.3199024200439453
77392161152,-1.0748203992843628,-0.6793737411499023,-0.5,-0.3919410705566406,-2.2805893421173096,-2.290597915649414
77395947939,-1.075631022453308,-0.680140495300293,-0.5,-0.35531139373779297,-2.646886110305786,-2.3101348876953125
77399734726,-1.0764416456222534,-0.680908203125,-0.5,-0.3919410705566406,-2.2805893421173096,-2.3980464935302734
77403521513,-1.0772522687911987,-0.6816749572753906,-0.5,-0.39926719665527344,-2.2073280811309814,-2.4078140258789062
77407308300,-1.0784454345703125,-0.6828250885009766,-0.5,-0.3699636459350586,-2.50036358833313,-2.4078140258789062
77410284541,-1.0815057754516602,-0.6828250885009766,-0.5,-0.3699636459350586,-2.50036358833313,-2.4078140258789062
77413260778,-1.0818883180618286,-0.6828250885009766,-0.5,-0.3699636459350586,-2.50036358833313,-2.4078140258789062
77416237015,-1.0826534032821655,-0.6828250885009766,-0.5,-0.3699636459350586,-2.50036358833313,-2.4078140258789062
77419213252,-1.0834184885025024,-0.6828250885009766,-0.5,-0.3699636459350586,-2.50036358833313,-2.4078140258789062
77422189489,-1.083760142326355,-0.6828250885009766,-0.5,-0.3699636459350586,-2.50036358833313,-2.4078140258789062
77425165726,-1.0851267576217651,-0.6828250885009766,-0.5,-0.3699636459350586,-2.50036358833313,-2.4078140258789062
77428141963,-1.0858100652694702,-0.6828250885009766,-0.5,-0.3699636459350586,-2.50036358833313,-2.4078140258789062
77431118200,-1.0864933729171753,-0.6828250885009766,-0.5,-0.3699636459350586,-2.50036358833313,-2.4078140258789062
77434938616,-1.0913931131362915,-0.6828250885009766,-0.5,-0.3699636459350586,-2.50036358833313,-2.4078140258789062
77437913461,-1.091925024986267,-0.6828250885009766,-0.5,-0.3699636459350586,-2.50036358833313,-2.4078140258789062
77440888306,-1.0923115015029907,-0.6828250885009766,-0.5,-0.3699636459350586,-2.50036358833313,-2.4078140258789062
77443863151,-1.0926979780197144,-0.6828250885009766,-0.5,-0.3699636459350586,-2.50036358833313,-2.4078140258789062
77446837996,-1.0928912162780762,-0.6828250885009766,-0.5,-0.3699636459350586,-2.50036358833313,-2.4078140258789062
77449812841,-1.0934709310531616,-0.6828250885009766,-0.5,-0.3699636459350586,-2.50036358833313,-2.4078140258789062
77452787686,-1.0942438840866089,-0.6828250885009766,-0.5,-0.3699636459350586,-2.50036358833313,-2.4078140258789062
77455762531,-1.0946303606033325,-0.6828250885009766,-0.5,-0.3699636459350586,-2.50036358833313,-2.4078140258789062
77458737376,-1.095574140548706,-0.6828250885009766,-0.5,-0.3699636459350586,-2.50036358833313,-2.4078140258789062
77461712221,-1.09584379196167,-0.6828250885009766,-0.5,-0.3699636459350586,-2.50036358833313,-2.4078140258789062
77464687066,-1.0959786176681519,-0.6828250885009766,-0.5,-0.3699636459350586,-2.50036358833313,-2.4078140258789062
77467661911,-1.0962482690811157,-0.6828250885009766,-0.5,-0.3699636459350586,-2.50036358833313,-2.4078140258789062
77470636756,-1.0963830947875977,-0.6828250885009766,-0.5,-0.3699636459350586,-2.50036358833313,-2.4078140258789062
77473611601,-1.0966254472732544,-0.6828250885009766,-0.5,-0.3699636459350586,-2.50036358833313,-2.4078140258789062
77476586446,-1.0967329740524292,-0.6828250885009766,-0.5,-0.3699636459350586,-2.50036358833313,-2.4078140258789062
77479561291,-1.0969480276107788,-0.6828250885009766,-0.5,-0.3699636459350586,-2.50036358833313,-2.4078140258789062
77482132341,-1.0975931882858276,-0.6828250885009766,-0.5,-0.3699636459350586,-2.50036358833313,-2.4078140258789062
77484703378,-1.0978082418441772,-0.6828250885009766,-0.5,-0.3699636459350586,-2.50036358833313,-2.4078140258789062
77487274415,-1.0980232954025269,-0.6828250885009766,-0.5,-0.3699636459350586,-2.50036358833313,-2.4078140258789062
77489845452,-1.0980831384658813,-0.6828250885009766,-0.5,-0.3699636459350586,-2.50036358833313,-2.4078140258789062
77492416489,-1.0983225107192993,-0.6828250885009766,-0.5,-0.3699636459350586,-2.50036358833313,-2.4078140258789062
77494987526,-1.0983823537826538,-0.6828250885009766,-0.5,-0.3699636459350586,-2.50036358833313,-2.4078140258789062
77497558563,-1.0985618829727173,-0.6828250885009766,-0.5,-0.3699636459350586,-2.50036358833313,-2.4078140258789062
77500129600,-1.0986217260360718,-0.6828250885009766,-0.5,-0.3699636459350586,-2.50036358833313,-2.4078140258789062
77502658091,-1.098962664604187,-0.6828250885009766,-0.5,-0.3699636459350586,-2.50036358833313,-2.4078140258789062
77505141564,-1.0990642309188843,-0.6828250885009766,-0.5,-0.3699636459350586,-2.50036358833313,-2.4078140258789062
77507625037,-1.099115014076233,-0.6828250885009766,-0.5,-0.3699636459350586,-2.50036358833313,-2.4078140258789062
77510108510,-1.0992673635482788,-0.6828250885009766,-0.5,-0.3699636459350586,-2.50036358833313,-2.4078140258789062
77512591983,-1.0993181467056274,-0.6828250885009766,-0.5,-0.3699636459350586,-2.50036358833313,-2.4078140258789062
77515075456,-1.0994197130203247,-0.6828250885009766,-0.5,-0.3699636459350586,-2.50036358833313,-2.4078140258789062
77517558929,-1.0995720624923706,-0.6828250885009766,-0.5,-0.3699636459350586,-2.50036358833313,-2.4078140258789062
77520042402,-1.099600076675415,-0.6828250885009766,-0.5,-0.3699636459350586,-2.50036358833313,-2.4078140258789062
77522525875,-1.0998241901397705,-0.6828250885009766,-0.5,-0.3699636459350586,-2.50036358833313,-2.4078140258789062
77525009348,-1.0999082326889038,-0.6828250885009766,-0.5,-0.3699636459350586,-2.50036358833313,-2.4078140258789062
77527492821,-1.0999362468719482,-0.6828250885009766,-0.5,-0.3699636459350586,-2.50036358833313,-2.4078140258789062
77529976294,-1.0999839305877686,-0.6828250885009766,-0.5,-0.3699636459350586,-2.50036358833313,-2.4078140258789062
77532459767,-1.1000036001205444,-0.6828250885009766,-0.5,-0.3699636459350586,-2.50036358833313,-2.4078140258789062
77534943240,-1.100062608718872,-0.6828250885009766,-0.5,-0.3699636459350586,-2.50036358833313,-2.4078140258789062
77537426713,-1.100082278251648,-0.6828250885009766,-0.5,-0.3699636459350586,-2.50036358833313,-2.4078140258789062
77539910186,-1.1001216173171997,-0.6828250885009766,-0.5,-0.3699636459350586,-2.50036358833313,-2.4078140258789062
77543351950,-1.1003347635269165,-0.6828250885009766,-0.5,-0.3699636459350586,-2.50036358833313,-2.4078140258789062
77546241526,-1.1003823280334473,-0.6828250885009766,-0.5,-0.3699636459350586,-2.50036358833313,-2.4078140258789062
77549131102,-1.1004140377044678,-0.6828250885009766,-0.5,-0.3699636459350586,-2.50036358833313,-2.4078140258789062
77552020678,-1.100429892539978,-0.6828250885009766,-0.5,-0.3699636459350586,-2.50036358833313,-2.4078140258789062
77554910254,-1.1004616022109985,-0.6828250885009766,-0.5,-0.3699636459350586,-2.50036358833313,-2.4078140258789062
77557799830,-1.100493311882019,-0.6828250885009766,-0.5,-0.3699636459350586,-2.50036358833313,-2.4078140258789062
77560689406,-1.1005408763885498,-0.6828250885009766,-0.5,-0.3699636459350586,-2.50036358833313,-2.4078140258789062
77563578982,-1.1005884408950806,-0.6828250885009766,-0.5,-0.3699636459350586,-2.50036358833313,-2.4078140258789062
77566468558,-1.1006911993026733,-0.6828250885009766,-0.5,-0.3699636459350586,-2.50036358833313,-2.4078140258789062
77569358134,-1.1006988286972046,-0.6828250885009766,-0.5,-0.3699636459350586,-2.50036358833313,-2.4078140258789062
77572247710,-1.1007064580917358,-0.6828250885009766,-0.5,-0.3699636459350586,-2.50036358833313,-2.4078140258789062
77575137286,-1.1007217168807983,-0.6828250885009766,-0.5,-0.3699636459350586,-2.50036358833313,-2.4078140258789062
77578026862,-1.1007369756698608,-0.6828250885009766,-0.5,-0.3699636459350586,-2.50036358833313,-2.4078140258789062
77580916438,-1.1007522344589233,-0.6828250885009766,-0.5,-0.3699636459350586,-2.50036358833313,-2.4078140258789062
77583806014,-1.1007674932479858,-0.6828250885009766,-0.5,-0.3699636459350586,-2.50036358833313,-2.4078140258789062
77586695590,-1.1007827520370483,-0.6828250885009766,-0.5,-0.3699636459350586,-2.50036358833313,-2.4078140258789062
77589746241,-1.100821852684021,-0.6828250885009766,-0.5,-0.3699636459350586,-2.50036358833313,-2.4078140258789062
77592796878,-1.1008270978927612,-0.6828250885009766,-0.5,-0.3699636459350586,-2.50036358833313,-2.4078140258789062
77595847515,-1.1008375883102417,-0.6828250885009766,-0.5,-0.3699636459350586,-2.50036358833313,-2.4078140258789062
77598898152,-1.1008585691452026,-0.6828250885009766,-0.5,-0.3699636459350586,-2.50036358833313,-2.4078140258789062
77601948789,-1.1008638143539429,-0.6828250885009766,-0.5,-0.3699636459350586,-2.50036358833313,-2.4078140258789062
77604999426,-0.6828250885009766,-0.6828250885009766,0,-0.3699636459350586,3.699636459350586,-2.4078140258789062
77608050063,-0.6828250885009766,-0.6828250885009766,0,-0.3699636459350586,3.699636459350586,-2.4078140258789062
77611100700,-0.6828250885009766,-0.6828250885009766,0,-0.3699636459350586,3.699636459350586,-2.4078140258789062
77613843566,-0.6828250885009766,-0.6828250885009766,0,-0.3699636459350586,3.699636459350586,-2.4078140258789062
77616586428,-0.6828250885009766,-0.6828250885009766,0,-0.3699636459350586,3.699636459350586,-2.4078140258789062
77619329290,-0.6828250885009766,-0.6828250885009766,0,-0.3699636459350586,3.699636459350586,-2.4078140258789062
77622072152,-0.6828250885009766,-0.6828250885009766,0,-0.3699636459350586,3.699636459350586,-2.4078140258789062
77624815014,-0.6828250885009766,-0.6828250885009766,0,-0.3699636459350586,3.699636459350586,-2.4078140258789062
77627557876,-0.6828250885009766,-0.6828250885009766,0,-0.3699636459350586,3.699636459350586,-2.4078140258789062
77630300738,-0.6828250885009766,-0.6828250885009766,0,-0.3699636459350586,3.699636459350586,-2.4078140258789062
77633043600,-0.6828250885009766,-0.6828250885009766,0,-0.3699636459350586,3.699636459350586,-2.4078140258789062
77635943450,-0.6828250885009766,-0.6828250885009766,0,-0.3699636459350586,3.699636459350586,-2.4078140258789062
77638843300,-0.6828250885009766,-0.6828250885009766,0,-0.3699636459350586,3.699636459350586,-2.4078140258789062
77641743150,-0.6828250885009766,-0.6828250885009766,0,-0.3699636459350586,3.699636459350586,-2.4078140258789062
77644643000,-0.6828250885009766,-0.6828250885009766,0,-0.3699636459350586,3.699636459350586,-2.4078140258789062
77647542850,-0.6828250885009766,-0.6828250885009766,0,-0.3699636459350586,3.699636459350586,-2.4078140258789062
77650442700,-0.6828250885009766,-0.6828250885009766,0,-0.3699636459350586,3.699636459350586,-2.4078140258789062
77653342550,-0.6828250885009766,-0.6828250885009766,0,-0.3699636459350586,3.699636459350586,-2.4078140258789062
77656242400,-0.6828250885009766,-0.6828250885009766,0,-0.3699636459350586,3.699636459350586,-2.4078140258789062
77660123191,-0.6828250885009766,-0.6828250885009766,0,-0.3699636459350586,3.699636459350586,-2.4078140258789062
77663390358,-0.6828250885009766,-0.6828250885009766,0,-0.3699636459350586,3.699636459350586,-2.4078140258789062
77666657525,-0.6828250885009766,-0.6828250885009766,0,-0.3699636459350586,3.699636459350586,-2.4078140258789062
77669924692,-0.6828250885009766,-0.6828250885009766,0,-0.3699636459350586,3.699636459350586,-2.4078140258789062
77673191859,-0.6828250885009766,-0.6828250885009766,0,-0.3699636459350586,3.699636459350586,-2.4078140258789062
77676459026,-0.6828250885009766,-0.6828250885009766,0,-0.3699636459350586,3.699636459350586,-2.4078140258789062
77679726193,-0.6828250885009766,-0.6828250885009766,0,-0.3699636459350586,3.699636459350586,-2.4078140258789062
77682993360,-0.6828250885009766,-0.6828250885009766,0,-0.3699636459350586,3.699636459350586,-2.4078140258789062
77686260527,-0.6828250885009766,-0.6828250885009766,0,-0.3699636459350586,3.699636459350586,-2.4078140258789062
77689527694,-0.6828250885009766,-0.6828250885009766,0,-0.3699636459350586,3.699636459350586,-2.4078140258789062
77692794861,-0.6828250885009766,-0.6828250885009766,0,-0.3699636459350586,3.699636459350586,-2.4078140258789062
77696062028,-0.6828250885009766,-0.6828250885009766,0,-0.3699636459350586,3.699636459350586,-2.4078140258789062
77699329195,-0.6828250885009766,-0.6828250885009766,0,-0.3699636459350586,3.699636459350586,-2.4078140258789062
77702596362,-0.6828250885009766,-0.6828250885009766,0,-0.3699636459350586,3.699636459350586,-2.4078140258789062
77705863529,-0.6828250885009766,-0.6828250885009766,0,-0.3699636459350586,3.699636459350586,-2.4078140258789062
77709130696,-0.6828250885009766,-0.6828250885009766,0,-0.3699636459350586,3.699636459350586,-2.4078140258789062
77711894775,-0.6828250885009766,-0.6828250885009766,0,-0.3699636459350586,3.699636459350586,-2.4078140258789062
77714658850,-0.6828250885009766,-0.6828250885009766,0,-0.3699636459350586,3.699636459350586,-2.4078140258789062
77717422925,-0.6828250885009766,-0.6828250885009766,0,-0.3699636459350586,3.699636459350586,-2.4078140258789062
77720187000,-0.6828250885009766,-0.6828250885009766,0,-0.3699636459350586,3.699636459350586,-2.4078140258789062
77722951075,-0.6828250885009766,-0.6828250885009766,0,-0.3699636459350586,3.699636459350586,-2.4078140258789062
77725715150,-0.6828250885009766,-0.6828250885009766,0,-0.3699636459350586,3.699636459350586,-2.4078140258789062
77728479225,-0.6828250885009766,-0.6828250885009766,0,-0.3699636459350586,3.699636459350586,-2.4078140258789062
77731243300,-0.6828250885009766,-0.6828250885009766,0,-0.3699636459350586,3.699636459350586,-2.4078140258789062
77734082400,-0.6828250885009766,-0.6828250885009766,0,-0.3699636459350586,3.699636459350586,-2.4078140258789062
77736921500,-0.6828250885009766,-0.6828250885009766,0,-0.3699636459350586,3.699636459350586,-2.4078140258789062
77739760600,-0.6828250885009766,-0.6828250885009766,0,-0.3699636459350586,3.699636459350586,-2.4078140258789062
77742599700,-0.6828250885009766,-0.6828250885009766,0,-0.3699636459350586,3.699636459350586,-2.4078140258789062
77745438800,-0.6828250885009766,-0.6828250885009766,0,-0.3699636459350586,3.699636459350586,-2.4078140258789062
77748277900,-0.6828250885009766,-0.6828250885009766,0,-0.3699636459350586,3.699636459350586,-2.4078140258789062
77751117000,-0.6828250885009766,-0.6828250885009766,0,-0.3699636459350586,3.699636459350586,-2.4078140258789062
77753956100,-0.6828250885009766,-0.6828250885009766,0,-0.3699636459350586,3.699636459350586,-2.4078140258789062
77756574600,-0.6827948093414307,-0.6828250885009766,0.000060558319091796875,-0.3699636459350586,3.700242042541504,-2.4078140258789062
77759193100,-0.6827796697616577,-0.6828250885009766,0.00009083747863769531,-0.3699636459350586,3.700544834136963,-2.4078140258789062
77761811600,-0.6827645301818848,-0.6828250885009766,0.00012111663818359375,-0.3699636459350586,3.700847625732422,-2.4078140258789062
77764430100,-0.6827493906021118,-0.6828250885009766,0.0001513957977294922,-0.3699636459350586,3.701150417327881,-2.4078140258789062
77767048600,-0.6827266812324524,-0.6828250885009766,0.00019681453704833984,-0.3699636459350586,3.7016046047210693,-2.4078140258789062
77769667100,-0.6827191114425659,-0.6828250885009766,0.00021195411682128906,-0.3699636459350586,3.701756000518799,-2.4078140258789062
77772285600,-0.68265700340271,-0.6828250885009766,0.0003361701965332031,-0.3699636459350586,3.702998161315918,-2.4078140258789062
77774904100,-0.682563841342926,-0.6828250885009766,0.0005224943161010742,-0.3699636459350586,3.7048614025115967,-2.4078140258789062
77779165691,-0.6817935109138489,-0.6828250885009766,0.002063155174255371,-0.3699636459350586,3.7202680110931396,-2.4078140258789062
77782611444,-0.6816844344139099,-0.6828250885009766,0.0022813081741333008,-0.3699636459350586,3.722449541091919,-2.4078140258789062
77786057197,-0.681575357913971,-0.6828250885009766,0.0024994611740112305,-0.3699636459350586,3.7246310710906982,-2.4078140258789062
77789502950,-0.6815208196640015,-0.6828250885009766,0.00271761417388916,-0.3699636459350586,3.7268126010894775,-2.4078140258789062
77792948703,-0.6814117431640625,-0.6828250885009766,0.002826690673828125,-0.3699636459350586,3.727903366088867,-2.4078140258789062
77796394456,-0.6811935901641846,-0.6828250885009766,0.0032629966735839844,-0.3699636459350586,3.732266426086426,-2.4078140258789062
77799840209,-0.6810845136642456,-0.6828250885009766,0.003481149673461914,-0.3699636459350586,3.734447956085205,-2.4078140258789062
77803285962,-0.6809208989143372,-0.6828250885009766,0.0038083791732788086,-0.3699636459350586,3.737720251083374,-2.4078140258789062
77806731715,-0.6802497506141663,-0.6828250885009766,0.0051506757736206055,-0.3699636459350586,3.751143217086792,-2.4078140258789062
77810177468,-0.6800467371940613,-0.6828250885009766,0.005556702613830566,-0.3699636459350586,3.7552034854888916,-2.4078140258789062
77813623221,-0.6798437237739563,-0.6828250885009766,0.005962729454040527,-0.3699636459350586,3.759263753890991,-2.4078140258789062
77817068974,-0.6795392036437988,-0.6828250885009766,0.006571769714355469,-0.3699636459350586,3.7653541564941406,-2.4078140258789062
77820514727,-0.6794376969337463,-0.6828250885009766,0.006774783134460449,-0.3699636459350586,3.7673842906951904,-2.4078140258789062
77823960480,-0.6791793704032898,-0.6828250885009766,0.007291436195373535,-0.3699636459350586,3.7725508213043213,-2.4078140258789062
77827406233,-0.6788657307624817,-0.6828250885009766,0.007918715476989746,-0.3699636459350586,3.7788236141204834,-2.4078140258789062
77830851986,-0.6785520911216736,-0.6828250885009766,0.008545994758605957,-0.3699636459350586,3.7850964069366455,-2.4078140258789062
77833396641,-0.6776111721992493,-0.6828250885009766,0.01042783260345459,-0.3699636459350586,5.003914833068848,-2.4078140258789062
77835941278,-0.6772975325584412,-0.6828250885009766,0.0110551118850708,-0.3699636459350586,5.01018762588501,-2.4078140258789062
77838485915,-0.6769430041313171,-0.6828250885009766,0.011764168739318848,-0.3699636459350586,5.01727819442749,-2.4078140258789062
77841030552,-0.6765475869178772,-0.6828250885009766,0.01255500316619873,-0.3699636459350586,5.025186538696289,-2.4078140258789062
77843575189,-0.6763498783111572,-0.6828250885009766,0.012950420379638672,-0.3699636459350586,5.029140472412109,-2.4078140258789062
77846119826,-0.6759544610977173,-0.6828250885009766,0.013741254806518555,-0.3699636459350586,5.037049293518066,-2.4078140258789062
77848664463,-0.6757567524909973,-0.6828250885009766,0.014532089233398438,-0.3699636459350586,5.044957160949707,-2.4078140258789062
77851209100,-0.6753613352775574,-0.6828250885009766,0.014927506446838379,-0.3699636459350586,5.0489115715026855,-2.4078140258789062
77853822025,-0.672913670539856,-0.6828250885009766,0.01982283592224121,-0.3699636459350586,5.097865104675293,-2.4078140258789062
77856301510,-0.6724272966384888,-0.6828250885009766,0.020795583724975586,-0.3699636459350586,5.107592582702637,-2.4078140258789062
77858780995,-0.6721841096878052,-0.6828250885009766,0.02176833152770996,-0.3699636459350586,5.1173200607299805,-2.4078140258789062
77861260480,-0.6714545488357544,-0.6828250885009766,0.022741079330444336,-0.3699636459350586,5.127047538757324,-2.4078140258789062
77863739965,-0.6712113618850708,-0.6828250885009766,0.023227453231811523,-0.3699636459350586,5.131911277770996,-2.4078140258789062
77866219450,-0.6707015037536621,-0.6828250885009766,0.024247169494628906,-0.3699636459350586,5.142107963562012,-2.4078140258789062
77868698935,-0.670434832572937,-0.6828250885009766,0.0247805118560791,-0.3699636459350586,5.147441864013672,-2.4078140258789062
77871178420,-0.6699014902114868,-0.6828250885009766,0.025847196578979492,-0.3699636459350586,5.158108711242676,-2.4078140258789062
77873657905,-0.6680347919464111,-0.6828250885009766,0.02958059310913086,-0.3699636459350586,5.195442199707031,-2.4078140258789062
77876137390,-0.667768120765686,-0.6828250885009766,0.030113935470581055,-0.3699636459350586,5.200776100158691,-2.4078140258789062
77878616875,-0.6672347784042358,-0.6828250885009766,0.031180620193481445,-0.3699636459350586,5.211442947387695,-2.4078140258789062
77881096360,-0.6665620803833008,-0.6828250885009766,0.03252601623535156,-0.3699636459350586,5.224896430969238,-2.4078140258789062
77883575845,-0.6662257313728333,-0.6828250885009766,0.03319871425628662,-0.3699636459350586,5.231623649597168,-2.4078140258789062
77886055330,-0.6655530333518982,-0.6828250885009766,0.03454411029815674,-0.3699636459350586,5.245077133178711,-2.4078140258789062
77888534815,-0.6648803353309631,-0.6828250885009766,0.035889506340026855,-0.3699636459350586,5.25853157043457,-2.4078140258789062
77891014300,-0.6642076373100281,-0.6828250885009766,0.03723490238189697,-0.3699636459350586,5.271985054016113,-2.4078140258789062
77894949925,-0.6575822830200195,-0.6828250885009766,0.05048561096191406,-0.3699636459350586,5.404492378234863,-2.4078140258789062
77898885550,-0.6568012237548828,-0.6828250885009766,0.0520477294921875,-0.3699636459350586,5.420113563537598,-2.4078140258789062
77902821175,-0.6559996604919434,-0.6828250885009766,0.053650856018066406,-0.3699636459350586,5.436144828796387,-2.4078140258789062
77906756800,-0.6547973155975342,-0.6828250885009766,0.056055545806884766,-0.3699636459350586,5.46019172668457,-2.4078140258789062
77910692425,-0.6539957523345947,-0.6828250885009766,0.05765867233276367,-0.3699636459350586,5.476222991943359,-2.4078140258789062
77914628050,-0.653594970703125,-0.6828250885009766,0.058460235595703125,-0.3699636459350586,5.484238624572754,-2.4078140258789062
77918563675,-0.6527934074401855,-0.6828250885009766,0.06006336212158203,-0.3699636459350586,5.500269889831543,-2.4078140258789062
77922499300,-0.6519918441772461,-0.6828250885009766,0.06166648864746094,-0.3699636459350586,5.516301155090332,-2.4078140258789062
77925465375,-0.6479840278625488,-0.6828250885009766,0.06968212127685547,-0.3699636459350586,5.596457481384277,-2.4078140258789062
77928431450,-0.6467816829681396,-0.6828250885009766,0.07208681106567383,-0.3699636459350586,5.620504379272461,-2.4078140258789062
77931397525,-0.6459801197052002,-0.6828250885009766,0.07368993759155273,-0.3699636459350586,5.63653564453125,-2.4078140258789062
77934363600,-0.6455028653144836,-0.6828250885009766,0.07464444637298584,-0.3699636459350586,5.64608097076416,-2.4078140258789062
77937329675,-0.6445483565330505,-0.6828250885009766,0.07655346393585205,-0.3699636459350586,5.665170669555664,-2.4078140258789062
77940295750,-0.6435938477516174,-0.6828250885009766,0.07846248149871826,-0.3699636459350586,5.684261322021484,-2.4078140258789062
77943261825,-0.6426393389701843,-0.6828250885009766,0.08037149906158447,-0.3699636459350586,5.703351020812988,-2.4078140258789062
77946227900,-0.6421620845794678,-0.6828250885009766,0.08132600784301758,-0.3699636459350586,5.712896347045898,-2.4078140258789062
77949337916,-0.6388213038444519,-0.6828250885009766,0.08800756931304932,-0.3699636459350586,5.779711723327637,-2.4078140258789062
77952447928,-0.6378667950630188,-0.6828250885009766,0.08991658687591553,-0.3699636459350586,5.798802375793457,-2.4078140258789062
77955557940,-0.6364350318908691,-0.6828250885009766,0.09278011322021484,-0.3699636459350586,5.827437400817871,-2.4078140258789062
77958667952,-0.635480523109436,-0.6828250885009766,0.09468913078308105,-0.3699636459350586,5.846528053283691,-2.4078140258789062
77961777964,-0.6350032687187195,-0.6828250885009766,0.09564363956451416,-0.3699636459350586,5.856072425842285,-2.4078140258789062
77964887976,-0.6326169967651367,-0.6828250885009766,0.10041618347167969,-0.3699636459350586,5.9037981033325195,-2.4078140258789062
77967997988,-0.6316169500350952,-0.6828250885009766,0.1024162769317627,-0.3699636459350586,5.923799514770508,-2.4078140258789062
77971108000,-0.630116879940033,-0.6828250885009766,0.10541641712188721,-0.3699636459350586,5.953800201416016,-2.4078140258789062
77973373150,-0.6266167163848877,-0.6828250885009766,0.11241674423217773,-0.3699636459350586,6.0238037109375,-2.4078140258789062
77975638300,-0.6261166930198669,-0.6828250885009766,0.11341679096221924,-0.3699636459350586,6.033803939819336,-2.4078140258789062
77977903450,-0.6251166462898254,-0.6828250885009766,0.11541688442230225,-0.3699636459350586,6.053805351257324,-2.4078140258789062
77980168600,-0.6241165995597839,-0.6828250885009766,0.11741697788238525,-0.3699636459350586,6.073805809020996,-2.4078140258789062
77982433750,-0.6236165761947632,-0.6828250885009766,0.11841702461242676,-0.3699636459350586,6.083806991577148,-2.4078140258789062
77984698900,-0.6226165294647217,-0.6828250885009766,0.12041711807250977,-0.3699636459350586,6.10380744934082,-2.4078140258789062
77986964050,-0.6216164827346802,-0.6828250885009766,0.12241721153259277,-0.3699636459350586,6.123808860778809,-2.4078140258789062
77989229200,-0.6211164593696594,-0.6828250885009766,0.12341725826263428,-0.3699636459350586,6.1338090896606445,-2.4078140258789062
77991973466,-0.6161162257194519,-0.6828250885009766,0.13341772556304932,-0.3699636459350586,6.233813285827637,-2.4078140258789062
77994717728,-0.6156162023544312,-0.6828250885009766,0.13441777229309082,-0.3699636459350586,6.243814468383789,-2.4078140258789062
77997461990,-0.6146161556243896,-0.6828250885009766,0.13641786575317383,-0.3699636459350586,6.263814926147461,-2.4078140258789062
78000206252,-0.6141161322593689,-0.6828250885009766,0.13741791248321533,-0.3699636459350586,6.283816337585449,-2.4078140258789062
78002950514,-0.6126160621643066,-0.6828250885009766,0.14041805267333984,-0.3699636459350586,6.303816795349121,-2.4078140258789062
78005694776,-0.6116160154342651,-0.6828250885009766,0.14241814613342285,-0.3699636459350586,6.323818206787109,-2.4078140258789062
78008439038,-0.6111159920692444,-0.6828250885009766,0.14341819286346436,-0.3699636459350586,6.333818435668945,-2.4078140258789062
78011183300,-0.6101159453392029,-0.6828250885009766,0.14541828632354736,-0.3699636459350586,6.353818893432617,-2.4078140258789062
78014773591,-0.6036156415939331,-0.6828250885009766,0.15841889381408691,-0.3699636459350586,6.48382568359375,-2.4078140258789062
78017791218,-0.6031156182289124,-0.6828250885009766,0.15941894054412842,-0.3699636459350586,6.493825912475586,-2.4078140258789062
78020808845,-0.6016155481338501,-0.6828250885009766,0.16241908073425293,-0.3699636459350586,6.52382755279541,-2.4078140258789062
78023826472,-0.6011155247688293,-0.6828250885009766,0.16341912746429443,-0.3699636459350586,6.533827781677246,-2.4078140258789062
78026844099,-0.6001154780387878,-0.6828250885009766,0.16541922092437744,-0.3699636459350586,6.553828239440918,-2.4078140258789062
78029861726,-0.5986154079437256,-0.6828250885009766,0.16841936111450195,-0.3699636459350586,6.583829879760742,-2.4078140258789062
78032879353,-0.5971153378486633,-0.6828250885009766,0.17141950130462646,-0.3699636459350586,6.613831520080566,-2.4078140258789062
78035896980,-0.5961152911186218,-0.6828250885009766,0.17341959476470947,-0.3699636459350586,6.633831977844238,-2.4078140258789062
78038914607,-0.5926151275634766,-0.6828250885009766,0.180419921875,-0.3699636459350586,6.703835487365723,-2.4078140258789062
78041932234,-0.5916150808334351,-0.6828250885009766,0.182420015335083,-0.3699636459350586,6.723836898803711,-2.4078140258789062
78044949861,-0.5906150341033936,-0.6828250885009766,0.18442010879516602,-0.3699636459350586,6.743837356567383,-2.4078140258789062
78047967488,-0.5901150107383728,-0.6828250885009766,0.18542015552520752,-0.3699636459350586,6.753837585449219,-2.4078140258789062
78050985115,-0.5891149640083313,-0.6828250885009766,0.18742024898529053,-0.3699636459350586,6.773838996887207,-2.4078140258789062
78054002742,-0.5881149172782898,-0.6828250885009766,0.18942034244537354,-0.3699636459350586,6.793839454650879,-2.4078140258789062
78057020369,-0.5871148705482483,-0.6828250885009766,0.19142043590545654,-0.3699636459350586,6.813840866088867,-2.4078140258789062
78060037996,-0.585614800453186,-0.6828250885009766,0.19442057609558105,-0.3699636459350586,6.843842506408691,-2.4078140258789062
78062861366,-0.5811145901679993,-0.6828250885009766,0.2034209966659546,-0.3699636459350586,6.933846473693848,-2.4078140258789062
78065684728,-0.5801145434379578,-0.6828250885009766,0.2054210901260376,-0.3699636459350586,6.9538469314575195,-2.4078140258789062
78068508090,-0.5791144967079163,-0.6828250885009766,0.2074211835861206,-0.3699636459350586,6.973848342895508,-2.4078140258789062
78071331452,-0.577614426612854,-0.6828250885009766,0.21042132377624512,-0.3699636459350586,7.003849983215332,-2.4078140258789062
78074154814,-0.5771144032478333,-0.6828250885009766,0.21142137050628662,-0.3699636459350586,7.013850212097168,-2.4078140258789062
78076978176,-0.5761143565177917,-0.6828250885009766,0.21342146396636963,-0.3699636459350586,7.03385066986084,-2.4078140258789062
78079801538,-0.5751143097877502,-0.6828250885009766,0.21542155742645264,-0.3699636459350586,7.053852081298828,-2.4078140258789062
78082624900,-0.5746142864227295,-0.6828250885009766,0.21642160415649414,-0.3699636459350586,7.063852310180664,-2.4078140258789062
78086149891,-0.571614146232605,-0.6828250885009766,0.22242188453674316,-0.3699636459350586,7.1238555908203125,-2.4078140258789062
78089674878,-0.5706140995025635,-0.6828250885009766,0.22442197799682617,-0.3699636459350586,7.143856048583984,-2.4078140258789062
78093199865,-0.569614052772522,-0.6828250885009766,0.22642207145690918,-0.3699636459350586,7.163857460021973,-2.4078140258789062
78096724852,-0.5681139826774597,-0.6828250885009766,0.2294222116470337,-0.3699636459350586,7.1938581466674805,-2.4078140258789062
78100249839,-0.567613959312439,-0.6828250885009766,0.2304222583770752,-0.3699636459350586,7.203859329223633,-2.4078140258789062
78103774826,-0.565613865852356,-0.6828250885009766,0.2344224452972412,-0.3699636459350586,7.243861198425293,-2.4078140258789062
78107299813,-0.5616136789321899,-0.6828250885009766,0.24242281913757324,-0.3699636459350586,7.323864936828613,-2.4078140258789062
78110824800,-0.5601136088371277,-0.6828250885009766,0.24542295932769775,-0.3699636459350586,7.353865623474121,-2.4078140258789062
78114008416,-0.5566134452819824,-0.6828250885009766,0.2524232864379883,-0.3699636459350586,7.4238691329956055,-2.4078140258789062
78117192028,-0.5546133518218994,-0.6828250885009766,0.2564234733581543,-0.3699636459350586,7.463871002197266,-2.4078140258789062
78120375640,-0.5531132817268372,-0.6828250885009766,0.2594236135482788,-0.3699636459350586,7.49387264251709,-2.4078140258789062
78123559252,-0.5526132583618164,-0.6828250885009766,0.2604236602783203,-0.3699636459350586,7.503872871398926,-2.4078140258789062
78126742864,-0.5516132116317749,-0.6828250885009766,0.2624237537384033,-0.3699636459350586,7.523874282836914,-2.4078140258789062
78129926476,-0.5501131415367126,-0.6828250885009766,0.26542389392852783,-0.3699636459350586,7.553874969482422,-2.4078140258789062
78133110088,-0.5486130714416504,-0.6828250885009766,0.26842403411865234,-0.3699636459350586,7.583876609802246,-2.4078140258789062
78136293700,-0.5476130247116089,-0.6828250885009766,0.27042412757873535,-0.3699636459350586,7.603878021240234,-2.4078140258789062
78140281866,-0.5381125807762146,-0.6828250885009766,0.2894250154495239,-0.3699636459350586,7.793886184692383,-2.4078140258789062
78144270028,-0.5371125340461731,-0.6828250885009766,0.29142510890960693,-0.3699636459350586,7.813887596130371,-2.4078140258789062
78148258190,-0.5361124873161316,-0.6828250885009766,0.29342520236968994,-0.3699636459350586,7.833888053894043,-2.4078140258789062
78152246352,-0.5356124639511108,-0.6828250885009766,0.29442524909973145,-0.3699636459350586,7.843889236450195,-2.4078140258789062
78156234514,-0.5346124172210693,-0.6828250885009766,0.29642534255981445,-0.3699636459350586,7.863889694213867,-2.4078140258789062
78160222676,-0.5336123704910278,-0.6828250885009766,0.29842543601989746,-0.3699636459350586,7.8838911056518555,-2.4078140258789062
78164210838,-0.5326123237609863,-0.6828250885009766,0.30042552947998047,-0.3699636459350586,7.903891563415527,-2.4078140258789062
78168199000,-0.5321123003959656,-0.6828250885009766,0.301425576210022,-0.3699636459350586,7.913891792297363,-2.4078140258789062
78170923325,-0.5281121134757996,-0.6828250885009766,0.309425950050354,-0.3699636459350586,7.993895530700684,-2.4078140258789062
78173466070,-0.5271120667457581,-0.6828250885009766,0.311426043510437,-0.3699636459350586,8.013896942138672,-2.4078140258789062
78176008815,-0.5266120433807373,-0.6828250885009766,0.3124260902404785,-0.3699636459350586,8.023897171020508,-2.4078140258789062
78178551560,-0.525111973285675,-0.6828250885009766,0.315426230430603,-0.3699636459350586,8.053898811340332,-2.4078140258789062
78181094305,-0.5246119499206543,-0.6828250885009766,0.31642627716064453,-0.3699636459350586,8.063899040222168,-2.4078140258789062
78183637050,-0.5236119031906128,-0.6828250885009766,0.31842637062072754,-0.3699636459350586,8.083900451660156,-2.4078140258789062
78186179795,-0.5216118097305298,-0.6828250885009766,0.32242655754089355,-0.3699636459350586,8.123902320861816,-2.4078140258789062
78188722540,-0.5206117630004883,-0.6828250885009766,0.32442665100097656,-0.3699636459350586,8.143902778625488,-2.4078140258789062
78191265285,-0.5166115760803223,-0.6828250885009766,0.3324270248413086,-0.3699636459350586,8.223906517028809,-2.4078140258789062
78193808030,-0.5156115293502808,-0.6828250885009766,0.3344271183013916,-0.3699636459350586,8.243907928466797,-2.4078140258789062
78196350775,-0.51511150598526,-0.6828250885009766,0.3354271650314331,-0.3699636459350586,8.253908157348633,-2.4078140258789062
78198893520,-0.5141114592552185,-0.6828250885009766,0.3374272584915161,-0.3699636459350586,8.273908615112305,-2.4078140258789062
78201436265,-0.5136114358901978,-0.6828250885009766,0.3384273052215576,-0.3699636459350586,8.283909797668457,-2.4078140258789062
78203979010,-0.5126113891601562,-0.6828250885009766,0.3404273986816406,-0.3699636459350586,8.303910255432129,-2.4078140258789062
78206521755,-0.5116113424301147,-0.6828250885009766,0.34242749214172363,-0.3699636459350586,8.323911666870117,-2.4078140258789062
78209064500,-0.511111319065094,-0.6828250885009766,0.34342753887176514,-0.3699636459350586,8.333911895751953,-2.4078140258789062
78211838166,-0.507111132144928,-0.6828250885009766,0.35142791271209717,-0.3699636459350586,8.413915634155273,-2.4078140258789062
78214611828,-0.5061110854148865,-0.6828250885009766,0.3534280061721802,-0.3699636459350586,8.433916091918945,-2.4078140258789062
78217385490,-0.5041109919548035,-0.6828250885009766,0.3574281930923462,-0.3699636459350586,8.473917961120605,-2.4078140258789062
78220159152,-0.5036109685897827,-0.6828250885009766,0.3584282398223877,-0.3699636459350586,8.483919143676758,-2.4078140258789062
78222932814,-0.5026109218597412,-0.6828250885009766,0.3604283332824707,-0.3699636459350586,8.50391960144043,-2.4078140258789062
78225706476,-0.5021108984947205,-0.6828250885009766,0.3614283800125122,-0.3699636459350586,8.513919830322266,-2.4078140258789062
78228480138,-0.501110851764679,-0.6828250885009766,0.3634284734725952,-0.3699636459350586,8.533921241760254,-2.4078140258789062
78231253800,-0.5001108050346375,-0.6828250885009766,0.3654285669326782,-0.3699636459350586,8.553921699523926,-2.4078140258789062
78233929050,-0.49719786643981934,-0.6828250885009766,0.37125444412231445,-0.3699636459350586,8.612180709838867,-2.4078140258789062
78236604300,-0.49623268842697144,-0.6828250885009766,0.37318480014801025,-0.3699636459350586,8.631484031677246,-2.4078140258789062
78239279550,-0.49526751041412354,-0.6828250885009766,0.37511515617370605,-0.3699636459350586,8.650788307189941,-2.4078140258789062
78241954800,-0.4938197433948517,-0.6828250885009766,0.37801069021224976,-0.3699636459350586,8.679743766784668,-2.4078140258789062
78244630050,-0.49333715438842773,-0.6828250885009766,0.37897586822509766,-0.3699636459350586,8.6893949508667,-2.4078140258789062
78247305300,-0.4921242892742157,-0.6828250885009766,0.38140159845352173,-0.3699636459350586,8.713652610778809,-2.4078140258789062
78249980550,-0.49102887511253357,-0.6828250885009766,0.383592426776886,-0.3699636459350586,8.735560417175293,-2.4078140258789062
78252655800,-0.4902985990047455,-0.6828250885009766,0.38505297899246216,-0.3699636459350586,8.750165939331055,-2.4078140258789062
78255985616,-0.4863903522491455,-0.6828250885009766,0.3928694725036621,-0.3699636459350586,8.828330993652344,-2.4078140258789062
78259315428,-0.48584944009780884,-0.6828250885009766,0.39395129680633545,-0.3699636459350586,8.839149475097656,-2.4078140258789062
78262645240,-0.48530852794647217,-0.6828250885009766,0.3950331211090088,-0.3699636459350586,8.849967956542969,-2.4078140258789062
78265975052,-0.48503807187080383,-0.6828250885009766,0.39557403326034546,-0.3699636459350586,8.855377197265625,-2.4078140258789062
78269304864,-0.48449715971946716,-0.6828250885009766,0.3966558575630188,-0.3699636459350586,8.866194725036621,-2.4078140258789062
78272634676,-0.4839562475681305,-0.6828250885009766,0.39773768186569214,-0.3699636459350586,8.877013206481934,-2.4078140258789062
78275964488,-0.483713835477829,-0.6828250885009766,0.39822250604629517,-0.3699636459350586,8.881861686706543,-2.4078140258789062
78279294300,-0.4833502173423767,-0.6828250885009766,0.3989497423171997,-0.3699636459350586,8.88913345336914,-2.4078140258789062
78282665750,-0.4820229709148407,-0.6828250885009766,0.40160423517227173,-0.3699636459350586,8.915678977966309,-2.4078140258789062
78286037200,-0.4815501868724823,-0.6828250885009766,0.4025498032569885,-0.3699636459350586,8.925134658813477,-2.4078140258789062
78289408650,-0.4813137948513031,-0.6828250885009766,0.4030225872993469,-0.3699636459350586,8.929862022399902,-2.4078140258789062
78292780100,-0.4810774028301239,-0.6828250885009766,0.4034953713417053,-0.3699636459350586,8.934590339660645,-2.4078140258789062
78296151550,-0.4808410108089447,-0.6828250885009766,0.4039681553840637,-0.3699636459350586,8.93931770324707,-2.4078140258789062
78299523000,-0.4806046187877655,-0.6828250885009766,0.4044409394264221,-0.3699636459350586,8.944046020507812,-2.4078140258789062
78302894450,-0.48047128319740295,-0.6828250885009766,0.4047076106071472,-0.3699636459350586,8.946712493896484,-2.4078140258789062
78306265900,-0.4803379476070404,-0.6828250885009766,0.4049742817878723,-0.3699636459350586,8.949378967285156,-2.4078140258789062
78309292125,-0.4798712730407715,-0.6828250885009766,0.40590763092041016,-0.3699636459350586,8.958712577819824,-2.4078140258789062
78311988616,-0.47973793745040894,-0.6828250885009766,0.40617430210113525,-0.3699636459350586,8.961379051208496,-2.4078140258789062
78314685107,-0.47967126965522766,-0.6828250885009766,0.4063076376914978,-0.3699636459350586,8.962713241577148,-2.4078140258789062
78317381598,-0.4796455204486847,-0.6828250885009766,0.40635913610458374,-0.3699636459350586,8.963228225708008,-2.4078140258789062
78320078089,-0.47960689663887024,-0.6828250885009766,0.40643638372421265,-0.3699636459350586,8.964000701904297,-2.4078140258789062
78322774580,-0.47959402203559875,-0.6828250885009766,0.4064621329307556,-0.3699636459350586,8.964258193969727,-2.4078140258789062
78325471071,-0.4795553982257843,-0.6828250885009766,0.4065393805503845,-0.3699636459350586,8.965030670166016,-2.4078140258789062
78328167562,-0.4794910252094269,-0.6828250885009766,0.40666812658309937,-0.3699636459350586,8.966318130493164,-2.4078140258789062
78330864053,-0.47935834527015686,-0.6828250885009766,0.4069334864616394,-0.3699636459350586,8.968971252441406,-2.4078140258789062
78333560544,-0.4793204367160797,-0.6828250885009766,0.4070093035697937,-0.3699636459350586,8.96972942352295,-2.4078140258789062
78336257035,-0.47930148243904114,-0.6828250885009766,0.40704721212387085,-0.3699636459350586,8.970108985900879,-2.4078140258789062
78338953526,-0.479263573884964,-0.6828250885009766,0.40712302923202515,-0.3699636459350586,8.970867156982422,-2.4078140258789062
78341650017,-0.47922566533088684,-0.6828250885009766,0.40719884634017944,-0.3699636459350586,8.971625328063965,-2.4078140258789062
78344346508,-0.6828250885009766,-0.6828250885009766,0,-0.3699636459350586,3.699636459350586,-2.4078140258789062
78347042999,-0.6828250885009766,-0.6828250885009766,0,-0.3699636459350586,3.699636459350586,-2.4078140258789062
78349739490,-0.6828250885009766,-0.6828250885009766,0,-0.3699636459350586,3.699636459350586,-2.4078140258789062
78352993966,-0.6828250885009766,-0.6828250885009766,0,-0.3699636459350586,3.699636459350586,-2.4078140258789062
78356248428,-0.6827833652496338,-0.6828250885009766,0.00008344650268554688,-0.3699636459350586,3.7004709243774414,-2.4078140258789062
78359502890,-0.6827666759490967,-0.6828250885009766,0.00011682510375976562,-0.3699636459350586,3.7008047103881836,-2.4078140258789062
78362757352,-0.682741641998291,-0.6828250885009766,0.00016689300537109375,-0.3699636459350586,3.701305389404297,-2.4078140258789062
78366011814,-0.6827332973480225,-0.6828250885009766,0.00018358230590820312,-0.3699636459350586,3.701472282409668,-2.4078140258789062
78369266276,-0.6827166080474854,-0.6828250885009766,0.00021696090698242188,-0.3699636459350586,3.70180606842041,-2.4078140258789062
78372520738,-0.6828250885009766,-0.6828250885009766,0,-0.3699636459350586,3.699636459350586,-2.4078140258789062
78375775200,-0.6828250885009766,-0.6828250885009766,0,-0.3699636459350586,3.699636459350586,-2.4078140258789062
78379771816,-0.6828250885009766,-0.6828250885009766,0,-0.3699636459350586,3.699636459350586,-2.4078140258789062
78382809868,-0.6828250885009766,-0.6828250885009766,0,-0.3699636459350586,3.699636459350586,-2.4078140258789062
78385847920,-0.6828250885009766,-0.6828250885009766,0,-0.3699636459350586,3.699636459350586,-2.4078140258789062
78388885972,-0.6828250885009766,-0.6828250885009766,0,-0.3699636459350586,3.699636459350586,-2.4078140258789062
78391924024,-0.6828250885009766,-0.6828250885009766,0,-0.3699636459350586,3.699636459350586,-2.4078140258789062
78394962076,-0.6828250885009766,-0.6828250885009766,0,-0.3699636459350586,3.699636459350586,-2.4078140258789062
78398000128,-0.6828250885009766,-0.6828250885009766,0,-0.3699636459350586,3.699636459350586,-2.4078140258789062
78401038180,-0.6828250885009766,-0.6828250885009766,0,-0.3699636459350586,3.699636459350586,-2.4078140258789062
78404076232,-0.6828250885009766,-0.6828250885009766,0,-0.3699636459350586,3.699636459350586,-2.4078140258789062
78407114284,-0.6828250885009766,-0.6828250885009766,0,-0.3699636459350586,3.699636459350586,-2.4078140258789062
78410152336,-0.6828250885009766,-0.6828250885009766,0,-0.3699636459350586,3.699636459350586,-2.4078140258789062
78413190388,-0.6828250885009766,-0.6828250885009766,0,-0.3699636459350586,3.699636459350586,-2.4078140258789062
78416228440,-0.6828250885009766,-0.6828250885009766,0,-0.3699636459350586,3.699636459350586,-2.4078140258789062
78419266492,-0.6828250885009766,-0.6828250885009766,0,-0.3699636459350586,3.699636459350586,-2.4078140258789062
78422304544,-0.6828250885009766,-0.6828250885009766,0,-0.3699636459350586,3.699636459350586,-2.4078140258789062
78425342596,-0.6828250885009766,-0.6828250885009766,0,-0.3699636459350586,3.699636459350586,-2.4078140258789062
78428666450,-0.6828250885009766,-0.6828250885009766,0,-0.3699636459350586,3.699636459350586,-2.4078140258789062
78431990300,-0.6828250885009766,-0.6828250885009766,0,-0.3699636459350586,3.699636459350586,-2.4078140258789062
78435314150,-0.6828250885009766,-0.6828250885009766,0,-0.3699636459350586,3.699636459350586,-2.4078140258789062
78438638000,-0.6828250885009766,-0.6828250885009766,0,-0.3699636459350586,3.699636459350586,-2.4078140258789062
78441961850,-0.6828250885009766,-0.6828250885009766,0,-0.3699636459350586,3.699636459350586,-2.4078140258789062
78445285700,-0.6828250885009766,-0.6828250885009766,0,-0.3699636459350586,3.699636459350586,-2.4078140258789062
78448609550,-0.6828250885009766,-0.6828250885009766,0,-0.3699636459350586,3.699636459350586,-2.4078140258789062
78451933400,-0.6828250885009766,-0.6828250885009766,0,-0.3699636459350586,3.699636459350586,-2.4078140258789062
78454886250,-0.6828250885009766,-0.6828250885009766,0,-0.3699636459350586,3.699636459350586,-2.4078140258789062
78457839100,-0.6828250885009766,-0.6828250885009766,0,-0.3699636459350586,3.699636459350586,-2.4078140258789062
78460791950,-0.6828250885009766,-0.6828250885009766,0,-0.3699636459350586,3.699636459350586,-2.4078140258789062
78463744800,-0.6828250885009766,-0.6828250885009766,0,-0.3699636459350586,3.699636459350586,-2.4078140258789062
78466697650,-0.6828250885009766,-0.6828250885009766,0,-0.3699636459350586,3.699636459350586,-2.4078140258789062
78469650500,-0.6828250885009766,-0.6828250885009766,0,-0.3699636459350586,3.699636459350586,-2.4078140258789062
78472603350,-0.6828250885009766,-0.6828250885009766,0,-0.3699636459350586,3.699636459350586,-2.4078140258789062
78475556200,-0.6828250885009766,-0.6828250885009766,0,-0.3699636459350586,3.699636459350586,-2.4078140258789062
78478198050,-0.6828250885009766,-0.6828250885009766,0,-0.3699636459350586,3.699636459350586,-2.4078140258789062
78480839900,-0.6828250885009766,-0.6828250885009766,0,-0.3699636459350586,3.699636459350586,-2.4078140258789062
78483481750,-0.6828250885009766,-0.6828250885009766,0,-0.3699636459350586,3.699636459350586,-2.4078140258789062
78486123600,-0.6828250885009766,-0.6828250885009766,0,-0.3699636459350586,3.699636459350586,-2.4078140258789062
78488765450,-0.6828250885009766,-0.6828250885009766,0,-0.3699636459350586,3.699636459350586,-2.4078140258789062
78491407300,-0.6828250885009766,-0.6828250885009766,0,-0.3699636459350586,3.699636459350586,-2.4078140258789062
78494049150,-0.6828250885009766,-0.6828250885009766,0,-0.3699636459350586,3.699636459350586,-2.4078140258789062
78496691000,-0.6828250885009766,-0.6828250885009766,0,-0.3699636459350586,3.699636459350586,-2.4078140258789062
78500235216,-0.6828250885009766,-0.6828250885009766,0,-0.3699636459350586,3.699636459350586,-2.4078140258789062
78503779428,-0.6828250885009766,-0.6828250885009766,0,-0.3699636459350586,3.699636459350586,-2.4078140258789062
78507323640,-0.6828250885009766,-0.6828250885009766,0,-0.3699636459350586,3.699636459350586,-2.4078140258789062
78510867852,-0.6828250885009766,-0.6828250885009766,0,-0.3699636459350586,3.699636459350586,-2.4078140258789062
78514412064,-0.6828250885009766,-0.6828250885009766,0,-0.3699636459350586,3.699636459350586,-2.4078140258789062
78517956276,-0.6828250885009766,-0.6828250885009766,0,-0.3699636459350586,3.699636459350586,-2.4078140258789062
78521500488,-0.6828250885009766,-0.6828250885009766,0,-0.3699636459350586,3.699636459350586,-2.4078140258789062
78525044700,-0.6828250885009766,-0.6828250885009766,0,-0.3699636459350586,3.699636459350586,-2.4078140258789062
78528259800,-0.6828250885009766,-0.6828250885009766,0,-0.3699636459350586,3.699636459350586,-2.4078140258789062
78531474900,-0.6828250885009766,-0.6828250885009766,0,-0.3699636459350586,3.699636459350586,-2.4078140258789062
78534690000,-0.6828250885009766,-0.6828250885009766,0,-0.3699636459350586,3.699636459350586,-2.4078140258789062
78537905100,-0.6828250885009766,-0.6828250885009766,0,-0.3699636459350586,3.699636459350586,-2.4078140258789062
78541120200,-0.6828250885009766,-0.6828250885009766,0,-0.3699636459350586,3.699636459350586,-2.4078140258789062
78544335300,-0.6828250885009766,-0.6828250885009766,0,-0.3699636459350586,3.699636459350586,-2.4078140258789062
78547550400,-0.6828250885009766,-0.6828250885009766,0,-0.3699636459350586,3.699636459350586,-2.4078140258789062
78550765500,-0.6828250885009766,-0.6828250885009766,0,-0.3699636459350586,3.699636459350586,-2.4078140258789062
78553418725,-0.6828250885009766,-0.6828250885009766,0,-0.3699636459350586,3.699636459350586,-2.4078140258789062
78555958603,-0.6828250885009766,-0.6828250885009766,0,-0.3699636459350586,3.699636459350586,-2.4078140258789062
78558498481,-0.6828250885009766,-0.6828250885009766,0,-0.3699636459350586,3.699636459350586,-2.4078140258789062
78561038359,-0.6828250885009766,-0.6828250885009766,0,-0.3699636459350586,3.699636459350586,-2.4078140258789062
78563578237,-0.6828250885009766,-0.6828250885009766,0,-0.3699636459350586,3.699636459350586,-2.4078140258789062
78566118115,-0.6828250885009766,-0.6828250885009766,0,-0.3699636459350586,3.699636459350586,-2.4078140258789062
78568657993,-0.6828250885009766,-0.6828250885009766,0,-0.3699636459350586,3.699636459350586,-2.4078140258789062
78571197871,-0.6828250885009766,-0.6828250885009766,0,-0.3699636459350586,3.699636459350586,-2.4078140258789062
78573737749,-0.6828250885009766,-0.6828250885009766,0,-0.3699636459350586,3.699636459350586,-2.4078140258789062
78576277627,-0.6828250885009766,-0.6828250885009766,0,-0.3699636459350586,3.699636459350586,-2.4078140258789062
78578817505,-0.6828250885009766,-0.6828250885009766,0,-0.3699636459350586,3.699636459350586,-2.4078140258789062
78581357383,-0.6828250885009766,-0.6828250885009766,0,-0.3699636459350586,3.699636459350586,-2.4078140258789062
78583897261,-0.6828250885009766,-0.6828250885009766,0,-0.3699636459350586,3.699636459350586,-2.4078140258789062
78586437139,-0.6828250885009766,-0.6828250885009766,0,-0.3699636459350586,3.699636459350586,-2.4078140258789062
78588977017,-0.6828250885009766,-0.6828250885009766,0,-0.3699636459350586,3.699636459350586,-2.4078140258789062
78591516895,-0.6828250885009766,-0.6828250885009766,0,-0.3699636459350586,3.699636459350586,-2.4078140258789062
78595126641,-0.6828250885009766,-0.6828250885009766,0,-0.3699636459350586,3.699636459350586,-2.4078140258789062
78598736378,-0.6828250885009766,-0.6828250885009766,0,-0.3699636459350586,3.699636459350586,-2.4078140258789062
78602346115,-0.6828250885009766,-0.6828250885009766,0,-0.3699636459350586,3.699636459350586,-2.4078140258789062
78605955852,-0.6828250885009766,-0.6828250885009766,0,-0.3699636459350586,3.699636459350586,-2.4078140258789062
78609565589,-0.6828250885009766,-0.6828250885009766,0,-0.3699636459350586,3.699636459350586,-2.4078140258789062
78613175326,-0.6828250885009766,-0.6828250885009766,0,-0.3699636459350586,3.699636459350586,-2.4078140258789062
78616785063,-0.6828250885009766,-0.6828250885009766,0,-0.3699636459350586,3.699636459350586,-2.4078140258789062
78620394800,-0.6828250885009766,-0.6828250885009766,0,-0.3699636459350586,3.699636459350586,-2.4078140258789062
78624509225,-0.6828250885009766,-0.6828250885009766,0,-0.3699636459350586,3.699636459350586,-2.4078140258789062
78628623650,-0.6828250885009766,-0.6828250885009766,0,-0.3699636459350586,3.699636459350586,-2.4078140258789062
78632738075,-0.6828250885009766,-0.6828250885009766,0,-0.3699636459350586,3.699636459350586,-2.4078140258789062
78636852500,-0.6828250885009766,-0.6828250885009766,0,-0.3699636459350586,3.699636459350586,-2.4078140258789062
78640966925,-0.6828250885009766,-0.6828250885009766,0,-0.3699636459350586,3.699636459350586,-2.4078140258789062
78645081350,-0.6828250885009766,-0.6828250885009766,0,-0.3699636459350586,3.699636459350586,-2.4078140258789062
78649195775,-0.6828250885009766,-0.6828250885009766,0,-0.3699636459350586,3.699636459350586,-2.4078140258789062
78653310200,-0.6828250885009766,-0.6828250885009766,0,-0.3699636459350586,3.699636459350586,-2.4078140258789062
78655756000,-0.6828250885009766,-0.6828250885009766,0,-0.3699636459350586,3.699636459350586,-2.4078140258789062
78658201800,-0.6828250885009766,-0.6828250885009766,0,-0.3699636459350586,3.699636459350586,-2.4078140258789062
78660647600,-0.6828250885009766,-0.6828250885009766,0,-0.3699636459350586,3.699636459350586,-2.4078140258789062
78663093400,-0.6828250885009766,-0.6828250885009766,0,-0.3699636459350586,3.699636459350586,-2.4078140258789062
78665539200,-0.6828250885009766,-0.6828250885009766,0,-0.3699636459350586,3.699636459350586,-2.4078140258789062
78667985000,-0.6828250885009766,-0.6828250885009766,0,-0.3699636459350586,3.699636459350586,-2.4078140258789062
78670430800,-0.6828250885009766,-0.6828250885009766,0,-0.3699636459350586,3.699636459350586,-2.4078140258789062
78672876600,-0.6828250885009766,-0.6828250885009766,0,-0.3699636459350586,3.699636459350586,-2.4078140258789062
78676469375,-0.6828250885009766,-0.6828250885009766,0,-0.3699636459350586,3.699636459350586,-2.4078140258789062
78680062150,-0.6828250885009766,-0.6828250885009766,0,-0.3699636459350586,3.699636459350586,-2.4078140258789062
78683654925,-0.6828250885009766,-0.6828250885009766,0,-0.3699636459350586,3.699636459350586,-2.4078140258789062
78687247700,-0.6828250885009766,-0.6828250885009766,0,-0.3699636459350586,3.699636459350586,-2.4078140258789062
78690840475,-0.6828250885009766,-0.6828250885009766,0,-0.3699636459350586,3.699636459350586,-2.4078140258789062
78694433250,-0.6828250885009766,-0.6828250885009766,0,-0.3699636459350586,3.699636459350586,-2.4078140258789062
78698026025,-0.6828250885009766,-0.6828250885009766,0,-0.3699636459350586,3.699636459350586,-2.4078140258789062
78701618800,-0.6828250885009766,-0.6828250885009766,0,-0.3699636459350586,3.699636459350586,-2.4078140258789062
78704041991,-0.6828250885009766,-0.6828250885009766,0,-0.3699636459350586,3.699636459350586,-2.4078140258789062
78706475058,-0.6828250885009766,-0.6828250885009766,0,-0.3699636459350586,3.699636459350586,-2.4078140258789062
78708908125,-0.6828250885009766,-0.6828250885009766,0,-0.3699636459350586,3.699636459350586,-2.4078140258789062
78711341192,-0.6828250885009766,-0.6828250885009766,0,-0.3699636459350586,3.699636459350586,-2.4078140258789062
78713774259,-0.6828250885009766,-0.6828250885009766,0,-0.3699636459350586,3.699636459350586,-2.4078140258789062
78716207326,-0.6828250885009766,-0.6828250885009766,0,-0.3699636459350586,3.699636459350586,-2.4078140258789062
78718640393,-0.6828250885009766,-0.6828250885009766,0,-0.3699636459350586,3.699636459350586,-2.4078140258789062
78721073460,-0.6828250885009766,-0.6828250885009766,0,-0.3699636459350586,3.699636459350586,-2.4078140258789062
78723506527,-0.6828250885009766,-0.6828250885009766,0,-0.3699636459350586,3.699636459350586,-2.4078140258789062
78725939594,-0.6828250885009766,-0.6828250885009766,0,-0.3699636459350586,3.699636459350586,-2.4078140258789062
78728372661,-0.6828250885009766,-0.6828250885009766,0,-0.3699636459350586,3.699636459350586,-2.4078140258789062
78730805728,-0.6828250885009766,-0.6828250885009766,0,-0.3699636459350586,3.699636459350586,-2.4078140258789062
78733238795,-0.6828250885009766,-0.6828250885009766,0,-0.3699636459350586,3.699636459350586,-2.4078140258789062
78735671862,-0.6828250885009766,-0.6828250885009766,0,-0.3699636459350586,3.699636459350586,-2.4078140258789062
78738104929,-0.6828250885009766,-0.6828250885009766,0,-0.3699636459350586,3.699636459350586,-2.4078140258789062
78740537996,-0.6828250885009766,-0.6828250885009766,0,-0.3699636459350586,3.699636459350586,-2.4078140258789062
78744212966,-0.6828250885009766,-0.6828250885009766,0,-0.3699636459350586,3.699636459350586,-2.4078140258789062
78747887928,-0.6828250885009766,-0.6828250885009766,0,-0.3699636459350586,3.699636459350586,-2.4078140258789062
78751562890,-0.6828250885009766,-0.6828250885009766,0,-0.3699636459350586,3.699636459350586,-2.4078140258789062
78755237852,-0.6828250885009766,-0.6828250885009766,0,-0.3699636459350586,3.699636459350586,-2.4078140258789062
78758912814,-0.6828250885009766,-0.6828250885009766,0,-0.3699636459350586,3.699636459350586,-2.4078140258789062
78762587776,-0.6828250885009766,-0.6828250885009766,0,-0.3699636459350586,3.699636459350586,-2.4078140258789062
78766262738,-0.6828250885009766,-0.6828250885009766,0,-0.3699636459350586,3.699636459350586,-2.4078140258789062
78769937700,-0.6828250885009766,-0.6828250885009766,0,-0.3699636459350586,3.699636459350586,-2.4078140258789062
78772805691,-0.6828250885009766,-0.6828250885009766,0,-0.3699636459350586,3.699636459350586,-2.4078140258789062
78775673678,-0.6828250885009766,-0.6828250885009766,0,-0.3699636459350586,3.699636459350586,-2.4078140258789062
78778541665,-0.6828250885009766,-0.6828250885009766,0,-0.3699636459350586,3.699636459350586,-2.4078140258789062
78781409652,-0.6828250885009766,-0.6828250885009766,0,-0.3699636459350586,3.699636459350586,-2.4078140258789062
78784277639,-0.6828250885009766,-0.6828250885009766,0,-0.3699636459350586,3.699636459350586,-2.4078140258789062
78787145626,-0.6828250885009766,-0.6828250885009766,0,-0.3699636459350586,3.699636459350586,-2.4078140258789062
78790013613,-0.6828250885009766,-0.6828250885009766,0,-0.3699636459350586,3.699636459350586,-2.4078140258789062
78792881600,-0.6828250885009766,-0.6828250885009766,0,-0.3699636459350586,3.699636459350586,-2.4078140258789062
78795760191,-0.6828250885009766,-0.6828250885009766,0,-0.3699636459350586,3.699636459350586,-2.4078140258789062
78798638778,-0.6828250885009766,-0.6828250885009766,0,-0.3699636459350586,3.699636459350586,-2.4078140258789062
78801517365,-0.6828250885009766,-0.6828250885009766,0,-0.3699636459350586,3.699636459350586,-2.4078140258789062
78804395952,-0.6828250885009766,-0.6828250885009766,0,-0.3699636459350586,3.699636459350586,-2.4078140258789062
78807274539,-0.6828250885009766,-0.6828250885009766,0,-0.3699636459350586,3.699636459350586,-2.4078140258789062
78810153126,-0.6828250885009766,-0.6828250885009766,0,-0.3699636459350586,3.699636459350586,-2.4078140258789062
78813031713,-0.6828250885009766,-0.6828250885009766,0,-0.3699636459350586,3.699636459350586,-2.4078140258789062
78815910300,-0.6828250885009766,-0.6828250885009766,0,-0.3699636459350586,3.699636459350586,-2.4078140258789062
78819485641,-0.6828250885009766,-0.6828250885009766,0,-0.3699636459350586,3.699636459350586,-2.4078140258789062
78822399124,-0.6828250885009766,-0.6828250885009766,0,-0.3699636459350586,3.699636459350586,-2.4078140258789062
78825312607,-0.6828250885009766,-0.6828250885009766,0,-0.3699636459350586,3.699636459350586,-2.4078140258789062
78828226090,-0.6828250885009766,-0.6828250885009766,0,-0.3699636459350586,3.699636459350586,-2.4078140258789062
78831139573,-0.6828250885009766,-0.6828250885009766,0,-0.3699636459350586,3.699636459350586,-2.4078140258789062
78834053056,-0.6828250885009766,-0.6828250885009766,0,-0.3699636459350586,3.699636459350586,-2.4078140258789062
78836966539,-0.6828250885009766,-0.6828250885009766,0,-0.3699636459350586,3.699636459350586,-2.4078140258789062
78839880022,-0.6828250885009766,-0.6828250885009766,0,-0.3699636459350586,3.699636459350586,-2.4078140258789062
78842793505,-0.6828250885009766,-0.6828250885009766,0,-0.3699636459350586,3.699636459350586,-2.4078140258789062
78845706988,-0.6828250885009766,-0.6828250885009766,0,-0.3699636459350586,3.699636459350586,-2.4078140258789062
78848620471,-0.6828250885009766,-0.6828250885009766,0,-0.3699636459350586,3.699636459350586,-2.4078140258789062
78851533954,-0.6828250885009766,-0.6828250885009766,0,-0.3699636459350586,3.699636459350586,-2.4078140258789062
78854447437,-0.6828250885009766,-0.6828250885009766,0,-0.3699636459350586,3.699636459350586,-2.4078140258789062
78857360920,-0.6828250885009766,-0.6828250885009766,0,-0.3699636459350586,3.699636459350586,-2.4078140258789062
78860274403,-0.6828250885009766,-0.6828250885009766,0,-0.3699636459350586,3.699636459350586,-2.4078140258789062
78863187886,-0.6828250885009766,-0.6828250885009766,0,-0.3699636459350586,3.699636459350586,-2.4078140258789062
78867092966,-0.6828250885009766,-0.6828250885009766,0,-0.3699636459350586,3.699636459350586,-2.4078140258789062
78870998028,-0.6828250885009766,-0.6828250885009766,0,-0.3699636459350586,3.699636459350586,-2.4078140258789062
78874903090,-0.6828250885009766,-0.6828250885009766,0,-0.3699636459350586,3.699636459350586,-2.4078140258789062
78878808152,-0.6828250885009766,-0.6828250885009766,0,-0.3699636459350586,3.699636459350586,-2.4078140258789062
78882713214,-0.6828250885009766,-0.6828250885009766,0,-0.3699636459350586,3.699636459350586,-2.4078140258789062
78886618276,-0.6828250885009766,-0.6828250885009766,0,-0.3699636459350586,3.699636459350586,-2.4078140258789062
78890523338,-0.6828250885009766,-0.6828250885009766,0,-0.3699636459350586,3.699636459350586,-2.4078140258789062
78894428400,-0.6828250885009766,-0.6828250885009766,0,-0.3699636459350586,3.699636459350586,-2.4078140258789062
78897671200,-0.6828250885009766,-0.6828250885009766,0,-0.3699636459350586,3.699636459350586,-2.4078140258789062
78900507813,-0.6828250885009766,-0.6828250885009766,0,-0.3699636459350586,3.699636459350586,-2.4078140258789062
78903344426,-0.6828250885009766,-0.6828250885009766,0,-0.3699636459350586,3.699636459350586,-2.4078140258789062
78906181039,-0.6828250885009766,-0.6828250885009766,0,-0.3699636459350586,3.699636459350586,-2.4078140258789062
78909017652,-0.6828250885009766,-0.6828250885009766,0,-0.3699636459350586,3.699636459350586,-2.4078140258789062
78911854265,-0.6828250885009766,-0.6828250885009766,0,-0.3699636459350586,3.699636459350586,-2.4078140258789062
78914690878,-0.6828250885009766,-0.6828250885009766,0,-0.3699636459350586,3.699636459350586,-2.4078140258789062
78917527491,-0.6828250885009766,-0.6828250885009766,0,-0.3699636459350586,3.699636459350586,-2.4078140258789062
78920364104,-0.6828250885009766,-0.6828250885009766,0,-0.3699636459350586,3.699636459350586,-2.4078140258789062
78923200717,-0.6828250885009766,-0.6828250885009766,0,-0.3699636459350586,3.699636459350586,-2.4078140258789062
78926037330,-0.6828250885009766,-0.6828250885009766,0,-0.3699636459350586,3.699636459350586,-2.4078140258789062
78928873943,-0.6828250885009766,-0.6828250885009766,0,-0.3699636459350586,3.699636459350586,-2.4078140258789062
78931710556,-0.6828250885009766,-0.6828250885009766,0,-0.3699636459350586,3.699636459350586,-2.4078140258789062
78934547169,-0.6828250885009766,-0.6828250885009766,0,-0.3699636459350586,3.699636459350586,-2.4078140258789062
78937383782,-0.6828250885009766,-0.6828250885009766,0,-0.3699636459350586,3.699636459350586,-2.4078140258789062
78940220395,-0.6828250885009766,-0.6828250885009766,0,-0.3699636459350586,3.699636459350586,-2.4078140258789062
78943203216,-0.6828250885009766,-0.6828250885009766,0,-0.3699636459350586,3.699636459350586,-2.4078140258789062
78946186028,-0.6828250885009766,-0.6828250885009766,0,-0.3699636459350586,3.699636459350586,-2.4078140258789062
78949168840,-0.6828250885009766,-0.6828250885009766,0,-0.3699636459350586,3.699636459350586,-2.4078140258789062
78952151652,-0.6828250885009766,-0.6828250885009766,0,-0.3699636459350586,3.699636459350586,-2.4078140258789062
78955134464,-0.6828250885009766,-0.6828250885009766,0,-0.3699636459350586,3.699636459350586,-2.4078140258789062
78958117276,-0.6828250885009766,-0.6828250885009766,0,-0.3699636459350586,3.699636459350586,-2.4078140258789062
78961100088,-0.6828250885009766,-0.6828250885009766,0,-0.3699636459350586,3.699636459350586,-2.4078140258789062
78964082900,-0.6828250885009766,-0.6828250885009766,0,-0.3699636459350586,3.699636459350586,-2.4078140258789062
78967463366,-0.6828250885009766,-0.6828250885009766,0,-0.3699636459350586,3.699636459350586,-2.4078140258789062
78970843828,-0.6828250885009766,-0.6828250885009766,0,-0.3699636459350586,3.699636459350586,-2.4078140258789062
78974224290,-0.6828250885009766,-0.6828250885009766,0,-0.3699636459350586,3.699636459350586,-2.4078140258789062
78977604752,-0.6828250885009766,-0.6828250885009766,0,-0.3699636459350586,3.699636459350586,-2.4078140258789062
78980985214,-0.6828250885009766,-0.6828250885009766,0,-0.3699636459350586,3.699636459350586,-2.4078140258789062
78984365676,-0.6828250885009766,-0.6828250885009766,0,-0.3699636459350586,3.699636459350586,-2.4078140258789062
78987746138,-0.6828250885009766,-0.6828250885009766,0,-0.3699636459350586,3.699636459350586,-2.4078140258789062
78991126600,-0.6828250885009766,-0.6828250885009766,0,-0.3699636459350586,3.699636459350586,-2.4078140258789062
78995441341,-0.6828250885009766,-0.6828250885009766,0,-0.3699636459350586,3.699636459350586,-2.4078140258789062
78998747004,-0.6828250885009766,-0.6828250885009766,0,-0.3699636459350586,3.699636459350586,-2.4078140258789062
79002052667,-0.6828250885009766,-0.6828250885009766,0,-0.3699636459350586,3.699636459350586,-2.4078140258789062
79005358330,-0.6828250885009766,-0.6828250885009766,0,-0.3699636459350586,3.699636459350586,-2.4078140258789062
79008663993,-0.6828250885009766,-0.6828250885009766,0,-0.3699636459350586,3.699636459350586,-2.4078140258789062
79011969656,-0.6828250885009766,-0.6828250885009766,0,-0.3699636459350586,3.699636459350586,-2.4078140258789062
79015275319,-0.6828250885009766,-0.6828250885009766,0,-0.3699636459350586,3.699636459350586,-2.4078140258789062
79018580982,-0.6828250885009766,-0.6828250885009766,0,-0.3699636459350586,3.699636459350586,-2.4078140258789062
79021886645,-0.6828250885009766,-0.6828250885009766,0,-0.3699636459350586,3.699636459350586,-2.4078140258789062
79025192308,-0.6828250885009766,-0.6828250885009766,0,-0.3699636459350586,3.699636459350586,-2.4078140258789062
79028497971,-0.6828250885009766,-0.6828250885009766,0,-0.3699636459350586,3.699636459350586,-2.4078140258789062
79031803634,-0.6828250885009766,-0.6828250885009766,0,-0.3699636459350586,3.699636459350586,-2.4078140258789062
79035109297,-0.6828250885009766,-0.6828250885009766,0,-0.3699636459350586,3.699636459350586,-2.4078140258789062
79038414960,-0.6828250885009766,-0.6828250885009766,0,-0.3699636459350586,3.699636459350586,-2.4078140258789062
79041720623,-0.6828250885009766,-0.6828250885009766,0,-0.3699636459350586,3.699636459350586,-2.4078140258789062
79045026286,-0.6828250885009766,-0.6828250885009766,0,-0.3699636459350586,3.699636459350586,-2.4078140258789062
79047629950,-0.6828250885009766,-0.6828250885009766,0,-0.3699636459350586,3.699636459350586,-2.4078140258789062
79050233600,-0.6828250885009766,-0.6828250885009766,0,-0.3699636459350586,3.699636459350586,-2.4078140258789062
79052837250,-0.6828250885009766,-0.6828250885009766,0,-0.3699636459350586,3.699636459350586,-2.4078140258789062
79055440900,-0.6828250885009766,-0.6828250885009766,0,-0.3699636459350586,3.699636459350586,-2.4078140258789062
79058044550,-0.6828250885009766,-0.6828250885009766,0,-0.3699636459350586,3.699636459350586,-2.4078140258789062
79060648200,-0.6828250885009766,-0.6828250885009766,0,-0.3699636459350586,3.699636459350586,-2.4078140258789062
79063251850,-0.6828250885009766,-0.6828250885009766,0,-0.3699636459350586,3.699636459350586,-2.4078140258789062
79065855500,-0.6828250885009766,-0.6828250885009766,0,-0.3699636459350586,3.699636459350586,-2.4078140258789062
79068499891,-0.6828250885009766,-0.6828250885009766,0,-0.3699636459350586,3.699636459350586,-2.4078140258789062
79071329978,-0.6828250885009766,-0.6828250885009766,0,-0.3699636459350586,3.699636459350586,-2.4078140258789062
79074160065,-0.6828250885009766,-0.6828250885009766,0,-0.3699636459350586,3.699636459350586,-2.4078140258789062
79076990152,-0.6828250885009766,-0.6828250885009766,0,-0.3699636459350586,3.699636459350586,-2.4078140258789062
79079820239,-0.6828250885009766,-0.6828250885009766,0,-0.3699636459350586,3.699636459350586,-2.4078140258789062
79082650326,-0.6828250885009766,-0.6828250885009766,0,-0.3699636459350586,3.699636459350586,-2.4078140258789062
79085480413,-0.6828250885009766,-0.6828250885009766,0,-0.3699636459350586,3.699636459350586,-2.4078140258789062
79088310500,-0.6828250885009766,-0.6828250885009766,0,-0.3699636459350586,3.699636459350586,-2.4078140258789062
79091140587,-0.6828250885009766,-0.6828250885009766,0,-0.3699636459350586,3.699636459350586,-2.4078140258789062
79093970674,-0.6828250885009766,-0.6828250885009766,0,-0.3699636459350586,3.699636459350586,-2.4078140258789062
79096800761,-0.6828250885009766,-0.6828250885009766,0,-0.3699636459350586,3.699636459350586,-2.4078140258789062
79099630848,-0.6828250885009766,-0.6828250885009766,0,-0.3699636459350586,3.699636459350586,-2.4078140258789062
79102460935,-0.6828250885009766,-0.6828250885009766,0,-0.3699636459350586,3.699636459350586,-2.4078140258789062
79105291022,-0.6828250885009766,-0.6828250885009766,0,-0.3699636459350586,3.699636459350586,-2.4078140258789062
79108121109,-0.6828250885009766,-0.6828250885009766,0,-0.3699636459350586,3.699636459350586,-2.4078140258789062
79110951196,-0.6828250885009766,-0.6828250885009766,0,-0.3699636459350586,3.699636459350586,-2.4078140258789062
79114770266,-0.6828250885009766,-0.6828250885009766,0,-0.3699636459350586,3.699636459350586,-2.4078140258789062
79118589328,-0.6828250885009766,-0.6828250885009766,0,-0.3699636459350586,3.699636459350586,-2.4078140258789062
79122408390,-0.6828250885009766,-0.6828250885009766,0,-0.3699636459350586,3.699636459350586,-2.4078140258789062
79126227452,-0.6828250885009766,-0.6828250885009766,0,-0.3699636459350586,3.699636459350586,-2.4078140258789062
79130046514,-0.6828250885009766,-0.6828250885009766,0,-0.3699636459350586,3.699636459350586,-2.4078140258789062
79133865576,-0.6828250885009766,-0.6828250885009766,0,-0.3699636459350586,3.699636459350586,-2.4078140258789062
79137684638,-0.6828250885009766,-0.6828250885009766,0,-0.3699636459350586,3.699636459350586,-2.4078140258789062
79141503700,-0.6828250885009766,-0.6828250885009766,0,-0.3699636459350586,3.699636459350586,-2.4078140258789062
79144532575,-0.6828250885009766,-0.6828250885009766,0,-0.3699636459350586,3.699636459350586,-2.4078140258789062
79147561450,-0.6828250885009766,-0.6828250885009766,0,-0.3699636459350586,3.699636459350586,-2.4078140258789062
79150590325,-0.6828250885009766,-0.6828250885009766,0,-0.3699636459350586,3.699636459350586,-2.4078140258789062
79153619200,-0.6828250885009766,-0.6828250885009766,0,-0.3699636459350586,3.699636459350586,-2.4078140258789062
79156648075,-0.6828250885009766,-0.6828250885009766,0,-0.3699636459350586,3.699636459350586,-2.4078140258789062
79159676950,-0.6828250885009766,-0.6828250885009766,0,-0.3699636459350586,3.699636459350586,-2.4078140258789062
79162705825,-0.6828250885009766,-0.6828250885009766,0,-0.3699636459350586,3.699636459350586,-2.4078140258789062
79165734700,-0.6828250885009766,-0.6828250885009766,0,-0.3699636459350586,3.699636459350586,-2.4078140258789062
79168859925,-0.6828250885009766,-0.6828250885009766,0,-0.3699636459350586,3.699636459350586,-2.4078140258789062
79171985150,-0.6828250885009766,-0.6828250885009766,0,-0.3699636459350586,3.699636459350586,-2.4078140258789062
79175110375,-0.6828250885009766,-0.6828250885009766,0,-0.3699636459350586,3.699636459350586,-2.4078140258789062
79178235600,-0.6828250885009766,-0.6828250885009766,0,-0.3699636459350586,3.699636459350586,-2.4078140258789062
79181360825,-0.6828250885009766,-0.6828250885009766,0,-0.3699636459350586,3.699636459350586,-2.4078140258789062
79184486050,-0.6828250885009766,-0.6828250885009766,0,-0.3699636459350586,3.699636459350586,-2.4078140258789062
79187611275,-0.6828250885009766,-0.6828250885009766,0,-0.3699636459350586,3.699636459350586,-2.4078140258789062
79190736500,-0.6828250885009766,-0.6828250885009766,0,-0.3699636459350586,3.699636459350586,-2.4078140258789062
79193273916,-0.6828250885009766,-0.6828250885009766,0,-0.3699636459350586,3.699636459350586,-2.4078140258789062
79195811328,-0.6828250885009766,-0.6828250885009766,0,-0.3699636459350586,3.699636459350586,-2.4078140258789062
79198348740,-0.6828250885009766,-0.6828250885009766,0,-0.3699636459350586,3.699636459350586,-2.4078140258789062
79200886152,-0.6828250885009766,-0.6828250885009766,0,-0.3699636459350586,3.699636459350586,-2.4078140258789062
79203423564,-0.6828250885009766,-0.6828250885009766,0,-0.3699636459350586,3.699636459350586,-2.4078140258789062
79205960976,-0.6828250885009766,-0.6828250885009766,0,-0.3699636459350586,3.699636459350586,-2.4078140258789062
79208498388,-0.6828250885009766,-0.6828250885009766,0,-0.3699636459350586,3.699636459350586,-2.4078140258789062
79211035800,-0.6828250885009766,-0.6828250885009766,0,-0.3699636459350586,3.699636459350586,-2.4078140258789062
79214121900,-0.6828250885009766,-0.6828250885009766,0,-0.3699636459350586,3.699636459350586,-2.4078140258789062
79217208000,-0.6828250885009766,-0.6828250885009766,0,-0.3699636459350586,3.699636459350586,-2.4078140258789062
79220294100,-0.6828250885009766,-0.6828250885009766,0,-0.3699636459350586,3.699636459350586,-2.4078140258789062
79223380200,-0.6828250885009766,-0.6828250885009766,0,-0.3699636459350586,3.699636459350586,-2.4078140258789062
79226466300,-0.6828250885009766,-0.6828250885009766,0,-0.3699636459350586,3.699636459350586,-2.4078140258789062
79229552400,-0.6828250885009766,-0.6828250885009766,0,-0.3699636459350586,3.699636459350586,-2.4078140258789062
79232638500,-0.6828250885009766,-0.6828250885009766,0,-0.3699636459350586,3.699636459350586,-2.4078140258789062
79235724600,-0.6828250885009766,-0.6828250885009766,0,-0.3699636459350586,3.699636459350586,-2.4078140258789062
79239449525,-0.6828250885009766,-0.6828250885009766,0,-0.3699636459350586,3.699636459350586,-2.4078140258789062
79243174450,-0.6828250885009766,-0.6828250885009766,0,-0.3699636459350586,3.699636459350586,-2.4078140258789062
79246899375,-0.6828250885009766,-0.6828250885009766,0,-0.3699636459350586,3.699636459350586,-2.4078140258789062
79250624300,-0.6828250885009766,-0.6828250885009766,0,-0.3699636459350586,3.699636459350586,-2.4078140258789062
79254349225,-0.6828250885009766,-0.6828250885009766,0,-0.3699636459350586,3.699636459350586,-2.4078140258789062
79258074150,-0.6828250885009766,-0.6828250885009766,0,-0.3699636459350586,3.699636459350586,-2.4078140258789062
79261799075,-0.6828250885009766,-0.6828250885009766,0,-0.3699636459350586,3.699636459350586,-2.4078140258789062
79265524000,-0.6828250885009766,-0.6828250885009766,0,-0.3699636459350586,3.699636459350586,-2.4078140258789062
79267838941,-0.6828250885009766,-0.6828250885009766,0,-0.3699636459350586,3.699636459350586,-2.4078140258789062
79270153878,-0.6828250885009766,-0.6828250885009766,0,-0.3699636459350586,3.699636459350586,-2.4078140258789062
79272468815,-0.6828250885009766,-0.6828250885009766,0,-0.3699636459350586,3.699636459350586,-2.4078140258789062
79274783752,-0.6828250885009766,-0.6828250885009766,0,-0.3699636459350586,3.699636459350586,-2.4078140258789062
79277098689,-0.6828250885009766,-0.6828250885009766,0,-0.3699636459350586,3.699636459350586,-2.4078140258789062
79279413626,-0.6828250885009766,-0.6828250885009766,0,-0.3699636459350586,3.699636459350586,-2.4078140258789062
79281728563,-0.6828250885009766,-0.6828250885009766,0,-0.3699636459350586,3.699636459350586,-2.4078140258789062
79284043500,-0.6828250885009766,-0.6828250885009766,0,-0.3699636459350586,3.699636459350586,-2.4078140258789062
79286975191,-0.6828250885009766,-0.6828250885009766,0,-0.3699636459350586,3.699636459350586,-2.4078140258789062
79289906878,-0.6828250885009766,-0.6828250885009766,0,-0.3699636459350586,3.699636459350586,-2.4078140258789062
79292838565,-0.6828250885009766,-0.6828250885009766,0,-0.3699636459350586,3.699636459350586,-2.4078140258789062
79295770252,-0.6828250885009766,-0.6828250885009766,0,-0.3699636459350586,3.699636459350586,-2.4078140258789062
79298701939,-0.6828250885009766,-0.6828250885009766,0,-0.3699636459350586,3.699636459350586,-2.4078140258789062
79301633626,-0.6828250885009766,-0.6828250885009766,0,-0.3699636459350586,3.699636459350586,-2.4078140258789062
79304565313,-0.6828250885009766,-0.6828250885009766,0,-0.3699636459350586,3.699636459350586,-2.4078140258789062
79307497000,-0.6828250885009766,-0.6828250885009766,0,-0.3699636459350586,3.699636459350586,-2.4078140258789062
79311157675,-0.6828250885009766,-0.6828250885009766,0,-0.3699636459350586,3.699636459350586,-2.4078140258789062
79314818350,-0.6828250885009766,-0.6828250885009766,0,-0.3699636459350586,3.699636459350586,-2.4078140258789062
79318479025,-0.6828250885009766,-0.6828250885009766,0,-0.3699636459350586,3.699636459350586,-2.4078140258789062
79322139700,-0.6828250885009766,-0.6828250885009766,0,-0.3699636459350586,3.699636459350586,-2.4078140258789062
79325800375,-0.6828250885009766,-0.6828250885009766,0,-0.3699636459350586,3.699636459350586,-2.4078140258789062
79329461050,-0.6828250885009766,-0.6828250885009766,0,-0.3699636459350586,3.699636459350586,-2.4078140258789062
79333121725,-0.6828250885009766,-0.6828250885009766,0,-0.3699636459350586,3.699636459350586,-2.4078140258789062
79336782400,-0.6828250885009766,-0.6828250885009766,0,-0.3699636459350586,3.699636459350586,-2.4078140258789062
79339445375,-0.6828250885009766,-0.6828250885009766,0,-0.3699636459350586,3.699636459350586,-2.4078140258789062
79342108350,-0.6828250885009766,-0.6828250885009766,0,-0.3699636459350586,3.699636459350586,-2.4078140258789062
79344771325,-0.6828250885009766,-0.6828250885009766,0,-0.3699636459350586,3.699636459350586,-2.4078140258789062
79347434300,-0.6828250885009766,-0.6828250885009766,0,-0.3699636459350586,3.699636459350586,-2.4078140258789062
79350097275,-0.6828250885009766,-0.6828250885009766,0,-0.3699636459350586,3.699636459350586,-2.4078140258789062
79352760250,-0.6828250885009766,-0.6828250885009766,0,-0.3699636459350586,3.699636459350586,-2.4078140258789062
79355423225,-0.6828250885009766,-0.6828250885009766,0,-0.3699636459350586,3.699636459350586,-2.4078140258789062
79358086200,-0.6828250885009766,-0.6828250885009766,0,-0.3699636459350586,3.699636459350586,-2.4078140258789062
79362367116,-0.6828250885009766,-0.6828250885009766,0,-0.3699636459350586,3.699636459350586,-2.4078140258789062
79365847854,-0.6828250885009766,-0.6828250885009766,0,-0.3699636459350586,3.699636459350586,-2.4078140258789062
79369328592,-0.6828250885009766,-0.6828250885009766,0,-0.3699636459350586,3.699636459350586,-2.4078140258789062
79372809330,-0.6828250885009766,-0.6828250885009766,0,-0.3699636459350586,3.699636459350586,-2.4078140258789062
79376290068,-0.6828250885009766,-0.6828250885009766,0,-0.3699636459350586,3.699636459350586,-2.4078140258789062
79379770806,-0.6828250885009766,-0.6828250885009766,0,-0.3699636459350586,3.699636459350586,-2.4078140258789062
79383251544,-0.6828250885009766,-0.6828250885009766,0,-0.3699636459350586,3.699636459350586,-2.4078140258789062
79386732282,-0.6828250885009766,-0.6828250885009766,0,-0.3699636459350586,3.699636459350586,-2.4078140258789062
79390213020,-0.6828250885009766,-0.6828250885009766,0,-0.3699636459350586,3.699636459350586,-2.4078140258789062
79393693758,-0.6828250885009766,-0.6828250885009766,0,-0.3699636459350586,3.699636459350586,-2.4078140258789062
79397174496,-0.6828250885009766,-0.6828250885009766,0,-0.3699636459350586,3.699636459350586,-2.4078140258789062
79400655234,-0.6828250885009766,-0.6828250885009766,0,-0.3699636459350586,3.699636459350586,-2.4078140258789062
79404135972,-0.6828250885009766,-0.6828250885009766,0,-0.3699636459350586,3.699636459350586,-2.4078140258789062
79407616710,-0.6828250885009766,-0.6828250885009766,0,-0.3699636459350586,3.699636459350586,-2.4078140258789062
79411097448,-0.6828250885009766,-0.6828250885009766,0,-0.3699636459350586,3.699636459350586,-2.4078140258789062
79414578186,-0.6828250885009766,-0.6828250885009766,0,-0.3699636459350586,3.699636459350586,-2.4078140258789062
79416925166,-0.6828250885009766,-0.6828250885009766,0,-0.3699636459350586,3.699636459350586,-2.4078140258789062
79419272128,-0.6828250885009766,-0.6828250885009766,0,-0.3699636459350586,3.699636459350586,-2.4078140258789062
79421619090,-0.6828250885009766,-0.6828250885009766,0,-0.3699636459350586,3.699636459350586,-2.4078140258789062
79423966052,-0.6828250885009766,-0.6828250885009766,0,-0.3699636459350586,3.699636459350586,-2.4078140258789062
79426313014,-0.6828250885009766,-0.6828250885009766,0,-0.3699636459350586,3.699636459350586,-2.4078140258789062
79428659976,-0.6828250885009766,-0.6828250885009766,0,-0.3699636459350586,3.699636459350586,-2.4078140258789062
79431006938,-0.6828250885009766,-0.6828250885009766,0,-0.3699636459350586,3.699636459350586,-2.4078140258789062
79433353900,-0.6828250885009766,-0.6828250885009766,0,-0.3699636459350586,3.699636459350586,-2.4078140258789062
79436139341,-0.6828250885009766,-0.6828250885009766,0,-0.3699636459350586,3.699636459350586,-2.4078140258789062
79438821498,-0.6828250885009766,-0.6828250885009766,0,-0.3699636459350586,3.699636459350586,-2.4078140258789062
79441503655,-0.6828250885009766,-0.6828250885009766,0,-0.3699636459350586,3.699636459350586,-2.4078140258789062
79444185812,-0.6828250885009766,-0.6828250885009766,0,-0.3699636459350586,3.699636459350586,-2.4078140258789062
79446867969,-0.6828250885009766,-0.6828250885009766,0,-0.3699636459350586,3.699636459350586,-2.4078140258789062
79449550126,-0.6828250885009766,-0.6828250885009766,0,-0.3699636459350586,3.699636459350586,-2.4078140258789062
79452232283,-0.6828250885009766,-0.6828250885009766,0,-0.3699636459350586,3.699636459350586,-2.4078140258789062
79454914440,-0.6828250885009766,-0.6828250885009766,0,-0.3699636459350586,3.699636459350586,-2.4078140258789062
79457596597,-0.6828250885009766,-0.6828250885009766,0,-0.3699636459350586,3.699636459350586,-2.4078140258789062
79460278754,-0.6828250885009766,-0.6828250885009766,0,-0.3699636459350586,3.699636459350586,-2.4078140258789062
79462960911,-0.6828250885009766,-0.6828250885009766,0,-0.3699636459350586,3.699636459350586,-2.4078140258789062
79465643068,-0.6828250885009766,-0.6828250885009766,0,-0.3699636459350586,3.699636459350586,-2.4078140258789062
79468325225,-0.6828250885009766,-0.6828250885009766,0,-0.3699636459350586,3.699636459350586,-2.4078140258789062
79471007382,-0.6828250885009766,-0.6828250885009766,0,-0.3699636459350586,3.699636459350586,-2.4078140258789062
79473689539,-0.6828250885009766,-0.6828250885009766,0,-0.3699636459350586,3.699636459350586,-2.4078140258789062
79476371696,-0.6828250885009766,-0.6828250885009766,0,-0.3699636459350586,3.699636459350586,-2.4078140258789062
79480039075,-0.6828250885009766,-0.6828250885009766,0,-0.3699636459350586,3.699636459350586,-2.4078140258789062
79483706450,-0.6828250885009766,-0.6828250885009766,0,-0.3699636459350586,3.699636459350586,-2.4078140258789062
79487373825,-0.6828250885009766,-0.6828250885009766,0,-0.3699636459350586,3.699636459350586,-2.4078140258789062
79491041200,-0.6828250885009766,-0.6828250885009766,0,-0.3699636459350586,3.699636459350586,-2.4078140258789062
79494708575,-0.6828250885009766,-0.6828250885009766,0,-0.3699636459350586,3.699636459350586,-2.4078140258789062
79498375950,-0.6828250885009766,-0.6828250885009766,0,-0.3699636459350586,3.699636459350586,-2.4078140258789062
79502043325,-0.6828250885009766,-0.6828250885009766,0,-0.3699636459350586,3.699636459350586,-2.4078140258789062
79505710700,-0.6828250885009766,-0.6828250885009766,0,-0.3699636459350586,3.699636459350586,-2.4078140258789062
79508850850,-0.6828250885009766,-0.6828250885009766,0,-0.3699636459350586,3.699636459350586,-2.4078140258789062
79511991000,-0.6828250885009766,-0.6828250885009766,0,-0.3699636459350586,3.699636459350586,-2.4078140258789062
79515131150,-0.6828250885009766,-0.6828250885009766,0,-0.3699636459350586,3.699636459350586,-2.4078140258789062
79518271300,-0.6828250885009766,-0.6828250885009766,0,-0.3699636459350586,3.699636459350586,-2.4078140258789062
79521411450,-0.6828250885009766,-0.6828250885009766,0,-0.3699636459350586,3.699636459350586,-2.4078140258789062
79524551600,-0.6828250885009766,-0.6828250885009766,0,-0.3699636459350586,3.699636459350586,-2.4078140258789062
79527691750,-0.6828250885009766,-0.6828250885009766,0,-0.3699636459350586,3.699636459350586,-2.4078140258789062
79530831900,-0.6828250885009766,-0.6828250885009766,0,-0.3699636459350586,3.699636459350586,-2.4078140258789062
79533788450,-0.6828250885009766,-0.6828250885009766,0,-0.3699636459350586,3.699636459350586,-2.4078140258789062
79536745000,-0.6828250885009766,-0.6828250885009766,0,-0.3699636459350586,3.699636459350586,-2.4078140258789062
79539701550,-0.6828250885009766,-0.6828250885009766,0,-0.3699636459350586,3.699636459350586,-2.4078140258789062
79542658100,-0.6828250885009766,-0.6828250885009766,0,-0.3699636459350586,3.699636459350586,-2.4078140258789062
79545614650,-0.6828250885009766,-0.6828250885009766,0,-0.3699636459350586,3.699636459350586,-2.4078140258789062
79548571200,-0.6828250885009766,-0.6828250885009766,0,-0.3699636459350586,3.699636459350586,-2.4078140258789062
79551527750,-0.6828250885009766,-0.6828250885009766,0,-0.3699636459350586,3.699636459350586,-2.4078140258789062
79554484300,-0.6828250885009766,-0.6828250885009766,0,-0.3699636459350586,3.699636459350586,-2.4078140258789062
79556971225,-0.6828250885009766,-0.6828250885009766,0,-0.3699636459350586,3.699636459350586,-2.4078140258789062
79559683270,-0.6828250885009766,-0.6828250885009766,0,-0.3699636459350586,3.699636459350586,-2.4078140258789062
79562395315,-0.6828250885009766,-0.6828250885009766,0,-0.3699636459350586,3.699636459350586,-2.4078140258789062
79565107360,-0.6828250885009766,-0.6828250885009766,0,-0.3699636459350586,3.699636459350586,-2.4078140258789062
79567819405,-0.6828250885009766,-0.6828250885009766,0,-0.3699636459350586,3.699636459350586,-2.4078140258789062
79570531450,-0.6828250885009766,-0.6828250885009766,0,-0.3699636459350586,3.699636459350586,-2.4078140258789062
79573243495,-0.6828250885009766,-0.6828250885009766,0,-0.3699636459350586,3.699636459350586,-2.4078140258789062
79575955540,-0.6828250885009766,-0.6828250885009766,0,-0.3699636459350586,3.699636459350586,-2.4078140258789062
79578667585,-0.6828250885009766,-0.6828250885009766,0,-0.3699636459350586,3.699636459350586,-2.4078140258789062
79581379630,-0.6828250885009766,-0.6828250885009766,0,-0.3699636459350586,3.699636459350586,-2.4078140258789062
79584091675,-0.6828250885009766,-0.6828250885009766,0,-0.3699636459350586,3.699636459350586,-2.4078140258789062
79586803720,-0.6828250885009766,-0.6828250885009766,0,-0.3699636459350586,3.699636459350586,-2.4078140258789062
79589515765,-0.6828250885009766,-0.6828250885009766,0,-0.3699636459350586,3.699636459350586,-2.4078140258789062
79592227810,-0.6828250885009766,-0.6828250885009766,0,-0.3699636459350586,3.699636459350586,-2.4078140258789062
79594939855,-0.6828250885009766,-0.6828250885009766,0,-0.3699636459350586,3.699636459350586,-2.4078140258789062
79597651900,-0.6828250885009766,-0.6828250885009766,0,-0.3699636459350586,3.699636459350586,-2.4078140258789062
79601630666,-0.6828250885009766,-0.6828250885009766,0,-0.3699636459350586,3.699636459350586,-2.4078140258789062
79605609428,-0.6828250885009766,-0.6828250885009766,0,-0.3699636459350586,3.699636459350586,-2.4078140258789062
79609588190,-0.6828250885009766,-0.6828250885009766,0,-0.3699636459350586,3.699636459350586,-2.4078140258789062
79613566952,-0.6828250885009766,-0.6828250885009766,0,-0.3699636459350586,3.699636459350586,-2.4078140258789062
79617545714,-0.6828250885009766,-0.6828250885009766,0,-0.3699636459350586,3.699636459350586,-2.4078140258789062
79621524476,-0.6828250885009766,-0.6828250885009766,0,-0.3699636459350586,3.699636459350586,-2.4078140258789062
79625503238,-0.6828250885009766,-0.6828250885009766,0,-0.3699636459350586,3.699636459350586,-2.4078140258789062
79629482000,-0.6828250885009766,-0.6828250885009766,0,-0.3699636459350586,3.699636459350586,-2.4078140258789062
79631829925,-0.6828250885009766,-0.6828250885009766,0,-0.3699636459350586,3.699636459350586,-2.4078140258789062
79634177850,-0.6828250885009766,-0.6828250885009766,0,-0.3699636459350586,3.699636459350586,-2.4078140258789062
79636525775,-0.6828250885009766,-0.6828250885009766,0,-0.3699636459350586,3.699636459350586,-2.4078140258789062
79638873700,-0.6828250885009766,-0.6828250885009766,0,-0.3699636459350586,3.699636459350586,-2.4078140258789062
79641221625,-0.6828250885009766,-0.6828250885009766,0,-0.3699636459350586,3.699636459350586,-2.4078140258789062
79643569550,-0.6828250885009766,-0.6828250885009766,0,-0.3699636459350586,3.699636459350586,-2.4078140258789062
79645917475,-0.6828250885009766,-0.6828250885009766,0,-0.3699636459350586,3.699636459350586,-2.4078140258789062
79648265400,-0.6828250885009766,-0.6828250885009766,0,-0.3699636459350586,3.699636459350586,-2.4078140258789062
79651266675,-0.6828250885009766,-0.6828250885009766,0,-0.3699636459350586,3.699636459350586,-2.4078140258789062
79654267950,-0.6828250885009766,-0.6828250885009766,0,-0.3699636459350586,3.699636459350586,-2.4078140258789062
79657269225,-0.6828250885009766,-0.6828250885009766,0,-0.3699636459350586,3.699636459350586,-2.4078140258789062
79660270500,-0.6828250885009766,-0.6828250885009766,0,-0.3699636459350586,3.699636459350586,-2.4078140258789062
79663271775,-0.6828250885009766,-0.6828250885009766,0,-0.3699636459350586,3.699636459350586,-2.4078140258789062
79666273050,-0.6828250885009766,-0.6828250885009766,0,-0.3699636459350586,3.699636459350586,-2.4078140258789062
79669274325,-0.6828250885009766,-0.6828250885009766,0,-0.3699636459350586,3.699636459350586,-2.4078140258789062
79672275600,-0.6828250885009766,-0.6828250885009766,0,-0.3699636459350586,3.699636459350586,-2.4078140258789062
79674812200,-0.6828250885009766,-0.6828250885009766,0,-0.3699636459350586,3.699636459350586,-2.4078140258789062
79677348800,-0.6828250885009766,-0.6828250885009766,0,-0.3699636459350586,3.699636459350586,-2.4078140258789062
79679885400,-0.6828250885009766,-0.6828250885009766,0,-0.3699636459350586,3.699636459350586,-2.4078140258789062
79682422000,-0.6828250885009766,-0.6828250885009766,0,-0.3699636459350586,3.699636459350586,-2.4078140258789062
79684958600,-0.6828250885009766,-0.6828250885009766,0,-0.3699636459350586,3.699636459350586,-2.4078140258789062
79687495200,-0.6828250885009766,-0.6828250885009766,0,-0.3699636459350586,3.699636459350586,-2.4078140258789062
79690031800,-0.6828250885009766,-0.6828250885009766,0,-0.3699636459350586,3.699636459350586,-2.4078140258789062
79692568400,-0.6828250885009766,-0.6828250885009766,0,-0.3699636459350586,3.699636459350586,-2.4078140258789062
79695403650,-0.6828250885009766,-0.6828250885009766,0,-0.3699636459350586,3.699636459350586,-2.4078140258789062
79698238900,-0.6828250885009766,-0.6828250885009766,0,-0.3699636459350586,3.699636459350586,-2.4078140258789062
79701074150,-0.6828250885009766,-0.6828250885009766,0,-0.3699636459350586,3.699636459350586,-2.4078140258789062
79703909400,-0.6828250885009766,-0.6828250885009766,0,-0.3699636459350586,3.699636459350586,-2.4078140258789062
79706744650,-0.6828250885009766,-0.6828250885009766,0,-0.3699636459350586,3.699636459350586,-2.4078140258789062
79709579900,-0.6828250885009766,-0.6828250885009766,0,-0.3699636459350586,3.699636459350586,-2.4078140258789062
79712415150,-0.6828250885009766,-0.6828250885009766,0,-0.3699636459350586,3.699636459350586,-2.4078140258789062
79715250400,-0.6828250885009766,-0.6828250885009766,0,-0.3699636459350586,3.699636459350586,-2.4078140258789062
79719477141,-0.6828250885009766,-0.6828250885009766,0,-0.3699636459350586,3.699636459350586,-2.4078140258789062
79723703878,-0.6828250885009766,-0.6828250885009766,0,-0.3699636459350586,3.699636459350586,-2.4078140258789062
79727930615,-0.6828250885009766,-0.6828250885009766,0,-0.3699636459350586,3.699636459350586,-2.4078140258789062
79732157352,-0.6828250885009766,-0.6828250885009766,0,-0.3699636459350586,3.699636459350586,-2.4078140258789062
79736384089,-0.6828250885009766,-0.6828250885009766,0,-0.3699636459350586,3.699636459350586,-2.4078140258789062
79740610826,-0.6828250885009766,-0.6828250885009766,0,-0.3699636459350586,3.699636459350586,-2.4078140258789062
79744837563,-0.6828250885009766,-0.6828250885009766,0,-0.3699636459350586,3.699636459350586,-2.4078140258789062
79749064300,-0.6828250885009766,-0.6828250885009766,0,-0.3699636459350586,3.699636459350586,-2.4078140258789062
79751811450,-0.6828250885009766,-0.6828250885009766,0,-0.3699636459350586,3.699636459350586,-2.4078140258789062
79754558600,-0.6828250885009766,-0.6828250885009766,0,-0.3699636459350586,3.699636459350586,-2.4078140258789062
79757305750,-0.6828250885009766,-0.6828250885009766,0,-0.3699636459350586,3.699636459350586,-2.4078140258789062
79760052900,-0.6828250885009766,-0.6828250885009766,0,-0.3699636459350586,3.699636459350586,-2.4078140258789062
79762800050,-0.6828250885009766,-0.6828250885009766,0,-0.3699636459350586,3.699636459350586,-2.4078140258789062
79765547200,-0.6828250885009766,-0.6828250885009766,0,-0.3699636459350586,3.699636459350586,-2.4078140258789062
79768294350,-0.6828250885009766,-0.6828250885009766,0,-0.3699636459350586,3.699636459350586,-2.4078140258789062
79771041500,-0.6828250885009766,-0.6828250885009766,0,-0.3699636459350586,3.699636459350586,-2.4078140258789062
79773356050,-0.6828250885009766,-0.6828250885009766,0,-0.3699636459350586,3.699636459350586,-2.4078140258789062
79776028886,-0.6828250885009766,-0.6828250885009766,0,-0.3699636459350586,3.699636459350586,-2.4078140258789062
79778701722,-0.6828250885009766,-0.6828250885009766,0,-0.3699636459350586,3.699636459350586,-2.4078140258789062
79781374558,-0.6828250885009766,-0.6828250885009766,0,-0.3699636459350586,3.699636459350586,-2.4078140258789062
79784047394,-0.6828250885009766,-0.6828250885009766,0,-0.3699636459350586,3.699636459350586,-2.4078140258789062
79786720230,-0.6828250885009766,-0.6828250885009766,0,-0.3699636459350586,3.699636459350586,-2.4078140258789062
79789393066,-0.6828250885009766,-0.6828250885009766,0,-0.3699636459350586,3.699636459350586,-2.4078140258789062
79792065902,-0.6828250885009766,-0.6828250885009766,0,-0.3699636459350586,3.699636459350586,-2.4078140258789062
79794738738,-0.6828250885009766,-0.6828250885009766,0,-0.3699636459350586,3.699636459350586,-2.4078140258789062
79797411574,-0.6828250885009766,-0.6828250885009766,0,-0.3699636459350586,3.699636459350586,-2.4078140258789062
79800084410,-0.6828250885009766,-0.6828250885009766,0,-0.3699636459350586,3.699636459350586,-2.4078140258789062
79802757246,-0.6828250885009766,-0.6828250885009766,0,-0.3699636459350586,3.699636459350586,-2.4078140258789062
79805430082,-0.6828250885009766,-0.6828250885009766,0,-0.3699636459350586,3.699636459350586,-2.4078140258789062
79808102918,-0.6828250885009766,-0.6828250885009766,0,-0.3699636459350586,3.699636459350586,-2.4078140258789062
79810775754,-0.6828250885009766,-0.6828250885009766,0,-0.3699636459350586,3.699636459350586,-2.4078140258789062
79813448590,-0.6828250885009766,-0.6828250885009766,0,-0.3699636459350586,3.699636459350586,-2.4078140258789062
79816099200,-0.6828250885009766,-0.6828250885009766,0,-0.3699636459350586,3.699636459350586,-2.4078140258789062
79818905366,-0.6828250885009766,-0.6828250885009766,0,-0.3699636459350586,3.699636459350586,-2.4078140258789062
79821711532,-0.6828250885009766,-0.6828250885009766,0,-0.3699636459350586,3.699636459350586,-2.4078140258789062
79824517698,-0.6828250885009766,-0.6828250885009766,0,-0.3699636459350586,3.699636459350586,-2.4078140258789062
79827323864,-0.6828250885009766,-0.6828250885009766,0,-0.3699636459350586,3.699636459350586,-2.4078140258789062
79830130030,-0.6828250885009766,-0.6828250885009766,0,-0.3699636459350586,3.699636459350586,-2.4078140258789062
79832936196,-0.6828250885009766,-0.6828250885009766,0,-0.3699636459350586,3.699636459350586,-2.4078140258789062
79835742362,-0.6828250885009766,-0.6828250885009766,0,-0.3699636459350586,3.699636459350586,-2.4078140258789062
79838548528,-0.6828250885009766,-0.6828250885009766,0,-0.3699636459350586,3.699636459350586,-2.4078140258789062
79841354694,-0.6828250885009766,-0.6828250885009766,0,-0.3699636459350586,3.699636459350586,-2.4078140258789062
79844160860,-0.6828250885009766,-0.6828250885009766,0,-0.3699636459350586,3.699636459350586,-2.4078140258789062
79846967026,-0.6828250885009766,-0.6828250885009766,0,-0.3699636459350586,3.699636459350586,-2.4078140258789062
79849773192,-0.6828250885009766,-0.6828250885009766,0,-0.3699636459350586,3.699636459350586,-2.4078140258789062
79852579358,-0.6828250885009766,-0.6828250885009766,0,-0.3699636459350586,3.699636459350586,-2.4078140258789062
79855385524,-0.6828250885009766,-0.6828250885009766,0,-0.3699636459350586,3.699636459350586,-2.4078140258789062
79858191690,-0.6828250885009766,-0.6828250885009766,0,-0.3699636459350586,3.699636459350586,-2.4078140258789062
79860904491,-0.6828250885009766,-0.6828250885009766,0,-0.3699636459350586,3.699636459350586,-2.4078140258789062
79863617278,-0.6828250885009766,-0.6828250885009766,0,-0.3699636459350586,3.699636459350586,-2.4078140258789062
79866330065,-0.6828250885009766,-0.6828250885009766,0,-0.3699636459350586,3.699636459350586,-2.4078140258789062
79869042852,-0.6828250885009766,-0.6828250885009766,0,-0.3699636459350586,3.699636459350586,-2.4078140258789062
79871755639,-0.6828250885009766,-0.6828250885009766,0,-0.3699636459350586,3.699636459350586,-2.4078140258789062
79874468426,-0.6828250885009766,-0.6828250885009766,0,-0.3699636459350586,3.699636459350586,-2.4078140258789062
79877181213,-0.6828250885009766,-0.6828250885009766,0,-0.3699636459350586,3.699636459350586,-2.4078140258789062
79879894000,-0.6828250885009766,-0.6828250885009766,0,-0.3699636459350586,3.699636459350586,-2.4078140258789062
79882333066,-0.6828250885009766,-0.6828250885009766,0,-0.3699636459350586,3.699636459350586,-2.4078140258789062
79885024274,-0.6828250885009766,-0.6828250885009766,0,-0.3699636459350586,3.699636459350586,-2.4078140258789062
79887715482,-0.6828250885009766,-0.6828250885009766,0,-0.3699636459350586,3.699636459350586,-2.4078140258789062
79890406690,-0.6828250885009766,-0.6828250885009766,0,-0.3699636459350586,3.699636459350586,-2.4078140258789062
79893097898,-0.6828250885009766,-0.6828250885009766,0,-0.3699636459350586,3.699636459350586,-2.4078140258789062
79895789106,-0.6828250885009766,-0.6828250885009766,0,-0.3699636459350586,3.699636459350586,-2.4078140258789062
79898480314,-0.6828250885009766,-0.6828250885009766,0,-0.3699636459350586,3.699636459350586,-2.4078140258789062
79901171522,-0.6828250885009766,-0.6828250885009766,0,-0.3699636459350586,3.699636459350586,-2.4078140258789062
79903862730,-0.6828250885009766,-0.6828250885009766,0,-0.3699636459350586,3.699636459350586,-2.4078140258789062
79906553938,-0.6828250885009766,-0.6828250885009766,0,-0.3699636459350586,3.699636459350586,-2.4078140258789062
79909245146,-0.6828250885009766,-0.6828250885009766,0,-0.3699636459350586,3.699636459350586,-2.4078140258789062
79911936354,-0.6828250885009766,-0.6828250885009766,0,-0.3699636459350586,3.699636459350586,-2.4078140258789062
79914627562,-0.6828250885009766,-0.6828250885009766,0,-0.3699636459350586,3.699636459350586,-2.4078140258789062
79917318770,-0.6828250885009766,-0.6828250885009766,0,-0.3699636459350586,3.699636459350586,-2.4078140258789062
79920009978,-0.6828250885009766,-0.6828250885009766,0,-0.3699636459350586,3.699636459350586,-2.4078140258789062
79922701186,-0.6828250885009766,-0.6828250885009766,0,-0.3699636459350586,3.699636459350586,-2.4078140258789062
79925952866,-0.6828250885009766,-0.6828250885009766,0,-0.3699636459350586,3.699636459350586,-2.4078140258789062
79929204528,-0.6828250885009766,-0.6828250885009766,0,-0.3699636459350586,3.699636459350586,-2.4078140258789062
79932456190,-0.6828250885009766,-0.6828250885009766,0,-0.3699636459350586,3.699636459350586,-2.4078140258789062
79935707852,-0.6828250885009766,-0.6828250885009766,0,-0.3699636459350586,3.699636459350586,-2.4078140258789062
79938959514,-0.6828250885009766,-0.6828250885009766,0,-0.3699636459350586,3.699636459350586,-2.4078140258789062
79942211176,-0.6828250885009766,-0.6828250885009766,0,-0.3699636459350586,3.699636459350586,-2.4078140258789062
79945462838,-0.6828250885009766,-0.6828250885009766,0,-0.3699636459350586,3.699636459350586,-2.4078140258789062
79948714500,-0.6828250885009766,-0.6828250885009766,0,-0.3699636459350586,3.699636459350586,-2.4078140258789062
79952539850,-0.6828250885009766,-0.6828250885009766,0,-0.3699636459350586,3.699636459350586,-2.4078140258789062
79956365200,-0.6828250885009766,-0.6828250885009766,0,-0.3699636459350586,3.699636459350586,-2.4078140258789062
79960190550,-0.6828250885009766,-0.6828250885009766,0,-0.3699636459350586,3.699636459350586,-2.4078140258789062
79964015900,-0.6828250885009766,-0.6828250885009766,0,-0.3699636459350586,3.699636459350586,-2.4078140258789062
79967841250,-0.6828250885009766,-0.6828250885009766,0,-0.3699636459350586,3.699636459350586,-2.4078140258789062
79971666600,-0.6828250885009766,-0.6828250885009766,0,-0.3699636459350586,3.699636459350586,-2.4078140258789062
79975491950,-0.6828250885009766,-0.6828250885009766,0,-0.3699636459350586,3.699636459350586,-2.4078140258789062
79979317300,-0.6828250885009766,-0.6828250885009766,0,-0.3699636459350586,3.699636459350586,-2.4078140258789062
79982101850,-0.6828250885009766,-0.6828250885009766,0,-0.3699636459350586,3.699636459350586,-2.4078140258789062
79984886400,-0.6828250885009766,-0.6828250885009766,0,-0.3699636459350586,3.699636459350586,-2.4078140258789062
79987670950,-0.6828250885009766,-0.6828250885009766,0,-0.3699636459350586,3.699636459350586,-2.4078140258789062
79990455500,-0.6828250885009766,-0.6828250885009766,0,-0.3699636459350586,3.699636459350586,-2.4078140258789062
79993240050,-0.6828250885009766,-0.6828250885009766,0,-0.3699636459350586,3.699636459350586,-2.4078140258789062
79996024600,-0.6828250885009766,-0.6828250885009766,0,-0.3699636459350586,3.699636459350586,-2.4078140258789062
79998809150,-0.6828250885009766,-0.6828250885009766,0,-0.3699636459350586,3.699636459350586,-2.4078140258789062
80001593700,-0.6828250885009766,-0.6828250885009766,0,-0.3699636459350586,3.699636459350586,-2.4078140258789062
80004377650,-0.6828250885009766,-0.6828250885009766,0,-0.3699636459350586,3.699636459350586,-2.4078140258789062
80007161600,-0.6828250885009766,-0.6828250885009766,0,-0.3699636459350586,3.699636459350586,-2.4078140258789062
80009945550,-0.6828250885009766,-0.6828250885009766,0,-0.3699636459350586,3.699636459350586,-2.4078140258789062
80012729500,-0.6828250885009766,-0.6828250885009766,0,-0.3699636459350586,3.699636459350586,-2.4078140258789062
80015513450,-0.6828250885009766,-0.6828250885009766,0,-0.3699636459350586,3.699636459350586,-2.4078140258789062
80018297400,-0.6828250885009766,-0.6828250885009766,0,-0.3699636459350586,3.699636459350586,-2.4078140258789062
80021081350,-0.6828250885009766,-0.6828250885009766,0,-0.3699636459350586,3.699636459350586,-2.4078140258789062
80023865300,-0.6828250885009766,-0.6828250885009766,0,-0.3699636459350586,3.699636459350586,-2.4078140258789062
80026688916,-0.6828250885009766,-0.6828250885009766,0,-0.3699636459350586,3.699636459350586,-2.4078140258789062
80029512528,-0.6828250885009766,-0.6828250885009766,0,-0.3699636459350586,3.699636459350586,-2.4078140258789062
80032336140,-0.6828250885009766,-0.6828250885009766,0,-0.3699636459350586,3.699636459350586,-2.4078140258789062
80035159752,-0.6828250885009766,-0.6828250885009766,0,-0.3699636459350586,3.699636459350586,-2.4078140258789062
80037983364,-0.6828250885009766,-0.6828250885009766,0,-0.3699636459350586,3.699636459350586,-2.4078140258789062
80040806976,-0.6828250885009766,-0.6828250885009766,0,-0.3699636459350586,3.699636459350586,-2.4078140258789062
80043630588,-0.6828250885009766,-0.6828250885009766,0,-0.3699636459350586,3.699636459350586,-2.4078140258789062
80046454200,-0.6828250885009766,-0.6828250885009766,0,-0.3699636459350586,3.699636459350586,-2.4078140258789062
80049643450,-0.6828250885009766,-0.6828250885009766,0,-0.3699636459350586,3.699636459350586,-2.4078140258789062
80052832700,-0.6828250885009766,-0.6828250885009766,0,-0.3699636459350586,3.699636459350586,-2.4078140258789062
80056021950,-0.6828250885009766,-0.6828250885009766,0,-0.3699636459350586,3.699636459350586,-2.4078140258789062
80059211200,-0.6828250885009766,-0.6828250885009766,0,-0.3699636459350586,3.699636459350586,-2.4078140258789062
80062400450,-0.6828250885009766,-0.6828250885009766,0,-0.3699636459350586,3.699636459350586,-2.4078140258789062
80065589700,-0.6828250885009766,-0.6828250885009766,0,-0.3699636459350586,3.699636459350586,-2.4078140258789062
80068778950,-0.6828250885009766,-0.6828250885009766,0,-0.3699636459350586,3.699636459350586,-2.4078140258789062
80071968200,-0.6828250885009766,-0.6828250885009766,0,-0.3699636459350586,3.699636459350586,-2.4078140258789062
80075976166,-0.6828250885009766,-0.6828250885009766,0,-0.3699636459350586,3.699636459350586,-2.4078140258789062
80079984128,-0.6828250885009766,-0.6828250885009766,0,-0.3699636459350586,3.699636459350586,-2.4078140258789062
80083992090,-0.6828250885009766,-0.6828250885009766,0,-0.3699636459350586,3.699636459350586,-2.4078140258789062
80088000052,-0.6828250885009766,-0.6828250885009766,0,-0.3699636459350586,3.699636459350586,-2.4078140258789062
80092008014,-0.6828250885009766,-0.6828250885009766,0,-0.3699636459350586,3.699636459350586,-2.4078140258789062
80096015976,-0.6828250885009766,-0.6828250885009766,0,-0.3699636459350586,3.699636459350586,-2.4078140258789062
80100023938,-0.6828250885009766,-0.6828250885009766,0,-0.3699636459350586,3.699636459350586,-2.4078140258789062
80104031900,-0.6828250885009766,-0.6828250885009766,0,-0.3699636459350586,3.699636459350586,-2.4078140258789062
80107970491,-0.6828250885009766,-0.6828250885009766,0,-0.3699636459350586,3.699636459350586,-2.4078140258789062
80111909078,-0.6828250885009766,-0.6828250885009766,0,-0.3699636459350586,3.699636459350586,-2.4078140258789062
80115847665,-0.6828250885009766,-0.6828250885009766,0,-0.3699636459350586,3.699636459350586,-2.4078140258789062
80119786252,-0.6828250885009766,-0.6828250885009766,0,-0.3699636459350586,3.699636459350586,-2.4078140258789062
80123724839,-0.6828250885009766,-0.6828250885009766,0,-0.3699636459350586,3.699636459350586,-2.4078140258789062
80127663426,-0.6828250885009766,-0.6828250885009766,0,-0.3699636459350586,3.699636459350586,-2.4078140258789062
80131602013,-0.6828250885009766,-0.6828250885009766,0,-0.3699636459350586,3.699636459350586,-2.4078140258789062
80135540600,-0.6828250885009766,-0.6828250885009766,0,-0.3699636459350586,3.699636459350586,-2.4078140258789062
80138346550,-0.6828250885009766,-0.6828250885009766,0,-0.3699636459350586,3.699636459350586,-2.4078140258789062
80141122893,-0.6828250885009766,-0.6828250885009766,0,-0.3699636459350586,3.699636459350586,-2.4078140258789062
80143899236,-0.6828250885009766,-0.6828250885009766,0,-0.3699636459350586,3.699636459350586,-2.4078140258789062
80146675579,-0.6828250885009766,-0.6828250885009766,0,-0.3699636459350586,3.699636459350586,-2.4078140258789062
80149451922,-0.6828250885009766,-0.6828250885009766,0,-0.3699636459350586,3.699636459350586,-2.4078140258789062
80152228265,-0.6828250885009766,-0.6828250885009766,0,-0.3699636459350586,3.699636459350586,-2.4078140258789062
80155004608,-0.6828250885009766,-0.6828250885009766,0,-0.3699636459350586,3.699636459350586,-2.4078140258789062
80157780951,-0.6828250885009766,-0.6828250885009766,0,-0.3699636459350586,3.699636459350586,-2.4078140258789062
80160557294,-0.6828250885009766,-0.6828250885009766,0,-0.3699636459350586,3.699636459350586,-2.4078140258789062
80163333637,-0.6828250885009766,-0.6828250885009766,0,-0.3699636459350586,3.699636459350586,-2.4078140258789062
80166109980,-0.6828250885009766,-0.6828250885009766,0,-0.3699636459350586,3.699636459350586,-2.4078140258789062
80168886323,-0.6828250885009766,-0.6828250885009766,0,-0.3699636459350586,3.699636459350586,-2.4078140258789062
80171662666,-0.6828250885009766,-0.6828250885009766,0,-0.3699636459350586,3.699636459350586,-2.4078140258789062
80174439009,-0.6828250885009766,-0.6828250885009766,0,-0.3699636459350586,3.699636459350586,-2.4078140258789062
80177215352,-0.6828250885009766,-0.6828250885009766,0,-0.3699636459350586,3.699636459350586,-2.4078140258789062
80179991695,-0.6828250885009766,-0.6828250885009766,0,-0.3699636459350586,3.699636459350586,-2.4078140258789062
80182972541,-0.6828250885009766,-0.6828250885009766,0,-0.3699636459350586,3.699636459350586,-2.4078140258789062
80185953378,-0.6828250885009766,-0.6828250885009766,0,-0.3699636459350586,3.699636459350586,-2.4078140258789062
80188934215,-0.6828250885009766,-0.6828250885009766,0,-0.3699636459350586,3.699636459350586,-2.4078140258789062
80191915052,-0.6828250885009766,-0.6828250885009766,0,-0.3699636459350586,3.699636459350586,-2.4078140258789062
80194895889,-0.6828250885009766,-0.6828250885009766,0,-0.3699636459350586,3.699636459350586,-2.4078140258789062
80197876726,-0.6828250885009766,-0.6828250885009766,0,-0.3699636459350586,3.699636459350586,-2.4078140258789062
80200857563,-0.6828250885009766,-0.6828250885009766,0,-0.3699636459350586,3.699636459350586,-2.4078140258789062
80203838400,-0.6828250885009766,-0.6828250885009766,0,-0.3699636459350586,3.699636459350586,-2.4078140258789062
80206937625,-0.6828250885009766,-0.6828250885009766,0,-0.3699636459350586,3.699636459350586,-2.4078140258789062
80210036850,-0.6828250885009766,-0.6828250885009766,0,-0.3699636459350586,3.699636459350586,-2.4078140258789062
80213136075,-0.6828250885009766,-0.6828250885009766,0,-0.3699636459350586,3.699636459350586,-2.4078140258789062
80216235300,-0.6828250885009766,-0.6828250885009766,0,-0.3699636459350586,3.699636459350586,-2.4078140258789062
80219334525,-0.6828250885009766,-0.6828250885009766,0,-0.3699636459350586,3.699636459350586,-2.4078140258789062
80222433750,-0.6828250885009766,-0.6828250885009766,0,-0.3699636459350586,3.699636459350586,-2.4078140258789062
80225532975,-0.6828250885009766,-0.6828250885009766,0,-0.3699636459350586,3.699636459350586,-2.4078140258789062
80228632200,-0.6828250885009766,-0.6828250885009766,0,-0.3699636459350586,3.699636459350586,-2.4078140258789062
80231833600,-0.6828250885009766,-0.6828250885009766,0,-0.3699636459350586,3.699636459350586,-2.4078140258789062
80235035000,-0.6828250885009766,-0.6828250885009766,0,-0.3699636459350586,3.699636459350586,-2.4078140258789062
80238236400,-0.6828250885009766,-0.6828250885009766,0,-0.3699636459350586,3.699636459350586,-2.4078140258789062
80241437800,-0.6828250885009766,-0.6828250885009766,0,-0.3699636459350586,3.699636459350586,-2.4078140258789062
80244639200,-0.6828250885009766,-0.6828250885009766,0,-0.3699636459350586,3.699636459350586,-2.4078140258789062
80247840600,-0.6828250885009766,-0.6828250885009766,0,-0.3699636459350586,3.699636459350586,-2.4078140258789062
80251042000,-0.6828250885009766,-0.6828250885009766,0,-0.3699636459350586,3.699636459350586,-2.4078140258789062
80254243400,-0.6828250885009766,-0.6828250885009766,0,-0.3699636459350586,3.699636459350586,-2.4078140258789062
80257279050,-0.6828250885009766,-0.6828250885009766,0,-0.3699636459350586,3.699636459350586,-2.4078140258789062
80260314700,-0.6828250885009766,-0.6828250885009766,0,-0.3699636459350586,3.699636459350586,-2.4078140258789062
80263350350,-0.6828250885009766,-0.6828250885009766,0,-0.3699636459350586,3.699636459350586,-2.4078140258789062
80266386000,-0.6828250885009766,-0.6828250885009766,0,-0.3699636459350586,3.699636459350586,-2.4078140258789062
80269421650,-0.6828250885009766,-0.6828250885009766,0,-0.3699636459350586,3.699636459350586,-2.4078140258789062
80272457300,-0.6828250885009766,-0.6828250885009766,0,-0.3699636459350586,3.699636459350586,-2.4078140258789062
80275492950,-0.6828250885009766,-0.6828250885009766,0,-0.3699636459350586,3.699636459350586,-2.4078140258789062
80278528600,-0.6828250885009766,-0.6828250885009766,0,-0.3699636459350586,3.699636459350586,-2.4078140258789062
80281687791,-0.6828250885009766,-0.6828250885009766,0,-0.3699636459350586,3.699636459350586,-2.4078140258789062
80284846978,-0.6828250885009766,-0.6828250885009766,0,-0.3699636459350586,3.699636459350586,-2.4078140258789062
80288006165,-0.6828250885009766,-0.6828250885009766,0,-0.3699636459350586,3.699636459350586,-2.4078140258789062
80291165352,-0.6828250885009766,-0.6828250885009766,0,-0.3699636459350586,3.699636459350586,-2.4078140258789062
80294324539,-0.6828250885009766,-0.6828250885009766,0,-0.3699636459350586,3.699636459350586,-2.4078140258789062
80297483726,-0.6828250885009766,-0.6828250885009766,0,-0.3699636459350586,3.699636459350586,-2.4078140258789062
80300642913,-0.6828250885009766,-0.6828250885009766,0,-0.3699636459350586,3.699636459350586,-2.4078140258789062
80303802100,-0.6828250885009766,-0.6828250885009766,0,-0.3699636459350586,3.699636459350586,-2.4078140258789062
80306607450,-0.6828250885009766,-0.6828250885009766,0,-0.3699636459350586,3.699636459350586,-2.4078140258789062
80309412800,-0.6828250885009766,-0.6828250885009766,0,-0.3699636459350586,3.699636459350586,-2.4078140258789062
80312218150,-0.6828250885009766,-0.6828250885009766,0,-0.3699636459350586,3.699636459350586,-2.4078140258789062
80315023500,-0.6828250885009766,-0.6828250885009766,0,-0.3699636459350586,3.699636459350586,-2.4078140258789062
80317828850,-0.6828250885009766,-0.6828250885009766,0,-0.3699636459350586,3.699636459350586,-2.4078140258789062
80320634200,-0.6828250885009766,-0.6828250885009766,0,-0.3699636459350586,3.699636459350586,-2.4078140258789062
80323439550,-0.6828250885009766,-0.6828250885009766,0,-0.3699636459350586,3.699636459350586,-2.4078140258789062
80326244900,-0.6828250885009766,-0.6828250885009766,0,-0.3699636459350586,3.699636459350586,-2.4078140258789062
80330243216,-0.6828250885009766,-0.6828250885009766,0,-0.3699636459350586,3.699636459350586,-2.4078140258789062
80334241528,-0.6828250885009766,-0.6828250885009766,0,-0.3699636459350586,3.699636459350586,-2.4078140258789062
80338239840,-0.6828250885009766,-0.6828250885009766,0,-0.3699636459350586,3.699636459350586,-2.4078140258789062
80342238152,-0.6828250885009766,-0.6828250885009766,0,-0.3699636459350586,3.699636459350586,-2.4078140258789062
80346236464,-0.6828250885009766,-0.6828250885009766,0,-0.3699636459350586,3.699636459350586,-2.4078140258789062
80350234776,-0.6828250885009766,-0.6828250885009766,0,-0.3699636459350586,3.699636459350586,-2.4078140258789062
80354233088,-0.6828250885009766,-0.6828250885009766,0,-0.3699636459350586,3.699636459350586,-2.4078140258789062
80358231400,-0.6828250885009766,-0.6828250885009766,0,-0.3699636459350586,3.699636459350586,-2.4078140258789062
80360963841,-0.6828250885009766,-0.6828250885009766,0,-0.3699636459350586,3.699636459350586,-2.4078140258789062
80363696278,-0.6828250885009766,-0.6828250885009766,0,-0.3699636459350586,3.699636459350586,-2.4078140258789062
80366428715,-0.6828250885009766,-0.6828250885009766,0,-0.3699636459350586,3.699636459350586,-2.4078140258789062
80369161152,-0.6828250885009766,-0.6828250885009766,0,-0.3699636459350586,3.699636459350586,-2.4078140258789062
80371893589,-0.6828250885009766,-0.6828250885009766,0,-0.3699636459350586,3.699636459350586,-2.4078140258789062
80374626026,-0.6828250885009766,-0.6828250885009766,0,-0.3699636459350586,3.699636459350586,-2.4078140258789062
80377358463,-0.6828250885009766,-0.6828250885009766,0,-0.3699636459350586,3.699636459350586,-2.4078140258789062
80380090900,-0.6828250885009766,-0.6828250885009766,0,-0.3699636459350586,3.699636459350586,-2.4078140258789062
80383212250,-0.6828250885009766,-0.6828250885009766,0,-0.3699636459350586,3.699636459350586,-2.4078140258789062
80386333600,-0.6828250885009766,-0.6828250885009766,0,-0.3699636459350586,3.699636459350586,-2.4078140258789062
80389454950,-0.6828250885009766,-0.6828250885009766,0,-0.3699636459350586,3.699636459350586,-2.4078140258789062
80392576300,-0.6828250885009766,-0.6828250885009766,0,-0.3699636459350586,3.699636459350586,-2.4078140258789062
80395697650,-0.6828250885009766,-0.6828250885009766,0,-0.3699636459350586,3.699636459350586,-2.4078140258789062
80398819000,-0.6828250885009766,-0.6828250885009766,0,-0.3699636459350586,3.699636459350586,-2.4078140258789062
80401940350,-0.6828250885009766,-0.6828250885009766,0,-0.3699636459350586,3.699636459350586,-2.4078140258789062
80405061700,-0.6828250885009766,-0.6828250885009766,0,-0.3699636459350586,3.699636459350586,-2.4078140258789062
80407634091,-0.6828250885009766,-0.6828250885009766,0,-0.3699636459350586,3.699636459350586,-2.4078140258789062
80410206478,-0.6828250885009766,-0.6828250885009766,0,-0.3699636459350586,3.699636459350586,-2.4078140258789062
80412778865,-0.6828250885009766,-0.6828250885009766,0,-0.3699636459350586,3.699636459350586,-2.4078140258789062
80415351252,-0.6828250885009766,-0.6828250885009766,0,-0.3699636459350586,3.699636459350586,-2.4078140258789062
80417923639,-0.6828250885009766,-0.6828250885009766,0,-0.3699636459350586,3.699636459350586,-2.4078140258789062
80420496026,-0.6828250885009766,-0.6828250885009766,0,-0.3699636459350586,3.699636459350586,-2.4078140258789062
80423068413,-0.6828250885009766,-0.6828250885009766,0,-0.3699636459350586,3.699636459350586,-2.4078140258789062
80425640800,-0.6828250885009766,-0.6828250885009766,0,-0.3699636459350586,3.699636459350586,-2.4078140258789062
80428846541,-0.6828250885009766,-0.6828250885009766,0,-0.3699636459350586,3.699636459350586,-2.4078140258789062
80432052278,-0.6828250885009766,-0.6828250885009766,0,-0.3699636459350586,3.699636459350586,-2.4078140258789062
80435258015,-0.6828250885009766,-0.6828250885009766,0,-0.3699636459350586,3.699636459350586,-2.4078140258789062
80438463752,-0.6828250885009766,-0.6828250885009766,0,-0.3699636459350586,3.699636459350586,-2.4078140258789062
80441669489,-0.6828250885009766,-0.6828250885009766,0,-0.3699636459350586,3.699636459350586,-2.4078140258789062
80444875226,-0.6828250885009766,-0.6828250885009766,0,-0.3699636459350586,3.699636459350586,-2.4078140258789062
80448080963,-0.6828250885009766,-0.6828250885009766,0,-0.3699636459350586,3.699636459350586,-2.4078140258789062
80451286700,-0.6828250885009766,-0.6828250885009766,0,-0.3699636459350586,3.699636459350586,-2.4078140258789062
80454900225,-0.6828250885009766,-0.6828250885009766,0,-0.3699636459350586,3.699636459350586,-2.4078140258789062
80458513750,-0.6828250885009766,-0.6828250885009766,0,-0.3699636459350586,3.699636459350586,-2.4078140258789062
80462127275,-0.6828250885009766,-0.6828250885009766,0,-0.3699636459350586,3.699636459350586,-2.4078140258789062
80465740800,-0.6828250885009766,-0.6828250885009766,0,-0.3699636459350586,3.699636459350586,-2.4078140258789062
80469354325,-0.6828250885009766,-0.6828250885009766,0,-0.3699636459350586,3.699636459350586,-2.4078140258789062
80472967850,-0.6828250885009766,-0.6828250885009766,0,-0.3699636459350586,3.699636459350586,-2.4078140258789062
80476581375,-0.6828250885009766,-0.6828250885009766,0,-0.3699636459350586,3.699636459350586,-2.4078140258789062
80480194900,-0.6828250885009766,-0.6828250885009766,0,-0.3699636459350586,3.699636459350586,-2.4078140258789062
80483005175,-0.6828250885009766,-0.6828250885009766,0,-0.3699636459350586,3.699636459350586,-2.4078140258789062
80485815450,-0.6828250885009766,-0.6828250885009766,0,-0.3699636459350586,3.699636459350586,-2.4078140258789062
80488625725,-0.6828250885009766,-0.6828250885009766,0,-0.3699636459350586,3.699636459350586,-2.4078140258789062
80491436000,-0.6828250885009766,-0.6828250885009766,0,-0.3699636459350586,3.699636459350586,-2.4078140258789062
80494246275,-0.6828250885009766,-0.6828250885009766,0,-0.3699636459350586,3.699636459350586,-2.4078140258789062
80497056550,-0.6828250885009766,-0.6828250885009766,0,-0.3699636459350586,3.699636459350586,-2.4078140258789062
80499866825,-0.6828250885009766,-0.6828250885009766,0,-0.3699636459350586,3.699636459350586,-2.4078140258789062
80502677100,-0.6828250885009766,-0.6828250885009766,0,-0.3699636459350586,3.699636459350586,-2.4078140258789062
80505509541,-0.6828250885009766,-0.6828250885009766,0,-0.3699636459350586,3.699636459350586,-2.4078140258789062
80508341978,-0.6828250885009766,-0.6828250885009766,0,-0.3699636459350586,3.699636459350586,-2.4078140258789062
80511174415,-0.6828250885009766,-0.6828250885009766,0,-0.3699636459350586,3.699636459350586,-2.4078140258789062
80514006852,-0.6828250885009766,-0.6828250885009766,0,-0.3699636459350586,3.699636459350586,-2.4078140258789062
80516839289,-0.6828250885009766,-0.6828250885009766,0,-0.3699636459350586,3.699636459350586,-2.4078140258789062
80519671726,-0.6828250885009766,-0.6828250885009766,0,-0.3699636459350586,3.699636459350586,-2.4078140258789062
80522504163,-0.6828250885009766,-0.6828250885009766,0,-0.3699636459350586,3.699636459350586,-2.4078140258789062
80525336600,-0.6828250885009766,-0.6828250885009766,0,-0.3699636459350586,3.699636459350586,-2.4078140258789062
80527942216,-0.6828250885009766,-0.6828250885009766,0,-0.3699636459350586,3.699636459350586,-2.4078140258789062
80530547828,-0.6828250885009766,-0.6828250885009766,0,-0.3699636459350586,3.699636459350586,-2.4078140258789062
80533153440,-0.6828250885009766,-0.6828250885009766,0,-0.3699636459350586,3.699636459350586,-2.4078140258789062
80535759052,-0.6828250885009766,-0.6828250885009766,0,-0.3699636459350586,3.699636459350586,-2.4078140258789062
80538364664,-0.6828250885009766,-0.6828250885009766,0,-0.3699636459350586,3.699636459350586,-2.4078140258789062
80540970276,-0.6828250885009766,-0.6828250885009766,0,-0.3699636459350586,3.699636459350586,-2.4078140258789062
80543575888,-0.6828250885009766,-0.6828250885009766,0,-0.3699636459350586,3.699636459350586,-2.4078140258789062
80546181500,-0.6828250885009766,-0.6828250885009766,0,-0.3699636459350586,3.699636459350586,-2.4078140258789062
80549663300,-0.6828250885009766,-0.6828250885009766,0,-0.3699636459350586,3.699636459350586,-2.4078140258789062
80553145100,-0.6828250885009766,-0.6828250885009766,0,-0.3699636459350586,3.699636459350586,-2.4078140258789062
80556626900,-0.6828250885009766,-0.6828250885009766,0,-0.3699636459350586,3.699636459350586,-2.4078140258789062
80560108700,-0.6828250885009766,-0.6828250885009766,0,-0.3699636459350586,3.699636459350586,-2.4078140258789062
80563590500,-0.6828250885009766,-0.6828250885009766,0,-0.3699636459350586,3.699636459350586,-2.4078140258789062
80567072300,-0.6828250885009766,-0.6828250885009766,0,-0.3699636459350586,3.699636459350586,-2.4078140258789062
80570554100,-0.6828250885009766,-0.6828250885009766,0,-0.3699636459350586,3.699636459350586,-2.4078140258789062
80574035900,-0.6828250885009766,-0.6828250885009766,0,-0.3699636459350586,3.699636459350586,-2.4078140258789062
80578230216,-0.6828250885009766,-0.6828250885009766,0,-0.3699636459350586,3.699636459350586,-2.4078140258789062
80582424528,-0.6828250885009766,-0.6828250885009766,0,-0.3699636459350586,3.699636459350586,-2.4078140258789062
80586618840,-0.6828250885009766,-0.6828250885009766,0,-0.3699636459350586,3.699636459350586,-2.4078140258789062
80590813152,-0.6828250885009766,-0.6828250885009766,0,-0.3699636459350586,3.699636459350586,-2.4078140258789062
80595007464,-0.6828250885009766,-0.6828250885009766,0,-0.3699636459350586,3.699636459350586,-2.4078140258789062
80599201776,-0.6828250885009766,-0.6828250885009766,0,-0.3699636459350586,3.699636459350586,-2.4078140258789062
80603396088,-0.6828250885009766,-0.6828250885009766,0,-0.3699636459350586,3.699636459350586,-2.4078140258789062
80607590400,-0.6828250885009766,-0.6828250885009766,0,-0.3699636459350586,3.699636459350586,-2.4078140258789062
80610156191,-0.6828250885009766,-0.6828250885009766,0,-0.3699636459350586,3.699636459350586,-2.4078140258789062
80612721978,-0.6828250885009766,-0.6828250885009766,0,-0.3699636459350586,3.699636459350586,-2.4078140258789062
80615287765,-0.6828250885009766,-0.6828250885009766,0,-0.3699636459350586,3.699636459350586,-2.4078140258789062
80617853552,-0.6828250885009766,-0.6828250885009766,0,-0.3699636459350586,3.699636459350586,-2.4078140258789062
80620419339,-0.6828250885009766,-0.6828250885009766,0,-0.3699636459350586,3.699636459350586,-2.4078140258789062
80622985126,-0.6828250885009766,-0.6828250885009766,0,-0.3699636459350586,3.699636459350586,-2.4078140258789062
80625550913,-0.6828250885009766,-0.6828250885009766,0,-0.3699636459350586,3.699636459350586,-2.4078140258789062
80628116700,-0.6828250885009766,-0.6828250885009766,0,-0.3699636459350586,3.699636459350586,-2.4078140258789062
80631689141,-0.6828250885009766,-0.6828250885009766,0,-0.3699636459350586,3.699636459350586,-2.4078140258789062
80635261578,-0.6828250885009766,-0.6828250885009766,0,-0.3699636459350586,3.699636459350586,-2.4078140258789062
80638834015,-0.6828250885009766,-0.6828250885009766,0,-0.3699636459350586,3.699636459350586,-2.4078140258789062
80642406452,-0.6828250885009766,-0.6828250885009766,0,-0.3699636459350586,3.699636459350586,-2.4078140258789062
80645978889,-0.6828250885009766,-0.6828250885009766,0,-0.3699636459350586,3.699636459350586,-2.4078140258789062
80649551326,-0.6828250885009766,-0.6828250885009766,0,-0.3699636459350586,3.699636459350586,-2.4078140258789062
80653123763,-0.6828250885009766,-0.6828250885009766,0,-0.3699636459350586,3.699636459350586,-2.4078140258789062
80656696200,-0.6828250885009766,-0.6828250885009766,0,-0.3699636459350586,3.699636459350586,-2.4078140258789062
80659500850,-0.6828250885009766,-0.6828250885009766,0,-0.3699636459350586,3.699636459350586,-2.4078140258789062
80662103293,-0.6828250885009766,-0.6828250885009766,0,-0.3699636459350586,3.699636459350586,-2.4078140258789062
80664705736,-0.6828250885009766,-0.6828250885009766,0,-0.3699636459350586,3.699636459350586,-2.4078140258789062
80667308179,-0.6828250885009766,-0.6828250885009766,0,-0.3699636459350586,3.699636459350586,-2.4078140258789062
80669910622,-0.6828250885009766,-0.6828250885009766,0,-0.3699636459350586,3.699636459350586,-2.4078140258789062
80672513065,-0.6828250885009766,-0.6828250885009766,0,-0.3699636459350586,3.699636459350586,-2.4078140258789062
80675115508,-0.6828250885009766,-0.6828250885009766,0,-0.3699636459350586,3.699636459350586,-2.4078140258789062
80677717951,-0.6828250885009766,-0.6828250885009766,0,-0.3699636459350586,3.699636459350586,-2.4078140258789062
80680320394,-0.6828250885009766,-0.6828250885009766,0,-0.3699636459350586,3.699636459350586,-2.4078140258789062
80682922837,-0.6828250885009766,-0.6828250885009766,0,-0.3699636459350586,3.699636459350586,-2.4078140258789062
80685525280,-0.6828250885009766,-0.6828250885009766,0,-0.3699636459350586,3.699636459350586,-2.4078140258789062
80688127723,-0.6828250885009766,-0.6828250885009766,0,-0.3699636459350586,3.699636459350586,-2.4078140258789062
80690730166,-0.6828250885009766,-0.6828250885009766,0,-0.3699636459350586,3.699636459350586,-2.4078140258789062
80693332609,-0.6828250885009766,-0.6828250885009766,0,-0.3699636459350586,3.699636459350586,-2.4078140258789062
80695935052,-0.6828250885009766,-0.6828250885009766,0,-0.3699636459350586,3.699636459350586,-2.4078140258789062
80698537495,-0.6828250885009766,-0.6828250885009766,0,-0.3699636459350586,3.699636459350586,-2.4078140258789062
80703375825,-0.6828250885009766,-0.6828250885009766,0,-0.3699636459350586,3.699636459350586,-2.4078140258789062
80708214150,-0.6828250885009766,-0.6828250885009766,0,-0.3699636459350586,3.699636459350586,-2.4078140258789062
80713052475,-0.6828250885009766,-0.6828250885009766,0,-0.3699636459350586,3.699636459350586,-2.4078140258789062
80717890800,-0.6828250885009766,-0.6828250885009766,0,-0.3699636459350586,3.699636459350586,-2.4078140258789062
80722729125,-0.6828250885009766,-0.6828250885009766,0,-0.3699636459350586,3.699636459350586,-2.4078140258789062
80727567450,-0.6828250885009766,-0.6828250885009766,0,-0.3699636459350586,3.699636459350586,-2.4078140258789062
80732405775,-0.6828250885009766,-0.6828250885009766,0,-0.3699636459350586,3.699636459350586,-2.4078140258789062
80737244100,-0.6828250885009766,-0.6828250885009766,0,-0.3699636459350586,3.699636459350586,-2.4078140258789062
80740454725,-0.6828250885009766,-0.6828250885009766,0,-0.3699636459350586,3.699636459350586,-2.4078140258789062
80743665350,-0.6828250885009766,-0.6828250885009766,0,-0.3699636459350586,3.699636459350586,-2.4078140258789062
80746875975,-0.6828250885009766,-0.6828250885009766,0,-0.3699636459350586,3.699636459350586,-2.4078140258789062
80750086600,-0.6828250885009766,-0.6828250885009766,0,-0.3699636459350586,3.699636459350586,-2.4078140258789062
80753297225,-0.6828250885009766,-0.6828250885009766,0,-0.3699636459350586,3.699636459350586,-2.4078140258789062
80756507850,-0.6828250885009766,-0.6828250885009766,0,-0.3699636459350586,3.699636459350586,-2.4078140258789062
80759718475,-0.6828250885009766,-0.6828250885009766,0,-0.3699636459350586,3.699636459350586,-2.4078140258789062
80762929100,-0.6828250885009766,-0.6828250885009766,0,-0.3699636459350586,3.699636459350586,-2.4078140258789062
80765451491,-0.6828250885009766,-0.6828250885009766,0,-0.3699636459350586,3.699636459350586,-2.4078140258789062
80767942951,-0.6828250885009766,-0.6828250885009766,0,-0.3699636459350586,3.699636459350586,-2.4078140258789062
80770434411,-0.6828250885009766,-0.6828250885009766,0,-0.3699636459350586,3.699636459350586,-2.4078140258789062
80772925871,-0.6828250885009766,-0.6828250885009766,0,-0.3699636459350586,3.699636459350586,-2.4078140258789062
80775417331,-0.6828250885009766,-0.6828250885009766,0,-0.3699636459350586,3.699636459350586,-2.4078140258789062
80777908791,-0.6828250885009766,-0.6828250885009766,0,-0.3699636459350586,3.699636459350586,-2.4078140258789062
80780400251,-0.6828250885009766,-0.6828250885009766,0,-0.3699636459350586,3.699636459350586,-2.4078140258789062
80782891711,-0.6828250885009766,-0.6828250885009766,0,-0.3699636459350586,3.699636459350586,-2.4078140258789062
80785383171,-0.6828250885009766,-0.6828250885009766,0,-0.3699636459350586,3.699636459350586,-2.4078140258789062
80787874631,-0.6828250885009766,-0.6828250885009766,0,-0.3699636459350586,3.699636459350586,-2.4078140258789062
80790366091,-0.6828250885009766,-0.6828250885009766,0,-0.3699636459350586,3.699636459350586,-2.4078140258789062
80792857551,-0.6828250885009766,-0.6828250885009766,0,-0.3699636459350586,3.699636459350586,-2.4078140258789062
80795349011,-0.6828250885009766,-0.6828250885009766,0,-0.3699636459350586,3.699636459350586,-2.4078140258789062
80797840471,-0.6828250885009766,-0.6828250885009766,0,-0.3699636459350586,3.699636459350586,-2.4078140258789062
80800331931,-0.6828250885009766,-0.6828250885009766,0,-0.3699636459350586,3.699636459350586,-2.4078140258789062
80802823391,-0.6828250885009766,-0.6828250885009766,0,-0.3699636459350586,3.699636459350586,-2.4078140258789062
80806225525,-0.6828250885009766,-0.6828250885009766,0,-0.3699636459350586,3.699636459350586,-2.4078140258789062
80809627650,-0.6828250885009766,-0.6828250885009766,0,-0.3699636459350586,3.699636459350586,-2.4078140258789062
80813029775,-0.6828250885009766,-0.6828250885009766,0,-0.3699636459350586,3.699636459350586,-2.4078140258789062
80816431900,-0.6828250885009766,-0.6828250885009766,0,-0.3699636459350586,3.699636459350586,-2.4078140258789062
80819834025,-0.6828250885009766,-0.6828250885009766,0,-0.3699636459350586,3.699636459350586,-2.4078140258789062
80823236150,-0.6828250885009766,-0.6828250885009766,0,-0.3699636459350586,3.699636459350586,-2.4078140258789062
80826638275,-0.6828250885009766,-0.6828250885009766,0,-0.3699636459350586,3.699636459350586,-2.4078140258789062
80830040400,-0.6828250885009766,-0.6828250885009766,0,-0.3699636459350586,3.699636459350586,-2.4078140258789062
80834064991,-0.6828250885009766,-0.6828250885009766,0,-0.3699636459350586,3.699636459350586,-2.4078140258789062
80838089578,-0.6828250885009766,-0.6828250885009766,0,-0.3699636459350586,3.699636459350586,-2.4078140258789062
80842114165,-0.6828250885009766,-0.6828250885009766,0,-0.3699636459350586,3.699636459350586,-2.4078140258789062
80846138752,-0.6828250885009766,-0.6828250885009766,0,-0.3699636459350586,3.699636459350586,-2.4078140258789062
80850163339,-0.6828250885009766,-0.6828250885009766,0,-0.3699636459350586,3.699636459350586,-2.4078140258789062
80854187926,-0.6828250885009766,-0.6828250885009766,0,-0.3699636459350586,3.699636459350586,-2.4078140258789062
80858212513,-0.6828250885009766,-0.6828250885009766,0,-0.3699636459350586,3.699636459350586,-2.4078140258789062
80862237100,-0.6828250885009766,-0.6828250885009766,0,-0.3699636459350586,3.699636459350586,-2.4078140258789062
80865359916,-0.6828250885009766,-0.6828250885009766,0,-0.3699636459350586,3.699636459350586,-2.4078140258789062
80868482728,-0.6828250885009766,-0.6828250885009766,0,-0.3699636459350586,3.699636459350586,-2.4078140258789062
80871605540,-0.6828250885009766,-0.6828250885009766,0,-0.3699636459350586,3.699636459350586,-2.4078140258789062
80874728352,-0.6828250885009766,-0.6828250885009766,0,-0.3699636459350586,3.699636459350586,-2.4078140258789062
80877851164,-0.6828250885009766,-0.6828250885009766,0,-0.3699636459350586,3.699636459350586,-2.4078140258789062
80880973976,-0.6828250885009766,-0.6828250885009766,0,-0.3699636459350586,3.699636459350586,-2.4078140258789062
80884096788,-0.6828250885009766,-0.6828250885009766,0,-0.3699636459350586,3.699636459350586,-2.4078140258789062
80887219600,-0.6828250885009766,-0.6828250885009766,0,-0.3699636459350586,3.699636459350586,-2.4078140258789062
80890116666,-0.6828250885009766,-0.6828250885009766,0,-0.3699636459350586,3.699636459350586,-2.4078140258789062
80893013728,-0.6828250885009766,-0.6828250885009766,0,-0.3699636459350586,3.699636459350586,-2.4078140258789062
80895910790,-0.6828250885009766,-0.6828250885009766,0,-0.3699636459350586,3.699636459350586,-2.4078140258789062
80898807852,-0.6828250885009766,-0.6828250885009766,0,-0.3699636459350586,3.699636459350586,-2.4078140258789062
80901704914,-0.6828250885009766,-0.6828250885009766,0,-0.3699636459350586,3.699636459350586,-2.4078140258789062
80904601976,-0.6828250885009766,-0.6828250885009766,0,-0.3699636459350586,3.699636459350586,-2.4078140258789062
80907499038,-0.6828250885009766,-0.6828250885009766,0,-0.3699636459350586,3.699636459350586,-2.4078140258789062
80910396100,-0.6828250885009766,-0.6828250885009766,0,-0.3699636459350586,3.699636459350586,-2.4078140258789062
80913189216,-0.6828250885009766,-0.6828250885009766,0,-0.3699636459350586,3.699636459350586,-2.4078140258789062
80915982328,-0.6828250885009766,-0.6828250885009766,0,-0.3699636459350586,3.699636459350586,-2.4078140258789062
80918775440,-0.6828250885009766,-0.6828250885009766,0,-0.3699636459350586,3.699636459350586,-2.4078140258789062
80921568552,-0.6828250885009766,-0.6828250885009766,0,-0.3699636459350586,3.699636459350586,-2.4078140258789062
80924361664,-0.6828250885009766,-0.6828250885009766,0,-0.3699636459350586,3.699636459350586,-2.4078140258789062
80927154776,-0.6828250885009766,-0.6828250885009766,0,-0.3699636459350586,3.699636459350586,-2.4078140258789062
80929947888,-0.6828250885009766,-0.6828250885009766,0,-0.3699636459350586,3.699636459350586,-2.4078140258789062
80932741000,-0.6828250885009766,-0.6828250885009766,0,-0.3699636459350586,3.699636459350586,-2.4078140258789062
80936073316,-0.6828250885009766,-0.6828250885009766,0,-0.3699636459350586,3.699636459350586,-2.4078140258789062
80939405628,-0.6828250885009766,-0.6828250885009766,0,-0.3699636459350586,3.699636459350586,-2.4078140258789062
80942737940,-0.6828250885009766,-0.6828250885009766,0,-0.3699636459350586,3.699636459350586,-2.4078140258789062
80946070252,-0.6828250885009766,-0.6828250885009766,0,-0.3699636459350586,3.699636459350586,-2.4078140258789062
80949402564,-0.6828250885009766,-0.6828250885009766,0,-0.3699636459350586,3.699636459350586,-2.4078140258789062
80952734876,-0.6828250885009766,-0.6828250885009766,0,-0.3699636459350586,3.699636459350586,-2.4078140258789062
80956067188,-0.6828250885009766,-0.6828250885009766,0,-0.3699636459350586,3.699636459350586,-2.4078140258789062
80959399500,-0.6828250885009766,-0.6828250885009766,0,-0.3699636459350586,3.699636459350586,-2.4078140258789062
80962915316,-0.6828250885009766,-0.6828250885009766,0,-0.3699636459350586,3.699636459350586,-2.4078140258789062
80966431128,-0.6828250885009766,-0.6828250885009766,0,-0.3699636459350586,3.699636459350586,-2.4078140258789062
80969946940,-0.6828250885009766,-0.6828250885009766,0,-0.3699636459350586,3.699636459350586,-2.4078140258789062
80973462752,-0.6828250885009766,-0.6828250885009766,0,-0.3699636459350586,3.699636459350586,-2.4078140258789062
80976978564,-0.6828250885009766,-0.6828250885009766,0,-0.3699636459350586,3.699636459350586,-2.4078140258789062
80980494376,-0.6828250885009766,-0.6828250885009766,0,-0.3699636459350586,3.699636459350586,-2.4078140258789062
80984010188,-0.6828250885009766,-0.6828250885009766,0,-0.3699636459350586,3.699636459350586,-2.4078140258789062
80987526000,-0.6828250885009766,-0.6828250885009766,0,-0.3699636459350586,3.699636459350586,-2.4078140258789062
80990357991,-0.6828250885009766,-0.6828250885009766,0,-0.3699636459350586,3.699636459350586,-2.4078140258789062
80992955831,-0.6828250885009766,-0.6828250885009766,0,-0.3699636459350586,3.699636459350586,-2.4078140258789062
80995553671,-0.6828250885009766,-0.6828250885009766,0,-0.3699636459350586,3.699636459350586,-2.4078140258789062
80998151511,-0.6828250885009766,-0.6828250885009766,0,-0.3699636459350586,3.699636459350586,-2.4078140258789062
81000749351,-0.6828250885009766,-0.6828250885009766,0,-0.3699636459350586,3.699636459350586,-2.4078140258789062
81003347191,-0.6828250885009766,-0.6828250885009766,0,-0.3699636459350586,3.699636459350586,-2.4078140258789062
81005945031,-0.6828250885009766,-0.6828250885009766,0,-0.3699636459350586,3.699636459350586,-2.4078140258789062
81008542871,-0.6828250885009766,-0.6828250885009766,0,-0.3699636459350586,3.699636459350586,-2.4078140258789062
81011140711,-0.6828250885009766,-0.6828250885009766,0,-0.3699636459350586,3.699636459350586,-2.4078140258789062
81013738551,-0.6828250885009766,-0.6828250885009766,0,-0.3699636459350586,3.699636459350586,-2.4078140258789062
81016336391,-0.6828250885009766,-0.6828250885009766,0,-0.3699636459350586,3.699636459350586,-2.4078140258789062
81018934231,-0.6828250885009766,-0.6828250885009766,0,-0.3699636459350586,3.699636459350586,-2.4078140258789062
81021532071,-0.6828250885009766,-0.6828250885009766,0,-0.3699636459350586,3.699636459350586,-2.4078140258789062
81024129911,-0.6828250885009766,-0.6828250885009766,0,-0.3699636459350586,3.699636459350586,-2.4078140258789062
81026727751,-0.6828250885009766,-0.6828250885009766,0,-0.3699636459350586,3.699636459350586,-2.4078140258789062
81029325591,-0.6828250885009766,-0.6828250885009766,0,-0.3699636459350586,3.699636459350586,-2.4078140258789062
81031543800,-0.6828250885009766,-0.6828250885009766,0,-0.3699636459350586,3.699636459350586,-2.4078140258789062
81033762000,-0.6828250885009766,-0.6828250885009766,0,-0.3699636459350586,3.699636459350586,-2.4078140258789062
81035980200,-0.6828250885009766,-0.6828250885009766,0,-0.3699636459350586,3.699636459350586,-2.4078140258789062
81038198400,-0.6828250885009766,-0.6828250885009766,0,-0.3699636459350586,3.699636459350586,-2.4078140258789062
81040416600,-0.6828250885009766,-0.6828250885009766,0,-0.3699636459350586,3.699636459350586,-2.4078140258789062
81042634800,-0.6828250885009766,-0.6828250885009766,0,-0.3699636459350586,3.699636459350586,-2.4078140258789062
81044853000,-0.6828250885009766,-0.6828250885009766,0,-0.3699636459350586,3.699636459350586,-2.4078140258789062
81047071200,-0.6828250885009766,-0.6828250885009766,0,-0.3699636459350586,3.699636459350586,-2.4078140258789062
81049832550,-0.6828250885009766,-0.6828250885009766,0,-0.3699636459350586,3.699636459350586,-2.4078140258789062
81052593900,-0.6828250885009766,-0.6828250885009766,0,-0.3699636459350586,3.699636459350586,-2.4078140258789062
81055355250,-0.6828250885009766,-0.6828250885009766,0,-0.3699636459350586,3.699636459350586,-2.4078140258789062
81058116600,-0.6828250885009766,-0.6828250885009766,0,-0.3699636459350586,3.699636459350586,-2.4078140258789062
81060877950,-0.6828250885009766,-0.6828250885009766,0,-0.3699636459350586,3.699636459350586,-2.4078140258789062
81063639300,-0.6828250885009766,-0.6828250885009766,0,-0.3699636459350586,3.699636459350586,-2.4078140258789062
81066400650,-0.6828250885009766,-0.6828250885009766,0,-0.3699636459350586,3.699636459350586,-2.4078140258789062
81069162000,-0.6828250885009766,-0.6828250885009766,0,-0.3699636459350586,3.699636459350586,-2.4078140258789062
81072584175,-0.6828250885009766,-0.6828250885009766,0,-0.3699636459350586,3.699636459350586,-2.4078140258789062
81076006350,-0.6828250885009766,-0.6828250885009766,0,-0.3699636459350586,3.699636459350586,-2.4078140258789062
81079428525,-0.6828250885009766,-0.6828250885009766,0,-0.3699636459350586,3.699636459350586,-2.4078140258789062
81082850700,-0.6828250885009766,-0.6828250885009766,0,-0.3699636459350586,3.699636459350586,-2.4078140258789062
81086272875,-0.6828250885009766,-0.6828250885009766,0,-0.3699636459350586,3.699636459350586,-2.4078140258789062
81089695050,-0.6828250885009766,-0.6828250885009766,0,-0.3699636459350586,3.699636459350586,-2.4078140258789062
81093117225,-0.6828250885009766,-0.6828250885009766,0,-0.3699636459350586,3.699636459350586,-2.4078140258789062
81096539400,-0.6828250885009766,-0.6828250885009766,0,-0.3699636459350586,3.699636459350586,-2.4078140258789062
81098861400,-0.6828250885009766,-0.6828250885009766,0,-0.3699636459350586,3.699636459350586,-2.4078140258789062
81101183400,-0.6828250885009766,-0.6828250885009766,0,-0.3699636459350586,3.699636459350586,-2.4078140258789062
81103505400,-0.6828250885009766,-0.6828250885009766,0,-0.3699636459350586,3.699636459350586,-2.4078140258789062
81105827400,-0.6828250885009766,-0.6828250885009766,0,-0.3699636459350586,3.699636459350586,-2.4078140258789062
81108149400,-0.6828250885009766,-0.6828250885009766,0,-0.3699636459350586,3.699636459350586,-2.4078140258789062
81110471400,-0.6828250885009766,-0.6828250885009766,0,-0.3699636459350586,3.699636459350586,-2.4078140258789062
81112793400,-0.6828250885009766,-0.6828250885009766,0,-0.3699636459350586,3.699636459350586,-2.4078140258789062
81115115400,-0.6828250885009766,-0.6828250885009766,0,-0.3699636459350586,3.699636459350586,-2.4078140258789062
81118325166,-0.6828250885009766,-0.6828250885009766,0,-0.3699636459350586,3.699636459350586,-2.4078140258789062
81121534928,-0.6828250885009766,-0.6828250885009766,0,-0.3699636459350586,3.699636459350586,-2.4078140258789062
81124744690,-0.6828250885009766,-0.6828250885009766,0,-0.3699636459350586,3.699636459350586,-2.4078140258789062
81127954452,-0.6828250885009766,-0.6828250885009766,0,-0.3699636459350586,3.699636459350586,-2.4078140258789062
81131164214,-0.6828250885009766,-0.6828250885009766,0,-0.3699636459350586,3.699636459350586,-2.4078140258789062
81134373976,-0.6828250885009766,-0.6828250885009766,0,-0.3699636459350586,3.699636459350586,-2.4078140258789062
81137583738,-0.6828250885009766,-0.6828250885009766,0,-0.3699636459350586,3.699636459350586,-2.4078140258789062
81140793500,-0.6828250885009766,-0.6828250885009766,0,-0.3699636459350586,3.699636459350586,-2.4078140258789062
81143740141,-0.6828250885009766,-0.6828250885009766,0,-0.3699636459350586,3.699636459350586,-2.4078140258789062
81146539678,-0.6828250885009766,-0.6828250885009766,0,-0.3699636459350586,3.699636459350586,-2.4078140258789062
81149339215,-0.6828250885009766,-0.6828250885009766,0,-0.3699636459350586,3.699636459350586,-2.4078140258789062
81152138752,-0.6828250885009766,-0.6828250885009766,0,-0.3699636459350586,3.699636459350586,-2.4078140258789062
81154938289,-0.6828250885009766,-0.6828250885009766,0,-0.3699636459350586,3.699636459350586,-2.4078140258789062
81157737826,-0.6828250885009766,-0.6828250885009766,0,-0.3699636459350586,3.699636459350586,-2.4078140258789062
81160537363,-0.6828250885009766,-0.6828250885009766,0,-0.3699636459350586,3.699636459350586,-2.4078140258789062
81163336900,-0.6828250885009766,-0.6828250885009766,0,-0.3699636459350586,3.699636459350586,-2.4078140258789062
81166136437,-0.6828250885009766,-0.6828250885009766,0,-0.3699636459350586,3.699636459350586,-2.4078140258789062
81168935974,-0.6828250885009766,-0.6828250885009766,0,-0.3699636459350586,3.699636459350586,-2.4078140258789062
81171735511,-0.6828250885009766,-0.6828250885009766,0,-0.3699636459350586,3.699636459350586,-2.4078140258789062
81174535048,-0.6828250885009766,-0.6828250885009766,0,-0.3699636459350586,3.699636459350586,-2.4078140258789062
81177334585,-0.6828250885009766,-0.6828250885009766,0,-0.3699636459350586,3.699636459350586,-2.4078140258789062
81180134122,-0.6828250885009766,-0.6828250885009766,0,-0.3699636459350586,3.699636459350586,-2.4078140258789062
81182933659,-0.6828250885009766,-0.6828250885009766,0,-0.3699636459350586,3.699636459350586,-2.4078140258789062
81185733196,-0.6828250885009766,-0.6828250885009766,0,-0.3699636459350586,3.699636459350586,-2.4078140258789062
81188985650,-0.6828250885009766,-0.6828250885009766,0,-0.3699636459350586,3.699636459350586,-2.4078140258789062
81191671100,-0.6828250885009766,-0.6828250885009766,0,-0.3699636459350586,3.699636459350586,-2.4078140258789062
81194356550,-0.6828250885009766,-0.6828250885009766,0,-0.3699636459350586,3.699636459350586,-2.4078140258789062
81197042000,-0.6828250885009766,-0.6828250885009766,0,-0.3699636459350586,3.699636459350586,-2.4078140258789062
81199727450,-0.6828250885009766,-0.6828250885009766,0,-0.3699636459350586,3.699636459350586,-2.4078140258789062
81202412900,-0.6828250885009766,-0.6828250885009766,0,-0.3699636459350586,3.699636459350586,-2.4078140258789062
81205098350,-0.6828250885009766,-0.6828250885009766,0,-0.3699636459350586,3.699636459350586,-2.4078140258789062
81207783800,-0.6828250885009766,-0.6828250885009766,0,-0.3699636459350586,3.699636459350586,-2.4078140258789062
81210469250,-0.6828250885009766,-0.6828250885009766,0,-0.3699636459350586,3.699636459350586,-2.4078140258789062
81213154700,-0.6828250885009766,-0.6828250885009766,0,-0.3699636459350586,3.699636459350586,-2.4078140258789062
81215840150,-0.6828250885009766,-0.6828250885009766,0,-0.3699636459350586,3.699636459350586,-2.4078140258789062
81218525600,-0.6828250885009766,-0.6828250885009766,0,-0.3699636459350586,3.699636459350586,-2.4078140258789062
81221211050,-0.6828250885009766,-0.6828250885009766,0,-0.3699636459350586,3.699636459350586,-2.4078140258789062
81223896500,-0.6828250885009766,-0.6828250885009766,0,-0.3699636459350586,3.699636459350586,-2.4078140258789062
81226581950,-0.6828250885009766,-0.6828250885009766,0,-0.3699636459350586,3.699636459350586,-2.4078140258789062
81229267400,-0.6828250885009766,-0.6828250885009766,0,-0.3699636459350586,3.699636459350586,-2.4078140258789062
81231700475,-0.6828250885009766,-0.6828250885009766,0,-0.3699636459350586,3.699636459350586,-2.4078140258789062
81234133550,-0.6828250885009766,-0.6828250885009766,0,-0.3699636459350586,3.699636459350586,-2.4078140258789062
81236566625,-0.6828250885009766,-0.6828250885009766,0,-0.3699636459350586,3.699636459350586,-2.4078140258789062
81238999700,-0.6828250885009766,-0.6828250885009766,0,-0.3699636459350586,3.699636459350586,-2.4078140258789062
81241432775,-0.6828250885009766,-0.6828250885009766,0,-0.3699636459350586,3.699636459350586,-2.4078140258789062
81243865850,-0.6828250885009766,-0.6828250885009766,0,-0.3699636459350586,3.699636459350586,-2.4078140258789062
81246298925,-0.6828250885009766,-0.6828250885009766,0,-0.3699636459350586,3.699636459350586,-2.4078140258789062
81248732000,-0.6828250885009766,-0.6828250885009766,0,-0.3699636459350586,3.699636459350586,-2.4078140258789062
81251197266,-0.6828250885009766,-0.6828250885009766,0,-0.3699636459350586,3.699636459350586,-2.4078140258789062
81253732808,-0.6828250885009766,-0.6828250885009766,0,-0.3699636459350586,3.699636459350586,-2.4078140258789062
81256268350,-0.6828250885009766,-0.6828250885009766,0,-0.3699636459350586,3.699636459350586,-2.4078140258789062
81258803892,-0.6828250885009766,-0.6828250885009766,0,-0.3699636459350586,3.699636459350586,-2.4078140258789062
81261339434,-0.6828250885009766,-0.6828250885009766,0,-0.3699636459350586,3.699636459350586,-2.4078140258789062
81263874976,-0.6828250885009766,-0.6828250885009766,0,-0.3699636459350586,3.699636459350586,-2.4078140258789062
81266410518,-0.6828250885009766,-0.6828250885009766,0,-0.3699636459350586,3.699636459350586,-2.4078140258789062
81268946060,-0.6828250885009766,-0.6828250885009766,0,-0.3699636459350586,3.699636459350586,-2.4078140258789062
81271481602,-0.6828250885009766,-0.6828250885009766,0,-0.3699636459350586,3.699636459350586,-2.4078140258789062
81274017144,-0.6828250885009766,-0.6828250885009766,0,-0.3699636459350586,3.699636459350586,-2.4078140258789062
81276552686,-0.6828250885009766,-0.6828250885009766,0,-0.3699636459350586,3.699636459350586,-2.4078140258789062
81279088228,-0.6828250885009766,-0.6828250885009766,0,-0.3699636459350586,3.699636459350586,-2.4078140258789062
81281623770,-0.6828250885009766,-0.6828250885009766,0,-0.3699636459350586,3.699636459350586,-2.4078140258789062
81284159312,-0.6828250885009766,-0.6828250885009766,0,-0.3699636459350586,3.699636459350586,-2.4078140258789062
81286694854,-0.6828250885009766,-0.6828250885009766,0,-0.3699636459350586,3.699636459350586,-2.4078140258789062
81289230396,-0.6828250885009766,-0.6828250885009766,0,-0.3699636459350586,3.699636459350586,-2.4078140258789062
81291892375,-0.6828250885009766,-0.6828250885009766,0,-0.3699636459350586,3.699636459350586,-2.4078140258789062
81294554350,-0.6828250885009766,-0.6828250885009766,0,-0.3699636459350586,3.699636459350586,-2.4078140258789062
81297216325,-0.6828250885009766,-0.6828250885009766,0,-0.3699636459350586,3.699636459350586,-2.4078140258789062
81299878300,-0.6828250885009766,-0.6828250885009766,0,-0.3699636459350586,3.699636459350586,-2.4078140258789062
81302540275,-0.6828250885009766,-0.6828250885009766,0,-0.3699636459350586,3.699636459350586,-2.4078140258789062
81305202250,-0.6828250885009766,-0.6828250885009766,0,-0.3699636459350586,3.699636459350586,-2.4078140258789062
81307864225,-0.6828250885009766,-0.6828250885009766,0,-0.3699636459350586,3.699636459350586,-2.4078140258789062
81310526200,-0.6828250885009766,-0.6828250885009766,0,-0.3699636459350586,3.699636459350586,-2.4078140258789062
81313907800,-0.6828250885009766,-0.6828250885009766,0,-0.3699636459350586,3.699636459350586,-2.4078140258789062
81317289400,-0.6828250885009766,-0.6828250885009766,0,-0.3699636459350586,3.699636459350586,-2.4078140258789062
81320671000,-0.6828250885009766,-0.6828250885009766,0,-0.3699636459350586,3.699636459350586,-2.4078140258789062
81324052600,-0.6828250885009766,-0.6828250885009766,0,-0.3699636459350586,3.699636459350586,-2.4078140258789062
81327434200,-0.6828250885009766,-0.6828250885009766,0,-0.3699636459350586,3.699636459350586,-2.4078140258789062
81330815800,-0.6828250885009766,-0.6828250885009766,0,-0.3699636459350586,3.699636459350586,-2.4078140258789062
81334197400,-0.6828250885009766,-0.6828250885009766,0,-0.3699636459350586,3.699636459350586,-2.4078140258789062
81337579000,-0.6828250885009766,-0.6828250885009766,0,-0.3699636459350586,3.699636459350586,-2.4078140258789062
81340557516,-0.6828250885009766,-0.6828250885009766,0,-0.3699636459350586,3.699636459350586,-2.4078140258789062
81343306568,-0.6828250885009766,-0.6828250885009766,0,-0.3699636459350586,3.699636459350586,-2.4078140258789062
81346055620,-0.6828250885009766,-0.6828250885009766,0,-0.3699636459350586,3.699636459350586,-2.4078140258789062
81348804672,-0.6828250885009766,-0.6828250885009766,0,-0.3699636459350586,3.699636459350586,-2.4078140258789062
81351553724,-0.6828250885009766,-0.6828250885009766,0,-0.3699636459350586,3.699636459350586,-2.4078140258789062
81354302776,-0.6828250885009766,-0.6828250885009766,0,-0.3699636459350586,3.699636459350586,-2.4078140258789062
81357051828,-0.6828250885009766,-0.6828250885009766,0,-0.3699636459350586,3.699636459350586,-2.4078140258789062
81359800880,-0.6828250885009766,-0.6828250885009766,0,-0.3699636459350586,3.699636459350586,-2.4078140258789062
81362549932,-0.6828250885009766,-0.6828250885009766,0,-0.3699636459350586,3.699636459350586,-2.4078140258789062
81365298984,-0.6828250885009766,-0.6828250885009766,0,-0.3699636459350586,3.699636459350586,-2.4078140258789062
81368048036,-0.6828250885009766,-0.6828250885009766,0,-0.3699636459350586,3.699636459350586,-2.4078140258789062
81370797088,-0.6828250885009766,-0.6828250885009766,0,-0.3699636459350586,3.699636459350586,-2.4078140258789062
81373546140,-0.6828250885009766,-0.6828250885009766,0,-0.3699636459350586,3.699636459350586,-2.4078140258789062
81376295192,-0.6828250885009766,-0.6828250885009766,0,-0.3699636459350586,3.699636459350586,-2.4078140258789062
81379044244,-0.6828250885009766,-0.6828250885009766,0,-0.3699636459350586,3.699636459350586,-2.4078140258789062
81381793296,-0.6828250885009766,-0.6828250885009766,0,-0.3699636459350586,3.699636459350586,-2.4078140258789062
81384629166,-0.6828250885009766,-0.6828250885009766,0,-0.3699636459350586,3.699636459350586,-2.4078140258789062
81387465028,-0.6828250885009766,-0.6828250885009766,0,-0.3699636459350586,3.699636459350586,-2.4078140258789062
81390300890,-0.6828250885009766,-0.6828250885009766,0,-0.3699636459350586,3.699636459350586,-2.4078140258789062
81393136752,-0.6828250885009766,-0.6828250885009766,0,-0.3699636459350586,3.699636459350586,-2.4078140258789062
81395972614,-0.6828250885009766,-0.6828250885009766,0,-0.3699636459350586,3.699636459350586,-2.4078140258789062
81398808476,-0.6828250885009766,-0.6828250885009766,0,-0.3699636459350586,3.699636459350586,-2.4078140258789062
81401644338,-0.6828250885009766,-0.6828250885009766,0,-0.3699636459350586,3.699636459350586,-2.4078140258789062
81404480200,-0.6828250885009766,-0.6828250885009766,0,-0.3699636459350586,3.699636459350586,-2.4078140258789062
81407051266,-0.6828250885009766,-0.6828250885009766,0,-0.3699636459350586,3.699636459350586,-2.4078140258789062
81409622328,-0.6828250885009766,-0.6828250885009766,0,-0.3699636459350586,3.699636459350586,-2.4078140258789062
81412193390,-0.6828250885009766,-0.6828250885009766,0,-0.3699636459350586,3.699636459350586,-2.4078140258789062
81414764452,-0.6828250885009766,-0.6828250885009766,0,-0.3699636459350586,3.699636459350586,-2.4078140258789062
81417335514,-0.6828250885009766,-0.6828250885009766,0,-0.3699636459350586,3.699636459350586,-2.4078140258789062
81419906576,-0.6828250885009766,-0.6828250885009766,0,-0.3699636459350586,3.699636459350586,-2.4078140258789062
81422477638,-0.6828250885009766,-0.6828250885009766,0,-0.3699636459350586,3.699636459350586,-2.4078140258789062
81425048700,-0.6828250885009766,-0.6828250885009766,0,-0.3699636459350586,3.699636459350586,-2.4078140258789062
81428368025,-0.6828250885009766,-0.6828250885009766,0,-0.3699636459350586,3.699636459350586,-2.4078140258789062
81431531083,-0.6828250885009766,-0.6828250885009766,0,-0.3699636459350586,3.699636459350586,-2.4078140258789062
81434694141,-0.6828250885009766,-0.6828250885009766,0,-0.3699636459350586,3.699636459350586,-2.4078140258789062
81437857199,-0.6828250885009766,-0.6828250885009766,0,-0.3699636459350586,3.699636459350586,-2.4078140258789062
81441020257,-0.6828250885009766,-0.6828250885009766,0,-0.3699636459350586,3.699636459350586,-2.4078140258789062
81444183315,-0.6828250885009766,-0.6828250885009766,0,-0.3699636459350586,3.699636459350586,-2.4078140258789062
81447346373,-0.6828250885009766,-0.6828250885009766,0,-0.3699636459350586,3.699636459350586,-2.4078140258789062
81450509431,-0.6828250885009766,-0.6828250885009766,0,-0.3699636459350586,3.699636459350586,-2.4078140258789062
81453672489,-0.6828250885009766,-0.6828250885009766,0,-0.3699636459350586,3.699636459350586,-2.4078140258789062
81456835547,-0.6828250885009766,-0.6828250885009766,0,-0.3699636459350586,3.699636459350586,-2.4078140258789062
81459998605,-0.6828250885009766,-0.6828250885009766,0,-0.3699636459350586,3.699636459350586,-2.4078140258789062
81463161663,-0.6828250885009766,-0.6828250885009766,0,-0.3699636459350586,3.699636459350586,-2.4078140258789062
81466324721,-0.6828250885009766,-0.6828250885009766,0,-0.3699636459350586,3.699636459350586,-2.4078140258789062
81469487779,-0.6828250885009766,-0.6828250885009766,0,-0.3699636459350586,3.699636459350586,-2.4078140258789062
81472650837,-0.6828250885009766,-0.6828250885009766,0,-0.3699636459350586,3.699636459350586,-2.4078140258789062
81475813895,-0.6828250885009766,-0.6828250885009766,0,-0.3699636459350586,3.699636459350586,-2.4078140258789062
81479572050,-0.6828250885009766,-0.6828250885009766,0,-0.3699636459350586,3.699636459350586,-2.4078140258789062
81483330200,-0.6828250885009766,-0.6828250885009766,0,-0.3699636459350586,3.699636459350586,-2.4078140258789062
81487088350,-0.6828250885009766,-0.6828250885009766,0,-0.3699636459350586,3.699636459350586,-2.4078140258789062
81490846500,-0.6828250885009766,-0.6828250885009766,0,-0.3699636459350586,3.699636459350586,-2.4078140258789062
81494604650,-0.6828250885009766,-0.6828250885009766,0,-0.3699636459350586,3.699636459350586,-2.4078140258789062
81498362800,-0.6828250885009766,-0.6828250885009766,0,-0.3699636459350586,3.699636459350586,-2.4078140258789062
81502120950,-0.6828250885009766,-0.6828250885009766,0,-0.3699636459350586,3.699636459350586,-2.4078140258789062
81505879100,-0.6828250885009766,-0.6828250885009766,0,-0.3699636459350586,3.699636459350586,-2.4078140258789062
81509146225,-0.6828250885009766,-0.6828250885009766,0,-0.3699636459350586,3.699636459350586,-2.4078140258789062
81512413350,-0.6828250885009766,-0.6828250885009766,0,-0.3699636459350586,3.699636459350586,-2.4078140258789062
81515680475,-0.6828250885009766,-0.6828250885009766,0,-0.3699636459350586,3.699636459350586,-2.4078140258789062
81518947600,-0.6828250885009766,-0.6828250885009766,0,-0.3699636459350586,3.699636459350586,-2.4078140258789062
81522214725,-0.6828250885009766,-0.6828250885009766,0,-0.3699636459350586,3.699636459350586,-2.4078140258789062
81525481850,-0.6828250885009766,-0.6828250885009766,0,-0.3699636459350586,3.699636459350586,-2.4078140258789062
81528748975,-0.6828250885009766,-0.6828250885009766,0,-0.3699636459350586,3.699636459350586,-2.4078140258789062
81532016100,-0.6828250885009766,-0.6828250885009766,0,-0.3699636459350586,3.699636459350586,-2.4078140258789062
81534991966,-0.6828250885009766,-0.6828250885009766,0,-0.3699636459350586,3.699636459350586,-2.4078140258789062
81537967828,-0.6828250885009766,-0.6828250885009766,0,-0.3699636459350586,3.699636459350586,-2.4078140258789062
81540943690,-0.6828250885009766,-0.6828250885009766,0,-0.3699636459350586,3.699636459350586,-2.4078140258789062
81543919552,-0.6828250885009766,-0.6828250885009766,0,-0.3699636459350586,3.699636459350586,-2.4078140258789062
81546895414,-0.6828250885009766,-0.6828250885009766,0,-0.3699636459350586,3.699636459350586,-2.4078140258789062
81549871276,-0.6828250885009766,-0.6828250885009766,0,-0.3699636459350586,3.699636459350586,-2.4078140258789062
81552847138,-0.6828250885009766,-0.6828250885009766,0,-0.3699636459350586,3.699636459350586,-2.4078140258789062
81555823000,-0.6828250885009766,-0.6828250885009766,0,-0.3699636459350586,3.699636459350586,-2.4078140258789062
81559552191,-0.6828250885009766,-0.6828250885009766,0,-0.3699636459350586,3.699636459350586,-2.4078140258789062
81563281378,-0.6828250885009766,-0.6828250885009766,0,-0.3699636459350586,3.699636459350586,-2.4078140258789062
81567010565,-0.6828250885009766,-0.6828250885009766,0,-0.3699636459350586,3.699636459350586,-2.4078140258789062
81570739752,-0.6828250885009766,-0.6828250885009766,0,-0.3699636459350586,3.699636459350586,-2.4078140258789062
81574468939,-0.6828250885009766,-0.6828250885009766,0,-0.3699636459350586,3.699636459350586,-2.4078140258789062
81578198126,-0.6828250885009766,-0.6828250885009766,0,-0.3699636459350586,3.699636459350586,-2.4078140258789062
81581927313,-0.6828250885009766,-0.6828250885009766,0,-0.3699636459350586,3.699636459350586,-2.4078140258789062
81585656500,-0.6828250885009766,-0.6828250885009766,0,-0.3699636459350586,3.699636459350586,-2.4078140258789062
81588692375,-0.6828250885009766,-0.6828250885009766,0,-0.3699636459350586,3.699636459350586,-2.4078140258789062
81591331230,-0.6828250885009766,-0.6828250885009766,0,-0.3699636459350586,3.699636459350586,-2.4078140258789062
81593970085,-0.6828250885009766,-0.6828250885009766,0,-0.3699636459350586,3.699636459350586,-2.4078140258789062
81596608940,-0.6828250885009766,-0.6828250885009766,0,-0.3699636459350586,3.699636459350586,-2.4078140258789062
81599247795,-0.6828250885009766,-0.6828250885009766,0,-0.3699636459350586,3.699636459350586,-2.4078140258789062
81601886650,-0.6828250885009766,-0.6828250885009766,0,-0.3699636459350586,3.699636459350586,-2.4078140258789062
81604525505,-0.6828250885009766,-0.6828250885009766,0,-0.3699636459350586,3.699636459350586,-2.4078140258789062
81607164360,-0.6828250885009766,-0.6828250885009766,0,-0.3699636459350586,3.699636459350586,-2.4078140258789062
81609803215,-0.6828250885009766,-0.6828250885009766,0,-0.3699636459350586,3.699636459350586,-2.4078140258789062
81612442070,-0.6828250885009766,-0.6828250885009766,0,-0.3699636459350586,3.699636459350586,-2.4078140258789062
81615080925,-0.6828250885009766,-0.6828250885009766,0,-0.3699636459350586,3.699636459350586,-2.4078140258789062
81617719780,-0.6828250885009766,-0.6828250885009766,0,-0.3699636459350586,3.699636459350586,-2.4078140258789062
81620358635,-0.6828250885009766,-0.6828250885009766,0,-0.3699636459350586,3.699636459350586,-2.4078140258789062
81622997490,-0.6828250885009766,-0.6828250885009766,0,-0.3699636459350586,3.699636459350586,-2.4078140258789062
81625636345,-0.6828250885009766,-0.6828250885009766,0,-0.3699636459350586,3.699636459350586,-2.4078140258789062
81628275200,-0.6828250885009766,-0.6828250885009766,0,-0.3699636459350586,3.699636459350586,-2.4078140258789062
81631195041,-0.6828250885009766,-0.6828250885009766,0,-0.3699636459350586,3.699636459350586,-2.4078140258789062
81634114878,-0.6828250885009766,-0.6828250885009766,0,-0.3699636459350586,3.699636459350586,-2.4078140258789062
81637034715,-0.6828250885009766,-0.6828250885009766,0,-0.3699636459350586,3.699636459350586,-2.4078140258789062
81639954552,-0.6828250885009766,-0.6828250885009766,0,-0.3699636459350586,3.699636459350586,-2.4078140258789062
81642874389,-0.6828250885009766,-0.6828250885009766,0,-0.3699636459350586,3.699636459350586,-2.4078140258789062
81645794226,-0.6828250885009766,-0.6828250885009766,0,-0.3699636459350586,3.699636459350586,-2.4078140258789062
81648714063,-0.6828250885009766,-0.6828250885009766,0,-0.3699636459350586,3.699636459350586,-2.4078140258789062
81651633900,-0.6828250885009766,-0.6828250885009766,0,-0.3699636459350586,3.699636459350586,-2.4078140258789062
81654511241,-0.6828250885009766,-0.6828250885009766,0,-0.3699636459350586,3.699636459350586,-2.4078140258789062
81657388578,-0.6828250885009766,-0.6828250885009766,0,-0.3699636459350586,3.699636459350586,-2.4078140258789062
81660265915,-0.6828250885009766,-0.6828250885009766,0,-0.3699636459350586,3.699636459350586,-2.4078140258789062
81663143252,-0.6828250885009766,-0.6828250885009766,0,-0.3699636459350586,3.699636459350586,-2.4078140258789062
81666020589,-0.6828250885009766,-0.6828250885009766,0,-0.3699636459350586,3.699636459350586,-2.4078140258789062
81668897926,-0.6828250885009766,-0.6828250885009766,0,-0.3699636459350586,3.699636459350586,-2.4078140258789062
81671775263,-0.6828250885009766,-0.6828250885009766,0,-0.3699636459350586,3.699636459350586,-2.4078140258789062
81674652600,-0.6828250885009766,-0.6828250885009766,0,-0.3699636459350586,3.699636459350586,-2.4078140258789062
81679259875,-0.6828250885009766,-0.6828250885009766,0,-0.3699636459350586,3.699636459350586,-2.4078140258789062
81682823850,-0.6828250885009766,-0.6828250885009766,0,-0.3699636459350586,3.699636459350586,-2.4078140258789062
81686387825,-0.6828250885009766,-0.6828250885009766,0,-0.3699636459350586,3.699636459350586,-2.4078140258789062
81689951800,-0.6828250885009766,-0.6828250885009766,0,-0.3699636459350586,3.699636459350586,-2.4078140258789062
81693515775,-0.6828250885009766,-0.6828250885009766,0,-0.3699636459350586,3.699636459350586,-2.4078140258789062
81697079750,-0.6828250885009766,-0.6828250885009766,0,-0.3699636459350586,3.699636459350586,-2.4078140258789062
81700643725,-0.6828250885009766,-0.6828250885009766,0,-0.3699636459350586,3.699636459350586,-2.4078140258789062
81704207700,-0.6828250885009766,-0.6828250885009766,0,-0.3699636459350586,3.699636459350586,-2.4078140258789062
81707771675,-0.6828250885009766,-0.6828250885009766,0,-0.3699636459350586,3.699636459350586,-2.4078140258789062
81711335650,-0.6828250885009766,-0.6828250885009766,0,-0.3699636459350586,3.699636459350586,-2.4078140258789062
81714899625,-0.6828250885009766,-0.6828250885009766,0,-0.3699636459350586,3.699636459350586,-2.4078140258789062
81718463600,-0.6828250885009766,-0.6828250885009766,0,-0.3699636459350586,3.699636459350586,-2.4078140258789062
81722027575,-0.6828250885009766,-0.6828250885009766,0,-0.3699636459350586,3.699636459350586,-2.4078140258789062
81725591550,-0.6828250885009766,-0.6828250885009766,0,-0.3699636459350586,3.699636459350586,-2.4078140258789062
81729155525,-0.6828250885009766,-0.6828250885009766,0,-0.3699636459350586,3.699636459350586,-2.4078140258789062
81732719500,-0.6828250885009766,-0.6828250885009766,0,-0.3699636459350586,3.699636459350586,-2.4078140258789062
81735764566,-0.6828250885009766,-0.6828250885009766,0,-0.3699636459350586,3.699636459350586,-2.4078140258789062
81738843554,-0.6828250885009766,-0.6828250885009766,0,-0.3699636459350586,3.699636459350586,-2.4078140258789062
81741922542,-0.6828250885009766,-0.6828250885009766,0,-0.3699636459350586,3.699636459350586,-2.4078140258789062
81745001530,-0.6828250885009766,-0.6828250885009766,0,-0.3699636459350586,3.699636459350586,-2.4078140258789062
81748080518,-0.6828250885009766,-0.6828250885009766,0,-0.3699636459350586,3.699636459350586,-2.4078140258789062
81751159506,-0.6828250885009766,-0.6828250885009766,0,-0.3699636459350586,3.699636459350586,-2.4078140258789062
81754238494,-0.6828250885009766,-0.6828250885009766,0,-0.3699636459350586,3.699636459350586,-2.4078140258789062
81757317482,-0.6828250885009766,-0.6828250885009766,0,-0.3699636459350586,3.699636459350586,-2.4078140258789062
81760396470,-0.6828250885009766,-0.6828250885009766,0,-0.3699636459350586,3.699636459350586,-2.4078140258789062
81763475458,-0.6828250885009766,-0.6828250885009766,0,-0.3699636459350586,3.699636459350586,-2.4078140258789062
81766554446,-0.6828250885009766,-0.6828250885009766,0,-0.3699636459350586,3.699636459350586,-2.4078140258789062
81769633434,-0.6828250885009766,-0.6828250885009766,0,-0.3699636459350586,3.699636459350586,-2.4078140258789062
81772712422,-0.6828250885009766,-0.6828250885009766,0,-0.3699636459350586,3.699636459350586,-2.4078140258789062
81775791410,-0.6828250885009766,-0.6828250885009766,0,-0.3699636459350586,3.699636459350586,-2.4078140258789062
81778870398,-0.6828250885009766,-0.6828250885009766,0,-0.3699636459350586,3.699636459350586,-2.4078140258789062
81781949386,-0.6828250885009766,-0.6828250885009766,0,-0.3699636459350586,3.699636459350586,-2.4078140258789062
81784401316,-0.6828250885009766,-0.6828250885009766,0,-0.3699636459350586,3.699636459350586,-2.4078140258789062
81786853228,-0.6828250885009766,-0.6828250885009766,0,-0.3699636459350586,3.699636459350586,-2.4078140258789062
81789305140,-0.6828250885009766,-0.6828250885009766,0,-0.3699636459350586,3.699636459350586,-2.4078140258789062
81791757052,-0.6828250885009766,-0.6828250885009766,0,-0.3699636459350586,3.699636459350586,-2.4078140258789062
81794208964,-0.6828250885009766,-0.6828250885009766,0,-0.3699636459350586,3.699636459350586,-2.4078140258789062
81796660876,-0.6828250885009766,-0.6828250885009766,0,-0.3699636459350586,3.699636459350586,-2.4078140258789062
81799112788,-0.6828250885009766,-0.6828250885009766,0,-0.3699636459350586,3.699636459350586,-2.4078140258789062
81801564700,-0.6828250885009766,-0.6828250885009766,0,-0.3699636459350586,3.699636459350586,-2.4078140258789062
81805632916,-0.6828250885009766,-0.6828250885009766,0,-0.3699636459350586,3.699636459350586,-2.4078140258789062
81809701128,-0.6828250885009766,-0.6828250885009766,0,-0.3699636459350586,3.699636459350586,-2.4078140258789062
81813769340,-0.6828250885009766,-0.6828250885009766,0,-0.3699636459350586,3.699636459350586,-2.4078140258789062
81817837552,-0.6828250885009766,-0.6828250885009766,0,-0.3699636459350586,3.699636459350586,-2.4078140258789062
81821905764,-0.6828250885009766,-0.6828250885009766,0,-0.3699636459350586,3.699636459350586,-2.4078140258789062
81825973976,-0.6828250885009766,-0.6828250885009766,0,-0.3699636459350586,3.699636459350586,-2.4078140258789062
81830042188,-0.6828250885009766,-0.6828250885009766,0,-0.3699636459350586,3.699636459350586,-2.4078140258789062
81834110400,-0.6828250885009766,-0.6828250885009766,0,-0.3699636459350586,3.699636459350586,-2.4078140258789062
81837383191,-0.6828250885009766,-0.6828250885009766,0,-0.3699636459350586,3.699636459350586,-2.4078140258789062
81840655978,-0.6828250885009766,-0.6828250885009766,0,-0.3699636459350586,3.699636459350586,-2.4078140258789062
81843928765,-0.6828250885009766,-0.6828250885009766,0,-0.3699636459350586,3.699636459350586,-2.4078140258789062
81847201552,-0.6828250885009766,-0.6828250885009766,0,-0.3699636459350586,3.699636459350586,-2.4078140258789062
81850474339,-0.6828250885009766,-0.6828250885009766,0,-0.3699636459350586,3.699636459350586,-2.4078140258789062
81853747126,-0.6828250885009766,-0.6828250885009766,0,-0.3699636459350586,3.699636459350586,-2.4078140258789062
81857019913,-0.6828250885009766,-0.6828250885009766,0,-0.3699636459350586,3.699636459350586,-2.4078140258789062
81860292700,-0.6828250885009766,-0.6828250885009766,0,-0.3699636459350586,3.699636459350586,-2.4078140258789062
81863240641,-0.6828250885009766,-0.6828250885009766,0,-0.3699636459350586,3.699636459350586,-2.4078140258789062
81866188578,-0.6828250885009766,-0.6828250885009766,0,-0.3699636459350586,3.699636459350586,-2.4078140258789062
81869136515,-0.6828250885009766,-0.6828250885009766,0,-0.3699636459350586,3.699636459350586,-2.4078140258789062
81872084452,-0.6828250885009766,-0.6828250885009766,0,-0.3699636459350586,3.699636459350586,-2.4078140258789062
81875032389,-0.6828250885009766,-0.6828250885009766,0,-0.3699636459350586,3.699636459350586,-2.4078140258789062
81877980326,-0.6828250885009766,-0.6828250885009766,0,-0.3699636459350586,3.699636459350586,-2.4078140258789062
81880928263,-0.6828250885009766,-0.6828250885009766,0,-0.3699636459350586,3.699636459350586,-2.4078140258789062
81883876200,-0.6828250885009766,-0.6828250885009766,0,-0.3699636459350586,3.699636459350586,-2.4078140258789062
81886482616,-0.6828250885009766,-0.6828250885009766,0,-0.3699636459350586,3.699636459350586,-2.4078140258789062
81889089028,-0.6828250885009766,-0.6828250885009766,0,-0.3699636459350586,3.699636459350586,-2.4078140258789062
81891695440,-0.6828250885009766,-0.6828250885009766,0,-0.3699636459350586,3.699636459350586,-2.4078140258789062
81894301852,-0.6828250885009766,-0.6828250885009766,0,-0.3699636459350586,3.699636459350586,-2.4078140258789062
81896908264,-0.6828250885009766,-0.6828250885009766,0,-0.3699636459350586,3.699636459350586,-2.4078140258789062
81899514676,-0.6828250885009766,-0.6828250885009766,0,-0.3699636459350586,3.699636459350586,-2.4078140258789062
81902121088,-0.6828250885009766,-0.6828250885009766,0,-0.3699636459350586,3.699636459350586,-2.4078140258789062
81904727500,-0.6828250885009766,-0.6828250885009766,0,-0.3699636459350586,3.699636459350586,-2.4078140258789062
81907572341,-0.6828250885009766,-0.6828250885009766,0,-0.3699636459350586,3.699636459350586,-2.4078140258789062
81910417178,-0.6828250885009766,-0.6828250885009766,0,-0.3699636459350586,3.699636459350586,-2.4078140258789062
81913262015,-0.6828250885009766,-0.6828250885009766,0,-0.3699636459350586,3.699636459350586,-2.4078140258789062
81916106852,-0.6828250885009766,-0.6828250885009766,0,-0.3699636459350586,3.699636459350586,-2.4078140258789062
81918951689,-0.6828250885009766,-0.6828250885009766,0,-0.3699636459350586,3.699636459350586,-2.4078140258789062
81921796526,-0.6828250885009766,-0.6828250885009766,0,-0.3699636459350586,3.699636459350586,-2.4078140258789062
81924641363,-0.6828250885009766,-0.6828250885009766,0,-0.3699636459350586,3.699636459350586,-2.4078140258789062
81927486200,-0.6828250885009766,-0.6828250885009766,0,-0.3699636459350586,3.699636459350586,-2.4078140258789062
81930710875,-0.6828250885009766,-0.6828250885009766,0,-0.3699636459350586,3.699636459350586,-2.4078140258789062
81933728636,-0.6828250885009766,-0.6828250885009766,0,-0.3699636459350586,3.699636459350586,-2.4078140258789062
81936746397,-0.6828250885009766,-0.6828250885009766,0,-0.3699636459350586,3.699636459350586,-2.4078140258789062
81939764158,-0.6828250885009766,-0.6828250885009766,0,-0.3699636459350586,3.699636459350586,-2.4078140258789062
81942781919,-0.6828250885009766,-0.6828250885009766,0,-0.3699636459350586,3.699636459350586,-2.4078140258789062
81945799680,-0.6828250885009766,-0.6828250885009766,0,-0.3699636459350586,3.699636459350586,-2.4078140258789062
81948817441,-0.6828250885009766,-0.6828250885009766,0,-0.3699636459350586,3.699636459350586,-2.4078140258789062
81951835202,-0.6828250885009766,-0.6828250885009766,0,-0.3699636459350586,3.699636459350586,-2.4078140258789062
81954852963,-0.6828250885009766,-0.6828250885009766,0,-0.3699636459350586,3.699636459350586,-2.4078140258789062
81957870724,-0.6828250885009766,-0.6828250885009766,0,-0.3699636459350586,3.699636459350586,-2.4078140258789062
81960888485,-0.6828250885009766,-0.6828250885009766,0,-0.3699636459350586,3.699636459350586,-2.4078140258789062
81963906246,-0.6828250885009766,-0.6828250885009766,0,-0.3699636459350586,3.699636459350586,-2.4078140258789062
81966924007,-0.6828250885009766,-0.6828250885009766,0,-0.3699636459350586,3.699636459350586,-2.4078140258789062
81969941768,-0.6828250885009766,-0.6828250885009766,0,-0.3699636459350586,3.699636459350586,-2.4078140258789062
81972959529,-0.6828250885009766,-0.6828250885009766,0,-0.3699636459350586,3.699636459350586,-2.4078140258789062
81975977290,-0.6828250885009766,-0.6828250885009766,0,-0.3699636459350586,3.699636459350586,-2.4078140258789062
81978697575,-0.6828250885009766,-0.6828250885009766,0,-0.3699636459350586,3.699636459350586,-2.4078140258789062
81981394970,-0.6828250885009766,-0.6828250885009766,0,-0.3699636459350586,3.699636459350586,-2.4078140258789062
81984092365,-0.6828250885009766,-0.6828250885009766,0,-0.3699636459350586,3.699636459350586,-2.4078140258789062
81986789760,-0.6828250885009766,-0.6828250885009766,0,-0.3699636459350586,3.699636459350586,-2.4078140258789062
81989487155,-0.6828250885009766,-0.6828250885009766,0,-0.3699636459350586,3.699636459350586,-2.4078140258789062
81992184550,-0.6828250885009766,-0.6828250885009766,0,-0.3699636459350586,3.699636459350586,-2.4078140258789062
81994881945,-0.6828250885009766,-0.6828250885009766,0,-0.3699636459350586,3.699636459350586,-2.4078140258789062
81997579340,-0.6828250885009766,-0.6828250885009766,0,-0.3699636459350586,3.699636459350586,-2.4078140258789062
82000276735,-0.6828250885009766,-0.6828250885009766,0,-0.3699636459350586,3.699636459350586,-2.4078140258789062
82002974130,-0.6828250885009766,-0.6828250885009766,0,-0.3699636459350586,3.699636459350586,-2.4078140258789062
82005671525,-0.6828250885009766,-0.6828250885009766,0,-0.3699636459350586,3.699636459350586,-2.4078140258789062
82008368920,-0.6828250885009766,-0.6828250885009766,0,-0.3699636459350586,3.699636459350586,-2.4078140258789062
82011066315,-0.6828250885009766,-0.6828250885009766,0,-0.3699636459350586,3.699636459350586,-2.4078140258789062
82013763710,-0.6828250885009766,-0.6828250885009766,0,-0.3699636459350586,3.699636459350586,-2.4078140258789062
82016461105,-0.6828250885009766,-0.6828250885009766,0,-0.3699636459350586,3.699636459350586,-2.4078140258789062
82019158500,-0.6828250885009766,-0.6828250885009766,0,-0.3699636459350586,3.699636459350586,-2.4078140258789062
82022348916,-0.6828250885009766,-0.6828250885009766,0,-0.3699636459350586,3.699636459350586,-2.4078140258789062
82025539328,-0.6828250885009766,-0.6828250885009766,0,-0.3699636459350586,3.699636459350586,-2.4078140258789062
82028729740,-0.6828250885009766,-0.6828250885009766,0,-0.3699636459350586,3.699636459350586,-2.4078140258789062
82031920152,-0.6828250885009766,-0.6828250885009766,0,-0.3699636459350586,3.699636459350586,-2.4078140258789062
82035110564,-0.6828250885009766,-0.6828250885009766,0,-0.3699636459350586,3.699636459350586,-2.4078140258789062
82038300976,-0.6828250885009766,-0.6828250885009766,0,-0.3699636459350586,3.699636459350586,-2.4078140258789062
82041491388,-0.6828250885009766,-0.6828250885009766,0,-0.3699636459350586,3.699636459350586,-2.4078140258789062
82044681800,-0.6828250885009766,-0.6828250885009766,0,-0.3699636459350586,3.699636459350586,-2.4078140258789062
82048385966,-0.6828250885009766,-0.6828250885009766,0,-0.3699636459350586,3.699636459350586,-2.4078140258789062
82051639828,-0.6828250885009766,-0.6828250885009766,0,-0.3699636459350586,3.699636459350586,-2.4078140258789062
82054893690,-0.6828250885009766,-0.6828250885009766,0,-0.3699636459350586,3.699636459350586,-2.4078140258789062
82058147552,-0.6828250885009766,-0.6828250885009766,0,-0.3699636459350586,3.699636459350586,-2.4078140258789062
82061401414,-0.6828250885009766,-0.6828250885009766,0,-0.3699636459350586,3.699636459350586,-2.4078140258789062
82064655276,-0.6828250885009766,-0.6828250885009766,0,-0.3699636459350586,3.699636459350586,-2.4078140258789062
82067909138,-0.6828250885009766,-0.6828250885009766,0,-0.3699636459350586,3.699636459350586,-2.4078140258789062
82071163000,-0.6828250885009766,-0.6828250885009766,0,-0.3699636459350586,3.699636459350586,-2.4078140258789062
82074416862,-0.6828250885009766,-0.6828250885009766,0,-0.3699636459350586,3.699636459350586,-2.4078140258789062
82077670724,-0.6828250885009766,-0.6828250885009766,0,-0.3699636459350586,3.699636459350586,-2.4078140258789062
82080924586,-0.6828250885009766,-0.6828250885009766,0,-0.3699636459350586,3.699636459350586,-2.4078140258789062
82084178448,-0.6828250885009766,-0.6828250885009766,0,-0.3699636459350586,3.699636459350586,-2.4078140258789062
82087432310,-0.6828250885009766,-0.6828250885009766,0,-0.3699636459350586,3.699636459350586,-2.4078140258789062
82090686172,-0.6828250885009766,-0.6828250885009766,0,-0.3699636459350586,3.699636459350586,-2.4078140258789062
82093940034,-0.6828250885009766,-0.6828250885009766,0,-0.3699636459350586,3.699636459350586,-2.4078140258789062
82097193896,-0.6828250885009766,-0.6828250885009766,0,-0.3699636459350586,3.699636459350586,-2.4078140258789062
82099835616,-0.6828250885009766,-0.6828250885009766,0,-0.3699636459350586,3.699636459350586,-2.4078140258789062
82102477328,-0.6828250885009766,-0.6828250885009766,0,-0.3699636459350586,3.699636459350586,-2.4078140258789062
82105119040,-0.6828250885009766,-0.6828250885009766,0,-0.3699636459350586,3.699636459350586,-2.4078140258789062
82107760752,-0.6828250885009766,-0.6828250885009766,0,-0.3699636459350586,3.699636459350586,-2.4078140258789062
82110402464,-0.6828250885009766,-0.6828250885009766,0,-0.3699636459350586,3.699636459350586,-2.4078140258789062
82113044176,-0.6828250885009766,-0.6828250885009766,0,-0.3699636459350586,3.699636459350586,-2.4078140258789062
82115685888,-0.6828250885009766,-0.6828250885009766,0,-0.3699636459350586,3.699636459350586,-2.4078140258789062
82118327600,-0.6828250885009766,-0.6828250885009766,0,-0.3699636459350586,3.699636459350586,-2.4078140258789062
82120698441,-0.6828250885009766,-0.6828250885009766,0,-0.3699636459350586,3.699636459350586,-2.4078140258789062
82123106931,-0.6828250885009766,-0.6828250885009766,0,-0.3699636459350586,3.699636459350586,-2.4078140258789062
82125515421,-0.6828250885009766,-0.6828250885009766,0,-0.3699636459350586,3.699636459350586,-2.4078140258789062
82127923911,-0.6828250885009766,-0.6828250885009766,0,-0.3699636459350586,3.699636459350586,-2.4078140258789062
82130332401,-0.6828250885009766,-0.6828250885009766,0,-0.3699636459350586,3.699636459350586,-2.4078140258789062
82132740891,-0.6828250885009766,-0.6828250885009766,0,-0.3699636459350586,3.699636459350586,-2.4078140258789062
82135149381,-0.6828250885009766,-0.6828250885009766,0,-0.3699636459350586,3.699636459350586,-2.4078140258789062
82137557871,-0.6828250885009766,-0.6828250885009766,0,-0.3699636459350586,3.699636459350586,-2.4078140258789062
82139966361,-0.6828250885009766,-0.6828250885009766,0,-0.3699636459350586,3.699636459350586,-2.4078140258789062
82142374851,-0.6828250885009766,-0.6828250885009766,0,-0.3699636459350586,3.699636459350586,-2.4078140258789062
82144783341,-0.6828250885009766,-0.6828250885009766,0,-0.3699636459350586,3.699636459350586,-2.4078140258789062
82147191831,-0.6828250885009766,-0.6828250885009766,0,-0.3699636459350586,3.699636459350586,-2.4078140258789062
82149600321,-0.6828250885009766,-0.6828250885009766,0,-0.3699636459350586,3.699636459350586,-2.4078140258789062
82152008811,-0.6828250885009766,-0.6828250885009766,0,-0.3699636459350586,3.699636459350586,-2.4078140258789062
82154417301,-0.6828250885009766,-0.6828250885009766,0,-0.3699636459350586,3.699636459350586,-2.4078140258789062
82156825791,-0.6828250885009766,-0.6828250885009766,0,-0.3699636459350586,3.699636459350586,-2.4078140258789062
82160502000,-0.6828250885009766,-0.6828250885009766,0,-0.3699636459350586,3.699636459350586,-2.4078140258789062
82164178200,-0.6828250885009766,-0.6828250885009766,0,-0.3699636459350586,3.699636459350586,-2.4078140258789062
82167854400,-0.6828250885009766,-0.6828250885009766,0,-0.3699636459350586,3.699636459350586,-2.4078140258789062
82171530600,-0.6828250885009766,-0.6828250885009766,0,-0.3699636459350586,3.699636459350586,-2.4078140258789062
82175206800,-0.6828250885009766,-0.6828250885009766,0,-0.3699636459350586,3.699636459350586,-2.4078140258789062
82178883000,-0.6828250885009766,-0.6828250885009766,0,-0.3699636459350586,3.699636459350586,-2.4078140258789062
82182559200,-0.6828250885009766,-0.6828250885009766,0,-0.3699636459350586,3.699636459350586,-2.4078140258789062
82186235400,-0.6828250885009766,-0.6828250885009766,0,-0.3699636459350586,3.699636459350586,-2.4078140258789062
82189031716,-0.6828250885009766,-0.6828250885009766,0,-0.3699636459350586,3.699636459350586,-2.4078140258789062
82191828028,-0.6828250885009766,-0.6828250885009766,0,-0.3699636459350586,3.699636459350586,-2.4078140258789062
82194624340,-0.6828250885009766,-0.6828250885009766,0,-0.3699636459350586,3.699636459350586,-2.4078140258789062
82197420652,-0.6828250885009766,-0.6828250885009766,0,-0.3699636459350586,3.699636459350586,-2.4078140258789062
82200216964,-0.6828250885009766,-0.6828250885009766,0,-0.3699636459350586,3.699636459350586,-2.4078140258789062
82203013276,-0.6828250885009766,-0.6828250885009766,0,-0.3699636459350586,3.699636459350586,-2.4078140258789062
82205809588,-0.6828250885009766,-0.6828250885009766,0,-0.3699636459350586,3.699636459350586,-2.4078140258789062
82208605900,-0.6828250885009766,-0.6828250885009766,0,-0.3699636459350586,3.699636459350586,-2.4078140258789062
82211112100,-0.6828250885009766,-0.6828250885009766,0,-0.3699636459350586,3.699636459350586,-2.4078140258789062
82213343226,-0.6828250885009766,-0.6828250885009766,0,-0.3699636459350586,3.699636459350586,-2.4078140258789062
82215574352,-0.6828250885009766,-0.6828250885009766,0,-0.3699636459350586,3.699636459350586,-2.4078140258789062
82217805478,-0.6828250885009766,-0.6828250885009766,0,-0.3699636459350586,3.699636459350586,-2.4078140258789062
82220036604,-0.6828250885009766,-0.6828250885009766,0,-0.3699636459350586,3.699636459350586,-2.4078140258789062
82222267730,-0.6828250885009766,-0.6828250885009766,0,-0.3699636459350586,3.699636459350586,-2.4078140258789062
82224498856,-0.6828250885009766,-0.6828250885009766,0,-0.3699636459350586,3.699636459350586,-2.4078140258789062
82226729982,-0.6828250885009766,-0.6828250885009766,0,-0.3699636459350586,3.699636459350586,-2.4078140258789062
82228961108,-0.6828250885009766,-0.6828250885009766,0,-0.3699636459350586,3.699636459350586,-2.4078140258789062
82231192234,-0.6828250885009766,-0.6828250885009766,0,-0.3699636459350586,3.699636459350586,-2.4078140258789062
82233423360,-0.6828250885009766,-0.6828250885009766,0,-0.3699636459350586,3.699636459350586,-2.4078140258789062
82235654486,-0.6828250885009766,-0.6828250885009766,0,-0.3699636459350586,3.699636459350586,-2.4078140258789062
82237885612,-0.6828250885009766,-0.6828250885009766,0,-0.3699636459350586,3.699636459350586,-2.4078140258789062
82240116738,-0.6828250885009766,-0.6828250885009766,0,-0.3699636459350586,3.699636459350586,-2.4078140258789062
82242347864,-0.6828250885009766,-0.6828250885009766,0,-0.3699636459350586,3.699636459350586,-2.4078140258789062
82244578990,-0.6828250885009766,-0.6828250885009766,0,-0.3699636459350586,3.699636459350586,-2.4078140258789062
82247212066,-0.6828250885009766,-0.6828250885009766,0,-0.3699636459350586,3.699636459350586,-2.4078140258789062
82249845128,-0.6828250885009766,-0.6828250885009766,0,-0.3699636459350586,3.699636459350586,-2.4078140258789062
82252478190,-0.6828250885009766,-0.6828250885009766,0,-0.3699636459350586,3.699636459350586,-2.4078140258789062
82255111252,-0.6828250885009766,-0.6828250885009766,0,-0.3699636459350586,3.699636459350586,-2.4078140258789062
82257744314,-0.6828250885009766,-0.6828250885009766,0,-0.3699636459350586,3.699636459350586,-2.4078140258789062
82260377376,-0.6828250885009766,-0.6828250885009766,0,-0.3699636459350586,3.699636459350586,-2.4078140258789062
82263010438,-0.6828250885009766,-0.6828250885009766,0,-0.3699636459350586,3.699636459350586,-2.4078140258789062
82265643500,-0.6828250885009766,-0.6828250885009766,0,-0.3699636459350586,3.699636459350586,-2.4078140258789062
82268556116,-0.6828250885009766,-0.6828250885009766,0,-0.3699636459350586,3.699636459350586,-2.4078140258789062
82271272041,-0.6828250885009766,-0.6828250885009766,0,-0.3699636459350586,3.699636459350586,-2.4078140258789062
82273987966,-0.6828250885009766,-0.6828250885009766,0,-0.3699636459350586,3.699636459350586,-2.4078140258789062
82276703891,-0.6828250885009766,-0.6828250885009766,0,-0.3699636459350586,3.699636459350586,-2.4078140258789062
82279419816,-0.6828250885009766,-0.6828250885009766,0,-0.3699636459350586,3.699636459350586,-2.4078140258789062
82282135741,-0.6828250885009766,-0.6828250885009766,0,-0.3699636459350586,3.699636459350586,-2.4078140258789062
82284851666,-0.6828250885009766,-0.6828250885009766,0,-0.3699636459350586,3.699636459350586,-2.4078140258789062
82287567591,-0.6828250885009766,-0.6828250885009766,0,-0.3699636459350586,3.699636459350586,-2.4078140258789062
82290283516,-0.6828250885009766,-0.6828250885009766,0,-0.3699636459350586,3.699636459350586,-2.4078140258789062
82292999441,-0.6828250885009766,-0.6828250885009766,0,-0.3699636459350586,3.699636459350586,-2.4078140258789062
82295715366,-0.6828250885009766,-0.6828250885009766,0,-0.3699636459350586,3.699636459350586,-2.4078140258789062
82298431291,-0.6828250885009766,-0.6828250885009766,0,-0.3699636459350586,3.699636459350586,-2.4078140258789062
82301147216,-0.6828250885009766,-0.6828250885009766,0,-0.3699636459350586,3.699636459350586,-2.4078140258789062
82303863141,-0.6828250885009766,-0.6828250885009766,0,-0.3699636459350586,3.699636459350586,-2.4078140258789062
82306579066,-0.6828250885009766,-0.6828250885009766,0,-0.3699636459350586,3.699636459350586,-2.4078140258789062
82309294991,-0.6828250885009766,-0.6828250885009766,0,-0.3699636459350586,3.699636459350586,-2.4078140258789062
82311838416,-0.6828250885009766,-0.6828250885009766,0,-0.3699636459350586,3.699636459350586,-2.4078140258789062
82314381828,-0.6828250885009766,-0.6828250885009766,0,-0.3699636459350586,3.699636459350586,-2.4078140258789062
82316925240,-0.6828250885009766,-0.6828250885009766,0,-0.3699636459350586,3.699636459350586,-2.4078140258789062
82319468652,-0.6828250885009766,-0.6828250885009766,0,-0.3699636459350586,3.699636459350586,-2.4078140258789062
82322012064,-0.6828250885009766,-0.6828250885009766,0,-0.3699636459350586,3.699636459350586,-2.4078140258789062
82324555476,-0.6828250885009766,-0.6828250885009766,0,-0.3699636459350586,3.699636459350586,-2.4078140258789062
82327098888,-0.6828250885009766,-0.6828250885009766,0,-0.3699636459350586,3.699636459350586,-2.4078140258789062
82329642300,-0.6828250885009766,-0.6828250885009766,0,-0.3699636459350586,3.699636459350586,-2.4078140258789062
82331939166,-0.6828250885009766,-0.6828250885009766,0,-0.3699636459350586,3.699636459350586,-2.4078140258789062
82334236028,-0.6828250885009766,-0.6828250885009766,0,-0.3699636459350586,3.699636459350586,-2.4078140258789062
82336532890,-0.6828250885009766,-0.6828250885009766,0,-0.3699636459350586,3.699636459350586,-2.4078140258789062
82338829752,-0.6828250885009766,-0.6828250885009766,0,-0.3699636459350586,3.699636459350586,-2.4078140258789062
82341126614,-0.6828250885009766,-0.6828250885009766,0,-0.3699636459350586,3.699636459350586,-2.4078140258789062
82343423476,-0.6828250885009766,-0.6828250885009766,0,-0.3699636459350586,3.699636459350586,-2.4078140258789062
82345720338,-0.6828250885009766,-0.6828250885009766,0,-0.3699636459350586,3.699636459350586,-2.4078140258789062
82348017200,-0.6828250885009766,-0.6828250885009766,0,-0.3699636459350586,3.699636459350586,-2.4078140258789062
82350825166,-0.6828250885009766,-0.6828250885009766,0,-0.3699636459350586,3.699636459350586,-2.4078140258789062
82353633128,-0.6828250885009766,-0.6828250885009766,0,-0.3699636459350586,3.699636459350586,-2.4078140258789062
82356441090,-0.6828250885009766,-0.6828250885009766,0,-0.3699636459350586,3.699636459350586,-2.4078140258789062
82359249052,-0.6828250885009766,-0.6828250885009766,0,-0.3699636459350586,3.699636459350586,-2.4078140258789062
82362057014,-0.6828250885009766,-0.6828250885009766,0,-0.3699636459350586,3.699636459350586,-2.4078140258789062
82364864976,-0.6828250885009766,-0.6828250885009766,0,-0.3699636459350586,3.699636459350586,-2.4078140258789062
82367672938,-0.6828250885009766,-0.6828250885009766,0,-0.3699636459350586,3.699636459350586,-2.4078140258789062
82370480900,-0.6828250885009766,-0.6828250885009766,0,-0.3699636459350586,3.699636459350586,-2.4078140258789062
82373618250,-0.6828250885009766,-0.6828250885009766,0,-0.3699636459350586,3.699636459350586,-2.4078140258789062
82376755600,-0.6828250885009766,-0.6828250885009766,0,-0.3699636459350586,3.699636459350586,-2.4078140258789062
82379892950,-0.6828250885009766,-0.6828250885009766,0,-0.3699636459350586,3.699636459350586,-2.4078140258789062
82383030300,-0.6828250885009766,-0.6828250885009766,0,-0.3699636459350586,3.699636459350586,-2.4078140258789062
82386167650,-0.6828250885009766,-0.6828250885009766,0,-0.3699636459350586,3.699636459350586,-2.4078140258789062
82389305000,-0.6828250885009766,-0.6828250885009766,0,-0.3699636459350586,3.699636459350586,-2.4078140258789062
82392442350,-0.6828250885009766,-0.6828250885009766,0,-0.3699636459350586,3.699636459350586,-2.4078140258789062
82395579700,-0.6828250885009766,-0.6828250885009766,0,-0.3699636459350586,3.699636459350586,-2.4078140258789062
82398769941,-0.6828250885009766,-0.6828250885009766,0,-0.3699636459350586,3.699636459350586,-2.4078140258789062
82401960178,-0.6828250885009766,-0.6828250885009766,0,-0.3699636459350586,3.699636459350586,-2.4078140258789062
82405150415,-0.6828250885009766,-0.6828250885009766,0,-0.3699636459350586,3.699636459350586,-2.4078140258789062
82408340652,-0.6828250885009766,-0.6828250885009766,0,-0.3699636459350586,3.699636459350586,-2.4078140258789062
82411530889,-0.6828250885009766,-0.6828250885009766,0,-0.3699636459350586,3.699636459350586,-2.4078140258789062
82414721126,-0.6828250885009766,-0.6828250885009766,0,-0.3699636459350586,3.699636459350586,-2.4078140258789062
82417911363,-0.6828250885009766,-0.6828250885009766,0,-0.3699636459350586,3.699636459350586,-2.4078140258789062
82421101600,-0.6828250885009766,-0.6828250885009766,0,-0.3699636459350586,3.699636459350586,-2.4078140258789062
82423829416,-0.6828250885009766,-0.6828250885009766,0,-0.3699636459350586,3.699636459350586,-2.4078140258789062
82426557228,-0.6828250885009766,-0.6828250885009766,0,-0.3699636459350586,3.699636459350586,-2.4078140258789062
82429285040,-0.6828250885009766,-0.6828250885009766,0,-0.3699636459350586,3.699636459350586,-2.4078140258789062
82432012852,-0.6828250885009766,-0.6828250885009766,0,-0.3699636459350586,3.699636459350586,-2.4078140258789062
82434740664,-0.6828250885009766,-0.6828250885009766,0,-0.3699636459350586,3.699636459350586,-2.4078140258789062
82437468476,-0.6828250885009766,-0.6828250885009766,0,-0.3699636459350586,3.699636459350586,-2.4078140258789062
82440196288,-0.6828250885009766,-0.6828250885009766,0,-0.3699636459350586,3.699636459350586,-2.4078140258789062
82442924100,-0.6828250885009766,-0.6828250885009766,0,-0.3699636459350586,3.699636459350586,-2.4078140258789062
82445738716,-0.6828250885009766,-0.6828250885009766,0,-0.3699636459350586,3.699636459350586,-2.4078140258789062
82448553328,-0.6828250885009766,-0.6828250885009766,0,-0.3699636459350586,3.699636459350586,-2.4078140258789062
82451367940,-0.6828250885009766,-0.6828250885009766,0,-0.3699636459350586,3.699636459350586,-2.4078140258789062
82454182552,-0.6828250885009766,-0.6828250885009766,0,-0.3699636459350586,3.699636459350586,-2.4078140258789062
82456997164,-0.6828250885009766,-0.6828250885009766,0,-0.3699636459350586,3.699636459350586,-2.4078140258789062
82459811776,-0.6828250885009766,-0.6828250885009766,0,-0.3699636459350586,3.699636459350586,-2.4078140258789062
82462626388,-0.6828250885009766,-0.6828250885009766,0,-0.3699636459350586,3.699636459350586,-2.4078140258789062
82465441000,-0.6828250885009766,-0.6828250885009766,0,-0.3699636459350586,3.699636459350586,-2.4078140258789062
82468371216,-0.6828250885009766,-0.6828250885009766,0,-0.3699636459350586,3.699636459350586,-2.4078140258789062
82471301428,-0.6828250885009766,-0.6828250885009766,0,-0.3699636459350586,3.699636459350586,-2.4078140258789062
82474231640,-0.6828250885009766,-0.6828250885009766,0,-0.3699636459350586,3.699636459350586,-2.4078140258789062
82477161852,-0.6828250885009766,-0.6828250885009766,0,-0.3699636459350586,3.699636459350586,-2.4078140258789062
82480092064,-0.6828250885009766,-0.6828250885009766,0,-0.3699636459350586,3.699636459350586,-2.4078140258789062
82483022276,-0.6828250885009766,-0.6828250885009766,0,-0.3699636459350586,3.699636459350586,-2.4078140258789062
82485952488,-0.6828250885009766,-0.6828250885009766,0,-0.3699636459350586,3.699636459350586,-2.4078140258789062
82488882700,-0.6828250885009766,-0.6828250885009766,0,-0.3699636459350586,3.699636459350586,-2.4078140258789062
82491622975,-0.6828250885009766,-0.6828250885009766,0,-0.3699636459350586,3.699636459350586,-2.4078140258789062
82494363250,-0.6828250885009766,-0.6828250885009766,0,-0.3699636459350586,3.699636459350586,-2.4078140258789062
82497103525,-0.6828250885009766,-0.6828250885009766,0,-0.3699636459350586,3.699636459350586,-2.4078140258789062
82499843800,-0.6828250885009766,-0.6828250885009766,0,-0.3699636459350586,3.699636459350586,-2.4078140258789062
82502584075,-0.6828250885009766,-0.6828250885009766,0,-0.3699636459350586,3.699636459350586,-2.4078140258789062
82505324350,-0.6828250885009766,-0.6828250885009766,0,-0.3699636459350586,3.699636459350586,-2.4078140258789062
82508064625,-0.6828250885009766,-0.6828250885009766,0,-0.3699636459350586,3.699636459350586,-2.4078140258789062
82510804900,-0.6828250885009766,-0.6828250885009766,0,-0.3699636459350586,3.699636459350586,-2.4078140258789062
82514254666,-0.6828250885009766,-0.6828250885009766,0,-0.3699636459350586,3.699636459350586,-2.4078140258789062
82517704428,-0.6828250885009766,-0.6828250885009766,0,-0.3699636459350586,3.699636459350586,-2.4078140258789062
82521154190,-0.6828250885009766,-0.6828250885009766,0,-0.3699636459350586,3.699636459350586,-2.4078140258789062
82524603952,-0.6828250885009766,-0.6828250885009766,0,-0.3699636459350586,3.699636459350586,-2.4078140258789062
82528053714,-0.6828250885009766,-0.6828250885009766,0,-0.3699636459350586,3.699636459350586,-2.4078140258789062
82531503476,-0.6828250885009766,-0.6828250885009766,0,-0.3699636459350586,3.699636459350586,-2.4078140258789062
82534953238,-0.6828250885009766,-0.6828250885009766,0,-0.3699636459350586,3.699636459350586,-2.4078140258789062
82538403000,-0.6828250885009766,-0.6828250885009766,0,-0.3699636459350586,3.699636459350586,-2.4078140258789062
82540864966,-0.6828250885009766,-0.6828250885009766,0,-0.3699636459350586,3.699636459350586,-2.4078140258789062
82543326928,-0.6828250885009766,-0.6828250885009766,0,-0.3699636459350586,3.699636459350586,-2.4078140258789062
82545788890,-0.6828250885009766,-0.6828250885009766,0,-0.3699636459350586,3.699636459350586,-2.4078140258789062
82548250852,-0.6828250885009766,-0.6828250885009766,0,-0.3699636459350586,3.699636459350586,-2.4078140258789062
82550712814,-0.6828250885009766,-0.6828250885009766,0,-0.3699636459350586,3.699636459350586,-2.4078140258789062
82553174776,-0.6828250885009766,-0.6828250885009766,0,-0.3699636459350586,3.699636459350586,-2.4078140258789062
82555636738,-0.6828250885009766,-0.6828250885009766,0,-0.3699636459350586,3.699636459350586,-2.4078140258789062
82558098700,-0.6828250885009766,-0.6828250885009766,0,-0.3699636459350586,3.699636459350586,-2.4078140258789062
82560788466,-0.6828250885009766,-0.6828250885009766,0,-0.3699636459350586,3.699636459350586,-2.4078140258789062
82563347481,-0.6828250885009766,-0.6828250885009766,0,-0.3699636459350586,3.699636459350586,-2.4078140258789062
82565906496,-0.6828250885009766,-0.6828250885009766,0,-0.3699636459350586,3.699636459350586,-2.4078140258789062
82568465511,-0.6828250885009766,-0.6828250885009766,0,-0.3699636459350586,3.699636459350586,-2.4078140258789062
82571024526,-0.6828250885009766,-0.6828250885009766,0,-0.3699636459350586,3.699636459350586,-2.4078140258789062
82573583541,-0.6828250885009766,-0.6828250885009766,0,-0.3699636459350586,3.699636459350586,-2.4078140258789062
82576142556,-0.6828250885009766,-0.6828250885009766,0,-0.3699636459350586,3.699636459350586,-2.4078140258789062
82578701571,-0.6828250885009766,-0.6828250885009766,0,-0.3699636459350586,3.699636459350586,-2.4078140258789062
82581260586,-0.6828250885009766,-0.6828250885009766,0,-0.3699636459350586,3.699636459350586,-2.4078140258789062
82583819601,-0.6828250885009766,-0.6828250885009766,0,-0.3699636459350586,3.699636459350586,-2.4078140258789062
82586378616,-0.6828250885009766,-0.6828250885009766,0,-0.3699636459350586,3.699636459350586,-2.4078140258789062
82588937631,-0.6828250885009766,-0.6828250885009766,0,-0.3699636459350586,3.699636459350586,-2.4078140258789062
82591496646,-0.6828250885009766,-0.6828250885009766,0,-0.3699636459350586,3.699636459350586,-2.4078140258789062
82594055661,-0.6828250885009766,-0.6828250885009766,0,-0.3699636459350586,3.699636459350586,-2.4078140258789062
82596614676,-0.6828250885009766,-0.6828250885009766,0,-0.3699636459350586,3.699636459350586,-2.4078140258789062
82599173691,-0.6828250885009766,-0.6828250885009766,0,-0.3699636459350586,3.699636459350586,-2.4078140258789062
82601887650,-0.6828250885009766,-0.6828250885009766,0,-0.3699636459350586,3.699636459350586,-2.4078140258789062
82604601600,-0.6828250885009766,-0.6828250885009766,0,-0.3699636459350586,3.699636459350586,-2.4078140258789062
82607315550,-0.6828250885009766,-0.6828250885009766,0,-0.3699636459350586,3.699636459350586,-2.4078140258789062
82610029500,-0.6828250885009766,-0.6828250885009766,0,-0.3699636459350586,3.699636459350586,-2.4078140258789062
82612743450,-0.6828250885009766,-0.6828250885009766,0,-0.3699636459350586,3.699636459350586,-2.4078140258789062
82615457400,-0.6828250885009766,-0.6828250885009766,0,-0.3699636459350586,3.699636459350586,-2.4078140258789062
82618171350,-0.6828250885009766,-0.6828250885009766,0,-0.3699636459350586,3.699636459350586,-2.4078140258789062
82620885300,-0.6828250885009766,-0.6828250885009766,0,-0.3699636459350586,3.699636459350586,-2.4078140258789062
82624468766,-0.6828250885009766,-0.6828250885009766,0,-0.3699636459350586,3.699636459350586,-2.4078140258789062
82628052228,-0.6828250885009766,-0.6828250885009766,0,-0.3699636459350586,3.699636459350586,-2.4078140258789062
82631635690,-0.6828250885009766,-0.6828250885009766,0,-0.3699636459350586,3.699636459350586,-2.4078140258789062
82635219152,-0.6828250885009766,-0.6828250885009766,0,-0.3699636459350586,3.699636459350586,-2.4078140258789062
82638802614,-0.6828250885009766,-0.6828250885009766,0,-0.3699636459350586,3.699636459350586,-2.4078140258789062
82642386076,-0.6828250885009766,-0.6828250885009766,0,-0.3699636459350586,3.699636459350586,-2.4078140258789062
82645969538,-0.6828250885009766,-0.6828250885009766,0,-0.3699636459350586,3.699636459350586,-2.4078140258789062
82649553000,-0.6828250885009766,-0.6828250885009766,0,-0.3699636459350586,3.699636459350586,-2.4078140258789062
82651945441,-0.6828250885009766,-0.6828250885009766,0,-0.3699636459350586,3.699636459350586,-2.4078140258789062
82654337878,-0.6828250885009766,-0.6828250885009766,0,-0.3699636459350586,3.699636459350586,-2.4078140258789062
82656730315,-0.6828250885009766,-0.6828250885009766,0,-0.3699636459350586,3.699636459350586,-2.4078140258789062
82659122752,-0.6828250885009766,-0.6828250885009766,0,-0.3699636459350586,3.699636459350586,-2.4078140258789062
82661515189,-0.6828250885009766,-0.6828250885009766,0,-0.3699636459350586,3.699636459350586,-2.4078140258789062
82663907626,-0.6828250885009766,-0.6828250885009766,0,-0.3699636459350586,3.699636459350586,-2.4078140258789062
82666300063,-0.6828250885009766,-0.6828250885009766,0,-0.3699636459350586,3.699636459350586,-2.4078140258789062
82668692500,-0.6828250885009766,-0.6828250885009766,0,-0.3699636459350586,3.699636459350586,-2.4078140258789062
82671862141,-0.6828250885009766,-0.6828250885009766,0,-0.3699636459350586,3.699636459350586,-2.4078140258789062
82675031778,-0.6828250885009766,-0.6828250885009766,0,-0.3699636459350586,3.699636459350586,-2.4078140258789062
82678201415,-0.6828250885009766,-0.6828250885009766,0,-0.3699636459350586,3.699636459350586,-2.4078140258789062
82681371052,-0.6828250885009766,-0.6828250885009766,0,-0.3699636459350586,3.699636459350586,-2.4078140258789062
82684540689,-0.6828250885009766,-0.6828250885009766,0,-0.3699636459350586,3.699636459350586,-2.4078140258789062
82687710326,-0.6828250885009766,-0.6828250885009766,0,-0.3699636459350586,3.699636459350586,-2.4078140258789062
82690879963,-0.6828250885009766,-0.6828250885009766,0,-0.3699636459350586,3.699636459350586,-2.4078140258789062
82694049600,-0.6828250885009766,-0.6828250885009766,0,-0.3699636459350586,3.699636459350586,-2.4078140258789062
82696545075,-0.6828250885009766,-0.6828250885009766,0,-0.3699636459350586,3.699636459350586,-2.4078140258789062
82699040550,-0.6828250885009766,-0.6828250885009766,0,-0.3699636459350586,3.699636459350586,-2.4078140258789062
82701536025,-0.6828250885009766,-0.6828250885009766,0,-0.3699636459350586,3.699636459350586,-2.4078140258789062
82704031500,-0.6828250885009766,-0.6828250885009766,0,-0.3699636459350586,3.699636459350586,-2.4078140258789062
82706526975,-0.6828250885009766,-0.6828250885009766,0,-0.3699636459350586,3.699636459350586,-2.4078140258789062
82709022450,-0.6828250885009766,-0.6828250885009766,0,-0.3699636459350586,3.699636459350586,-2.4078140258789062
82711517925,-0.6828250885009766,-0.6828250885009766,0,-0.3699636459350586,3.699636459350586,-2.4078140258789062
82714013400,-0.6828250885009766,-0.6828250885009766,0,-0.3699636459350586,3.699636459350586,-2.4078140258789062
82716801866,-0.6828250885009766,-0.6828250885009766,0,-0.3699636459350586,3.699636459350586,-2.4078140258789062
82719590328,-0.6828250885009766,-0.6828250885009766,0,-0.3699636459350586,3.699636459350586,-2.4078140258789062
82722378790,-0.6828250885009766,-0.6828250885009766,0,-0.3699636459350586,3.699636459350586,-2.4078140258789062
82725167252,-0.6828250885009766,-0.6828250885009766,0,-0.3699636459350586,3.699636459350586,-2.4078140258789062
82727955714,-0.6828250885009766,-0.6828250885009766,0,-0.3699636459350586,3.699636459350586,-2.4078140258789062
82730744176,-0.6828250885009766,-0.6828250885009766,0,-0.3699636459350586,3.699636459350586,-2.4078140258789062
82733532638,-0.6828250885009766,-0.6828250885009766,0,-0.3699636459350586,3.699636459350586,-2.4078140258789062
82736321100,-0.6828250885009766,-0.6828250885009766,0,-0.3699636459350586,3.699636459350586,-2.4078140258789062
82740075741,-0.6828250885009766,-0.6828250885009766,0,-0.3699636459350586,3.699636459350586,-2.4078140258789062
82743830378,-0.6828250885009766,-0.6828250885009766,0,-0.3699636459350586,3.699636459350586,-2.4078140258789062
82747585015,-0.6828250885009766,-0.6828250885009766,0,-0.3699636459350586,3.699636459350586,-2.4078140258789062
82751339652,-0.6828250885009766,-0.6828250885009766,0,-0.3699636459350586,3.699636459350586,-2.4078140258789062
82755094289,-0.6828250885009766,-0.6828250885009766,0,-0.3699636459350586,3.699636459350586,-2.4078140258789062
82758848926,-0.6828250885009766,-0.6828250885009766,0,-0.3699636459350586,3.699636459350586,-2.4078140258789062
82762603563,-0.6828250885009766,-0.6828250885009766,0,-0.3699636459350586,3.699636459350586,-2.4078140258789062
82766358200,-0.6828250885009766,-0.6828250885009766,0,-0.3699636459350586,3.699636459350586,-2.4078140258789062
82768833700,-0.6828250885009766,-0.6828250885009766,0,-0.3699636459350586,3.699636459350586,-2.4078140258789062
82771309200,-0.6828250885009766,-0.6828250885009766,0,-0.3699636459350586,3.699636459350586,-2.4078140258789062
82773784700,-0.6828250885009766,-0.6828250885009766,0,-0.3699636459350586,3.699636459350586,-2.4078140258789062
82776260200,-0.6828250885009766,-0.6828250885009766,0,-0.3699636459350586,3.699636459350586,-2.4078140258789062
82778735700,-0.6828250885009766,-0.6828250885009766,0,-0.3699636459350586,3.699636459350586,-2.4078140258789062
82781211200,-0.6828250885009766,-0.6828250885009766,0,-0.3699636459350586,3.699636459350586,-2.4078140258789062
82783686700,-0.6828250885009766,-0.6828250885009766,0,-0.3699636459350586,3.699636459350586,-2.4078140258789062
82786162200,-0.6828250885009766,-0.6828250885009766,0,-0.3699636459350586,3.699636459350586,-2.4078140258789062
82788798666,-0.6828250885009766,-0.6828250885009766,0,-0.3699636459350586,3.699636459350586,-2.4078140258789062
82791580248,-0.6828250885009766,-0.6828250885009766,0,-0.3699636459350586,3.699636459350586,-2.4078140258789062
82794361830,-0.6828250885009766,-0.6828250885009766,0,-0.3699636459350586,3.699636459350586,-2.4078140258789062
82797143412,-0.6828250885009766,-0.6828250885009766,0,-0.3699636459350586,3.699636459350586,-2.4078140258789062
82799924994,-0.6828250885009766,-0.6828250885009766,0,-0.3699636459350586,3.699636459350586,-2.4078140258789062
82802706576,-0.6828250885009766,-0.6828250885009766,0,-0.3699636459350586,3.699636459350586,-2.4078140258789062
82805488158,-0.6828250885009766,-0.6828250885009766,0,-0.3699636459350586,3.699636459350586,-2.4078140258789062
82808269740,-0.6828250885009766,-0.6828250885009766,0,-0.3699636459350586,3.699636459350586,-2.4078140258789062
82811051322,-0.6828250885009766,-0.6828250885009766,0,-0.3699636459350586,3.699636459350586,-2.4078140258789062
82813832904,-0.6828250885009766,-0.6828250885009766,0,-0.3699636459350586,3.699636459350586,-2.4078140258789062
82816614486,-0.6828250885009766,-0.6828250885009766,0,-0.3699636459350586,3.699636459350586,-2.4078140258789062
82819396068,-0.6828250885009766,-0.6828250885009766,0,-0.3699636459350586,3.699636459350586,-2.4078140258789062
82822177650,-0.6828250885009766,-0.6828250885009766,0,-0.3699636459350586,3.699636459350586,-2.4078140258789062
82824959232,-0.6828250885009766,-0.6828250885009766,0,-0.3699636459350586,3.699636459350586,-2.4078140258789062
82827740814,-0.6828250885009766,-0.6828250885009766,0,-0.3699636459350586,3.699636459350586,-2.4078140258789062
82830522396,-0.6828250885009766,-0.6828250885009766,0,-0.3699636459350586,3.699636459350586,-2.4078140258789062
82832930975,-0.6828250885009766,-0.6828250885009766,0,-0.3699636459350586,3.699636459350586,-2.4078140258789062
82835339550,-0.6828250885009766,-0.6828250885009766,0,-0.3699636459350586,3.699636459350586,-2.4078140258789062
82837748125,-0.6828250885009766,-0.6828250885009766,0,-0.3699636459350586,3.699636459350586,-2.4078140258789062
82840156700,-0.6828250885009766,-0.6828250885009766,0,-0.3699636459350586,3.699636459350586,-2.4078140258789062
82842565275,-0.6828250885009766,-0.6828250885009766,0,-0.3699636459350586,3.699636459350586,-2.4078140258789062
82844973850,-0.6828250885009766,-0.6828250885009766,0,-0.3699636459350586,3.699636459350586,-2.4078140258789062
82847382425,-0.6828250885009766,-0.6828250885009766,0,-0.3699636459350586,3.699636459350586,-2.4078140258789062
82849791000,-0.6828250885009766,-0.6828250885009766,0,-0.3699636459350586,3.699636459350586,-2.4078140258789062
82853441000,-0.6828250885009766,-0.6828250885009766,0,-0.3699636459350586,3.699636459350586,-2.4078140258789062
82857091000,-0.6828250885009766,-0.6828250885009766,0,-0.3699636459350586,3.699636459350586,-2.4078140258789062
82860741000,-0.6828250885009766,-0.6828250885009766,0,-0.3699636459350586,3.699636459350586,-2.4078140258789062
82864391000,-0.6828250885009766,-0.6828250885009766,0,-0.3699636459350586,3.699636459350586,-2.4078140258789062
82868041000,-0.6828250885009766,-0.6828250885009766,0,-0.3699636459350586,3.699636459350586,-2.4078140258789062
82871691000,-0.6828250885009766,-0.6828250885009766,0,-0.3699636459350586,3.699636459350586,-2.4078140258789062
82875341000,-0.6828250885009766,-0.6828250885009766,0,-0.3699636459350586,3.699636459350586,-2.4078140258789062
82878991000,-0.6828250885009766,-0.6828250885009766,0,-0.3699636459350586,3.699636459350586,-2.4078140258789062
82881496600,-0.6828250885009766,-0.6828250885009766,0,-0.3699636459350586,3.699636459350586,-2.4078140258789062
82883887460,-0.6828250885009766,-0.6828250885009766,0,-0.3699636459350586,3.699636459350586,-2.4078140258789062
82886278320,-0.6828250885009766,-0.6828250885009766,0,-0.3699636459350586,3.699636459350586,-2.4078140258789062
82888669180,-0.6828250885009766,-0.6828250885009766,0,-0.3699636459350586,3.699636459350586,-2.4078140258789062
82891060040,-0.6828250885009766,-0.6828250885009766,0,-0.3699636459350586,3.699636459350586,-2.4078140258789062
82893450900,-0.6828250885009766,-0.6828250885009766,0,-0.3699636459350586,3.699636459350586,-2.4078140258789062
82895841760,-0.6828250885009766,-0.6828250885009766,0,-0.3699636459350586,3.699636459350586,-2.4078140258789062
82898232620,-0.6828250885009766,-0.6828250885009766,0,-0.3699636459350586,3.699636459350586,-2.4078140258789062
82900623480,-0.6828250885009766,-0.6828250885009766,0,-0.3699636459350586,3.699636459350586,-2.4078140258789062
82903014340,-0.6828250885009766,-0.6828250885009766,0,-0.3699636459350586,3.699636459350586,-2.4078140258789062
82905405200,-0.6828250885009766,-0.6828250885009766,0,-0.3699636459350586,3.699636459350586,-2.4078140258789062
82907796060,-0.6828250885009766,-0.6828250885009766,0,-0.3699636459350586,3.699636459350586,-2.4078140258789062
82910186920,-0.6828250885009766,-0.6828250885009766,0,-0.3699636459350586,3.699636459350586,-2.4078140258789062
82912577780,-0.6828250885009766,-0.6828250885009766,0,-0.3699636459350586,3.699636459350586,-2.4078140258789062
82914968640,-0.6828250885009766,-0.6828250885009766,0,-0.3699636459350586,3.699636459350586,-2.4078140258789062
82917359500,-0.6828250885009766,-0.6828250885009766,0,-0.3699636459350586,3.699636459350586,-2.4078140258789062
82920280191,-0.6828250885009766,-0.6828250885009766,0,-0.3699636459350586,3.699636459350586,-2.4078140258789062
82923200878,-0.6828250885009766,-0.6828250885009766,0,-0.3699636459350586,3.699636459350586,-2.4078140258789062
82926121565,-0.6828250885009766,-0.6828250885009766,0,-0.3699636459350586,3.699636459350586,-2.4078140258789062
82929042252,-0.6828250885009766,-0.6828250885009766,0,-0.3699636459350586,3.699636459350586,-2.4078140258789062
82931962939,-0.6828250885009766,-0.6828250885009766,0,-0.3699636459350586,3.699636459350586,-2.4078140258789062
82934883626,-0.6828250885009766,-0.6828250885009766,0,-0.3699636459350586,3.699636459350586,-2.4078140258789062
82937804313,-0.6828250885009766,-0.6828250885009766,0,-0.3699636459350586,3.699636459350586,-2.4078140258789062
82940725000,-0.6828250885009766,-0.6828250885009766,0,-0.3699636459350586,3.699636459350586,-2.4078140258789062
82943194300,-0.6828250885009766,-0.6828250885009766,0,-0.3699636459350586,3.699636459350586,-2.4078140258789062
82945663600,-0.6828250885009766,-0.6828250885009766,0,-0.3699636459350586,3.699636459350586,-2.4078140258789062
82948132900,-0.6828250885009766,-0.6828250885009766,0,-0.3699636459350586,3.699636459350586,-2.4078140258789062
82950602200,-0.6828250885009766,-0.6828250885009766,0,-0.3699636459350586,3.699636459350586,-2.4078140258789062
82953071500,-0.6828250885009766,-0.6828250885009766,0,-0.3699636459350586,3.699636459350586,-2.4078140258789062
82955540800,-0.6828250885009766,-0.6828250885009766,0,-0.3699636459350586,3.699636459350586,-2.4078140258789062
82958010100,-0.6828250885009766,-0.6828250885009766,0,-0.3699636459350586,3.699636459350586,-2.4078140258789062
82960479400,-0.6828250885009766,-0.6828250885009766,0,-0.3699636459350586,3.699636459350586,-2.4078140258789062
82964484116,-0.6828250885009766,-0.6828250885009766,0,-0.3699636459350586,3.699636459350586,-2.4078140258789062
82968488828,-0.6828250885009766,-0.6828250885009766,0,-0.3699636459350586,3.699636459350586,-2.4078140258789062
82972493540,-0.6828250885009766,-0.6828250885009766,0,-0.3699636459350586,3.699636459350586,-2.4078140258789062
82976498252,-0.6828250885009766,-0.6828250885009766,0,-0.3699636459350586,3.699636459350586,-2.4078140258789062
82980502964,-0.6828250885009766,-0.6828250885009766,0,-0.3699636459350586,3.699636459350586,-2.4078140258789062
82984507676,-0.6828250885009766,-0.6828250885009766,0,-0.3699636459350586,3.699636459350586,-2.4078140258789062
82988512388,-0.6828250885009766,-0.6828250885009766,0,-0.3699636459350586,3.699636459350586,-2.4078140258789062
82992517100,-0.6828250885009766,-0.6828250885009766,0,-0.3699636459350586,3.699636459350586,-2.4078140258789062
82995370775,-0.6828250885009766,-0.6828250885009766,0,-0.3699636459350586,3.699636459350586,-2.4078140258789062
82998224450,-0.6828250885009766,-0.6828250885009766,0,-0.3699636459350586,3.699636459350586,-2.4078140258789062
83001078125,-0.6828250885009766,-0.6828250885009766,0,-0.3699636459350586,3.699636459350586,-2.4078140258789062
83003931800,-0.6828250885009766,-0.6828250885009766,0,-0.3699636459350586,3.699636459350586,-2.4078140258789062
83006785475,-0.6828250885009766,-0.6828250885009766,0,-0.3699636459350586,3.699636459350586,-2.4078140258789062
83009639150,-0.6828250885009766,-0.6828250885009766,0,-0.3699636459350586,3.699636459350586,-2.4078140258789062
83012492825,-0.6828250885009766,-0.6828250885009766,0,-0.3699636459350586,3.699636459350586,-2.4078140258789062
83015346500,-0.6828250885009766,-0.6828250885009766,0,-0.3699636459350586,3.699636459350586,-2.4078140258789062
83018260575,-0.6828250885009766,-0.6828250885009766,0,-0.3699636459350586,3.699636459350586,-2.4078140258789062
83021174650,-0.6828250885009766,-0.6828250885009766,0,-0.3699636459350586,3.699636459350586,-2.4078140258789062
83024088725,-0.6828250885009766,-0.6828250885009766,0,-0.3699636459350586,3.699636459350586,-2.4078140258789062
83027002800,-0.6828250885009766,-0.6828250885009766,0,-0.3699636459350586,3.699636459350586,-2.4078140258789062
83029916875,-0.6828250885009766,-0.6828250885009766,0,-0.3699636459350586,3.699636459350586,-2.4078140258789062
83032830950,-0.6828250885009766,-0.6828250885009766,0,-0.3699636459350586,3.699636459350586,-2.4078140258789062
83035745025,-0.6828250885009766,-0.6828250885009766,0,-0.3699636459350586,3.699636459350586,-2.4078140258789062
83038659100,-0.6828250885009766,-0.6828250885009766,0,-0.3699636459350586,3.699636459350586,-2.4078140258789062
83041611675,-0.6828250885009766,-0.6828250885009766,0,-0.3699636459350586,3.699636459350586,-2.4078140258789062
83044564250,-0.6828250885009766,-0.6828250885009766,0,-0.3699636459350586,3.699636459350586,-2.4078140258789062
83047516825,-0.6828250885009766,-0.6828250885009766,0,-0.3699636459350586,3.699636459350586,-2.4078140258789062
83050469400,-0.6828250885009766,-0.6828250885009766,0,-0.3699636459350586,3.699636459350586,-2.4078140258789062
83053421975,-0.6828250885009766,-0.6828250885009766,0,-0.3699636459350586,3.699636459350586,-2.4078140258789062
83056374550,-0.6828250885009766,-0.6828250885009766,0,-0.3699636459350586,3.699636459350586,-2.4078140258789062
83059327125,-0.6828250885009766,-0.6828250885009766,0,-0.3699636459350586,3.699636459350586,-2.4078140258789062
83062279700,-0.6828250885009766,-0.6828250885009766,0,-0.3699636459350586,3.699636459350586,-2.4078140258789062
83065025716,-0.6828250885009766,-0.6828250885009766,0,-0.3699636459350586,3.699636459350586,-2.4078140258789062
83067771728,-0.6828250885009766,-0.6828250885009766,0,-0.3699636459350586,3.699636459350586,-2.4078140258789062
83070517740,-0.6828250885009766,-0.6828250885009766,0,-0.3699636459350586,3.699636459350586,-2.4078140258789062
83073263752,-0.6828250885009766,-0.6828250885009766,0,-0.3699636459350586,3.699636459350586,-2.4078140258789062
83076009764,-0.6828250885009766,-0.6828250885009766,0,-0.3699636459350586,3.699636459350586,-2.4078140258789062
83078755776,-0.6828250885009766,-0.6828250885009766,0,-0.3699636459350586,3.699636459350586,-2.4078140258789062
83081501788,-0.6828250885009766,-0.6828250885009766,0,-0.3699636459350586,3.699636459350586,-2.4078140258789062
83084247800,-0.6828250885009766,-0.6828250885009766,0,-0.3699636459350586,3.699636459350586,-2.4078140258789062
83087760400,-0.6828250885009766,-0.6828250885009766,0,-0.3699636459350586,3.699636459350586,-2.4078140258789062
83091273000,-0.6828250885009766,-0.6828250885009766,0,-0.3699636459350586,3.699636459350586,-2.4078140258789062
83094785600,-0.6828250885009766,-0.6828250885009766,0,-0.3699636459350586,3.699636459350586,-2.4078140258789062
83098298200,-0.6828250885009766,-0.6828250885009766,0,-0.3699636459350586,3.699636459350586,-2.4078140258789062
83101810800,-0.6828250885009766,-0.6828250885009766,0,-0.3699636459350586,3.699636459350586,-2.4078140258789062
83105323400,-0.6828250885009766,-0.6828250885009766,0,-0.3699636459350586,3.699636459350586,-2.4078140258789062
83108836000,-0.6828250885009766,-0.6828250885009766,0,-0.3699636459350586,3.699636459350586,-2.4078140258789062
83112348600,-0.6828250885009766,-0.6828250885009766,0,-0.3699636459350586,3.699636459350586,-2.4078140258789062
83116204341,-0.6828250885009766,-0.6828250885009766,0,-0.3699636459350586,3.699636459350586,-2.4078140258789062
83119539251,-0.6828250885009766,-0.6828250885009766,0,-0.3699636459350586,3.699636459350586,-2.4078140258789062
83122874161,-0.6828250885009766,-0.6828250885009766,0,-0.3699636459350586,3.699636459350586,-2.4078140258789062
83126209071,-0.6828250885009766,-0.6828250885009766,0,-0.3699636459350586,3.699636459350586,-2.4078140258789062
83129543981,-0.6828250885009766,-0.6828250885009766,0,-0.3699636459350586,3.699636459350586,-2.4078140258789062
83132878891,-0.6828250885009766,-0.6828250885009766,0,-0.3699636459350586,3.699636459350586,-2.4078140258789062
83136213801,-0.6828250885009766,-0.6828250885009766,0,-0.3699636459350586,3.699636459350586,-2.4078140258789062
83139548711,-0.6828250885009766,-0.6828250885009766,0,-0.3699636459350586,3.699636459350586,-2.4078140258789062
83142883621,-0.6828250885009766,-0.6828250885009766,0,-0.3699636459350586,3.699636459350586,-2.4078140258789062
83146218531,-0.6828250885009766,-0.6828250885009766,0,-0.3699636459350586,3.699636459350586,-2.4078140258789062
83149553441,-0.6828250885009766,-0.6828250885009766,0,-0.3699636459350586,3.699636459350586,-2.4078140258789062
83152888351,-0.6828250885009766,-0.6828250885009766,0,-0.3699636459350586,3.699636459350586,-2.4078140258789062
83156223261,-0.6828250885009766,-0.6828250885009766,0,-0.3699636459350586,3.699636459350586,-2.4078140258789062
83159558171,-0.6828250885009766,-0.6828250885009766,0,-0.3699636459350586,3.699636459350586,-2.4078140258789062
83162893081,-0.6828250885009766,-0.6828250885009766,0,-0.3699636459350586,3.699636459350586,-2.4078140258789062
83166227991,-0.6828250885009766,-0.6828250885009766,0,-0.3699636459350586,3.699636459350586,-2.4078140258789062
83168989800,-0.6828250885009766,-0.6828250885009766,0,-0.3699636459350586,3.699636459350586,-2.4078140258789062
83171657660,-0.6828250885009766,-0.6828250885009766,0,-0.3699636459350586,3.699636459350586,-2.4078140258789062
83174325520,-0.6828250885009766,-0.6828250885009766,0,-0.3699636459350586,3.699636459350586,-2.4078140258789062
83176993380,-0.6828250885009766,-0.6828250885009766,0,-0.3699636459350586,3.699636459350586,-2.4078140258789062
83179661240,-0.6828250885009766,-0.6828250885009766,0,-0.3699636459350586,3.699636459350586,-2.4078140258789062
83182329100,-0.6828250885009766,-0.6828250885009766,0,-0.3699636459350586,3.699636459350586,-2.4078140258789062
83184996960,-0.6828250885009766,-0.6828250885009766,0,-0.3699636459350586,3.699636459350586,-2.4078140258789062
83187664820,-0.6828250885009766,-0.6828250885009766,0,-0.3699636459350586,3.699636459350586,-2.4078140258789062
83190332680,-0.6828250885009766,-0.6828250885009766,0,-0.3699636459350586,3.699636459350586,-2.4078140258789062
83193000540,-0.6828250885009766,-0.6828250885009766,0,-0.3699636459350586,3.699636459350586,-2.4078140258789062
83195668400,-0.6828250885009766,-0.6828250885009766,0,-0.3699636459350586,3.699636459350586,-2.4078140258789062
83198336260,-0.6828250885009766,-0.6828250885009766,0,-0.3699636459350586,3.699636459350586,-2.4078140258789062
83201004120,-0.6828250885009766,-0.6828250885009766,0,-0.3699636459350586,3.699636459350586,-2.4078140258789062
83203671980,-0.6828250885009766,-0.6828250885009766,0,-0.3699636459350586,3.699636459350586,-2.4078140258789062
83206339840,-0.6828250885009766,-0.6828250885009766,0,-0.3699636459350586,3.699636459350586,-2.4078140258789062
83209007700,-0.6828250885009766,-0.6828250885009766,0,-0.3699636459350586,3.699636459350586,-2.4078140258789062
83212430291,-0.6828250885009766,-0.6828250885009766,0,-0.3699636459350586,3.699636459350586,-2.4078140258789062
83215416311,-0.6828250885009766,-0.6828250885009766,0,-0.3699636459350586,3.699636459350586,-2.4078140258789062
83218402331,-0.6828250885009766,-0.6828250885009766,0,-0.3699636459350586,3.699636459350586,-2.4078140258789062
83221388351,-0.6828250885009766,-0.6828250885009766,0,-0.3699636459350586,3.699636459350586,-2.4078140258789062
83224374371,-0.6828250885009766,-0.6828250885009766,0,-0.3699636459350586,3.699636459350586,-2.4078140258789062
83227360391,-0.6828250885009766,-0.6828250885009766,0,-0.3699636459350586,3.699636459350586,-2.4078140258789062
83230346411,-0.6828250885009766,-0.6828250885009766,0,-0.3699636459350586,3.699636459350586,-2.4078140258789062
83233332431,-0.6828250885009766,-0.6828250885009766,0,-0.3699636459350586,3.699636459350586,-2.4078140258789062
83236318451,-0.6828250885009766,-0.6828250885009766,0,-0.3699636459350586,3.699636459350586,-2.4078140258789062
83239304471,-0.6828250885009766,-0.6828250885009766,0,-0.3699636459350586,3.699636459350586,-2.4078140258789062
83242290491,-0.6828250885009766,-0.6828250885009766,0,-0.3699636459350586,3.699636459350586,-2.4078140258789062
83245276511,-0.6828250885009766,-0.6828250885009766,0,-0.3699636459350586,3.699636459350586,-2.4078140258789062
83248262531,-0.6828250885009766,-0.6828250885009766,0,-0.3699636459350586,3.699636459350586,-2.4078140258789062
83251248551,-0.6828250885009766,-0.6828250885009766,0,-0.3699636459350586,3.699636459350586,-2.4078140258789062
83254234571,-0.6828250885009766,-0.6828250885009766,0,-0.3699636459350586,3.699636459350586,-2.4078140258789062
83257220591,-0.6828250885009766,-0.6828250885009766,0,-0.3699636459350586,3.699636459350586,-2.4078140258789062
83259958250,-0.6828250885009766,-0.6828250885009766,0,-0.3699636459350586,3.699636459350586,-2.4078140258789062
83262695900,-0.6828250885009766,-0.6828250885009766,0,-0.3699636459350586,3.699636459350586,-2.4078140258789062
83265433550,-0.6828250885009766,-0.6828250885009766,0,-0.3699636459350586,3.699636459350586,-2.4078140258789062
83268171200,-0.6828250885009766,-0.6828250885009766,0,-0.3699636459350586,3.699636459350586,-2.4078140258789062
83270908850,-0.6828250885009766,-0.6828250885009766,0,-0.3699636459350586,3.699636459350586,-2.4078140258789062
83273646500,-0.6828250885009766,-0.6828250885009766,0,-0.3699636459350586,3.699636459350586,-2.4078140258789062
83276384150,-0.6828250885009766,-0.6828250885009766,0,-0.3699636459350586,3.699636459350586,-2.4078140258789062
83279121800,-0.6828250885009766,-0.6828250885009766,0,-0.3699636459350586,3.699636459350586,-2.4078140258789062
83282204425,-0.6828250885009766,-0.6828250885009766,0,-0.3699636459350586,3.699636459350586,-2.4078140258789062
83285287050,-0.6828250885009766,-0.6828250885009766,0,-0.3699636459350586,3.699636459350586,-2.4078140258789062
83288369675,-0.6828250885009766,-0.6828250885009766,0,-0.3699636459350586,3.699636459350586,-2.4078140258789062
83291452300,-0.6828250885009766,-0.6828250885009766,0,-0.3699636459350586,3.699636459350586,-2.4078140258789062
83294534925,-0.6828250885009766,-0.6828250885009766,0,-0.3699636459350586,3.699636459350586,-2.4078140258789062
83297617550,-0.6828250885009766,-0.6828250885009766,0,-0.3699636459350586,3.699636459350586,-2.4078140258789062
83300700175,-0.6828250885009766,-0.6828250885009766,0,-0.3699636459350586,3.699636459350586,-2.4078140258789062
83303782800,-0.6828250885009766,-0.6828250885009766,0,-0.3699636459350586,3.699636459350586,-2.4078140258789062
83306129675,-0.6828250885009766,-0.6828250885009766,0,-0.3699636459350586,3.699636459350586,-2.4078140258789062
83308476550,-0.6828250885009766,-0.6828250885009766,0,-0.3699636459350586,3.699636459350586,-2.4078140258789062
83310823425,-0.6828250885009766,-0.6828250885009766,0,-0.3699636459350586,3.699636459350586,-2.4078140258789062
83313170300,-0.6828250885009766,-0.6828250885009766,0,-0.3699636459350586,3.699636459350586,-2.4078140258789062
83315517175,-0.6828250885009766,-0.6828250885009766,0,-0.3699636459350586,3.699636459350586,-2.4078140258789062
83317864050,-0.6828250885009766,-0.6828250885009766,0,-0.3699636459350586,3.699636459350586,-2.4078140258789062
83320210925,-0.6828250885009766,-0.6828250885009766,0,-0.3699636459350586,3.699636459350586,-2.4078140258789062
83322557800,-0.6828250885009766,-0.6828250885009766,0,-0.3699636459350586,3.699636459350586,-2.4078140258789062
83326154000,-0.6828250885009766,-0.6828250885009766,0,-0.3699636459350586,3.699636459350586,-2.4078140258789062
83329750200,-0.6828250885009766,-0.6828250885009766,0,-0.3699636459350586,3.699636459350586,-2.4078140258789062
83333346400,-0.6828250885009766,-0.6828250885009766,0,-0.3699636459350586,3.699636459350586,-2.4078140258789062
83336942600,-0.6828250885009766,-0.6828250885009766,0,-0.3699636459350586,3.699636459350586,-2.4078140258789062
83340538800,-0.6828250885009766,-0.6828250885009766,0,-0.3699636459350586,3.699636459350586,-2.4078140258789062
83344135000,-0.6828250885009766,-0.6828250885009766,0,-0.3699636459350586,3.699636459350586,-2.4078140258789062
83347731200,-0.6828250885009766,-0.6828250885009766,0,-0.3699636459350586,3.699636459350586,-2.4078140258789062
83351327400,-0.6828250885009766,-0.6828250885009766,0,-0.3699636459350586,3.699636459350586,-2.4078140258789062
83354182241,-0.6828250885009766,-0.6828250885009766,0,-0.3699636459350586,3.699636459350586,-2.4078140258789062
83356806744,-0.6828250885009766,-0.6828250885009766,0,-0.3699636459350586,3.699636459350586,-2.4078140258789062
83359431247,-0.6828250885009766,-0.6828250885009766,0,-0.3699636459350586,3.699636459350586,-2.4078140258789062
83362055750,-0.6828250885009766,-0.6828250885009766,0,-0.3699636459350586,3.699636459350586,-2.4078140258789062
83364680253,-0.6828250885009766,-0.6828250885009766,0,-0.3699636459350586,3.699636459350586,-2.4078140258789062
83367304756,-0.6828250885009766,-0.6828250885009766,0,-0.3699636459350586,3.699636459350586,-2.4078140258789062
83369929259,-0.6828250885009766,-0.6828250885009766,0,-0.3699636459350586,3.699636459350586,-2.4078140258789062
83372553762,-0.6828250885009766,-0.6828250885009766,0,-0.3699636459350586,3.699636459350586,-2.4078140258789062
83375178265,-0.6828250885009766,-0.6828250885009766,0,-0.3699636459350586,3.699636459350586,-2.4078140258789062
83377802768,-0.6828250885009766,-0.6828250885009766,0,-0.3699636459350586,3.699636459350586,-2.4078140258789062
83380427271,-0.6828250885009766,-0.6828250885009766,0,-0.3699636459350586,3.699636459350586,-2.4078140258789062
83383051774,-0.6828250885009766,-0.6828250885009766,0,-0.3699636459350586,3.699636459350586,-2.4078140258789062
83385676277,-0.6828250885009766,-0.6828250885009766,0,-0.3699636459350586,3.699636459350586,-2.4078140258789062
83388300780,-0.6828250885009766,-0.6828250885009766,0,-0.3699636459350586,3.699636459350586,-2.4078140258789062
83390925283,-0.6828250885009766,-0.6828250885009766,0,-0.3699636459350586,3.699636459350586,-2.4078140258789062
83393549786,-0.6828250885009766,-0.6828250885009766,0,-0.3699636459350586,3.699636459350586,-2.4078140258789062
83396177591,-0.6828250885009766,-0.6828250885009766,0,-0.3699636459350586,3.699636459350586,-2.4078140258789062
83398558691,-0.6828250885009766,-0.6828250885009766,0,-0.3699636459350586,3.699636459350586,-2.4078140258789062
83400939791,-0.6828250885009766,-0.6828250885009766,0,-0.3699636459350586,3.699636459350586,-2.4078140258789062
83403320891,-0.6828250885009766,-0.6828250885009766,0,-0.3699636459350586,3.699636459350586,-2.4078140258789062
83405701991,-0.6828250885009766,-0.6828250885009766,0,-0.3699636459350586,3.699636459350586,-2.4078140258789062
83408083091,-0.6828250885009766,-0.6828250885009766,0,-0.3699636459350586,3.699636459350586,-2.4078140258789062
83410464191,-0.6828250885009766,-0.6828250885009766,0,-0.3699636459350586,3.699636459350586,-2.4078140258789062
83412845291,-0.6828250885009766,-0.6828250885009766,0,-0.3699636459350586,3.699636459350586,-2.4078140258789062
83415226391,-0.6828250885009766,-0.6828250885009766,0,-0.3699636459350586,3.699636459350586,-2.4078140258789062
83417607491,-0.6828250885009766,-0.6828250885009766,0,-0.3699636459350586,3.699636459350586,-2.4078140258789062
83419988591,-0.6828250885009766,-0.6828250885009766,0,-0.3699636459350586,3.699636459350586,-2.4078140258789062
83422369691,-0.6828250885009766,-0.6828250885009766,0,-0.3699636459350586,3.699636459350586,-2.4078140258789062
83424750791,-0.6828250885009766,-0.6828250885009766,0,-0.3699636459350586,3.699636459350586,-2.4078140258789062
83427131891,-0.6828250885009766,-0.6828250885009766,0,-0.3699636459350586,3.699636459350586,-2.4078140258789062
83429512991,-0.6828250885009766,-0.6828250885009766,0,-0.3699636459350586,3.699636459350586,-2.4078140258789062
83431894091,-0.6828250885009766,-0.6828250885009766,0,-0.3699636459350586,3.699636459350586,-2.4078140258789062
83435313491,-0.6828250885009766,-0.6828250885009766,0,-0.3699636459350586,3.699636459350586,-2.4078140258789062
83438732878,-0.6828250885009766,-0.6828250885009766,0,-0.3699636459350586,3.699636459350586,-2.4078140258789062
83442152265,-0.6828250885009766,-0.6828250885009766,0,-0.3699636459350586,3.699636459350586,-2.4078140258789062
83445571652,-0.6828250885009766,-0.6828250885009766,0,-0.3699636459350586,3.699636459350586,-2.4078140258789062
83448991039,-0.6828250885009766,-0.6828250885009766,0,-0.3699636459350586,3.699636459350586,-2.4078140258789062
83452410426,-0.6828250885009766,-0.6828250885009766,0,-0.3699636459350586,3.699636459350586,-2.4078140258789062
83455829813,-0.6828250885009766,-0.6828250885009766,0,-0.3699636459350586,3.699636459350586,-2.4078140258789062
83459249200,-0.6828250885009766,-0.6828250885009766,0,-0.3699636459350586,3.699636459350586,-2.4078140258789062
83461735541,-0.6828250885009766,-0.6828250885009766,0,-0.3699636459350586,3.699636459350586,-2.4078140258789062
83464152204,-0.6828250885009766,-0.6828250885009766,0,-0.3699636459350586,3.699636459350586,-2.4078140258789062
83466568867,-0.6828250885009766,-0.6828250885009766,0,-0.3699636459350586,3.699636459350586,-2.4078140258789062
83468985530,-0.6828250885009766,-0.6828250885009766,0,-0.3699636459350586,3.699636459350586,-2.4078140258789062
83471402193,-0.6828250885009766,-0.6828250885009766,0,-0.3699636459350586,3.699636459350586,-2.4078140258789062
83473818856,-0.6828250885009766,-0.6828250885009766,0,-0.3699636459350586,3.699636459350586,-2.4078140258789062
83476235519,-0.6828250885009766,-0.6828250885009766,0,-0.3699636459350586,3.699636459350586,-2.4078140258789062
83478652182,-0.6828250885009766,-0.6828250885009766,0,-0.3699636459350586,3.699636459350586,-2.4078140258789062
83481068845,-0.6828250885009766,-0.6828250885009766,0,-0.3699636459350586,3.699636459350586,-2.4078140258789062
83483485508,-0.6828250885009766,-0.6828250885009766,0,-0.3699636459350586,3.699636459350586,-2.4078140258789062
83485902171,-0.6828250885009766,-0.6828250885009766,0,-0.3699636459350586,3.699636459350586,-2.4078140258789062
83488318834,-0.6828250885009766,-0.6828250885009766,0,-0.3699636459350586,3.699636459350586,-2.4078140258789062
83490735497,-0.6828250885009766,-0.6828250885009766,0,-0.3699636459350586,3.699636459350586,-2.4078140258789062
83493152160,-0.6828250885009766,-0.6828250885009766,0,-0.3699636459350586,3.699636459350586,-2.4078140258789062
83495568823,-0.6828250885009766,-0.6828250885009766,0,-0.3699636459350586,3.699636459350586,-2.4078140258789062
83497985486,-0.6828250885009766,-0.6828250885009766,0,-0.3699636459350586,3.699636459350586,-2.4078140258789062
83500404166,-0.6828250885009766,-0.6828250885009766,0,-0.3699636459350586,3.699636459350586,-2.4078140258789062
83502822828,-0.6828250885009766,-0.6828250885009766,0,-0.3699636459350586,3.699636459350586,-2.4078140258789062
83505241490,-0.6828250885009766,-0.6828250885009766,0,-0.3699636459350586,3.699636459350586,-2.4078140258789062
83507660152,-0.6828250885009766,-0.6828250885009766,0,-0.3699636459350586,3.699636459350586,-2.4078140258789062
83510078814,-0.6828250885009766,-0.6828250885009766,0,-0.3699636459350586,3.699636459350586,-2.4078140258789062
83512497476,-0.6828250885009766,-0.6828250885009766,0,-0.3699636459350586,3.699636459350586,-2.4078140258789062
83514916138,-0.6828250885009766,-0.6828250885009766,0,-0.3699636459350586,3.699636459350586,-2.4078140258789062
83517334800,-0.6828250885009766,-0.6828250885009766,0,-0.3699636459350586,3.699636459350586,-2.4078140258789062
83519595400,-0.6828250885009766,-0.6828250885009766,0,-0.3699636459350586,3.699636459350586,-2.4078140258789062
83521856000,-0.6828250885009766,-0.6828250885009766,0,-0.3699636459350586,3.699636459350586,-2.4078140258789062
83524116600,-0.6828250885009766,-0.6828250885009766,0,-0.3699636459350586,3.699636459350586,-2.4078140258789062
83526377200,-0.6828250885009766,-0.6828250885009766,0,-0.3699636459350586,3.699636459350586,-2.4078140258789062
83528637800,-0.6828250885009766,-0.6828250885009766,0,-0.3699636459350586,3.699636459350586,-2.4078140258789062
83530898400,-0.6828250885009766,-0.6828250885009766,0,-0.3699636459350586,3.699636459350586,-2.4078140258789062
83533159000,-0.6828250885009766,-0.6828250885009766,0,-0.3699636459350586,3.699636459350586,-2.4078140258789062
83535419600,-0.6828250885009766,-0.6828250885009766,0,-0.3699636459350586,3.699636459350586,-2.4078140258789062
83537916525,-0.6828250885009766,-0.6828250885009766,0,-0.3699636459350586,3.699636459350586,-2.4078140258789062
83540413450,-0.6828250885009766,-0.6828250885009766,0,-0.3699636459350586,3.699636459350586,-2.4078140258789062
83542910375,-0.6828250885009766,-0.6828250885009766,0,-0.3699636459350586,3.699636459350586,-2.4078140258789062
83545407300,-0.6828250885009766,-0.6828250885009766,0,-0.3699636459350586,3.699636459350586,-2.4078140258789062
83547904225,-0.6828250885009766,-0.6828250885009766,0,-0.3699636459350586,3.699636459350586,-2.4078140258789062
83550401150,-0.6828250885009766,-0.6828250885009766,0,-0.3699636459350586,3.699636459350586,-2.4078140258789062
83552898075,-0.6828250885009766,-0.6828250885009766,0,-0.3699636459350586,3.699636459350586,-2.4078140258789062
83555395000,-0.6828250885009766,-0.6828250885009766,0,-0.3699636459350586,3.699636459350586,-2.4078140258789062
83558955075,-0.6828250885009766,-0.6828250885009766,0,-0.3699636459350586,3.699636459350586,-2.4078140258789062
83561994556,-0.6828250885009766,-0.6828250885009766,0,-0.3699636459350586,3.699636459350586,-2.4078140258789062
83565034037,-0.6828250885009766,-0.6828250885009766,0,-0.3699636459350586,3.699636459350586,-2.4078140258789062
83568073518,-0.6828250885009766,-0.6828250885009766,0,-0.3699636459350586,3.699636459350586,-2.4078140258789062
83571112999,-0.6828250885009766,-0.6828250885009766,0,-0.3699636459350586,3.699636459350586,-2.4078140258789062
83574152480,-0.6828250885009766,-0.6828250885009766,0,-0.3699636459350586,3.699636459350586,-2.4078140258789062
83577191961,-0.6828250885009766,-0.6828250885009766,0,-0.3699636459350586,3.699636459350586,-2.4078140258789062
83580231442,-0.6828250885009766,-0.6828250885009766,0,-0.3699636459350586,3.699636459350586,-2.4078140258789062
83583270923,-0.6828250885009766,-0.6828250885009766,0,-0.3699636459350586,3.699636459350586,-2.4078140258789062
83586310404,-0.6828250885009766,-0.6828250885009766,0,-0.3699636459350586,3.699636459350586,-2.4078140258789062
83589349885,-0.6828250885009766,-0.6828250885009766,0,-0.3699636459350586,3.699636459350586,-2.4078140258789062
83592389366,-0.6828250885009766,-0.6828250885009766,0,-0.3699636459350586,3.699636459350586,-2.4078140258789062
83595428847,-0.6828250885009766,-0.6828250885009766,0,-0.3699636459350586,3.699636459350586,-2.4078140258789062
83598468328,-0.6828250885009766,-0.6828250885009766,0,-0.3699636459350586,3.699636459350586,-2.4078140258789062
83601507809,-0.6828250885009766,-0.6828250885009766,0,-0.3699636459350586,3.699636459350586,-2.4078140258789062
83604547290,-0.6828250885009766,-0.6828250885009766,0,-0.3699636459350586,3.699636459350586,-2.4078140258789062
83607507616,-0.6828250885009766,-0.6828250885009766,0,-0.3699636459350586,3.699636459350586,-2.4078140258789062
83610242881,-0.6828250885009766,-0.6828250885009766,0,-0.3699636459350586,3.699636459350586,-2.4078140258789062
83612978146,-0.6828250885009766,-0.6828250885009766,0,-0.3699636459350586,3.699636459350586,-2.4078140258789062
83615713411,-0.6828250885009766,-0.6828250885009766,0,-0.3699636459350586,3.699636459350586,-2.4078140258789062
83618448676,-0.6828250885009766,-0.6828250885009766,0,-0.3699636459350586,3.699636459350586,-2.4078140258789062
83621183941,-0.6828250885009766,-0.6828250885009766,0,-0.3699636459350586,3.699636459350586,-2.4078140258789062
83623919206,-0.6828250885009766,-0.6828250885009766,0,-0.3699636459350586,3.699636459350586,-2.4078140258789062
83626654471,-0.6828250885009766,-0.6828250885009766,0,-0.3699636459350586,3.699636459350586,-2.4078140258789062
83629389736,-0.6828250885009766,-0.6828250885009766,0,-0.3699636459350586,3.699636459350586,-2.4078140258789062
83632125001,-0.6828250885009766,-0.6828250885009766,0,-0.3699636459350586,3.699636459350586,-2.4078140258789062
83634860266,-0.6828250885009766,-0.6828250885009766,0,-0.3699636459350586,3.699636459350586,-2.4078140258789062
83637595531,-0.6828250885009766,-0.6828250885009766,0,-0.3699636459350586,3.699636459350586,-2.4078140258789062
83640330796,-0.6828250885009766,-0.6828250885009766,0,-0.3699636459350586,3.699636459350586,-2.4078140258789062
83643066061,-0.6828250885009766,-0.6828250885009766,0,-0.3699636459350586,3.699636459350586,-2.4078140258789062
83645801326,-0.6828250885009766,-0.6828250885009766,0,-0.3699636459350586,3.699636459350586,-2.4078140258789062
83648536591,-0.6828250885009766,-0.6828250885009766,0,-0.3699636459350586,3.699636459350586,-2.4078140258789062
83651096025,-0.6828250885009766,-0.6828250885009766,0,-0.3699636459350586,3.699636459350586,-2.4078140258789062
83653655450,-0.6828250885009766,-0.6828250885009766,0,-0.3699636459350586,3.699636459350586,-2.4078140258789062
83656214875,-0.6828250885009766,-0.6828250885009766,0,-0.3699636459350586,3.699636459350586,-2.4078140258789062
83658774300,-0.6828250885009766,-0.6828250885009766,0,-0.3699636459350586,3.699636459350586,-2.4078140258789062
83661333725,-0.6828250885009766,-0.6828250885009766,0,-0.3699636459350586,3.699636459350586,-2.4078140258789062
83663893150,-0.6828250885009766,-0.6828250885009766,0,-0.3699636459350586,3.699636459350586,-2.4078140258789062
83666452575,-0.6828250885009766,-0.6828250885009766,0,-0.3699636459350586,3.699636459350586,-2.4078140258789062
83669012000,-0.6828250885009766,-0.6828250885009766,0,-0.3699636459350586,3.699636459350586,-2.4078140258789062
83672848400,-0.6828250885009766,-0.6828250885009766,0,-0.3699636459350586,3.699636459350586,-2.4078140258789062
83676684800,-0.6828250885009766,-0.6828250885009766,0,-0.3699636459350586,3.699636459350586,-2.4078140258789062
83680521200,-0.6828250885009766,-0.6828250885009766,0,-0.3699636459350586,3.699636459350586,-2.4078140258789062
83684357600,-0.6828250885009766,-0.6828250885009766,0,-0.3699636459350586,3.699636459350586,-2.4078140258789062
83688194000,-0.6828250885009766,-0.6828250885009766,0,-0.3699636459350586,3.699636459350586,-2.4078140258789062
83692030400,-0.6828250885009766,-0.6828250885009766,0,-0.3699636459350586,3.699636459350586,-2.4078140258789062
83695866800,-0.6828250885009766,-0.6828250885009766,0,-0.3699636459350586,3.699636459350586,-2.4078140258789062
83699703200,-0.6828250885009766,-0.6828250885009766,0,-0.3699636459350586,3.699636459350586,-2.4078140258789062
83701955500,-0.6828250885009766,-0.6828250885009766,0,-0.3699636459350586,3.699636459350586,-2.4078140258789062
83704207800,-0.6828250885009766,-0.6828250885009766,0,-0.3699636459350586,3.699636459350586,-2.4078140258789062
83706460100,-0.6828250885009766,-0.6828250885009766,0,-0.3699636459350586,3.699636459350586,-2.4078140258789062
83708712400,-0.6828250885009766,-0.6828250885009766,0,-0.3699636459350586,3.699636459350586,-2.4078140258789062
83710964700,-0.6828250885009766,-0.6828250885009766,0,-0.3699636459350586,3.699636459350586,-2.4078140258789062
83713217000,-0.6828250885009766,-0.6828250885009766,0,-0.3699636459350586,3.699636459350586,-2.4078140258789062
83715469300,-0.6828250885009766,-0.6828250885009766,0,-0.3699636459350586,3.699636459350586,-2.4078140258789062
83717721600,-0.6828250885009766,-0.6828250885009766,0,-0.3699636459350586,3.699636459350586,-2.4078140258789062
83720563291,-0.6828250885009766,-0.6828250885009766,0,-0.3699636459350586,3.699636459350586,-2.4078140258789062
83723150918,-0.6828250885009766,-0.6828250885009766,0,-0.3699636459350586,3.699636459350586,-2.4078140258789062
83725738545,-0.6828250885009766,-0.6828250885009766,0,-0.3699636459350586,3.699636459350586,-2.4078140258789062
83728326172,-0.6828250885009766,-0.6828250885009766,0,-0.3699636459350586,3.699636459350586,-2.4078140258789062
83730913799,-0.6828250885009766,-0.6828250885009766,0,-0.3699636459350586,3.699636459350586,-2.4078140258789062
83733501426,-0.6828250885009766,-0.6828250885009766,0,-0.3699636459350586,3.699636459350586,-2.4078140258789062
83736089053,-0.6828250885009766,-0.6828250885009766,0,-0.3699636459350586,3.699636459350586,-2.4078140258789062
83738676680,-0.6828250885009766,-0.6828250885009766,0,-0.3699636459350586,3.699636459350586,-2.4078140258789062
83741264307,-0.6828250885009766,-0.6828250885009766,0,-0.3699636459350586,3.699636459350586,-2.4078140258789062
83743851934,-0.6828250885009766,-0.6828250885009766,0,-0.3699636459350586,3.699636459350586,-2.4078140258789062
83746439561,-0.6828250885009766,-0.6828250885009766,0,-0.3699636459350586,3.699636459350586,-2.4078140258789062
83749027188,-0.6828250885009766,-0.6828250885009766,0,-0.3699636459350586,3.699636459350586,-2.4078140258789062
83751614815,-0.6828250885009766,-0.6828250885009766,0,-0.3699636459350586,3.699636459350586,-2.4078140258789062
83754202442,-0.6828250885009766,-0.6828250885009766,0,-0.3699636459350586,3.699636459350586,-2.4078140258789062
83756790069,-0.6828250885009766,-0.6828250885009766,0,-0.3699636459350586,3.699636459350586,-2.4078140258789062
83759377696,-0.6828250885009766,-0.6828250885009766,0,-0.3699636459350586,3.699636459350586,-2.4078140258789062
83761791941,-0.6828250885009766,-0.6828250885009766,0,-0.3699636459350586,3.699636459350586,-2.4078140258789062
83764206178,-0.6828250885009766,-0.6828250885009766,0,-0.3699636459350586,3.699636459350586,-2.4078140258789062
83766620415,-0.6828250885009766,-0.6828250885009766,0,-0.3699636459350586,3.699636459350586,-2.4078140258789062
83769034652,-0.6828250885009766,-0.6828250885009766,0,-0.3699636459350586,3.699636459350586,-2.4078140258789062
83771448889,-0.6828250885009766,-0.6828250885009766,0,-0.3699636459350586,3.699636459350586,-2.4078140258789062
83773863126,-0.6828250885009766,-0.6828250885009766,0,-0.3699636459350586,3.699636459350586,-2.4078140258789062
83776277363,-0.6828250885009766,-0.6828250885009766,0,-0.3699636459350586,3.699636459350586,-2.4078140258789062
83778691600,-0.6828250885009766,-0.6828250885009766,0,-0.3699636459350586,3.699636459350586,-2.4078140258789062
83782712125,-0.6828250885009766,-0.6828250885009766,0,-0.3699636459350586,3.699636459350586,-2.4078140258789062
83786732650,-0.6828250885009766,-0.6828250885009766,0,-0.3699636459350586,3.699636459350586,-2.4078140258789062
83790753175,-0.6828250885009766,-0.6828250885009766,0,-0.3699636459350586,3.699636459350586,-2.4078140258789062
83794773700,-0.6828250885009766,-0.6828250885009766,0,-0.3699636459350586,3.699636459350586,-2.4078140258789062
83798794225,-0.6828250885009766,-0.6828250885009766,0,-0.3699636459350586,3.699636459350586,-2.4078140258789062
83802814750,-0.6828250885009766,-0.6828250885009766,0,-0.3699636459350586,3.699636459350586,-2.4078140258789062
83806835275,-0.6828250885009766,-0.6828250885009766,0,-0.3699636459350586,3.699636459350586,-2.4078140258789062
83810855800,-0.6828250885009766,-0.6828250885009766,0,-0.3699636459350586,3.699636459350586,-2.4078140258789062
83814054366,-0.6828250885009766,-0.6828250885009766,0,-0.3699636459350586,3.699636459350586,-2.4078140258789062
83817252928,-0.6828250885009766,-0.6828250885009766,0,-0.3699636459350586,3.699636459350586,-2.4078140258789062
83820451490,-0.6828250885009766,-0.6828250885009766,0,-0.3699636459350586,3.699636459350586,-2.4078140258789062
83823650052,-0.6828250885009766,-0.6828250885009766,0,-0.3699636459350586,3.699636459350586,-2.4078140258789062
83826848614,-0.6828250885009766,-0.6828250885009766,0,-0.3699636459350586,3.699636459350586,-2.4078140258789062
83830047176,-0.6828250885009766,-0.6828250885009766,0,-0.3699636459350586,3.699636459350586,-2.4078140258789062
83833245738,-0.6828250885009766,-0.6828250885009766,0,-0.3699636459350586,3.699636459350586,-2.4078140258789062
83836444300,-0.6828250885009766,-0.6828250885009766,0,-0.3699636459350586,3.699636459350586,-2.4078140258789062
83838702841,-0.6828250885009766,-0.6828250885009766,0,-0.3699636459350586,3.699636459350586,-2.4078140258789062
83840961378,-0.6828250885009766,-0.6828250885009766,0,-0.3699636459350586,3.699636459350586,-2.4078140258789062
83843219915,-0.6828250885009766,-0.6828250885009766,0,-0.3699636459350586,3.699636459350586,-2.4078140258789062
83845478452,-0.6828250885009766,-0.6828250885009766,0,-0.3699636459350586,3.699636459350586,-2.4078140258789062
83847736989,-0.6828250885009766,-0.6828250885009766,0,-0.3699636459350586,3.699636459350586,-2.4078140258789062
83849995526,-0.6828250885009766,-0.6828250885009766,0,-0.3699636459350586,3.699636459350586,-2.4078140258789062
83852254063,-0.6828250885009766,-0.6828250885009766,0,-0.3699636459350586,3.699636459350586,-2.4078140258789062
83854512600,-0.6828250885009766,-0.6828250885009766,0,-0.3699636459350586,3.699636459350586,-2.4078140258789062
83856885016,-0.6828250885009766,-0.6828250885009766,0,-0.3699636459350586,3.699636459350586,-2.4078140258789062
83859194474,-0.6828250885009766,-0.6828250885009766,0,-0.3699636459350586,3.699636459350586,-2.4078140258789062
83861503932,-0.6828250885009766,-0.6828250885009766,0,-0.3699636459350586,3.699636459350586,-2.4078140258789062
83863813390,-0.6828250885009766,-0.6828250885009766,0,-0.3699636459350586,3.699636459350586,-2.4078140258789062
83866122848,-0.6828250885009766,-0.6828250885009766,0,-0.3699636459350586,3.699636459350586,-2.4078140258789062
83868432306,-0.6828250885009766,-0.6828250885009766,0,-0.3699636459350586,3.699636459350586,-2.4078140258789062
83870741764,-0.6828250885009766,-0.6828250885009766,0,-0.3699636459350586,3.699636459350586,-2.4078140258789062
83873051222,-0.6828250885009766,-0.6828250885009766,0,-0.3699636459350586,3.699636459350586,-2.4078140258789062
83875360680,-0.6828250885009766,-0.6828250885009766,0,-0.3699636459350586,3.699636459350586,-2.4078140258789062
83877670138,-0.6828250885009766,-0.6828250885009766,0,-0.3699636459350586,3.699636459350586,-2.4078140258789062
83879979596,-0.6828250885009766,-0.6828250885009766,0,-0.3699636459350586,3.699636459350586,-2.4078140258789062
83882289054,-0.6828250885009766,-0.6828250885009766,0,-0.3699636459350586,3.699636459350586,-2.4078140258789062
83884598512,-0.6828250885009766,-0.6828250885009766,0,-0.3699636459350586,3.699636459350586,-2.4078140258789062
83886907970,-0.6828250885009766,-0.6828250885009766,0,-0.3699636459350586,3.699636459350586,-2.4078140258789062
83889217428,-0.6828250885009766,-0.6828250885009766,0,-0.3699636459350586,3.699636459350586,-2.4078140258789062
83891526886,-0.6828250885009766,-0.6828250885009766,0,-0.3699636459350586,3.699636459350586,-2.4078140258789062
83895412166,-0.6828250885009766,-0.6828250885009766,0,-0.3699636459350586,3.699636459350586,-2.4078140258789062
83898483228,-0.6828250885009766,-0.6828250885009766,0,-0.3699636459350586,3.699636459350586,-2.4078140258789062
83901554290,-0.6828250885009766,-0.6828250885009766,0,-0.3699636459350586,3.699636459350586,-2.4078140258789062
83904625352,-0.6828250885009766,-0.6828250885009766,0,-0.3699636459350586,3.699636459350586,-2.4078140258789062
83907696414,-0.6828250885009766,-0.6828250885009766,0,-0.3699636459350586,3.699636459350586,-2.4078140258789062
83910767476,-0.6828250885009766,-0.6828250885009766,0,-0.3699636459350586,3.699636459350586,-2.4078140258789062
83913838538,-0.6828250885009766,-0.6828250885009766,0,-0.3699636459350586,3.699636459350586,-2.4078140258789062
83916909600,-0.6828250885009766,-0.6828250885009766,0,-0.3699636459350586,3.699636459350586,-2.4078140258789062
83919980662,-0.6828250885009766,-0.6828250885009766,0,-0.3699636459350586,3.699636459350586,-2.4078140258789062
83923051724,-0.6828250885009766,-0.6828250885009766,0,-0.3699636459350586,3.699636459350586,-2.4078140258789062
83926122786,-0.6828250885009766,-0.6828250885009766,0,-0.3699636459350586,3.699636459350586,-2.4078140258789062
83929193848,-0.6828250885009766,-0.6828250885009766,0,-0.3699636459350586,3.699636459350586,-2.4078140258789062
83932264910,-0.6828250885009766,-0.6828250885009766,0,-0.3699636459350586,3.699636459350586,-2.4078140258789062
83935335972,-0.6828250885009766,-0.6828250885009766,0,-0.3699636459350586,3.699636459350586,-2.4078140258789062
83938407034,-0.6828250885009766,-0.6828250885009766,0,-0.3699636459350586,3.699636459350586,-2.4078140258789062
83941478096,-0.6828250885009766,-0.6828250885009766,0,-0.3699636459350586,3.699636459350586,-2.4078140258789062
83943741791,-0.6828250885009766,-0.6828250885009766,0,-0.3699636459350586,3.699636459350586,-2.4078140258789062
83946005478,-0.6828250885009766,-0.6828250885009766,0,-0.3699636459350586,3.699636459350586,-2.4078140258789062
83948269165,-0.6828250885009766,-0.6828250885009766,0,-0.3699636459350586,3.699636459350586,-2.4078140258789062
83950532852,-0.6828250885009766,-0.6828250885009766,0,-0.3699636459350586,3.699636459350586,-2.4078140258789062
83952796539,-0.6828250885009766,-0.6828250885009766,0,-0.3699636459350586,3.699636459350586,-2.4078140258789062
83955060226,-0.6828250885009766,-0.6828250885009766,0,-0.3699636459350586,3.699636459350586,-2.4078140258789062
83957323913,-0.6828250885009766,-0.6828250885009766,0,-0.3699636459350586,3.699636459350586,-2.4078140258789062
83959587600,-0.6828250885009766,-0.6828250885009766,0,-0.3699636459350586,3.699636459350586,-2.4078140258789062
83961889350,-0.6828250885009766,-0.6828250885009766,0,-0.3699636459350586,3.699636459350586,-2.4078140258789062
83964191100,-0.6828250885009766,-0.6828250885009766,0,-0.3699636459350586,3.699636459350586,-2.4078140258789062
83966492850,-0.6828250885009766,-0.6828250885009766,0,-0.3699636459350586,3.699636459350586,-2.4078140258789062
83968794600,-0.6828250885009766,-0.6828250885009766,0,-0.3699636459350586,3.699636459350586,-2.4078140258789062
83971096350,-0.6828250885009766,-0.6828250885009766,0,-0.3699636459350586,3.699636459350586,-2.4078140258789062
83973398100,-0.6828250885009766,-0.6828250885009766,0,-0.3699636459350586,3.699636459350586,-2.4078140258789062
83975699850,-0.6828250885009766,-0.6828250885009766,0,-0.3699636459350586,3.699636459350586,-2.4078140258789062
83978001600,-0.6828250885009766,-0.6828250885009766,0,-0.3699636459350586,3.699636459350586,-2.4078140258789062
83980299825,-0.6828250885009766,-0.6828250885009766,0,-0.3699636459350586,3.699636459350586,-2.4078140258789062
83982611563,-0.6828250885009766,-0.6828250885009766,0,-0.3699636459350586,3.699636459350586,-2.4078140258789062
83984923301,-0.6828250885009766,-0.6828250885009766,0,-0.3699636459350586,3.699636459350586,-2.4078140258789062
83987235039,-0.6828250885009766,-0.6828250885009766,0,-0.3699636459350586,3.699636459350586,-2.4078140258789062
83989546777,-0.6828250885009766,-0.6828250885009766,0,-0.3699636459350586,3.699636459350586,-2.4078140258789062
83991858515,-0.6828250885009766,-0.6828250885009766,0,-0.3699636459350586,3.699636459350586,-2.4078140258789062
83994170253,-0.6828250885009766,-0.6828250885009766,0,-0.3699636459350586,3.699636459350586,-2.4078140258789062
83996481991,-0.6828250885009766,-0.6828250885009766,0,-0.3699636459350586,3.699636459350586,-2.4078140258789062
83998793729,-0.6828250885009766,-0.6828250885009766,0,-0.3699636459350586,3.699636459350586,-2.4078140258789062
84001105467,-0.6828250885009766,-0.6828250885009766,0,-0.3699636459350586,3.699636459350586,-2.4078140258789062
84003417205,-0.6828250885009766,-0.6828250885009766,0,-0.3699636459350586,3.699636459350586,-2.4078140258789062
84005728943,-0.6828250885009766,-0.6828250885009766,0,-0.3699636459350586,3.699636459350586,-2.4078140258789062
84008040681,-0.6828250885009766,-0.6828250885009766,0,-0.3699636459350586,3.699636459350586,-2.4078140258789062
84010352419,-0.6828250885009766,-0.6828250885009766,0,-0.3699636459350586,3.699636459350586,-2.4078140258789062
84012664157,-0.6828250885009766,-0.6828250885009766,0,-0.3699636459350586,3.699636459350586,-2.4078140258789062
84014975895,-0.6828250885009766,-0.6828250885009766,0,-0.3699636459350586,3.699636459350586,-2.4078140258789062
84018366041,-0.6828250885009766,-0.6828250885009766,0,-0.3699636459350586,3.699636459350586,-2.4078140258789062
84021304251,-0.6828250885009766,-0.6828250885009766,0,-0.3699636459350586,3.699636459350586,-2.4078140258789062
84024242461,-0.6828250885009766,-0.6828250885009766,0,-0.3699636459350586,3.699636459350586,-2.4078140258789062
84027180671,-0.6828250885009766,-0.6828250885009766,0,-0.3699636459350586,3.699636459350586,-2.4078140258789062
84030118881,-0.6828250885009766,-0.6828250885009766,0,-0.3699636459350586,3.699636459350586,-2.4078140258789062
84033057091,-0.6828250885009766,-0.6828250885009766,0,-0.3699636459350586,3.699636459350586,-2.4078140258789062
84035995301,-0.6828250885009766,-0.6828250885009766,0,-0.3699636459350586,3.699636459350586,-2.4078140258789062
84038933511,-0.6828250885009766,-0.6828250885009766,0,-0.3699636459350586,3.699636459350586,-2.4078140258789062
84041871721,-0.6828250885009766,-0.6828250885009766,0,-0.3699636459350586,3.699636459350586,-2.4078140258789062
84044809931,-0.6828250885009766,-0.6828250885009766,0,-0.3699636459350586,3.699636459350586,-2.4078140258789062
84047748141,-0.6828250885009766,-0.6828250885009766,0,-0.3699636459350586,3.699636459350586,-2.4078140258789062
84050686351,-0.6828250885009766,-0.6828250885009766,0,-0.3699636459350586,3.699636459350586,-2.4078140258789062
84053624561,-0.6828250885009766,-0.6828250885009766,0,-0.3699636459350586,3.699636459350586,-2.4078140258789062
84056562771,-0.6828250885009766,-0.6828250885009766,0,-0.3699636459350586,3.699636459350586,-2.4078140258789062
84059500981,-0.6828250885009766,-0.6828250885009766,0,-0.3699636459350586,3.699636459350586,-2.4078140258789062
84062439191,-0.6828250885009766,-0.6828250885009766,0,-0.3699636459350586,3.699636459350586,-2.4078140258789062
84064497675,-0.6828250885009766,-0.6828250885009766,0,-0.3699636459350586,3.699636459350586,-2.4078140258789062
84066556150,-0.6828250885009766,-0.6828250885009766,0,-0.3699636459350586,3.699636459350586,-2.4078140258789062
84068614625,-0.6828250885009766,-0.6828250885009766,0,-0.3699636459350586,3.699636459350586,-2.4078140258789062
84070673100,-0.6828250885009766,-0.6828250885009766,0,-0.3699636459350586,3.699636459350586,-2.4078140258789062
84072731575,-0.6828250885009766,-0.6828250885009766,0,-0.3699636459350586,3.699636459350586,-2.4078140258789062
84074790050,-0.6828250885009766,-0.6828250885009766,0,-0.3699636459350586,3.699636459350586,-2.4078140258789062
84076848525,-0.6828250885009766,-0.6828250885009766,0,-0.3699636459350586,3.699636459350586,-2.4078140258789062
84078907000,-0.6828250885009766,-0.6828250885009766,0,-0.3699636459350586,3.699636459350586,-2.4078140258789062
84081207416,-0.6828250885009766,-0.6828250885009766,0,-0.3699636459350586,3.699636459350586,-2.4078140258789062
84083507828,-0.6828250885009766,-0.6828250885009766,0,-0.3699636459350586,3.699636459350586,-2.4078140258789062
84085808240,-0.6828250885009766,-0.6828250885009766,0,-0.3699636459350586,3.699636459350586,-2.4078140258789062
84088108652,-0.6828250885009766,-0.6828250885009766,0,-0.3699636459350586,3.699636459350586,-2.4078140258789062
84090409064,-0.6828250885009766,-0.6828250885009766,0,-0.3699636459350586,3.699636459350586,-2.4078140258789062
84092709476,-0.6828250885009766,-0.6828250885009766,0,-0.3699636459350586,3.699636459350586,-2.4078140258789062
84095009888,-0.6828250885009766,-0.6828250885009766,0,-0.3699636459350586,3.699636459350586,-2.4078140258789062
84097310300,-0.6828250885009766,-0.6828250885009766,0,-0.3699636459350586,3.699636459350586,-2.4078140258789062
84099278500,-0.6828250885009766,-0.6828250885009766,0,-0.3699636459350586,3.699636459350586,-2.4078140258789062
84101246700,-0.6828250885009766,-0.6828250885009766,0,-0.3699636459350586,3.699636459350586,-2.4078140258789062
84103214900,-0.6828250885009766,-0.6828250885009766,0,-0.3699636459350586,3.699636459350586,-2.4078140258789062
84105183100,-0.6828250885009766,-0.6828250885009766,0,-0.3699636459350586,3.699636459350586,-2.4078140258789062
84107151300,-0.6828250885009766,-0.6828250885009766,0,-0.3699636459350586,3.699636459350586,-2.4078140258789062
84109119500,-0.6828250885009766,-0.6828250885009766,0,-0.3699636459350586,3.699636459350586,-2.4078140258789062
84111087700,-0.6828250885009766,-0.6828250885009766,0,-0.3699636459350586,3.699636459350586,-2.4078140258789062
84113055900,-0.6828250885009766,-0.6828250885009766,0,-0.3699636459350586,3.699636459350586,-2.4078140258789062
84115565416,-0.6828250885009766,-0.6828250885009766,0,-0.3699636459350586,3.699636459350586,-2.4078140258789062
84118074928,-0.6828250885009766,-0.6828250885009766,0,-0.3699636459350586,3.699636459350586,-2.4078140258789062
84120584440,-0.6828250885009766,-0.6828250885009766,0,-0.3699636459350586,3.699636459350586,-2.4078140258789062
84123093952,-0.6828250885009766,-0.6828250885009766,0,-0.3699636459350586,3.699636459350586,-2.4078140258789062
84125603464,-0.6828250885009766,-0.6828250885009766,0,-0.3699636459350586,3.699636459350586,-2.4078140258789062
84128112976,-0.6828250885009766,-0.6828250885009766,0,-0.3699636459350586,3.699636459350586,-2.4078140258789062
84130622488,-0.6828250885009766,-0.6828250885009766,0,-0.3699636459350586,3.699636459350586,-2.4078140258789062
84133132000,-0.6828250885009766,-0.6828250885009766,0,-0.3699636459350586,3.699636459350586,-2.4078140258789062
84136406150,-0.6828250885009766,-0.6828250885009766,0,-0.3699636459350586,3.699636459350586,-2.4078140258789062
84139680300,-0.6828250885009766,-0.6828250885009766,0,-0.3699636459350586,3.699636459350586,-2.4078140258789062
84142954450,-0.6828250885009766,-0.6828250885009766,0,-0.3699636459350586,3.699636459350586,-2.4078140258789062
84146228600,-0.6828250885009766,-0.6828250885009766,0,-0.3699636459350586,3.699636459350586,-2.4078140258789062
84149502750,-0.6828250885009766,-0.6828250885009766,0,-0.3699636459350586,3.699636459350586,-2.4078140258789062
84152776900,-0.6828250885009766,-0.6828250885009766,0,-0.3699636459350586,3.699636459350586,-2.4078140258789062
84156051050,-0.6828250885009766,-0.6828250885009766,0,-0.3699636459350586,3.699636459350586,-2.4078140258789062
84159325200,-0.6828250885009766,-0.6828250885009766,0,-0.3699636459350586,3.699636459350586,-2.4078140258789062
84162011000,-0.6828250885009766,-0.6828250885009766,0,-0.3699636459350586,3.699636459350586,-2.4078140258789062
84164523913,-0.6828250885009766,-0.6828250885009766,0,-0.3699636459350586,3.699636459350586,-2.4078140258789062
84167036826,-0.6828250885009766,-0.6828250885009766,0,-0.3699636459350586,3.699636459350586,-2.4078140258789062
84169549739,-0.6828250885009766,-0.6828250885009766,0,-0.3699636459350586,3.699636459350586,-2.4078140258789062
84172062652,-0.6828250885009766,-0.6828250885009766,0,-0.3699636459350586,3.699636459350586,-2.4078140258789062
84174575565,-0.6828250885009766,-0.6828250885009766,0,-0.3699636459350586,3.699636459350586,-2.4078140258789062
84177088478,-0.6828250885009766,-0.6828250885009766,0,-0.3699636459350586,3.699636459350586,-2.4078140258789062
84179601391,-0.6828250885009766,-0.6828250885009766,0,-0.3699636459350586,3.699636459350586,-2.4078140258789062
84182114304,-0.6828250885009766,-0.6828250885009766,0,-0.3699636459350586,3.699636459350586,-2.4078140258789062
84184627217,-0.6828250885009766,-0.6828250885009766,0,-0.3699636459350586,3.699636459350586,-2.4078140258789062
84187140130,-0.6828250885009766,-0.6828250885009766,0,-0.3699636459350586,3.699636459350586,-2.4078140258789062
84189653043,-0.6828250885009766,-0.6828250885009766,0,-0.3699636459350586,3.699636459350586,-2.4078140258789062
84192165956,-0.6828250885009766,-0.6828250885009766,0,-0.3699636459350586,3.699636459350586,-2.4078140258789062
84194678869,-0.6828250885009766,-0.6828250885009766,0,-0.3699636459350586,3.699636459350586,-2.4078140258789062
84197191782,-0.6828250885009766,-0.6828250885009766,0,-0.3699636459350586,3.699636459350586,-2.4078140258789062
84199704695,-0.6828250885009766,-0.6828250885009766,0,-0.3699636459350586,3.699636459350586,-2.4078140258789062
84201860591,-0.6828250885009766,-0.6828250885009766,0,-0.3699636459350586,3.699636459350586,-2.4078140258789062
84204016478,-0.6828250885009766,-0.6828250885009766,0,-0.3699636459350586,3.699636459350586,-2.4078140258789062
84206172365,-0.6828250885009766,-0.6828250885009766,0,-0.3699636459350586,3.699636459350586,-2.4078140258789062
84208328252,-0.6828250885009766,-0.6828250885009766,0,-0.3699636459350586,3.699636459350586,-2.4078140258789062
84210484139,-0.6828250885009766,-0.6828250885009766,0,-0.3699636459350586,3.699636459350586,-2.4078140258789062
84212640026,-0.6828250885009766,-0.6828250885009766,0,-0.3699636459350586,3.699636459350586,-2.4078140258789062
84214795913,-0.6828250885009766,-0.6828250885009766,0,-0.3699636459350586,3.699636459350586,-2.4078140258789062
84216951800,-0.6828250885009766,-0.6828250885009766,0,-0.3699636459350586,3.699636459350586,-2.4078140258789062
84219222275,-0.6828250885009766,-0.6828250885009766,0,-0.3699636459350586,3.699636459350586,-2.4078140258789062
84221492750,-0.6828250885009766,-0.6828250885009766,0,-0.3699636459350586,3.699636459350586,-2.4078140258789062
84223763225,-0.6828250885009766,-0.6828250885009766,0,-0.3699636459350586,3.699636459350586,-2.4078140258789062
84226033700,-0.6828250885009766,-0.6828250885009766,0,-0.3699636459350586,3.699636459350586,-2.4078140258789062
84228304175,-0.6828250885009766,-0.6828250885009766,0,-0.3699636459350586,3.699636459350586,-2.4078140258789062
84230574650,-0.6828250885009766,-0.6828250885009766,0,-0.3699636459350586,3.699636459350586,-2.4078140258789062
84232845125,-0.6828250885009766,-0.6828250885009766,0,-0.3699636459350586,3.699636459350586,-2.4078140258789062
84235115600,-0.6828250885009766,-0.6828250885009766,0,-0.3699636459350586,3.699636459350586,-2.4078140258789062
84237619700,-0.6828250885009766,-0.6828250885009766,0,-0.3699636459350586,3.699636459350586,-2.4078140258789062
84240123800,-0.6828250885009766,-0.6828250885009766,0,-0.3699636459350586,3.699636459350586,-2.4078140258789062
84242627900,-0.6828250885009766,-0.6828250885009766,0,-0.3699636459350586,3.699636459350586,-2.4078140258789062
84245132000,-0.6828250885009766,-0.6828250885009766,0,-0.3699636459350586,3.699636459350586,-2.4078140258789062
84247636100,-0.6828250885009766,-0.6828250885009766,0,-0.3699636459350586,3.699636459350586,-2.4078140258789062
84250140200,-0.6828250885009766,-0.6828250885009766,0,-0.3699636459350586,3.699636459350586,-2.4078140258789062
84252644300,-0.6828250885009766,-0.6828250885009766,0,-0.3699636459350586,3.699636459350586,-2.4078140258789062
84255148400,-0.6828250885009766,-0.6828250885009766,0,-0.3699636459350586,3.699636459350586,-2.4078140258789062
84258860091,-0.6828250885009766,-0.6828250885009766,0,-0.3699636459350586,3.699636459350586,-2.4078140258789062
84261783018,-0.6828250885009766,-0.6828250885009766,0,-0.3699636459350586,3.699636459350586,-2.4078140258789062
84264705945,-0.6828250885009766,-0.6828250885009766,0,-0.3699636459350586,3.699636459350586,-2.4078140258789062
84267628872,-0.6828250885009766,-0.6828250885009766,0,-0.3699636459350586,3.699636459350586,-2.4078140258789062
84270551799,-0.6828250885009766,-0.6828250885009766,0,-0.3699636459350586,3.699636459350586,-2.4078140258789062
84273474726,-0.6828250885009766,-0.6828250885009766,0,-0.3699636459350586,3.699636459350586,-2.4078140258789062
84276397653,-0.6828250885009766,-0.6828250885009766,0,-0.3699636459350586,3.699636459350586,-2.4078140258789062
84279320580,-0.6828250885009766,-0.6828250885009766,0,-0.3699636459350586,3.699636459350586,-2.4078140258789062
84282243507,-0.6828250885009766,-0.6828250885009766,0,-0.3699636459350586,3.699636459350586,-2.4078140258789062
84285166434,-0.6828250885009766,-0.6828250885009766,0,-0.3699636459350586,3.699636459350586,-2.4078140258789062
84288089361,-0.6828250885009766,-0.6828250885009766,0,-0.3699636459350586,3.699636459350586,-2.4078140258789062
84291012288,-0.6828250885009766,-0.6828250885009766,0,-0.3699636459350586,3.699636459350586,-2.4078140258789062
84293935215,-0.6828250885009766,-0.6828250885009766,0,-0.3699636459350586,3.699636459350586,-2.4078140258789062
84296858142,-0.6828250885009766,-0.6828250885009766,0,-0.3699636459350586,3.699636459350586,-2.4078140258789062
84299781069,-0.6828250885009766,-0.6828250885009766,0,-0.3699636459350586,3.699636459350586,-2.4078140258789062
84302703996,-0.6828250885009766,-0.6828250885009766,0,-0.3699636459350586,3.699636459350586,-2.4078140258789062
84304965091,-0.6828250885009766,-0.6828250885009766,0,-0.3699636459350586,3.699636459350586,-2.4078140258789062
84307226178,-0.6828250885009766,-0.6828250885009766,0,-0.3699636459350586,3.699636459350586,-2.4078140258789062
84309487265,-0.6828250885009766,-0.6828250885009766,0,-0.3699636459350586,3.699636459350586,-2.4078140258789062
84311748352,-0.6828250885009766,-0.6828250885009766,0,-0.3699636459350586,3.699636459350586,-2.4078140258789062
84314009439,-0.6828250885009766,-0.6828250885009766,0,-0.3699636459350586,3.699636459350586,-2.4078140258789062
84316270526,-0.6828250885009766,-0.6828250885009766,0,-0.3699636459350586,3.699636459350586,-2.4078140258789062
84318531613,-0.6828250885009766,-0.6828250885009766,0,-0.3699636459350586,3.699636459350586,-2.4078140258789062
84320792700,-0.6828250885009766,-0.6828250885009766,0,-0.3699636459350586,3.699636459350586,-2.4078140258789062
84323233916,-0.6828250885009766,-0.6828250885009766,0,-0.3699636459350586,3.699636459350586,-2.4078140258789062
84325675128,-0.6828250885009766,-0.6828250885009766,0,-0.3699636459350586,3.699636459350586,-2.4078140258789062
84328116340,-0.6828250885009766,-0.6828250885009766,0,-0.3699636459350586,3.699636459350586,-2.4078140258789062
84330557552,-0.6828250885009766,-0.6828250885009766,0,-0.3699636459350586,3.699636459350586,-2.4078140258789062
84332998764,-0.6828250885009766,-0.6828250885009766,0,-0.3699636459350586,3.699636459350586,-2.4078140258789062
84335439976,-0.6828250885009766,-0.6828250885009766,0,-0.3699636459350586,3.699636459350586,-2.4078140258789062
84337881188,-0.6828250885009766,-0.6828250885009766,0,-0.3699636459350586,3.699636459350586,-2.4078140258789062
84340322400,-0.6828250885009766,-0.6828250885009766,0,-0.3699636459350586,3.699636459350586,-2.4078140258789062
84342465450,-0.6828250885009766,-0.6828250885009766,0,-0.3699636459350586,3.699636459350586,-2.4078140258789062
84344608500,-0.6828250885009766,-0.6828250885009766,0,-0.3699636459350586,3.699636459350586,-2.4078140258789062
84346751550,-0.6828250885009766,-0.6828250885009766,0,-0.3699636459350586,3.699636459350586,-2.4078140258789062
84348894600,-0.6828250885009766,-0.6828250885009766,0,-0.3699636459350586,3.699636459350586,-2.4078140258789062
84351037650,-0.6828250885009766,-0.6828250885009766,0,-0.3699636459350586,3.699636459350586,-2.4078140258789062
84353180700,-0.6828250885009766,-0.6828250885009766,0,-0.3699636459350586,3.699636459350586,-2.4078140258789062
84355323750,-0.6828250885009766,-0.6828250885009766,0,-0.3699636459350586,3.699636459350586,-2.4078140258789062
84357466800,-0.6828250885009766,-0.6828250885009766,0,-0.3699636459350586,3.699636459350586,-2.4078140258789062
84360021900,-0.6828250885009766,-0.6828250885009766,0,-0.3699636459350586,3.699636459350586,-2.4078140258789062
84362577000,-0.6828250885009766,-0.6828250885009766,0,-0.3699636459350586,3.699636459350586,-2.4078140258789062
84365132100,-0.6828250885009766,-0.6828250885009766,0,-0.3699636459350586,3.699636459350586,-2.4078140258789062
84367687200,-0.6828250885009766,-0.6828250885009766,0,-0.3699636459350586,3.699636459350586,-2.4078140258789062
84370242300,-0.6828250885009766,-0.6828250885009766,0,-0.3699636459350586,3.699636459350586,-2.4078140258789062
84372797400,-0.6828250885009766,-0.6828250885009766,0,-0.3699636459350586,3.699636459350586,-2.4078140258789062
84375352500,-0.6828250885009766,-0.6828250885009766,0,-0.3699636459350586,3.699636459350586,-2.4078140258789062
84377907600,-0.6828250885009766,-0.6828250885009766,0,-0.3699636459350586,3.699636459350586,-2.4078140258789062
84380682025,-0.6828250885009766,-0.6828250885009766,0,-0.3699636459350586,3.699636459350586,-2.4078140258789062
84383456450,-0.6828250885009766,-0.6828250885009766,0,-0.3699636459350586,3.699636459350586,-2.4078140258789062
84386230875,-0.6828250885009766,-0.6828250885009766,0,-0.3699636459350586,3.699636459350586,-2.4078140258789062
84389005300,-0.6828250885009766,-0.6828250885009766,0,-0.3699636459350586,3.699636459350586,-2.4078140258789062
84391779725,-0.6828250885009766,-0.6828250885009766,0,-0.3699636459350586,3.699636459350586,-2.4078140258789062
84394554150,-0.6828250885009766,-0.6828250885009766,0,-0.3699636459350586,3.699636459350586,-2.4078140258789062
84397328575,-0.6828250885009766,-0.6828250885009766,0,-0.3699636459350586,3.699636459350586,-2.4078140258789062
84400103000,-0.6828250885009766,-0.6828250885009766,0,-0.3699636459350586,3.699636459350586,-2.4078140258789062
84402835741,-0.6828250885009766,-0.6828250885009766,0,-0.3699636459350586,3.699636459350586,-2.4078140258789062
84405259078,-0.6828250885009766,-0.6828250885009766,0,-0.3699636459350586,3.699636459350586,-2.4078140258789062
84407682415,-0.6828250885009766,-0.6828250885009766,0,-0.3699636459350586,3.699636459350586,-2.4078140258789062
84410105752,-0.6828250885009766,-0.6828250885009766,0,-0.3699636459350586,3.699636459350586,-2.4078140258789062
84412529089,-0.6828250885009766,-0.6828250885009766,0,-0.3699636459350586,3.699636459350586,-2.4078140258789062
84414952426,-0.6828250885009766,-0.6828250885009766,0,-0.3699636459350586,3.699636459350586,-2.4078140258789062
84417375763,-0.6828250885009766,-0.6828250885009766,0,-0.3699636459350586,3.699636459350586,-2.4078140258789062
84419799100,-0.6828250885009766,-0.6828250885009766,0,-0.3699636459350586,3.699636459350586,-2.4078140258789062
84422222437,-0.6828250885009766,-0.6828250885009766,0,-0.3699636459350586,3.699636459350586,-2.4078140258789062
84424645774,-0.6828250885009766,-0.6828250885009766,0,-0.3699636459350586,3.699636459350586,-2.4078140258789062
84427069111,-0.6828250885009766,-0.6828250885009766,0,-0.3699636459350586,3.699636459350586,-2.4078140258789062
84429492448,-0.6828250885009766,-0.6828250885009766,0,-0.3699636459350586,3.699636459350586,-2.4078140258789062
84431915785,-0.6828250885009766,-0.6828250885009766,0,-0.3699636459350586,3.699636459350586,-2.4078140258789062
84434339122,-0.6828250885009766,-0.6828250885009766,0,-0.3699636459350586,3.699636459350586,-2.4078140258789062
84436762459,-0.6828250885009766,-0.6828250885009766,0,-0.3699636459350586,3.699636459350586,-2.4078140258789062
84439185796,-0.6828250885009766,-0.6828250885009766,0,-0.3699636459350586,3.699636459350586,-2.4078140258789062
84441505500,-0.6828250885009766,-0.6828250885009766,0,-0.3699636459350586,3.699636459350586,-2.4078140258789062
84443825200,-0.6828250885009766,-0.6828250885009766,0,-0.3699636459350586,3.699636459350586,-2.4078140258789062
84446144900,-0.6828250885009766,-0.6828250885009766,0,-0.3699636459350586,3.699636459350586,-2.4078140258789062
84448464600,-0.6828250885009766,-0.6828250885009766,0,-0.3699636459350586,3.699636459350586,-2.4078140258789062
84450784300,-0.6828250885009766,-0.6828250885009766,0,-0.3699636459350586,3.699636459350586,-2.4078140258789062
84453104000,-0.6828250885009766,-0.6828250885009766,0,-0.3699636459350586,3.699636459350586,-2.4078140258789062
84455423700,-0.6828250885009766,-0.6828250885009766,0,-0.3699636459350586,3.699636459350586,-2.4078140258789062
84457743400,-0.6828250885009766,-0.6828250885009766,0,-0.3699636459350586,3.699636459350586,-2.4078140258789062
84460554675,-0.6828250885009766,-0.6828250885009766,0,-0.3699636459350586,3.699636459350586,-2.4078140258789062
84463294616,-0.6828250885009766,-0.6828250885009766,0,-0.3699636459350586,3.699636459350586,-2.4078140258789062
84466034557,-0.6828250885009766,-0.6828250885009766,0,-0.3699636459350586,3.699636459350586,-2.4078140258789062
84468774498,-0.6828250885009766,-0.6828250885009766,0,-0.3699636459350586,3.699636459350586,-2.4078140258789062
84471514439,-0.6828250885009766,-0.6828250885009766,0,-0.3699636459350586,3.699636459350586,-2.4078140258789062
84474254380,-0.6828250885009766,-0.6828250885009766,0,-0.3699636459350586,3.699636459350586,-2.4078140258789062
84476994321,-0.6828250885009766,-0.6828250885009766,0,-0.3699636459350586,3.699636459350586,-2.4078140258789062
84479734262,-0.6828250885009766,-0.6828250885009766,0,-0.3699636459350586,3.699636459350586,-2.4078140258789062
84482474203,-0.6828250885009766,-0.6828250885009766,0,-0.3699636459350586,3.699636459350586,-2.4078140258789062
84485214144,-0.6828250885009766,-0.6828250885009766,0,-0.3699636459350586,3.699636459350586,-2.4078140258789062
84487954085,-0.6828250885009766,-0.6828250885009766,0,-0.3699636459350586,3.699636459350586,-2.4078140258789062
84490694026,-0.6828250885009766,-0.6828250885009766,0,-0.3699636459350586,3.699636459350586,-2.4078140258789062
84493433967,-0.6828250885009766,-0.6828250885009766,0,-0.3699636459350586,3.699636459350586,-2.4078140258789062
84496173908,-0.6828250885009766,-0.6828250885009766,0,-0.3699636459350586,3.699636459350586,-2.4078140258789062
84498913849,-0.6828250885009766,-0.6828250885009766,0,-0.3699636459350586,3.699636459350586,-2.4078140258789062
84501653790,-0.6828250885009766,-0.6828250885009766,0,-0.3699636459350586,3.699636459350586,-2.4078140258789062
84505008816,-0.6828250885009766,-0.6828250885009766,0,-0.3699636459350586,3.699636459350586,-2.4078140258789062
84507990608,-0.6828250885009766,-0.6828250885009766,0,-0.3699636459350586,3.699636459350586,-2.4078140258789062
84510972400,-0.6828250885009766,-0.6828250885009766,0,-0.3699636459350586,3.699636459350586,-2.4078140258789062
84513954192,-0.6828250885009766,-0.6828250885009766,0,-0.3699636459350586,3.699636459350586,-2.4078140258789062
84516935984,-0.6828250885009766,-0.6828250885009766,0,-0.3699636459350586,3.699636459350586,-2.4078140258789062
84519917776,-0.6828250885009766,-0.6828250885009766,0,-0.3699636459350586,3.699636459350586,-2.4078140258789062
84522899568,-0.6828250885009766,-0.6828250885009766,0,-0.3699636459350586,3.699636459350586,-2.4078140258789062
84525881360,-0.6828250885009766,-0.6828250885009766,0,-0.3699636459350586,3.699636459350586,-2.4078140258789062
84528863152,-0.6828250885009766,-0.6828250885009766,0,-0.3699636459350586,3.699636459350586,-2.4078140258789062
84531844944,-0.6828250885009766,-0.6828250885009766,0,-0.3699636459350586,3.699636459350586,-2.4078140258789062
84534826736,-0.6828250885009766,-0.6828250885009766,0,-0.3699636459350586,3.699636459350586,-2.4078140258789062
84537808528,-0.6828250885009766,-0.6828250885009766,0,-0.3699636459350586,3.699636459350586,-2.4078140258789062
84540790320,-0.6828250885009766,-0.6828250885009766,0,-0.3699636459350586,3.699636459350586,-2.4078140258789062
84543772112,-0.6828250885009766,-0.6828250885009766,0,-0.3699636459350586,3.699636459350586,-2.4078140258789062
84546753904,-0.6828250885009766,-0.6828250885009766,0,-0.3699636459350586,3.699636459350586,-2.4078140258789062
84549735696,-0.6828250885009766,-0.6828250885009766,0,-0.3699636459350586,3.699636459350586,-2.4078140258789062
84551938650,-0.6828250885009766,-0.6828250885009766,0,-0.3699636459350586,3.699636459350586,-2.4078140258789062
84554141600,-0.6828250885009766,-0.6828250885009766,0,-0.3699636459350586,3.699636459350586,-2.4078140258789062
84556344550,-0.6828250885009766,-0.6828250885009766,0,-0.3699636459350586,3.699636459350586,-2.4078140258789062
84558547500,-0.6828250885009766,-0.6828250885009766,0,-0.3699636459350586,3.699636459350586,-2.4078140258789062
84560750450,-0.6828250885009766,-0.6828250885009766,0,-0.3699636459350586,3.699636459350586,-2.4078140258789062
84562953400,-0.6828250885009766,-0.6828250885009766,0,-0.3699636459350586,3.699636459350586,-2.4078140258789062
84565156350,-0.6828250885009766,-0.6828250885009766,0,-0.3699636459350586,3.699636459350586,-2.4078140258789062
84567359300,-0.6828250885009766,-0.6828250885009766,0,-0.3699636459350586,3.699636459350586,-2.4078140258789062
84569791675,-0.6828250885009766,-0.6828250885009766,0,-0.3699636459350586,3.699636459350586,-2.4078140258789062
84572224050,-0.6828250885009766,-0.6828250885009766,0,-0.3699636459350586,3.699636459350586,-2.4078140258789062
84574656425,-0.6828250885009766,-0.6828250885009766,0,-0.3699636459350586,3.699636459350586,-2.4078140258789062
84577088800,-0.6828250885009766,-0.6828250885009766,0,-0.3699636459350586,3.699636459350586,-2.4078140258789062
84579521175,-0.6828250885009766,-0.6828250885009766,0,-0.3699636459350586,3.699636459350586,-2.4078140258789062
84581953550,-0.6828250885009766,-0.6828250885009766,0,-0.3699636459350586,3.699636459350586,-2.4078140258789062
84584385925,-0.6828250885009766,-0.6828250885009766,0,-0.3699636459350586,3.699636459350586,-2.4078140258789062
84586818300,-0.6828250885009766,-0.6828250885009766,0,-0.3699636459350586,3.699636459350586,-2.4078140258789062
84589479791,-0.6828250885009766,-0.6828250885009766,0,-0.3699636459350586,3.699636459350586,-2.4078140258789062
84592141278,-0.6828250885009766,-0.6828250885009766,0,-0.3699636459350586,3.699636459350586,-2.4078140258789062
84594802765,-0.6828250885009766,-0.6828250885009766,0,-0.3699636459350586,3.699636459350586,-2.4078140258789062
84597464252,-0.6828250885009766,-0.6828250885009766,0,-0.3699636459350586,3.699636459350586,-2.4078140258789062
84600125739,-0.6828250885009766,-0.6828250885009766,0,-0.3699636459350586,3.699636459350586,-2.4078140258789062
84602787226,-0.6828250885009766,-0.6828250885009766,0,-0.3699636459350586,3.699636459350586,-2.4078140258789062
84605448713,-0.6828250885009766,-0.6828250885009766,0,-0.3699636459350586,3.699636459350586,-2.4078140258789062
84608110200,-0.6828250885009766,-0.6828250885009766,0,-0.3699636459350586,3.699636459350586,-2.4078140258789062
84610744266,-0.6828250885009766,-0.6828250885009766,0,-0.3699636459350586,3.699636459350586,-2.4078140258789062
84613378328,-0.6828250885009766,-0.6828250885009766,0,-0.3699636459350586,3.699636459350586,-2.4078140258789062
84616012390,-0.6828250885009766,-0.6828250885009766,0,-0.3699636459350586,3.699636459350586,-2.4078140258789062
84618646452,-0.6828250885009766,-0.6828250885009766,0,-0.3699636459350586,3.699636459350586,-2.4078140258789062
84621280514,-0.6828250885009766,-0.6828250885009766,0,-0.3699636459350586,3.699636459350586,-2.4078140258789062
84623914576,-0.6828250885009766,-0.6828250885009766,0,-0.3699636459350586,3.699636459350586,-2.4078140258789062
84626548638,-0.6828250885009766,-0.6828250885009766,0,-0.3699636459350586,3.699636459350586,-2.4078140258789062
84629182700,-0.6828250885009766,-0.6828250885009766,0,-0.3699636459350586,3.699636459350586,-2.4078140258789062
84632764041,-0.6828250885009766,-0.6828250885009766,0,-0.3699636459350586,3.699636459350586,-2.4078140258789062
84636345378,-0.6828250885009766,-0.6828250885009766,0,-0.3699636459350586,3.699636459350586,-2.4078140258789062
84639926715,-0.6828250885009766,-0.6828250885009766,0,-0.3699636459350586,3.699636459350586,-2.4078140258789062
84643508052,-0.6828250885009766,-0.6828250885009766,0,-0.3699636459350586,3.699636459350586,-2.4078140258789062
84647089389,-0.6828250885009766,-0.6828250885009766,0,-0.3699636459350586,3.699636459350586,-2.4078140258789062
84650670726,-0.6828250885009766,-0.6828250885009766,0,-0.3699636459350586,3.699636459350586,-2.4078140258789062
84654252063,-0.6828250885009766,-0.6828250885009766,0,-0.3699636459350586,3.699636459350586,-2.4078140258789062
84657833400,-0.6828250885009766,-0.6828250885009766,0,-0.3699636459350586,3.699636459350586,-2.4078140258789062
84660243000,-0.6828250885009766,-0.6828250885009766,0,-0.3699636459350586,3.699636459350586,-2.4078140258789062
84662652600,-0.6828250885009766,-0.6828250885009766,0,-0.3699636459350586,3.699636459350586,-2.4078140258789062
84665062200,-0.6828250885009766,-0.6828250885009766,0,-0.3699636459350586,3.699636459350586,-2.4078140258789062
84667471800,-0.6828250885009766,-0.6828250885009766,0,-0.3699636459350586,3.699636459350586,-2.4078140258789062
84669881400,-0.6828250885009766,-0.6828250885009766,0,-0.3699636459350586,3.699636459350586,-2.4078140258789062
84672291000,-0.6828250885009766,-0.6828250885009766,0,-0.3699636459350586,3.699636459350586,-2.4078140258789062
84674700600,-0.6828250885009766,-0.6828250885009766,0,-0.3699636459350586,3.699636459350586,-2.4078140258789062
84677110200,-0.6828250885009766,-0.6828250885009766,0,-0.3699636459350586,3.699636459350586,-2.4078140258789062
84679161750,-0.6828250885009766,-0.6828250885009766,0,-0.3699636459350586,3.699636459350586,-2.4078140258789062
84681213300,-0.6828250885009766,-0.6828250885009766,0,-0.3699636459350586,3.699636459350586,-2.4078140258789062
84683264850,-0.6828250885009766,-0.6828250885009766,0,-0.3699636459350586,3.699636459350586,-2.4078140258789062
84685316400,-0.6828250885009766,-0.6828250885009766,0,-0.3699636459350586,3.699636459350586,-2.4078140258789062
84687367950,-0.6828250885009766,-0.6828250885009766,0,-0.3699636459350586,3.699636459350586,-2.4078140258789062
84689419500,-0.6828250885009766,-0.6828250885009766,0,-0.3699636459350586,3.699636459350586,-2.4078140258789062
84691471050,-0.6828250885009766,-0.6828250885009766,0,-0.3699636459350586,3.699636459350586,-2.4078140258789062
84693522600,-0.6828250885009766,-0.6828250885009766,0,-0.3699636459350586,3.699636459350586,-2.4078140258789062
84695891600,-0.6828250885009766,-0.6828250885009766,0,-0.3699636459350586,3.699636459350586,-2.4078140258789062
84698271040,-0.6828250885009766,-0.6828250885009766,0,-0.3699636459350586,3.699636459350586,-2.4078140258789062
84700650480,-0.6828250885009766,-0.6828250885009766,0,-0.3699636459350586,3.699636459350586,-2.4078140258789062
84703029920,-0.6828250885009766,-0.6828250885009766,0,-0.3699636459350586,3.699636459350586,-2.4078140258789062
84705409360,-0.6828250885009766,-0.6828250885009766,0,-0.3699636459350586,3.699636459350586,-2.4078140258789062
84707788800,-0.6828250885009766,-0.6828250885009766,0,-0.3699636459350586,3.699636459350586,-2.4078140258789062
84710168240,-0.6828250885009766,-0.6828250885009766,0,-0.3699636459350586,3.699636459350586,-2.4078140258789062
84712547680,-0.6828250885009766,-0.6828250885009766,0,-0.3699636459350586,3.699636459350586,-2.4078140258789062
84714927120,-0.6828250885009766,-0.6828250885009766,0,-0.3699636459350586,3.699636459350586,-2.4078140258789062
84717306560,-0.6828250885009766,-0.6828250885009766,0,-0.3699636459350586,3.699636459350586,-2.4078140258789062
84719686000,-0.6828250885009766,-0.6828250885009766,0,-0.3699636459350586,3.699636459350586,-2.4078140258789062
84722065440,-0.6828250885009766,-0.6828250885009766,0,-0.3699636459350586,3.699636459350586,-2.4078140258789062
84724444880,-0.6828250885009766,-0.6828250885009766,0,-0.3699636459350586,3.699636459350586,-2.4078140258789062
84726824320,-0.6828250885009766,-0.6828250885009766,0,-0.3699636459350586,3.699636459350586,-2.4078140258789062
84729203760,-0.6828250885009766,-0.6828250885009766,0,-0.3699636459350586,3.699636459350586,-2.4078140258789062
84731583200,-0.6828250885009766,-0.6828250885009766,0,-0.3699636459350586,3.699636459350586,-2.4078140258789062
84734408875,-0.6828250885009766,-0.6828250885009766,0,-0.3699636459350586,3.699636459350586,-2.4078140258789062
84737234550,-0.6828250885009766,-0.6828250885009766,0,-0.3699636459350586,3.699636459350586,-2.4078140258789062
84740060225,-0.6828250885009766,-0.6828250885009766,0,-0.3699636459350586,3.699636459350586,-2.4078140258789062
84742885900,-0.6828250885009766,-0.6828250885009766,0,-0.3699636459350586,3.699636459350586,-2.4078140258789062
84745711575,-0.6828250885009766,-0.6828250885009766,0,-0.3699636459350586,3.699636459350586,-2.4078140258789062
84748537250,-0.6828250885009766,-0.6828250885009766,0,-0.3699636459350586,3.699636459350586,-2.4078140258789062
84751362925,-0.6828250885009766,-0.6828250885009766,0,-0.3699636459350586,3.699636459350586,-2.4078140258789062
84754188600,-0.6828250885009766,-0.6828250885009766,0,-0.3699636459350586,3.699636459350586,-2.4078140258789062
84758067825,-0.6828250885009766,-0.6828250885009766,0,-0.3699636459350586,3.699636459350586,-2.4078140258789062
84761947050,-0.6828250885009766,-0.6828250885009766,0,-0.3699636459350586,3.699636459350586,-2.4078140258789062
84765826275,-0.6828250885009766,-0.6828250885009766,0,-0.3699636459350586,3.699636459350586,-2.4078140258789062
84769705500,-0.6828250885009766,-0.6828250885009766,0,-0.3699636459350586,3.699636459350586,-2.4078140258789062
84773584725,-0.6828250885009766,-0.6828250885009766,0,-0.3699636459350586,3.699636459350586,-2.4078140258789062
84777463950,-0.6828250885009766,-0.6828250885009766,0,-0.3699636459350586,3.699636459350586,-2.4078140258789062
84781343175,-0.6828250885009766,-0.6828250885009766,0,-0.3699636459350586,3.699636459350586,-2.4078140258789062
84785222400,-0.6828250885009766,-0.6828250885009766,0,-0.3699636459350586,3.699636459350586,-2.4078140258789062
84787666816,-0.6828250885009766,-0.6828250885009766,0,-0.3699636459350586,3.699636459350586,-2.4078140258789062
84789975948,-0.6828250885009766,-0.6828250885009766,0,-0.3699636459350586,3.699636459350586,-2.4078140258789062
84792285080,-0.6828250885009766,-0.6828250885009766,0,-0.3699636459350586,3.699636459350586,-2.4078140258789062
84794594212,-0.6828250885009766,-0.6828250885009766,0,-0.3699636459350586,3.699636459350586,-2.4078140258789062
84796903344,-0.6828250885009766,-0.6828250885009766,0,-0.3699636459350586,3.699636459350586,-2.4078140258789062
84799212476,-0.6828250885009766,-0.6828250885009766,0,-0.3699636459350586,3.699636459350586,-2.4078140258789062
84801521608,-0.6828250885009766,-0.6828250885009766,0,-0.3699636459350586,3.699636459350586,-2.4078140258789062
84803830740,-0.6828250885009766,-0.6828250885009766,0,-0.3699636459350586,3.699636459350586,-2.4078140258789062
84806139872,-0.6828250885009766,-0.6828250885009766,0,-0.3699636459350586,3.699636459350586,-2.4078140258789062
84808449004,-0.6828250885009766,-0.6828250885009766,0,-0.3699636459350586,3.699636459350586,-2.4078140258789062
84810758136,-0.6828250885009766,-0.6828250885009766,0,-0.3699636459350586,3.699636459350586,-2.4078140258789062
84813067268,-0.6828250885009766,-0.6828250885009766,0,-0.3699636459350586,3.699636459350586,-2.4078140258789062
84815376400,-0.6828250885009766,-0.6828250885009766,0,-0.3699636459350586,3.699636459350586,-2.4078140258789062
84817685532,-0.6828250885009766,-0.6828250885009766,0,-0.3699636459350586,3.699636459350586,-2.4078140258789062
84819994664,-0.6828250885009766,-0.6828250885009766,0,-0.3699636459350586,3.699636459350586,-2.4078140258789062
84822303796,-0.6828250885009766,-0.6828250885009766,0,-0.3699636459350586,3.699636459350586,-2.4078140258789062
84824699725,-0.6828250885009766,-0.6828250885009766,0,-0.3699636459350586,3.699636459350586,-2.4078140258789062
84827095650,-0.6828250885009766,-0.6828250885009766,0,-0.3699636459350586,3.699636459350586,-2.4078140258789062
84829491575,-0.6828250885009766,-0.6828250885009766,0,-0.3699636459350586,3.699636459350586,-2.4078140258789062
84831887500,-0.6828250885009766,-0.6828250885009766,0,-0.3699636459350586,3.699636459350586,-2.4078140258789062
84834283425,-0.6828250885009766,-0.6828250885009766,0,-0.3699636459350586,3.699636459350586,-2.4078140258789062
84836679350,-0.6828250885009766,-0.6828250885009766,0,-0.3699636459350586,3.699636459350586,-2.4078140258789062
84839075275,-0.6828250885009766,-0.6828250885009766,0,-0.3699636459350586,3.699636459350586,-2.4078140258789062
84841471200,-0.6828250885009766,-0.6828250885009766,0,-0.3699636459350586,3.699636459350586,-2.4078140258789062
84843883991,-0.6828250885009766,-0.6828250885009766,0,-0.3699636459350586,3.699636459350586,-2.4078140258789062
84846296778,-0.6828250885009766,-0.6828250885009766,0,-0.3699636459350586,3.699636459350586,-2.4078140258789062
84848709565,-0.6828250885009766,-0.6828250885009766,0,-0.3699636459350586,3.699636459350586,-2.4078140258789062
84851122352,-0.6828250885009766,-0.6828250885009766,0,-0.3699636459350586,3.699636459350586,-2.4078140258789062
84853535139,-0.6828250885009766,-0.6828250885009766,0,-0.3699636459350586,3.699636459350586,-2.4078140258789062
84855947926,-0.6828250885009766,-0.6828250885009766,0,-0.3699636459350586,3.699636459350586,-2.4078140258789062
84858360713,-0.6828250885009766,-0.6828250885009766,0,-0.3699636459350586,3.699636459350586,-2.4078140258789062
84860773500,-0.6828250885009766,-0.6828250885009766,0,-0.3699636459350586,3.699636459350586,-2.4078140258789062
84863448175,-0.6828250885009766,-0.6828250885009766,0,-0.3699636459350586,3.699636459350586,-2.4078140258789062
84866122850,-0.6828250885009766,-0.6828250885009766,0,-0.3699636459350586,3.699636459350586,-2.4078140258789062
84868797525,-0.6828250885009766,-0.6828250885009766,0,-0.3699636459350586,3.699636459350586,-2.4078140258789062
84871472200,-0.6828250885009766,-0.6828250885009766,0,-0.3699636459350586,3.699636459350586,-2.4078140258789062
84874146875,-0.6828250885009766,-0.6828250885009766,0,-0.3699636459350586,3.699636459350586,-2.4078140258789062
84876821550,-0.6828250885009766,-0.6828250885009766,0,-0.3699636459350586,3.699636459350586,-2.4078140258789062
84879496225,-0.6828250885009766,-0.6828250885009766,0,-0.3699636459350586,3.699636459350586,-2.4078140258789062
84882170900,-0.6828250885009766,-0.6828250885009766,0,-0.3699636459350586,3.699636459350586,-2.4078140258789062
84885243500,-0.6828250885009766,-0.6828250885009766,0,-0.3699636459350586,3.699636459350586,-2.4078140258789062
84888316100,-0.6828250885009766,-0.6828250885009766,0,-0.3699636459350586,3.699636459350586,-2.4078140258789062
84891388700,-0.6828250885009766,-0.6828250885009766,0,-0.3699636459350586,3.699636459350586,-2.4078140258789062
84894461300,-0.6828250885009766,-0.6828250885009766,0,-0.3699636459350586,3.699636459350586,-2.4078140258789062
84897533900,-0.6828250885009766,-0.6828250885009766,0,-0.3699636459350586,3.699636459350586,-2.4078140258789062
84900606500,-0.6828250885009766,-0.6828250885009766,0,-0.3699636459350586,3.699636459350586,-2.4078140258789062
84903679100,-0.6828250885009766,-0.6828250885009766,0,-0.3699636459350586,3.699636459350586,-2.4078140258789062
84906751700,-0.6828250885009766,-0.6828250885009766,0,-0.3699636459350586,3.699636459350586,-2.4078140258789062
84909306400,-0.6828250885009766,-0.6828250885009766,0,-0.3699636459350586,3.699636459350586,-2.4078140258789062
84911861100,-0.6828250885009766,-0.6828250885009766,0,-0.3699636459350586,3.699636459350586,-2.4078140258789062
84914415800,-0.6828250885009766,-0.6828250885009766,0,-0.3699636459350586,3.699636459350586,-2.4078140258789062
84916970500,-0.6828250885009766,-0.6828250885009766,0,-0.3699636459350586,3.699636459350586,-2.4078140258789062
84919525200,-0.6828250885009766,-0.6828250885009766,0,-0.3699636459350586,3.699636459350586,-2.4078140258789062
84922079900,-0.6828250885009766,-0.6828250885009766,0,-0.3699636459350586,3.699636459350586,-2.4078140258789062
84924634600,-0.6828250885009766,-0.6828250885009766,0,-0.3699636459350586,3.699636459350586,-2.4078140258789062
84927189300,-0.6828250885009766,-0.6828250885009766,0,-0.3699636459350586,3.699636459350586,-2.4078140258789062
84930123266,-0.6828250885009766,-0.6828250885009766,0,-0.3699636459350586,3.699636459350586,-2.4078140258789062
84933057228,-0.6828250885009766,-0.6828250885009766,0,-0.3699636459350586,3.699636459350586,-2.4078140258789062
84935991190,-0.6828250885009766,-0.6828250885009766,0,-0.3699636459350586,3.699636459350586,-2.4078140258789062
84938925152,-0.6828250885009766,-0.6828250885009766,0,-0.3699636459350586,3.699636459350586,-2.4078140258789062
84941859114,-0.6828250885009766,-0.6828250885009766,0,-0.3699636459350586,3.699636459350586,-2.4078140258789062
84944793076,-0.6828250885009766,-0.6828250885009766,0,-0.3699636459350586,3.699636459350586,-2.4078140258789062
84947727038,-0.6828250885009766,-0.6828250885009766,0,-0.3699636459350586,3.699636459350586,-2.4078140258789062
84950661000,-0.6828250885009766,-0.6828250885009766,0,-0.3699636459350586,3.699636459350586,-2.4078140258789062
84952802191,-0.6828250885009766,-0.6828250885009766,0,-0.3699636459350586,3.699636459350586,-2.4078140258789062
84954943378,-0.6828250885009766,-0.6828250885009766,0,-0.3699636459350586,3.699636459350586,-2.4078140258789062
84957084565,-0.6828250885009766,-0.6828250885009766,0,-0.3699636459350586,3.699636459350586,-2.4078140258789062
84959225752,-0.6828250885009766,-0.6828250885009766,0,-0.3699636459350586,3.699636459350586,-2.4078140258789062
84961366939,-0.6828250885009766,-0.6828250885009766,0,-0.3699636459350586,3.699636459350586,-2.4078140258789062
84963508126,-0.6828250885009766,-0.6828250885009766,0,-0.3699636459350586,3.699636459350586,-2.4078140258789062
84965649313,-0.6828250885009766,-0.6828250885009766,0,-0.3699636459350586,3.699636459350586,-2.4078140258789062
84967790500,-0.6828250885009766,-0.6828250885009766,0,-0.3699636459350586,3.699636459350586,-2.4078140258789062
84970642341,-0.6828250885009766,-0.6828250885009766,0,-0.3699636459350586,3.699636459350586,-2.4078140258789062
84973494178,-0.6828250885009766,-0.6828250885009766,0,-0.3699636459350586,3.699636459350586,-2.4078140258789062
84976346015,-0.6828250885009766,-0.6828250885009766,0,-0.3699636459350586,3.699636459350586,-2.4078140258789062
84979197852,-0.6828250885009766,-0.6828250885009766,0,-0.3699636459350586,3.699636459350586,-2.4078140258789062
84982049689,-0.6828250885009766,-0.6828250885009766,0,-0.3699636459350586,3.699636459350586,-2.4078140258789062
84984901526,-0.6828250885009766,-0.6828250885009766,0,-0.3699636459350586,3.699636459350586,-2.4078140258789062
84987753363,-0.6828250885009766,-0.6828250885009766,0,-0.3699636459350586,3.699636459350586,-2.4078140258789062
84990605200,-0.6828250885009766,-0.6828250885009766,0,-0.3699636459350586,3.699636459350586,-2.4078140258789062
