timestamp_us,sample_seq,state,position_mrad,gyro_yaw_mrad_s,motor_speed_mrad_s,torque_command_mNm,torque_feedback_mNm,frequency_mHz,imu_status,motor_rx_seq,imu_sample_seq
13282118,13267,0,-822,0,-18,0,-4,0,7,13267,0
13292121,13277,0,-822,0,-10,0,-4,0,7,13277,0
13302118,13287,0,-822,0,-3,0,-4,0,7,13287,0
13312118,13297,0,-822,0,-3,0,-4,0,7,13297,0
13322118,13307,0,-822,0,-3,0,-4,0,7,13307,0
13332119,13317,0,-822,0,-3,0,-14,0,7,13317,0
13342121,13327,0,-822,0,-3,0,-14,0,7,13327,0
13352118,13337,0,-822,0,-10,0,-14,0,7,13337,0
13362119,13347,0,-822,0,-3,0,-4,0,7,13347,0
13372118,13357,0,-822,0,3,0,-4,0,7,13357,0
13382117,13367,0,-822,0,18,0,-4,0,7,13367,0
13392121,13377,0,-822,0,-18,0,-14,0,7,13377,0
13402117,13387,0,-822,0,-10,0,-14,0,7,13387,0
13412119,13397,0,-822,0,-3,0,-14,0,7,13397,0
13422118,13407,0,-822,0,-3,0,-14,0,7,13407,0
13432119,13417,0,-822,0,-3,0,-4,0,7,13417,0
13442117,13427,0,-822,0,3,0,4,0,7,13427,0
13452117,13437,0,-822,0,-3,0,-4,0,7,13437,0
13462119,13447,0,-822,0,-3,0,-14,0,7,13447,0
13472118,13457,0,-822,0,-3,0,-14,0,7,13457,0
13482117,13467,0,-822,0,-10,0,-14,0,7,13467,0
13492117,13477,0,-822,0,10,0,4,0,7,13477,0
13502118,13487,0,-822,0,-3,0,-4,0,7,13487,0
13512119,13497,0,-822,0,-3,0,-14,0,7,13497,0
13522117,13507,0,-822,0,-10,0,-14,0,7,13507,0
13532122,13517,0,-822,0,3,0,-4,0,7,13517,0
13542117,13527,0,-822,0,-3,0,-14,0,7,13527,0
13552118,13537,0,-822,0,-3,0,-4,0,7,13537,0
13562117,13547,0,-822,0,-3,0,-4,0,7,13547,0
13572117,13557,0,-822,0,-3,0,-24,0,7,13557,0
13582121,13567,0,-822,0,-10,0,-4,0,7,13567,0
13592117,13577,0,-822,0,-3,0,-14,0,7,13577,0
13602117,13587,0,-822,0,-3,0,-4,0,7,13587,0
13612117,13597,0,-822,0,-18,0,-4,0,7,13597,0
13622118,13607,0,-822,0,10,0,-4,0,7,13607,0
13632122,13617,0,-822,0,-10,0,-4,0,7,13617,0
13642118,13627,0,-822,0,3,0,-14,0,7,13627,0
13652119,13637,0,-822,0,-3,0,-14,0,7,13637,0
13662118,13647,0,-822,0,-3,0,-14,0,7,13647,0
13672117,13657,0,-822,0,3,0,-14,0,7,13657,0
13682121,13667,0,-822,0,3,0,-14,0,7,13667,0
13692117,13677,0,-822,0,-3,0,-4,0,7,13677,0
13702119,13687,0,-822,0,-3,0,-4,0,7,13687,0
13712118,13697,0,-822,0,-3,0,-14,0,7,13697,0
13722117,13707,0,-822,0,-3,0,-4,0,7,13707,0
13732123,13717,0,-822,0,-3,0,-14,0,7,13717,0
13742117,13727,0,-822,0,-10,0,-4,0,7,13727,0
13752120,13737,0,-822,0,-3,0,-4,0,7,13737,0
13762117,13747,0,-822,0,-3,0,-14,0,7,13747,0
13772118,13757,0,-822,0,-10,0,-14,0,7,13757,0
13782121,13767,0,-822,0,-3,0,-4,0,7,13767,0
13792117,13777,0,-822,0,3,0,-4,0,7,13777,0
13802119,13787,0,-822,0,-3,0,-4,0,7,13787,0
13812117,13797,0,-822,0,3,0,-14,0,7,13797,0
13822121,13807,0,-822,0,-3,0,-4,0,7,13807,0
13832118,13817,0,-822,0,-3,0,-14,0,7,13817,0
13842117,13827,0,-822,0,-18,0,-14,0,7,13827,0
13852118,13837,0,-822,0,-10,0,-14,0,7,13837,0
13862117,13847,0,-822,0,3,0,-4,0,7,13847,0
13872121,13857,0,-822,0,-10,0,-4,0,7,13857,0
13882117,13867,0,-822,0,-3,0,-14,0,7,13867,0
13892117,13877,0,-822,0,-10,0,-14,0,7,13877,0
13902119,13887,0,-822,0,-10,0,-14,0,7,13887,0
13912117,13897,0,-822,0,-3,0,-14,0,7,13897,0
13922121,13907,0,-822,0,-10,0,-24,0,7,13907,0
13932118,13917,0,-822,0,3,0,-14,0,7,13917,0
13942119,13927,0,-822,0,-3,0,-14,0,7,13927,0
13952118,13937,0,-822,0,-3,0,-24,0,7,13937,0
13962118,13947,0,-822,0,-3,0,-14,0,7,13947,0
13972121,13957,0,-822,0,-10,0,-4,0,7,13957,0
13982117,13967,0,-822,0,-3,0,-4,0,7,13967,0
13992119,13977,0,-822,0,3,0,-4,0,7,13977,0
14002119,13987,0,-822,0,-10,0,-4,0,7,13987,0
14012118,13997,0,-822,0,-18,0,-14,0,7,13997,0
14022121,14007,0,-822,0,-3,0,-4,0,7,14007,0
14032118,14017,0,-822,0,3,0,4,0,7,14017,0
14042119,14027,0,-822,0,-10,0,-4,0,7,14027,0
14052118,14037,0,-822,0,-10,0,-14,0,7,14037,0
14062117,14047,0,-822,0,-10,0,-4,0,7,14047,0
14072121,14057,0,-822,0,3,0,-4,0,7,14057,0
14082117,14067,0,-822,0,-3,0,-4,0,7,14067,0
14092119,14077,0,-822,0,3,0,-14,0,7,14077,0
14102118,14087,0,-822,0,-10,0,-4,0,7,14087,0
14112131,14097,0,-822,0,-3,0,4,0,7,14097,0
14122117,14107,0,-822,0,-3,0,-4,0,7,14107,0
14132118,14117,0,-822,0,-3,0,-14,0,7,14117,0
14142120,14127,0,-822,0,-10,0,-4,0,7,14127,0
14152118,14137,0,-822,0,-10,0,-14,0,7,14137,0
14162120,14147,0,-822,0,-3,0,-4,0,7,14147,0
14172117,14157,0,-822,0,-10,0,-4,0,7,14157,0
14182117,14167,0,-822,0,3,0,4,0,7,14167,0
14192119,14177,0,-822,0,3,0,4,0,7,14177,0
14202118,14187,0,-822,0,3,0,-4,0,7,14187,0
14212139,14197,0,-822,0,-10,0,-4,0,7,14197,0
14222117,14207,0,-822,0,-18,0,-4,0,7,14207,0
14232119,14217,0,-822,0,3,0,-4,0,7,14217,0
14242117,14227,0,-822,0,-10,0,-14,0,7,14227,0
14252117,14237,0,-822,0,-3,0,-4,0,7,14237,0
14262121,14247,0,-822,0,-18,0,-14,0,7,14247,0
14272117,14257,0,-822,0,-3,0,-14,0,7,14257,0
14282119,14267,0,-822,0,-3,0,-14,0,7,14267,0
14292117,14277,0,-822,0,-3,0,-14,0,7,14277,0
14302118,14287,0,-822,0,-10,0,-4,0,7,14287,0
14312121,14297,0,-822,0,-3,0,-14,0,7,14297,0
14322117,14307,0,-822,0,-3,0,-4,0,7,14307,0
14332120,14317,0,-822,0,3,0,-4,0,7,14317,0
14342118,14327,0,-822,0,-18,0,-4,0,7,14327,0
14352117,14337,0,-822,0,-3,0,-14,0,7,14337,0
14362121,14347,0,-822,0,-18,0,-14,0,7,14347,0
14372117,14357,0,-822,0,-3,0,-4,0,7,14357,0
14382120,14367,0,-822,0,-10,0,4,0,7,14367,0
14392118,14377,0,-822,0,-3,0,-4,0,7,14377,0
14402118,14387,0,-822,0,3,0,-14,0,7,14387,0
14412117,14397,0,-822,0,-10,0,-14,0,7,14397,0
14422117,14407,0,-822,0,-3,0,-14,0,7,14407,0
14432120,14417,0,-822,0,-3,0,-14,0,7,14417,0
14442117,14427,0,-822,0,-3,0,-4,0,7,14427,0
14452118,14437,0,-822,0,-10,0,-14,0,7,14437,0
14462117,14447,0,-822,0,-3,0,14,0,7,14447,0
14472117,14457,0,-822,0,3,0,-4,0,7,14457,0
14482119,14467,0,-822,0,-3,0,-4,0,7,14467,0
14492117,14477,0,-822,0,-3,0,-14,0,7,14477,0
14502121,14487,0,-822,0,-10,0,-4,0,7,14487,0
14512117,14497,0,-822,0,-10,0,-14,0,7,14497,0
14522117,14507,0,-822,0,3,0,-14,0,7,14507,0
14532119,14517,0,-822,0,3,0,-14,0,7,14517,0
14542117,14527,0,-822,0,10,0,-4,0,7,14527,0
14552121,14537,0,-822,0,-10,0,-14,0,7,14537,0
14562117,14547,0,-822,0,3,0,-4,0,7,14547,0
14572117,14557,0,-822,0,3,0,-14,0,7,14557,0
14582118,14567,0,-822,0,-3,0,-24,0,7,14567,0
14592118,14577,0,-822,0,10,0,-4,0,7,14577,0
14602121,14587,0,-822,0,10,0,-4,0,7,14587,0
14612117,14597,0,-822,0,3,0,-4,0,7,14597,0
14622119,14607,0,-822,0,10,0,-24,0,7,14607,0
14632119,14617,0,-822,0,-3,0,-14,0,7,14617,0
14642117,14627,0,-822,0,10,0,-4,0,7,14627,0
14652121,14637,0,-822,0,-3,0,-14,0,7,14637,0
14662117,14647,0,-822,0,-3,0,-4,0,7,14647,0
14672119,14657,0,-822,0,10,0,-14,0,7,14657,0
14682118,14667,0,-822,0,-3,0,-14,0,7,14667,0
14692117,14677,0,-822,0,-3,0,-4,0,7,14677,0
14702118,14687,0,-822,0,-3,0,-4,0,7,14687,0
14712118,14697,0,-822,0,-10,0,-14,0,7,14697,0
14722119,14707,0,-822,0,-10,0,-4,0,7,14707,0
14732118,14717,0,-822,0,3,0,-4,0,7,14717,0
14742118,14727,0,-822,0,-10,0,-14,0,7,14727,0
14752117,14737,0,-822,0,3,0,-4,0,7,14737,0
14762118,14747,0,-822,0,3,0,-14,0,7,14747,0
14772119,14757,0,-822,0,-10,0,-4,0,7,14757,0
14782117,14767,0,-822,0,-10,0,-14,0,7,14767,0
14792121,14777,0,-822,0,3,0,-14,0,7,14777,0
14802117,14787,0,-822,0,3,0,-4,0,7,14787,0
14812117,14797,0,-822,0,3,0,-4,0,7,14797,0
14822118,14807,0,-822,0,3,0,-4,0,7,14807,0
14832119,14817,0,-822,0,3,0,-4,0,7,14817,0
14842121,14827,0,-822,0,-3,0,-4,0,7,14827,0
14852117,14837,0,-822,0,3,0,-24,0,7,14837,0
14862117,14847,0,-822,0,3,0,-4,0,7,14847,0
14872118,14857,0,-822,0,3,0,-14,0,7,14857,0
14882118,14867,0,-822,0,3,0,-14,0,7,14867,0
14892122,14877,0,-822,0,-10,0,-24,0,7,14877,0
14902117,14887,0,-822,0,-3,0,-4,0,7,14887,0
14912119,14897,0,-822,0,-3,0,4,0,7,14897,0
14922118,14907,0,-822,0,3,0,-4,0,7,14907,0
14932119,14917,0,-822,0,-3,0,-4,0,7,14917,0
14942121,14927,0,-822,0,-18,0,-4,0,7,14927,0
14952117,14937,0,-822,0,3,0,-4,0,7,14937,0
14962119,14947,0,-822,0,-10,0,-4,0,7,14947,0
14972118,14957,0,-822,0,10,0,-4,0,7,14957,0
14982118,14967,0,-822,0,-3,0,-4,0,7,14967,0
14992117,14977,0,-822,0,-10,0,-14,0,7,14977,0
15002117,14987,0,-822,0,-3,0,-14,0,7,14987,0
15012120,14997,0,-822,0,-3,0,-4,0,7,14997,0
15022117,15007,0,-822,0,3,0,-4,0,7,15007,0
15032119,15017,0,-822,0,-3,0,-14,0,7,15017,0
15042117,15027,0,-822,0,-3,0,-4,0,7,15027,0
15052117,15037,0,-822,0,-10,0,-14,0,7,15037,0
15062119,15047,0,-822,0,-3,0,-4,0,7,15047,0
15072118,15057,0,-822,0,3,0,-4,0,7,15057,0
15082121,15067,0,-822,0,-10,0,-14,0,7,15067,0
15092117,15077,0,-822,0,3,0,-14,0,7,15077,0
15102118,15087,0,-822,0,-10,0,-14,0,7,15087,0
15112117,15097,0,-822,0,3,0,-4,0,7,15097,0
15122118,15107,0,-822,0,3,0,4,0,7,15107,0
15132122,15117,0,-822,0,-3,0,-4,0,7,15117,0
15142127,15127,0,-822,0,3,0,-4,0,7,15127,0
15152117,15137,0,-822,0,-3,0,-4,0,7,15137,0
15162118,15147,0,-822,0,3,0,-4,0,7,15147,0
15172117,15157,0,-822,0,-10,0,-4,0,7,15157,0
15182121,15167,0,-822,0,-10,0,-14,0,7,15167,0
15192117,15177,0,-822,0,-10,0,-4,0,7,15177,0
15202119,15187,0,-822,0,-3,0,-4,0,7,15187,0
15212117,15197,0,-822,0,-3,0,4,0,7,15197,0
15222117,15207,0,-822,0,-3,0,-4,0,7,15207,0
15232122,15217,0,-822,0,-10,0,-14,0,7,15217,0
15242135,15227,0,-822,0,3,0,-24,0,7,15227,0
15252119,15237,0,-822,0,3,0,-14,0,7,15237,0
15262118,15247,0,-822,0,3,0,-4,0,7,15247,0
15272117,15257,0,-822,0,-10,0,-14,0,7,15257,0
15282117,15267,0,-822,0,-10,0,-14,0,7,15267,0
15292117,15277,0,-822,0,3,0,-14,0,7,15277,0
15302119,15287,0,-822,0,-10,0,-14,0,7,15287,0
15312118,15297,0,-822,0,-3,0,-4,0,7,15297,0
15322117,15307,0,-822,0,-3,0,-4,0,7,15307,0
15332118,15317,0,-822,0,-10,0,-4,0,7,15317,0
15342117,15327,0,-822,0,3,0,-14,0,7,15327,0
15352120,15337,0,-822,0,10,0,-14,0,7,15337,0
15362122,15347,0,-822,0,3,0,-4,0,7,15347,0
15372121,15357,0,-822,0,-10,0,-14,0,7,15357,0
15382118,15367,0,-822,0,3,0,-4,0,7,15367,0
15392118,15377,0,-822,0,-18,0,-4,0,7,15377,0
15402127,15387,0,-822,0,3,0,-14,0,7,15387,0
15412118,15397,0,-822,0,-10,0,-4,0,7,15397,0
15422122,15407,0,-822,0,3,0,-24,0,7,15407,0
15432123,15417,0,-822,0,3,0,-14,0,7,15417,0
15442118,15427,0,-822,0,3,0,-24,0,7,15427,0
15452118,15437,0,-822,0,-3,0,-14,0,7,15437,0
15462118,15447,0,-822,0,-3,0,-14,0,7,15447,0
15472130,15457,0,-822,0,3,0,-4,0,7,15457,0
15482118,15467,0,-822,0,-10,0,-4,0,7,15467,0
15492120,15477,0,-822,0,-10,0,-4,0,7,15477,0
15502122,15487,0,-822,0,3,0,-4,0,7,15487,0
15512118,15497,0,-822,0,-10,0,-14,0,7,15497,0
15522122,15507,0,-822,0,-3,0,-4,0,7,15507,0
15532119,15517,0,-822,0,-3,0,-14,0,7,15517,0
15542128,15527,0,-822,0,-3,0,-4,0,7,15527,0
15552118,15537,0,-822,0,-10,0,4,0,7,15537,0
15562118,15547,0,-822,0,-10,0,-4,0,7,15547,0
15572126,15557,0,-822,0,-3,0,-4,0,7,15557,0
15582118,15567,0,-822,0,-3,0,-4,0,7,15567,0
15592120,15577,0,-822,0,-3,0,-14,0,7,15577,0
15602118,15587,0,-822,0,3,0,-4,0,7,15587,0
15612127,15597,0,-822,0,10,0,-14,0,7,15597,0
15622118,15607,0,-822,0,-3,0,-4,0,7,15607,0
15632119,15617,0,-822,0,-10,0,-14,0,7,15617,0
15642124,15627,0,-822,0,-10,0,-14,0,7,15627,0
15652118,15637,0,-822,0,3,0,-14,0,7,15637,0
15662122,15647,0,-822,0,-18,0,-4,0,7,15647,0
15672118,15657,0,-822,0,-10,0,-4,0,7,15657,0
15682126,15667,0,-822,0,-10,0,-4,0,7,15667,0
15692118,15677,0,-822,0,-10,0,-14,0,7,15677,0
15702118,15687,0,-822,0,3,0,-14,0,7,15687,0
15712125,15697,0,-822,0,-10,0,-14,0,7,15697,0
15722118,15707,0,-822,0,-3,0,-14,0,7,15707,0
15732119,15717,0,-822,0,-3,0,-14,0,7,15717,0
15742118,15727,0,-822,0,3,0,-4,0,7,15727,0
15752126,15737,0,-822,0,-10,0,-14,0,7,15737,0
15762121,15747,0,-822,0,-3,0,-14,0,7,15747,0
15772118,15757,0,-822,0,-3,0,4,0,7,15757,0
15782124,15767,0,-822,0,-3,0,-14,0,7,15767,0
15792118,15777,0,-822,0,3,0,-14,0,7,15777,0
15802118,15787,0,-822,0,3,0,4,0,7,15787,0
15812122,15797,0,-822,0,-3,0,-14,0,7,15797,0
15822126,15807,0,-822,0,-3,0,-4,0,7,15807,0
15832121,15817,0,-822,0,3,0,-4,0,7,15817,0
15842118,15827,0,-822,0,-3,0,-4,0,7,15827,0
15852122,15837,0,-822,0,-10,0,-4,0,7,15837,0
15862122,15847,0,-822,0,-3,0,-14,0,7,15847,0
15872118,15857,0,-822,0,-10,0,-14,0,7,15857,0
15882119,15867,0,-822,0,-10,0,4,0,7,15867,0
15892126,15877,0,-822,0,3,0,-4,0,7,15877,0
15902118,15887,0,-822,0,-10,0,-24,0,7,15887,0
15912121,15897,0,-822,0,-3,0,-14,0,7,15897,0
15922122,15907,0,-822,0,-3,0,-24,0,7,15907,0
15932122,15917,0,-822,0,-3,0,4,0,7,15917,0
15942118,15927,0,-822,0,3,0,4,0,7,15927,0
15952122,15937,0,-822,0,-3,0,-4,0,7,15937,0
15962126,15947,0,-822,0,-10,0,-14,0,7,15947,0
15972118,15957,0,-822,0,-3,0,-14,0,7,15957,0
15982120,15967,0,-822,0,-3,0,-14,0,7,15967,0
15992122,15977,0,-822,0,-3,0,-14,0,7,15977,0
16002122,15987,0,-822,0,-10,0,-14,0,7,15987,0
16012118,15997,0,-822,0,-10,0,-4,0,7,15997,0
16022118,16007,0,-822,0,3,0,-14,0,7,16007,0
16032129,16017,0,-822,0,-18,0,-14,0,7,16017,0
16042118,16027,0,-822,0,-3,0,-14,0,7,16027,0
16052122,16037,0,-822,0,-3,0,4,0,7,16037,0
16062122,16047,0,-822,0,10,0,-4,0,7,16047,0
16072120,16057,0,-822,0,-3,0,4,0,7,16057,0
16082119,16067,0,-822,0,-10,0,-4,0,7,16067,0
16092118,16077,0,-822,0,-10,0,-4,0,7,16077,0
16102130,16087,0,-822,0,3,0,-14,0,7,16087,0
16112118,16097,0,-822,0,-3,0,-14,0,7,16097,0
16122119,16107,0,-822,0,-3,0,-14,0,7,16107,0
16132123,16117,0,-822,0,3,0,-14,0,7,16117,0
16142118,16127,0,-822,0,-10,0,-4,0,7,16127,0
16152122,16137,0,-822,0,-3,0,-24,0,7,16137,0
16162118,16147,0,-822,0,3,0,-14,0,7,16147,0
16172128,16157,0,-822,0,-10,0,4,0,7,16157,0
16182118,16167,0,-822,0,3,0,4,0,7,16167,0
16192118,16177,0,-822,0,-18,0,-4,0,7,16177,0
16202126,16187,0,-822,0,-10,0,-4,0,7,16187,0
16212118,16197,0,-822,0,-10,0,-4,0,7,16197,0
16222121,16207,0,-822,0,-3,0,-14,0,7,16207,0
16232119,16217,0,-822,0,-3,0,-4,0,7,16217,0
16242130,16227,0,-822,0,-3,0,-4,0,7,16227,0
16252118,16237,0,-822,0,3,0,-14,0,7,16237,0
16262118,16247,0,-822,0,-10,0,-4,0,7,16247,0
16272123,16257,0,-822,0,-3,0,-14,0,7,16257,0
16282118,16267,0,-822,0,-3,0,-14,0,7,16267,0
16292122,16277,0,-822,0,-3,0,-4,0,7,16277,0
16302118,16287,0,-822,0,-3,0,-14,0,7,16287,0
16312126,16297,0,-822,0,3,0,-14,0,7,16297,0
16322120,16307,0,-822,0,-3,0,-4,0,7,16307,0
16332119,16317,0,-822,0,3,0,-14,0,7,16317,0
16342125,16327,0,-822,0,3,0,-4,0,7,16327,0
16352118,16337,0,-822,0,-3,0,-4,0,7,16337,0
16362120,16347,0,-822,0,-3,0,-14,0,7,16347,0
16372118,16357,0,-822,0,-10,0,-14,0,7,16357,0
16382126,16367,0,-822,0,-10,0,-4,0,7,16367,0
16392122,16377,0,-822,0,-10,0,-14,0,7,16377,0
16402118,16387,0,-822,0,-3,0,-14,0,7,16387,0
16412124,16397,0,-822,0,3,0,-14,0,7,16397,0
16422118,16407,0,-822,0,3,0,-4,0,7,16407,0
16432119,16417,0,-822,0,-18,0,-4,0,7,16417,0
16442122,16427,0,-822,0,3,0,-14,0,7,16427,0
16452126,16437,0,-822,0,-18,0,-14,0,7,16437,0
16462120,16447,0,-822,0,-3,0,-4,0,7,16447,0
16472118,16457,0,-822,0,-3,0,-14,0,7,16457,0
16482122,16467,0,-822,0,-18,0,-14,0,7,16467,0
16492121,16477,0,-822,0,3,0,-4,0,7,16477,0
16502118,16487,0,-822,0,-10,0,-14,0,7,16487,0
16512119,16497,0,-822,0,3,0,-14,0,7,16497,0
16522126,16507,0,-822,0,3,0,-4,0,7,16507,0
16532119,16517,0,-822,0,3,0,-4,0,7,16517,0
16542119,16527,0,-822,0,-10,0,-4,0,7,16527,0
16552123,16537,0,-822,0,18,0,-14,0,7,16537,0
16562121,16547,0,-822,0,-3,0,-14,0,7,16547,0
16572119,16557,0,-822,0,-3,0,-4,0,7,16557,0
16582119,16567,1,-822,0,-10,60,-14,400,7,16567,0
16592126,16577,1,-822,0,-3,262,73,404,7,16577,0
16602118,16587,1,-822,0,3,466,210,407,7,16587,0
16612120,16597,1,-822,0,3,671,395,410,7,16597,0
16622122,16607,1,-822,0,-10,877,590,413,7,16607,0
16632123,16617,1,-822,0,3,1084,825,416,7,16617,0
16642118,16627,1,-822,0,-3,1292,1040,420,7,16627,0
16652118,16637,1,-822,0,10,1501,1274,423,7,16637,0
16662126,16647,1,-822,0,3,1710,1509,426,7,16647,0
16672118,16657,1,-822,0,3,1920,1724,429,7,16657,0
16682121,16667,1,-822,0,3,2129,1929,432,7,16667,0
16692121,16677,1,-822,0,-3,2339,2144,436,7,16677,0
16702118,16687,1,-822,0,3,2549,2358,439,7,16687,0
16712118,16697,1,-822,0,-3,2758,2564,442,7,16697,0
16722118,16707,1,-822,0,-3,2966,2769,445,7,16707,0
16732131,16717,1,-822,0,3,3174,2984,448,7,16717,0
16742118,16727,1,-822,0,18,3380,3179,452,7,16727,0
16752119,16737,1,-821,0,40,3586,3404,455,7,16737,0
16762122,16747,1,-821,0,18,3790,3619,458,7,16747,0
16772118,16757,1,-821,0,18,3992,3824,461,7,16757,0
16782122,16767,1,-820,0,25,4192,4029,464,7,16767,0
16792118,16777,1,-820,0,25,4390,4205,468,7,16777,0
16802128,16787,1,-820,0,25,4585,4400,471,7,16787,0
16812118,16797,1,-820,0,18,4778,4595,474,7,16797,0
16822118,16807,1,-819,0,32,4968,4752,477,7,16807,0
16832123,16817,1,-818,0,69,5154,4927,480,7,16817,0
16842117,16827,1,-818,0,69,5337,5152,484,7,16827,0
16852120,16837,1,-817,0,69,5517,5347,487,7,16837,0
16862118,16847,1,-816,0,120,5692,5484,490,7,16847,0
16872126,16857,1,-814,0,113,5863,5797,493,7,16857,0
16882118,16867,1,-813,0,128,6030,5787,496,7,16867,0
16892118,16877,1,-812,0,150,6191,6070,500,7,16877,0
16902124,16887,1,-809,0,238,6348,6139,503,7,16887,0
16912118,16897,1,-808,0,179,6499,6285,506,7,16897,0
16922121,16907,1,-805,0,194,6645,6539,509,7,16907,0
16932119,16917,1,-802,0,230,6784,6783,512,7,16917,0
16942126,16927,1,-800,0,260,6918,6822,516,7,16927,0
16952118,16937,1,-796,0,296,7045,6998,519,7,16937,0
16962118,16947,1,-792,0,369,7165,7008,522,7,16947,0
16972125,16957,1,-789,0,391,7278,7096,525,7,16957,0
16982118,16967,1,-784,0,428,7384,7213,528,7,16967,0
16992118,16977,1,-779,0,487,7483,7389,532,7,16977,0
17002118,16987,1,-774,0,538,7573,7467,535,7,16987,0
17012126,16997,1,-769,0,567,7656,7526,538,7,16997,0
17022122,17007,1,-762,0,619,7730,7584,541,7,17007,0
17032119,17017,1,-756,0,626,7796,7672,544,7,17017,0
17042124,17027,1,-750,0,663,7853,7731,548,7,17027,0
17052118,17037,1,-743,0,714,7901,7760,551,7,17037,0
17062118,17047,1,-735,0,750,7940,7829,554,7,17047,0
17072121,17057,1,-727,0,787,7969,7926,557,7,17057,0
17082126,17067,1,-719,0,831,7989,7965,560,7,17067,0
17092120,17077,1,-710,0,853,7998,7956,564,7,17077,0
17102118,17087,1,-701,0,919,7998,7897,567,7,17087,0
17112122,17097,1,-692,0,941,7988,7926,570,7,17097,0
17122118,17107,1,-681,0,1029,7967,7907,573,7,17107,0
17132119,17117,1,-671,0,1036,7936,7936,576,7,17117,0
17142120,17127,1,-660,0,1065,7894,7897,580,7,17127,0
17152126,17137,1,-649,0,1117,7841,7770,583,7,17137,0
17162118,17147,1,-637,0,1168,7778,7838,586,7,17147,0
17172118,17157,1,-626,0,1183,7703,7721,589,7,17157,0
17182121,17167,1,-614,0,1190,7618,7604,592,7,17167,0
17192119,17177,1,-601,0,1300,7521,7496,596,7,17177,0
17202118,17187,1,-588,0,1300,7414,7467,599,7,17187,0
17212121,17197,1,-575,0,1293,7295,7389,602,7,17197,0
17222126,17207,1,-561,0,1388,7165,7164,605,7,17207,0
17232119,17217,1,-547,0,1410,7024,7076,608,7,17217,0
17242118,17227,1,-532,0,1395,6872,7028,612,7,17227,0
17252122,17237,1,-518,0,1454,6709,6764,615,7,17237,0
17262122,17247,1,-503,0,1505,6535,6666,618,7,17247,0
17272118,17257,1,-488,0,1483,6351,6520,621,7,17257,0
17282118,17267,1,-473,0,1571,6155,6168,624,7,17267,0
17292126,17277,1,-457,0,1549,5949,6129,628,7,17277,0
17302118,17287,1,-441,0,1549,5733,5924,631,7,17287,0
17312122,17297,1,-425,0,1630,5507,5553,634,7,17297,0
17322121,17307,1,-409,0,1630,5270,5455,637,7,17307,0
17332121,17317,1,-392,0,1615,5025,5152,640,7,17317,0
17342118,17327,1,-376,0,1666,4769,4937,644,7,17327,0
17352118,17337,1,-359,0,1637,4505,4771,647,7,17337,0
17362129,17347,1,-342,0,1673,4231,4341,650,7,17347,0
17372118,17357,1,-325,0,1710,3950,4244,653,7,17357,0
17382120,17367,1,-308,0,1673,3660,3902,656,7,17367,0
17392122,17377,1,-290,0,1747,3363,3501,660,7,17377,0
17402118,17387,1,-274,0,1717,3058,3296,663,7,17387,0
17412118,17397,1,-257,0,1725,2747,2915,666,7,17397,0
17422118,17407,1,-239,0,1725,2429,2730,669,7,17407,0
17432129,17417,1,-223,0,1659,2105,2466,672,7,17417,0
17442118,17427,1,-205,0,1754,1777,1968,676,7,17427,0
17452118,17437,1,-188,0,1703,1443,1811,679,7,17437,0
17462121,17447,1,-171,0,1703,1105,1333,682,7,17447,0
17472118,17457,1,-153,0,1717,763,1010,685,7,17457,0
17482120,17467,1,-137,0,1659,419,786,688,7,17467,0
17492118,17477,1,-120,0,1659,72,405,692,7,17477,0
17502130,17487,1,-103,0,1659,-276,190,695,7,17487,0
17512118,17497,1,-87,0,1615,-625,-34,698,7,17497,0
17522118,17507,1,-71,0,1615,-976,-356,701,7,17507,0
17532123,17517,1,-55,0,1586,-1326,-874,704,7,17517,0
17542118,17527,1,-40,0,1505,-1674,-1264,708,7,17527,0
17552121,17537,1,-25,0,1476,-2021,-1684,711,7,17537,0
17562118,17547,1,-10,0,1527,-2366,-2114,714,7,17547,0
17572125,17557,1,4,0,1483,-2707,-2358,717,7,17557,0
17582118,17567,1,18,0,1461,-3045,-2749,720,7,17567,0
17592118,17577,1,33,0,1424,-3377,-3091,724,7,17577,0
17602126,17587,1,46,0,1373,-3705,-3306,727,7,17587,0
17612118,17597,1,60,0,1344,-4025,-3736,730,7,17597,0
17622120,17607,1,73,0,1344,-4339,-4078,733,7,17607,0
17632119,17617,1,86,0,1234,-4645,-4273,736,7,17617,0
17642126,17627,1,98,0,1197,-4942,-4595,740,7,17627,0
17652122,17637,1,109,0,1168,-5229,-5015,743,7,17637,0
17662118,17647,1,121,0,1117,-5507,-5162,746,7,17647,0
17672123,17657,1,132,0,1080,-5774,-5514,749,7,17657,0
17682118,17667,1,142,0,985,-6028,-5728,752,7,17667,0
17692118,17677,1,151,0,985,-6271,-6021,756,7,17677,0
17702118,17687,1,160,0,912,-6500,-6295,759,7,17687,0
17712126,17697,1,169,0,853,-6716,-6490,762,7,17697,0
17722120,17707,1,177,0,787,-6916,-6725,765,7,17707,0
17732119,17717,1,184,0,721,-7102,-6832,768,7,17717,0
17742122,17727,1,191,0,677,-7272,-7057,772,7,17727,0
17752117,17737,1,198,0,648,-7425,-7213,775,7,17737,0
17762117,17747,1,203,0,567,-7562,-7350,778,7,17747,0
17772120,17757,1,208,0,538,-7681,-7496,781,7,17757,0
17782126,17767,1,213,0,450,-7781,-7692,784,7,17767,0
17792122,17777,1,216,0,362,-7863,-7721,788,7,17777,0
17802118,17787,1,219,0,296,-7927,-7672,791,7,17787,0
17812121,17797,1,222,0,223,-7970,-7799,794,7,17797,0
17822118,17807,1,224,0,201,-7995,-7848,797,7,17807,0
17832119,17817,1,224,0,106,-7999,-7936,800,7,17817,0
17842122,17827,1,225,0,40,-7982,-7946,804,7,17827,0
17852126,17837,1,225,0,-10,-7946,-7926,807,7,17837,0
17862118,17847,1,224,0,-54,-7888,-7868,810,7,17847,0
17872117,17857,1,224,0,-106,-7810,-7829,813,7,17857,0
17882122,17867,1,222,0,-150,-7711,-7692,816,7,17867,0
17892121,17877,1,220,0,-164,-7592,-7780,820,7,17877,0
17902118,17887,1,218,0,-230,-7452,-7467,823,7,17887,0
17912120,17897,1,216,0,-304,-7291,-7272,826,7,17897,0
17922126,17907,1,213,0,-311,-7110,-7067,829,7,17907,0
17932119,17917,1,209,0,-384,-6909,-7037,832,7,17917,0
17942121,17927,1,206,0,-391,-6688,-6813,836,7,17927,0
17952121,17937,1,201,0,-421,-6448,-6559,839,7,17937,0
17962120,17947,1,197,0,-428,-6189,-6442,842,7,17947,0
17972118,17957,1,192,0,-516,-5911,-6100,845,7,17957,0
17982118,17967,1,187,0,-531,-5616,-5816,848,7,17967,0
17992130,17977,1,182,0,-545,-5303,-5474,852,7,17977,0
18002118,17987,1,176,0,-538,-4975,-5191,855,7,17987,0
18012120,17997,1,171,0,-582,-4631,-4879,858,7,17997,0
18022122,18007,1,165,0,-611,-4271,-4517,861,7,18007,0
18032119,18017,1,159,0,-604,-3898,-4253,864,7,18017,0
18042122,18027,1,152,0,-641,-3512,-3824,868,7,18027,0
18052118,18037,1,146,0,-677,-3115,-3413,871,7,18037,0
18062128,18047,1,139,0,-626,-2706,-3120,874,7,18047,0
18072118,18057,1,133,0,-648,-2288,-2671,877,7,18057,0
18082122,18067,1,126,0,-670,-1861,-2222,880,7,18067,0
18092121,18077,1,120,0,-648,-1427,-1851,884,7,18077,0
18102118,18087,1,113,0,-677,-987,-1372,887,7,18087,0
18112120,18097,1,106,0,-655,-542,-962,890,7,18097,0
18122118,18107,1,99,0,-684,-94,-610,893,7,18107,0
18132131,18117,1,94,0,-589,355,-297,896,7,18117,0
18142118,18127,1,88,0,-626,805,151,900,7,18127,0
18152118,18137,1,81,0,-582,1255,590,903,7,18137,0
18162123,18147,1,76,0,-523,1702,1147,906,7,18147,0
18172118,18157,1,71,0,-523,2145,1821,909,7,18157,0
18182122,18167,1,66,0,-597,2582,2251,912,7,18167,0
18192118,18177,1,60,0,-538,3013,2603,916,7,18177,0
18202128,18187,1,55,0,-501,3435,3013,919,7,18187,0
18212118,18197,1,51,0,-465,3847,3433,922,7,18197,0
18222118,18207,1,46,0,-487,4248,3902,925,7,18207,0
18232126,18217,1,42,0,-355,4635,4205,928,7,18217,0
18242117,18227,1,38,0,-362,5008,4595,932,7,18227,0
18252120,18237,1,35,0,-355,5365,5054,935,7,18237,0
18262118,18247,1,33,0,-289,5705,5435,938,7,18247,0
18272126,18257,1,31,0,-201,6027,5709,941,7,18257,0
18282122,18267,1,29,0,-135,6327,5875,944,7,18267,0
18292118,18277,1,28,0,-164,6607,6373,948,7,18277,0
18302124,18287,1,27,0,-54,6864,6568,951,7,18287,0
18312118,18297,1,27,0,-18,7098,6822,954,7,18297,0
18322118,18307,1,27,0,25,7307,7067,957,7,18307,0
18332123,18317,1,28,0,47,7490,7252,960,7,18317,0
18342126,18327,1,29,0,128,7646,7379,964,7,18327,0
18352120,18337,1,30,0,113,7774,7594,967,7,18337,0
18362118,18347,1,32,0,201,7875,7731,970,7,18347,0
18372126,18357,1,34,0,260,7946,7721,973,7,18357,0
18382118,18367,1,37,0,267,7988,7877,976,7,18367,0
18392118,18377,1,40,0,296,7999,7956,980,7,18377,0
18402120,18387,1,43,0,347,7981,7868,983,7,18387,0
18412126,18397,1,47,0,377,7931,7877,986,7,18397,0
18422122,18407,1,51,0,421,7852,7877,989,7,18407,0
18432119,18417,1,56,0,494,7741,7829,992,7,18417,0
18442122,18427,1,61,0,538,7600,7633,996,7,18427,0
18452120,18437,1,67,0,560,7429,7506,999,7,18437,0
18462118,18447,1,73,0,619,7228,7379,1002,7,18447,0
18472122,18457,1,79,0,619,6997,7115,1005,7,18457,0
18482126,18467,1,85,0,648,6738,6832,1008,7,18467,0
18492119,18477,1,92,0,706,6451,6647,1012,7,18477,0
18502118,18487,1,100,0,728,6136,6354,1015,7,18487,0
18512122,18497,1,108,0,772,5796,6012,1018,7,18497,0
18522122,18507,1,116,0,780,5431,5719,1021,7,18507,0
18532119,18517,1,124,0,816,5042,5328,1024,7,18517,0
18542119,18527,1,132,0,846,4632,4908,1028,7,18527,0
18552126,18537,1,140,0,860,4200,4517,1031,7,18537,0
18562118,18547,1,149,0,868,3750,4058,1034,7,18547,0
18572122,18557,1,158,0,868,3282,3677,1037,7,18557,0
18582122,18567,1,167,0,868,2799,3179,1040,7,18567,0
18592120,18577,1,176,0,904,2302,2739,1044,7,18577,0
18602119,18587,1,185,0,904,1794,2183,1047,7,18587,0
18612118,18597,1,194,0,897,1277,1753,1050,7,18597,0
18622130,18607,1,203,0,897,752,1245,1053,7,18607,0
18632119,18617,1,211,0,875,223,757,1056,7,18617,0
18642120,18627,1,220,0,816,-308,366,1060,7,18627,0
18652122,18637,1,227,0,706,-840,43,1063,7,18637,0
18662118,18647,1,235,0,802,-1370,-678,1066,7,18647,0
18672118,18657,1,242,0,699,-1896,-1225,1069,7,18657,0
18682118,18667,1,250,0,787,-2414,-2065,1072,7,18667,0
18692128,18677,1,258,0,765,-2924,-2437,1076,7,18677,0
18702118,18687,1,265,0,743,-3420,-3023,1079,7,18687,0
18712118,18697,1,272,0,692,-3903,-3462,1082,7,18697,0
18722122,18707,1,279,0,655,-4370,-3912,1085,7,18707,0
18732119,18717,1,285,0,648,-4817,-4400,1088,7,18717,0
18742120,18727,1,291,0,589,-5243,-4830,1092,7,18727,0
18752118,18737,1,297,0,545,-5645,-5260,1095,7,18737,0
18762130,18747,1,302,0,509,-6023,-5699,1098,7,18747,0
18772117,18757,1,306,0,428,-6371,-5982,1101,7,18757,0
18782118,18767,1,310,0,377,-6691,-6422,1104,7,18767,0
18792122,18777,1,313,0,311,-6980,-6578,1108,7,18777,0
18802118,18787,1,315,0,238,-7235,-6940,1111,7,18787,0
18812121,18797,1,318,0,223,-7456,-7145,1114,7,18797,0
18822118,18807,1,319,0,179,-7641,-7496,1117,7,18807,0
18832127,18817,1,320,0,84,-7788,-7633,1120,7,18817,0
18842118,18827,1,320,0,25,-7898,-7750,1124,7,18827,0
18852118,18837,1,320,0,-18,-7968,-7838,1127,7,18837,0
18862126,18847,1,320,0,-91,-7998,-7868,1130,7,18847,0
18872118,18857,1,318,0,-135,-7988,-7936,1133,7,18857,0
18882119,18867,1,317,0,-135,-7938,-7897,1136,7,18867,0
18892118,18877,1,315,0,-172,-7847,-8024,1140,7,18877,0
18902126,18887,1,312,0,-267,-7715,-7702,1143,7,18887,0
18912122,18897,1,310,0,-318,-7543,-7584,1146,7,18897,0
18922118,18907,1,306,0,-333,-7331,-7340,1149,7,18907,0
18932125,18917,1,303,0,-362,-7080,-7311,1152,7,18917,0
18942118,18927,1,299,0,-413,-6792,-6920,1156,7,18927,0
18952118,18937,1,295,0,-406,-6467,-6637,1159,7,18937,0
18962118,18947,1,290,0,-443,-6107,-6393,1162,7,18947,0
18972126,18957,1,285,0,-516,-5712,-6051,1165,7,18957,0
18982120,18967,1,280,0,-567,-5287,-5582,1168,7,18967,0
18992118,18977,1,275,0,-567,-4831,-5211,1172,7,18977,0
19002122,18987,1,269,0,-589,-4348,-4752,1175,7,18987,0
19012118,18997,1,264,0,-597,-3840,-4253,1178,7,18997,0
19022117,19007,1,257,0,-597,-3310,-3765,1181,7,19007,0
19032121,19017,1,252,0,-604,-2760,-3199,1184,7,19017,0
19042126,19027,1,246,0,-619,-2192,-2661,1188,7,19027,0
19052121,19037,1,239,0,-655,-1612,-2075,1191,7,19037,0
19062118,19047,1,233,0,-619,-1021,-1587,1194,7,19047,0
19072122,19057,1,227,0,-611,-422,-1020,1197,7,19057,0
19082118,19067,1,221,0,-589,179,-503,1200,7,19067,0
19092118,19077,1,215,0,-545,783,-122,1204,7,19077,0
19102122,19087,1,211,0,-479,1383,483,1207,7,19087,0
19112126,19097,1,206,0,-472,1977,1304,1210,7,19097,0
19122118,19107,1,201,0,-545,2561,2134,1213,7,19107,0
19132119,19117,1,196,0,-523,3132,2603,1216,7,19117,0
19142122,19127,1,191,0,-465,3686,3130,1220,7,19127,0
19152122,19137,1,186,0,-443,4219,3658,1223,7,19137,0
19162118,19147,1,181,0,-479,4729,4273,1226,7,19147,0
19172120,19157,1,178,0,-391,5213,4664,1229,7,19157,0
19182126,19167,1,174,0,-347,5666,5221,1232,7,19167,0
19192118,19177,1,171,0,-333,6087,5758,1236,7,19177,0
19202122,19187,1,169,0,-252,6472,6129,1239,7,19187,0
19212122,19197,1,167,0,-135,6818,6442,1242,7,19197,0
19222120,19207,1,165,0,-150,7124,6735,1245,7,19207,0
19232119,19217,1,165,0,-69,7387,7067,1248,7,19217,0
19242118,19227,1,165,0,-18,7605,7301,1252,7,19227,0
19252126,19237,1,165,0,10,7777,7526,1255,7,19237,0
19262118,19247,1,165,0,62,7900,7750,1258,7,19247,0
19272119,19257,1,167,0,150,7975,7780,1261,7,19257,0
19282122,19267,1,168,0,157,7999,7956,1264,7,19267,0
19292118,19277,1,170,0,208,7973,7858,1268,7,19277,0
19302118,19287,1,173,0,245,7897,7819,1271,7,19287,0
19312118,19297,1,176,0,274,7769,7789,1274,7,19297,0
19322128,19307,1,179,0,304,7592,7584,1277,7,19307,0
19332119,19317,1,183,0,399,7365,7526,1280,7,19317,0
19342121,19327,1,187,0,399,7090,7242,1284,7,19327,0
19352121,19337,1,191,0,465,6767,6998,1287,7,19337,0
19362118,19347,1,196,0,494,6400,6647,1290,7,19347,0
19372118,19357,1,201,0,516,5990,6275,1293,7,19357,0
19382118,19367,1,207,0,509,5539,5875,1296,7,19367,0
19392129,19377,1,212,0,545,5050,5396,1300,7,19377,0
19402118,19387,1,218,0,604,4527,4898,1303,7,19387,0
19412118,19397,1,224,0,641,3971,4351,1306,7,19397,0
19422122,19407,1,231,0,604,3387,3892,1309,7,19407,0
19432119,19417,1,237,0,633,2780,3286,1312,7,19417,0
19442122,19427,1,244,0,655,2151,2661,1316,7,19427,0
19452118,19437,1,250,0,633,1507,2105,1319,7,19437,0
19462127,19447,1,257,0,641,850,1421,1322,7,19447,0
19472118,19457,1,263,0,648,186,805,1325,7,19457,0
19482118,19467,1,269,0,648,-480,297,1328,7,19467,0
19492125,19477,1,275,0,487,-1145,-53,1332,7,19477,0
19502118,19487,1,278,0,377,-1804,-874,1335,7,19487,0
19512120,19497,1,283,0,509,-2451,-2124,1338,7,19497,0
19522118,19507,1,289,0,501,-3083,-2485,1341,7,19507,0
19532127,19517,1,294,0,479,-3695,-3120,1344,7,19517,0
19542118,19527,1,299,0,472,-4281,-3755,1348,7,19527,0
19552118,19537,1,304,0,465,-4838,-4341,1351,7,19537,0
19562123,19547,1,308,0,406,-5362,-4800,1354,7,19547,0
19572118,19557,1,311,0,362,-5847,-5367,1357,7,19557,0
19582118,19567,1,315,0,311,-6292,-5924,1360,7,19567,0
19592118,19577,1,317,0,289,-6691,-6344,1364,7,19577,0
19602126,19587,1,319,0,172,-7042,-6686,1367,7,19587,0
19612120,19597,1,321,0,106,-7342,-6989,1370,7,19597,0
19622118,19607,1,321,0,84,-7588,-7291,1373,7,19607,0
19632126,19617,1,322,0,10,-7779,-7516,1376,7,19617,0
19642118,19627,1,321,0,-47,-7911,-7711,1380,7,19627,0
19652118,19637,1,321,0,-84,-7984,-7907,1383,7,19637,0
19662118,19647,1,320,0,-113,-7997,-7907,1386,7,19647,0
19672126,19657,1,318,0,-172,-7949,-7956,1389,7,19657,0
19682121,19667,1,315,0,-260,-7841,-7799,1392,7,19667,0
19692117,19677,1,313,0,-230,-7672,-7702,1396,7,19677,0
19702122,19687,1,310,0,-282,-7444,-7555,1399,7,19687,0
19712118,19697,1,307,0,-326,-7157,-7301,1402,7,19697,0
19722118,19707,1,304,0,-369,-6815,-7037,1405,7,19707,0
19732123,19717,1,300,0,-384,-6418,-6715,1408,7,19717,0
19742126,19727,1,296,0,-406,-5970,-6305,1412,7,19727,0
19752120,19737,1,291,0,-479,-5474,-5904,1415,7,19737,0
19762118,19747,1,286,0,-516,-4934,-5347,1418,7,19747,0
19772122,19757,1,281,0,-509,-4353,-4781,1421,7,19757,0
19782121,19767,1,276,0,-531,-3736,-4244,1424,7,19767,0
19792118,19777,1,270,0,-538,-3088,-3589,1428,7,19777,0
19802120,19787,1,265,0,-538,-2414,-2954,1431,7,19787,0
19812126,19797,1,259,0,-545,-1718,-2280,1434,7,19797,0
19822118,19807,1,254,0,-538,-1007,-1645,1437,7,19807,0
19832119,19817,1,249,0,-531,-286,-942,1440,7,19817,0
19842122,19827,1,243,0,-501,438,-444,1444,7,19827,0
19852120,19837,1,239,0,-413,1161,24,1447,7,19837,0
19862118,19847,1,236,0,-355,1875,893,1450,7,19847,0
19872118,19857,1,231,0,-457,2576,2163,1453,7,19857,0
19882130,19867,1,226,0,-479,3258,2652,1456,7,19867,0
19892118,19877,1,221,0,-487,3912,3326,1460,7,19877,0
19902120,19887,1,217,0,-450,4535,3951,1463,7,19887,0
19912122,19897,1,214,0,-340,5122,4527,1466,7,19897,0
19922122,19907,1,210,0,-326,5666,5181,1469,7,19907,0
19932118,19917,1,207,0,-296,6163,5719,1472,7,19917,0
19942118,19927,1,205,0,-238,6609,6295,1476,7,19927,0
19952128,19937,1,203,0,-164,6998,6608,1479,7,19937,0
19962118,19947,1,201,0,-150,7328,6852,1482,7,19947,0
19972122,19957,1,201,0,-76,7595,7301,1485,7,19957,0
19982121,19967,1,200,0,-25,7796,7536,1488,7,19967,0
19992118,19977,1,201,0,18,7930,7711,1492,7,19977,0
20002118,19987,1,201,0,62,7994,7868,1495,7,19987,0
20012118,19997,1,203,0,113,7987,7916,1498,7,19997,0
20022131,20007,1,204,0,164,7910,8034,1501,7,20007,0
20032119,20017,1,206,0,179,7762,7702,1504,7,20017,0
20042120,20027,1,208,0,208,7544,7643,1508,7,20027,0
20052122,20037,1,211,0,238,7258,7506,1511,7,20037,0
20062118,20047,1,214,0,282,6906,7135,1514,7,20047,0
20072122,20057,1,218,0,347,6491,6715,1517,7,20057,0
20082118,20067,1,222,0,391,6016,6451,1520,7,20067,0
20092127,20077,1,226,0,421,5484,5836,1524,7,20077,0
20102118,20087,1,231,0,443,4902,5347,1527,7,20087,0
20112118,20097,1,236,0,479,4273,4742,1530,7,20097,0
20122126,20107,1,240,0,457,3603,4146,1533,7,20107,0
20132119,20117,1,245,0,487,2899,3462,1536,7,20117,0
20142120,20127,1,250,0,479,2165,2798,1540,7,20127,0
20152118,20137,1,255,0,509,1410,2046,1543,7,20137,0
20162126,20147,1,260,0,509,640,1284,1546,7,20147,0
20172118,20157,1,265,0,516,-136,630,1549,7,20157,0
20182118,20167,1,270,0,435,-914,141,1552,7,20167,0
20192123,20177,1,272,0,208,-1685,-395,1556,7,20177,0
20202118,20187,1,275,0,223,-2441,-1665,1559,7,20187,0
20212122,20197,1,280,0,443,-3175,-2583,1562,7,20197,0
20222118,20207,1,284,0,399,-3880,-3257,1565,7,20207,0
20232126,20217,1,288,0,384,-4550,-3990,1568,7,20217,0
20242118,20227,1,291,0,333,-5175,-4517,1572,7,20227,0
20252118,20237,1,293,0,252,-5752,-5211,1575,7,20237,0
20262126,20247,1,296,0,252,-6274,-5660,1578,7,20247,0
20272118,20257,1,298,0,223,-6735,-6383,1581,7,20257,0
20282118,20267,1,299,0,98,-7130,-6744,1584,7,20267,0
20292118,20277,1,300,0,98,-7456,-7096,1588,7,20277,0
20302127,20287,1,300,0,10,-7708,-7428,1591,7,20287,0
20312122,20297,1,300,0,-69,-7883,-7653,1594,7,20297,0
20322118,20307,1,299,0,-98,-7980,-7877,1597,7,20307,0
20332124,20317,1,298,0,-106,-7996,-7956,1600,7,20317,0
20342118,20327,1,296,0,-201,-7931,-7868,1604,7,20327,0
20352118,20337,1,294,0,-216,-7786,-7780,1607,7,20337,0
20362122,20347,1,292,0,-223,-7561,-7780,1610,7,20347,0
20372126,20357,1,289,0,-267,-7258,-7516,1613,7,20357,0
20382120,20367,1,285,0,-304,-6880,-7203,1616,7,20367,0
20392118,20377,1,282,0,-355,-6430,-6725,1620,7,20377,0
20402122,20387,1,278,0,-399,-5912,-6344,1623,7,20387,0
20412122,20397,1,274,0,-413,-5332,-5797,1626,7,20397,0
20422118,20407,1,269,0,-465,-4696,-5260,1629,7,20407,0
20432121,20417,1,265,0,-457,-4008,-4537,1632,7,20417,0
20442126,20427,1,260,0,-465,-3277,-3863,1636,7,20427,0
20452118,20437,1,255,0,-494,-2510,-3179,1639,7,20437,0
20462122,20447,1,250,0,-523,-1715,-2388,1642,7,20447,0
20472121,20457,1,246,0,-487,-900,-1616,1645,7,20457,0
20482120,20467,1,241,0,-501,-74,-854,1648,7,20467,0
20492118,20477,1,236,0,-472,753,-327,1652,7,20477,0
20502122,20487,1,233,0,-245,1576,219,1655,7,20487,0
20512126,20497,1,231,0,-245,2383,1470,1658,7,20497,0
20522118,20507,1,226,0,-465,3164,2515,1661,7,20507,0
20532121,20517,1,221,0,-428,3914,3238,1664,7,20517,0
20542122,20527,1,218,0,-413,4622,3980,1668,7,20527,0
20552121,20537,1,214,0,-347,5280,4654,1671,7,20537,0
20562118,20547,1,211,0,-289,5881,5191,1674,7,20547,0
20572118,20557,1,209,0,-252,6419,5846,1677,7,20557,0
20582128,20567,1,207,0,-223,6886,6295,1680,7,20567,0
20592118,20577,1,206,0,-128,7277,6901,1684,7,20577,0
20602122,20587,1,204,0,-98,7588,7242,1687,7,20587,0
20612122,20597,1,204,0,-32,7813,7555,1690,7,20597,0
20622120,20607,1,204,0,3,7951,7770,1693,7,20607,0
20632119,20617,1,205,0,54,7999,7848,1696,7,20617,0
20642118,20627,1,206,0,98,7957,7838,1700,7,20627,0
20652129,20637,1,207,0,135,7823,7877,1703,7,20637,0
20662118,20647,1,209,0,201,7600,7692,1706,7,20647,0
20672120,20657,1,211,0,201,7289,7399,1709,7,20657,0
20682122,20667,1,214,0,238,6893,7164,1712,7,20667,0
20692118,20677,1,217,0,267,6417,6813,1716,7,20677,0
20702122,20687,1,220,0,304,5864,6236,1719,7,20687,0
20712118,20697,1,224,0,384,5243,5660,1722,7,20697,0
20722127,20707,1,228,0,362,4559,5211,1725,7,20707,0
20732119,20717,1,232,0,435,3820,4371,1728,7,20717,0
20742118,20727,1,236,0,421,3035,3687,1732,7,20727,0
20752125,20737,1,241,0,413,2212,2876,1735,7,20737,0
20762118,20747,1,245,0,435,1362,2105,1738,7,20747,0
20772120,20757,1,249,0,428,493,1264,1741,7,20757,0
20782118,20767,1,253,0,391,-381,581,1744,7,20767,0
20792126,20777,1,256,0,296,-1255,4,1748,7,20777,0
20802118,20787,1,258,0,172,-2114,-903,1751,7,20787,0
20812118,20797,1,261,0,347,-2949,-2466,1754,7,20797,0
20822124,20807,1,264,0,296,-3750,-2993,1757,7,20807,0
20832119,20817,1,267,0,296,-4507,-3833,1760,7,20817,0
20842119,20827,1,270,0,252,-5209,-4634,1764,7,20827,0
20852118,20837,1,272,0,186,-5849,-5250,1767,7,20837,0
20862126,20847,1,274,0,142,-6419,-5738,1770,7,20847,0
20872120,20857,1,276,0,150,-6910,-6490,1773,7,20857,0
20882118,20867,1,277,0,84,-7315,-6920,1776,7,20867,0
20892125,20877,1,277,0,3,-7631,-7272,1780,7,20877,0
20902118,20887,1,277,0,-10,-7851,-7594,1783,7,20887,0
20912118,20897,1,276,0,-62,-7973,-7819,1786,7,20897,0
20922118,20907,1,274,0,-142,-7996,-7838,1789,7,20907,0
20932127,20917,1,273,0,-164,-7916,-7936,1792,7,20917,0
20942122,20927,1,271,0,-208,-7737,-7887,1796,7,20927,0
20952118,20937,1,269,0,-238,-7458,-7496,1799,7,20937,0
20962122,20947,1,266,0,-267,-7084,-7272,1802,7,20947,0
20972118,20957,1,263,0,-296,-6618,-6871,1805,7,20957,0
20982118,20967,1,259,0,-355,-6067,-6432,1808,7,20967,0
20992122,20977,1,256,0,-377,-5435,-5914,1812,7,20977,0
21002126,20987,1,252,0,-362,-4732,-5338,1815,7,20987,0
21012120,20997,1,247,0,-435,-3967,-4615,1818,7,20997,0
21022118,21007,1,244,0,-421,-3149,-3785,1821,7,21007,0
21032123,21017,1,239,0,-465,-2287,-3072,1824,7,21017,0
21042121,21027,1,234,0,-443,-1394,-2163,1828,7,21027,0
21052118,21037,1,230,0,-435,-482,-1343,1831,7,21037,0
21062119,21047,1,226,0,-428,438,-581,1834,7,21047,0
21072126,21057,1,223,0,-311,1356,4,1837,7,21057,0
21082118,21067,1,221,0,-223,2255,1177,1840,7,21067,0
21092118,21077,1,217,0,-428,3126,2554,1844,7,21077,0
21102122,21087,1,214,0,-318,3958,3150,1847,7,21087,0
21112119,21097,1,210,0,-318,4737,4019,1850,7,21097,0
21122118,21107,1,207,0,-289,5453,4849,1853,7,21107,0
21132119,21117,1,205,0,-216,6097,5562,1856,7,21117,0
21142126,21127,1,203,0,-172,6659,6090,1860,7,21127,0
21152118,21137,1,201,0,-150,7131,6500,1863,7,21137,0
21162120,21147,1,200,0,-113,7506,7125,1866,7,21147,0
21172122,21157,1,200,0,-40,7778,7448,1869,7,21157,0
21182122,21167,1,200,0,3,7944,7731,1872,7,21167,0
21192118,21177,1,200,0,32,7999,7838,1876,7,21177,0
21202118,21187,1,201,0,84,7944,7946,1879,7,21187,0
21212126,21197,1,203,0,128,7778,7838,1882,7,21197,0
21222118,21207,1,204,0,179,7503,7809,1885,7,21207,0
21232123,21217,1,206,0,216,7122,7242,1888,7,21217,0
21242121,21227,1,209,0,223,6640,6891,1892,7,21227,0
21252118,21237,1,211,0,252,6064,6432,1895,7,21237,0
21262118,21247,1,215,0,289,5401,5826,1898,7,21247,0
21272118,21257,1,218,0,347,4659,5133,1901,7,21257,0
21282130,21267,1,222,0,355,3849,4595,1904,7,21267,0
21292118,21277,1,226,0,355,2984,3687,1908,7,21277,0
21302120,21287,1,229,0,391,2074,2788,1911,7,21287,0
21312122,21297,1,233,0,384,1133,1987,1914,7,21297,0
21322118,21307,1,237,0,333,174,1069,1917,7,21307,0
21332122,21317,1,241,0,347,-789,385,1920,7,21317,0
21342118,21327,1,241,0,91,-1742,-297,1924,7,21327,0
21352127,21337,1,244,0,230,-2673,-1899,1927,7,21337,0
21362118,21347,1,247,0,326,-3564,-2710,1930,7,21347,0
21372118,21357,1,249,0,274,-4405,-3619,1933,7,21357,0
21382121,21367,1,252,0,238,-5183,-4332,1936,7,21367,0
21392118,21377,1,254,0,238,-5885,-5318,1940,7,21377,0
21402119,21387,1,255,0,135,-6500,-5973,1943,7,21387,0
21412118,21397,1,257,0,113,-7020,-6451,1946,7,21397,0
21422126,21407,1,257,0,47,-7436,-7028,1949,7,21407,0
21432119,21417,1,257,0,3,-7741,-7457,1952,7,21417,0
21442118,21427,1,257,0,-54,-7930,-7721,1956,7,21427,0
21452124,21437,1,255,0,-98,-7999,-7858,1959,7,21437,0
21462118,21447,1,254,0,-113,-7948,-8043,1962,7,21447,0
21472122,21457,1,252,0,-172,-7775,-7799,1965,7,21457,0
21482118,21467,1,251,0,-194,-7484,-7721,1968,7,21467,0
21492126,21477,1,248,0,-252,-7077,-7526,1972,7,21477,0
21502118,21487,1,245,0,-304,-6562,-6940,1975,7,21487,0
21512118,21497,1,242,0,-347,-5944,-6520,1978,7,21497,0
21522125,21507,1,239,0,-369,-5233,-5836,1981,7,21507,0
21532119,21517,1,235,0,-362,-4441,-5045,1984,7,21517,0
21542118,21527,1,231,0,-413,-3578,-4293,1988,7,21527,0
21552119,21537,1,227,0,-377,-2658,-3462,1991,7,21537,0
21562126,21547,1,223,0,-391,-1694,-2495,1994,7,21547,0
21572122,21557,1,219,0,-406,-703,-1645,1997,7,21557,0
21582117,21567,1,216,0,-362,299,-747,2000,7,21567,0
21592124,21577,1,213,0,-296,1301,-63,2004,7,21577,0
21602118,21587,1,211,0,-135,2282,874,2007,7,21587,0
21612118,21597,1,208,0,-326,3229,2564,2010,7,21597,0
21622122,21607,1,205,0,-267,4126,3267,2013,7,21607,0
21632127,21617,1,202,0,-245,4959,4205,2016,7,21617,0
21642119,21627,1,200,0,-208,5713,4976,2020,7,21627,0
21652118,21637,1,198,0,-172,6376,5670,2023,7,21637,0
21662121,21647,1,196,0,-186,6938,6256,2026,7,21647,0
21672118,21657,1,195,0,-98,7388,6920,2029,7,21657,0
21682118,21667,1,195,0,-54,7718,7340,2032,7,21667,0
21692120,21677,1,195,0,-3,7923,7682,2036,7,21677,0
21702126,21687,1,195,0,47,7999,7829,2039,7,21687,0
21712118,21697,1,196,0,91,7944,7936,2042,7,21697,0
21722118,21707,1,197,0,135,7758,7799,2045,7,21707,0
21732122,21717,1,199,0,172,7443,7760,2048,7,21717,0
21742120,21727,1,201,0,230,7005,7252,2052,7,21727,0
21752118,21737,1,204,0,252,6449,6744,2055,7,21737,0
21762121,21747,1,206,0,252,5785,6178,2058,7,21747,0
21772126,21757,1,209,0,296,5023,5504,2061,7,21757,0
21782118,21767,1,213,0,347,4177,4722,2064,7,21767,0
21792118,21777,1,216,0,340,3259,4048,2068,7,21777,0
21802122,21787,1,219,0,340,2283,3120,2071,7,21787,0
21812122,21797,1,223,0,355,1268,2105,2074,7,21797,0
21822118,21807,1,227,0,413,230,1157,2077,7,21807,0
21832119,21817,1,231,0,355,-813,424,2080,7,21817,0
21842126,21827,1,232,0,179,-1845,-278,2084,7,21827,0
21852118,21837,1,232,0,40,-2845,-1811,2087,7,21837,0
21862122,21847,1,236,0,318,-3800,-2974,2090,7,21847,0
21872122,21857,1,238,0,260,-4690,-3882,2093,7,21857,0
21882120,21867,1,241,0,252,-5500,-4664,2096,7,21867,0
21892118,21877,1,242,0,201,-6216,-5689,2100,7,21877,0
21902118,21887,1,243,0,98,-6825,-6246,2103,7,21887,0
21912130,21897,1,244,0,47,-7316,-6813,2106,7,21897,0
21922118,21907,1,244,0,3,-7679,-7301,2109,7,21907,0
21932121,21917,1,244,0,-47,-7908,-7614,2112,7,21917,0
21942122,21927,1,243,0,-98,-7998,-7897,2116,7,21927,0
21952118,21937,1,242,0,-135,-7947,-7848,2119,7,21937,0
21962117,21947,1,240,0,-179,-7755,-7926,2122,7,21947,0
21972118,21957,1,237,0,-252,-7425,-7633,2125,7,21957,0
21982128,21967,1,235,0,-252,-6962,-7135,2128,7,21967,0
21992118,21977,1,232,0,-289,-6374,-6735,2132,7,21977,0
22002118,21987,1,229,0,-326,-5671,-6100,2135,7,21987,0
22012122,21997,1,226,0,-377,-4864,-5504,2138,7,21997,0
22022118,22007,1,222,0,-369,-3969,-4722,2141,7,22007,0
22032121,22017,1,219,0,-326,-3001,-3873,2144,7,22017,0
22042118,22027,1,215,0,-413,-1976,-2818,2148,7,22027,0
22052130,22037,1,211,0,-391,-913,-1860,2151,7,22037,0
22062117,22047,1,208,0,-340,165,-923,2154,7,22047,0
22072118,22057,1,205,0,-267,1243,-229,2157,7,22057,0
22082122,22067,1,203,0,-157,2301,815,2160,7,22067,0
22092118,22077,1,201,0,-355,3318,2691,2164,7,22077,0
22102122,22087,1,198,0,-304,4275,3374,2167,7,22087,0
22112118,22097,1,195,0,-282,5153,4214,2170,7,22097,0
22122126,22107,1,192,0,-252,5939,5211,2173,7,22107,0
22132119,22117,1,191,0,-223,6613,5992,2176,7,22117,0
22142118,22127,1,189,0,-135,7165,6608,2180,7,22127,0
22152125,22137,1,188,0,-91,7584,7155,2183,7,22137,0
22162118,22147,1,188,0,-47,7861,7565,2186,7,22147,0
22172119,22157,1,188,0,25,7990,7780,2189,7,22157,0
22182118,22167,1,189,0,84,7968,7848,2192,7,22167,0
22192126,22177,1,190,0,106,7795,7848,2196,7,22177,0
22202122,22187,1,192,0,150,7473,7614,2199,7,22187,0
22212118,22197,1,194,0,179,7008,7418,2202,7,22197,0
22222123,22207,1,196,0,245,6408,6901,2205,7,22207,0
22232119,22217,1,199,0,304,5685,6256,2208,7,22217,0
22242118,22227,1,202,0,311,4851,5426,2212,7,22227,0
22252118,22237,1,205,0,326,3923,4693,2215,7,22237,0
22262126,22247,1,208,0,347,2916,3716,2218,7,22247,0
22272120,22257,1,211,0,318,1852,2798,2221,7,22257,0
22282118,22267,1,214,0,289,751,1763,2224,7,22267,0
22292122,22277,1,217,0,296,-367,805,2228,7,22277,0
22302118,22287,1,219,0,179,-1479,73,2231,7,22287,0
22312118,22297,1,220,0,91,-2563,-1245,2234,7,22297,0
22322120,22307,1,222,0,208,-3600,-2818,2237,7,22307,0
22332127,22317,1,224,0,223,-4567,-3570,2240,7,22317,0
22342122,22327,1,227,0,216,-5443,-4644,2244,7,22327,0
22352118,22337,1,228,0,172,-6213,-5553,2247,7,22337,0
22362122,22347,1,229,0,84,-6861,-6158,2250,7,22347,0
22372118,22357,1,230,0,69,-7373,-6881,2253,7,22357,0
22382118,22367,1,230,0,10,-7737,-7379,2256,7,22367,0
22392122,22377,1,229,0,-47,-7947,-7682,2260,7,22377,0
22402126,22387,1,229,0,-98,-7997,-7887,2263,7,22387,0
22412118,22397,1,227,0,-128,-7885,-7877,2266,7,22397,0
22422118,22407,1,226,0,-142,-7613,-7926,2269,7,22407,0
22432123,22417,1,224,0,-216,-7186,-7389,2272,7,22417,0
22442122,22427,1,222,0,-238,-6612,-6949,2276,7,22427,0
22452118,22437,1,219,0,-223,-5903,-6451,2279,7,22437,0
22462120,22447,1,216,0,-260,-5071,-5728,2282,7,22447,0
22472126,22457,1,213,0,-274,-4134,-4879,2285,7,22457,0
22482118,22467,1,210,0,-326,-3111,-3941,2288,7,22467,0
22492122,22477,1,206,0,-347,-2021,-2945,2292,7,22477,0
22502122,22487,1,203,0,-362,-889,-1890,2295,7,22487,0
22512120,22497,1,200,0,-318,263,-923,2298,7,22497,0
22522118,22507,1,197,0,-245,1411,-122,2301,7,22507,0
22532119,22517,1,196,0,-135,2532,1059,2304,7,22517,0
22542130,22527,1,195,0,-157,3603,2808,2308,7,22527,0
22552118,22537,1,192,0,-216,4597,3599,2311,7,22537,0
22562120,22547,1,190,0,-245,5497,4517,2314,7,22547,0
22572122,22557,1,188,0,-230,6282,5611,2317,7,22557,0
22582118,22567,1,186,0,-113,6934,6285,2320,7,22567,0
22592122,22577,1,186,0,-106,7441,6881,2324,7,22577,0
22602118,22587,1,185,0,-25,7789,7409,2327,7,22587,0
22612127,22597,1,186,0,32,7972,7721,2330,7,22597,0
22622118,22607,1,186,0,76,7984,7887,2333,7,22607,0
22632123,22617,1,188,0,113,7824,7936,2336,7,22617,0
22642122,22627,1,189,0,157,7496,7584,2340,7,22627,0
22652118,22637,1,191,0,194,7006,7379,2343,7,22637,0
22662120,22647,1,194,0,223,6363,7028,2346,7,22647,0
22672118,22657,1,196,0,289,5581,6129,2349,7,22657,0
22682130,22667,1,199,0,318,4676,5406,2352,7,22667,0
22692118,22677,1,202,0,326,3669,4439,2356,7,22677,0
22702118,22687,1,205,0,355,2580,3511,2359,7,22687,0
22712124,22697,1,208,0,304,1431,2427,2362,7,22697,0
22722118,22707,1,211,0,282,251,1391,2365,7,22707,0
22732123,22717,1,214,0,267,-936,463,2368,7,22717,0
22742118,22727,1,216,0,106,-2104,-395,2372,7,22727,0
22752127,22737,1,216,0,47,-3229,-2183,2375,7,22737,0
22762118,22747,1,219,0,282,-4281,-3326,2378,7,22747,0
22772118,22757,1,221,0,230,-5240,-4507,2381,7,22757,0
22782125,22767,1,222,0,135,-6084,-5338,2384,7,22767,0
22792118,22777,1,224,0,135,-6791,-6031,2388,7,22777,0
22802120,22787,1,224,0,76,-7347,-6822,2391,7,22787,0
22812119,22797,1,224,0,3,-7738,-7340,2394,7,22797,0
22822126,22807,1,224,0,-25,-7955,-7672,2397,7,22807,0
22832123,22817,1,223,0,-76,-7991,-7907,2400,7,22817,0
22842117,22827,1,222,0,-128,-7846,-7897,2404,7,22827,0
22852124,22837,1,221,0,-150,-7522,-7877,2407,7,22837,0
22862118,22847,1,219,0,-186,-7026,-7252,2410,7,22847,0
22872119,22857,1,217,0,-208,-6368,-6832,2413,7,22857,0
22882122,22867,1,214,0,-223,-5563,-6334,2416,7,22867,0
22892126,22877,1,211,0,-282,-4628,-5474,2420,7,22877,0
22902120,22887,1,208,0,-282,-3586,-4576,2423,7,22887,0
22912118,22897,1,205,0,-274,-2459,-3482,2426,7,22897,0
22922122,22907,1,202,0,-282,-1273,-2349,2429,7,22907,0
22932119,22917,1,199,0,-274,-57,-1196,2432,7,22917,0
22942118,22927,1,197,0,-230,1161,-356,2436,7,22927,0
22952119,22937,1,196,0,-98,2356,620,2439,7,22937,0
22962126,22947,1,195,0,-113,3497,2603,2442,7,22947,0
22972120,22957,1,192,0,-216,4555,3501,2445,7,22957,0
22982118,22967,1,190,0,-274,5509,4566,2448,7,22967,0
22992121,22977,1,188,0,-164,6333,5670,2452,7,22977,0
23002120,22987,1,187,0,-98,7009,6324,2455,7,22987,0
23012118,22997,1,187,0,-40,7518,6969,2458,7,22997,0
23022122,23007,1,187,0,-3,7849,7496,2461,7,23007,0
23032126,23017,1,187,0,40,7993,7780,2464,7,23017,0
23042118,23027,1,188,0,106,7946,7858,2468,7,23027,0
23052118,23037,1,190,0,135,7708,7780,2471,7,23037,0
23062122,23047,1,192,0,172,7283,7536,2474,7,23047,0
23072122,23057,1,194,0,201,6683,7272,2477,7,23057,0
23082118,23067,1,196,0,260,5920,6520,2480,7,23067,0
23092118,23077,1,199,0,318,5012,5758,2484,7,23077,0
23102127,23087,1,202,0,318,3981,4771,2487,7,23087,0
23112119,23097,1,205,0,326,2852,3814,2490,7,23097,0
23122122,23107,1,208,0,326,1651,2652,2493,7,23107,0
23132123,23117,1,211,0,304,409,1567,2496,7,23117,0
23142119,23127,1,214,0,289,-844,561,2500,7,23127,0
23152118,23137,1,215,0,150,-2079,-346,2503,7,23137,0
23162118,23147,1,215,0,18,-3264,-2007,2506,7,23147,0
23172130,23157,1,218,0,296,-4371,-3521,2509,7,23157,0
23182118,23167,1,220,0,186,-5368,-4605,2512,7,23167,0
23192119,23177,1,221,0,128,-6235,-5435,2516,7,23177,0
23202122,23187,1,223,0,150,-6947,-6266,2519,7,23187,0
23212118,23197,1,223,0,62,-7485,-6969,2522,7,23197,0
23222118,23207,1,224,0,10,-7837,-7467,2525,7,23207,0
23232119,23217,1,223,0,-32,-7992,-7770,2528,7,23217,0
23242128,23227,1,223,0,-69,-7946,-7936,2532,7,23227,0
23252118,23237,1,221,0,-128,-7699,-7887,2535,7,23237,0
23262118,23247,1,220,0,-142,-7256,-7604,2538,7,23247,0
23272122,23257,1,218,0,-208,-6628,-7067,2541,7,23257,0
23282118,23267,1,216,0,-223,-5832,-6363,2544,7,23267,0
23292119,23277,1,214,0,-208,-4885,-5660,2548,7,23277,0
23302118,23287,1,211,0,-238,-3812,-4761,2551,7,23287,0
23312129,23297,1,208,0,-252,-2638,-3765,2554,7,23297,0
23322118,23307,1,206,0,-245,-1398,-2573,2557,7,23307,0
23332118,23317,1,203,0,-267,-118,-1401,2560,7,23317,0
23342122,23327,1,200,0,-289,1165,-356,2564,7,23327,0
23352118,23337,1,200,0,-40,2420,649,2567,7,23337,0
23362121,23347,1,199,0,-40,3614,2583,2570,7,23347,0
23372118,23357,1,197,0,-164,4715,3716,2573,7,23357,0
23382126,23367,1,195,0,-179,5695,4625,2576,7,23367,0
23392118,23377,1,194,0,-142,6526,5816,2580,7,23377,0
23402118,23387,1,193,0,-76,7188,6529,2583,7,23387,0
23412126,23397,1,193,0,-32,7661,7184,2586,7,23397,0
23422118,23407,1,193,0,3,7933,7633,2589,7,23407,0
23432121,23417,1,194,0,62,7995,7829,2592,7,23417,0
23442118,23427,1,195,0,106,7846,7809,2596,7,23427,0
23452126,23437,1,196,0,142,7487,7731,2599,7,23437,0
23462122,23447,1,198,0,194,6929,7311,2602,7,23447,0
23472118,23457,1,200,0,194,6186,6715,2605,7,23457,0
23482123,23467,1,203,0,208,5275,6080,2608,7,23467,0
23492118,23477,1,205,0,267,4223,5230,2612,7,23477,0
23502119,23487,1,208,0,274,3055,4058,2615,7,23487,0
23512118,23497,1,211,0,289,1804,2935,2618,7,23497,0
23522126,23507,1,213,0,318,501,1626,2621,7,23507,0
23532120,23517,1,216,0,311,-814,561,2624,7,23517,0
23542118,23527,1,217,0,84,-2110,-268,2628,7,23527,0
23552122,23537,1,217,0,10,-3351,-1948,2631,7,23537,0
23562118,23547,1,219,0,186,-4501,-3579,2634,7,23547,0
23572118,23557,1,221,0,186,-5530,-4605,2637,7,23557,0
23582120,23567,1,222,0,135,-6408,-5631,2640,7,23567,0
23592126,23577,1,223,0,84,-7112,-6373,2644,7,23577,0
23602121,23587,1,224,0,32,-7620,-7106,2647,7,23587,0
23612118,23597,1,224,0,-3,-7918,-7614,2650,7,23597,0
23622122,23607,1,223,0,-54,-7997,-7868,2653,7,23607,0
23632120,23617,1,222,0,-98,-7855,-7877,2656,7,23617,0
23642118,23627,1,221,0,-113,-7494,-7858,2660,7,23627,0
23652121,23637,1,219,0,-150,-6923,-7262,2663,7,23637,0
23662126,23647,1,217,0,-186,-6157,-6793,2666,7,23647,0
23672118,23657,1,215,0,-245,-5220,-6100,2669,7,23657,0
23682118,23667,1,213,0,-282,-4134,-4898,2672,7,23667,0
23692122,23677,1,210,0,-282,-2929,-3843,2676,7,23677,0
23702123,23687,1,208,0,-216,-1641,-2700,2679,7,23687,0
23712118,23697,1,205,0,-223,-306,-1548,2682,7,23697,0
23722119,23707,1,203,0,-194,1039,-561,2685,7,23707,0
23732127,23717,1,201,0,-113,2358,551,2688,7,23717,0
23742118,23727,1,201,0,10,3610,2280,2692,7,23727,0
23752122,23737,1,199,0,-201,4761,3921,2695,7,23737,0
23762122,23747,1,198,0,-150,5777,4830,2698,7,23747,0
23772119,23757,1,196,0,-128,6628,5797,2701,7,23757,0
23782118,23767,1,196,0,-84,7290,6608,2704,7,23767,0
23792118,23777,1,196,0,-25,7742,7252,2708,7,23777,0
23802126,23787,1,196,0,10,7971,7682,2711,7,23787,0
23812118,23797,1,196,0,76,7970,7887,2714,7,23797,0
23822120,23807,1,198,0,106,7737,7829,2717,7,23807,0
23832123,23817,1,199,0,142,7278,7692,2720,7,23817,0
23842118,23827,1,201,0,179,6607,6989,2724,7,23827,0
23852118,23837,1,203,0,179,5741,6412,2727,7,23837,0
23862118,23847,1,205,0,223,4707,5709,2730,7,23847,0
23872128,23857,1,208,0,260,3531,4527,2733,7,23857,0
23882118,23867,1,210,0,274,2253,3296,2736,7,23867,0
23892121,23877,1,213,0,282,905,1948,2740,7,23877,0
23902122,23887,1,215,0,238,-470,864,2743,7,23887,0
23912118,23897,1,216,0,106,-1833,24,2746,7,23897,0
23922118,23907,1,216,0,-47,-3144,-1597,2749,7,23907,0
23932119,23917,1,218,0,216,-4363,-3462,2752,7,23917,0
23942129,23927,1,219,0,128,-5453,-4527,2756,7,23927,0
23952118,23937,1,221,0,120,-6380,-5523,2759,7,23937,0
23962118,23947,1,221,0,84,-7117,-6451,2762,7,23947,0
23972122,23957,1,221,0,10,-7641,-7115,2765,7,23957,0
23982118,23967,1,221,0,-32,-7935,-7575,2768,7,23967,0
23992121,23977,1,221,0,-76,-7990,-7887,2772,7,23977,0
24002118,23987,1,219,0,-106,-7804,-7838,2775,7,23987,0
24012128,23997,1,218,0,-142,-7379,-7702,2778,7,23997,0
24022118,24007,1,216,0,-194,-6731,-7135,2781,7,24007,0
24032119,24017,1,214,0,-186,-5876,-6598,2784,7,24017,0
24042126,24027,1,211,0,-245,-4839,-5787,2788,7,24027,0
24052117,24037,1,209,0,-296,-3656,-4752,2791,7,24037,0
24062120,24047,1,206,0,-304,-2357,-3423,2794,7,24047,0
24072118,24057,1,203,0,-326,-984,-2153,2797,7,24057,0
24082126,24067,1,201,0,-296,420,-903,2800,7,24067,0
24092118,24077,1,200,0,-120,1812,-34,2804,7,24077,0
24102118,24087,1,199,0,-40,3150,1518,2807,7,24087,0
24112124,24097,1,198,0,-208,4393,3540,2810,7,24097,0
24122118,24107,1,196,0,-201,5499,4498,2813,7,24107,0
24132119,24117,1,195,0,-142,6436,5611,2816,7,24117,0
24142118,24127,1,194,0,-113,7172,6490,2820,7,24127,0
24152126,24137,1,193,0,-47,7685,7194,2823,7,24137,0
24162120,24147,1,193,0,-3,7956,7663,2826,7,24147,0
24172118,24157,1,194,0,47,7978,7848,2829,7,24157,0
24182125,24167,1,195,0,84,7747,7799,2832,7,24167,0
24192118,24177,1,196,0,120,7272,7643,2836,7,24177,0
24202118,24187,1,198,0,164,6566,7047,2839,7,24187,0
24212118,24197,1,199,0,172,5650,6481,2842,7,24197,0
24222126,24207,1,202,0,230,4552,5416,2845,7,24207,0
24232123,24217,1,204,0,223,3310,4205,2848,7,24217,0
24242118,24227,1,206,0,186,1960,3062,2852,7,24227,0
24252122,24237,1,208,0,179,545,1890,2855,7,24237,0
24262118,24247,1,211,0,230,-888,649,2858,7,24247,0
24272118,24257,1,211,0,-3,-2294,-346,2861,7,24257,0
24282122,24267,1,210,0,10,-3629,-2446,2864,7,24267,0
24292126,24277,1,213,0,201,-4848,-3706,2868,7,24277,0
24302120,24287,1,214,0,113,-5910,-5015,2871,7,24287,0
24312118,24297,1,214,0,69,-6782,-5982,2874,7,24297,0
24322122,24307,1,215,0,32,-7434,-6803,2877,7,24307,0
24332123,24317,1,215,0,3,-7844,-7457,2880,7,24317,0
24342118,24327,1,214,0,-62,-7998,-7799,2884,7,24327,0
24352120,24337,1,213,0,-98,-7891,-7858,2887,7,24337,0
24362126,24347,1,212,0,-128,-7523,-7789,2890,7,24347,0
24372118,24357,1,211,0,-164,-6909,-7311,2893,7,24357,0
24382117,24367,1,209,0,-179,-6065,-6803,2896,7,24367,0
24392122,24377,1,206,0,-245,-5020,-5924,2900,7,24377,0
24402120,24387,1,204,0,-282,-3807,-4742,2903,7,24387,0
24412118,24397,1,202,0,-223,-2467,-3482,2906,7,24397,0
24422118,24407,1,199,0,-208,-1044,-2300,2909,7,24407,0
24432131,24417,1,197,0,-201,418,-1098,2912,7,24417,0
24442118,24427,1,195,0,-208,1864,34,2916,7,24427,0
24452120,24437,1,196,0,32,3251,1518,2919,7,24437,0
24462122,24447,1,195,0,-135,4530,3560,2922,7,24447,0
24472121,24457,1,193,0,-172,5659,4625,2925,7,24457,0
24482118,24467,1,192,0,-113,6597,5758,2928,7,24467,0
24492118,24477,1,191,0,-76,7314,6559,2932,7,24477,0
24502128,24487,1,191,0,-18,7784,7272,2935,7,24487,0
24512118,24497,1,191,0,10,7990,7702,2938,7,24497,0
24522122,24507,1,192,0,76,7925,7868,2941,7,24507,0
24532123,24517,1,193,0,91,7589,7868,2944,7,24517,0
24542118,24527,1,195,0,150,6994,7350,2948,7,24527,0
24552118,24537,1,196,0,172,6159,6842,2951,7,24537,0
24562118,24547,1,198,0,223,5112,5914,2954,7,24547,0
24572130,24557,1,200,0,186,3886,4791,2957,7,24557,0
24582118,24567,1,203,0,194,2528,3746,2960,7,24567,0
24592119,24577,1,205,0,223,1079,2466,2964,7,24577,0
24602122,24587,1,208,0,260,-407,981,2967,7,24587,0
24612118,24597,1,208,0,25,-1882,92,2970,7,24597,0
24622122,24607,1,208,0,-40,-3293,-1636,2973,7,24607,0
24632119,24617,1,209,0,186,-4590,-3697,2976,7,24617,0
24642127,24627,1,211,0,120,-5730,-4732,2980,7,24627,0
24652118,24637,1,212,0,98,-6669,-5748,2983,7,24637,0
24662118,24647,1,212,0,54,-7376,-6666,2986,7,24647,0
24672126,24657,1,212,0,-18,-7824,-7379,2989,7,24657,0
24682118,24667,1,212,0,-47,-7998,-7780,2992,7,24667,0
24692120,24677,1,211,0,-76,-7889,-7887,2996,7,24677,0
24702118,24687,1,209,0,-128,-7502,-7877,2999,7,24687,0
24712126,24697,1,208,0,-135,-6847,-7282,3002,7,24697,0
24722122,24707,1,206,0,-194,-5950,-6725,3005,7,24707,0
24732119,24717,1,204,0,-260,-4840,-5728,3008,7,24717,0
24742124,24727,1,202,0,-201,-3555,-4527,3012,7,24727,0
24752118,24737,1,200,0,-179,-2144,-3443,3015,7,24737,0
24762122,24747,1,198,0,-216,-652,-2114,3018,7,24747,0
24772118,24757,1,195,0,-267,862,-678,3021,7,24757,0
24782126,24767,1,195,0,18,2349,200,3024,7,24767,0
24792120,24777,1,196,0,3,3751,2427,3028,7,24777,0
24802118,24787,1,194,0,-179,5020,4039,3031,7,24787,0
24812126,24797,1,193,0,-113,6110,5123,3034,7,24797,0
24822118,24807,1,192,0,-76,6978,6129,3037,7,24807,0
24832119,24817,1,191,0,-40,7593,6920,3040,7,24817,0
24842120,24827,1,191,0,10,7933,7565,3044,7,24827,0
24852126,24837,1,192,0,54,7984,7838,3047,7,24837,0
24862121,24847,1,193,0,106,7743,7916,3050,7,24847,0
24872118,24857,1,195,0,142,7217,7526,3053,7,24857,0
24882124,24867,1,196,0,164,6426,7076,3056,7,24867,0
24892118,24877,1,198,0,216,5399,6148,3060,7,24877,0
24902118,24887,1,200,0,186,4170,5152,3063,7,24887,0
24912121,24897,1,202,0,194,2786,4058,3066,7,24897,0
24922125,24907,1,205,0,260,1297,2681,3069,7,24907,0
24932121,24917,1,207,0,260,-239,1108,3072,7,24917,0
24942118,24927,1,208,0,84,-1769,219,3076,7,24927,0
24952122,24937,1,208,0,-10,-3236,-1450,3079,7,24937,0
24962122,24947,1,209,0,150,-4583,-3648,3082,7,24947,0
24972118,24957,1,210,0,106,-5760,-4713,3085,7,24957,0
24982120,24967,1,211,0,84,-6722,-5816,3088,7,24967,0
24992126,24977,1,212,0,54,-7433,-6705,3092,7,24977,0
25002118,24987,1,212,0,-10,-7864,-7438,3095,7,24987,0
25012122,24997,1,211,0,-40,-7999,-7799,3098,7,24997,0
25022121,25007,1,211,0,-91,-7832,-7907,3101,7,25007,0
25032120,25017,1,209,0,-120,-7368,-7770,3104,7,25017,0
25042118,25027,1,208,0,-157,-6624,-7096,3108,7,25027,0
25052120,25037,1,206,0,-164,-5627,-6442,3111,7,25037,0
25062126,25047,1,204,0,-230,-4414,-5543,3114,7,25047,0
25072118,25057,1,202,0,-238,-3033,-4019,3117,7,25057,0
25082120,25067,1,200,0,-157,-1533,-2857,3120,7,25067,0
25092122,25077,1,198,0,-194,27,-1557,3124,7,25077,0
25102121,25087,1,196,0,-157,1587,-229,3127,7,25087,0
25112118,25097,1,196,0,3,3088,1128,3130,7,25097,0
25122118,25107,1,196,0,-76,4471,3404,3133,7,25107,0
25132129,25117,1,195,0,-128,5684,4673,3136,7,25117,0
25142118,25127,1,193,0,-128,6676,5748,3140,7,25127,0
25152121,25137,1,193,0,-54,7411,6695,3143,7,25137,0
25162121,25147,1,193,0,-10,7858,7399,3146,7,25147,0
25172118,25157,1,193,0,54,7999,7770,3149,7,25157,0
25182118,25167,1,194,0,84,7828,7848,3152,7,25167,0
25192118,25177,1,195,0,113,7351,7623,3156,7,25177,0
25202129,25187,1,197,0,157,6583,7174,3159,7,25187,0
25212118,25197,1,199,0,201,5558,6442,3162,7,25197,0
25222119,25207,1,201,0,201,4313,5191,3165,7,25207,0
25232123,25217,1,203,0,179,2895,4146,3168,7,25217,0
25242118,25227,1,205,0,208,1362,2837,3172,7,25227,0
25252121,25237,1,207,0,252,-226,1147,3175,7,25237,0
25262117,25247,1,208,0,47,-1806,249,3178,7,25247,0
25272128,25257,1,207,0,-40,-3319,-1499,3181,7,25257,0
25282118,25267,1,208,0,120,-4697,-3677,3184,7,25267,0
25292118,25277,1,210,0,113,-5891,-4820,3188,7,25277,0
25302126,25287,1,211,0,76,-6852,-5953,3191,7,25287,0
25312118,25297,1,211,0,25,-7536,-6832,3194,7,25297,0
25322120,25307,1,211,0,-10,-7920,-7516,3197,7,25307,0
25332119,25317,1,210,0,-76,-7985,-7887,3200,7,25317,0
25342126,25327,1,209,0,-98,-7728,-7887,3204,7,25327,0
25352118,25337,1,208,0,-157,-7159,-7496,3207,7,25337,0
25362118,25347,1,206,0,-157,-6299,-6989,3210,7,25347,0
25372124,25357,1,204,0,-230,-5181,-6217,3213,7,25357,0
25382118,25367,1,202,0,-230,-3854,-4791,3216,7,25367,0
25392118,25377,1,200,0,-179,-2368,-3638,3220,7,25377,0
25402118,25387,1,198,0,-194,-783,-2349,3223,7,25387,0
25412126,25397,1,195,0,-260,836,-757,3226,7,25397,0
25422120,25407,1,195,0,18,2420,180,3229,7,25407,0
25432119,25417,1,196,0,25,3908,2515,3232,7,25417,0
25442125,25427,1,194,0,-164,5237,4175,3236,7,25427,0
25452118,25437,1,193,0,-106,6350,5318,3239,7,25437,0
25462118,25447,1,192,0,-62,7203,6363,3242,7,25447,0
25472118,25457,1,192,0,-25,7758,7145,3245,7,25457,0
25482126,25467,1,192,0,18,7992,7663,3248,7,25467,0
25492122,25477,1,193,0,54,7895,7916,3252,7,25477,0
25502118,25487,1,194,0,113,7468,7760,3255,7,25487,0
25512121,25497,1,195,0,164,6730,7194,3258,7,25497,0
25522118,25507,1,197,0,164,5710,6510,3261,7,25507,0
25532119,25517,1,199,0,216,4449,5641,3264,7,25517,0
25542122,25527,1,201,0,223,3000,4039,3268,7,25527,0
25552125,25537,1,203,0,172,1423,2739,3271,7,25537,0
25562120,25547,1,205,0,179,-212,1440,3274,7,25547,0
25572118,25557,1,206,0,120,-1842,73,3277,7,25557,0
25582122,25567,1,206,0,3,-3396,-1479,3280,7,25567,0
25592122,25577,1,206,0,47,-4808,-3775,3284,7,25577,0
25602118,25587,1,208,0,120,-6016,-4967,3287,7,25587,0
25612119,25597,1,209,0,91,-6970,-6139,3290,7,25597,0
25622126,25607,1,209,0,25,-7628,-7008,3293,7,25607,0
25632119,25617,1,209,0,10,-7960,-7623,3296,7,25617,0
25642118,25627,1,209,0,-47,-7953,-7858,3300,7,25627,0
25652122,25637,1,208,0,-91,-7604,-7799,3303,7,25637,0
25662119,25647,1,206,0,-120,-6929,-7477,3306,7,25647,0
25672118,25657,1,205,0,-150,-5955,-6666,3309,7,25657,0
25682118,25667,1,203,0,-164,-4723,-5836,3312,7,25667,0
25692125,25677,1,201,0,-230,-3285,-4429,3316,7,25677,0
25702118,25687,1,200,0,-157,-1705,-3013,3319,7,25687,0
25712120,25697,1,198,0,-150,-49,-1724,3322,7,25697,0
25722122,25707,1,197,0,-76,1610,-376,3325,7,25707,0
25732122,25717,1,198,0,10,3201,1216,3328,7,25717,0
25742118,25727,1,197,0,-113,4654,3628,3332,7,25727,0
25752117,25737,1,196,0,-91,5905,4664,3335,7,25737,0
25762126,25747,1,195,0,-76,6900,5982,3338,7,25747,0
25772118,25757,1,195,0,-18,7591,6920,3341,7,25757,0
25782121,25767,1,195,0,18,7951,7516,3344,7,25767,0
25792122,25777,1,196,0,69,7960,7829,3348,7,25777,0
25802118,25787,1,197,0,106,7618,7809,3351,7,25787,0
25812118,25797,1,198,0,142,6939,7477,3354,7,25797,0
25822118,25807,1,200,0,164,5953,6725,3357,7,25807,0
25832131,25817,1,202,0,208,4699,5758,3360,7,25817,0
25842118,25827,1,204,0,230,3239,4322,3364,7,25827,0
25852120,25837,1,206,0,186,1631,3013,3367,7,25837,0
25862122,25847,1,208,0,179,-50,1587,3370,7,25847,0
25872118,25857,1,209,0,98,-1731,268,3373,7,25857,0
25882122,25867,1,209,0,25,-3336,-1421,3376,7,25867,0
25892118,25877,1,209,0,32,-4793,-3706,3380,7,25877,0
25902128,25887,1,210,0,84,-6037,-4947,3383,7,25887,0
25912118,25897,1,211,0,84,-7008,-6109,3386,7,25897,0
25922118,25907,1,211,0,18,-7665,-6989,3389,7,25907,0
25932123,25917,1,211,0,-18,-7976,-7633,3392,7,25917,0
25942118,25927,1,211,0,-54,-7926,-7868,3396,7,25927,0
25952120,25937,1,210,0,-91,-7516,-7868,3399,7,25937,0
25962118,25947,1,209,0,-120,-6764,-7360,3402,7,25947,0
25972126,25957,1,207,0,-172,-5702,-6529,3405,7,25957,0
25982118,25967,1,206,0,-157,-4381,-5445,3408,7,25967,0
25992118,25977,1,204,0,-194,-2857,-4312,3412,7,25977,0
26002124,25987,1,202,0,-230,-1200,-2466,3415,7,25987,0
26012118,25997,1,200,0,-128,510,-1245,3418,7,25997,0
26022121,26007,1,200,0,-32,2202,43,3421,7,26007,0
26032119,26017,1,201,0,62,3792,1890,3424,7,26017,0
26042126,26027,1,199,0,-150,5211,4195,3428,7,26027,0
26052118,26037,1,198,0,-91,6387,5328,3431,7,26037,0
26062118,26047,1,198,0,-62,7270,6402,3434,7,26047,0
26072125,26057,1,198,0,-10,7816,7262,3437,7,26057,0
26082118,26067,1,198,0,40,7999,7760,3440,7,26067,0
26092118,26077,1,199,0,76,7810,7887,3444,7,26077,0
26102118,26087,1,200,0,106,7256,7565,3447,7,26087,0
26112126,26097,1,202,0,135,6362,7086,3450,7,26097,0
26122122,26107,1,204,0,179,5170,6080,3453,7,26107,0
26132119,26117,1,205,0,164,3734,4937,3456,7,26117,0
26142124,26127,1,207,0,179,2120,3550,3460,7,26127,0
26152118,26137,1,209,0,208,406,1792,3463,7,26137,0
26162118,26147,1,211,0,98,-1328,678,3466,7,26147,0
26172121,26157,1,210,0,-25,-3003,-903,3469,7,26157,0
26182126,26167,1,211,0,69,-4537,-3345,3472,7,26167,0
26192119,26177,1,212,0,106,-5855,-4693,3476,7,26177,0
26202118,26187,1,213,0,62,-6898,-5894,3479,7,26187,0
26212122,26197,1,213,0,10,-7613,-6910,3482,7,26197,0
26222117,26207,1,213,0,-10,-7965,-7604,3485,7,26207,0
26232119,26217,1,212,0,-69,-7936,-7887,3488,7,26217,0
26242120,26227,1,211,0,-106,-7528,-7789,3492,7,26227,0
26252126,26237,1,210,0,-135,-6758,-7448,3495,7,26237,0
26262118,26247,1,208,0,-142,-5663,-6529,3498,7,26247,0
26272118,26257,1,207,0,-194,-4294,-5474,3501,7,26257,0
26282121,26267,1,205,0,-186,-2716,-3960,3504,7,26267,0
26292120,26277,1,203,0,-135,-1006,-2652,3508,7,26277,0
26302118,26287,1,201,0,-238,753,-893,3511,7,26287,0
26312122,26297,1,201,0,18,2479,102,3514,7,26297,0
26322125,26307,1,202,0,69,4086,2378,3517,7,26307,0
26332119,26317,1,201,0,-120,5494,4283,3520,7,26317,0
26342118,26327,1,200,0,-98,6637,5660,3524,7,26327,0
26352122,26337,1,199,0,-54,7456,6656,3527,7,26337,0
26362122,26347,1,199,0,-10,7911,7438,3530,7,26347,0
26372118,26357,1,200,0,32,7978,7809,3533,7,26357,0
26382118,26367,1,200,0,62,7654,7819,3536,7,26367,0
26392124,26377,1,201,0,98,6952,7496,3540,7,26377,0
26402118,26387,1,203,0,120,5908,6705,3543,7,26387,0
26412122,26397,1,204,0,135,4570,5797,3546,7,26397,0
26422122,26407,1,206,0,157,3005,4185,3549,7,26407,0
26432120,26417,1,208,0,142,1291,2827,3552,7,26417,0
26442118,26427,1,209,0,194,-489,1118,3556,7,26427,0
26452118,26437,1,210,0,3,-2247,53,3559,7,26437,0
26462130,26447,1,209,0,-76,-3896,-2056,3562,7,26447,0
26472118,26457,1,210,0,106,-5349,-4214,3565,7,26457,0
26482120,26467,1,211,0,69,-6537,-5474,3568,7,26467,0
26492122,26477,1,211,0,32,-7399,-6549,3572,7,26477,0
26502118,26487,1,211,0,-3,-7890,-7399,3575,7,26487,0
26512118,26497,1,210,0,-69,-7985,-7838,3578,7,26497,0
26522117,26507,1,209,0,-106,-7678,-7897,3581,7,26507,0
26532127,26517,1,208,0,-128,-6983,-7428,3584,7,26517,0
26542118,26527,1,206,0,-142,-5935,-6813,3588,7,26527,0
26552118,26537,1,204,0,-223,-4585,-5680,3591,7,26537,0
26562122,26547,1,203,0,-157,-3001,-4341,3594,7,26547,0
26572117,26557,1,201,0,-186,-1264,-2876,3597,7,26557,0
26582120,26567,1,199,0,-208,539,-1089,3600,7,26567,0
26592118,26577,1,198,0,-40,2316,-53,3604,7,26577,0
26602128,26587,1,199,0,91,3979,2144,3607,7,26587,0
26612118,26597,1,198,0,-128,5436,4244,3610,7,26597,0
26622118,26607,1,197,0,-106,6617,5572,3613,7,26607,0
26632125,26617,1,196,0,-62,7460,6578,3616,7,26617,0
26642118,26627,1,196,0,-18,7919,7409,3620,7,26627,0
26652122,26637,1,196,0,25,7970,7819,3623,7,26637,0
26662118,26647,1,197,0,54,7610,7819,3626,7,26647,0
26672124,26657,1,198,0,106,6856,7477,3629,7,26657,0
26682118,26667,1,199,0,128,5747,6627,3632,7,26667,0
26692118,26677,1,201,0,150,4338,5445,3636,7,26677,0
26702125,26687,1,203,0,150,2701,4068,3639,7,26687,0
26712118,26697,1,204,0,179,924,2564,3642,7,26697,0
26722119,26707,1,205,0,98,-903,952,3645,7,26707,0
26732119,26717,1,205,0,-10,-2685,-415,3648,7,26717,0
26742124,26727,1,204,0,-120,-4329,-2798,3652,7,26727,0
26752122,26737,1,205,0,69,-5746,-4517,3655,7,26737,0
26762118,26747,1,206,0,54,-6862,-5826,3658,7,26747,0
26772123,26757,1,206,0,18,-7619,-6881,3661,7,26757,0
26782118,26767,1,206,0,-25,-7974,-7575,3664,7,26767,0
26792118,26777,1,205,0,-84,-7909,-7907,3668,7,26777,0
26802122,26787,1,204,0,-120,-7425,-7819,3671,7,26787,0
26812124,26797,1,203,0,-128,-6546,-7125,3674,7,26797,0
26822120,26807,1,201,0,-164,-5321,-6363,3677,7,26807,0
26832119,26817,1,199,0,-216,-3810,-5045,3680,7,26817,0
26842122,26827,1,198,0,-150,-2095,-3589,3684,7,26827,0
26852121,26837,1,195,0,-223,-268,-1958,3687,7,26837,0
26862118,26847,1,195,0,-47,1575,-610,3690,7,26847,0
26872120,26857,1,196,0,47,3336,1137,3693,7,26857,0
26882124,26867,1,195,0,-91,4920,3619,3696,7,26867,0
26892122,26877,1,193,0,-120,6241,5064,3700,7,26877,0
26902118,26887,1,193,0,-54,7226,6324,3703,7,26887,0
26912122,26897,1,193,0,-25,7823,7223,3706,7,26897,0
26922119,26907,1,193,0,18,7997,7731,3709,7,26907,0
26932119,26917,1,194,0,62,7740,7838,3712,7,26917,0
26942122,26927,1,195,0,113,7062,7467,3716,7,26927,0
26952124,26937,1,196,0,135,6000,6852,3719,7,26937,0
26962118,26947,1,198,0,157,4612,5689,3722,7,26947,0
26972119,26957,1,199,0,135,2970,4420,3725,7,26957,0
26982122,26967,1,201,0,216,1165,2661,3728,7,26967,0
26992121,26977,1,203,0,98,-704,1177,3732,7,26977,0
27002118,26987,1,202,0,-32,-2537,-229,3735,7,26987,0
27012120,26997,1,201,0,-40,-4232,-2603,3738,7,26997,0
27022124,27007,1,203,0,84,-5697,-4459,3741,7,27007,0
27032119,27017,1,203,0,47,-6849,-5797,3744,7,27017,0
27042122,27027,1,203,0,-3,-7624,-6871,3748,7,27027,0
27052122,27037,1,203,0,-18,-7979,-7594,3751,7,27037,0
27062120,27047,1,203,0,-54,-7892,-7868,3754,7,27047,0
27072118,27057,1,201,0,-113,-7369,-7760,3757,7,27057,0
27082118,27067,1,200,0,-120,-6436,-7184,3760,7,27067,0
27092127,27077,1,199,0,-194,-5143,-6266,3764,7,27077,0
27102118,27087,1,197,0,-157,-3564,-4859,3767,7,27087,0
27112120,27097,1,195,0,-194,-1784,-3394,3770,7,27097,0
27122122,27107,1,194,0,-157,96,-1528,3773,7,27107,0
27132119,27117,1,193,0,-98,1973,-336,3776,7,27117,0
27142122,27127,1,194,0,91,3741,1626,3780,7,27127,0
27152118,27137,1,193,0,-106,5300,4205,3783,7,27137,0
27162126,27147,1,193,0,-91,6563,5445,3786,7,27147,0
27172118,27157,1,192,0,-32,7456,6568,3789,7,27157,0
27182121,27167,1,192,0,-3,7929,7428,3792,7,27167,0
27192122,27177,1,193,0,47,7955,7829,3796,7,27177,0
27202118,27187,1,193,0,84,7529,7819,3799,7,27187,0
27212120,27197,1,195,0,128,6676,7233,3802,7,27197,0
27222118,27207,1,196,0,120,5443,6481,3805,7,27207,0
27232128,27217,1,198,0,179,3898,5103,3808,7,27217,0
27242118,27227,1,199,0,150,2132,3706,3812,7,27227,0
27252118,27237,1,201,0,186,241,1860,3815,7,27237,0
27262123,27247,1,202,0,32,-1665,590,3818,7,27247,0
27272118,27257,1,201,0,-54,-3477,-1284,3821,7,27257,0
27282121,27267,1,201,0,76,-5092,-3785,3824,7,27267,0
27292118,27277,1,203,0,84,-6414,-5279,3828,7,27277,0
27302125,27287,1,203,0,40,-7369,-6481,3831,7,27287,0
27312118,27297,1,203,0,10,-7899,-7369,3834,7,27297,0
27322118,27307,1,203,0,-47,-7973,-7780,3837,7,27307,0
27332127,27317,1,202,0,-98,-7585,-7838,3840,7,27317,0
27342118,27327,1,201,0,-113,-6757,-7409,3844,7,27327,0
27352120,27337,1,199,0,-179,-5536,-6539,3847,7,27337,0
27362118,27347,1,198,0,-142,-3993,-5279,3850,7,27347,0
27372124,27357,1,196,0,-216,-2214,-3726,3853,7,27357,0
27382121,27367,1,195,0,-120,-305,-1978,3856,7,27367,0
27392118,27377,1,193,0,-186,1621,-542,3860,7,27377,0
27402124,27387,1,194,0,98,3457,1108,3863,7,27387,0
27412118,27397,1,195,0,10,5089,3824,3866,7,27397,0
27422118,27407,1,193,0,-62,6425,5181,3869,7,27407,0
27432122,27417,1,193,0,-54,7384,6451,3872,7,27417,0
27442124,27427,1,193,0,-10,7908,7360,3876,7,27427,0
27452120,27437,1,193,0,40,7966,7799,3879,7,27437,0
27462118,27447,1,194,0,84,7552,7799,3882,7,27447,0
27472122,27457,1,195,0,120,6690,7282,3885,7,27457,0
27482118,27467,1,196,0,150,5432,6471,3888,7,27467,0
27492118,27477,1,198,0,164,3849,5103,3892,7,27477,0
27502120,27487,1,199,0,128,2035,3638,3895,7,27487,0
27512124,27497,1,201,0,194,98,1763,3898,7,27497,0
27522118,27507,1,202,0,32,-1843,493,3901,7,27507,0
27532119,27517,1,201,0,-32,-3678,-1509,3904,7,27517,0
27542122,27527,1,201,0,62,-5295,-4029,3908,7,27527,0
27552120,27537,1,202,0,69,-6594,-5455,3911,7,27537,0
27562118,27547,1,202,0,25,-7498,-6647,3914,7,27547,0
27572122,27557,1,202,0,-3,-7951,-7506,3917,7,27557,0
27582124,27567,1,201,0,-84,-7925,-7848,3920,7,27567,0
27592118,27577,1,201,0,-91,-7421,-7770,3924,7,27577,0
27602118,27587,1,199,0,-128,-6467,-7194,3927,7,27587,0
27612122,27597,1,198,0,-142,-5119,-6324,3930,7,27597,0
27622121,27607,1,196,0,-179,-3460,-4732,3933,7,27607,0
27632119,27617,1,195,0,-128,-1590,-3257,3936,7,27617,0
27642118,27627,1,193,0,-216,377,-1401,3940,7,27627,0
27652124,27637,1,193,0,3,2326,-180,3943,7,27637,0
27662118,27647,1,194,0,98,4132,2095,3946,7,27647,0
27672122,27657,1,193,0,-128,5688,4478,3949,7,27657,0
27682122,27667,1,192,0,-69,6896,5807,3952,7,27667,0
27692120,27677,1,192,0,-25,7681,6871,3956,7,27677,0
27702119,27687,1,192,0,3,7995,7614,3959,7,27687,0
27712118,27697,1,193,0,40,7816,7897,3962,7,27697,0
27722142,27707,1,194,0,113,7153,7623,3965,7,27707,0
27732119,27717,1,195,0,120,6052,6842,3968,7,27717,0
27742120,27727,1,196,0,135,4573,5807,3972,7,27727,0
27752122,27737,1,198,0,157,2809,4332,3975,7,27737,0
27762118,27747,1,200,0,135,870,2544,3978,7,27747,0
27772118,27757,1,201,0,172,-1124,884,3981,7,27757,0
27782118,27767,1,201,0,-84,-3051,-473,3984,7,27767,0
27792141,27777,1,200,0,-106,-4792,-3023,3988,7,27777,0
27802118,27787,1,201,0,98,-6229,-4996,3991,7,27787,0
27812118,27797,1,201,0,54,-7280,-6305,3994,7,27797,0
27822122,27807,1,201,0,3,-7876,-7282,3997,7,27807,0
27832119,27817,1,201,0,-32,-7977,-7789,4000,7,27817,0
27842120,27827,1,201,0,-84,-7577,-7848,4004,7,27827,0
27852118,27837,1,199,0,-113,-6699,-7360,4007,7,27837,0
27862140,27847,1,198,0,-135,-5395,-6539,4010,7,27847,0
27872118,27857,1,197,0,-142,-3755,-5035,4013,7,27857,0
27882117,27867,1,195,0,-135,-1873,-3589,4016,7,27867,0
27892122,27877,1,194,0,-150,129,-1616,4020,7,27877,0
27902118,27887,1,193,0,-98,2124,-307,4023,7,27887,0
27912121,27897,1,195,0,120,3987,1733,4026,7,27897,0
27922118,27907,1,195,0,-47,5596,4547,4029,7,27907,0
27932140,27917,1,194,0,-54,6852,5689,4032,7,27917,0
27942118,27927,1,193,0,-40,7667,6871,4036,7,27927,0
27952118,27937,1,193,0,10,7994,7623,4039,7,27937,0
27962126,27947,1,194,0,62,7809,7829,4042,7,27947,0
27972118,27957,1,195,0,84,7123,7536,4045,7,27957,0
27982120,27967,1,196,0,106,5978,6910,4048,7,27967,0
27992118,27977,1,197,0,120,4447,5689,4052,7,27977,0
28002137,27987,1,199,0,150,2624,4302,4055,7,27987,0
28012122,27997,1,200,0,128,637,2300,4058,7,27997,0
28022117,28007,1,201,0,113,-1394,776,4061,7,28007,0
28032125,28017,1,201,0,-91,-3339,-864,4064,7,28017,0
28042118,28027,1,199,0,-128,-5067,-3443,4068,7,28027,0
28052118,28037,1,201,0,76,-6468,-5250,4071,7,28037,0
28062118,28047,1,201,0,32,-7449,-6520,4074,7,28047,0
28072137,28057,1,201,0,3,-7945,-7448,4077,7,28057,0
28082120,28067,1,201,0,-32,-7922,-7848,4080,7,28067,0
28092118,28077,1,199,0,-84,-7381,-7780,4084,7,28077,0
28102122,28087,1,198,0,-106,-6356,-7272,4087,7,28087,0
28112118,28097,1,197,0,-120,-4913,-6031,4090,7,28097,0
28122118,28107,1,196,0,-157,-3146,-4683,4093,7,28107,0
28132121,28117,1,195,0,-113,-1170,-2876,4096,7,28117,0
28142137,28127,1,193,0,-164,886,-1177,4100,7,28127,0
28152121,28137,1,193,0,62,2880,239,4103,7,28137,0
28162118,28147,1,195,0,128,4688,2730,4106,7,28147,0
28172122,28157,1,193,0,-128,6188,4967,4109,7,28157,0
28182118,28167,1,193,0,-54,7277,6275,4112,7,28167,0
28192117,28177,1,193,0,-10,7885,7262,4116,7,28177,0
28202122,28187,1,193,0,32,7968,7789,4119,7,28187,0
28212137,28197,1,194,0,76,7518,7770,4122,7,28197,0
28222117,28207,1,195,0,106,6570,7252,4125,7,28207,0
28232119,28217,1,196,0,135,5179,6305,4128,7,28217,0
28242122,28227,1,198,0,150,3441,4830,4132,7,28227,0
28252121,28237,1,199,0,120,1471,3267,4135,7,28237,0
28262118,28247,1,201,0,142,-598,1245,4138,7,28247,0
28272119,28257,1,201,0,32,-2630,-63,4141,7,28257,0
28282137,28267,1,199,0,-172,-4489,-2271,4144,7,28267,0
28292118,28277,1,200,0,84,-6041,-4967,4148,7,28277,0
28302122,28287,1,200,0,47,-7189,-6129,4151,7,28287,0
28312122,28297,1,200,0,-3,-7851,-7194,4154,7,28297,0
28322120,28307,1,200,0,-32,-7981,-7770,4157,7,28307,0
28332119,28317,1,199,0,-91,-7570,-7897,4160,7,28317,0
28342118,28327,1,198,0,-128,-6643,-7369,4164,7,28327,0
28352141,28337,1,196,0,-142,-5260,-6295,4167,7,28337,0
28362117,28347,1,195,0,-135,-3525,-5045,4170,7,28347,0
28372119,28357,1,193,0,-194,-1543,-3199,4173,7,28357,0
28382122,28367,1,193,0,-113,545,-1499,4176,7,28367,0
28392118,28377,1,193,0,62,2597,14,4180,7,28377,0
28402118,28387,1,194,0,106,4473,2525,4183,7,28387,0
28412118,28397,1,193,0,-91,6044,4654,4186,7,28397,0
28422141,28407,1,192,0,-47,7201,6090,4189,7,28407,0
28432119,28417,1,192,0,-10,7859,7164,4192,7,28417,0
28442122,28427,1,193,0,25,7977,7741,4196,7,28427,0
28452122,28437,1,193,0,84,7543,7848,4199,7,28437,0
28462118,28447,1,195,0,106,6587,7242,4202,7,28447,0
28472118,28457,1,196,0,135,5173,6334,4205,7,28457,0
28482118,28467,1,197,0,142,3399,4840,4208,7,28467,0
28492143,28477,1,199,0,150,1382,3267,4212,7,28477,0
28502118,28487,1,200,0,106,-722,1255,4215,7,28487,0
28512118,28497,1,201,0,40,-2783,-249,4218,7,28497,0
28522122,28507,1,199,0,-201,-4652,-2407,4221,7,28507,0
28532119,28517,1,199,0,98,-6196,-5006,4224,7,28517,0
28542122,28527,1,200,0,47,-7307,-6285,4228,7,28527,0
28552118,28537,1,200,0,-10,-7905,-7291,4231,7,28537,0
28562141,28547,1,199,0,-47,-7948,-7809,4234,7,28547,0
28572118,28557,1,199,0,-91,-7433,-7868,4237,7,28557,0
28582118,28567,1,198,0,-113,-6393,-7213,4240,7,28567,0
28592125,28577,1,196,0,-172,-4899,-6041,4244,7,28577,0
28602118,28587,1,195,0,-120,-3060,-4644,4247,7,28587,0
28612120,28597,1,193,0,-186,-1001,-2749,4250,7,28597,0
28622118,28607,1,193,0,-76,1129,-1089,4253,7,28607,0
28632140,28617,1,193,0,62,3185,630,4256,7,28617,0
28642118,28627,1,194,0,76,5008,3326,4260,7,28627,0
28652118,28637,1,193,0,-84,6480,5142,4263,7,28637,0
28662124,28647,1,193,0,-54,7491,6500,4266,7,28647,0
28672118,28657,1,193,0,-3,7967,7457,4269,7,28657,0
28682118,28667,1,193,0,54,7873,7848,4272,7,28667,0
28692118,28677,1,194,0,84,7215,7653,4276,7,28677,0
28702139,28687,1,195,0,113,6035,6901,4279,7,28687,0
28712120,28697,1,196,0,142,4426,5768,4282,7,28697,0
28722118,28707,1,198,0,150,2495,4068,4285,7,28707,0
28732127,28717,1,199,0,106,380,2339,4288,7,28717,0
28742118,28727,1,199,0,40,-1759,620,4292,7,28727,0
28752118,28737,1,198,0,-135,-3775,-1362,4295,7,28737,0
28762118,28747,1,198,0,40,-5520,-4156,4298,7,28747,0
28772138,28757,1,199,0,25,-6867,-5670,4301,7,28757,0
28782121,28767,1,199,0,-3,-7713,-6881,4304,7,28767,0
28792118,28777,1,199,0,-32,-7999,-7653,4308,7,28777,0
28802122,28787,1,198,0,-76,-7704,-7868,4311,7,28787,0
28812118,28797,1,197,0,-84,-6846,-7428,4314,7,28797,0
28822118,28807,1,196,0,-142,-5487,-6617,4317,7,28807,0
28832123,28817,1,195,0,-128,-3725,-5191,4320,7,28817,0
28842139,28827,1,193,0,-172,-1686,-3570,4324,7,28827,0
28852119,28837,1,192,0,-91,470,-1528,4327,7,28837,0
28862118,28847,1,192,0,40,2598,-53,4330,7,28847,0
28872122,28857,1,194,0,113,4537,2622,4333,7,28857,0
28882122,28867,1,193,0,-69,6143,4683,4336,7,28867,0
28892118,28877,1,192,0,-32,7295,6168,4340,7,28877,0
28902120,28887,1,192,0,-3,7910,7282,4343,7,28887,0
28912138,28897,1,193,0,32,7938,7789,4346,7,28897,0
28922118,28907,1,193,0,69,7380,7789,4349,7,28907,0
28932123,28917,1,195,0,120,6271,7057,4352,7,28917,0
28942122,28927,1,196,0,142,4696,6012,4356,7,28927,0
28952119,28937,1,197,0,142,2770,4341,4359,7,28937,0
28962118,28947,1,199,0,135,637,2632,4362,7,28947,0
28972118,28957,1,199,0,47,-1545,805,4365,7,28957,0
28982142,28967,1,198,0,-84,-3619,-1147,4368,7,28967,0
28992118,28977,1,198,0,18,-5414,-3990,4372,7,28977,0
29002120,28987,1,199,0,32,-6810,-5582,4375,7,28987,0
29012122,28997,1,199,0,25,-7694,-6842,4378,7,28997,0
29022122,29007,1,199,0,-18,-7999,-7643,4381,7,29007,0
29032119,29017,1,198,0,-76,-7703,-7868,4384,7,29017,0
29042118,29027,1,197,0,-98,-6825,-7448,4388,7,29027,0
29052140,29037,1,196,0,-135,-5427,-6568,4391,7,29037,0
29062118,29047,1,195,0,-135,-3624,-5172,4394,7,29047,0
29072122,29057,1,193,0,-172,-1541,-3326,4397,7,29057,0
29082122,29067,1,193,0,-76,659,-1489,4400,7,29067,0
29092118,29077,1,193,0,69,2811,102,4404,7,29077,0
29102120,29087,1,194,0,128,4751,2710,4407,7,29087,0
29112118,29097,1,193,0,-91,6330,4937,4410,7,29097,0
29122142,29107,1,193,0,-40,7429,6393,4413,7,29107,0
29132118,29117,1,193,0,-3,7957,7389,4416,7,29117,0
29142119,29127,1,193,0,32,7878,7848,4420,7,29127,0
29152122,29137,1,194,0,76,7195,7653,4423,7,29137,0
29162118,29147,1,195,0,106,5960,6891,4426,7,29147,0
29172122,29157,1,196,0,106,4264,5670,4429,7,29157,0
29182118,29167,1,198,0,128,2240,3912,4432,7,29167,0
29192140,29177,1,199,0,106,37,2124,4436,7,29177,0
29202118,29187,1,199,0,-10,-2161,415,4439,7,29187,0
29212118,29197,1,198,0,-98,-4199,-1860,4442,7,29197,0
29222126,29207,1,198,0,40,-5914,-4644,4445,7,29207,0
29232119,29217,1,198,0,10,-7170,-6031,4448,7,29217,0
29242120,29227,1,198,0,10,-7870,-7184,4452,7,29227,0
29252118,29237,1,198,0,-40,-7960,-7780,4455,7,29237,0
29262138,29247,1,198,0,-69,-7427,-7760,4458,7,29247,0
29272122,29257,1,196,0,-120,-6318,-7155,4461,7,29257,0
29282118,29267,1,195,0,-106,-4714,-6061,4464,7,29267,0
29292123,29277,1,194,0,-135,-2738,-4390,4468,7,29277,0
29302118,29287,1,193,0,-113,-548,-2612,4471,7,29287,0
29312122,29297,1,192,0,-32,1687,-757,4474,7,29297,0
29322118,29307,1,193,0,84,3790,1304,4477,7,29307,0
29332135,29317,1,194,0,-3,5601,4185,4480,7,29317,0
29342119,29327,1,193,0,-25,6966,5709,4484,7,29327,0
29352118,29337,1,193,0,-18,7785,6989,4487,7,29337,0
29362125,29347,1,193,0,18,7989,7711,4490,7,29347,0
29372118,29357,1,194,0,54,7562,7760,4493,7,29357,0
29382118,29367,1,195,0,76,6536,7242,4496,7,29367,0
29392119,29377,1,196,0,98,4990,6266,4500,7,29377,0
29402135,29387,1,197,0,113,3043,4664,4503,7,29387,0
29412122,29397,1,199,0,113,859,2876,4506,7,29397,0
29422118,29407,1,199,0,47,-1397,942,4509,7,29407,0
29432124,29417,1,198,0,-84,-3545,-981,4512,7,29417,0
29442118,29427,1,197,0,-76,-5410,-3765,4516,7,29427,0
29452118,29437,1,198,0,54,-6844,-5553,4519,7,29437,0
29462122,29447,1,198,0,10,-7730,-6891,4522,7,29447,0
29472134,29457,1,198,0,-25,-7997,-7663,4525,7,29457,0
29482120,29467,1,198,0,-54,-7622,-7819,4528,7,29467,0
29492118,29477,1,196,0,-106,-6633,-7369,4532,7,29477,0
29502122,29487,1,195,0,-106,-5108,-6402,4535,7,29487,0
29512122,29497,1,195,0,-113,-3171,-4781,4538,7,29497,0
29522118,29507,1,193,0,-150,-977,-3013,4541,7,29507,0
29532121,29517,1,192,0,-54,1299,-1030,4544,7,29517,0
29542135,29527,1,193,0,76,3474,825,4548,7,29527,0
29552118,29537,1,195,0,91,5362,3667,4551,7,29537,0
29562122,29547,1,193,0,-69,6820,5474,4554,7,29547,0
29572122,29557,1,193,0,-32,7723,6832,4557,7,29557,0
29582119,29567,1,193,0,18,7997,7643,4560,7,29567,0
29592118,29577,1,194,0,47,7620,7780,4564,7,29577,0
29602118,29587,1,195,0,62,6620,7321,4567,7,29587,0
29612135,29597,1,196,0,98,5074,6363,4570,7,29597,0
29622117,29607,1,197,0,128,3117,4742,4573,7,29607,0
29632120,29617,1,198,0,120,900,2915,4576,7,29617,0
29642122,29627,1,199,0,62,-1392,971,4580,7,29627,0
29652118,29637,1,198,0,-76,-3571,-971,4583,7,29637,0
29662118,29647,1,197,0,-113,-5458,-3726,4586,7,29647,0
29672118,29657,1,198,0,32,-6895,-5631,4589,7,29657,0
29682137,29667,1,198,0,10,-7765,-6930,4592,7,29667,0
29692118,29677,1,198,0,-25,-7991,-7682,4596,7,29677,0
29702122,29687,1,197,0,-47,-7556,-7789,4599,7,29687,0
29712122,29697,1,196,0,-91,-6494,-7360,4602,7,29697,0
29722118,29707,1,195,0,-91,-4892,-6256,4605,7,29707,0
29732119,29717,1,194,0,-142,-2882,-4547,4608,7,29717,0
29742118,29727,1,193,0,-91,-630,-2730,4612,7,29727,0
29752138,29737,1,193,0,-40,1680,-786,4615,7,29737,0
29762118,29747,1,194,0,98,3843,1274,4618,7,29747,0
29772118,29757,1,194,0,18,5690,4224,4621,7,29757,0
29782122,29767,1,193,0,-25,7063,5797,4624,7,29767,0
29792118,29777,1,193,0,-18,7843,7076,4628,7,29777,0
29802122,29787,1,194,0,32,7965,7721,4631,7,29787,0
29812118,29797,1,194,0,69,7418,7721,4634,7,29797,0
29822136,29807,1,195,0,98,6242,7115,4637,7,29807,0
29832119,29817,1,196,0,98,4544,5963,4640,7,29817,0
29842118,29827,1,198,0,120,2459,4195,4644,7,29827,0
29852125,29837,1,198,0,98,163,2300,4647,7,29837,0
29862118,29847,1,199,0,25,-2145,473,4650,7,29847,0
29872120,29857,1,198,0,-113,-4275,-1821,4653,7,29857,0
29882118,29867,1,197,0,-3,-6043,-4761,4656,7,29867,0
29892135,29877,1,198,0,25,-7300,-6139,4660,7,29877,0
29902118,29887,1,198,0,-10,-7933,-7311,4663,7,29887,0
29912118,29897,1,197,0,-54,-7892,-7789,4666,7,29897,0
29922123,29907,1,196,0,-84,-7176,-7672,4669,7,29907,0
29932119,29917,1,195,0,-113,-5847,-6920,4672,7,29917,0
29942118,29927,1,194,0,-113,-4016,-5523,4676,7,29927,0
29952118,29937,1,193,0,-128,-1840,-3853,4679,7,29937,0
29962135,29947,1,192,0,-76,499,-1655,4682,7,29947,0
29972119,29957,1,193,0,69,2790,-73,4685,7,29957,0
29982118,29967,1,194,0,142,4846,2700,4688,7,29967,0
29992126,29977,1,193,0,-69,6487,5035,4692,7,29977,0
30002118,29987,1,193,0,-40,7567,6549,4695,7,29987,0
30012118,29997,1,193,0,10,7995,7526,4698,7,29997,0
30022118,30007,1,194,0,40,7730,7819,4701,7,30007,0
30032138,30017,1,195,0,76,6794,7448,4704,7,30017,0
30042121,30027,1,196,0,98,5271,6539,4708,7,30027,0
30052117,30037,1,197,0,106,3288,4947,4711,7,30037,0
30062122,30047,1,198,0,128,1016,2954,4714,7,30047,0
30072118,30057,1,199,0,69,-1344,1059,4717,7,30057,0
30082118,30067,1,198,0,-98,-3590,-815,4720,7,30067,0
30092122,30077,1,196,0,-208,-5524,-3677,4724,7,30077,0
30102136,30087,1,197,0,40,-6977,-5689,4727,7,30087,0
30112120,30097,1,197,0,10,-7816,-6989,4730,7,30097,0
30122118,30107,1,197,0,-32,-7972,-7692,4733,7,30107,0
30132123,30117,1,196,0,-69,-7428,-7799,4736,7,30117,0
30142122,30127,1,195,0,-91,-6229,-7213,4740,7,30127,0
30152118,30137,1,194,0,-113,-4483,-5914,4743,7,30137,0
30162120,30147,1,193,0,-128,-2338,-4293,4746,7,30147,0
30172137,30157,1,192,0,-84,17,-2075,4749,7,30157,0
30182118,30167,1,191,0,-76,2364,-268,4752,7,30167,0
30192118,30177,1,193,0,208,4509,1753,4756,7,30177,0
30202121,30187,1,193,0,-91,6256,4996,4759,7,30187,0
30212120,30197,1,193,0,-54,7447,6363,4762,7,30197,0
30222118,30207,1,193,0,-3,7977,7418,4765,7,30207,0
30232119,30217,1,193,0,47,7798,7858,4768,7,30217,0
30242136,30227,1,194,0,69,6921,7545,4772,7,30227,0
30252118,30237,1,195,0,91,5429,6598,4775,7,30237,0
30262120,30247,1,196,0,106,3449,5123,4778,7,30247,0
30272122,30257,1,198,0,113,1159,3101,4781,7,30257,0
30282121,30267,1,198,0,91,-1235,1167,4784,7,30267,0
30292118,30277,1,198,0,-91,-3521,-600,4788,7,30277,0
30302118,30287,1,196,0,-230,-5491,-3531,4791,7,30287,0
30312136,30297,1,197,0,25,-6972,-5650,4794,7,30297,0
30322118,30307,1,197,0,10,-7821,-6989,4797,7,30307,0
30332122,30317,1,197,0,-18,-7967,-7711,4800,7,30317,0
30342122,30327,1,196,0,-54,-7393,-7789,4804,7,30327,0
30352118,30337,1,195,0,-91,-6151,-7155,4807,7,30337,0
30362118,30347,1,194,0,-120,-4350,-5836,4810,7,30347,0
30372118,30357,1,193,0,-113,-2154,-4136,4813,7,30357,0
30382141,30367,1,192,0,-76,244,-1899,4816,7,30367,0
30392118,30377,1,191,0,-47,2612,-141,4820,7,30377,0
30402120,30387,1,194,0,260,4749,2202,4823,7,30387,0
30412122,30397,1,193,0,-98,6455,5054,4826,7,30397,0
30422118,30407,1,193,0,-32,7571,6520,4829,7,30407,0
30432123,30417,1,193,0,10,7997,7536,4832,7,30417,0
30442118,30427,1,193,0,47,7691,7819,4836,7,30427,0
30452138,30437,1,195,0,62,6677,7399,4839,7,30437,0
30462118,30447,1,195,0,91,5054,6393,4842,7,30447,0
30472118,30457,1,196,0,113,2964,4732,4845,7,30457,0
30482122,30467,1,198,0,113,598,2632,4848,7,30467,0
30492117,30477,1,198,0,69,-1821,776,4852,7,30477,0
30502120,30487,1,197,0,-120,-4077,-1294,4855,7,30487,0
30512118,30497,1,196,0,-98,-5956,-4615,4858,7,30497,0
30522137,30507,1,196,0,10,-7288,-6080,4861,7,30507,0
30532119,30517,1,196,0,-10,-7942,-7282,4864,7,30517,0
30542117,30527,1,196,0,-62,-7862,-7809,4868,7,30527,0
30552124,30537,1,195,0,-76,-7051,-7663,4871,7,30537,0
30562118,30547,1,195,0,-98,-5585,-6754,4874,7,30547,0
30572121,30557,1,193,0,-135,-3597,-5377,4877,7,30557,0
30582118,30567,1,192,0,-84,-1273,-3316,4880,7,30567,0
30592137,30577,1,191,0,-76,1175,-1167,4884,7,30577,0
30602118,30587,1,191,0,10,3507,542,4887,7,30587,0
30612118,30597,1,195,0,267,5517,3638,4890,7,30597,0
30622125,30607,1,193,0,-25,7012,5650,4893,7,30607,0
30632119,30617,1,193,0,-10,7848,7008,4896,7,30617,0
30642118,30627,1,193,0,18,7948,7711,4900,7,30627,0
30652118,30637,1,194,0,84,7301,7692,4903,7,30637,0
30662136,30647,1,195,0,76,5962,6959,4906,7,30647,0
30672122,30657,1,196,0,91,4065,5680,4909,7,30657,0
30682118,30667,1,197,0,106,1782,3726,4912,7,30667,0
30692123,30677,1,198,0,106,-673,1587,4916,7,30677,0
30702118,30687,1,198,0,-3,-3064,-83,4919,7,30687,0
30712118,30697,1,196,0,-274,-5167,-2642,4922,7,30697,0
30722122,30707,1,196,0,40,-6782,-5445,4925,7,30707,0
30732137,30717,1,196,0,18,-7753,-6842,4928,7,30717,0
30742120,30727,1,196,0,-25,-7985,-7682,4932,7,30727,0
30752118,30737,1,196,0,-62,-7457,-7819,4935,7,30737,0
30762122,30747,1,195,0,-76,-6217,-7213,4938,7,30747,0
30772118,30757,1,193,0,-128,-4383,-5963,4941,7,30757,0
30782118,30767,1,193,0,-91,-2128,-4126,4944,7,30767,0
30792120,30777,1,192,0,-62,332,-1880,4948,7,30777,0
30802136,30787,1,191,0,-40,2766,-83,4951,7,30787,0
30812118,30797,1,194,0,289,4928,2358,4954,7,30797,0
30822118,30807,1,193,0,-91,6622,5250,4957,7,30807,0
30832123,30817,1,193,0,-18,7679,6676,4960,7,30817,0
30842120,30827,1,193,0,10,7996,7604,4964,7,30827,0
30852118,30837,1,194,0,54,7542,7799,4967,7,30837,0
30862122,30847,1,195,0,62,6358,7252,4970,7,30847,0
30872133,30857,1,196,0,84,4556,6070,4973,7,30857,0
30882118,30867,1,197,0,113,2316,4214,4976,7,30867,0
30892118,30877,1,198,0,106,-151,2056,4980,7,30877,0
30902122,30887,1,198,0,32,-2608,249,4983,7,30887,0
30912122,30897,1,196,0,-186,-4811,-2114,4986,7,30897,0
30922118,30907,1,196,0,47,-6547,-5308,4989,7,30907,0
30932119,30917,1,196,0,18,-7646,-6647,4992,7,30917,0
30942138,30927,1,196,0,-18,-7998,-7614,4996,7,30927,0
30952118,30937,1,196,0,-47,-7570,-7868,4999,7,30937,0
30962122,30947,1,195,0,-69,-6399,-7330,5002,7,30947,0
30972122,30957,1,194,0,-128,-4600,-6100,5005,7,30957,0
30982119,30967,1,193,0,-91,-2350,-4361,5008,7,30967,0
30992118,30977,1,192,0,-62,132,-2105,5012,7,30977,0
31002118,30987,1,192,0,3,2604,-288,5015,7,30987,0
31012141,30997,1,195,0,223,4825,2310,5018,7,30997,0
31022118,31007,1,194,0,-76,6563,5133,5021,7,31007,0
31032121,31017,1,193,0,-18,7659,6617,5024,7,31017,0
31042122,31027,1,194,0,3,7997,7584,5028,7,31027,0
31052118,31037,1,194,0,47,7544,7799,5031,7,31037,0
31062121,31047,1,195,0,69,6343,7262,5034,7,31047,0
31072118,31057,1,196,0,76,4511,6051,5037,7,31057,0
31082133,31067,1,197,0,113,2227,4156,5040,7,31067,0
31092118,31077,1,198,0,98,-274,2007,5044,7,31077,0
31102118,31087,1,198,0,-3,-2752,170,5047,7,31087,0
31112126,31097,1,196,0,-230,-4960,-2251,5050,7,31097,0
31122118,31107,1,196,0,69,-6670,-5387,5053,7,31107,0
31132121,31117,1,196,0,18,-7716,-6764,5056,7,31117,0
31142118,31127,1,196,0,3,-7989,-7663,5060,7,31127,0
31152130,31137,1,195,0,-32,-7461,-7838,5063,7,31137,0
31162118,31147,1,195,0,-69,-6185,-7213,5066,7,31147,0
31172118,31157,1,194,0,-128,-4286,-5894,5069,7,31157,0
31182123,31167,1,193,0,-98,-1952,-4039,5072,7,31167,0
31192118,31177,1,192,0,-62,576,-1743,5076,7,31177,0
31202122,31187,1,193,0,84,3050,-34,5079,7,31187,0
31212118,31197,1,195,0,164,5216,2925,5082,7,31197,0
31222129,31207,1,194,0,-47,6858,5416,5085,7,31207,0
31232121,31217,1,194,0,-25,7804,6871,5088,7,31217,0
31242119,31227,1,194,0,10,7961,7682,5092,7,31227,0
31252125,31237,1,195,0,54,7308,7731,5095,7,31237,0
31262117,31247,1,195,0,69,5914,7037,5098,7,31247,0
31272119,31257,1,196,0,106,3915,5592,5101,7,31257,0
31282118,31267,1,198,0,106,1517,3540,5104,7,31267,0
31292124,31277,1,198,0,69,-1038,1440,5108,7,31277,0
31302122,31287,1,198,0,-91,-3488,-385,5111,7,31287,0
31312118,31297,1,195,0,-296,-5582,-3365,5114,7,31297,0
31322119,31307,1,196,0,18,-7106,-5728,5117,7,31307,0
31332119,31317,1,196,0,-3,-7903,-7115,5120,7,31317,0
31342118,31327,1,196,0,-32,-7889,-7750,5124,7,31327,0
31352122,31337,1,195,0,-62,-7063,-7672,5127,7,31337,0
31362138,31347,1,195,0,-76,-5507,-6764,5130,7,31347,0
31372120,31357,1,193,0,-128,-3389,-5279,5133,7,31357,0
31382118,31367,1,193,0,-84,-916,-3120,5136,7,31367,0
31392122,31377,1,192,0,-25,1653,-991,5140,7,31377,0
31402122,31387,1,194,0,128,4052,1186,5143,7,31387,0
31412118,31397,1,195,0,47,6032,4459,5146,7,31397,0
31422120,31407,1,194,0,-10,7390,6100,5149,7,31407,0
31432140,31417,1,194,0,10,7981,7350,5152,7,31417,0
31442122,31427,1,195,0,40,7742,7770,5156,7,31427,0
31452118,31437,1,195,0,62,6697,7448,5159,7,31437,0
31462118,31447,1,196,0,69,4954,6383,5162,7,31447,0
31472119,31457,1,197,0,98,2694,4595,5165,7,31457,0
31482118,31467,1,198,0,106,150,2466,5168,7,31467,0
31492122,31477,1,198,0,25,-2411,454,5172,7,31477,0
31502138,31487,1,197,0,-142,-4724,-1958,5175,7,31487,0
31512118,31497,1,196,0,32,-6537,-5269,5178,7,31497,0
31522120,31507,1,196,0,32,-7668,-6647,5181,7,31507,0
31532119,31517,1,196,0,-10,-7994,-7623,5184,7,31517,0
31542122,31527,1,196,0,-47,-7479,-7848,5188,7,31527,0
31552118,31537,1,195,0,-76,-6176,-7223,5191,7,31537,0
31562120,31547,1,194,0,-113,-4220,-5846,5194,7,31547,0
31572139,31557,1,193,0,-106,-1812,-4000,5197,7,31557,0
31582118,31567,1,192,0,-62,778,-1636,5200,7,31567,0
31592122,31577,1,193,0,98,3294,180,5204,7,31577,0
31602118,31587,1,195,0,186,5461,3120,5207,7,31587,0
31612119,31597,1,195,0,-40,7050,5641,5210,7,31597,0
31622118,31607,1,195,0,-3,7891,7028,5213,7,31607,0
31632119,31617,1,195,0,18,7893,7711,5216,7,31617,0
31642143,31627,1,195,0,47,7051,7653,5220,7,31627,0
31652118,31637,1,196,0,76,5463,6764,5223,7,31637,0
31662119,31647,1,197,0,106,3286,5103,5226,7,31647,0
31672118,31657,1,198,0,98,758,3032,5229,7,31657,0
31682118,31667,1,199,0,47,-1852,874,5232,7,31667,0
31692122,31677,1,197,0,-128,-4268,-1382,5236,7,31677,0
31702117,31687,1,196,0,-69,-6225,-4800,5239,7,31687,0
31712140,31697,1,196,0,10,-7517,-6334,5242,7,31697,0
31722118,31707,1,196,0,3,-7998,-7506,5245,7,31707,0
31732119,31717,1,196,0,-76,-7619,-7838,5248,7,31717,0
31742118,31727,1,195,0,-76,-6419,-7360,5252,7,31727,0
31752118,31737,1,195,0,-91,-4526,-6090,5255,7,31737,0
31762119,31747,1,193,0,-128,-2141,-4293,5258,7,31747,0
31772118,31757,1,193,0,-62,475,-1909,5261,7,31757,0
31782139,31767,1,193,0,54,3047,-73,5264,7,31767,0
31792118,31777,1,195,0,208,5281,2671,5268,7,31777,0
31802118,31787,1,195,0,-47,6948,5523,5271,7,31787,0
31812120,31797,1,195,0,-10,7860,6959,5274,7,31797,0
31822118,31807,1,195,0,10,7916,7711,5277,7,31807,0
31832123,31817,1,196,0,62,7110,7692,5280,7,31817,0
31842118,31827,1,196,0,84,5528,6832,5284,7,31827,0
31852138,31837,1,198,0,98,3336,5152,5287,7,31837,0
31862118,31847,1,198,0,91,786,3101,5290,7,31847,0
31872118,31857,1,199,0,40,-1854,893,5293,7,31857,0
31882122,31867,1,198,0,-128,-4295,-1401,5296,7,31867,0
31892118,31877,1,196,0,-76,-6264,-4810,5300,7,31877,0
31902118,31887,1,196,0,18,-7547,-6373,5303,7,31887,0
31912118,31897,1,197,0,-3,-7999,-7526,5306,7,31897,0
31922138,31907,1,196,0,-62,-7569,-7829,5309,7,31907,0
31932123,31917,1,195,0,-98,-6306,-7301,5312,7,31917,0
31942117,31927,1,195,0,-91,-4346,-5973,5316,7,31927,0
31952120,31937,1,193,0,-120,-1903,-4107,5319,7,31937,0
31962118,31947,1,193,0,-69,751,-1724,5322,7,31947,0
31972118,31957,1,193,0,84,3324,122,5325,7,31957,0
31982122,31967,1,196,0,245,5531,3042,5328,7,31967,0
31992138,31977,1,195,0,-18,7125,5670,5332,7,31977,0
32002120,31987,1,195,0,-10,7924,7096,5335,7,31987,0
32012118,31997,1,195,0,32,7843,7741,5338,7,31997,0
32022118,32007,1,196,0,47,6888,7584,5341,7,32007,0
32032119,32017,1,197,0,76,5163,6578,5344,7,32017,0
32042118,32027,1,198,0,98,2860,4810,5348,7,32027,0
32052119,32037,1,199,0,69,236,2612,5351,7,32037,0
32062138,32047,1,199,0,3,-2421,532,5354,7,32047,0
32072118,32057,1,197,0,-128,-4798,-1997,5357,7,32057,0
32082118,32067,1,196,0,32,-6644,-5318,5360,7,32067,0
32092118,32077,1,197,0,25,-7743,-6725,5364,7,32077,0
32102120,32087,1,196,0,-18,-7972,-7672,5367,7,32087,0
32112118,32097,1,196,0,-54,-7302,-7809,5370,7,32097,0
32122121,32107,1,195,0,-84,-5807,-7028,5373,7,32107,0
32132139,32117,1,194,0,-98,-3652,-5445,5376,7,32117,0
32142118,32127,1,193,0,-98,-1091,-3452,5380,7,32127,0
32152118,32137,1,193,0,-54,1599,-1089,5383,7,32137,0
32162118,32147,1,194,0,128,4110,1050,5386,7,32147,0
32172122,32157,1,196,0,98,6157,4595,5389,7,32157,0
32182118,32167,1,195,0,-18,7504,6246,5392,7,32167,0
32192118,32177,1,195,0,3,7999,7457,5396,7,32177,0
32202137,32187,1,196,0,47,7581,7799,5399,7,32187,0
32212118,32197,1,196,0,76,6302,7282,5402,7,32197,0
32222121,32207,1,197,0,84,4300,5953,5405,7,32207,0
32232118,32217,1,198,0,76,1807,4039,5408,7,32217,0
32242120,32227,1,199,0,54,-895,1616,5412,7,32227,0
32252118,32237,1,198,0,-120,-3495,-258,5415,7,32237,0
32262118,32247,1,196,0,-289,-5697,-3277,5418,7,32247,0
32272142,32257,1,196,0,25,-7248,-5846,5421,7,32257,0
32282118,32267,1,196,0,-10,-7962,-7233,5424,7,32267,0
32292120,32277,1,196,0,-25,-7762,-7789,5428,7,32277,0
32302118,32287,1,195,0,-62,-6668,-7526,5431,7,32287,0
32312118,32297,1,195,0,-69,-4804,-6373,5434,7,32297,0
32322118,32307,1,193,0,-120,-2384,-4507,5437,7,32307,0
32332119,32317,1,193,0,-84,312,-2163,5440,7,32317,0
32342140,32327,1,193,0,32,2980,-170,5444,7,32327,0
32352118,32337,1,196,0,223,5294,2485,5447,7,32337,0
32362118,32347,1,195,0,-40,7000,5543,5450,7,32347,0
32372118,32357,1,195,0,-10,7894,6998,5453,7,32357,0
32382117,32367,1,195,0,10,7870,7721,5456,7,32367,0
32392119,32377,1,196,0,40,6930,7633,5460,7,32377,0
32402118,32387,1,197,0,54,5181,6627,5463,7,32387,0
32412142,32397,1,198,0,84,2820,4830,5466,7,32397,0
32422118,32407,1,199,0,62,140,2564,5469,7,32407,0
32432119,32417,1,199,0,-10,-2563,463,5472,7,32417,0
32442118,32427,1,197,0,-150,-4968,-2114,5476,7,32427,0
32452118,32437,1,196,0,47,-6793,-5455,5479,7,32437,0
32462121,32447,1,196,0,10,-7821,-6852,5482,7,32447,0
32472118,32457,1,196,0,-18,-7929,-7711,5485,7,32457,0
32482138,32467,1,196,0,-32,-7103,-7750,5488,7,32467,0
32492118,32477,1,195,0,-69,-5444,-6803,5492,7,32477,0
32502118,32487,1,194,0,-106,-3139,-5084,5495,7,32487,0
32512122,32497,1,193,0,-62,-462,-2935,5498,7,32497,0
32522118,32507,1,193,0,-32,2269,-659,5501,7,32507,0
32532121,32517,1,195,0,179,4735,1753,5504,7,32517,0
32542118,32527,1,195,0,-40,6641,5299,5508,7,32527,0
32552138,32537,1,195,0,-18,7762,6725,5511,7,32537,0
32562123,32547,1,195,0,-3,7958,7663,5514,7,32547,0
32572118,32557,1,196,0,47,7211,7760,5517,7,32557,0
32582120,32567,1,197,0,69,5604,6910,5520,7,32567,0
32592118,32577,1,198,0,91,3329,5221,5524,7,32577,0
32602118,32587,1,198,0,62,655,3062,5527,7,32587,0
32612118,32597,1,199,0,40,-2098,796,5530,7,32597,0
32622138,32607,1,197,0,-142,-4606,-1626,5533,7,32607,0
32632121,32617,1,196,0,-40,-6557,-5191,5536,7,32617,0
32642118,32627,1,196,0,-18,-7726,-6656,5540,7,32627,0
32652118,32637,1,196,0,-3,-7970,-7653,5543,7,32637,0
32662118,32647,1,196,0,-62,-7256,-7780,5546,7,32647,0
32672117,32657,1,195,0,-69,-5669,-6959,5549,7,32657,0
32682120,32667,1,194,0,-91,-3398,-5318,5552,7,32667,0
32692138,32677,1,193,0,-69,-712,-3179,5556,7,32677,0
32702121,32687,1,193,0,-54,2052,-825,5559,7,32687,0
32712118,32697,1,195,0,172,4574,1499,5562,7,32697,0
32722118,32707,1,195,0,-10,6546,5172,5565,7,32707,0
32732119,32717,1,195,0,-10,7725,6627,5568,7,32717,0
32742118,32727,1,196,0,18,7969,7643,5572,7,32727,0
32752121,32737,1,196,0,54,7245,7760,5575,7,32737,0
32762138,32747,1,197,0,69,5638,6930,5578,7,32747,0
32772118,32757,1,198,0,84,3350,5260,5581,7,32757,0
32782118,32767,1,198,0,47,650,3091,5584,7,32767,0
32792118,32777,1,199,0,32,-2131,786,5588,7,32777,0
32802122,32787,1,197,0,-150,-4654,-1645,5591,7,32787,0
32812118,32797,1,196,0,-25,-6609,-5260,5594,7,32797,0
32822120,32807,1,196,0,-10,-7757,-6695,5597,7,32807,0
32832139,32817,1,196,0,-18,-7955,-7682,5600,7,32817,0
32842118,32827,1,195,0,-54,-7179,-7760,5604,7,32827,0
32852122,32837,1,195,0,-76,-5519,-6862,5607,7,32837,0
32862118,32847,1,194,0,-113,-3182,-5181,5610,7,32847,0
32872120,32857,1,193,0,-76,-452,-2954,5613,7,32857,0
32882118,32867,1,193,0,-32,2335,-649,5616,7,32867,0
32892118,32877,1,195,0,194,4836,1782,5620,7,32877,0
32902142,32887,1,195,0,-32,6746,5377,5623,7,32887,0
32912118,32897,1,196,0,-3,7816,6803,5626,7,32897,0
32922119,32907,1,196,0,10,7923,7692,5629,7,32907,0
32932119,32917,1,196,0,47,7048,7711,5632,7,32917,0
32942118,32927,1,197,0,91,5300,6725,5636,7,32927,0
32952118,32937,1,198,0,98,2892,4937,5639,7,32937,0
32962118,32947,1,198,0,54,124,2622,5642,7,32947,0
32972140,32957,1,199,0,-3,-2666,434,5645,7,32957,0
32982118,32967,1,196,0,-186,-5116,-2153,5648,7,32967,0
32992122,32977,1,196,0,40,-6935,-5592,5652,7,32977,0
33002118,32987,1,196,0,-3,-7889,-6998,5655,7,32987,0
33012118,32997,1,196,0,-18,-7857,-7750,5658,7,32997,0
33022118,33007,1,195,0,-47,-6842,-7643,5661,7,33007,0
33032119,33017,1,195,0,-69,-4970,-6520,5664,7,33017,0
33042142,33027,1,193,0,-91,-2467,-4644,5668,7,33027,0
33052118,33037,1,193,0,-62,334,-2241,5671,7,33037,0
33062118,33047,1,193,0,32,3102,-141,5674,7,33047,0
33072117,33057,1,196,0,267,5481,2573,5677,7,33057,0
33082118,33067,1,196,0,-32,7171,5699,5680,7,33067,0
33092122,33077,1,196,0,3,7958,7164,5684,7,33077,0
33102118,33087,1,196,0,32,7740,7760,5687,7,33087,0
33112140,33097,1,196,0,62,6541,7467,5690,7,33097,0
33122118,33107,1,197,0,69,4520,6217,5693,7,33107,0
33132119,33117,1,198,0,76,1921,4214,5696,7,33117,0
33142121,33127,1,199,0,62,-922,1704,5700,7,33127,0
33152118,33137,1,198,0,-98,-3649,-278,5703,7,33137,0
33162120,33147,1,195,0,-326,-5915,-3511,5706,7,33147,0
33172118,33157,1,196,0,3,-7429,-6031,5709,7,33157,0
33182139,33167,1,196,0,-18,-7998,-7409,5712,7,33167,0
33192118,33177,1,195,0,-32,-7547,-7799,5716,7,33177,0
33202118,33187,1,195,0,-54,-6133,-7252,5719,7,33187,0
33212120,33197,1,194,0,-84,-3934,-5816,5722,7,33197,0
33222118,33207,1,193,0,-84,-1231,-3667,5725,7,33207,0
33232119,33217,1,193,0,-18,1631,-1186,5728,7,33217,0
33242118,33227,1,194,0,142,4285,1010,5732,7,33227,0
33252138,33237,1,196,0,120,6395,4840,5735,7,33237,0
33262120,33247,1,196,0,10,7678,6471,5738,7,33247,0
33272118,33257,1,196,0,10,7976,7604,5741,7,33257,0
33282122,33267,1,196,0,54,7248,7760,5744,7,33267,0
33292117,33277,1,197,0,84,5585,6891,5748,7,33277,0
33302118,33287,1,198,0,69,3200,5221,5751,7,33287,0
33312118,33297,1,198,0,47,401,2935,5754,7,33297,0
33322138,33307,1,199,0,10,-2457,610,5757,7,33307,0
33332123,33317,1,197,0,-172,-4990,-1929,5760,7,33317,0
33342118,33327,1,196,0,10,-6880,-5572,5764,7,33327,0
33352117,33337,1,196,0,-3,-7880,-6930,5767,7,33337,0
33362117,33347,1,196,0,-25,-7856,-7770,5770,7,33347,0
33372118,33357,1,195,0,-47,-6811,-7643,5773,7,33357,0
33382122,33367,1,195,0,-84,-4877,-6461,5776,7,33367,0
33392131,33377,1,193,0,-91,-2304,-4576,5780,7,33377,0
33402120,33387,1,193,0,-40,565,-2095,5783,7,33387,0
33412118,33397,1,193,0,47,3363,4,5786,7,33397,0
33422118,33407,1,196,0,318,5725,2945,5789,7,33407,0
33432123,33417,1,196,0,-18,7340,5865,5792,7,33417,0
33442118,33427,1,196,0,18,7991,7301,5796,7,33427,0
33452120,33437,1,196,0,32,7595,7780,5799,7,33437,0
33462138,33447,1,197,0,54,6198,7291,5802,7,33447,0
33472118,33457,1,198,0,62,3992,5875,5805,7,33457,0
33482122,33467,1,198,0,62,1254,3697,5808,7,33467,0
33492117,33477,1,199,0,40,-1647,1186,5812,7,33477,0
33502120,33487,1,197,0,-135,-4336,-1030,5815,7,33487,0
33512118,33497,1,195,0,-164,-6452,-4840,5818,7,33497,0
33522118,33507,1,196,0,-18,-7716,-6539,5821,7,33507,0
33532142,33517,1,196,0,-3,-7960,-7653,5824,7,33517,0
33542118,33527,1,195,0,-62,-7150,-7750,5828,7,33527,0
33552121,33537,1,195,0,-69,-5389,-6803,5831,7,33537,0
33562118,33547,1,194,0,-91,-2914,-5084,5834,7,33547,0
33572122,33557,1,193,0,-54,-48,-2681,5837,7,33557,0
33582118,33567,1,193,0,-3,2823,-385,5840,7,33567,0
33592118,33577,1,196,0,238,5321,2192,5844,7,33577,0
33602139,33587,1,196,0,-62,7114,5680,5847,7,33587,0
33612118,33597,1,196,0,3,7953,7106,5850,7,33597,0
33622122,33607,1,196,0,18,7731,7770,5853,7,33607,0
33632118,33617,1,197,0,32,6476,7487,5856,7,33617,0
33642118,33627,1,198,0,69,4352,6148,5860,7,33627,0
33652120,33637,1,198,0,69,1642,4019,5863,7,33637,0
33662118,33647,1,199,0,40,-1286,1489,5866,7,33647,0
33672141,33657,1,198,0,-120,-4052,-620,5869,7,33657,0
33682118,33667,1,195,0,-282,-6262,-4253,5872,7,33667,0
33692119,33677,1,195,0,-18,-7636,-6354,5876,7,33677,0
33702118,33687,1,195,0,-10,-7982,-7584,5879,7,33687,0
33712118,33697,1,195,0,-32,-7250,-7750,5882,7,33697,0
33722121,33707,1,195,0,-62,-5538,-6910,5885,7,33707,0
33732119,33717,1,194,0,-69,-3076,-5240,5888,7,33717,0
33742139,33727,1,193,0,-47,-191,-2818,5892,7,33727,0
33752118,33737,1,193,0,-18,2709,-473,5895,7,33737,0
33762118,33747,1,195,0,230,5251,2065,5898,7,33747,0
33772122,33757,1,196,0,-62,7081,5680,5901,7,33757,0
33782118,33767,1,196,0,-18,7948,7096,5904,7,33767,0
33792120,33777,1,196,0,25,7734,7760,5908,7,33777,0
33802118,33787,1,197,0,47,6467,7487,5911,7,33787,0
33812138,33797,1,198,0,69,4311,6129,5914,7,33797,0
33822122,33807,1,198,0,69,1573,3980,5917,7,33807,0
33832119,33817,1,199,0,40,-1382,1440,5920,7,33817,0
33842120,33827,1,198,0,-135,-4153,-717,5924,7,33827,0
33852118,33837,1,195,0,-252,-6355,-4459,5927,7,33837,0
33862118,33847,1,195,0,-3,-7688,-6432,5930,7,33847,0
33872117,33857,1,195,0,-10,-7965,-7623,5933,7,33857,0
33882134,33867,1,195,0,-54,-7146,-7741,5936,7,33867,0
33892120,33877,1,195,0,-69,-5346,-6793,5940,7,33877,0
33902118,33887,1,194,0,-91,-2808,-5054,5943,7,33887,0
33912119,33897,1,193,0,-54,118,-2564,5946,7,33897,0
33922118,33907,1,193,0,10,3029,-278,5949,7,33907,0
33932119,33917,1,196,0,289,5525,2388,5952,7,33917,0
33942120,33927,1,196,0,-25,7258,5807,5956,7,33927,0
33952138,33937,1,196,0,3,7985,7233,5959,7,33937,0
33962121,33947,1,196,0,25,7606,7770,5962,7,33947,0
33972118,33957,1,197,0,40,6173,7330,5965,7,33957,0
33982118,33967,1,198,0,54,3880,5846,5968,7,33967,0
33992118,33977,1,198,0,69,1048,3540,5972,7,33977,0
34002118,33987,1,199,0,25,-1932,1059,5975,7,33987,0
34012122,33997,1,197,0,-150,-4646,-1333,5978,7,33997,0
34022134,34007,1,195,0,-106,-6713,-5279,5981,7,34007,0
34032119,34017,1,195,0,-18,-7841,-6783,5984,7,34017,0
34042118,34027,1,195,0,-10,-7875,-7741,5988,7,34027,0
34052118,34037,1,195,0,-54,-6807,-7633,5991,7,34037,0
34062122,34047,1,194,0,-69,-4784,-6432,5994,7,34047,0
34072118,34057,1,193,0,-69,-2092,-4468,5997,7,34057,0
34082120,34067,1,193,0,-32,898,-1880,6000,7,34067,0
34092134,34077,1,194,0,76,3766,278,6004,7,34077,0
34102118,34087,1,197,0,340,6098,3648,6007,7,34087,0
34112122,34097,1,196,0,10,7578,6158,6010,7,34097,0
34122118,34107,1,196,0,3,7989,7496,6013,7,34107,0
34132121,34117,1,196,0,47,7273,7731,6016,7,34117,0
34142118,34127,1,197,0,47,5530,6920,6020,7,34127,0
34152118,34137,1,198,0,47,3003,5211,6023,7,34137,0
34162134,34147,1,198,0,54,45,2710,6026,7,34147,0
34172118,34157,1,198,0,-18,-2910,376,6029,7,34157,0
34182119,34167,1,196,0,-282,-5461,-2310,6032,7,34167,0
34192118,34177,1,196,0,25,-7237,-5924,6036,7,34177,0
34202118,34187,1,195,0,-10,-7985,-7252,6039,7,34187,0
34212118,34197,1,195,0,-25,-7597,-7789,6042,7,34197,0
34222118,34207,1,195,0,-40,-6126,-7340,6045,7,34207,0
34232138,34217,1,194,0,-76,-3776,-5807,6048,7,34217,0
34242118,34227,1,193,0,-69,-896,-3472,6052,7,34227,0
34252122,34237,1,193,0,-40,2120,-962,6055,7,34237,0
34262118,34247,1,195,0,186,4833,1470,6058,7,34247,0
34272118,34257,1,196,0,32,6856,5504,6061,7,34257,0
34282118,34267,1,196,0,-3,7897,6901,6064,7,34267,0
34292118,34277,1,196,0,3,7805,7750,6068,7,34277,0
34302138,34287,1,197,0,54,6589,7545,6071,7,34287,0
34312118,34297,1,198,0,76,4430,6197,6074,7,34297,0
34322118,34307,1,198,0,47,1630,4068,6077,7,34307,0
34332119,34317,1,198,0,25,-1406,1489,6080,7,34317,0
34342118,34327,1,198,0,-106,-4241,-747,6084,7,34327,0
34352122,34337,1,195,0,-245,-6467,-4566,6087,7,34337,0
34362118,34347,1,195,0,-25,-7757,-6529,6090,7,34347,0
34372136,34357,1,195,0,-10,-7925,-7672,6093,7,34357,0
34382118,34367,1,195,0,-47,-6947,-7663,6096,7,34367,0
34392118,34377,1,194,0,-62,-4960,-6588,6100,7,34377,0
34402122,34387,1,193,0,-69,-2251,-4664,6103,7,34387,0
34412118,34397,1,193,0,-32,783,-2017,6106,7,34397,0
34422120,34407,1,194,0,62,3708,180,6109,7,34407,0
34432119,34417,1,197,0,369,6094,3472,6112,7,34417,0
34442132,34427,1,196,0,3,7593,6158,6116,7,34427,0
34452118,34437,1,196,0,10,7983,7506,6119,7,34437,0
34462117,34447,1,197,0,47,7209,7702,6122,7,34447,0
34472120,34457,1,197,0,40,5379,6842,6125,7,34457,0
34482118,34467,1,198,0,54,2762,5074,6128,7,34467,0
34492118,34477,1,198,0,47,-259,2466,6132,7,34477,0
34502118,34487,1,198,0,-32,-3246,180,6135,7,34487,0
34512131,34497,1,195,0,-347,-5761,-2681,6138,7,34497,0
34522120,34507,1,195,0,10,-7425,-6070,6141,7,34507,0
34532119,34517,1,195,0,-10,-7999,-7389,6144,7,34517,0
34542121,34527,1,195,0,-32,-7396,-7770,6148,7,34527,0
34552118,34537,1,195,0,-40,-5703,-7115,6151,7,34537,0
34562118,34547,1,194,0,-84,-3167,-5396,6154,7,34547,0
34572118,34557,1,193,0,-69,-162,-2857,6157,7,34557,0
34582131,34567,1,193,0,3,2872,-444,6160,7,34567,0
34592122,34577,1,196,0,267,5476,2163,6164,7,34577,0
34602118,34587,1,196,0,-62,7273,5914,6167,7,34587,0
34612118,34597,1,196,0,3,7992,7262,6170,7,34597,0
34622118,34607,1,196,0,18,7526,7780,6173,7,34607,0
34632119,34617,1,197,0,40,5939,7252,6176,7,34617,0
34642122,34627,1,198,0,69,3468,5601,6180,7,34627,0
34652131,34637,1,198,0,47,477,3111,6183,7,34637,0
34662120,34647,1,198,0,-3,-2580,669,6186,7,34647,0
34672118,34657,1,196,0,-208,-5258,-1958,6189,7,34657,0
34682118,34667,1,195,0,3,-7151,-5885,6192,7,34667,0
34692122,34677,1,195,0,-32,-7977,-7174,6196,7,34677,0
34702118,34687,1,195,0,-25,-7608,-7809,6199,7,34687,0
34712119,34697,1,195,0,-62,-6099,-7340,6202,7,34697,0
34722131,34707,1,194,0,-98,-3671,-5738,6205,7,34707,0
34732119,34717,1,193,0,-47,-696,-3345,6208,7,34717,0
34742118,34727,1,193,0,-18,2386,-825,6212,7,34727,0
34752118,34737,1,195,0,208,5112,1684,6215,7,34737,0
34762121,34747,1,196,0,-3,7070,5777,6218,7,34747,0
34772118,34757,1,196,0,3,7963,7086,6221,7,34757,0
34782118,34767,1,196,0,3,7654,7780,6224,7,34767,0
34792131,34777,1,197,0,47,6186,7379,6228,7,34777,0
34802118,34787,1,198,0,62,3786,5807,6231,7,34787,0
34812120,34797,1,198,0,69,809,3423,6234,7,34797,0
34822118,34807,1,198,0,25,-2289,913,6237,7,34807,0
34832122,34817,1,197,0,-179,-5045,-1655,6240,7,34817,0
34842118,34827,1,195,0,-47,-7035,-5719,6244,7,34827,0
34852118,34837,1,195,0,-10,-7956,-7057,6247,7,34837,0
34862131,34847,1,195,0,-10,-7667,-7789,6250,7,34847,0
34872119,34857,1,195,0,-76,-6211,-7399,6253,7,34857,0
34882121,34867,1,194,0,-84,-3806,-5846,6256,7,34867,0
34892118,34877,1,193,0,-54,-821,-3492,6260,7,34877,0
34902118,34887,1,193,0,-10,2292,-913,6263,7,34887,0
34912118,34897,1,195,0,201,5056,1587,6266,7,34897,0
34922118,34907,1,196,0,18,7048,5758,6269,7,34907,0
34932136,34917,1,196,0,10,7961,7067,6272,7,34917,0
34942118,34927,1,197,0,25,7653,7780,6276,7,34927,0
34952120,34937,1,197,0,54,6169,7360,6279,7,34937,0
34962118,34947,1,198,0,54,3737,5787,6282,7,34947,0
34972118,34957,1,198,0,54,728,3384,6285,7,34957,0
34982122,34967,1,198,0,18,-2394,864,6288,7,34967,0
34992118,34977,1,196,0,-186,-5147,-1743,6292,7,34977,0
35002133,34987,1,195,0,-40,-7111,-5826,6295,7,34987,0
35012118,34997,1,195,0,-18,-7973,-7125,6298,7,34997,0
35022118,35007,1,195,0,-25,-7605,-7789,6301,7,35007,0
35032119,35017,1,195,0,-62,-6060,-7311,6304,7,35017,0
35042118,35027,1,194,0,-69,-3575,-5699,6308,7,35027,0
35052120,35037,1,193,0,-40,-533,-3267,6311,7,35037,0
35062118,35047,1,193,0,-18,2590,-708,6314,7,35047,0
35072132,35057,1,196,0,223,5318,1860,6317,7,35057,0
35082118,35067,1,196,0,-47,7213,5934,6320,7,35067,0
35092118,35077,1,196,0,-10,7990,7203,6324,7,35077,0
35102120,35087,1,197,0,32,7521,7770,6327,7,35087,0
35112118,35097,1,197,0,32,5879,7223,6330,7,35097,0
35122122,35107,1,198,0,69,3316,5523,6333,7,35107,0
35132119,35117,1,198,0,62,235,2974,6336,7,35117,0
35142131,35127,1,198,0,-10,-2886,512,6340,7,35127,0
35152118,35137,1,196,0,-274,-5552,-2202,6343,7,35137,0
35162118,35147,1,195,0,32,-7352,-6109,6346,7,35147,0
35172122,35157,1,195,0,-10,-7999,-7340,6349,7,35157,0
35182118,35167,1,195,0,-32,-7390,-7780,6352,7,35167,0
35192117,35177,1,194,0,-54,-5618,-7096,6356,7,35177,0
35202119,35187,1,193,0,-76,-2960,-5279,6359,7,35187,0
35212132,35197,1,193,0,-54,169,-2661,6362,7,35197,0
35222121,35207,1,193,0,25,3266,-258,6365,7,35207,0
35232119,35217,1,197,0,347,5852,2583,6368,7,35217,0
35242119,35227,1,196,0,-40,7514,6129,6372,7,35227,0
35252118,35237,1,196,0,10,7989,7448,6375,7,35237,0
35262118,35247,1,197,0,32,7199,7721,6378,7,35247,0
35272122,35257,1,197,0,32,5266,6891,6381,7,35257,0
35282131,35267,1,198,0,47,2495,4947,6384,7,35267,0
35292120,35277,1,198,0,47,-669,2202,6388,7,35277,0
35302118,35287,1,198,0,-54,-3730,-92,6391,7,35287,0
35312118,35297,1,195,0,-391,-6200,-3355,6394,7,35297,0
35322117,35307,1,195,0,18,-7683,-6373,6397,7,35307,0
35332119,35317,1,195,0,-18,-7942,-7604,6400,7,35317,0
35342120,35327,1,195,0,-40,-6933,-7672,6404,7,35327,0
35352131,35337,1,194,0,-62,-4813,-6627,6407,7,35337,0
35362118,35347,1,193,0,-69,-1928,-4527,6410,7,35347,0
35372118,35357,1,193,0,-32,1269,-1724,6413,7,35357,0
35382118,35367,1,194,0,98,4266,581,6416,7,35367,0
35392120,35377,1,197,0,289,6580,4517,6420,7,35377,0
35402118,35387,1,196,0,18,7838,6559,6423,7,35387,0
35412122,35397,1,196,0,10,7836,7702,6426,7,35397,0
35422131,35407,1,197,0,32,6572,7526,6429,7,35407,0
35432119,35417,1,198,0,62,4253,6178,6432,7,35417,0
35442117,35427,1,198,0,10,1245,3921,6436,7,35427,0
35452118,35437,1,198,0,10,-1965,1206,6439,7,35437,0
35462122,35447,1,197,0,-150,-4860,-1235,6442,7,35447,0
35472118,35457,1,195,0,-157,-6970,-5484,6445,7,35457,0
35482118,35467,1,195,0,-40,-7953,-6930,6448,7,35467,0
35492135,35477,1,195,0,-25,-7647,-7750,6452,7,35477,0
35502118,35487,1,194,0,-54,-6103,-7330,6455,7,35487,0
35512122,35497,1,193,0,-62,-3566,-5738,6458,7,35497,0
35522118,35507,1,193,0,-40,-450,-3247,6461,7,35507,0
35532121,35517,1,193,0,3,2742,-659,6464,7,35517,0
35542118,35527,1,196,0,216,5488,2056,6468,7,35527,0
35552118,35537,1,196,0,-47,7342,5943,6471,7,35537,0
35562137,35547,1,196,0,-18,7999,7301,6474,7,35547,0
35572118,35557,1,196,0,32,7351,7750,6477,7,35557,0
35582120,35567,1,197,0,40,5500,7028,6480,7,35567,0
35592118,35577,1,198,0,54,2750,5123,6484,7,35577,0
35602118,35587,1,198,0,32,-452,2437,6487,7,35587,0
35612122,35597,1,198,0,-3,-3583,43,6490,7,35597,0
35622118,35607,1,194,0,-399,-6126,-2984,6493,7,35607,0
35632136,35617,1,195,0,18,-7666,-6490,6496,7,35617,0
35642118,35627,1,194,0,-3,-7944,-7594,6500,7,35627,0
35652118,35637,1,194,0,-54,-6917,-7711,6503,7,35637,0
35662122,35647,1,193,0,-54,-4749,-6617,6506,7,35647,0
35672117,35657,1,193,0,-47,-1799,-4400,6509,7,35657,0
35682120,35667,1,192,0,-25,1451,-1606,6512,7,35667,0
35692118,35677,1,194,0,172,4461,796,6516,7,35677,0
35702137,35687,1,196,0,164,6739,4927,6519,7,35687,0
35712118,35697,1,196,0,10,7897,6764,6522,7,35697,0
35722118,35707,1,196,0,18,7751,7721,6525,7,35707,0
35732121,35717,1,196,0,25,6318,7448,6528,7,35717,0
35742118,35727,1,197,0,69,3837,5904,6532,7,35727,0
35752122,35737,1,197,0,40,716,3452,6535,7,35737,0
35762117,35747,1,198,0,40,-2523,835,6538,7,35747,0
35772133,35757,1,196,0,-252,-5349,-1655,6541,7,35757,0
35782120,35767,1,194,0,-62,-7279,-6207,6544,7,35767,0
35792118,35777,1,194,0,-40,-7998,-7291,6548,7,35777,0
35802122,35787,1,193,0,-47,-7383,-7819,6551,7,35787,0
35812118,35797,1,193,0,-62,-5534,-7076,6554,7,35797,0
35822119,35807,1,192,0,-62,-2758,-5113,6557,7,35807,0
35832119,35817,1,192,0,-25,480,-2437,6560,7,35817,0
35842133,35827,1,193,0,69,3644,-151,6564,7,35827,0
35852121,35837,1,196,0,311,6191,3404,6567,7,35837,0
35862118,35847,1,195,0,3,7703,6246,6570,7,35847,0
35872119,35857,1,196,0,25,7921,7584,6573,7,35857,0
35882118,35867,1,196,0,40,6807,7614,6576,7,35867,0
35892118,35877,1,196,0,54,4546,6412,6580,7,35877,0
35902122,35887,1,197,0,54,1517,4175,6583,7,35887,0
35912132,35897,1,198,0,32,-1772,1401,6586,7,35897,0
35922120,35907,1,197,0,-98,-4757,-971,6589,7,35907,0
35932119,35917,1,193,0,-296,-6943,-5328,6592,7,35917,0
35942118,35927,1,194,0,-25,-7955,-6940,6596,7,35927,0
35952122,35937,1,193,0,-47,-7620,-7780,6599,7,35937,0
35962118,35947,1,193,0,-69,-5994,-7291,6602,7,35947,0
35972120,35957,1,192,0,-47,-3349,-5592,6605,7,35957,0
35982134,35967,1,192,0,-25,-130,-2993,6608,7,35967,0
35992119,35977,1,193,0,47,3103,-512,6612,7,35977,0
36002118,35987,1,196,0,289,5815,2534,6615,7,35987,0
36012118,35997,1,195,0,-3,7539,5992,6618,7,35997,0
36022120,36007,1,196,0,10,7977,7448,6621,7,36007,0
36032119,36017,1,196,0,40,7054,7682,6624,7,36017,0
36042120,36027,1,196,0,47,4925,6695,6628,7,36027,0
36052133,36037,1,197,0,47,1949,4547,6631,7,36037,0
36062118,36047,1,198,0,47,-1353,1733,6634,7,36047,0
36072120,36057,1,197,0,-47,-4431,-649,6637,7,36057,0
36082118,36067,1,193,0,-413,-6748,-4547,6640,7,36067,0
36092122,36077,1,194,0,-40,-7911,-6783,6644,7,36077,0
36102118,36087,1,193,0,-47,-7714,-7731,6647,7,36087,0
36112118,36097,1,193,0,-62,-6190,-7418,6650,7,36097,0
36122133,36107,1,193,0,-47,-3596,-5807,6653,7,36107,0
36132119,36117,1,192,0,-32,-388,-3257,6656,7,36117,0
36142121,36127,1,192,0,32,2891,-669,6660,7,36127,0
36152118,36137,1,195,0,267,5672,2280,6663,7,36137,0
36162118,36147,1,195,0,-10,7476,5914,6666,7,36147,0
36172118,36157,1,196,0,18,7987,7399,6669,7,36157,0
36182118,36167,1,196,0,32,7116,7692,6672,7,36167,0
36192137,36177,1,196,0,47,5006,6764,6676,7,36177,0
36202118,36187,1,197,0,54,2037,4634,6679,7,36187,0
36212120,36197,1,198,0,32,-1293,1802,6682,7,36197,0
36222118,36207,1,197,0,-40,-4399,-600,6685,7,36207,0
36232119,36217,1,193,0,-428,-6742,-4459,6688,7,36217,0
36242121,36227,1,194,0,-32,-7912,-6783,6692,7,36227,0
36252118,36237,1,193,0,-32,-7704,-7741,6695,7,36237,0
36262135,36247,1,193,0,-54,-6148,-7399,6698,7,36247,0
36272118,36257,1,192,0,-47,-3526,-5748,6701,7,36257,0
36282118,36267,1,192,0,-32,-282,-3179,6704,7,36267,0
36292118,36277,1,193,0,40,3012,-600,6708,7,36277,0
36302118,36287,1,196,0,274,5781,2398,6711,7,36287,0
36312120,36297,1,195,0,-18,7539,5982,6714,7,36297,0
36322118,36307,1,196,0,10,7974,7448,6717,7,36307,0
36332134,36317,1,196,0,32,7007,7682,6720,7,36317,0
36342118,36327,1,196,0,32,4813,6656,6724,7,36327,0
36352118,36337,1,197,0,32,1768,4449,6727,7,36337,0
36362119,36347,1,198,0,40,-1588,1597,6730,7,36347,0
36372118,36357,1,197,0,-91,-4666,-815,6733,7,36357,0
36382122,36367,1,193,0,-355,-6924,-5064,6736,7,36367,0
36392118,36377,1,193,0,-32,-7958,-6949,6740,7,36377,0
36402133,36387,1,193,0,-47,-7586,-7770,6743,7,36387,0
36412118,36397,1,193,0,-54,-5875,-7262,6746,7,36397,0
36422118,36407,1,192,0,-62,-3121,-5465,6749,7,36407,0
36432123,36417,1,192,0,-25,189,-2808,6752,7,36417,0
36442118,36427,1,193,0,62,3464,-327,6756,7,36427,0
36452118,36437,1,196,0,318,6127,2974,6759,7,36437,0
36462118,36447,1,196,0,3,7702,6197,6762,7,36447,0
36472133,36457,1,196,0,10,7907,7555,6765,7,36457,0
36482121,36467,1,196,0,47,6705,7594,6768,7,36467,0
36492118,36477,1,197,0,47,4308,6315,6772,7,36477,0
36502120,36487,1,197,0,54,1139,3960,6775,7,36487,0
36512118,36497,1,198,0,32,-2231,1147,6778,7,36497,0
36522118,36507,1,196,0,-223,-5206,-1313,6781,7,36507,0
36532122,36517,1,193,0,-128,-7252,-6051,6784,7,36517,0
36542133,36527,1,193,0,-25,-7999,-7272,6788,7,36527,0
36552119,36537,1,193,0,-40,-7313,-7809,6791,7,36537,0
36562118,36547,1,193,0,-69,-5316,-6979,6794,7,36547,0
36572118,36557,1,192,0,-62,-2363,-4898,6797,7,36557,0
36582118,36567,1,192,0,-18,1015,-2114,6800,7,36567,0
36592118,36577,1,193,0,150,4213,239,6804,7,36577,0
36602120,36587,1,196,0,282,6655,4420,6807,7,36587,0
36612133,36597,1,196,0,25,7897,6676,6810,7,36597,0
36622118,36607,1,196,0,25,7715,7711,6813,7,36607,0
36632119,36617,1,196,0,62,6140,7369,6816,7,36617,0
36642118,36627,1,197,0,54,3455,5709,6820,7,36627,0
36652119,36637,1,197,0,40,143,3130,6823,7,36637,0
36662118,36647,1,198,0,18,-3194,444,6826,7,36647,0
36672121,36657,1,194,0,-369,-5956,-2417,6829,7,36657,0
36682133,36667,1,194,0,10,-7640,-6481,6832,7,36667,0
36692117,36677,1,193,0,-10,-7934,-7584,6836,7,36677,0
36702118,36687,1,193,0,-32,-6789,-7672,6839,7,36687,0
36712118,36697,1,193,0,-32,-4409,-6432,6842,7,36697,0
36722121,36707,1,192,0,-25,-1223,-4039,6845,7,36707,0
36732119,36717,1,192,0,-3,2185,-1235,6848,7,36717,0
36742118,36727,1,195,0,260,5196,1499,6852,7,36727,0
36752133,36737,1,195,0,-10,7263,5699,6855,7,36737,0
36762118,36747,1,196,0,10,7999,7223,6858,7,36747,0
36772122,36757,1,196,0,25,7275,7750,6861,7,36757,0
36782118,36767,1,196,0,54,5220,6940,6864,7,36767,0
36792120,36777,1,197,0,62,2205,4810,6868,7,36777,0
36802118,36787,1,197,0,25,-1213,1968,6871,7,36787,0
36812118,36797,1,197,0,-54,-4411,-503,6874,7,36797,0
36822137,36807,1,193,0,-435,-6803,-4449,6877,7,36807,0
36832119,36817,1,193,0,-47,-7940,-6862,6880,7,36817,0
36842120,36827,1,193,0,-25,-7618,-7741,6884,7,36827,0
36852118,36837,1,193,0,-40,-5893,-7272,6887,7,36837,0
36862118,36847,1,192,0,-32,-3080,-5474,6890,7,36847,0
36872118,36857,1,192,0,-3,301,-2759,6893,7,36857,0
36882118,36867,1,193,0,62,3630,-268,6896,7,36867,0
36892135,36877,1,196,0,355,6292,3218,6900,7,36877,0
36902118,36887,1,196,0,-3,7784,6344,6903,7,36887,0
36912118,36897,1,196,0,25,7838,7614,6906,7,36897,0
36922118,36907,1,196,0,40,6439,7496,6909,7,36907,0
36932119,36917,1,197,0,40,3844,6041,6912,7,36917,0
36942120,36927,1,197,0,47,533,3501,6916,7,36927,0
36952118,36937,1,198,0,18,-2876,708,6919,7,36937,0
36962137,36947,1,195,0,-355,-5757,-2046,6922,7,36947,0
36972118,36957,1,194,0,3,-7560,-6432,6925,7,36957,0
36982118,36967,1,193,0,-32,-7958,-7526,6928,7,36967,0
36992118,36977,1,193,0,-18,-6871,-7721,6932,7,36977,0
37002119,36987,1,193,0,-40,-4500,-6520,6935,7,36987,0
37012122,36997,1,192,0,-47,-1286,-4097,6938,7,36997,0
37022118,37007,1,192,0,3,2167,-1284,6941,7,37007,0
37032134,37017,1,195,0,245,5222,1470,6944,7,37017,0
37042118,37027,1,196,0,-10,7292,5738,6948,7,37027,0
37052118,37037,1,196,0,3,7999,7252,6951,7,37037,0
37062121,37047,1,196,0,32,7203,7741,6954,7,37047,0
37072117,37057,1,196,0,54,5054,6852,6957,7,37057,0
37082120,37067,1,197,0,40,1951,4625,6960,7,37067,0
37092118,37077,1,197,0,18,-1517,1753,6964,7,37077,0
37102133,37087,1,196,0,-91,-4707,-698,6967,7,37087,0
37112121,37097,1,193,0,-340,-7004,-5142,6970,7,37097,0
37122118,37107,1,193,0,-40,-7982,-7047,6973,7,37107,0
37132121,37117,1,193,0,-47,-7452,-7789,6976,7,37117,0
37142118,37127,1,193,0,-62,-5513,-7076,6980,7,37127,0
37152119,37137,1,192,0,-40,-2528,-5084,6983,7,37137,0
37162117,37147,1,192,0,-10,934,-2261,6986,7,37147,0
37172133,37157,1,193,0,135,4229,170,6989,7,37157,0
37182120,37167,1,196,0,289,6713,4380,6992,7,37167,0
37192118,37177,1,196,0,25,7926,6725,6996,7,37177,0
37202118,37187,1,196,0,18,7633,7711,6999,7,37187,0
37212118,37197,1,196,0,54,5887,7262,7002,7,37197,0
37222117,37207,1,197,0,54,3018,5445,7005,7,37207,0
37232121,37217,1,197,0,32,-428,2710,7008,7,37217,0
37242133,37227,1,197,0,-18,-3797,92,7012,7,37227,0
37252122,37237,1,193,0,-428,-6435,-3267,7015,7,37237,0
37262118,37247,1,193,0,-10,-7847,-6617,7018,7,37247,0
37272118,37257,1,193,0,-32,-7759,-7692,7021,7,37257,0
37282119,37267,1,193,0,-40,-6185,-7409,7024,7,37267,0
37292118,37277,1,192,0,-25,-3423,-5787,7028,7,37277,0
37302122,37287,1,192,0,-25,-3,-3081,7031,7,37287,0
37312133,37297,1,193,0,47,3421,-444,7034,7,37297,0
37322118,37307,1,196,0,333,6183,2837,7037,7,37307,0
37332119,37317,1,196,0,18,7760,6275,7040,7,37317,0
37342118,37327,1,196,0,18,7844,7584,7044,7,37327,0
37352122,37337,1,196,0,40,6415,7496,7047,7,37337,0
37362118,37347,1,197,0,47,3749,6031,7050,7,37347,0
37372120,37357,1,197,0,25,356,3394,7053,7,37357,0
37382133,37367,1,197,0,10,-3109,600,7056,7,37367,0
37392118,37377,1,194,0,-347,-5968,-2368,7060,7,37377,0
37402122,37387,1,193,0,3,-7677,-6451,7063,7,37387,0
37412118,37397,1,193,0,-40,-7899,-7584,7066,7,37397,0
37422120,37407,1,193,0,-47,-6588,-7594,7069,7,37407,0
37432119,37417,1,192,0,-40,-3998,-6217,7072,7,37417,0
37442118,37427,1,192,0,-32,-631,-3619,7076,7,37427,0
37452137,37437,1,192,0,18,2867,-835,7079,7,37437,0
37462118,37447,1,195,0,289,5798,2163,7082,7,37447,0
37472119,37457,1,196,0,-25,7606,6061,7085,7,37457,0
37482118,37467,1,196,0,-3,7932,7487,7088,7,37467,0
37492118,37477,1,196,0,25,6710,7623,7092,7,37477,0
37502118,37487,1,197,0,47,4177,6344,7095,7,37487,0
37512118,37497,1,197,0,40,825,3804,7098,7,37497,0
37522135,37507,1,197,0,10,-2694,942,7101,7,37507,0
37532119,37517,1,195,0,-318,-5678,-1890,7104,7,37517,0
37542122,37527,1,193,0,-3,-7555,-6363,7108,7,37527,0
37552118,37537,1,193,0,-3,-7950,-7496,7111,7,37537,0
37562118,37547,1,193,0,-32,-6784,-7672,7114,7,37547,0
37572118,37557,1,192,0,-40,-4285,-6412,7117,7,37557,0
37582118,37567,1,192,0,-32,-941,-3882,7120,7,37567,0
37592137,37577,1,192,0,10,2595,-1040,7124,7,37577,0
37602118,37587,1,195,0,296,5610,1870,7127,7,37587,0
37612118,37597,1,196,0,-25,7527,5992,7130,7,37597,0
37622117,37607,1,196,0,18,7957,7428,7133,7,37607,0
37632119,37617,1,196,0,32,6815,7653,7136,7,37617,0
37642122,37627,1,197,0,54,4325,6451,7140,7,37627,0
37652118,37637,1,197,0,47,978,3941,7143,7,37637,0
37662134,37647,1,197,0,3,-2569,1050,7146,7,37647,0
37672118,37657,1,195,0,-318,-5600,-1733,7149,7,37657,0
37682118,37667,1,193,0,-32,-7525,-6315,7152,7,37667,0
37692122,37677,1,193,0,-18,-7957,-7496,7156,7,37677,0
37702118,37687,1,193,0,-32,-6806,-7702,7159,7,37687,0
37712120,37697,1,192,0,-32,-4299,-6442,7162,7,37697,0
37722118,37707,1,192,0,-32,-938,-3912,7165,7,37707,0
37732134,37717,1,192,0,18,2618,-1059,7168,7,37717,0
37742121,37727,1,195,0,289,5646,1890,7172,7,37727,0
37752118,37737,1,196,0,-54,7550,6002,7175,7,37737,0
37762121,37747,1,196,0,3,7947,7448,7178,7,37747,0
37772118,37757,1,196,0,40,6755,7653,7181,7,37757,0
37782118,37767,1,197,0,32,4209,6393,7184,7,37767,0
37792122,37777,1,197,0,47,817,3824,7188,7,37777,0
37802134,37787,1,197,0,-3,-2742,952,7191,7,37787,0
37812120,37797,1,194,0,-326,-5746,-1929,7194,7,37797,0
37822118,37807,1,193,0,-18,-7600,-6393,7197,7,37807,0
37832123,37817,1,193,0,-10,-7927,-7536,7200,7,37817,0
37842118,37827,1,193,0,-25,-6658,-7633,7204,7,37827,0
37852118,37837,1,192,0,-32,-4048,-6285,7207,7,37837,0
37862120,37847,1,192,0,-18,-619,-3687,7210,7,37847,0
37872133,37857,1,192,0,25,2938,-844,7213,7,37857,0
37882122,37867,1,195,0,304,5898,2192,7216,7,37867,0
37892118,37877,1,196,0,-18,7669,6139,7220,7,37877,0
37902118,37887,1,196,0,3,7890,7526,7223,7,37887,0
37912120,37897,1,196,0,32,6513,7565,7226,7,37897,0
37922118,37907,1,197,0,47,3816,6158,7229,7,37907,0
37932123,37917,1,197,0,32,341,3462,7232,7,37917,0
37942133,37927,1,197,0,-3,-3205,620,7236,7,37927,0
37952120,37937,1,194,0,-355,-6096,-2446,7239,7,37937,0
37962118,37947,1,193,0,-3,-7752,-6510,7242,7,37947,0
37972118,37957,1,193,0,-10,-7831,-7633,7245,7,37957,0
37982121,37967,1,193,0,-32,-6313,-7506,7248,7,37967,0
37992118,37977,1,192,0,-25,-3510,-5953,7252,7,37977,0
38002120,37987,1,192,0,-32,14,-3179,7255,7,37987,0
38012133,37997,1,193,0,47,3539,-463,7258,7,37997,0
38022118,38007,1,196,0,369,6334,2915,7261,7,38007,0
38032123,38017,1,196,0,25,7839,6393,7264,7,38017,0
38042118,38027,1,196,0,18,7739,7643,7268,7,38027,0
38052120,38037,1,196,0,47,6052,7379,7271,7,38037,0
38062118,38047,1,197,0,18,3124,5670,7274,7,38047,0
38072118,38057,1,197,0,10,-447,2818,7277,7,38057,0
38082137,38067,1,197,0,-25,-3935,122,7280,7,38067,0
38092118,38077,1,192,0,-457,-6603,-3423,7284,7,38077,0
38102120,38087,1,193,0,-32,-7919,-6744,7287,7,38087,0
38112118,38097,1,193,0,-25,-7604,-7711,7290,7,38097,0
38122120,38107,1,192,0,-40,-5719,-7213,7293,7,38107,0
38132119,38117,1,192,0,-25,-2654,-5338,7296,7,38117,0
38142118,38127,1,192,0,-10,959,-2398,7300,7,38127,0
38152135,38137,1,193,0,135,4382,161,7303,7,38137,0
38162118,38147,1,196,0,296,6891,4556,7306,7,38147,0
38172121,38157,1,196,0,40,7978,6881,7309,7,38157,0
38182117,38167,1,196,0,32,7412,7731,7312,7,38167,0
38192118,38177,1,197,0,40,5307,7018,7316,7,38177,0
38202120,38187,1,197,0,32,2098,4888,7319,7,38187,0
38212118,38197,1,197,0,3,-1545,1929,7322,7,38197,0
38222137,38207,1,196,0,-135,-4875,-639,7325,7,38207,0
38232119,38217,1,193,0,-289,-7183,-5377,7328,7,38217,0
38242118,38227,1,193,0,-32,-7999,-7203,7332,7,38227,0
38252118,38237,1,193,0,-40,-7148,-7750,7335,7,38237,0
38262118,38247,1,192,0,-47,-4805,-6744,7338,7,38247,0
38272122,38257,1,192,0,-32,-1454,-4390,7341,7,38257,0
38282118,38267,1,192,0,10,2197,-1421,7344,7,38267,0
38292134,38277,1,195,0,245,5398,1440,7348,7,38277,0
38302118,38287,1,196,0,3,7461,5943,7351,7,38287,0
38312118,38297,1,196,0,-10,7965,7379,7354,7,38297,0
38322122,38307,1,196,0,25,6797,7682,7357,7,38307,0
38332119,38317,1,197,0,47,4203,6412,7360,7,38317,0
38342120,38327,1,197,0,32,723,3785,7364,7,38327,0
38352118,38337,1,197,0,-3,-2908,903,7367,7,38337,0
38362133,38347,1,194,0,-333,-5934,-2105,7370,7,38347,0
38372122,38357,1,193,0,-3,-7705,-6481,7373,7,38357,0
38382117,38367,1,193,0,-10,-7854,-7614,7376,7,38367,0
38392120,38377,1,193,0,-25,-6345,-7545,7380,7,38377,0
38402118,38387,1,192,0,-25,-3496,-5973,7383,7,38387,0
38412118,38397,1,192,0,-10,92,-3150,7386,7,38397,0
38422117,38407,1,193,0,69,3664,-415,7389,7,38407,0
38432134,38417,1,197,0,399,6465,3091,7392,7,38417,0
38442120,38427,1,196,0,25,7890,6481,7396,7,38427,0
38452118,38437,1,196,0,10,7645,7663,7399,7,38437,0
38462118,38447,1,197,0,47,5777,7272,7402,7,38447,0
38472118,38457,1,197,0,25,2680,5387,7405,7,38457,0
38482118,38467,1,197,0,18,-987,2407,7408,7,38467,0
38492120,38477,1,196,0,-98,-4447,-219,7412,7,38477,0
38502133,38487,1,192,0,-413,-6962,-4459,7415,7,38487,0
38512122,38497,1,193,0,-32,-7990,-7008,7418,7,38497,0
38522118,38507,1,192,0,-47,-7315,-7721,7421,7,38507,0
38532119,38517,1,192,0,-47,-5077,-6910,7424,7,38517,0
38542118,38527,1,192,0,-10,-1754,-4673,7428,7,38527,0
38552118,38537,1,192,0,3,1945,-1655,7431,7,38537,0
38562121,38547,1,195,0,245,5231,1137,7434,7,38547,0
38572133,38557,1,196,0,40,7398,5846,7437,7,38557,0
38582118,38567,1,196,0,10,7976,7340,7440,7,38567,0
38592118,38577,1,196,0,32,6844,7702,7444,7,38577,0
38602118,38587,1,197,0,47,4241,6451,7447,7,38587,0
38612122,38597,1,197,0,25,723,3814,7450,7,38597,0
38622118,38607,1,197,0,-3,-2948,903,7453,7,38607,0
38632121,38617,1,194,0,-326,-5989,-2163,7456,7,38617,0
38642133,38627,1,193,0,18,-7740,-6500,7460,7,38627,0
38652118,38637,1,193,0,-18,-7819,-7633,7463,7,38637,0
38662122,38647,1,192,0,-25,-6211,-7496,7466,7,38647,0
38672118,38657,1,192,0,-32,-3262,-5816,7469,7,38657,0
38682120,38667,1,192,0,-3,397,-2915,7472,7,38667,0
38692118,38677,1,193,0,84,3968,-229,7476,7,38677,0
38702118,38687,1,197,0,421,6683,3628,7479,7,38687,0
38712133,38697,1,196,0,47,7950,6656,7482,7,38697,0
38722118,38707,1,196,0,25,7491,7692,7485,7,38707,0
38732121,38717,1,197,0,32,5404,7086,7488,7,38717,0
38742118,38727,1,197,0,25,2144,4986,7492,7,38727,0
38752118,38737,1,197,0,10,-1585,1948,7495,7,38737,0
38762118,38747,1,195,0,-194,-4971,-669,7498,7,38747,0
38772118,38757,1,192,0,-260,-7275,-5533,7501,7,38757,0
38782135,38767,1,193,0,-40,-7992,-7282,7504,7,38767,0
38792118,38777,1,193,0,-32,-6965,-7721,7508,7,38777,0
38802122,38787,1,192,0,-47,-4414,-6539,7511,7,38787,0
38812118,38797,1,192,0,-25,-899,-4019,7514,7,38797,0
38822117,38807,1,192,0,10,2814,-1050,7517,7,38807,0
38832119,38817,1,195,0,318,5914,2026,7520,7,38817,0
38842118,38827,1,196,0,-18,7718,6227,7524,7,38827,0
38852136,38837,1,196,0,3,7827,7565,7527,7,38837,0
38862118,38847,1,196,0,40,6221,7496,7530,7,38847,0
38872117,38857,1,197,0,25,3245,5836,7533,7,38857,0
38882118,38867,1,197,0,32,-445,2896,7536,7,38867,0
38892118,38877,1,196,0,-69,-4040,151,7540,7,38877,0
38902122,38887,1,192,0,-465,-6746,-3589,7543,7,38887,0
38912118,38897,1,193,0,-32,-7965,-6842,7546,7,38897,0
38922135,38907,1,193,0,-25,-7424,-7711,7549,7,38907,0
38932119,38917,1,192,0,-18,-5248,-7028,7552,7,38917,0
38942118,38927,1,192,0,-18,-1908,-4859,7556,7,38927,0
38952122,38937,1,192,0,-3,1855,-1763,7559,7,38937,0
38962118,38947,1,194,0,238,5208,1020,7562,7,38947,0
38972120,38957,1,196,0,84,7410,5846,7565,7,38957,0
38982118,38967,1,196,0,25,7968,7350,7568,7,38967,0
38992133,38977,1,196,0,18,6755,7672,7572,7,38977,0
39002118,38987,1,197,0,47,4046,6354,7575,7,38987,0
39012118,38997,1,197,0,25,433,3638,7578,7,38997,0
39022120,39007,1,197,0,-18,-3278,717,7581,7,39007,0
39032119,39017,1,193,0,-369,-6259,-2515,7584,7,39017,0
39042118,39027,1,193,0,-3,-7847,-6608,7588,7,39027,0
39052118,39037,1,193,0,-18,-7685,-7672,7591,7,39037,0
39062133,39047,1,192,0,-32,-5803,-7330,7594,7,39047,0
39072120,39057,1,192,0,-25,-2629,-5416,7597,7,39057,0
39082118,39067,1,192,0,-3,1134,-2339,7600,7,39067,0
39092121,39077,1,193,0,142,4649,288,7604,7,39077,0
39102118,39087,1,196,0,282,7122,5015,7607,7,39087,0
39112117,39097,1,196,0,47,7999,7076,7610,7,39097,0
39122118,39107,1,196,0,18,7083,7721,7613,7,39107,0
39132134,39117,1,197,0,32,4570,6656,7616,7,39117,0
39142121,39127,1,197,0,25,1036,4146,7620,7,39127,0
39152118,39137,1,197,0,-32,-2734,1137,7623,7,39137,0
39162118,39147,1,194,0,-282,-5891,-1978,7626,7,39147,0
39172118,39157,1,193,0,-18,-7723,-6490,7629,7,39157,0
39182118,39167,1,192,0,-10,-7814,-7614,7632,7,39167,0
39192121,39177,1,192,0,-40,-6140,-7496,7636,7,39177,0
39202133,39187,1,192,0,-32,-3075,-5748,7639,7,39187,0
39212120,39197,1,192,0,-10,678,-2749,7642,7,39197,0
39222118,39207,1,193,0,69,4283,-43,7645,7,39207,0
39232119,39217,1,197,0,413,6922,4185,7648,7,39217,0
39242121,39227,1,196,0,47,7992,6881,7652,7,39227,0
39252117,39237,1,196,0,54,7250,7711,7655,7,39237,0
39262120,39247,1,197,0,47,4861,6832,7658,7,39247,0
39272133,39257,1,197,0,25,1363,4439,7661,7,39257,0
39282118,39267,1,197,0,-10,-2436,1382,7664,7,39267,0
39292117,39277,1,194,0,-260,-5689,-1665,7668,7,39277,0
39302118,39287,1,193,0,-54,-7648,-6354,7671,7,39287,0
39312119,39297,1,192,0,-54,-7864,-7565,7674,7,39297,0
39322118,39307,1,192,0,-25,-6287,-7555,7677,7,39307,0
39332119,39317,1,192,0,-40,-3273,-5875,7680,7,39317,0
39342137,39327,1,192,0,-18,496,-2945,7684,7,39327,0
39352118,39337,1,192,0,47,4140,-141,7687,7,39337,0
39362120,39347,1,197,0,457,6847,3775,7690,7,39347,0
39372118,39357,1,196,0,47,7985,6803,7693,7,39357,0
39382122,39367,1,196,0,32,7293,7702,7696,7,39367,0
39392118,39377,1,196,0,54,4929,6881,7700,7,39377,0
39402118,39387,1,197,0,25,1432,4517,7703,7,39387,0
39412135,39397,1,196,0,-32,-2402,1431,7706,7,39397,0
39422118,39407,1,194,0,-238,-5673,-1616,7709,7,39407,0
39432122,39417,1,192,0,-91,-7648,-6344,7712,7,39417,0
39442118,39427,1,192,0,-25,-7860,-7565,7716,7,39427,0
39452117,39437,1,192,0,-25,-6261,-7526,7719,7,39437,0
39462118,39447,1,191,0,-40,-3217,-5826,7722,7,39447,0
39472118,39457,1,191,0,-18,570,-2886,7725,7,39457,0
39482137,39467,1,192,0,18,4235,-34,7728,7,39467,0
39492118,39477,1,196,0,494,6909,3746,7732,7,39477,0
39502120,39487,1,196,0,47,7992,6871,7735,7,39487,0
39512118,39497,1,196,0,32,7224,7711,7738,7,39497,0
39522118,39507,1,196,0,32,4781,6803,7741,7,39507,0
39532123,39517,1,196,0,3,1225,4361,7744,7,39517,0
39542118,39527,1,196,0,-32,-2612,1294,7748,7,39527,0
39552135,39537,1,194,0,-230,-5851,-1851,7751,7,39537,0
39562118,39547,1,192,0,-62,-7722,-6520,7754,7,39547,0
39572118,39557,1,192,0,-18,-7801,-7604,7757,7,39557,0
39582118,39567,1,191,0,-32,-6062,-7457,7760,7,39567,0
39592118,39577,1,191,0,-40,-2909,-5641,7764,7,39577,0
39602120,39587,1,191,0,3,924,-2603,7767,7,39587,0
39612118,39597,1,191,0,40,4542,268,7770,7,39597,0
39622134,39607,1,196,0,501,7104,4214,7773,7,39607,0
39632119,39617,1,196,0,47,7999,7067,7776,7,39617,0
39642118,39627,1,196,0,25,7025,7692,7780,7,39627,0
39652120,39637,1,196,0,47,4404,6598,7783,7,39637,0
39662118,39647,1,196,0,10,751,3980,7786,7,39647,0
39672122,39657,1,196,0,-18,-3081,942,7789,7,39657,0
39682118,39667,1,193,0,-296,-6190,-2231,7792,7,39667,0
39692133,39677,1,192,0,-3,-7847,-6813,7796,7,39677,0
39702118,39687,1,192,0,-18,-7657,-7692,7799,7,39687,0
39712118,39697,1,191,0,-54,-5665,-7291,7802,7,39697,0
39722122,39707,1,191,0,-32,-2336,-5269,7805,7,39707,0
39732119,39717,1,191,0,-10,1543,-2095,7808,7,39717,0
39742118,39727,1,191,0,69,5059,766,7812,7,39727,0
39752118,39737,1,196,0,384,7383,5396,7815,7,39737,0
39762133,39747,1,195,0,32,7962,7301,7818,7,39747,0
39772122,39757,1,195,0,18,6658,7623,7821,7,39757,0
39782118,39767,1,196,0,18,3778,6227,7824,7,39767,0
39792120,39777,1,196,0,25,-1,3365,7828,7,39777,0
39802118,39787,1,196,0,-18,-3778,424,7831,7,39787,0
39812118,39797,1,192,0,-435,-6662,-2935,7834,7,39797,0
39822121,39807,1,192,0,18,-7964,-7028,7837,7,39807,0
39832134,39817,1,191,0,-3,-7371,-7750,7840,7,39817,0
39842120,39827,1,191,0,-18,-5028,-6998,7844,7,39827,0
39852118,39837,1,191,0,-10,-1486,-4664,7847,7,39837,0
39862118,39847,1,191,0,-18,2412,-1440,7850,7,39847,0
39872122,39857,1,192,0,172,5738,1479,7853,7,39857,0
39882118,39867,1,195,0,91,7693,6529,7856,7,39867,0
39892120,39877,1,195,0,10,7813,7584,7860,7,39877,0
39902134,39887,1,195,0,32,6061,7467,7863,7,39887,0
39912118,39897,1,196,0,32,2866,5660,7866,7,39897,0
39922121,39907,1,196,0,10,-1021,2534,7869,7,39907,0
39932119,39917,1,195,0,-62,-4664,-307,7872,7,39917,0
39942120,39927,1,191,0,-472,-7191,-4283,7876,7,39927,0
39952118,39937,1,191,0,-10,-7993,-7174,7879,7,39937,0
39962122,39947,1,191,0,-40,-6874,-7672,7882,7,39947,0
39972133,39957,1,191,0,-47,-4099,-6432,7885,7,39957,0
39982118,39967,1,191,0,-10,-345,-3736,7888,7,39967,0
39992120,39977,1,191,0,10,3499,-649,7892,7,39977,0
40002118,39987,1,195,0,399,6500,2485,7895,7,39987,0
40012122,39997,1,195,0,-10,7936,6891,7898,7,39997,0
40022118,40007,1,195,0,3,7457,7741,7901,7,40007,0
40032119,40017,1,195,0,25,5177,7028,7904,7,40017,0
40042135,40027,1,196,0,18,1638,4781,7908,7,40027,0
40052118,40037,1,196,0,3,-2286,1577,7911,7,40037,0
40062121,40047,1,194,0,-172,-5667,-1411,7914,7,40047,0
40072118,40057,1,191,0,-201,-7673,-6354,7917,7,40057,0
40082119,40067,1,191,0,-40,-7822,-7545,7920,7,40067,0
40092118,40077,1,191,0,-32,-6072,-7457,7924,7,40077,0
40102118,40087,1,191,0,-47,-2847,-5641,7927,7,40087,0
40112137,40097,1,191,0,-10,1079,-2525,7930,7,40097,0
40122118,40107,1,191,0,47,4731,376,7933,7,40107,0
40132120,40117,1,196,0,487,7240,4439,7936,7,40117,0
40142118,40127,1,195,0,25,7985,7184,7940,7,40127,0
40152118,40137,1,195,0,10,6784,7663,7943,7,40137,0
40162122,40147,1,196,0,62,3926,6334,7946,7,40147,0
40172118,40157,1,196,0,3,110,3511,7949,7,40157,0
40182135,40167,1,196,0,-25,-3741,503,7952,7,40167,0
40192118,40177,1,192,0,-421,-6668,-2827,7956,7,40177,0
40202118,40187,1,191,0,32,-7970,-7076,7959,7,40187,0
40212122,40197,1,191,0,-10,-7320,-7780,7962,7,40197,0
40222118,40207,1,191,0,-47,-4875,-6949,7965,7,40207,0
40232121,40217,1,191,0,-18,-1231,-4498,7968,7,40217,0
40242118,40227,1,191,0,-3,2712,-1264,7972,7,40227,0
40252137,40237,1,193,0,230,5999,1733,7975,7,40237,0
40262118,40247,1,195,0,32,7802,6735,7978,7,40247,0
40272118,40257,1,195,0,18,7691,7663,7981,7,40257,0
40282120,40267,1,195,0,18,5684,7321,7984,7,40267,0
40292118,40277,1,196,0,25,2276,5279,7988,7,40277,0
40302122,40287,1,196,0,3,-1696,2036,7991,7,40287,0
40312118,40297,1,195,0,-106,-5248,-893,7994,7,40297,0
40322133,40307,1,191,0,-384,-7509,-5514,7997,7,40307,0
40332121,40317,1,191,0,-32,-7910,-7389,8000,7,40317,0
40342118,40327,1,191,0,-32,-6355,-7565,8004,7,40327,0
40352121,40337,1,191,0,-47,-3224,-5914,8007,7,40337,0
40362118,40347,1,191,0,-10,704,-2886,8010,7,40347,0
40372119,40357,1,191,0,32,4461,83,8013,7,40357,0
40382118,40367,1,196,0,509,7112,3775,8016,7,40367,0
40392133,40377,1,195,0,40,7996,7223,8020,7,40377,0
40402122,40387,1,195,0,25,6892,7672,8023,7,40387,0
40412118,40397,1,196,0,32,4074,6422,8026,7,40397,0
40422119,40407,1,196,0,3,239,3658,8029,7,40407,0
40432119,40417,1,196,0,-18,-3656,581,8032,7,40417,0
40442118,40427,1,192,0,-413,-6641,-2730,8036,7,40427,0
40452121,40437,1,191,0,25,-7970,-7096,8039,7,40437,0
40462133,40447,1,191,0,-10,-7305,-7750,8042,7,40447,0
40472119,40457,1,191,0,-40,-4818,-6910,8045,7,40457,0
40482118,40467,1,191,0,-10,-1122,-4429,8048,7,40467,0
40492118,40477,1,191,0,-10,2855,-913,8052,7,40477,0
40502122,40487,1,193,0,245,6121,1841,8055,7,40487,0
40512117,40497,1,195,0,18,7850,6813,8058,7,40497,0
40522120,40507,1,195,0,18,7610,7692,8061,7,40507,0
40532134,40517,1,195,0,10,5455,7047,8064,7,40517,0
40542118,40527,1,196,0,10,1935,5045,8068,7,40527,0
40552118,40537,1,196,0,3,-2077,1489,8071,7,40537,0
40562118,40547,1,195,0,-179,-5568,-1567,8074,7,40547,0
40572120,40557,1,191,0,-150,-7658,-6588,8077,7,40557,0
40582118,40567,1,191,0,-47,-7817,-7623,8080,7,40567,0
40592118,40577,1,191,0,-40,-6003,-7340,8084,7,40577,0
40602133,40587,1,190,0,-47,-2667,-5308,8087,7,40587,0
40612118,40597,1,191,0,-10,1333,-2056,8090,7,40597,0
40622119,40607,1,191,0,98,5005,923,8093,7,40607,0
40632119,40617,1,196,0,333,7411,5768,8096,7,40617,0
40642122,40627,1,195,0,40,7939,7448,8100,7,40627,0
40652118,40637,1,195,0,18,6456,7506,8103,7,40637,0
40662118,40647,1,196,0,54,3334,5758,8106,7,40647,0
40672133,40657,1,196,0,10,-642,2603,8109,7,40657,0
40682118,40667,1,195,0,-62,-4445,-327,8112,7,40667,0
40692122,40677,1,191,0,-494,-7127,-4361,8116,7,40677,0
40702118,40687,1,191,0,-40,-7994,-7262,8119,7,40687,0
40712118,40697,1,191,0,-18,-6825,-7633,8122,7,40697,0
40722118,40707,1,191,0,-47,-3916,-6148,8125,7,40707,0
40732119,40717,1,191,0,10,-7,-3199,8128,7,40717,0
40742136,40727,1,191,0,18,3911,-141,8132,7,40727,0
40752118,40737,1,195,0,516,6820,3335,8135,7,40737,0
40762120,40747,1,195,0,10,7994,7067,8138,7,40747,0
40772118,40757,1,195,0,10,7122,7692,8141,7,40757,0
40782118,40767,1,195,0,25,4426,6442,8144,7,40767,0
40792122,40777,1,196,0,3,593,3677,8148,7,40777,0
40802118,40787,1,196,0,-3,-3389,561,8151,7,40787,0
40812135,40797,1,192,0,-428,-6510,-2808,8154,7,40797,0
40822118,40807,1,191,0,25,-7952,-7125,8157,7,40807,0
40832119,40817,1,191,0,-18,-7355,-7760,8160,7,40817,0
40842118,40827,1,191,0,-40,-4865,-6774,8164,7,40827,0
40852118,40837,1,191,0,-3,-1122,-4156,8167,7,40837,0
40862120,40847,1,191,0,-3,2913,-903,8170,7,40847,0
40872118,40857,1,193,0,318,6196,2231,8173,7,40857,0
40882134,40867,1,195,0,-3,7884,6940,8176,7,40867,0
40892118,40877,1,195,0,18,7534,7721,8180,7,40877,0
40902118,40887,1,195,0,18,5237,6949,8183,7,40887,0
40912120,40897,1,196,0,3,1584,4537,8186,7,40897,0
40922118,40907,1,196,0,3,-2477,1235,8189,7,40907,0
40932122,40917,1,194,0,-223,-5901,-1909,8192,7,40917,0
40942118,40927,1,191,0,-54,-7795,-6920,8196,7,40927,0
40952133,40937,1,191,0,-47,-7667,-7711,8199,7,40937,0
40962118,40947,1,191,0,-40,-5550,-7145,8202,7,40947,0
40972118,40957,1,190,0,-32,-1989,-4840,8205,7,40957,0
40982122,40967,1,190,0,-18,2091,-1518,8208,7,40967,0
40992118,40977,1,192,0,186,5626,1518,8212,7,40977,0
41002117,40987,1,195,0,98,7700,6695,8215,7,40987,0
41012118,40997,1,195,0,18,7767,7643,8218,7,40997,0
41022133,41007,1,195,0,3,5803,7272,8221,7,41007,0
41032123,41017,1,196,0,18,2329,5094,8224,7,41017,0
41042118,41027,1,196,0,-10,-1754,1772,8228,7,41027,0
41052120,41037,1,195,0,-150,-5384,-1274,8231,7,41037,0
41062118,41047,1,190,0,-267,-7605,-6295,8234,7,41047,0
41072118,41057,1,191,0,-40,-7837,-7575,8237,7,41057,0
41082122,41067,1,191,0,-54,-6014,-7360,8240,7,41067,0
41092133,41077,1,190,0,-32,-2608,-5289,8244,7,41077,0
41102120,41087,1,191,0,-3,1473,-2017,8247,7,41087,0
41112118,41097,1,191,0,113,5174,1050,8250,7,41097,0
41122118,41107,1,196,0,304,7517,6051,8253,7,41107,0
41132119,41117,1,195,0,18,7884,7545,8256,7,41117,0
41142117,41127,1,195,0,25,6176,7428,8260,7,41127,0
41152120,41137,1,196,0,25,2839,5445,8263,7,41137,0
41162134,41147,1,196,0,3,-1251,2153,8266,7,41147,0
41172118,41157,1,195,0,-84,-5003,-844,8269,7,41157,0
41182118,41167,1,190,0,-421,-7443,-5504,8272,7,41167,0
41192118,41177,1,191,0,-47,-7916,-7457,8276,7,41177,0
41202120,41187,1,191,0,-40,-6295,-7467,8279,7,41187,0
41212118,41197,1,191,0,-25,-3010,-5572,8282,7,41197,0
41222122,41207,1,191,0,10,1075,-2349,8285,7,41207,0
41232134,41217,1,191,0,84,4880,708,8288,7,41217,0
41242118,41227,1,196,0,435,7385,5357,8292,7,41227,0
41252118,41237,1,195,0,40,7936,7438,8295,7,41237,0
41262118,41247,1,195,0,32,6378,7496,8298,7,41247,0
41272121,41257,1,196,0,32,3123,5641,8301,7,41257,0
41282118,41267,1,196,0,3,-960,2407,8304,7,41267,0
41292118,41277,1,195,0,-69,-4792,-600,8308,7,41277,0
41302133,41287,1,190,0,-487,-7351,-5015,8311,7,41287,0
41312118,41297,1,191,0,-62,-7946,-7409,8314,7,41297,0
41322121,41307,1,191,0,-32,-6422,-7506,8317,7,41307,0
41332119,41317,1,190,0,-40,-3185,-5689,8320,7,41317,0
41342120,41327,1,191,0,3,905,-2485,8324,7,41327,0
41352118,41337,1,191,0,69,4754,581,8327,7,41337,0
41362118,41347,1,196,0,494,7333,5045,8330,7,41347,0
41372137,41357,1,195,0,54,7948,7399,8333,7,41357,0
41382118,41367,1,195,0,25,6434,7506,8336,7,41367,0
41392120,41377,1,196,0,25,3192,5689,8340,7,41377,0
41402118,41387,1,196,0,-10,-906,2476,8343,7,41387,0
41412118,41397,1,195,0,-76,-4763,-561,8346,7,41397,0
41422118,41407,1,190,0,-501,-7341,-4947,8349,7,41407,0
41432119,41417,1,191,0,-32,-7945,-7409,8352,7,41417,0
41442136,41427,1,191,0,-32,-6405,-7536,8356,7,41427,0
41452118,41437,1,190,0,-40,-3148,-5680,8359,7,41437,0
41462118,41447,1,191,0,-3,964,-2456,8362,7,41447,0
41472118,41457,1,191,0,76,4818,620,8365,7,41457,0
41482118,41467,1,196,0,487,7372,5181,8368,7,41467,0
41492120,41477,1,195,0,32,7935,7428,8372,7,41477,0
41502118,41487,1,195,0,25,6352,7496,8375,7,41487,0
41512137,41497,1,196,0,32,3041,5592,8378,7,41497,0
41522118,41507,1,196,0,-18,-1080,2339,8381,7,41507,0
41532119,41517,1,195,0,-84,-4919,-698,8384,7,41517,0
41542118,41527,1,190,0,-465,-7424,-5269,8388,7,41527,0
41552118,41537,1,191,0,-32,-7915,-7457,8391,7,41537,0
41562122,41547,1,191,0,-32,-6255,-7467,8394,7,41547,0
41572118,41557,1,190,0,-47,-2896,-5504,8397,7,41557,0
41582133,41567,1,191,0,10,1260,-2222,8400,7,41567,0
41592118,41577,1,191,0,84,5063,874,8404,7,41577,0
41602118,41587,1,196,0,399,7494,5748,8407,7,41587,0
41612122,41597,1,195,0,32,7883,7516,8410,7,41597,0
41622118,41607,1,195,0,32,6121,7418,8413,7,41607,0
41632121,41617,1,196,0,18,2685,5367,8416,7,41617,0
41642118,41627,1,196,0,-3,-1482,2026,8420,7,41627,0
41652133,41637,1,195,0,-113,-5254,-1050,8423,7,41637,0
41662122,41647,1,190,0,-362,-7579,-5992,8426,7,41647,0
41672117,41657,1,191,0,-32,-7834,-7575,8429,7,41657,0
41682120,41667,1,191,0,-32,-5941,-7360,8432,7,41667,0
41692118,41677,1,190,0,-40,-2420,-5191,8436,7,41677,0
41702118,41687,1,191,0,10,1767,-1841,8439,7,41687,0
41712118,41697,1,191,0,157,5471,1274,8442,7,41697,0
41722133,41707,1,196,0,208,7674,6529,8445,7,41707,0
41732121,41717,1,195,0,32,7763,7643,8448,7,41717,0
41742118,41727,1,196,0,25,5717,7262,8452,7,41727,0
41752118,41737,1,196,0,32,2095,4967,8455,7,41737,0
41762118,41747,1,196,0,3,-2105,1577,8458,7,41747,0
41772118,41757,1,195,0,-179,-5727,-1567,8461,7,41757,0
41782120,41767,1,191,0,-172,-7769,-6793,8464,7,41767,0
41792133,41777,1,191,0,-32,-7661,-7692,8468,7,41777,0
41802122,41787,1,191,0,-40,-5438,-7155,8471,7,41787,0
41812118,41797,1,190,0,-25,-1709,-4693,8474,7,41797,0
41822118,41807,1,191,0,3,2495,-1313,8477,7,41807,0
41832119,41817,1,192,0,245,6010,1841,8480,7,41817,0
41842118,41827,1,195,0,32,7859,6989,8484,7,41827,0
41852122,41837,1,195,0,10,7527,7721,8487,7,41837,0
41862133,41847,1,196,0,18,5100,6949,8490,7,41847,0
41872118,41857,1,196,0,-3,1262,4351,8493,7,41857,0
41882118,41867,1,196,0,-3,-2932,981,8496,7,41867,0
41892118,41877,1,193,0,-333,-6312,-2300,8500,7,41877,0
41902122,41887,1,191,0,-3,-7935,-7194,8503,7,41887,0
41912118,41897,1,191,0,-18,-7346,-7750,8506,7,41897,0
41922119,41907,1,191,0,-32,-4707,-6735,8509,7,41907,0
41932134,41917,1,190,0,-3,-746,-3960,8512,7,41917,0
41942118,41927,1,190,0,-10,3411,-630,8516,7,41927,0
41952121,41937,1,194,0,457,6625,2691,8519,7,41937,0
41962118,41947,1,195,0,-3,7985,7096,8522,7,41947,0
41972119,41957,1,195,0,18,7110,7682,8525,7,41957,0
41982118,41967,1,196,0,10,4242,6412,8528,7,41967,0
41992118,41977,1,196,0,-10,184,3492,8532,7,41977,0
42002137,41987,1,196,0,-18,-3934,249,8535,7,41987,0
42012118,41997,1,191,0,-487,-6937,-3355,8538,7,41997,0
42022120,42007,1,191,0,3,-7999,-7252,8541,7,42007,0
42032119,42017,1,191,0,-40,-6810,-7643,8544,7,42017,0
42042118,42027,1,190,0,-10,-3706,-6109,8548,7,42027,0
42052121,42037,1,191,0,18,445,-2984,8551,7,42037,0
42062118,42047,1,191,0,18,4470,210,8554,7,42047,0
42072135,42057,1,196,0,553,7240,4195,8557,7,42057,0
42082118,42067,1,195,0,54,7962,7311,8560,7,42067,0
42092122,42077,1,196,0,18,6437,7516,8564,7,42077,0
42102118,42087,1,196,0,18,3094,5660,8567,7,42087,0
42112118,42097,1,196,0,-25,-1126,2378,8570,7,42097,0
42122120,42107,1,195,0,-69,-5031,-747,8573,7,42107,0
42132119,42117,1,190,0,-501,-7509,-5387,8576,7,42117,0
42142137,42127,1,191,0,-54,-7859,-7536,8580,7,42127,0
42152118,42137,1,191,0,-25,-5981,-7389,8583,7,42137,0
42162118,42147,1,190,0,-25,-2404,-5221,8586,7,42147,0
42172119,42157,1,191,0,10,1858,-1831,8589,7,42157,0
42182118,42167,1,191,0,157,5593,1352,8592,7,42167,0
42192121,42177,1,196,0,186,7738,6656,8596,7,42177,0
42202118,42187,1,195,0,18,7680,7682,8599,7,42187,0
42212135,42197,1,196,0,10,5428,7164,8602,7,42197,0
42222119,42207,1,196,0,25,1635,4664,8605,7,42207,0
42232119,42217,1,196,0,-3,-2628,1245,8608,7,42217,0
42242122,42227,1,194,0,-274,-6144,-1997,8612,7,42227,0
42252118,42237,1,191,0,-47,-7905,-7174,8615,7,42237,0
42262119,42247,1,191,0,-32,-7406,-7741,8618,7,42247,0
42272118,42257,1,190,0,-18,-4788,-6813,8621,7,42257,0
42282133,42267,1,190,0,-18,-790,-4039,8624,7,42267,0
42292122,42277,1,190,0,-3,3424,-669,8628,7,42277,0
42302118,42287,1,194,0,465,6663,2661,8631,7,42287,0
42312120,42297,1,195,0,-18,7992,7145,8634,7,42297,0
42322118,42307,1,195,0,18,7025,7663,8637,7,42307,0
42332119,42317,1,196,0,10,4038,6315,8640,7,42317,0
42342122,42327,1,196,0,-25,-110,3286,8644,7,42327,0
42352133,42337,1,196,0,-18,-4234,53,8647,7,42337,0
42362120,42347,1,191,0,-538,-7131,-3716,8650,7,42347,0
42372118,42357,1,191,0,-25,-7978,-7321,8653,7,42357,0
42382121,42367,1,191,0,-40,-6523,-7565,8656,7,42367,0
42392118,42377,1,190,0,-32,-3186,-5768,8660,7,42377,0
42402118,42387,1,191,0,25,1073,-2505,8663,7,42387,0
42412120,42397,1,191,0,62,5024,727,8666,7,42397,0
42422133,42407,1,196,0,501,7525,5465,8669,7,42407,0
42432122,42417,1,195,0,40,7843,7536,8672,7,42417,0
42442118,42427,1,196,0,32,5893,7340,8676,7,42427,0
42452117,42437,1,196,0,32,2232,5094,8679,7,42437,0
42462119,42447,1,196,0,-18,-2077,1684,8682,7,42447,0
42472118,42457,1,195,0,-172,-5784,-1528,8685,7,42457,0
42482122,42467,1,190,0,-201,-7813,-6862,8688,7,42467,0
42492133,42477,1,191,0,-18,-7567,-7731,8692,7,42477,0
42502119,42487,1,190,0,-10,-5124,-7018,8695,7,42487,0
42512118,42497,1,190,0,-10,-1186,-4351,8698,7,42497,0
42522118,42507,1,191,0,3,3099,-923,8701,7,42507,0
42532123,42517,1,193,0,340,6484,2339,8704,7,42517,0
42542118,42527,1,195,0,-18,7975,7164,8708,7,42527,0
42552120,42537,1,195,0,3,7138,7702,8711,7,42537,0
42562134,42547,1,196,0,18,4211,6471,8714,7,42547,0
42572118,42557,1,196,0,-10,60,3462,8717,7,42557,0
42582121,42567,1,196,0,-3,-4116,161,8720,7,42567,0
42592118,42577,1,191,0,-516,-7086,-3521,8724,7,42577,0
42602120,42587,1,191,0,-25,-7982,-7330,8727,7,42587,0
42612118,42597,1,191,0,-47,-6537,-7565,8730,7,42597,0
42622118,42607,1,190,0,-25,-3173,-5787,8733,7,42607,0
42632138,42617,1,190,0,10,1133,-2485,8736,7,42617,0
42642118,42627,1,191,0,84,5093,776,8740,7,42627,0
42652120,42637,1,196,0,494,7565,5582,8743,7,42637,0
42662118,42647,1,195,0,40,7810,7565,8746,7,42647,0
42672118,42657,1,196,0,32,5756,7301,8749,7,42657,0
42682118,42667,1,196,0,32,2004,4947,8752,7,42667,0
42692118,42677,1,196,0,-10,-2339,1499,8756,7,42677,0
42702135,42687,1,194,0,-208,-5999,-1743,8759,7,42687,0
42712118,42697,1,190,0,-128,-7880,-7106,8762,7,42697,0
42722118,42707,1,191,0,-18,-7436,-7750,8765,7,42707,0
42732119,42717,1,190,0,-3,-4793,-6871,8768,7,42717,0
42742118,42727,1,190,0,-18,-730,-4029,8772,7,42727,0
42752119,42737,1,190,0,3,3550,-600,8775,7,42737,0
42762118,42747,1,194,0,457,6780,2778,8778,7,42747,0
42772137,42757,1,195,0,3,7999,7184,8781,7,42757,0
42782118,42767,1,195,0,10,6844,7623,8784,7,42767,0
42792117,42777,1,196,0,3,3656,6109,8788,7,42777,0
42802118,42787,1,196,0,-25,-620,2915,8791,7,42787,0
42812118,42797,1,195,0,-47,-4713,-346,8794,7,42797,0
42822122,42807,1,190,0,-589,-7405,-4527,8797,7,42807,0
42832119,42817,1,191,0,-62,-7891,-7467,8800,7,42817,0
42842133,42827,1,190,0,-47,-6020,-7399,8804,7,42827,0
42852118,42837,1,190,0,-25,-2361,-5221,8807,7,42837,0
42862118,42847,1,191,0,25,2009,-1802,8810,7,42847,0
42872122,42857,1,191,0,172,5782,1499,8813,7,42857,0
42882118,42867,1,196,0,150,7825,6881,8816,7,42867,0
42892120,42877,1,195,0,10,7528,7721,8820,7,42877,0
42902118,42887,1,196,0,18,4979,6959,8823,7,42887,0
42912133,42897,1,196,0,3,928,4185,8826,7,42897,0
42922121,42907,1,196,0,3,-3390,747,8829,7,42907,0
42932119,42917,1,192,0,-443,-6698,-2681,8832,7,42917,0
42942119,42927,1,191,0,18,-7997,-7350,8836,7,42927,0
42952118,42937,1,190,0,-25,-6894,-7672,8839,7,42937,0
42962118,42947,1,190,0,-18,-3718,-6197,8842,7,42947,0
42972118,42957,1,190,0,18,577,-2993,8845,7,42957,0
42982133,42967,1,191,0,32,4707,346,8848,7,42967,0
42992120,42977,1,196,0,589,7410,4517,8852,7,42977,0
43002118,42987,1,196,0,69,7885,7448,8855,7,42987,0
43012118,42997,1,196,0,32,5981,7350,8858,7,42997,0
43022118,43007,1,196,0,25,2271,5142,8861,7,43007,0
43032119,43017,1,196,0,-18,-2127,1724,8864,7,43017,0
43042119,43027,1,195,0,-172,-5883,-1577,8868,7,43027,0
43052133,43037,1,190,0,-216,-7861,-6989,8871,7,43037,0
43062121,43047,1,190,0,-25,-7457,-7770,8874,7,43047,0
43072118,43057,1,190,0,-10,-4796,-6881,8877,7,43057,0
43082118,43067,1,190,0,-10,-679,-4000,8880,7,43067,0
43092118,43077,1,191,0,3,3645,-581,8884,7,43077,0
43102118,43087,1,194,0,487,6864,2866,8887,7,43087,0
43112122,43097,1,195,0,10,7998,7223,8890,7,43097,0
43122133,43107,1,196,0,3,6697,7604,8893,7,43107,0
43132119,43117,1,196,0,-3,3363,5943,8896,7,43117,0
43142118,43127,1,196,0,-40,-998,2642,8900,7,43127,0
43152118,43137,1,195,0,-69,-5057,-678,8903,7,43137,0
43162122,43147,1,190,0,-553,-7576,-5240,8906,7,43147,0
43172118,43157,1,190,0,-69,-7784,-7575,8909,7,43157,0
43182120,43167,1,190,0,-40,-5613,-7233,8912,7,43167,0
43192133,43177,1,190,0,-10,-1723,-4791,8916,7,43177,0
43202118,43187,1,191,0,25,2685,-1343,8919,7,43187,0
43212121,43197,1,192,0,267,6281,1987,8922,7,43197,0
43222118,43207,1,195,0,10,7954,7213,8925,7,43207,0
43232120,43217,1,196,0,3,7189,7741,8928,7,43217,0
43242118,43227,1,196,0,3,4221,6549,8932,7,43227,0
43252118,43237,1,196,0,-18,-42,3443,8935,7,43237,0
43262133,43247,1,196,0,-18,-4302,63,8938,7,43247,0
43272118,43257,1,191,0,-560,-7230,-3706,8941,7,43257,0
43282120,43267,1,191,0,-47,-7942,-7369,8944,7,43267,0
43292118,43277,1,190,0,-40,-6211,-7457,8948,7,43277,0
43302118,43287,1,190,0,-18,-2565,-5426,8951,7,43287,0
43312118,43297,1,190,0,32,1870,-1987,8954,7,43297,0
43322117,43307,1,191,0,164,5731,1391,8957,7,43307,0
43332136,43317,1,196,0,208,7827,6813,8960,7,43317,0
43342118,43327,1,196,0,25,7504,7731,8964,7,43327,0
43352121,43337,1,196,0,18,4862,6920,8967,7,43337,0
43362118,43347,1,196,0,-3,718,4048,8970,7,43347,0
43372118,43357,1,196,0,-3,-3650,600,8973,7,43357,0
43382118,43367,1,192,0,-479,-6889,-2945,8976,7,43367,0
43392118,43377,1,191,0,3,-7996,-7389,8980,7,43377,0
43402137,43387,1,190,0,-40,-6618,-7623,8983,7,43387,0
43412118,43397,1,190,0,-10,-3195,-5885,8986,7,43397,0
43422117,43407,1,190,0,18,1226,-2505,8989,7,43407,0
43432119,43417,1,191,0,76,5268,893,8992,7,43417,0
43442118,43427,1,196,0,457,7673,5875,8996,7,43427,0
43452121,43437,1,196,0,62,7691,7623,8999,7,43437,0
43462118,43447,1,196,0,18,5315,7086,9002,7,43447,0
43472135,43457,1,196,0,18,1273,4468,9005,7,43457,0
43482118,43467,1,196,0,-25,-3152,981,9008,7,43467,0
43492118,43477,1,193,0,-384,-6603,-2456,9012,7,43477,0
43502122,43487,1,191,0,-3,-7995,-7428,9015,7,43487,0
43512118,43497,1,190,0,-10,-6889,-7702,9018,7,43497,0
43522120,43507,1,190,0,-10,-3627,-6197,9021,7,43507,0
43532119,43517,1,190,0,18,768,-2886,9024,7,43517,0
43542133,43527,1,191,0,40,4931,503,9028,7,43527,0
43552117,43537,1,196,0,589,7541,4996,9031,7,43537,0
43562118,43547,1,196,0,91,7793,7526,9034,7,43547,0
43572120,43557,1,196,0,40,5599,7203,9037,7,43557,0
43582118,43567,1,196,0,18,1649,4752,9040,7,43567,0
43592118,43577,1,196,0,-40,-2821,1264,9044,7,43577,0
43602118,43587,1,193,0,-311,-6407,-2153,9047,7,43587,0
43612133,43597,1,191,0,-32,-7979,-7399,9050,7,43597,0
43622120,43607,1,190,0,-32,-7037,-7750,9053,7,43607,0
43632119,43617,1,190,0,-18,-3879,-6373,9056,7,43617,0
43642122,43627,1,190,0,10,502,-3130,9060,7,43627,0
43652118,43637,1,191,0,47,4727,278,9063,7,43637,0
43662118,43647,1,196,0,597,7461,4468,9066,7,43647,0
43672118,43657,1,196,0,62,7839,7457,9069,7,43657,0
43682133,43667,1,196,0,54,5734,7272,9072,7,43667,0
43692122,43677,1,196,0,18,1821,4888,9076,7,43677,0
43702118,43687,1,196,0,-40,-2670,1411,9079,7,43687,0
43712118,43697,1,194,0,-267,-6320,-2017,9082,7,43697,0
43722118,43707,1,191,0,-69,-7968,-7369,9085,7,43707,0
43732119,43717,1,190,0,-25,-7088,-7760,9088,7,43717,0
43742122,43727,1,190,0,-32,-3957,-6442,9092,7,43727,0
43752133,43737,1,190,0,10,436,-3189,9095,7,43737,0
43762120,43747,1,191,0,47,4683,219,9098,7,43747,0
43772118,43757,1,196,0,619,7447,4380,9101,7,43757,0
43782118,43767,1,196,0,62,7843,7457,9104,7,43767,0
43792122,43777,1,196,0,40,5739,7272,9108,7,43777,0
43802118,43787,1,196,0,10,1808,4888,9111,7,43787,0
43812120,43797,1,196,0,-32,-2703,1401,9114,7,43797,0
43822133,43807,1,194,0,-267,-6356,-2056,9117,7,43807,0
43832119,43817,1,191,0,-54,-7974,-7379,9120,7,43817,0
43842117,43827,1,190,0,-18,-7048,-7760,9124,7,43827,0
43852118,43837,1,190,0,-18,-3868,-6393,9127,7,43837,0
43862120,43847,1,190,0,10,552,-3101,9130,7,43847,0
43872118,43857,1,191,0,47,4794,317,9133,7,43857,0
43882118,43867,1,196,0,597,7503,4625,9136,7,43867,0
43892137,43877,1,196,0,69,7805,7496,9140,7,43877,0
43902118,43887,1,196,0,47,5604,7223,9143,7,43887,0
43912120,43897,1,196,0,32,1601,4761,9146,7,43897,0
43922118,43907,1,196,0,-32,-2915,1245,9149,7,43907,0
43932123,43917,1,193,0,-326,-6500,-2241,9152,7,43917,0
43942118,43927,1,191,0,-18,-7990,-7428,9156,7,43927,0
43952118,43937,1,190,0,-25,-6910,-7711,9159,7,43937,0
43962135,43947,1,190,0,-10,-3596,-6227,9162,7,43947,0
43972118,43957,1,190,0,25,866,-2847,9165,7,43957,0
43982122,43967,1,191,0,69,5059,561,9168,7,43967,0
43992118,43977,1,196,0,560,7618,5289,9172,7,43977,0
44002118,43987,1,196,0,54,7718,7565,9175,7,43987,0
44012118,43997,1,196,0,40,5322,7106,9178,7,43997,0
44022118,44007,1,196,0,32,1204,4459,9181,7,44007,0
44032138,44017,1,196,0,-10,-3313,952,9184,7,44017,0
44042118,44027,1,193,0,-421,-6745,-2603,9188,7,44027,0
44052120,44037,1,191,0,3,-7999,-7418,9191,7,44037,0
44062118,44047,1,190,0,-25,-6659,-7663,9194,7,44047,0
44072118,44057,1,190,0,-18,-3157,-5934,9197,7,44057,0
44082122,44067,1,190,0,25,1373,-2456,9200,7,44067,0
44092118,44077,1,191,0,106,5456,971,9204,7,44077,0
44102135,44087,1,196,0,369,7769,6246,9207,7,44087,0
44112118,44097,1,196,0,69,7550,7672,9210,7,44097,0
44122118,44107,1,196,0,40,4874,6910,9213,7,44107,0
44132123,44117,1,196,0,-10,605,4019,9216,7,44117,0
44142118,44127,1,196,0,-32,-3857,561,9220,7,44127,0
44152120,44137,1,191,0,-487,-7065,-3179,9223,7,44137,0
44162118,44147,1,191,0,-3,-7966,-7389,9226,7,44147,0
44172134,44157,1,190,0,-40,-6260,-7506,9229,7,44157,0
44182118,44167,1,190,0,-18,-2513,-5504,9232,7,44167,0
44192118,44177,1,190,0,25,2060,-1938,9236,7,44177,0
44202120,44187,1,192,0,201,5963,1509,9239,7,44187,0
44212118,44197,1,196,0,142,7911,7028,9242,7,44197,0
44222122,44207,1,196,0,40,7265,7711,9245,7,44207,0
44232119,44217,1,196,0,25,4235,6588,9248,7,44217,0
44242133,44227,1,196,0,-3,-192,3413,9252,7,44227,0
44252120,44237,1,196,0,-54,-4547,4,9255,7,44237,0
44262118,44247,1,190,0,-597,-7415,-4097,9258,7,44247,0
44272121,44257,1,191,0,-62,-7844,-7448,9261,7,44257,0
44282118,44267,1,190,0,-40,-5691,-7282,9264,7,44267,0
44292118,44277,1,190,0,-10,-1662,-4869,9268,7,44277,0
44302120,44287,1,190,0,25,2917,-1304,9271,7,44287,0
44312133,44297,1,193,0,311,6538,2183,9274,7,44297,0
44322121,44307,1,195,0,-3,7995,7272,9277,7,44307,0
44332119,44317,1,196,0,25,6816,7663,9280,7,44317,0
44342120,44327,1,196,0,18,3382,6090,9284,7,44327,0
44352118,44337,1,196,0,-25,-1169,2642,9287,7,44337,0
44362118,44347,1,195,0,-106,-5337,-786,9290,7,44347,0
44372122,44357,1,190,0,-479,-7738,-5787,9293,7,44357,0
44382133,44367,1,190,0,-76,-7572,-7633,9296,7,44367,0
44392119,44377,1,190,0,-40,-4898,-6920,9300,7,44377,0
44402118,44387,1,190,0,-10,-595,-4048,9303,7,44387,0
44412118,44397,1,190,0,18,3905,-551,9306,7,44397,0
44422122,44407,1,195,0,523,7111,3140,9309,7,44407,0
44432119,44417,1,195,0,18,7952,7282,9312,7,44417,0
44442120,44427,1,196,0,32,6146,7448,9316,7,44427,0
44452133,44437,1,196,0,10,2288,5338,9319,7,44437,0
44462118,44447,1,196,0,-32,-2323,1753,9322,7,44447,0
44472122,44457,1,194,0,-208,-6169,-1733,9325,7,44457,0
44482118,44467,1,190,0,-128,-7956,-7223,9328,7,44467,0
44492120,44477,1,190,0,-32,-7087,-7741,9332,7,44477,0
44502118,44487,1,190,0,-32,-3851,-6393,9335,7,44487,0
44512122,44497,1,190,0,-10,675,-3062,9338,7,44497,0
44522133,44507,1,191,0,62,4981,405,9341,7,44507,0
44532119,44517,1,196,0,560,7612,5045,9344,7,44517,0
44542120,44527,1,196,0,69,7699,7536,9348,7,44527,0
44552118,44537,1,196,0,40,5205,7057,9351,7,44537,0
44562122,44547,1,196,0,-3,963,4332,9354,7,44547,0
44572118,44557,1,196,0,-18,-3601,796,9357,7,44557,0
44582118,44567,1,192,0,-465,-6958,-2886,9360,7,44567,0
44592135,44577,1,191,0,3,-7978,-7438,9364,7,44577,0
44602118,44587,1,190,0,-32,-6315,-7555,9367,7,44587,0
44612122,44597,1,190,0,3,-2524,-5543,9370,7,44597,0
44622117,44607,1,190,0,25,2115,-1929,9373,7,44607,0
44632120,44617,1,192,0,194,6046,1548,9376,7,44617,0
44642118,44627,1,196,0,113,7937,7096,9380,7,44627,0
44652118,44637,1,196,0,47,7151,7711,9383,7,44637,0
44662137,44647,1,196,0,18,3941,6442,9386,7,44647,0
44672118,44657,1,196,0,3,-586,3130,9389,7,44657,0
44682120,44667,1,195,0,-62,-4927,-317,9392,7,44667,0
44692118,44677,1,190,0,-597,-7601,-4752,9396,7,44677,0
44702118,44687,1,190,0,-76,-7702,-7536,9399,7,44687,0
44712122,44697,1,190,0,-40,-5192,-7057,9402,7,44697,0
44722118,44707,1,190,0,-3,-923,-4322,9405,7,44707,0
44732136,44717,1,191,0,47,3669,-776,9408,7,44717,0
44742118,44727,1,194,0,501,7004,2886,9412,7,44727,0
44752118,44737,1,195,0,18,7969,7301,9415,7,44737,0
44762122,44747,1,196,0,25,6224,7487,9418,7,44747,0
44772118,44757,1,196,0,10,2362,5416,9421,7,44757,0
44782119,44767,1,196,0,-32,-2304,1802,9424,7,44767,0
44792118,44777,1,194,0,-186,-6188,-1724,9428,7,44777,0
44802134,44787,1,190,0,-172,-7965,-7272,9431,7,44787,0
44812118,44797,1,190,0,-32,-7024,-7731,9434,7,44797,0
44822118,44807,1,190,0,-25,-3688,-6334,9437,7,44807,0
44832121,44817,1,190,0,10,911,-2886,9440,7,44817,0
44842118,44827,1,191,0,91,5198,600,9444,7,44827,0
44852118,44837,1,196,0,516,7710,5553,9447,7,44837,0
44862118,44847,1,196,0,69,7584,7594,9450,7,44847,0
44872133,44857,1,196,0,32,4855,6901,9453,7,44857,0
44882120,44867,1,196,0,-3,470,3990,9456,7,44867,0
44892118,44877,1,196,0,-25,-4080,463,9460,7,44877,0
44902122,44887,1,191,0,-531,-7235,-3374,9463,7,44887,0
44912118,44897,1,191,0,-18,-7905,-7467,9466,7,44897,0
44922118,44907,1,190,0,-40,-5862,-7389,9469,7,44907,0
44932119,44917,1,190,0,3,-1801,-5035,9472,7,44917,0
44942133,44927,1,190,0,32,2885,-1401,9476,7,44927,0
44952122,44937,1,193,0,318,6571,2144,9479,7,44937,0
44962118,44947,1,195,0,-10,7999,7330,9482,7,44947,0
44972118,44957,1,196,0,40,6672,7643,9485,7,44957,0
44982118,44967,1,196,0,10,3042,5904,9488,7,44967,0
44992118,44977,1,196,0,-25,-1635,2329,9492,7,44977,0
45002122,44987,1,195,0,-128,-5753,-1186,9495,7,44987,0
45012133,44997,1,190,0,-369,-7883,-6578,9498,7,44997,0
45022120,45007,1,190,0,-69,-7286,-7692,9501,7,45007,0
45032119,45017,1,190,0,-40,-4169,-6578,9504,7,45017,0
45042118,45027,1,190,0,-3,392,-3316,9508,7,45027,0
45052122,45037,1,191,0,62,4821,170,9511,7,45037,0
45062118,45047,1,196,0,611,7577,4566,9514,7,45047,0
45072119,45057,1,196,0,54,7707,7506,9517,7,45057,0
45082134,45067,1,196,0,47,5155,7047,9520,7,45067,0
45092118,45077,1,196,0,-3,822,4273,9524,7,45077,0
45102118,45087,1,196,0,-47,-3804,708,9527,7,45087,0
45112117,45097,1,192,0,-487,-7108,-3062,9530,7,45097,0
45122120,45107,1,191,0,3,-7939,-7496,9533,7,45107,0
45132119,45117,1,190,0,-32,-6005,-7477,9536,7,45117,0
45142118,45127,1,190,0,-10,-1978,-5211,9540,7,45127,0
45152133,45137,1,190,0,47,2747,-1518,9543,7,45137,0
45162118,45147,1,193,0,289,6503,2026,9546,7,45147,0
45172119,45157,1,195,0,18,7998,7330,9549,7,45157,0
45182118,45167,1,196,0,25,6698,7653,9552,7,45167,0
45192122,45177,1,196,0,3,3053,5953,9556,7,45177,0
45202118,45187,1,196,0,-25,-1656,2339,9559,7,45187,0
45212118,45197,1,195,0,-135,-5790,-1196,9562,7,45197,0
45222133,45207,1,190,0,-377,-7898,-6627,9565,7,45207,0
45232119,45217,1,190,0,-76,-7235,-7702,9568,7,45217,0
45242122,45227,1,190,0,-32,-4034,-6500,9572,7,45227,0
45252118,45237,1,190,0,-10,580,-3189,9575,7,45237,0
45262118,45247,1,191,0,47,4995,317,9578,7,45247,0
45272117,45257,1,196,0,597,7655,4947,9581,7,45257,0
45282118,45267,1,196,0,62,7624,7575,9584,7,45267,0
45292137,45277,1,196,0,32,4901,6949,9588,7,45277,0
45302118,45287,1,196,0,10,464,4019,9591,7,45287,0
45312120,45297,1,196,0,-32,-4145,473,9594,7,45297,0
45322118,45307,1,191,0,-516,-7293,-3433,9597,7,45307,0
45332119,45317,1,191,0,-18,-7870,-7477,9600,7,45317,0
45342122,45327,1,190,0,-25,-5668,-7330,9604,7,45327,0
45352117,45337,1,190,0,-3,-1464,-4859,9607,7,45337,0
45362135,45347,1,190,0,10,3267,-1147,9610,7,45347,0
45372118,45357,1,193,0,369,6832,2466,9613,7,45357,0
45382118,45367,1,195,0,3,7987,7350,9616,7,45367,0
45392118,45377,1,196,0,32,6313,7536,9620,7,45377,0
45402118,45387,1,196,0,3,2401,5514,9623,7,45387,0
45412119,45397,1,196,0,-40,-2363,1831,9626,7,45397,0
45422118,45407,1,194,0,-216,-6290,-1763,9629,7,45407,0
45432134,45417,1,190,0,-142,-7985,-7360,9632,7,45417,0
45442118,45427,1,190,0,-40,-6842,-7692,9636,7,45427,0
45452118,45437,1,190,0,-25,-3267,-6090,9639,7,45437,0
45462119,45447,1,190,0,10,1472,-2505,9642,7,45447,0
45472118,45457,1,191,0,135,5688,1040,9645,7,45457,0
45482122,45467,1,196,0,340,7879,6549,9648,7,45467,0
45492118,45477,1,196,0,54,7262,7682,9652,7,45477,0
45502133,45487,1,196,0,40,4047,6529,9655,7,45487,0
45512118,45497,1,196,0,-3,-601,3189,9658,7,45497,0
45522118,45507,1,195,0,-69,-5044,-336,9661,7,45507,0
45532122,45517,1,190,0,-611,-7685,-4908,9664,7,45517,0
45542118,45527,1,190,0,-69,-7578,-7594,9668,7,45527,0
45552118,45537,1,190,0,-40,-4759,-6901,9671,7,45537,0
45562118,45547,1,190,0,3,-235,-3902,9674,7,45547,0
45572133,45557,1,190,0,32,4380,-317,9677,7,45557,0
45582122,45567,1,196,0,582,7417,3677,9680,7,45567,0
45592118,45577,1,195,0,54,7799,7399,9684,7,45577,0
45602120,45587,1,196,0,18,5381,7184,9687,7,45587,0
45612118,45597,1,196,0,10,1030,4488,9690,7,45597,0
45622118,45607,1,196,0,-25,-3692,825,9693,7,45607,0
45632123,45617,1,192,0,-479,-7090,-2945,9696,7,45617,0
45642132,45627,1,191,0,-3,-7934,-7526,9700,7,45627,0
45652120,45637,1,190,0,-47,-5921,-7438,9703,7,45637,0
45662118,45647,1,190,0,-18,-1776,-5113,9706,7,45647,0
45672118,45657,1,190,0,32,3012,-1391,9709,7,45657,0
45682118,45667,1,193,0,333,6715,2251,9712,7,45667,0
45692117,45677,1,195,0,-10,7994,7369,9716,7,45677,0
45702121,45687,1,196,0,25,6384,7555,9719,7,45687,0
45712133,45697,1,196,0,18,2460,5562,9722,7,45697,0
45722118,45707,1,196,0,-25,-2344,1860,9725,7,45707,0
45732119,45717,1,194,0,-223,-6309,-1753,9728,7,45717,0
45742118,45727,1,190,0,-150,-7989,-7369,9732,7,45727,0
45752120,45737,1,190,0,-62,-6774,-7692,9735,7,45737,0
45762118,45747,1,190,0,-32,-3102,-6021,9738,7,45747,0
45772121,45757,1,190,0,10,1698,-2349,9741,7,45757,0
45782133,45767,1,191,0,157,5886,1225,9744,7,45767,0
45792118,45777,1,196,0,252,7929,6852,9748,7,45777,0
45802118,45787,1,196,0,54,7095,7672,9751,7,45787,0
45812118,45797,1,196,0,18,3679,6344,9754,7,45797,0
45822121,45807,1,196,0,-25,-1079,2857,9757,7,45807,0
45832119,45817,1,195,0,-84,-5443,-727,9760,7,45817,0
45842118,45827,1,190,0,-516,-7825,-5777,9764,7,45827,0
45852136,45837,1,190,0,-69,-7350,-7643,9767,7,45837,0
45862119,45847,1,190,0,-54,-4197,-6608,9770,7,45847,0
45872121,45857,1,190,0,-3,494,-3326,9773,7,45857,0
45882118,45867,1,191,0,47,5003,249,9776,7,45867,0
45892120,45877,1,196,0,604,7687,4918,9780,7,45877,0
45902118,45887,1,196,0,47,7558,7575,9783,7,45887,0
45912118,45897,1,196,0,25,4662,6862,9786,7,45897,0
45922137,45907,1,196,0,10,45,3755,9789,7,45907,0
45932119,45917,1,196,0,-54,-4571,170,9792,7,45917,0
45942120,45927,1,190,0,-589,-7523,-3960,9796,7,45927,0
45952118,45937,1,191,0,-62,-7713,-7506,9799,7,45937,0
45962118,45947,1,190,0,-32,-5070,-7076,9802,7,45947,0
45972118,45957,1,190,0,25,-564,-4205,9805,7,45957,0
45982118,45967,1,190,0,32,4152,-532,9808,7,45967,0
45992136,45977,1,195,0,545,7344,3355,9812,7,45977,0
46002118,45987,1,195,0,40,7827,7409,9815,7,45987,0
46012118,45997,1,196,0,32,5429,7213,9818,7,45997,0
46022118,46007,1,196,0,3,1029,4517,9821,7,46007,0
46032119,46017,1,196,0,-32,-3752,835,9824,7,46017,0
46042120,46027,1,192,0,-472,-7150,-3023,9828,7,46027,0
46052118,46037,1,191,0,-10,-7907,-7536,9831,7,46037,0
46062137,46047,1,190,0,-18,-5735,-7379,9834,7,46047,0
46072117,46057,1,190,0,-10,-1452,-4918,9837,7,46057,0
46082118,46067,1,190,0,3,3376,-1128,9840,7,46067,0
46092117,46077,1,194,0,399,6955,2564,9844,7,46077,0
46102118,46087,1,195,0,-3,7958,7389,9847,7,46087,0
46112122,46097,1,196,0,40,6009,7428,9850,7,46097,0
46122118,46107,1,196,0,-10,1831,5142,9853,7,46107,0
46132134,46117,1,196,0,-40,-3035,1401,9856,7,46117,0
46142118,46127,1,193,0,-333,-6765,-2329,9860,7,46127,0
46152118,46137,1,191,0,-10,-7987,-7604,9863,7,46137,0
46162122,46147,1,190,0,-32,-6237,-7565,9866,7,46147,0
46172118,46157,1,190,0,-25,-2168,-5406,9869,7,46157,0
46182120,46167,1,190,0,25,2713,-1636,9872,7,46167,0
46192118,46177,1,193,0,267,6582,1987,9876,7,46177,0
46202133,46187,1,195,0,3,7998,7409,9879,7,46187,0
46212122,46197,1,196,0,25,6430,7575,9882,7,46197,0
46222118,46207,1,196,0,-10,2462,5601,9885,7,46207,0
46232121,46217,1,196,0,-40,-2429,1851,9888,7,46217,0
46242118,46227,1,194,0,-230,-6412,-1821,9892,7,46227,0
46252118,46237,1,190,0,-113,-7998,-7428,9895,7,46237,0
46262118,46247,1,190,0,-47,-6591,-7653,9898,7,46247,0
46272133,46257,1,190,0,-47,-2707,-5758,9901,7,46257,0
46282120,46267,1,190,0,25,2181,-2026,9904,7,46267,0
46292118,46277,1,192,0,208,6259,1587,9908,7,46277,0
46302118,46287,1,196,0,98,7990,7282,9911,7,46287,0
46312118,46297,1,196,0,32,6721,7653,9914,7,46297,0
46322118,46307,1,196,0,18,2928,5934,9917,7,46307,0
46332121,46317,1,196,0,3,-1970,2202,9920,7,46317,0
46342133,46327,1,195,0,-164,-6130,-1450,9924,7,46327,0
46352122,46337,1,190,0,-252,-7977,-7115,9927,7,46337,0
46362117,46347,1,190,0,-47,-6825,-7672,9930,7,46347,0
46372118,46357,1,190,0,-32,-3100,-6002,9933,7,46357,0
46382118,46367,1,190,0,3,1795,-2339,9936,7,46367,0
46392118,46377,1,191,0,172,6014,1304,9940,7,46377,0
46402122,46387,1,196,0,216,7963,7008,9943,7,46387,0
46412133,46397,1,196,0,25,6900,7663,9946,7,46397,0
46422117,46407,1,196,0,3,3234,6119,9949,7,46407,0
46432121,46417,1,196,0,-3,-1662,2446,9952,7,46417,0
46442118,46427,1,195,0,-142,-5927,-1206,9956,7,46427,0
46452122,46437,1,190,0,-347,-7951,-6754,9959,7,46437,0
46462118,46447,1,190,0,-76,-6961,-7672,9962,7,46447,0
46472120,46457,1,190,0,-47,-3328,-6158,9965,7,46457,0
46482133,46467,1,190,0,3,1572,-2544,9968,7,46467,0
46492118,46477,1,191,0,142,5866,1128,9972,7,46477,0
46502122,46487,1,196,0,296,7941,6754,9975,7,46487,0
46512118,46497,1,196,0,40,6997,7682,9978,7,46497,0
46522120,46507,1,196,0,18,3389,6197,9981,7,46507,0
46532119,46517,1,196,0,-3,-1508,2573,9984,7,46517,0
46542118,46527,1,195,0,-113,-5833,-1069,9988,7,46527,0
46552137,46537,1,190,0,-406,-7937,-6529,9991,7,46537,0
46562118,46547,1,190,0,-62,-7013,-7682,9994,7,46547,0
46572120,46557,1,190,0,-10,-3412,-6217,9997,7,46557,0
46582118,46567,2,190,0,3,-14,-2622,0,7,46567,0
46592118,46577,2,190,0,-25,102,-630,0,7,46577,0
46602122,46587,2,190,0,3,-14,-161,0,7,46587,0
46612118,46597,2,190,0,3,-14,-43,0,7,46597,0
46622135,46607,2,190,0,10,-43,4,0,7,46607,0
46632119,46617,2,190,0,-3,14,14,0,7,46617,0
46642122,46627,2,190,0,-10,43,4,0,7,46627,0
46652118,46637,2,190,0,-18,73,4,0,7,46637,0
46662118,46647,2,190,0,-10,43,14,0,7,46647,0
46672120,46657,2,190,0,-3,14,24,0,7,46657,0
46682118,46667,2,190,0,-3,14,14,0,7,46667,0
46692137,46677,2,190,0,3,-14,4,0,7,46677,0
46702118,46687,2,190,0,3,-14,4,0,7,46687,0
46712118,46697,2,190,0,-10,43,-4,0,7,46697,0
46722120,46707,2,190,0,-10,43,14,0,7,46707,0
46732119,46717,2,190,0,-3,14,4,0,7,46717,0
46742121,46727,2,190,0,-3,14,-4,0,7,46727,0
46752118,46737,2,190,0,-3,14,14,0,7,46737,0
46762135,46747,2,190,0,-10,43,4,0,7,46747,0
46772119,46757,2,190,0,-3,14,4,0,7,46757,0
46782118,46767,3,190,0,3,0,4,0,7,46767,0
46792121,46777,3,190,0,10,0,-14,0,7,46777,0
46802118,46787,3,190,0,3,0,-4,0,7,46787,0
46812120,46797,3,190,0,3,0,-4,0,7,46797,0
46822119,46807,3,190,0,3,0,-4,0,7,46807,0
46832135,46817,3,190,0,-3,0,-14,0,7,46817,0
46842122,46827,3,190,0,3,0,-14,0,7,46827,0
46852118,46837,3,190,0,-3,0,-14,0,7,46837,0
46862120,46847,3,190,0,-3,0,-24,0,7,46847,0
46872118,46857,3,190,0,-3,0,-14,0,7,46857,0
46882119,46867,3,190,0,18,0,-14,0,7,46867,0
46892122,46877,3,190,0,-18,0,-4,0,7,46877,0
46902133,46887,3,190,0,-25,0,-14,0,7,46887,0
46912120,46897,3,190,0,-10,0,-14,0,7,46897,0
46922118,46907,3,190,0,-3,0,-24,0,7,46907,0
46932119,46917,3,190,0,-10,0,-14,0,7,46917,0
46942118,46927,3,190,0,3,0,-4,0,7,46927,0
46952118,46937,3,190,0,3,0,-4,0,7,46937,0
46962120,46947,3,190,0,-25,0,-4,0,7,46947,0
46972134,46957,3,190,0,-18,0,-14,0,7,46957,0
46982119,46967,3,190,0,10,0,-4,0,7,46967,0
46992118,46977,3,190,0,-10,0,-4,0,7,46977,0
47002118,46987,3,190,0,3,0,-4,0,7,46987,0
47012121,46997,3,190,0,3,0,-14,0,7,46997,0
47022118,47007,3,190,0,-3,0,-14,0,7,47007,0
47032123,47017,3,190,0,-10,0,-14,0,7,47017,0
47042133,47027,3,190,0,-3,0,-14,0,7,47027,0
47052118,47037,3,190,0,-3,0,-14,0,7,47037,0
47062118,47047,3,190,0,-3,0,-4,0,7,47047,0
47072118,47057,3,190,0,-3,0,-4,0,7,47057,0
47082122,47067,3,190,0,-10,0,-14,0,7,47067,0
47092118,47077,3,190,0,-10,0,-14,0,7,47077,0
47102118,47087,3,190,0,10,0,-14,0,7,47087,0
47112133,47097,3,190,0,-18,0,-14,0,7,47097,0
47122118,47107,3,190,0,10,0,-14,0,7,47107,0
47132123,47117,3,190,0,-10,0,-4,0,7,47117,0
47142118,47127,3,190,0,-3,0,-14,0,7,47127,0
47152120,47137,3,190,0,10,0,-4,0,7,47137,0
47162119,47147,3,190,0,-10,0,-14,0,7,47147,0
47172118,47157,3,190,0,-3,0,-14,0,7,47157,0
47182137,47167,3,190,0,-10,0,-14,0,7,47167,0
47192118,47177,3,190,0,10,0,-14,0,7,47177,0
47202120,47187,3,190,0,10,0,-4,0,7,47187,0
47212118,47197,3,190,0,-3,0,-4,0,7,47197,0
47222118,47207,3,190,0,-3,0,-14,0,7,47207,0
47232119,47217,3,190,0,-10,0,-14,0,7,47217,0
47242118,47227,3,190,0,3,0,-14,0,7,47227,0
47252136,47237,3,190,0,3,0,-4,0,7,47237,0
47262118,47247,3,190,0,-3,0,-4,0,7,47247,0
47272118,47257,3,190,0,-3,0,-24,0,7,47257,0
47282118,47267,3,190,0,3,0,-14,0,7,47267,0
47292118,47277,3,190,0,-3,0,-4,0,7,47277,0
47302120,47287,3,190,0,3,0,-14,0,7,47287,0
47312118,47297,3,190,0,-3,0,-14,0,7,47297,0
47322137,47307,3,190,0,-18,0,-4,0,7,47307,0
47332119,47317,3,190,0,-10,0,-4,0,7,47317,0
47342118,47327,3,190,0,-10,0,-4,0,7,47327,0
47352118,47337,3,190,0,-10,0,-4,0,7,47337,0
47362118,47347,3,190,0,-18,0,-4,0,7,47347,0
47372122,47357,3,190,0,-3,0,-14,0,7,47357,0
47382118,47367,3,190,0,-3,0,-14,0,7,47367,0
47392133,47377,3,190,0,3,0,-14,0,7,47377,0
47402118,47387,3,190,0,-3,0,4,0,7,47387,0
47412118,47397,3,190,0,-3,0,-4,0,7,47397,0
47422122,47407,3,190,0,3,0,-4,0,7,47407,0
47432119,47417,3,190,0,10,0,-14,0,7,47417,0
47442121,47427,3,190,0,10,0,-14,0,7,47427,0
47452118,47437,3,190,0,-10,0,-4,0,7,47437,0
47462134,47447,3,190,0,10,0,-4,0,7,47447,0
47472122,47457,3,190,0,3,0,-14,0,7,47457,0
47482118,47467,3,190,0,3,0,-4,0,7,47467,0
47492120,47477,3,190,0,-10,0,-4,0,7,47477,0
47502118,47487,3,190,0,3,0,-4,0,7,47487,0
47512118,47497,3,190,0,10,0,-24,0,7,47497,0
47522118,47507,3,190,0,-3,0,-4,0,7,47507,0
47532134,47517,3,190,0,3,0,-4,0,7,47517,0
47542119,47527,3,190,0,-3,0,-4,0,7,47527,0
47552118,47537,3,190,0,-10,0,-14,0,7,47537,0
47562118,47547,3,190,0,3,0,-14,0,7,47547,0
47572118,47557,3,190,0,-10,0,-14,0,7,47557,0
47582118,47567,3,190,0,-3,0,-14,0,7,47567,0
47592120,47577,3,190,0,-10,0,-4,0,7,47577,0
47602134,47587,3,190,0,10,0,-14,0,7,47587,0
47612122,47597,3,190,0,-18,0,-4,0,7,47597,0
47622118,47607,3,190,0,-10,0,-4,0,7,47607,0
47632119,47617,3,190,0,3,0,-4,0,7,47617,0
47642118,47627,3,190,0,3,0,-4,0,7,47627,0
47652118,47637,3,190,0,-10,0,4,0,7,47637,0
47662121,47647,3,190,0,-10,0,-14,0,7,47647,0
47672133,47657,3,190,0,18,0,4,0,7,47657,0
47682118,47667,3,190,0,10,0,-4,0,7,47667,0
47692118,47677,3,190,0,3,0,-14,0,7,47677,0
47702119,47687,3,190,0,10,0,-24,0,7,47687,0
47712122,47697,3,190,0,10,0,-14,0,7,47697,0
47722118,47707,3,190,0,3,0,-4,0,7,47707,0
47732121,47717,3,190,0,10,0,-14,0,7,47717,0
47742134,47727,3,190,0,3,0,-24,0,7,47727,0
47752118,47737,3,190,0,-3,0,-14,0,7,47737,0
47762122,47747,3,190,0,-10,0,-14,0,7,47747,0
47772118,47757,3,190,0,-10,0,-4,0,7,47757,0
47782120,47767,3,190,0,3,0,-4,0,7,47767,0
47792118,47777,3,190,0,-10,0,-14,0,7,47777,0
47802118,47787,3,190,0,3,0,-4,0,7,47787,0
47812137,47797,3,190,0,10,0,-4,0,7,47797,0
47822118,47807,3,190,0,3,0,-14,0,7,47807,0
47832121,47817,3,190,0,-18,0,-14,0,7,47817,0
47842118,47827,3,190,0,3,0,-14,0,7,47827,0
47852118,47837,3,190,0,3,0,-4,0,7,47837,0
47862118,47847,3,190,0,-3,0,-14,0,7,47847,0
47872118,47857,3,190,0,-3,0,-4,0,7,47857,0
47882135,47867,3,190,0,3,0,-14,0,7,47867,0
47892118,47877,3,190,0,-10,0,4,0,7,47877,0
47902122,47887,3,190,0,3,0,-14,0,7,47887,0
47912118,47897,3,190,0,-3,0,-14,0,7,47897,0
47922118,47907,3,190,0,-3,0,-14,0,7,47907,0
47932119,47917,3,190,0,-3,0,-4,0,7,47917,0
47942118,47927,3,190,0,-10,0,-4,0,7,47927,0
47952137,47937,3,190,0,-3,0,-4,0,7,47937,0
47962118,47947,3,190,0,-3,0,-4,0,7,47947,0
47972118,47957,3,190,0,-10,0,-14,0,7,47957,0
47982118,47967,3,190,0,-3,0,-4,0,7,47967,0
47992118,47977,3,190,0,10,0,-14,0,7,47977,0
48002122,47987,3,190,0,-10,0,-4,0,7,47987,0
48012118,47997,3,190,0,18,0,-4,0,7,47997,0
48022135,48007,3,190,0,-3,0,-14,0,7,48007,0
48032119,48017,3,190,0,3,0,-4,0,7,48017,0
48042118,48027,3,190,0,3,0,-14,0,7,48027,0
48052122,48037,3,190,0,-25,0,-14,0,7,48037,0
48062118,48047,3,190,0,-10,0,-14,0,7,48047,0
48072120,48057,3,190,0,-25,0,-4,0,7,48057,0
48082118,48067,3,190,0,-3,0,-14,0,7,48067,0
48092133,48077,3,190,0,-3,0,-14,0,7,48077,0
48102118,48087,3,190,0,-3,0,-4,0,7,48087,0
48112118,48097,3,190,0,10,0,-4,0,7,48097,0
48122120,48107,3,190,0,3,0,-4,0,7,48107,0
48132120,48117,3,190,0,-3,0,-14,0,7,48117,0
48142118,48127,3,190,0,-3,0,-4,0,7,48127,0
48152118,48137,3,190,0,-10,0,-14,0,7,48137,0
48162133,48147,3,190,0,-10,0,-4,0,7,48147,0
48172120,48157,3,190,0,-3,0,-4,0,7,48157,0
48182118,48167,3,190,0,10,0,-14,0,7,48167,0
48192122,48177,3,190,0,-3,0,-14,0,7,48177,0
48202118,48187,3,190,0,-10,0,-4,0,7,48187,0
48212118,48197,3,190,0,-3,0,-4,0,7,48197,0
48222118,48207,3,190,0,-3,0,-4,0,7,48207,0
48232134,48217,3,190,0,3,0,-4,0,7,48217,0
48242122,48227,3,190,0,-10,0,-14,0,7,48227,0
48252118,48237,3,190,0,-10,0,-14,0,7,48237,0
48262118,48247,3,190,0,-3,0,4,0,7,48247,0
48272118,48257,3,190,0,-3,0,-14,0,7,48257,0
48282118,48267,3,190,0,-10,0,-4,0,7,48267,0
48292122,48277,3,190,0,3,0,-4,0,7,48277,0
48302133,48287,3,190,0,-3,0,-14,0,7,48287,0
48312120,48297,3,190,0,-3,0,-14,0,7,48297,0
48322118,48307,3,190,0,-3,0,-14,0,7,48307,0
48332119,48317,3,190,0,-10,0,-4,0,7,48317,0
48342122,48327,3,190,0,3,0,-4,0,7,48327,0
48352118,48337,3,190,0,-3,0,-14,0,7,48337,0
48362120,48347,3,190,0,-3,0,-4,0,7,48347,0
48372134,48357,3,190,0,3,0,-4,0,7,48357,0
48382119,48367,3,190,0,-3,0,-4,0,7,48367,0
48392118,48377,3,190,0,3,0,-14,0,7,48377,0
48402118,48387,3,190,0,-3,0,-14,0,7,48387,0
48412120,48397,3,190,0,3,0,-24,0,7,48397,0
48422118,48407,3,190,0,-3,0,-14,0,7,48407,0
48432119,48417,3,190,0,-3,0,-4,0,7,48417,0
48442137,48427,3,190,0,-10,0,-14,0,7,48427,0
48452118,48437,3,190,0,-3,0,-14,0,7,48437,0
48462120,48447,3,190,0,-3,0,-4,0,7,48447,0
48472118,48457,3,190,0,3,0,-14,0,7,48457,0
48482122,48467,3,190,0,10,0,-14,0,7,48467,0
48492118,48477,3,190,0,10,0,-14,0,7,48477,0
48502118,48487,3,190,0,10,0,-4,0,7,48487,0
48512135,48497,3,190,0,3,0,-4,0,7,48497,0
48522118,48507,3,190,0,3,0,-14,0,7,48507,0
48532123,48517,3,190,0,-3,0,4,0,7,48517,0
48542118,48527,3,190,0,-3,0,-4,0,7,48527,0
48552118,48537,3,190,0,-3,0,-4,0,7,48537,0
48562118,48547,3,190,0,-10,0,-14,0,7,48547,0
48572118,48557,3,190,0,-3,0,-14,0,7,48557,0
48582137,48567,3,190,0,18,0,-14,0,7,48567,0
48592118,48577,3,190,0,10,0,-4,0,7,48577,0
48602120,48587,3,190,0,-3,0,-4,0,7,48587,0
48612118,48597,3,190,0,3,0,-24,0,7,48597,0
48622118,48607,3,190,0,-10,0,-14,0,7,48607,0
48632123,48617,3,190,0,-3,0,-24,0,7,48617,0
48642118,48627,3,190,0,-3,0,-14,0,7,48627,0
48652135,48637,3,190,0,-10,0,-4,0,7,48637,0
48662118,48647,3,190,0,-3,0,-24,0,7,48647,0
48672118,48657,3,190,0,3,0,-4,0,7,48657,0
48682122,48667,3,190,0,-3,0,-4,0,7,48667,0
48692118,48677,3,190,0,-3,0,-14,0,7,48677,0
48702121,48687,3,190,0,-3,0,-14,0,7,48687,0
48712118,48697,3,190,0,10,0,-14,0,7,48697,0
48722134,48707,3,190,0,-10,0,-4,0,7,48707,0
48732123,48717,3,190,0,10,0,-4,0,7,48717,0
48742118,48727,3,190,0,3,0,-4,0,7,48727,0
48752120,48737,3,190,0,-10,0,-14,0,7,48737,0
48762118,48747,3,190,0,-3,0,-14,0,7,48747,0
48772122,48757,3,190,0,10,0,-14,0,7,48757,0
48782118,48767,3,190,0,-3,0,-14,0,7,48767,0
48792133,48777,3,190,0,-3,0,-14,0,7,48777,0
48802120,48787,3,190,0,3,0,-14,0,7,48787,0
48812118,48797,3,190,0,-18,0,-4,0,7,48797,0
48822122,48807,3,190,0,-25,0,-4,0,7,48807,0
48832119,48817,3,190,0,-18,0,-4,0,7,48817,0
48842118,48827,3,190,0,-3,0,-4,0,7,48827,0
48852120,48837,3,190,0,-10,0,-14,0,7,48837,0
48862134,48847,3,190,0,3,0,-4,0,7,48847,0
48872122,48857,3,190,0,-10,0,-4,0,7,48857,0
48882118,48867,3,190,0,3,0,-24,0,7,48867,0
48892120,48877,3,190,0,3,0,-14,0,7,48877,0
48902118,48887,3,190,0,10,0,-4,0,7,48887,0
48912118,48897,3,190,0,-3,0,-4,0,7,48897,0
48922121,48907,3,190,0,-10,0,-14,0,7,48907,0
48932134,48917,3,190,0,10,0,-4,0,7,48917,0
48942120,48927,3,190,0,-3,0,-24,0,7,48927,0
48952118,48937,3,190,0,-18,0,-14,0,7,48937,0
48962119,48947,3,190,0,-18,0,-24,0,7,48947,0
48972122,48957,3,190,0,3,0,-14,0,7,48957,0
48982118,48967,3,190,0,-10,0,-4,0,7,48967,0
48992120,48977,3,190,0,-10,0,-4,0,7,48977,0
49002134,48987,3,190,0,-10,0,-24,0,7,48987,0
49012118,48997,3,190,0,-10,0,-14,0,7,48997,0
49022122,49007,3,190,0,-3,0,-4,0,7,49007,0
49032119,49017,3,190,0,10,0,-14,0,7,49017,0
49042120,49027,3,190,0,10,0,-14,0,7,49027,0
49052119,49037,3,190,0,-18,0,-4,0,7,49037,0
49062120,49047,3,190,0,3,0,-4,0,7,49047,0
49072133,49057,3,190,0,3,0,-4,0,7,49057,0
49082118,49067,3,190,0,3,0,-4,0,7,49067,0
