timestamp_us,sample_seq,state,position_mrad,gyro_yaw_mrad_s,motor_speed_mrad_s,torque_command_mNm,torque_feedback_mNm,frequency_mHz,imu_status,motor_rx_seq,imu_sample_seq
20112123,20097,0,-969,0,-3,0,-14,0,7,20097,0
20122123,20107,0,-969,0,-3,0,-4,0,7,20107,0
20132119,20117,0,-969,0,-3,0,-4,0,7,20117,0
20142120,20127,0,-969,0,-3,0,-14,0,7,20127,0
20152126,20137,0,-969,0,-3,0,-14,0,7,20137,0
20162122,20147,0,-969,0,-3,0,-14,0,7,20147,0
20172118,20157,0,-969,0,3,0,-4,0,7,20157,0
20182121,20167,0,-969,0,-3,0,-14,0,7,20167,0
20192120,20177,0,-969,0,-3,0,-14,0,7,20177,0
20202118,20187,0,-969,0,-3,0,-4,0,7,20187,0
20212122,20197,0,-969,0,-18,0,-4,0,7,20197,0
20222126,20207,0,-969,0,-10,0,-4,0,7,20207,0
20232119,20217,0,-969,0,-3,0,-14,0,7,20217,0
20242120,20227,0,-969,0,-3,0,-14,0,7,20227,0
20252122,20237,0,-969,0,3,0,-14,0,7,20237,0
20262122,20247,0,-969,0,-3,0,-14,0,7,20247,0
20272118,20257,0,-969,0,-3,0,-14,0,7,20257,0
20282120,20267,0,-969,0,-3,0,-14,0,7,20267,0
20292126,20277,0,-969,0,-10,0,-14,0,7,20277,0
20302118,20287,0,-969,0,-3,0,-14,0,7,20287,0
20312122,20297,0,-969,0,3,0,-14,0,7,20297,0
20322122,20307,0,-969,0,3,0,-14,0,7,20307,0
20332121,20317,0,-969,0,-3,0,-14,0,7,20317,0
20342118,20327,0,-969,0,-3,0,-14,0,7,20327,0
20352118,20337,0,-969,0,-3,0,-14,0,7,20337,0
20362130,20347,0,-969,0,-18,0,-4,0,7,20347,0
20372118,20357,0,-969,0,-3,0,4,0,7,20357,0
20382120,20367,0,-969,0,-3,0,-14,0,7,20367,0
20392122,20377,0,-969,0,-3,0,-4,0,7,20377,0
20402118,20387,0,-969,0,3,0,-4,0,7,20387,0
20412122,20397,0,-969,0,3,0,-4,0,7,20397,0
20422118,20407,0,-969,0,-3,0,-4,0,7,20407,0
20432129,20417,0,-969,0,-3,0,-4,0,7,20417,0
20442118,20427,0,-969,0,3,0,-14,0,7,20427,0
20452118,20437,0,-969,0,-3,0,-14,0,7,20437,0
20462122,20447,0,-969,0,-3,0,-4,0,7,20447,0
20472118,20457,0,-969,0,-3,0,4,0,7,20457,0
20482120,20467,0,-969,0,-10,0,-4,0,7,20467,0
20492118,20477,0,-969,0,3,0,-14,0,7,20477,0
20502127,20487,0,-969,0,10,0,-4,0,7,20487,0
20512118,20497,0,-969,0,-3,0,-14,0,7,20497,0
20522118,20507,0,-969,0,-3,0,-14,0,7,20507,0
20532125,20517,0,-969,0,-18,0,-4,0,7,20517,0
20542119,20527,0,-969,0,-3,0,-4,0,7,20527,0
20552122,20537,0,-969,0,-18,0,-14,0,7,20537,0
20562118,20547,0,-969,0,-18,0,-4,0,7,20547,0
20572126,20557,0,-969,0,3,0,-14,0,7,20557,0
20582119,20567,0,-969,0,-3,0,-4,0,7,20567,0
20592118,20577,0,-969,0,-18,0,-14,0,7,20577,0
20602126,20587,0,-969,0,3,0,-14,0,7,20587,0
20612118,20597,0,-969,0,-10,0,-14,0,7,20597,0
20622118,20607,0,-969,0,-3,0,-14,0,7,20607,0
20632119,20617,0,-969,0,-18,0,-4,0,7,20617,0
20642126,20627,0,-969,0,-3,0,-14,0,7,20627,0
20652122,20637,0,-969,0,-3,0,-14,0,7,20637,0
20662118,20647,0,-969,0,-3,0,-14,0,7,20647,0
20672124,20657,0,-969,0,3,0,-24,0,7,20657,0
20682118,20667,0,-969,0,-10,0,-4,0,7,20667,0
20692118,20677,0,-969,0,-3,0,-14,0,7,20677,0
20702122,20687,0,-969,0,-10,0,-4,0,7,20687,0
20712126,20697,0,-969,0,-3,0,-14,0,7,20697,0
20722120,20707,0,-969,0,-10,0,-4,0,7,20707,0
20732119,20717,0,-969,0,-3,0,-14,0,7,20717,0
20742122,20727,0,-969,0,3,0,-14,0,7,20727,0
20752118,20737,0,-969,0,3,0,-24,0,7,20737,0
20762118,20747,0,-969,0,-3,0,-14,0,7,20747,0
20772120,20757,0,-969,0,3,0,-4,0,7,20757,0
20782126,20767,0,-969,0,-18,0,-4,0,7,20767,0
20792118,20777,0,-969,0,-18,0,-4,0,7,20777,0
20802118,20787,0,-969,0,-10,0,-14,0,7,20787,0
20812122,20797,0,-969,0,-3,0,-14,0,7,20797,0
20822120,20807,0,-969,0,-3,0,-14,0,7,20807,0
20832119,20817,0,-969,0,-3,0,-4,0,7,20817,0
20842122,20827,0,-969,0,-10,0,-14,0,7,20827,0
20852126,20837,0,-969,0,-3,0,-14,0,7,20837,0
20862118,20847,0,-969,0,3,0,-4,0,7,20847,0
20872118,20857,0,-969,0,-10,0,-14,0,7,20857,0
20882122,20867,0,-969,0,-10,0,-4,0,7,20867,0
20892122,20877,0,-969,0,3,0,-14,0,7,20877,0
20902118,20887,0,-969,0,3,0,-4,0,7,20887,0
20912118,20897,0,-969,0,3,0,-4,0,7,20897,0
20922126,20907,0,-969,0,3,0,-14,0,7,20907,0
20932119,20917,0,-969,0,3,0,-4,0,7,20917,0
20942122,20927,0,-969,0,-3,0,-4,0,7,20927,0
20952122,20937,0,-969,0,3,0,-4,0,7,20937,0
20962120,20947,0,-969,0,-3,0,-14,0,7,20947,0
20972118,20957,0,-969,0,3,0,-4,0,7,20957,0
20982118,20967,0,-969,0,3,0,-14,0,7,20967,0
20992130,20977,0,-969,0,-3,0,-14,0,7,20977,0
21002118,20987,0,-969,0,-18,0,-4,0,7,20987,0
21012121,20997,0,-969,0,3,0,4,0,7,20997,0
21022123,21007,0,-969,0,-3,0,-4,0,7,21007,0
21032119,21017,0,-969,0,3,0,-14,0,7,21017,0
21042118,21027,0,-969,0,-3,0,-14,0,7,21027,0
21052118,21037,0,-969,0,3,0,-14,0,7,21037,0
21062128,21047,0,-969,0,-10,0,-14,0,7,21047,0
21072118,21057,0,-969,0,3,0,-4,0,7,21057,0
21082118,21067,0,-969,0,3,0,-4,0,7,21067,0
21092122,21077,0,-969,0,-3,0,-14,0,7,21077,0
21102118,21087,0,-969,0,-10,0,-4,0,7,21087,0
21112120,21097,0,-969,0,-3,0,-14,0,7,21097,0
21122118,21107,0,-969,0,-10,0,-14,0,7,21107,0
21132130,21117,0,-969,0,-3,0,-14,0,7,21117,0
21142118,21127,0,-969,0,-3,0,-4,0,7,21127,0
21152118,21137,0,-969,0,3,0,-14,0,7,21137,0
21162122,21147,0,-969,0,-3,0,-4,0,7,21147,0
21172118,21157,0,-969,0,3,0,-4,0,7,21157,0
21182121,21167,0,-969,0,-18,0,-14,0,7,21167,0
21192118,21177,0,-969,0,-10,0,-14,0,7,21177,0
21202126,21187,0,-969,0,-3,0,-4,0,7,21187,0
21212118,21197,0,-969,0,3,0,-4,0,7,21197,0
21222118,21207,0,-969,0,-3,0,-24,0,7,21207,0
21232127,21217,0,-969,0,-3,0,-14,0,7,21217,0
21242118,21227,0,-969,0,-3,0,-4,0,7,21227,0
21252120,21237,0,-969,0,-3,0,4,0,7,21237,0
21262118,21247,0,-969,0,-10,0,-4,0,7,21247,0
21272126,21257,0,-969,0,-18,0,-4,0,7,21257,0
21282122,21267,0,-969,0,-10,0,-14,0,7,21267,0
21292118,21277,0,-969,0,3,0,-4,0,7,21277,0
21302124,21287,0,-969,0,-3,0,-24,0,7,21287,0
21312118,21297,0,-969,0,-10,0,-4,0,7,21297,0
21322118,21307,0,-969,0,-3,0,-4,0,7,21307,0
21332119,21317,0,-969,0,-3,0,-14,0,7,21317,0
21342126,21327,0,-969,0,3,0,-4,0,7,21327,0
21352120,21337,0,-969,0,-10,0,-4,0,7,21337,0
21362118,21347,0,-969,0,-10,0,-4,0,7,21347,0
21372122,21357,0,-969,0,-3,0,-4,0,7,21357,0
21382118,21367,0,-969,0,-3,0,-14,0,7,21367,0
21392118,21377,0,-969,0,-10,0,-14,0,7,21377,0
21402120,21387,0,-969,0,-10,0,-4,0,7,21387,0
21412126,21397,0,-969,0,-3,0,-4,0,7,21397,0
21422121,21407,0,-969,0,-10,0,-4,0,7,21407,0
21432119,21417,0,-969,0,-3,0,-14,0,7,21417,0
21442122,21427,0,-969,0,-3,0,-24,0,7,21427,0
21452118,21437,0,-969,0,3,0,-14,0,7,21437,0
21462118,21447,0,-969,0,-3,0,-14,0,7,21447,0
21472121,21457,0,-969,0,-3,0,-24,0,7,21457,0
21482126,21467,0,-969,0,-10,0,-14,0,7,21467,0
21492118,21477,0,-969,0,-10,0,-14,0,7,21477,0
21502118,21487,0,-969,0,3,0,-4,0,7,21487,0
21512122,21497,0,-969,0,-3,0,-14,0,7,21497,0
21522122,21507,0,-969,0,-3,0,-4,0,7,21507,0
21532119,21517,0,-969,0,-3,0,-4,0,7,21517,0
21542120,21527,0,-969,0,3,0,-14,0,7,21527,0
21552126,21537,0,-969,0,-3,0,-14,0,7,21537,0
21562118,21547,0,-969,0,-10,0,-4,0,7,21547,0
21572122,21557,0,-969,0,3,0,-24,0,7,21557,0
21582122,21567,0,-969,0,-3,0,-14,0,7,21567,0
21592120,21577,0,-969,0,-3,0,-14,0,7,21577,0
21602118,21587,0,-969,0,-3,0,-24,0,7,21587,0
21612118,21597,0,-969,0,-3,0,-4,0,7,21597,0
21622130,21607,0,-969,0,-3,0,-4,0,7,21607,0
21632119,21617,0,-969,0,3,0,-14,0,7,21617,0
21642120,21627,0,-969,0,3,0,-4,0,7,21627,0
21652122,21637,0,-969,0,-10,0,-14,0,7,21637,0
21662118,21647,0,-969,0,-3,0,-14,0,7,21647,0
21672118,21657,0,-969,0,-3,0,-4,0,7,21657,0
21682119,21667,0,-969,0,-10,0,-14,0,7,21667,0
21692128,21677,0,-969,0,-10,0,-14,0,7,21677,0
21702118,21687,0,-969,0,-10,0,-14,0,7,21687,0
21712121,21697,0,-969,0,-3,0,-14,0,7,21697,0
21722122,21707,0,-969,0,-18,0,-4,0,7,21707,0
21732119,21717,0,-969,0,-3,0,-14,0,7,21717,0
21742118,21727,0,-969,0,3,0,-4,0,7,21727,0
21752118,21737,0,-969,0,3,0,-4,0,7,21737,0
21762130,21747,0,-969,0,-10,0,-14,0,7,21747,0
21772118,21757,0,-969,0,-3,0,-14,0,7,21757,0
21782118,21767,0,-969,0,3,0,-4,0,7,21767,0
21792122,21777,0,-969,0,-10,0,-4,0,7,21777,0
21802119,21787,0,-969,0,-10,0,4,0,7,21787,0
21812122,21797,0,-969,0,-3,0,-14,0,7,21797,0
21822118,21807,0,-969,0,-3,0,-14,0,7,21807,0
21832129,21817,0,-969,0,-10,0,-14,0,7,21817,0
21842118,21827,0,-969,0,-10,0,-4,0,7,21827,0
21852118,21837,0,-969,0,3,0,-14,0,7,21837,0
21862126,21847,0,-969,0,-10,0,-4,0,7,21847,0
21872118,21857,0,-969,0,-3,0,-4,0,7,21857,0
21882120,21867,0,-969,0,-3,0,-4,0,7,21867,0
21892118,21877,0,-969,0,-10,0,-4,0,7,21877,0
21902126,21887,0,-969,0,-10,0,-4,0,7,21887,0
21912122,21897,0,-969,0,-3,0,-14,0,7,21897,0
21922117,21907,0,-969,0,-3,0,-4,0,7,21907,0
21932126,21917,0,-969,0,-3,0,-14,0,7,21917,0
21942118,21927,0,-969,0,3,0,-14,0,7,21927,0
21952118,21937,0,-969,0,-3,0,-14,0,7,21937,0
21962118,21947,0,-969,0,-3,0,-14,0,7,21947,0
21972126,21957,0,-969,0,3,0,-14,0,7,21957,0
21982120,21967,0,-969,0,3,0,-14,0,7,21967,0
21992118,21977,0,-969,0,3,0,-14,0,7,21977,0
22002126,21987,0,-969,0,-3,0,-4,0,7,21987,0
22012118,21997,0,-969,0,-3,0,-4,0,7,21997,0
22022118,22007,0,-969,0,3,0,-4,0,7,22007,0
22032121,22017,0,-969,0,3,0,-14,0,7,22017,0
22042126,22027,0,-969,0,3,0,-4,0,7,22027,0
22052122,22037,0,-969,0,3,0,-14,0,7,22037,0
22062118,22047,0,-969,0,-10,0,-4,0,7,22047,0
22072122,22057,0,-969,0,-3,0,-14,0,7,22057,0
22082117,22067,0,-969,0,-10,0,-14,0,7,22067,0
22092118,22077,0,-969,0,3,0,-14,0,7,22077,0
22102122,22087,0,-969,0,3,0,-4,0,7,22087,0
22112126,22097,0,-969,0,-3,0,4,0,7,22097,0
22122120,22107,0,-969,0,-3,0,-14,0,7,22107,0
22132119,22117,0,-969,0,3,0,-14,0,7,22117,0
22142122,22127,0,-969,0,-3,0,-4,0,7,22127,0
22152122,22137,0,-969,0,3,0,-14,0,7,22137,0
22162118,22147,0,-969,0,-3,0,-4,0,7,22147,0
22172120,22157,0,-969,0,-3,0,-4,0,7,22157,0
22182126,22167,0,-969,0,3,0,-4,0,7,22167,0
22192118,22177,0,-969,0,3,0,4,0,7,22177,0
22202122,22187,0,-969,0,3,0,-4,0,7,22187,0
22212122,22197,0,-969,0,-18,0,-4,0,7,22197,0
22222120,22207,0,-969,0,-3,0,-4,0,7,22207,0
22232119,22217,0,-969,0,3,0,-4,0,7,22217,0
22242118,22227,0,-969,0,-10,0,-4,0,7,22227,0
22252130,22237,0,-969,0,-3,0,-4,0,7,22237,0
22262118,22247,0,-969,0,-10,0,4,0,7,22247,0
22272120,22257,0,-969,0,3,0,4,0,7,22257,0
22282122,22267,0,-969,0,-10,0,-4,0,7,22267,0
22292122,22277,0,-969,0,-10,0,-4,0,7,22277,0
22302118,22287,0,-969,0,-10,0,-4,0,7,22287,0
22312118,22297,0,-969,0,10,0,-4,0,7,22297,0
22322127,22307,0,-969,0,-10,0,-4,0,7,22307,0
22332120,22317,0,-969,0,-3,0,-4,0,7,22317,0
22342122,22327,0,-969,0,-3,0,-24,0,7,22327,0
22352122,22337,0,-969,0,-3,0,-14,0,7,22337,0
22362118,22347,0,-969,0,-3,0,-4,0,7,22347,0
22372119,22357,0,-969,0,-10,0,-4,0,7,22357,0
22382118,22367,0,-969,0,-3,0,-14,0,7,22367,0
22392129,22377,0,-969,0,-3,0,-4,0,7,22377,0
22402118,22387,0,-969,0,-3,0,-14,0,7,22387,0
22412120,22397,0,-969,0,-3,0,-14,0,7,22397,0
22422122,22407,0,-969,0,3,0,-14,0,7,22407,0
22432119,22417,0,-969,0,-3,0,-14,0,7,22417,0
22442121,22427,0,-969,0,-10,0,-4,0,7,22427,0
22452118,22437,0,-969,0,-10,0,-14,0,7,22437,0
22462127,22447,0,-969,0,-3,0,-14,0,7,22447,0
22472118,22457,0,-969,0,-3,0,-4,0,7,22457,0
22482118,22467,0,-969,0,3,0,-14,0,7,22467,0
22492125,22477,0,-969,0,-3,0,-14,0,7,22477,0
22502118,22487,0,-969,0,-3,0,-4,0,7,22487,0
22512120,22497,0,-969,0,3,0,-4,0,7,22497,0
22522118,22507,0,-969,0,3,0,-4,0,7,22507,0
22532127,22517,0,-969,0,-3,0,-4,0,7,22517,0
22542122,22527,0,-969,0,10,0,-14,0,7,22527,0
22552118,22537,0,-969,0,-3,0,-4,0,7,22537,0
22562125,22547,0,-969,0,-10,0,-4,0,7,22547,0
22572119,22557,0,-969,0,3,0,-4,0,7,22557,0
22582119,22567,0,-969,0,-18,0,-4,0,7,22567,0
22592118,22577,0,-969,0,-3,0,-4,0,7,22577,0
22602126,22587,0,-969,0,3,0,-14,0,7,22587,0
22612120,22597,0,-969,0,-3,0,-4,0,7,22597,0
22622118,22607,0,-969,0,-10,0,-14,0,7,22607,0
22632123,22617,0,-969,0,-3,0,-14,0,7,22617,0
22642118,22627,0,-969,0,-3,0,-4,0,7,22627,0
22652118,22637,0,-969,0,-3,0,-14,0,7,22637,0
22662120,22647,0,-969,0,10,0,-14,0,7,22647,0
22672126,22657,0,-969,0,-10,0,-14,0,7,22657,0
22682121,22667,0,-969,0,-3,0,-14,0,7,22667,0
22692118,22677,0,-969,0,-3,0,-14,0,7,22677,0
22702122,22687,0,-969,0,-3,0,-4,0,7,22687,0
22712118,22697,0,-969,0,-3,0,-4,0,7,22697,0
22722119,22707,0,-969,0,-3,0,-14,0,7,22707,0
22732123,22717,0,-969,0,-3,0,-4,0,7,22717,0
22742126,22727,0,-969,0,-10,0,-14,0,7,22727,0
22752118,22737,0,-969,0,3,0,-14,0,7,22737,0
22762118,22747,0,-969,0,-3,0,-4,0,7,22747,0
22772122,22757,0,-969,0,-3,0,-4,0,7,22757,0
22782122,22767,0,-969,0,-3,0,-14,0,7,22767,0
22792118,22777,0,-969,0,3,0,-14,0,7,22777,0
22802120,22787,0,-969,0,-3,0,-4,0,7,22787,0
22812126,22797,0,-969,0,10,0,-14,0,7,22797,0
22822118,22807,0,-969,0,3,0,-14,0,7,22807,0
22832123,22817,0,-969,0,-3,0,4,0,7,22817,0
22842122,22827,0,-969,0,-10,0,-4,0,7,22827,0
22852120,22837,0,-969,0,-3,0,-14,0,7,22837,0
22862118,22847,0,-969,0,-3,0,-4,0,7,22847,0
22872118,22857,0,-969,0,-18,0,-4,0,7,22857,0
22882126,22867,0,-969,0,3,0,-4,0,7,22867,0
22892118,22877,0,-969,0,3,0,-4,0,7,22877,0
22902120,22887,0,-969,0,-3,0,-14,0,7,22887,0
22912122,22897,0,-969,0,-3,0,-24,0,7,22897,0
22922118,22907,0,-969,0,3,0,4,0,7,22907,0
22932119,22917,0,-969,0,3,0,-4,0,7,22917,0
22942118,22927,0,-969,0,-3,0,-24,0,7,22927,0
22952128,22937,0,-969,0,3,0,-4,0,7,22937,0
22962118,22947,0,-969,0,-3,0,-4,0,7,22947,0
22972122,22957,0,-969,0,-10,0,-14,0,7,22957,0
22982122,22967,0,-969,0,-3,0,-14,0,7,22967,0
22992118,22977,0,-969,0,-3,0,-14,0,7,22977,0
23002118,22987,0,-969,0,3,0,-4,0,7,22987,0
23012118,22997,0,-969,0,-10,0,-4,0,7,22997,0
23022130,23007,0,-969,0,3,0,-4,0,7,23007,0
23032119,23017,0,-969,0,-10,0,-14,0,7,23017,0
23042118,23027,0,-969,0,-3,0,-4,0,7,23027,0
23052122,23037,0,-969,0,-3,0,-4,0,7,23037,0
23062118,23047,0,-969,0,-3,0,-4,0,7,23047,0
23072121,23057,0,-969,0,-18,0,-14,0,7,23057,0
23082118,23067,0,-969,0,-3,0,-14,0,7,23067,0
23092128,23077,0,-969,0,-3,0,-14,0,7,23077,0
23102118,23087,0,-969,0,-3,0,-4,0,7,23087,0
23112118,23097,0,-969,0,-10,0,-4,0,7,23097,0
23122126,23107,0,-969,0,3,0,-14,0,7,23107,0
23132119,23117,0,-969,0,3,0,-4,0,7,23117,0
23142120,23127,0,-969,0,-3,0,-4,0,7,23127,0
23152119,23137,0,-969,0,-3,0,-4,0,7,23137,0
23162126,23147,0,-969,0,-3,0,-14,0,7,23147,0
23172118,23157,0,-969,0,-3,0,-14,0,7,23157,0
23182118,23167,0,-969,0,-3,0,-14,0,7,23167,0
23192124,23177,0,-969,0,3,0,-14,0,7,23177,0
23202118,23187,0,-969,0,3,0,-14,0,7,23187,0
23212119,23197,0,-969,0,3,0,-4,0,7,23197,0
23222118,23207,0,-969,0,3,0,-14,0,7,23207,0
23232127,23217,0,-969,0,-3,0,-4,0,7,23217,0
23242120,23227,0,-969,0,-3,0,-14,0,7,23227,0
23252118,23237,0,-969,0,-3,0,-14,0,7,23237,0
23262125,23247,0,-969,0,-3,0,-14,0,7,23247,0
23272118,23257,0,-969,0,-18,0,-14,0,7,23257,0
23282118,23267,0,-969,0,-3,0,-24,0,7,23267,0
23292118,23277,0,-969,0,-3,0,-24,0,7,23277,0
23302127,23287,0,-969,0,-3,0,-14,0,7,23287,0
23312122,23297,0,-969,0,-3,0,-14,0,7,23297,0
23322118,23307,0,-969,0,-10,0,-4,0,7,23307,0
23332123,23317,0,-969,0,-10,0,-4,0,7,23317,0
23342118,23327,0,-969,0,-10,0,-14,0,7,23327,0
23352118,23337,0,-969,0,3,0,-14,0,7,23337,0
23362122,23347,0,-969,0,-3,0,-14,0,7,23347,0
23372126,23357,0,-969,0,-3,0,-14,0,7,23357,0
23382120,23367,0,-969,0,-3,0,-14,0,7,23367,0
23392118,23377,0,-969,0,-3,0,-4,0,7,23377,0
23402122,23387,0,-969,0,-3,0,-14,0,7,23387,0
23412123,23397,0,-969,0,3,0,-14,0,7,23397,0
23422118,23407,0,-969,0,-10,0,-14,0,7,23407,0
23432121,23417,0,-969,0,-3,0,-4,0,7,23417,0
23442126,23427,0,-969,0,-3,0,-4,0,7,23427,0
23452118,23437,0,-969,0,-10,0,-14,0,7,23437,0
23462118,23447,0,-969,0,-3,0,-14,0,7,23447,0
23472122,23457,0,-969,0,3,0,-14,0,7,23457,0
23482120,23467,0,-969,0,3,0,-4,0,7,23467,0
23492118,23477,0,-969,0,-3,0,-4,0,7,23477,0
23502119,23487,0,-969,0,-3,0,-4,0,7,23487,0
23512126,23497,0,-969,0,3,0,-14,0,7,23497,0
23522118,23507,0,-969,0,-3,0,-14,0,7,23507,0
23532122,23517,0,-969,0,-3,0,-4,0,7,23517,0
23542122,23527,0,-969,0,-3,0,-4,0,7,23527,0
23552121,23537,0,-969,0,3,0,-4,0,7,23537,0
23562118,23547,0,-969,0,3,0,-14,0,7,23547,0
23572118,23557,0,-969,0,-3,0,-4,0,7,23557,0
23582126,23567,0,-969,0,-3,0,-14,0,7,23567,0
23592118,23577,0,-969,0,-3,0,-4,0,7,23577,0
23602122,23587,0,-969,0,-3,0,-4,0,7,23587,0
23612122,23597,0,-969,0,-3,0,-14,0,7,23597,0
23622118,23607,0,-969,0,-3,0,-14,0,7,23607,0
23632119,23617,0,-969,0,-3,0,-4,0,7,23617,0
23642118,23627,0,-969,0,-3,0,-14,0,7,23627,0
23652130,23637,0,-969,0,3,0,-14,0,7,23637,0
23662118,23647,0,-969,0,-3,0,-4,0,7,23647,0
23672120,23657,0,-969,0,-3,0,-14,0,7,23657,0
23682122,23667,0,-969,0,-3,0,-14,0,7,23667,0
23692118,23677,0,-969,0,-3,0,4,0,7,23677,0
23702122,23687,0,-969,0,3,0,-4,0,7,23687,0
23712118,23697,0,-969,0,3,0,-14,0,7,23697,0
23722128,23707,0,-969,0,-3,0,-4,0,7,23707,0
23732120,23717,0,-969,0,3,0,-4,0,7,23717,0
23742119,23727,0,-969,0,-18,0,-4,0,7,23727,0
23752122,23737,0,-969,0,-3,0,-4,0,7,23737,0
23762118,23747,0,-969,0,-10,0,-14,0,7,23747,0
23772120,23757,0,-969,0,-10,0,-14,0,7,23757,0
23782118,23767,0,-969,0,-3,0,-24,0,7,23767,0
23792126,23777,0,-969,0,3,0,-14,0,7,23777,0
23802118,23787,0,-969,0,-3,0,-14,0,7,23787,0
23812118,23797,0,-969,0,-3,0,-4,0,7,23797,0
23822124,23807,0,-969,0,-18,0,-4,0,7,23807,0
23832119,23817,0,-969,0,3,0,-4,0,7,23817,0
23842122,23827,0,-969,0,3,0,-14,0,7,23827,0
23852118,23837,0,-969,0,-3,0,-14,0,7,23837,0
23862126,23847,0,-969,0,-3,0,-4,0,7,23847,0
23872118,23857,0,-969,0,-3,0,-4,0,7,23857,0
23882118,23867,0,-969,0,-3,0,4,0,7,23867,0
23892126,23877,0,-969,0,3,0,-14,0,7,23877,0
23902118,23887,0,-969,0,10,0,-14,0,7,23887,0
23912118,23897,0,-969,0,3,0,-14,0,7,23897,0
23922118,23907,0,-969,0,-10,0,-4,0,7,23907,0
23932127,23917,0,-969,0,-3,0,-14,0,7,23917,0
23942122,23927,0,-969,0,3,0,-14,0,7,23927,0
23952118,23937,0,-969,0,-3,0,-14,0,7,23937,0
23962124,23947,0,-969,0,3,0,-14,0,7,23947,0
23972118,23957,0,-969,0,3,0,-14,0,7,23957,0
23982118,23967,0,-969,0,-3,0,-4,0,7,23967,0
23992122,23977,0,-969,0,-10,0,-24,0,7,23977,0
24002126,23987,0,-969,0,-10,0,-4,0,7,23987,0
24012120,23997,0,-969,0,-3,0,-14,0,7,23997,0
24022119,24007,0,-969,0,-3,0,-4,0,7,24007,0
24032124,24017,0,-969,0,3,0,-14,0,7,24017,0
24042122,24027,0,-969,0,3,0,-14,0,7,24027,0
24052119,24037,0,-969,0,-18,0,-4,0,7,24037,0
24062120,24047,0,-969,0,3,0,-14,0,7,24047,0
24072126,24057,0,-969,0,-10,0,-14,0,7,24057,0
24082118,24067,0,-969,0,-3,0,-14,0,7,24067,0
24092118,24077,0,-969,0,-10,0,-14,0,7,24077,0
24102122,24087,0,-969,0,-3,0,-14,0,7,24087,0
24112120,24097,0,-969,0,-10,0,-4,0,7,24097,0
24122118,24107,0,-969,0,-3,0,-4,0,7,24107,0
24132123,24117,0,-969,0,-3,0,-4,0,7,24117,0
24142126,24127,0,-969,0,-3,0,4,0,7,24127,0
24152118,24137,0,-969,0,-10,0,-14,0,7,24137,0
24162118,24147,0,-969,0,-10,0,-4,0,7,24147,0
24172122,24157,0,-969,0,-10,0,-4,0,7,24157,0
24182122,24167,0,-969,0,3,0,-14,0,7,24167,0
24192118,24177,0,-969,0,3,0,-4,0,7,24177,0
24202118,24187,0,-969,0,3,0,-14,0,7,24187,0
24212128,24197,0,-969,0,-3,0,-4,0,7,24197,0
24222118,24207,0,-969,0,-3,0,-4,0,7,24207,0
24232123,24217,0,-969,0,3,0,-4,0,7,24217,0
24242122,24227,0,-969,0,3,0,-4,0,7,24227,0
24252120,24237,0,-969,0,3,0,-4,0,7,24237,0
24262118,24247,0,-969,0,-3,0,-4,0,7,24247,0
24272118,24257,0,-969,0,-10,0,-14,0,7,24257,0
24282130,24267,0,-969,0,3,0,-4,0,7,24267,0
24292118,24277,0,-969,0,-3,0,-4,0,7,24277,0
24302120,24287,0,-969,0,3,0,-4,0,7,24287,0
24312122,24297,0,-969,0,-3,0,-14,0,7,24297,0
24322119,24307,0,-969,0,3,0,-4,0,7,24307,0
24332123,24317,0,-969,0,-3,0,-14,0,7,24317,0
24342118,24327,0,-969,0,-3,0,-14,0,7,24327,0
24352128,24337,0,-969,0,-3,0,-4,0,7,24337,0
24362118,24347,0,-969,0,-3,0,-14,0,7,24347,0
24372118,24357,0,-969,0,-3,0,-14,0,7,24357,0
24382126,24367,0,-969,0,-10,0,-14,0,7,24367,0
24392118,24377,0,-969,0,-3,0,-4,0,7,24377,0
24402120,24387,0,-969,0,-10,0,-14,0,7,24387,0
24412118,24397,0,-969,0,-3,0,-4,0,7,24397,0
24422130,24407,0,-969,0,-10,0,-14,0,7,24407,0
24432119,24417,0,-969,0,-3,0,-14,0,7,24417,0
24442118,24427,0,-969,0,3,0,-4,0,7,24427,0
24452124,24437,0,-969,0,-3,0,-4,0,7,24437,0
24462118,24447,0,-969,0,-18,0,-4,0,7,24447,0
24472122,24457,0,-969,0,-3,0,-14,0,7,24457,0
24482118,24467,0,-969,0,-3,0,-14,0,7,24467,0
24492126,24477,0,-969,0,3,0,-4,0,7,24477,0
24502120,24487,0,-969,0,-3,0,-14,0,7,24487,0
24512118,24497,0,-969,0,-3,0,-4,0,7,24497,0
24522125,24507,0,-969,0,-3,0,-4,0,7,24507,0
24532119,24517,0,-969,0,-3,0,-4,0,7,24517,0
24542120,24527,0,-969,0,-3,0,-4,0,7,24527,0
24552118,24537,0,-969,0,-10,0,-4,0,7,24537,0
24562126,24547,0,-969,0,-10,0,-14,0,7,24547,0
24572121,24557,0,-969,0,-3,0,-4,0,7,24557,0
24582118,24567,0,-969,0,-3,0,-4,0,7,24567,0
24592124,24577,0,-969,0,-10,0,-4,0,7,24577,0
24602118,24587,0,-969,0,-3,0,-4,0,7,24587,0
24612118,24597,0,-969,0,10,0,-4,0,7,24597,0
24622122,24607,0,-969,0,-3,0,-4,0,7,24607,0
24632127,24617,0,-969,0,-3,0,-14,0,7,24617,0
24642120,24627,0,-969,0,-3,0,-14,0,7,24627,0
24652118,24637,0,-969,0,3,0,-24,0,7,24637,0
24662122,24647,0,-969,0,3,0,-24,0,7,24647,0
24672122,24657,0,-969,0,-10,0,-4,0,7,24657,0
24682118,24667,0,-969,0,-10,0,-4,0,7,24667,0
24692120,24677,0,-969,0,10,0,-14,0,7,24677,0
24702126,24687,0,-969,0,-3,0,-24,0,7,24687,0
24712118,24697,0,-969,0,3,0,-14,0,7,24697,0
24722118,24707,0,-969,0,-3,0,-14,0,7,24707,0
24732123,24717,0,-969,0,-3,0,-14,0,7,24717,0
24742120,24727,0,-969,0,3,0,-14,0,7,24727,0
24752118,24737,0,-969,0,3,0,-4,0,7,24737,0
24762120,24747,0,-969,0,3,0,-4,0,7,24747,0
24772126,24757,0,-968,0,3,0,-14,0,7,24757,0
24782118,24767,0,-968,0,10,0,-24,0,7,24767,0
24792120,24777,0,-968,0,18,0,-24,0,7,24777,0
24802123,24787,0,-968,0,32,0,-34,0,7,24787,0
24812121,24797,0,-967,0,84,0,-34,0,7,24797,0
24822118,24807,0,-967,0,3,0,34,0,7,24807,0
24832119,24817,0,-967,0,3,0,-14,0,7,24817,0
24842126,24827,0,-967,0,32,0,-24,0,7,24827,0
24852118,24837,0,-966,0,32,0,-24,0,7,24837,0
24862122,24847,0,-965,0,91,0,-63,0,7,24847,0
24872122,24857,0,-964,0,106,0,14,0,7,24857,0
24882118,24867,0,-963,0,62,0,-34,0,7,24867,0
24892118,24877,0,-962,0,135,0,-83,0,7,24877,0
24902118,24887,0,-961,0,91,0,63,0,7,24887,0
24912130,24897,0,-960,0,157,0,-122,0,7,24897,0
24922118,24907,0,-958,0,135,0,53,0,7,24907,0
24932121,24917,0,-956,0,260,0,-170,0,7,24917,0
24942122,24927,0,-954,0,179,0,34,0,7,24927,0
24952118,24937,0,-952,0,128,0,53,0,7,24937,0
24962121,24947,0,-949,0,282,0,-131,0,7,24947,0
24972118,24957,0,-947,0,245,0,4,0,7,24957,0
24982128,24967,0,-944,0,326,0,-131,0,7,24967,0
24992118,24977,0,-942,0,282,0,-14,0,7,24977,0
25002118,24987,0,-939,0,355,0,-112,0,7,24987,0
25012122,24997,0,-935,0,318,0,14,0,7,24997,0
25022118,25007,0,-932,0,282,0,-4,0,7,25007,0
25032121,25017,0,-929,0,340,0,-34,0,7,25017,0
25042118,25027,0,-925,0,340,0,-43,0,7,25027,0
25052126,25037,0,-922,0,355,0,-24,0,7,25037,0
25062117,25047,0,-918,0,355,0,-34,0,7,25047,0
25072118,25057,0,-914,0,355,0,14,0,7,25057,0
25082124,25067,0,-911,0,377,0,-34,0,7,25067,0
25092118,25077,0,-907,0,333,0,34,0,7,25077,0
25102122,25087,0,-904,0,362,0,-14,0,7,25087,0
25112118,25097,0,-900,0,369,0,-43,0,7,25097,0
25122125,25107,0,-896,0,362,0,-4,0,7,25107,0
25132119,25117,0,-892,0,340,0,-4,0,7,25117,0
25142118,25127,0,-889,0,369,0,-14,0,7,25127,0
25152125,25137,0,-886,0,369,0,-14,0,7,25137,0
25162118,25147,0,-882,0,304,0,34,0,7,25147,0
25172117,25157,0,-879,0,326,0,-4,0,7,25157,0
25182118,25167,0,-875,0,333,0,-4,0,7,25167,0
25192126,25177,0,-872,0,377,0,-14,0,7,25177,0
25202122,25187,0,-869,0,333,0,-24,0,7,25187,0
25212117,25197,0,-866,0,318,0,-14,0,7,25197,0
25222124,25207,0,-863,0,282,0,14,0,7,25207,0
25232119,25217,0,-860,0,296,0,-24,0,7,25217,0
25242118,25227,0,-858,0,267,0,43,0,7,25227,0
25252122,25237,0,-855,0,260,0,4,0,7,25237,0
25262126,25247,0,-852,0,252,0,24,0,7,25247,0
25272120,25257,0,-850,0,267,0,14,0,7,25257,0
25282118,25267,0,-847,0,282,0,-34,0,7,25267,0
25292122,25277,0,-845,0,289,0,-63,0,7,25277,0
25302118,25287,0,-843,0,223,0,-43,0,7,25287,0
25312118,25297,0,-841,0,150,0,53,0,7,25297,0
25322120,25307,0,-838,0,135,0,122,0,7,25307,0
25332127,25317,0,-836,0,245,0,-14,0,7,25317,0
25342118,25327,0,-835,0,157,0,-63,0,7,25327,0
25352118,25337,0,-833,0,106,0,83,0,7,25337,0
25362122,25347,0,-832,0,194,0,-73,0,7,25347,0
25372119,25357,0,-831,0,98,0,14,0,7,25357,0
25382118,25367,0,-829,0,128,0,-14,0,7,25367,0
25392122,25377,0,-828,0,76,0,73,0,7,25377,0
25402126,25387,0,-827,0,69,0,-4,0,7,25387,0
25412118,25397,0,-827,0,91,0,-34,0,7,25397,0
25422118,25407,0,-826,0,54,0,43,0,7,25407,0
25432123,25417,0,-825,0,40,0,24,0,7,25417,0
25442122,25427,0,-825,0,25,0,14,0,7,25427,0
25452118,25437,0,-825,0,3,0,4,0,7,25437,0
25462118,25447,0,-825,0,3,0,4,0,7,25447,0
25472126,25457,0,-825,0,-10,0,-4,0,7,25457,0
25482118,25467,0,-825,0,-3,0,-14,0,7,25467,0
25492123,25477,0,-825,0,-32,0,-4,0,7,25477,0
25502122,25487,0,-825,0,-3,0,-14,0,7,25487,0
25512120,25497,0,-825,0,-10,0,-4,0,7,25497,0
25522118,25507,0,-825,0,10,0,-14,0,7,25507,0
25532119,25517,0,-825,0,10,0,-4,0,7,25517,0
25542130,25527,0,-825,0,-3,0,-14,0,7,25527,0
25552118,25537,0,-825,0,-3,0,-4,0,7,25537,0
25562120,25547,0,-825,0,-10,0,4,0,7,25547,0
25572122,25557,0,-825,0,-3,0,-4,0,7,25557,0
25582118,25567,0,-825,0,-3,0,-4,0,7,25567,0
25592118,25577,0,-825,0,-3,0,-14,0,7,25577,0
25602118,25587,0,-825,0,-3,0,-14,0,7,25587,0
25612128,25597,0,-825,0,-3,0,-4,0,7,25597,0
25622118,25607,0,-825,0,3,0,-4,0,7,25607,0
25632119,25617,0,-825,0,3,0,-4,0,7,25617,0
25642122,25627,0,-825,0,-3,0,-4,0,7,25627,0
25652118,25637,0,-825,0,3,0,-4,0,7,25637,0
25662120,25647,0,-825,0,-10,0,4,0,7,25647,0
25672118,25657,0,-825,0,-10,0,-4,0,7,25657,0
25682129,25667,0,-825,0,3,0,-14,0,7,25667,0
25692118,25677,0,-825,0,3,0,-14,0,7,25677,0
25702118,25687,0,-825,0,-3,0,-4,0,7,25687,0
25712122,25697,0,-825,0,-10,0,4,0,7,25697,0
25722118,25707,0,-825,0,10,0,-4,0,7,25707,0
25732123,25717,0,-825,0,-10,0,-24,0,7,25717,0
25742118,25727,0,-825,0,-18,0,-4,0,7,25727,0
25752126,25737,0,-825,0,-10,0,-4,0,7,25737,0
25762118,25747,0,-825,0,-3,0,-4,0,7,25747,0
25772118,25757,0,-825,0,-3,0,-4,0,7,25757,0
25782126,25767,0,-825,0,-10,0,-4,0,7,25767,0
25792118,25777,0,-825,0,3,0,-4,0,7,25777,0
25802120,25787,0,-825,0,-3,0,-4,0,7,25787,0
25812119,25797,0,-825,0,3,0,-14,0,7,25797,0
25822126,25807,0,-825,0,-3,0,-14,0,7,25807,0
25832123,25817,0,-825,0,-18,0,-14,0,7,25817,0
25842118,25827,0,-825,0,3,0,-14,0,7,25827,0
25852124,25837,0,-825,0,3,0,-14,0,7,25837,0
25862118,25847,0,-825,0,-10,0,-14,0,7,25847,0
25872118,25857,0,-825,0,-3,0,-14,0,7,25857,0
25882118,25867,0,-825,0,-10,0,-14,0,7,25867,0
25892125,25877,0,-825,0,-10,0,-4,0,7,25877,0
25902120,25887,0,-825,0,-3,0,-14,0,7,25887,0
25912118,25897,0,-825,0,-3,0,-14,0,7,25897,0
25922122,25907,0,-825,0,3,0,-4,0,7,25907,0
25932119,25917,0,-825,0,3,0,-4,0,7,25917,0
25942118,25927,0,-825,0,10,0,-14,0,7,25927,0
25952120,25937,0,-825,0,-10,0,-14,0,7,25937,0
25962126,25947,0,-825,0,3,0,-4,0,7,25947,0
25972122,25957,0,-825,0,3,0,-4,0,7,25957,0
25982118,25967,0,-825,0,-3,0,-14,0,7,25967,0
25992121,25977,0,-825,0,-3,0,-14,0,7,25977,0
26002118,25987,0,-825,0,-3,0,-14,0,7,25987,0
26012118,25997,0,-825,0,3,0,-14,0,7,25997,0
26022121,26007,0,-825,0,3,0,-4,0,7,26007,0
26032127,26017,0,-825,0,-3,0,4,0,7,26017,0
26042118,26027,0,-825,0,-10,0,4,0,7,26027,0
26052118,26037,0,-825,0,-10,0,-4,0,7,26037,0
26062122,26047,0,-825,0,10,0,-4,0,7,26047,0
26072122,26057,0,-825,0,10,0,-4,0,7,26057,0
26082118,26067,0,-825,0,3,0,-24,0,7,26067,0
26092120,26077,0,-825,0,3,0,-4,0,7,26077,0
26102127,26087,0,-825,0,-3,0,-4,0,7,26087,0
26112118,26097,0,-825,0,-10,0,-14,0,7,26097,0
26122123,26107,0,-825,0,-18,0,-14,0,7,26107,0
26132123,26117,0,-825,0,-10,0,-14,0,7,26117,0
26142120,26127,0,-825,0,10,0,-14,0,7,26127,0
26152119,26137,1,-825,0,10,140,14,400,7,26137,0
26162118,26147,1,-825,0,-3,342,112,402,7,26147,0
26172130,26157,1,-825,0,-3,544,278,403,7,26157,0
26182118,26167,1,-825,0,3,746,454,404,7,26167,0
26192120,26177,1,-825,0,-3,949,669,405,7,26177,0
26202122,26187,1,-825,0,-10,1151,913,406,7,26187,0
26212118,26197,1,-825,0,10,1353,1147,408,7,26197,0
26222118,26207,1,-825,0,-10,1555,1362,409,7,26207,0
26232119,26217,1,-825,0,10,1757,1567,410,7,26217,0
26242128,26227,1,-825,0,-3,1958,1763,411,7,26227,0
26252118,26237,1,-825,0,3,2158,1978,412,7,26237,0
26262122,26247,1,-825,0,-3,2358,2173,414,7,26247,0
26272122,26257,1,-825,0,-3,2556,2368,415,7,26257,0
26282117,26267,1,-825,0,-3,2753,2564,416,7,26267,0
26292117,26277,1,-825,0,3,2949,2759,417,7,26277,0
26302118,26287,1,-824,0,10,3143,2925,418,7,26287,0
26312130,26297,1,-823,0,98,3336,3003,420,7,26297,0
26322118,26307,1,-822,0,62,3527,3472,421,7,26307,0
26332119,26317,1,-822,0,18,3716,3570,422,7,26317,0
26342124,26327,1,-822,0,10,3903,3736,423,7,26327,0
26352118,26337,1,-822,0,10,4088,3921,424,7,26337,0
26362122,26347,1,-822,0,18,4270,4097,426,7,26347,0
26372117,26357,1,-821,0,47,4450,4283,427,7,26357,0
26382128,26367,1,-821,0,47,4627,4468,428,7,26367,0
26392118,26377,1,-820,0,40,4801,4664,429,7,26377,0
26402118,26387,1,-820,0,40,4972,4820,430,7,26387,0
26412126,26397,1,-819,0,76,5140,4918,432,7,26397,0
26422118,26407,1,-818,0,120,5305,5094,433,7,26407,0
26432120,26417,1,-817,0,91,5466,5308,434,7,26417,0
26442118,26427,1,-815,0,128,5624,5416,435,7,26427,0
26452126,26437,1,-814,0,113,5778,5719,436,7,26437,0
26462122,26447,1,-812,0,201,5928,5641,438,7,26447,0
26472118,26457,1,-810,0,157,6073,5875,439,7,26457,0
26482124,26467,1,-808,0,172,6215,6256,440,7,26467,0
26492118,26477,1,-806,0,238,6352,6188,441,7,26477,0
26502118,26487,1,-803,0,304,6485,6285,442,7,26487,0
26512122,26497,1,-800,0,304,6613,6373,444,7,26497,0
26522126,26507,1,-797,0,326,6736,6617,445,7,26507,0
26532121,26517,1,-794,0,333,6854,6686,446,7,26517,0
26542118,26527,1,-790,0,369,6967,6803,447,7,26527,0
26552126,26537,1,-786,0,428,7075,6930,448,7,26537,0
26562118,26547,1,-781,0,450,7178,6979,450,7,26547,0
26572118,26557,1,-777,0,487,7275,7145,451,7,26557,0
26582120,26567,1,-771,0,509,7366,7262,452,7,26567,0
26592126,26577,1,-766,0,538,7452,7330,453,7,26577,0
26602122,26587,1,-760,0,589,7532,7487,454,7,26587,0
26612118,26597,1,-754,0,604,7606,7526,456,7,26597,0
26622122,26607,1,-747,0,663,7674,7526,457,7,26607,0
26632121,26617,1,-740,0,706,7736,7614,458,7,26617,0
26642118,26627,1,-733,0,750,7791,7672,459,7,26627,0
26652121,26637,1,-725,0,772,7841,7750,460,7,26637,0
26662126,26647,1,-717,0,809,7883,7799,462,7,26647,0
26672120,26657,1,-709,0,838,7919,7848,463,7,26657,0
26682118,26667,1,-700,0,875,7949,7829,464,7,26667,0
26692122,26677,1,-690,0,934,7972,7887,465,7,26677,0
26702122,26687,1,-681,0,978,7988,7916,466,7,26687,0
26712118,26697,1,-671,0,1000,7997,7965,468,7,26697,0
26722120,26707,1,-660,0,1021,7999,7965,469,7,26707,0
26732127,26717,1,-650,0,1065,7995,7877,470,7,26717,0
26742118,26727,1,-638,0,1109,7983,8004,471,7,26727,0
26752123,26737,1,-627,0,1161,7964,7936,472,7,26737,0
26762122,26747,1,-615,0,1153,7939,7897,474,7,26747,0
26772120,26757,1,-603,0,1271,7906,7819,475,7,26757,0
26782118,26767,1,-590,0,1278,7866,7858,476,7,26767,0
26792118,26777,1,-577,0,1285,7819,7858,477,7,26777,0
26802129,26787,1,-563,0,1358,7764,7672,478,7,26787,0
26812118,26797,1,-549,0,1380,7703,7721,480,7,26797,0
26822120,26807,1,-535,0,1410,7634,7721,481,7,26807,0
26832123,26817,1,-520,0,1454,7558,7545,482,7,26817,0
26842120,26827,1,-506,0,1534,7475,7457,483,7,26827,0
26852118,26837,1,-491,0,1498,7385,7477,484,7,26837,0
26862118,26847,1,-475,0,1549,7288,7213,486,7,26847,0
26872128,26857,1,-459,0,1586,7183,7272,487,7,26857,0
26882118,26867,1,-443,0,1571,7072,7164,488,7,26867,0
26892121,26877,1,-427,0,1652,6954,6871,489,7,26877,0
26902122,26887,1,-410,0,1673,6829,6881,490,7,26887,0
26912118,26897,1,-393,0,1666,6697,6744,492,7,26897,0
26922120,26907,1,-376,0,1754,6559,6598,493,7,26907,0
26932119,26917,1,-358,0,1732,6413,6598,494,7,26917,0
26942129,26927,1,-341,0,1791,6261,6256,495,7,26927,0
26952118,26937,1,-322,0,1805,6103,6295,496,7,26937,0
26962118,26947,1,-305,0,1783,5939,6021,498,7,26947,0
26972122,26957,1,-285,0,1871,5768,5904,499,7,26957,0
26982118,26967,1,-267,0,1842,5591,5797,500,7,26967,0
26992122,26977,1,-248,0,1937,5408,5426,501,7,26977,0
27002118,26987,1,-229,0,1908,5219,5396,502,7,26987,0
27012127,26997,1,-210,0,1945,5025,4996,504,7,26997,0
27022118,27007,1,-191,0,1945,4825,5006,505,7,27007,0
27032119,27017,1,-172,0,1930,4620,4683,506,7,27017,0
27042126,27027,1,-151,0,2010,4410,4576,507,7,27027,0
27052118,27037,1,-132,0,1952,4194,4390,508,7,27037,0
27062120,27047,1,-112,0,2010,3974,4126,510,7,27047,0
27072118,27057,1,-92,0,1967,3749,3990,511,7,27057,0
27082126,27067,1,-72,0,2054,3520,3521,512,7,27067,0
27092121,27077,1,-52,0,1989,3287,3540,513,7,27077,0
27102118,27087,1,-32,0,2047,3050,3101,514,7,27087,0
27112124,27097,1,-12,0,1989,2808,3081,516,7,27097,0
27122118,27107,1,7,0,2025,2564,2681,517,7,27107,0
27132119,27117,1,28,0,2025,2316,2603,518,7,27117,0
27142118,27127,1,48,0,1989,2065,2251,519,7,27127,0
27152126,27137,1,68,0,2032,1811,2105,520,7,27137,0
27162119,27147,1,88,0,1974,1555,1782,522,7,27147,0
27172118,27157,1,108,0,2032,1297,1557,523,7,27157,0
27182122,27167,1,128,0,1959,1036,1304,524,7,27167,0
27192118,27177,1,148,0,2018,774,952,525,7,27177,0
27202118,27187,1,168,0,1930,510,884,526,7,27187,0
27212120,27197,1,187,0,1930,246,522,528,7,27197,0
27222126,27207,1,206,0,1879,-19,327,529,7,27207,0
27232123,27217,1,224,0,1879,-286,102,530,7,27217,0
27242118,27227,1,243,0,1879,-552,-122,531,7,27227,0
27252122,27237,1,262,0,1857,-819,-307,532,7,27237,0
27262118,27247,1,280,0,1805,-1085,-639,534,7,27247,0
27272118,27257,1,298,0,1754,-1350,-1001,535,7,27257,0
27282122,27267,1,315,0,1754,-1615,-1372,536,7,27267,0
27292126,27277,1,333,0,1798,-1879,-1724,537,7,27277,0
27302118,27287,1,351,0,1754,-2140,-1860,538,7,27287,0
27312118,27297,1,368,0,1717,-2400,-2192,540,7,27297,0
27322122,27307,1,385,0,1710,-2658,-2388,541,7,27307,0
27332123,27317,1,402,0,1630,-2913,-2612,542,7,27317,0
27342117,27327,1,418,0,1622,-3166,-2925,543,7,27327,0
27352120,27337,1,434,0,1586,-3415,-3101,544,7,27337,0
27362126,27347,1,450,0,1534,-3661,-3384,546,7,27347,0
27372118,27357,1,465,0,1534,-3903,-3716,547,7,27357,0
27382122,27367,1,479,0,1476,-4141,-3882,548,7,27367,0
27392122,27377,1,494,0,1410,-4375,-4126,549,7,27377,0
27402120,27387,1,507,0,1395,-4604,-4341,550,7,27387,0
27412118,27397,1,521,0,1358,-4827,-4634,552,7,27397,0
27422118,27407,1,534,0,1271,-5046,-4761,553,7,27407,0
27432127,27417,1,546,0,1219,-5259,-4996,554,7,27417,0
27442118,27427,1,558,0,1212,-5466,-5279,555,7,27427,0
27452120,27437,1,570,0,1131,-5667,-5435,556,7,27437,0
27462122,27447,1,581,0,1080,-5861,-5611,558,7,27447,0
27472118,27457,1,591,0,1036,-6048,-5816,559,7,27457,0
27482118,27467,1,601,0,963,-6229,-5963,560,7,27467,0
27492118,27477,1,610,0,912,-6402,-6188,561,7,27477,0
27502128,27487,1,619,0,875,-6567,-6324,562,7,27487,0
27512118,27497,1,627,0,794,-6725,-6520,564,7,27497,0
27522121,27507,1,634,0,765,-6874,-6705,565,7,27507,0
27532123,27517,1,641,0,684,-7015,-6832,566,7,27517,0
27542118,27527,1,647,0,633,-7148,-6998,567,7,27527,0
27552118,27537,1,653,0,575,-7271,-7155,568,7,27537,0
27562118,27547,1,658,0,509,-7386,-7233,570,7,27547,0
27572130,27557,1,663,0,428,-7492,-7272,571,7,27557,0
27582118,27567,1,667,0,384,-7587,-7477,572,7,27567,0
27592118,27577,1,670,0,326,-7674,-7653,573,7,27577,0
27602122,27587,1,672,0,318,-7750,-7692,574,7,27587,0
27612118,27597,1,674,0,172,-7817,-7750,576,7,27597,0
27622122,27607,1,675,0,120,-7873,-7750,577,7,27607,0
27632119,27617,1,675,0,32,-7919,-7799,578,7,27617,0
27642128,27627,1,676,0,10,-7955,-7868,579,7,27627,0
27652118,27637,1,675,0,-40,-7981,-7916,580,7,27637,0
27662119,27647,1,674,0,-128,-7995,-7868,582,7,27647,0
27672126,27657,1,672,0,-128,-7999,-7985,583,7,27657,0
27682118,27667,1,670,0,-230,-7993,-7877,584,7,27667,0
27692119,27677,1,668,0,-252,-7975,-7916,585,7,27677,0
27702118,27687,1,665,0,-274,-7947,-7907,586,7,27687,0
27712126,27697,1,662,0,-304,-7908,-7877,588,7,27697,0
27722118,27707,1,658,0,-369,-7858,-7848,589,7,27707,0
27732119,27717,1,654,0,-399,-7797,-7829,590,7,27717,0
27742124,27727,1,650,0,-443,-7725,-7692,591,7,27727,0
27752118,27737,1,645,0,-479,-7642,-7663,592,7,27737,0
27762118,27747,1,639,0,-538,-7549,-7594,594,7,27747,0
27772118,27757,1,634,0,-575,-7445,-7496,595,7,27757,0
27782126,27767,1,627,0,-633,-7330,-7409,596,7,27767,0
27792120,27777,1,621,0,-633,-7205,-7311,597,7,27777,0
27802118,27787,1,614,0,-692,-7069,-7115,598,7,27787,0
27812125,27797,1,606,0,-736,-6923,-6998,600,7,27797,0
27822118,27807,1,599,0,-765,-6767,-6862,601,7,27807,0
27832119,27817,1,591,0,-816,-6600,-6695,602,7,27817,0
27842118,27827,1,583,0,-824,-6425,-6539,603,7,27827,0
27852126,27837,1,574,0,-868,-6239,-6363,604,7,27837,0
27862121,27847,1,565,0,-875,-6044,-6217,606,7,27847,0
27872117,27857,1,556,0,-941,-5840,-5963,607,7,27857,0
27882121,27867,1,546,0,-978,-5627,-5768,608,7,27867,0
27892118,27877,1,537,0,-992,-5405,-5572,609,7,27877,0
27902118,27887,1,527,0,-1000,-5175,-5377,610,7,27887,0
27912121,27897,1,516,0,-1029,-4937,-5074,612,7,27897,0
27922126,27907,1,506,0,-1065,-4691,-4888,613,7,27907,0
27932121,27917,1,495,0,-1080,-4438,-4605,614,7,27917,0
27942118,27927,1,484,0,-1080,-4177,-4429,615,7,27927,0
27952122,27937,1,473,0,-1087,-3910,-4087,616,7,27937,0
27962121,27947,1,462,0,-1124,-3637,-3873,618,7,27947,0
27972118,27957,1,451,0,-1175,-3357,-3570,619,7,27957,0
27982120,27967,1,440,0,-1131,-3072,-3316,620,7,27967,0
27992126,27977,1,428,0,-1131,-2781,-3032,621,7,27977,0
28002118,27987,1,417,0,-1139,-2486,-2720,622,7,27987,0
28012118,27997,1,406,0,-1139,-2186,-2466,624,7,27997,0
28022121,28007,1,394,0,-1139,-1883,-2144,625,7,28007,0
28032121,28017,1,383,0,-1139,-1575,-1841,626,7,28017,0
28042118,28027,1,372,0,-1153,-1265,-1548,627,7,28027,0
28052118,28037,1,361,0,-1139,-953,-1245,628,7,28037,0
28062126,28047,1,349,0,-1102,-638,-1020,630,7,28047,0
28072118,28057,1,338,0,-1095,-321,-659,631,7,28057,0
28082120,28067,1,328,0,-1080,-4,-405,632,7,28067,0
28092122,28077,1,317,0,-1000,313,-229,633,7,28077,0
28102122,28087,1,308,0,-963,632,83,634,7,28087,0
28112118,28097,1,298,0,-1000,949,444,636,7,28097,0
28122118,28107,1,288,0,-963,1266,796,637,7,28107,0
28132127,28117,1,278,0,-978,1582,1352,638,7,28117,0
28142119,28127,1,269,0,-1000,1895,1538,639,7,28127,0
28152121,28137,1,259,0,-992,2206,1948,640,7,28137,0
28162121,28147,1,249,0,-926,2514,2153,642,7,28147,0
28172118,28157,1,240,0,-904,2819,2505,643,7,28157,0
28182118,28167,1,231,0,-875,3119,2847,644,7,28167,0
28192118,28177,1,223,0,-868,3415,3111,645,7,28177,0
28202130,28187,1,214,0,-824,3706,3394,646,7,28187,0
28212118,28197,1,207,0,-758,3991,3638,648,7,28197,0
28222120,28207,1,199,0,-743,4270,3970,649,7,28207,0
28232123,28217,1,193,0,-706,4543,4302,650,7,28217,0
28242118,28227,1,186,0,-663,4808,4498,651,7,28227,0
28252122,28237,1,180,0,-597,5066,4752,652,7,28237,0
28262118,28247,1,175,0,-531,5316,4986,654,7,28247,0
28272128,28257,1,170,0,-465,5558,5221,655,7,28257,0
28282118,28267,1,165,0,-472,5790,5543,656,7,28267,0
28292118,28277,1,161,0,-384,6013,5670,657,7,28277,0
28302126,28287,1,157,0,-413,6226,6021,658,7,28287,0
28312118,28297,1,154,0,-333,6428,6266,660,7,28297,0
28322120,28307,1,151,0,-311,6621,6422,661,7,28307,0
28332119,28317,1,149,0,-230,6801,6705,662,7,28317,0
28342126,28327,1,148,0,-98,6971,6754,663,7,28327,0
28352118,28337,1,147,0,-76,7129,6901,664,7,28337,0
28362118,28347,1,147,0,-10,7274,7047,666,7,28347,0
28372123,28357,1,148,0,62,7407,7184,667,7,28357,0
28382118,28367,1,148,0,69,7527,7389,668,7,28367,0
28392122,28377,1,150,0,106,7634,7477,669,7,28377,0
28402118,28387,1,151,0,172,7728,7575,670,7,28387,0
28412126,28397,1,153,0,252,7809,7575,672,7,28397,0
28422118,28407,1,156,0,245,7875,7770,673,7,28407,0
28432119,28417,1,158,0,282,7927,7848,674,7,28417,0
28442126,28427,1,162,0,296,7966,7887,675,7,28427,0
28452118,28437,1,165,0,340,7990,7858,676,7,28437,0
28462118,28447,1,170,0,399,7999,7995,678,7,28447,0
28472118,28457,1,174,0,406,7994,7926,679,7,28457,0
28482126,28467,1,179,0,494,7975,7916,680,7,28467,0
28492122,28477,1,184,0,538,7941,7887,681,7,28477,0
28502118,28487,1,190,0,575,7892,7897,682,7,28487,0
28512123,28497,1,196,0,619,7829,7848,684,7,28497,0
28522118,28507,1,203,0,655,7751,7809,685,7,28507,0
28532119,28517,1,210,0,677,7658,7672,686,7,28517,0
28542122,28527,1,217,0,743,7551,7545,687,7,28527,0
28552126,28537,1,225,0,787,7430,7438,688,7,28537,0
28562120,28547,1,234,0,824,7295,7379,690,7,28547,0
28572118,28557,1,242,0,846,7145,7262,691,7,28557,0
28582122,28567,1,251,0,875,6982,7086,692,7,28567,0
28592121,28577,1,260,0,904,6806,6881,693,7,28577,0
28602118,28587,1,270,0,963,6616,6725,694,7,28587,0
28612119,28597,1,280,0,992,6413,6529,696,7,28597,0
28622126,28607,1,290,0,1029,6198,6363,697,7,28607,0
28632119,28617,1,301,0,1043,5970,6100,698,7,28617,0
28642122,28627,1,311,0,1080,5731,5865,699,7,28627,0
28652122,28637,1,323,0,1139,5480,5650,700,7,28637,0
28662120,28647,1,334,0,1139,5218,5435,702,7,28647,0
28672118,28657,1,346,0,1131,4945,5094,703,7,28657,0
28682122,28667,1,357,0,1183,4662,4820,704,7,28667,0
28692126,28677,1,369,0,1190,4369,4615,705,7,28677,0
28702118,28687,1,381,0,1168,4068,4322,706,7,28687,0
28712120,28697,1,393,0,1190,3758,3990,708,7,28697,0
28722122,28707,1,405,0,1241,3440,3687,709,7,28707,0
28732123,28717,1,418,0,1249,3114,3355,710,7,28717,0
28742118,28727,1,430,0,1183,2782,3120,711,7,28727,0
28752118,28737,1,443,0,1278,2444,2612,712,7,28737,0
28762128,28747,1,455,0,1241,2100,2417,714,7,28747,0
28772118,28757,1,468,0,1249,1751,2124,715,7,28757,0
28782122,28767,1,479,0,1205,1399,1636,716,7,28767,0
28792122,28777,1,492,0,1241,1042,1352,717,7,28777,0
28802120,28787,1,504,0,1227,684,1001,718,7,28787,0
28812118,28797,1,516,0,1168,323,757,720,7,28797,0
28822118,28807,1,528,0,1139,-38,366,721,7,28807,0
28832131,28817,1,539,0,1051,-401,170,722,7,28817,0
28842118,28827,1,550,0,1161,-763,-210,723,7,28827,0
28852119,28837,1,562,0,1153,-1125,-600,724,7,28837,0
28862122,28847,1,572,0,1036,-1485,-971,726,7,28847,0
28872118,28857,1,582,0,1029,-1842,-1567,727,7,28857,0
28882122,28867,1,593,0,1073,-2196,-1948,728,7,28867,0
28892118,28877,1,604,0,1058,-2546,-2222,729,7,28877,0
28902128,28887,1,614,0,1007,-2891,-2583,730,7,28887,0
28912118,28897,1,624,0,978,-3231,-2857,732,7,28897,0
28922118,28907,1,634,0,956,-3564,-3286,733,7,28907,0
28932127,28917,1,643,0,919,-3891,-3589,734,7,28917,0
28942118,28927,1,652,0,875,-4209,-3882,735,7,28927,0
28952120,28937,1,660,0,802,-4519,-4175,736,7,28937,0
28962118,28947,1,668,0,787,-4820,-4488,738,7,28947,0
28972129,28957,1,676,0,787,-5111,-4859,739,7,28957,0
28982118,28967,1,683,0,684,-5391,-5064,740,7,28967,0
28992118,28977,1,689,0,663,-5661,-5357,741,7,28977,0
29002124,28987,1,695,0,589,-5918,-5611,742,7,28987,0
29012118,28997,1,701,0,531,-6163,-5904,744,7,28997,0
29022121,29007,1,706,0,494,-6395,-6158,745,7,29007,0
29032119,29017,1,710,0,421,-6613,-6344,746,7,29017,0
29042126,29027,1,714,0,369,-6817,-6617,747,7,29027,0
29052120,29037,1,717,0,318,-7006,-6774,748,7,29037,0
29062118,29047,1,720,0,252,-7180,-7037,750,7,29047,0
29072126,29057,1,722,0,230,-7338,-7164,751,7,29057,0
29082118,29067,1,723,0,142,-7480,-7311,752,7,29067,0
29092119,29077,1,724,0,106,-7606,-7477,753,7,29077,0
29102118,29087,1,724,0,3,-7715,-7565,754,7,29087,0
29112126,29097,1,724,0,-25,-7807,-7653,756,7,29097,0
29122122,29107,1,723,0,-128,-7881,-7721,757,7,29107,0
29132119,29117,1,722,0,-106,-7937,-7858,758,7,29117,0
29142123,29127,1,720,0,-252,-7976,-7877,759,7,29127,0
29152118,29137,1,718,0,-186,-7996,-7897,760,7,29137,0
29162118,29147,1,716,0,-216,-7998,-7975,762,7,29147,0
29172121,29157,1,713,0,-252,-7982,-8063,763,7,29157,0
29182126,29167,1,709,0,-355,-7947,-7897,764,7,29167,0
29192119,29177,1,705,0,-369,-7894,-7877,765,7,29177,0
29202119,29187,1,701,0,-413,-7823,-7946,766,7,29187,0
29212122,29197,1,697,0,-472,-7733,-7780,768,7,29197,0
29222122,29207,1,692,0,-494,-7625,-7643,769,7,29207,0
29232119,29217,1,686,0,-567,-7499,-7526,770,7,29217,0
29242120,29227,1,680,0,-589,-7356,-7369,771,7,29227,0
29252126,29237,1,674,0,-648,-7195,-7242,772,7,29237,0
29262118,29247,1,667,0,-684,-7016,-7086,774,7,29247,0
29272118,29257,1,660,0,-692,-6821,-6969,775,7,29257,0
29282121,29267,1,653,0,-736,-6609,-6754,776,7,29267,0
29292120,29277,1,645,0,-780,-6382,-6500,777,7,29277,0
29302118,29287,1,637,0,-794,-6138,-6315,778,7,29287,0
29312118,29297,1,628,0,-846,-5880,-6041,780,7,29297,0
29322126,29307,1,620,0,-868,-5606,-5855,781,7,29307,0
29332119,29317,1,611,0,-890,-5320,-5484,782,7,29317,0
29342120,29327,1,602,0,-897,-5019,-5250,783,7,29327,0
29352122,29337,1,592,0,-956,-4706,-4976,784,7,29337,0
29362122,29347,1,583,0,-970,-4382,-4654,786,7,29347,0
29372118,29357,1,573,0,-992,-4046,-4322,787,7,29357,0
29382118,29367,1,563,0,-978,-3699,-4000,788,7,29367,0
29392126,29377,1,553,0,-1014,-3343,-3638,789,7,29377,0
29402118,29387,1,543,0,-1043,-2978,-3306,790,7,29387,0
29412121,29397,1,533,0,-1000,-2605,-2935,792,7,29397,0
29422122,29407,1,523,0,-1000,-2226,-2593,793,7,29407,0
29432119,29417,1,512,0,-1036,-1840,-2144,794,7,29417,0
29442118,29427,1,502,0,-1036,-1449,-1811,795,7,29427,0
29452118,29437,1,492,0,-1043,-1054,-1391,796,7,29437,0
29462130,29447,1,482,0,-992,-655,-1079,798,7,29447,0
29472118,29457,1,471,0,-992,-254,-659,799,7,29457,0
29482120,29467,1,462,0,-970,147,-376,800,7,29467,0
29492122,29477,1,453,0,-838,549,-170,801,7,29477,0
29502118,29487,1,445,0,-875,950,317,802,7,29487,0
29512122,29497,1,436,0,-831,1350,796,804,7,29497,0
29522118,29507,1,427,0,-882,1747,1372,805,7,29507,0
29532129,29517,1,418,0,-904,2140,1772,806,7,29517,0
29542118,29527,1,410,0,-897,2527,2134,807,7,29527,0
29552118,29537,1,401,0,-846,2909,2515,808,7,29537,0
29562122,29547,1,392,0,-853,3285,2935,810,7,29547,0
29572118,29557,1,385,0,-772,3652,3238,811,7,29557,0
29582120,29567,1,377,0,-758,4010,3648,812,7,29567,0
29592118,29577,1,370,0,-692,4358,4029,813,7,29577,0
29602126,29587,1,364,0,-677,4696,4371,814,7,29587,0
29612118,29597,1,357,0,-619,5021,4673,816,7,29597,0
29622118,29607,1,351,0,-560,5334,4947,817,7,29607,0
29632125,29617,1,346,0,-523,5633,5269,818,7,29617,0
29642118,29627,1,341,0,-443,5918,5543,819,7,29627,0
29652122,29637,1,337,0,-428,6187,5904,820,7,29637,0
29662118,29647,1,333,0,-355,6440,6021,822,7,29647,0
29672126,29657,1,330,0,-296,6677,6373,823,7,29657,0
29682118,29667,1,327,0,-245,6896,6578,824,7,29667,0
29692118,29677,1,325,0,-172,7097,6793,825,7,29677,0
29702126,29687,1,323,0,-164,7279,6940,826,7,29687,0
29712118,29697,1,323,0,-69,7441,7194,828,7,29697,0
29722117,29707,1,322,0,-32,7584,7360,829,7,29707,0
29732119,29717,1,322,0,3,7706,7506,830,7,29717,0
29742126,29727,1,323,0,40,7808,7643,831,7,29727,0
29752122,29737,1,324,0,106,7888,7741,832,7,29737,0
29762118,29747,1,326,0,164,7947,7916,834,7,29747,0
29772124,29757,1,328,0,230,7984,7760,835,7,29757,0
29782118,29767,1,330,0,230,7999,7907,836,7,29767,0
29792118,29777,1,333,0,260,7992,8014,837,7,29777,0
29802122,29787,1,336,0,318,7963,7907,838,7,29787,0
29812126,29797,1,340,0,333,7912,7819,840,7,29797,0
29822120,29807,1,344,0,399,7838,7965,841,7,29807,0
29832119,29817,1,348,0,450,7743,7721,842,7,29817,0
29842121,29827,1,353,0,494,7625,7614,843,7,29827,0
29852118,29837,1,359,0,516,7487,7487,844,7,29837,0
29862118,29847,1,364,0,545,7326,7389,846,7,29847,0
29872120,29857,1,371,0,619,7145,7233,847,7,29857,0
29882126,29867,1,377,0,655,6943,7047,848,7,29867,0
29892118,29877,1,384,0,655,6722,6871,849,7,29877,0
29902118,29887,1,391,0,706,6481,6647,850,7,29887,0
29912122,29897,1,399,0,780,6220,6334,852,7,29897,0
29922120,29907,1,407,0,780,5942,6168,853,7,29907,0
29932120,29917,1,415,0,816,5647,5855,854,7,29917,0
29942121,29927,1,423,0,838,5334,5592,855,7,29927,0
29952126,29937,1,432,0,853,5006,5230,856,7,29937,0
29962118,29947,1,441,0,904,4663,4859,858,7,29947,0
29972118,29957,1,450,0,912,4305,4586,859,7,29957,0
29982122,29967,1,459,0,919,3935,4175,860,7,29967,0
29992121,29977,1,468,0,934,3552,3892,861,7,29977,0
30002118,29987,1,478,0,919,3159,3452,862,7,29987,0
30012118,29997,1,487,0,963,2756,3062,864,7,29997,0
30022126,30007,1,497,0,963,2344,2691,865,7,30007,0
30032119,30017,1,507,0,970,1925,2329,866,7,30017,0
30042121,30027,1,516,0,926,1499,1870,867,7,30027,0
30052122,30037,1,525,0,934,1068,1450,868,7,30037,0
30062120,30047,1,535,0,948,634,1010,870,7,30047,0
30072118,30057,1,544,0,934,197,669,871,7,30057,0
30082118,30067,1,553,0,860,-240,366,872,7,30067,0
30092130,30077,1,561,0,765,-679,73,873,7,30077,0
30102118,30087,1,570,0,868,-1115,-493,874,7,30087,0
30112120,30097,1,577,0,780,-1549,-971,876,7,30097,0
30122122,30107,1,585,0,780,-1979,-1616,877,7,30107,0
30132119,30117,1,593,0,838,-2403,-2056,878,7,30117,0
30142118,30127,1,602,0,772,-2820,-2417,879,7,30127,0
30152118,30137,1,609,0,750,-3230,-2876,880,7,30137,0
30162128,30147,1,617,0,736,-3630,-3208,882,7,30147,0
30172118,30157,1,624,0,706,-4020,-3628,883,7,30157,0
30182118,30167,1,631,0,670,-4397,-4058,884,7,30167,0
30192122,30177,1,637,0,611,-4762,-4439,885,7,30177,0
30202118,30187,1,642,0,582,-5112,-4791,886,7,30187,0
30212120,30197,1,648,0,545,-5447,-5142,888,7,30197,0
30222118,30207,1,652,0,479,-5766,-5455,889,7,30207,0
30232131,30217,1,657,0,435,-6067,-5709,890,7,30217,0
30242118,30227,1,660,0,347,-6349,-6041,891,7,30227,0
30252118,30237,1,664,0,326,-6612,-6393,892,7,30237,0
30262121,30247,1,667,0,274,-6854,-6656,894,7,30247,0
30272118,30257,1,668,0,164,-7075,-6852,895,7,30257,0
30282121,30267,1,670,0,120,-7274,-7008,896,7,30267,0
30292118,30277,1,670,0,69,-7450,-7213,897,7,30277,0
30302126,30287,1,670,0,3,-7602,-7379,898,7,30287,0
30312118,30297,1,670,0,-32,-7731,-7526,900,7,30297,0
30322118,30307,1,670,0,-69,-7835,-7721,901,7,30307,0
30332126,30317,1,669,0,-142,-7914,-7760,902,7,30317,0
30342118,30327,1,667,0,-157,-7967,-7907,903,7,30327,0
30352120,30337,1,664,0,-238,-7995,-7868,904,7,30337,0
30362118,30347,1,662,0,-252,-7997,-7838,906,7,30347,0
30372126,30357,1,659,0,-296,-7973,-7868,907,7,30357,0
30382122,30367,1,655,0,-347,-7924,-7789,908,7,30367,0
30392118,30377,1,652,0,-399,-7848,-7907,909,7,30377,0
30402124,30387,1,647,0,-428,-7747,-7711,910,7,30387,0
30412118,30397,1,643,0,-450,-7620,-7682,912,7,30397,0
30422118,30407,1,638,0,-494,-7468,-7555,913,7,30407,0
30432119,30417,1,632,0,-538,-7291,-7399,914,7,30417,0
30442126,30427,1,627,0,-560,-7090,-7272,915,7,30427,0
30452120,30437,1,620,0,-604,-6865,-7067,916,7,30437,0
30462118,30447,1,614,0,-648,-6617,-6793,918,7,30447,0
30472122,30457,1,607,0,-706,-6346,-6549,919,7,30457,0
30482118,30467,1,600,0,-721,-6054,-6236,920,7,30467,0
30492118,30477,1,592,0,-750,-5742,-6002,921,7,30477,0
30502120,30487,1,584,0,-794,-5410,-5699,922,7,30487,0
30512126,30497,1,576,0,-802,-5059,-5328,924,7,30497,0
30522122,30507,1,568,0,-838,-4690,-4996,925,7,30507,0
30532119,30517,1,560,0,-860,-4306,-4625,926,7,30517,0
30542122,30527,1,551,0,-890,-3906,-4214,927,7,30527,0
30552118,30537,1,542,0,-882,-3492,-3833,928,7,30537,0
30562118,30547,1,533,0,-897,-3066,-3413,930,7,30547,0
30572122,30557,1,524,0,-897,-2629,-3042,931,7,30557,0
30582126,30567,1,515,0,-912,-2182,-2583,932,7,30567,0
30592118,30577,1,506,0,-912,-1728,-2134,933,7,30577,0
30602118,30587,1,497,0,-919,-1267,-1675,934,7,30587,0
30612122,30597,1,488,0,-919,-800,-1294,936,7,30597,0
30622122,30607,1,479,0,-890,-331,-825,937,7,30607,0
30632119,30617,1,470,0,-875,139,-415,938,7,30617,0
30642120,30627,1,462,0,-780,611,-170,939,7,30627,0
30652126,30637,1,456,0,-670,1081,297,940,7,30637,0
30662118,30647,1,448,0,-750,1547,991,942,7,30647,0
30672121,30657,1,440,0,-838,2009,1665,943,7,30657,0
30682122,30667,1,432,0,-816,2465,2007,944,7,30667,0
30692120,30677,1,424,0,-787,2912,2446,945,7,30677,0
30702118,30687,1,417,0,-706,3349,2925,946,7,30687,0
30712118,30697,1,410,0,-721,3776,3335,948,7,30697,0
30722131,30707,1,403,0,-677,4190,3804,949,7,30707,0
30732119,30717,1,396,0,-670,4588,4214,950,7,30717,0
30742120,30727,1,390,0,-589,4971,4507,951,7,30727,0
30752122,30737,1,385,0,-523,5337,4898,952,7,30737,0
30762118,30747,1,380,0,-487,5684,5269,954,7,30747,0
30772121,30757,1,376,0,-465,6012,5689,955,7,30757,0
30782118,30767,1,372,0,-399,6318,5885,956,7,30767,0
30792128,30777,1,368,0,-333,6601,6295,957,7,30777,0
30802118,30787,1,365,0,-282,6861,6627,958,7,30787,0
30812122,30797,1,363,0,-230,7096,6852,960,7,30797,0
30822122,30807,1,361,0,-150,7306,6989,961,7,30807,0
30832119,30817,1,360,0,-128,7490,7272,962,7,30817,0
30842120,30827,1,359,0,-40,7646,7428,963,7,30827,0
30852118,30837,1,359,0,-10,7774,7604,964,7,30837,0
30862130,30847,1,360,0,54,7874,7682,966,7,30847,0
30872118,30857,1,361,0,98,7945,7750,967,7,30857,0
30882118,30867,1,362,0,128,7987,7907,968,7,30867,0
30892123,30877,1,364,0,186,7999,7907,969,7,30877,0
30902118,30887,1,367,0,230,7982,7838,970,7,30887,0
30912122,30897,1,369,0,238,7935,7877,972,7,30897,0
30922118,30907,1,372,0,267,7858,7838,973,7,30907,0
30932129,30917,1,376,0,333,7752,7702,974,7,30917,0
30942118,30927,1,380,0,384,7616,7633,975,7,30927,0
30952118,30937,1,384,0,391,7452,7536,976,7,30937,0
30962125,30947,1,389,0,443,7259,7428,978,7,30947,0
30972118,30957,1,394,0,538,7039,7145,979,7,30957,0
30982120,30967,1,399,0,575,6792,6901,980,7,30967,0
30992118,30977,1,405,0,597,6519,6744,981,7,30977,0
31002126,30987,1,411,0,611,6220,6412,982,7,30987,0
31012122,30997,1,418,0,677,5898,6070,984,7,30997,0
31022118,31007,1,424,0,633,5552,5846,985,7,31007,0
31032125,31017,1,431,0,670,5185,5455,986,7,31017,0
31042118,31027,1,438,0,706,4798,5064,987,7,31027,0
31052118,31037,1,446,0,765,4391,4683,988,7,31037,0
31062122,31047,1,454,0,780,3967,4302,990,7,31047,0
31072126,31057,1,462,0,794,3527,3892,991,7,31057,0
31082120,31067,1,469,0,765,3073,3482,992,7,31067,0
31092118,31077,1,477,0,758,2607,2954,993,7,31077,0
31102125,31087,1,486,0,816,2129,2525,994,7,31087,0
31112118,31097,1,494,0,809,1644,2085,996,7,31097,0
31122118,31107,1,502,0,824,1150,1557,997,7,31107,0
31132121,31117,1,509,0,772,652,1147,998,7,31117,0
31142126,31127,1,517,0,743,150,649,999,7,31127,0
31152122,31137,1,525,0,758,-351,278,1000,7,31137,0
31162118,31147,1,531,0,604,-853,53,1002,7,31147,0
31172122,31157,1,537,0,670,-1352,-698,1003,7,31157,0
31182120,31167,1,543,0,611,-1846,-1343,1004,7,31167,0
31192118,31177,1,551,0,714,-2334,-1929,1005,7,31177,0
31202122,31187,1,558,0,692,-2813,-2398,1006,7,31187,0
31212126,31197,1,565,0,663,-3281,-2876,1008,7,31197,0
31222120,31207,1,571,0,619,-3736,-3316,1009,7,31207,0
31232119,31217,1,576,0,567,-4177,-3765,1010,7,31217,0
31242122,31227,1,582,0,523,-4602,-4214,1011,7,31227,0
31252122,31237,1,587,0,494,-5009,-4664,1012,7,31237,0
31262118,31247,1,592,0,457,-5395,-5006,1014,7,31247,0
31272119,31257,1,596,0,435,-5761,-5318,1015,7,31257,0
31282126,31267,1,599,0,340,-6103,-5748,1016,7,31267,0
31292118,31277,1,603,0,289,-6421,-6119,1017,7,31277,0
31302122,31287,1,605,0,260,-6713,-6442,1018,7,31287,0
31312122,31297,1,607,0,150,-6977,-6637,1020,7,31297,0
31322120,31307,1,608,0,120,-7214,-6930,1021,7,31307,0
31332119,31317,1,609,0,69,-7421,-7194,1022,7,31317,0
31342118,31327,1,609,0,10,-7597,-7379,1023,7,31327,0
31352130,31337,1,609,0,-40,-7743,-7565,1024,7,31337,0
31362118,31347,1,608,0,-69,-7856,-7711,1026,7,31347,0
31372120,31357,1,606,0,-157,-7937,-7760,1027,7,31357,0
31382122,31367,1,605,0,-150,-7985,-7887,1028,7,31367,0
31392118,31377,1,603,0,-208,-7999,-8092,1029,7,31377,0
31402118,31387,1,600,0,-267,-7981,-7868,1030,7,31387,0
31412118,31397,1,597,0,-318,-7928,-7936,1032,7,31397,0
31422128,31407,1,594,0,-333,-7842,-7848,1033,7,31407,0
31432119,31417,1,590,0,-399,-7723,-7819,1034,7,31417,0
31442118,31427,1,586,0,-450,-7572,-7604,1035,7,31427,0
31452122,31437,1,581,0,-472,-7388,-7448,1036,7,31437,0
31462117,31447,1,576,0,-516,-7172,-7321,1038,7,31447,0
31472119,31457,1,571,0,-523,-6926,-7076,1039,7,31457,0
31482118,31467,1,565,0,-567,-6650,-6842,1040,7,31467,0
31492130,31477,1,559,0,-604,-6344,-6568,1041,7,31477,0
31502118,31487,1,553,0,-626,-6012,-6246,1042,7,31487,0
31512118,31497,1,546,0,-699,-5654,-5934,1044,7,31497,0
31522122,31507,1,539,0,-677,-5270,-5562,1045,7,31507,0
31532119,31517,1,532,0,-714,-4864,-5191,1046,7,31517,0
31542122,31527,1,524,0,-743,-4436,-4810,1047,7,31527,0
31552118,31537,1,517,0,-750,-3988,-4322,1048,7,31537,0
31562126,31547,1,509,0,-787,-3522,-3921,1050,7,31547,0
31572118,31557,1,501,0,-802,-3041,-3433,1051,7,31557,0
31582118,31567,1,493,0,-831,-2546,-2974,1052,7,31567,0
31592125,31577,1,485,0,-816,-2038,-2515,1053,7,31577,0
31602118,31587,1,477,0,-809,-1522,-1987,1054,7,31587,0
31612119,31597,1,469,0,-816,-998,-1489,1056,7,31597,0
31622118,31607,1,461,0,-787,-470,-981,1057,7,31607,0
31632127,31617,1,453,0,-780,61,-512,1058,7,31617,0
31642122,31627,1,445,0,-758,593,-190,1059,7,31627,0
31652118,31637,1,440,0,-545,1122,151,1060,7,31637,0
31662124,31647,1,434,0,-582,1648,1001,1062,7,31647,0
31672118,31657,1,427,0,-743,2166,1733,1063,7,31657,0
31682118,31667,1,420,0,-670,2676,2231,1064,7,31667,0
31692118,31677,1,413,0,-706,3174,2700,1065,7,31677,0
31702126,31687,1,407,0,-633,3659,3179,1066,7,31687,0
31712120,31697,1,400,0,-611,4127,3667,1068,7,31697,0
31722118,31707,1,394,0,-626,4578,4126,1069,7,31707,0
31732123,31717,1,389,0,-567,5008,4576,1070,7,31717,0
31742118,31727,1,384,0,-479,5416,5025,1071,7,31727,0
31752118,31737,1,380,0,-421,5800,5377,1072,7,31737,0
31762120,31747,1,376,0,-406,6158,5846,1074,7,31747,0
31772126,31757,1,372,0,-384,6489,6061,1075,7,31757,0
31782121,31767,1,369,0,-289,6790,6402,1076,7,31767,0
31792118,31777,1,367,0,-252,7060,6588,1077,7,31777,0
31802122,31787,1,365,0,-216,7299,7067,1078,7,31787,0
31812118,31797,1,364,0,-113,7504,7233,1080,7,31797,0
31822118,31807,1,363,0,-69,7675,7409,1081,7,31807,0
31832123,31817,1,363,0,-3,7810,7623,1082,7,31817,0
31842125,31827,1,364,0,47,7910,7750,1083,7,31827,0
31852118,31837,1,365,0,91,7973,7907,1084,7,31837,0
31862118,31847,1,366,0,150,7999,7819,1086,7,31847,0
31872122,31857,1,368,0,164,7988,7946,1087,7,31857,0
31882122,31867,1,371,0,245,7939,8034,1088,7,31867,0
31892118,31877,1,373,0,296,7853,7809,1089,7,31877,0
31902120,31887,1,377,0,340,7731,7848,1090,7,31887,0
31912126,31897,1,380,0,355,7572,7643,1092,7,31897,0
31922118,31907,1,384,0,355,7377,7457,1093,7,31907,0
31932123,31917,1,388,0,450,7147,7321,1094,7,31917,0
31942122,31927,1,393,0,479,6883,6969,1095,7,31927,0
31952120,31937,1,398,0,472,6586,6725,1096,7,31937,0
31962118,31947,1,403,0,516,6257,6490,1098,7,31947,0
31972118,31957,1,409,0,575,5899,6119,1099,7,31957,0
31982126,31967,1,415,0,626,5511,5748,1100,7,31967,0
31992118,31977,1,422,0,633,5098,5426,1101,7,31977,0
32002120,31987,1,428,0,611,4659,5006,1102,7,31987,0
32012122,31997,1,435,0,684,4197,4507,1104,7,31997,0
32022118,32007,1,441,0,677,3715,4087,1105,7,32007,0
32032119,32017,1,449,0,728,3214,3609,1106,7,32017,0
32042118,32027,1,456,0,699,2697,3120,1107,7,32027,0
32052128,32037,1,463,0,699,2166,2652,1108,7,32037,0
32062118,32047,1,470,0,692,1625,2134,1110,7,32047,0
32072121,32057,1,477,0,692,1074,1528,1111,7,32057,0
32082122,32067,1,484,0,728,518,1040,1112,7,32067,0
32092118,32077,1,491,0,684,-40,581,1113,7,32077,0
32102118,32087,1,497,0,567,-599,249,1114,7,32087,0
32112118,32097,1,502,0,560,-1156,-336,1116,7,32097,0
32122129,32107,1,508,0,553,-1709,-962,1117,7,32107,0
32132119,32117,1,514,0,575,-2253,-1890,1118,7,32117,0
32142118,32127,1,520,0,619,-2786,-2310,1119,7,32127,0
32152122,32137,1,526,0,589,-3307,-2837,1120,7,32137,0
32162118,32147,1,532,0,560,-3811,-3365,1122,7,32147,0
32172122,32157,1,537,0,545,-4298,-3873,1123,7,32157,0
32182118,32167,1,542,0,472,-4763,-4332,1124,7,32167,0
32192128,32177,1,546,0,435,-5206,-4713,1125,7,32177,0
32202118,32187,1,550,0,406,-5622,-5260,1126,7,32187,0
32212118,32197,1,553,0,355,-6010,-5719,1128,7,32197,0
32222125,32207,1,557,0,311,-6369,-5914,1129,7,32207,0
32232118,32217,1,559,0,260,-6697,-6393,1130,7,32217,0
32242120,32227,1,561,0,208,-6990,-6725,1131,7,32227,0
32252118,32237,1,562,0,98,-7249,-6930,1132,7,32237,0
32262126,32247,1,563,0,62,-7472,-7242,1134,7,32247,0
32272118,32257,1,563,0,10,-7656,-7448,1135,7,32257,0
32282118,32267,1,562,0,-47,-7802,-7604,1136,7,32267,0
32292124,32277,1,562,0,-76,-7908,-7760,1137,7,32277,0
32302118,32287,1,560,0,-164,-7974,-7838,1138,7,32287,0
32312118,32297,1,558,0,-142,-7999,-8073,1140,7,32297,0
32322118,32307,1,556,0,-230,-7983,-7868,1141,7,32307,0
32332127,32317,1,553,0,-289,-7926,-7809,1142,7,32317,0
32342121,32327,1,550,0,-304,-7829,-7721,1143,7,32327,0
32352118,32337,1,547,0,-369,-7690,-7731,1144,7,32337,0
32362126,32347,1,543,0,-399,-7512,-7594,1146,7,32347,0
32372118,32357,1,539,0,-399,-7294,-7360,1147,7,32357,0
32382118,32367,1,535,0,-450,-7039,-7291,1148,7,32367,0
32392118,32377,1,530,0,-509,-6746,-7018,1149,7,32377,0
32402126,32387,1,524,0,-545,-6418,-6656,1150,7,32387,0
32412122,32397,1,519,0,-582,-6056,-6285,1152,7,32397,0
32422118,32407,1,513,0,-626,-5662,-5904,1153,7,32407,0
32432123,32417,1,507,0,-633,-5238,-5572,1154,7,32417,0
32442118,32427,1,501,0,-655,-4786,-5113,1155,7,32427,0
32452118,32437,1,494,0,-677,-4308,-4683,1156,7,32437,0
32462122,32447,1,487,0,-677,-3807,-4263,1158,7,32447,0
32472126,32457,1,480,0,-684,-3285,-3706,1159,7,32457,0
32482120,32467,1,473,0,-706,-2745,-3150,1160,7,32467,0
32492118,32477,1,466,0,-714,-2190,-2691,1161,7,32477,0
32502122,32487,1,459,0,-714,-1623,-2124,1162,7,32487,0
32512122,32497,1,451,0,-750,-1046,-1567,1164,7,32497,0
32522117,32507,1,444,0,-692,-464,-1040,1165,7,32507,0
32532120,32517,1,437,0,-699,121,-571,1166,7,32517,0
32542126,32527,1,432,0,-597,707,-190,1167,7,32527,0
32552118,32537,1,426,0,-531,1289,376,1168,7,32537,0
32562118,32547,1,421,0,-531,1865,1108,1170,7,32547,0
32572122,32557,1,415,0,-663,2432,2105,1171,7,32557,0
32582120,32567,1,409,0,-589,2986,2485,1172,7,32567,0
32592118,32577,1,403,0,-604,3524,3042,1173,7,32577,0
32602119,32587,1,397,0,-567,4044,3609,1174,7,32587,0
32612129,32597,1,392,0,-531,4543,4058,1176,7,32597,0
32622117,32607,1,387,0,-457,5016,4527,1177,7,32607,0
32632121,32617,1,383,0,-465,5463,4937,1178,7,32617,0
32642122,32627,1,379,0,-391,5881,5504,1179,7,32627,0
32652122,32637,1,376,0,-362,6267,5943,1180,7,32637,0
32662118,32647,1,372,0,-333,6618,6227,1182,7,32647,0
32672117,32657,1,370,0,-267,6933,6695,1183,7,32657,0
32682128,32667,1,369,0,-179,7211,6930,1184,7,32667,0
32692118,32677,1,367,0,-113,7448,7086,1185,7,32677,0
32702122,32687,1,367,0,-47,7645,7399,1186,7,32687,0
32712122,32697,1,367,0,-10,7799,7614,1188,7,32697,0
32722117,32707,1,367,0,40,7910,7731,1189,7,32707,0
32732119,32717,1,368,0,91,7977,7838,1190,7,32717,0
32742118,32727,1,370,0,128,8000,7916,1191,7,32727,0
32752130,32737,1,371,0,164,7977,7936,1192,7,32737,0
32762118,32747,1,374,0,216,7910,7946,1194,7,32747,0
32772120,32757,1,376,0,289,7798,7946,1195,7,32757,0
32782122,32767,1,379,0,333,7642,7702,1196,7,32767,0
32792118,32777,1,383,0,326,7442,7682,1197,7,32777,0
32802122,32787,1,387,0,391,7201,7321,1198,7,32787,0
32812118,32797,1,391,0,435,6918,7067,1200,7,32797,0
32822128,32807,1,395,0,457,6595,6764,1201,7,32807,0
32832119,32817,1,400,0,494,6235,6500,1202,7,32817,0
32842118,32827,1,405,0,501,5839,6168,1203,7,32827,0
32852125,32837,1,411,0,538,5409,5748,1204,7,32837,0
32862118,32847,1,417,0,560,4947,5299,1206,7,32847,0
32872120,32857,1,423,0,611,4457,4859,1207,7,32857,0
32882118,32867,1,429,0,626,3940,4322,1208,7,32867,0
32892126,32877,1,435,0,633,3400,3833,1209,7,32877,0
32902122,32887,1,442,0,655,2841,3316,1210,7,32887,0
32912118,32897,1,449,0,670,2264,2730,1212,7,32897,0
32922124,32907,1,455,0,641,1673,2192,1213,7,32907,0
32932119,32917,1,462,0,692,1072,1606,1214,7,32917,0
32942122,32927,1,468,0,626,464,1050,1215,7,32927,0
32952118,32937,1,474,0,597,-145,551,1216,7,32937,0
32962126,32947,1,479,0,516,-757,151,1218,7,32947,0
32972120,32957,1,484,0,523,-1363,-542,1219,7,32957,0
32982118,32967,1,489,0,450,-1963,-1206,1220,7,32967,0
32992126,32977,1,494,0,545,-2552,-2114,1221,7,32977,0
33002118,32987,1,500,0,553,-3126,-2583,1222,7,32987,0
33012118,32997,1,505,0,516,-3682,-3140,1224,7,32997,0
33022117,33007,1,510,0,457,-4217,-3706,1225,7,33007,0
33032127,33017,1,515,0,450,-4728,-4293,1226,7,33017,0
33042122,33027,1,519,0,384,-5211,-4644,1227,7,33027,0
33052118,33037,1,522,0,369,-5663,-5279,1228,7,33037,0
33062123,33047,1,525,0,326,-6082,-5768,1230,7,33047,0
33072118,33057,1,528,0,296,-6465,-6129,1231,7,33057,0
33082118,33067,1,530,0,194,-6810,-6559,1232,7,33067,0
33092122,33077,1,532,0,142,-7115,-6813,1233,7,33077,0
33102126,33087,1,532,0,91,-7377,-7076,1234,7,33087,0
33112120,33097,1,533,0,25,-7594,-7301,1236,7,33097,0
33122119,33107,1,533,0,-18,-7767,-7545,1237,7,33107,0
33132123,33117,1,532,0,-69,-7892,-7731,1238,7,33117,0
33142122,33127,1,531,0,-106,-7970,-7907,1239,7,33127,0
33152118,33137,1,529,0,-157,-7999,-7838,1240,7,33137,0
33162120,33147,1,527,0,-179,-7980,-7965,1242,7,33147,0
33172126,33157,1,525,0,-223,-7912,-8092,1243,7,33157,0
33182118,33167,1,522,0,-304,-7796,-7829,1244,7,33167,0
33192122,33177,1,519,0,-340,-7632,-7829,1245,7,33177,0
33202122,33187,1,516,0,-369,-7422,-7584,1246,7,33187,0
33212120,33197,1,511,0,-391,-7165,-7282,1248,7,33197,0
33222118,33207,1,507,0,-450,-6864,-7145,1249,7,33207,0
33232123,33217,1,502,0,-472,-6521,-6744,1250,7,33217,0
33242126,33227,1,497,0,-509,-6137,-6412,1251,7,33227,0
33252118,33237,1,492,0,-545,-5715,-6002,1252,7,33237,0
33262120,33247,1,486,0,-560,-5256,-5592,1254,7,33247,0
33272122,33257,1,481,0,-560,-4765,-5103,1255,7,33257,0
33282122,33267,1,475,0,-597,-4244,-4615,1256,7,33267,0
33292118,33277,1,469,0,-633,-3696,-4166,1257,7,33277,0
33302118,33287,1,462,0,-655,-3124,-3609,1258,7,33287,0
33312128,33297,1,456,0,-633,-2531,-3003,1260,7,33297,0
33322118,33307,1,449,0,-677,-1923,-2495,1261,7,33307,0
33332123,33317,1,443,0,-663,-1302,-1890,1262,7,33317,0
33342121,33327,1,437,0,-619,-672,-1255,1263,7,33327,0
33352119,33337,1,430,0,-648,-38,-698,1264,7,33337,0
33362118,33347,1,424,0,-611,597,-288,1266,7,33347,0
33372118,33357,1,420,0,-347,1229,141,1267,7,33357,0
33382130,33367,1,416,0,-457,1855,1089,1268,7,33367,0
33392118,33377,1,410,0,-597,2468,1987,1269,7,33377,0
33402119,33387,1,404,0,-589,3067,2485,1270,7,33387,0
33412122,33397,1,399,0,-553,3647,3062,1272,7,33397,0
33422118,33407,1,394,0,-560,4204,3658,1273,7,33407,0
33432123,33417,1,390,0,-457,4735,4263,1274,7,33417,0
33442118,33427,1,385,0,-406,5235,4703,1275,7,33427,0
33452128,33437,1,382,0,-355,5704,5250,1276,7,33437,0
33462118,33447,1,378,0,-355,6135,5738,1278,7,33447,0
33472118,33457,1,376,0,-282,6527,6227,1279,7,33457,0
33482125,33467,1,374,0,-238,6878,6559,1280,7,33467,0
33492118,33477,1,372,0,-164,7184,6842,1281,7,33477,0
33502119,33487,1,371,0,-120,7444,7174,1282,7,33487,0
33512119,33497,1,370,0,-62,7655,7418,1284,7,33497,0
33522126,33507,1,370,0,-10,7818,7614,1285,7,33507,0
33532119,33517,1,371,0,54,7929,7750,1286,7,33517,0
33542118,33527,1,372,0,91,7989,7799,1287,7,33527,0
33552124,33537,1,373,0,128,7996,7956,1288,7,33537,0
33562118,33547,1,375,0,172,7951,7877,1290,7,33547,0
33572118,33557,1,377,0,186,7854,7926,1291,7,33557,0
33582118,33567,1,379,0,245,7705,7809,1292,7,33567,0
33592126,33577,1,382,0,282,7505,7760,1293,7,33577,0
33602120,33587,1,385,0,318,7255,7448,1294,7,33587,0
33612118,33597,1,389,0,318,6957,7174,1296,7,33597,0
33622126,33607,1,394,0,428,6612,6901,1297,7,33607,0
33632119,33617,1,398,0,443,6224,6422,1298,7,33617,0
33642118,33627,1,402,0,450,5794,6148,1299,7,33627,0
33652118,33637,1,408,0,509,5324,5709,1300,7,33637,0
33662126,33647,1,413,0,538,4818,5230,1302,7,33647,0
33672122,33657,1,418,0,567,4280,4703,1303,7,33657,0
33682118,33667,1,424,0,545,3713,4205,1304,7,33667,0
33692122,33677,1,430,0,567,3120,3619,1305,7,33677,0
33702119,33687,1,435,0,575,2506,3023,1306,7,33687,0
33712118,33697,1,441,0,575,1874,2417,1308,7,33697,0
33722122,33707,1,447,0,560,1229,1802,1309,7,33707,0
33732127,33717,1,453,0,575,574,1216,1310,7,33717,0
33742120,33727,1,459,0,575,-83,600,1311,7,33727,0
33752118,33737,1,464,0,523,-741,180,1312,7,33737,0
33762122,33747,1,468,0,333,-1395,-278,1314,7,33747,0
33772122,33757,1,471,0,333,-2041,-1323,1315,7,33757,0
33782118,33767,1,476,0,509,-2672,-2251,1316,7,33767,0
33792119,33777,1,481,0,487,-3286,-2720,1317,7,33777,0
33802126,33787,1,486,0,443,-3879,-3257,1318,7,33787,0
33812118,33797,1,490,0,443,-4444,-3941,1320,7,33797,0
33822118,33807,1,494,0,362,-4980,-4439,1321,7,33807,0
33832123,33817,1,497,0,326,-5483,-4986,1322,7,33817,0
33842120,33827,1,500,0,289,-5948,-5514,1323,7,33827,0
33852118,33837,1,502,0,238,-6371,-6002,1324,7,33837,0
33862118,33847,1,504,0,157,-6752,-6324,1326,7,33847,0
33872126,33857,1,506,0,135,-7086,-6647,1327,7,33857,0
33882118,33867,1,506,0,54,-7370,-7047,1328,7,33867,0
33892120,33877,1,507,0,10,-7604,-7350,1329,7,33877,0
33902122,33887,1,506,0,-25,-7785,-7555,1330,7,33887,0
33912122,33897,1,506,0,-76,-7911,-7750,1332,7,33897,0
33922118,33907,1,504,0,-150,-7983,-7858,1333,7,33907,0
33932119,33917,1,503,0,-150,-7998,-8014,1334,7,33917,0
33942126,33927,1,501,0,-216,-7957,-7907,1335,7,33927,0
33952118,33937,1,498,0,-274,-7860,-7829,1336,7,33937,0
33962122,33947,1,495,0,-304,-7708,-7643,1338,7,33947,0
33972122,33957,1,492,0,-369,-7501,-7633,1339,7,33957,0
33982118,33967,1,488,0,-391,-7240,-7389,1340,7,33967,0
33992118,33977,1,484,0,-391,-6928,-7115,1341,7,33977,0
34002118,33987,1,480,0,-450,-6567,-6881,1342,7,33987,0
34012130,33997,1,475,0,-472,-6158,-6402,1344,7,33997,0
34022118,34007,1,470,0,-494,-5705,-6051,1345,7,34007,0
34032121,34017,1,465,0,-531,-5211,-5592,1346,7,34017,0
34042122,34027,1,460,0,-567,-4679,-5103,1347,7,34027,0
34052118,34037,1,453,0,-582,-4114,-4566,1348,7,34037,0
34062122,34047,1,448,0,-575,-3518,-4000,1350,7,34047,0
34072117,34057,1,442,0,-582,-2897,-3394,1351,7,34057,0
34082128,34067,1,436,0,-604,-2253,-2798,1352,7,34067,0
34092118,34077,1,429,0,-633,-1593,-2192,1353,7,34077,0
34102118,34087,1,423,0,-611,-921,-1557,1354,7,34087,0
34112122,34097,1,417,0,-575,-242,-913,1356,7,34097,0
34122118,34107,1,411,0,-604,438,-366,1357,7,34107,0
34132121,34117,1,407,0,-450,1118,-4,1358,7,34117,0
34142118,34127,1,404,0,-260,1789,776,1359,7,34127,0
34152126,34137,1,399,0,-531,2449,2095,1360,7,34137,0
34162118,34147,1,393,0,-545,3090,2456,1362,7,34147,0
34172118,34157,1,388,0,-523,3710,3081,1363,7,34157,0
34182124,34167,1,384,0,-479,4303,3765,1364,7,34167,0
34192118,34177,1,380,0,-384,4865,4293,1365,7,34177,0
34202121,34187,1,376,0,-391,5391,4927,1366,7,34187,0
34212118,34197,1,372,0,-377,5878,5328,1368,7,34197,0
34222126,34207,1,369,0,-289,6323,5836,1369,7,34207,0
34232119,34217,1,367,0,-252,6721,6148,1370,7,34217,0
34242118,34227,1,365,0,-223,7069,6735,1371,7,34227,0
34252125,34237,1,364,0,-120,7365,7028,1372,7,34237,0
34262118,34247,1,363,0,-84,7607,7262,1374,7,34247,0
34272118,34257,1,363,0,-18,7792,7545,1375,7,34257,0
34282118,34267,1,363,0,18,7919,7711,1376,7,34267,0
34292126,34277,1,364,0,84,7987,7858,1377,7,34277,0
34302122,34287,1,365,0,135,7996,7975,1378,7,34287,0
34312118,34297,1,367,0,172,7944,7809,1380,7,34297,0
34322123,34307,1,369,0,201,7832,7799,1381,7,34307,0
34332119,34317,1,371,0,216,7662,7829,1382,7,34317,0
34342118,34327,1,374,0,274,7433,7604,1383,7,34327,0
34352122,34337,1,377,0,289,7148,7369,1384,7,34337,0
34362126,34347,1,381,0,362,6809,7018,1386,7,34347,0
34372120,34357,1,385,0,399,6418,6705,1387,7,34357,0
34382118,34367,1,389,0,399,5978,6305,1388,7,34367,0
34392122,34377,1,394,0,457,5492,5904,1389,7,34377,0
34402118,34387,1,399,0,509,4963,5328,1390,7,34387,0
34412118,34397,1,404,0,523,4397,4869,1392,7,34397,0
34422120,34407,1,410,0,545,3796,4253,1393,7,34407,0
34432127,34417,1,415,0,553,3165,3638,1394,7,34417,0
34442118,34427,1,420,0,553,2510,3023,1395,7,34427,0
34452118,34437,1,425,0,501,1835,2437,1396,7,34437,0
34462122,34447,1,431,0,516,1145,1782,1398,7,34447,0
34472120,34457,1,436,0,516,445,1098,1399,7,34457,0
34482118,34467,1,441,0,531,-257,522,1400,7,34467,0
34492121,34477,1,446,0,450,-959,92,1401,7,34477,0
34502126,34487,1,449,0,252,-1655,-532,1402,7,34487,0
34512118,34497,1,452,0,347,-2337,-1811,1404,7,34497,0
34522118,34507,1,457,0,457,-3002,-2427,1405,7,34507,0
34532123,34517,1,462,0,457,-3645,-3062,1406,7,34517,0
34542122,34527,1,466,0,362,-4259,-3667,1407,7,34527,0
34552118,34537,1,469,0,355,-4841,-4273,1408,7,34537,0
34562118,34547,1,473,0,340,-5385,-4898,1410,7,34547,0
34572126,34557,1,476,0,311,-5888,-5543,1411,7,34557,0
34582118,34567,1,478,0,252,-6344,-5963,1412,7,34567,0
34592122,34577,1,479,0,150,-6751,-6334,1413,7,34577,0
34602122,34587,1,481,0,120,-7106,-6774,1414,7,34587,0
34612120,34597,1,481,0,54,-7404,-7115,1416,7,34597,0
34622118,34607,1,481,0,3,-7644,-7389,1417,7,34607,0
34632119,34617,1,481,0,-54,-7823,-7604,1418,7,34617,0
34642130,34627,1,480,0,-84,-7941,-7750,1419,7,34627,0
34652118,34637,1,479,0,-135,-7995,-7877,1420,7,34637,0
34662120,34647,1,477,0,-157,-7986,-7946,1422,7,34647,0
34672122,34657,1,475,0,-179,-7913,-8063,1423,7,34657,0
34682118,34667,1,473,0,-260,-7777,-7770,1424,7,34667,0
34692118,34677,1,470,0,-311,-7579,-7672,1425,7,34677,0
34702118,34687,1,467,0,-340,-7319,-7438,1426,7,34687,0
34712128,34697,1,463,0,-377,-7000,-7301,1428,7,34697,0
34722118,34707,1,459,0,-413,-6625,-6822,1429,7,34707,0
34732119,34717,1,455,0,-457,-6196,-6500,1430,7,34717,0
34742122,34727,1,450,0,-421,-5717,-6051,1431,7,34727,0
34752118,34737,1,445,0,-465,-5191,-5621,1432,7,34737,0
34762120,34747,1,440,0,-545,-4622,-5113,1434,7,34747,0
34772118,34757,1,435,0,-560,-4016,-4527,1435,7,34757,0
34782130,34767,1,430,0,-575,-3375,-3951,1436,7,34767,0
34792118,34777,1,424,0,-597,-2708,-3296,1437,7,34777,0
34802118,34787,1,418,0,-611,-2018,-2622,1438,7,34787,0
34812122,34797,1,413,0,-589,-1310,-1958,1440,7,34797,0
34822118,34807,1,407,0,-575,-592,-1304,1441,7,34807,0
34832123,34817,1,402,0,-553,132,-678,1442,7,34817,0
34842118,34827,1,397,0,-450,855,-229,1443,7,34827,0
34852126,34837,1,394,0,-384,1573,522,1444,7,34837,0
34862118,34847,1,390,0,-326,2277,1499,1446,7,34847,0
34872118,34857,1,385,0,-479,2964,2329,1447,7,34857,0
34882126,34867,1,381,0,-472,3627,3023,1448,7,34867,0
34892118,34877,1,377,0,-399,4260,3628,1449,7,34877,0
34902120,34887,1,372,0,-435,4859,4302,1450,7,34887,0
34912118,34897,1,369,0,-362,5417,4859,1452,7,34897,0
34922126,34907,1,366,0,-289,5931,5338,1453,7,34907,0
34932123,34917,1,364,0,-230,6396,5865,1454,7,34917,0
34942118,34927,1,361,0,-194,6808,6227,1455,7,34927,0
34952124,34937,1,360,0,-164,7163,6813,1456,7,34937,0
34962118,34947,1,359,0,-91,7459,7115,1458,7,34947,0
34972118,34957,1,359,0,-32,7692,7379,1459,7,34957,0
34982122,34967,1,359,0,10,7861,7623,1460,7,34967,0
34992126,34977,1,359,0,76,7964,7829,1461,7,34977,0
35002120,34987,1,361,0,135,7999,7799,1462,7,34987,0
35012118,34997,1,362,0,135,7968,7926,1464,7,34997,0
35022122,35007,1,364,0,216,7868,7877,1465,7,35007,0
35032123,35017,1,367,0,245,7702,7653,1466,7,35017,0
35042118,35027,1,370,0,289,7471,7516,1467,7,35027,0
35052120,35037,1,373,0,311,7176,7252,1468,7,35037,0
35062126,35047,1,377,0,377,6819,7086,1470,7,35047,0
35072122,35057,1,381,0,362,6404,6666,1471,7,35057,0
35082118,35067,1,385,0,406,5934,6227,1472,7,35067,0
35092121,35077,1,389,0,413,5413,5875,1473,7,35077,0
35102118,35087,1,394,0,494,4845,5308,1474,7,35087,0
35112118,35097,1,399,0,531,4235,4664,1476,7,35097,0
35122122,35107,1,404,0,531,3587,4126,1477,7,35107,0
35132127,35117,1,410,0,545,2909,3443,1478,7,35117,0
35142118,35127,1,415,0,531,2205,2778,1479,7,35127,0
35152118,35137,1,420,0,516,1481,2095,1480,7,35137,0
35162122,35147,1,425,0,472,744,1489,1482,7,35147,0
35172122,35157,1,430,0,457,0,776,1483,7,35157,0
35182118,35167,1,435,0,472,-744,258,1484,7,35167,0
35192119,35177,1,438,0,347,-1483,-434,1485,7,35177,0
35202126,35187,1,441,0,311,-2210,-1352,1486,7,35187,0
35212118,35197,1,446,0,479,-2917,-2368,1488,7,35197,0
35222122,35207,1,450,0,399,-3600,-2964,1489,7,35207,0
35232122,35217,1,454,0,406,-4252,-3697,1490,7,35217,0
35242119,35227,1,458,0,355,-4867,-4205,1491,7,35227,0
35252118,35237,1,461,0,296,-5440,-4869,1492,7,35237,0
35262118,35247,1,464,0,245,-5966,-5435,1494,7,35247,0
35272130,35257,1,466,0,179,-6440,-5934,1495,7,35257,0
35282117,35267,1,468,0,150,-6856,-6285,1496,7,35267,0
35292120,35277,1,469,0,106,-7213,-6862,1497,7,35277,0
35302122,35287,1,469,0,54,-7506,-7164,1498,7,35287,0
35312118,35297,1,469,0,3,-7733,-7496,1500,7,35297,0
35322122,35307,1,469,0,-54,-7892,-7663,1501,7,35307,0
35332120,35317,1,468,0,-91,-7980,-7838,1502,7,35317,0
35342128,35327,1,467,0,-120,-7997,-7946,1503,7,35327,0
35352118,35337,1,465,0,-201,-7943,-7956,1504,7,35337,0
35362122,35347,1,463,0,-230,-7818,-7799,1506,7,35347,0
35372122,35357,1,460,0,-252,-7623,-7750,1507,7,35357,0
35382118,35367,1,458,0,-289,-7359,-7633,1508,7,35367,0
35392120,35377,1,454,0,-347,-7029,-7252,1509,7,35377,0
35402118,35387,1,451,0,-333,-6636,-6852,1510,7,35387,0
35412130,35397,1,446,0,-399,-6181,-6656,1512,7,35397,0
35422118,35407,1,442,0,-406,-5672,-6041,1513,7,35407,0
35432118,35417,1,438,0,-457,-5111,-5582,1514,7,35417,0
35442123,35427,1,433,0,-465,-4503,-4986,1515,7,35427,0
35452118,35437,1,428,0,-465,-3854,-4410,1516,7,35437,0
35462122,35447,1,423,0,-509,-3168,-3755,1518,7,35447,0
35472118,35457,1,418,0,-523,-2454,-3101,1519,7,35457,0
35482128,35467,1,413,0,-575,-1716,-2398,1520,7,35467,0
35492118,35477,1,407,0,-567,-964,-1655,1521,7,35477,0
35502118,35487,1,402,0,-538,-201,-952,1522,7,35487,0
35512126,35497,1,398,0,-443,564,-434,1524,7,35497,0
35522118,35507,1,395,0,-347,1324,141,1525,7,35507,0
35532120,35517,1,392,0,-318,2073,1108,1526,7,35517,0
35542119,35527,1,388,0,-435,2804,2310,1527,7,35527,0
35552126,35537,1,383,0,-443,3510,2866,1528,7,35537,0
35562122,35547,1,379,0,-369,4183,3521,1530,7,35547,0
35572118,35557,1,376,0,-377,4818,4302,1531,7,35557,0
35582124,35567,1,372,0,-377,5410,4840,1532,7,35567,0
35592118,35577,1,370,0,-304,5951,5455,1533,7,35577,0
35602118,35587,1,367,0,-274,6438,5904,1534,7,35587,0
35612122,35597,1,366,0,-186,6866,6529,1536,7,35597,0
35622126,35607,1,364,0,-113,7230,6852,1537,7,35607,0
35632121,35617,1,364,0,-62,7526,7164,1538,7,35617,0
35642118,35627,1,364,0,-3,7753,7477,1539,7,35627,0
35652122,35637,1,364,0,54,7907,7682,1540,7,35637,0
35662118,35647,1,365,0,84,7987,7877,1542,7,35647,0
35672118,35657,1,367,0,142,7993,7829,1543,7,35657,0
35682120,35667,1,368,0,164,7923,7936,1544,7,35667,0
35692126,35677,1,371,0,230,7778,7975,1545,7,35677,0
35702119,35687,1,373,0,289,7561,7623,1546,7,35687,0
35712118,35697,1,376,0,326,7271,7477,1548,7,35697,0
35722122,35707,1,380,0,355,6913,7145,1549,7,35707,0
35732121,35717,1,383,0,333,6489,6871,1550,7,35717,0
35742118,35727,1,387,0,421,6003,6305,1551,7,35727,0
35752121,35737,1,391,0,413,5459,5865,1552,7,35737,0
35762126,35747,1,396,0,465,4863,5299,1554,7,35747,0
35772118,35757,1,401,0,501,4221,4732,1555,7,35757,0
35782118,35767,1,406,0,472,3537,4117,1556,7,35767,0
35792122,35777,1,411,0,487,2819,3443,1557,7,35777,0
35802121,35787,1,416,0,509,2074,2720,1558,7,35787,0
35812118,35797,1,421,0,553,1309,1938,1560,7,35797,0
35822118,35807,1,426,0,479,530,1264,1561,7,35807,0
35832127,35817,1,430,0,443,-255,620,1562,7,35817,0
35842118,35827,1,434,0,377,-1037,122,1563,7,35827,0
35852122,35837,1,437,0,296,-1810,-786,1564,7,35837,0
35862122,35847,1,441,0,428,-2567,-2017,1566,7,35847,0
35872120,35857,1,445,0,413,-3299,-2671,1567,7,35857,0
35882118,35867,1,449,0,377,-4000,-3384,1568,7,35867,0
35892118,35877,1,452,0,318,-4662,-3970,1569,7,35877,0
35902129,35887,1,456,0,296,-5280,-4722,1570,7,35887,0
35912118,35897,1,458,0,274,-5846,-5347,1572,7,35897,0
35922120,35907,1,461,0,223,-6357,-5875,1573,7,35907,0
35932123,35917,1,463,0,142,-6805,-6256,1574,7,35917,0
35942118,35927,1,464,0,128,-7187,-6832,1575,7,35927,0
35952118,35937,1,464,0,54,-7499,-7164,1576,7,35937,0
35962118,35947,1,464,0,10,-7738,-7487,1578,7,35947,0
35972127,35957,1,464,0,-40,-7901,-7692,1579,7,35957,0
35982118,35967,1,463,0,-98,-7986,-7809,1580,7,35967,0
35992118,35977,1,462,0,-113,-7993,-7956,1581,7,35977,0
36002122,35987,1,460,0,-201,-7920,-7887,1582,7,35987,0
36012118,35997,1,458,0,-172,-7770,-7985,1584,7,35997,0
36022120,36007,1,456,0,-245,-7542,-7702,1585,7,36007,0
36032119,36017,1,453,0,-296,-7239,-7545,1586,7,36017,0
36042130,36027,1,450,0,-318,-6864,-7145,1587,7,36027,0
36052118,36037,1,446,0,-369,-6421,-6862,1588,7,36037,0
36062118,36047,1,443,0,-369,-5913,-6266,1590,7,36047,0
36072122,36057,1,438,0,-421,-5346,-5787,1591,7,36057,0
36082118,36067,1,434,0,-406,-4725,-5211,1592,7,36067,0
36092122,36077,1,430,0,-479,-4056,-4673,1593,7,36077,0
36102118,36087,1,425,0,-479,-3347,-3931,1594,7,36087,0
36112126,36097,1,420,0,-457,-2602,-3228,1596,7,36097,0
36122118,36107,1,415,0,-509,-1832,-2485,1597,7,36107,0
36132119,36117,1,410,0,-509,-1042,-1792,1598,7,36117,0
36142126,36127,1,405,0,-487,-241,-1030,1599,7,36127,0
36152118,36137,1,401,0,-421,561,-454,1600,7,36137,0
36162120,36147,1,399,0,-201,1360,43,1602,7,36147,0
36172118,36157,1,396,0,-223,2146,1147,1603,7,36157,0
36182126,36167,1,392,0,-450,2911,2349,1604,7,36167,0
36192122,36177,1,388,0,-384,3646,2905,1605,7,36177,0
36202118,36187,1,384,0,-377,4344,3716,1606,7,36187,0
36212123,36197,1,381,0,-347,5000,4429,1608,7,36197,0
36222118,36207,1,378,0,-326,5604,4976,1609,7,36207,0
36232119,36217,1,376,0,-267,6152,5670,1610,7,36217,0
36242118,36227,1,374,0,-208,6637,6207,1611,7,36227,0
36252126,36237,1,372,0,-142,7055,6598,1612,7,36237,0
36262120,36247,1,371,0,-106,7400,7057,1614,7,36247,0
36272118,36257,1,371,0,-32,7670,7379,1615,7,36257,0
36282122,36267,1,371,0,3,7861,7623,1616,7,36267,0
36292118,36277,1,372,0,54,7971,7750,1617,7,36277,0
36302118,36287,1,372,0,98,7998,7887,1618,7,36287,0
36312119,36297,1,374,0,135,7943,7907,1620,7,36297,0
36322126,36307,1,376,0,164,7806,7975,1621,7,36307,0
36332123,36317,1,378,0,216,7588,7575,1622,7,36317,0
36342118,36327,1,381,0,245,7290,7379,1623,7,36327,0
36352121,36337,1,383,0,252,6917,7115,1624,7,36337,0
36362118,36347,1,387,0,326,6471,6705,1626,7,36347,0
36372119,36357,1,390,0,377,5958,6246,1627,7,36357,0
36382121,36367,1,394,0,355,5381,5904,1628,7,36367,0
36392126,36377,1,399,0,435,4748,5211,1629,7,36377,0
36402118,36387,1,403,0,406,4065,4644,1630,7,36387,0
36412118,36397,1,407,0,465,3339,3931,1632,7,36397,0
36422122,36407,1,412,0,457,2577,3199,1633,7,36407,0
36432123,36417,1,417,0,435,1787,2525,1634,7,36417,0
36442118,36427,1,421,0,479,978,1694,1635,7,36427,0
36452120,36437,1,425,0,399,158,991,1636,7,36437,0
36462126,36447,1,430,0,399,-664,366,1638,7,36447,0
36472118,36457,1,432,0,216,-1479,-180,1639,7,36457,0
36482122,36467,1,434,0,274,-2280,-1499,1640,7,36467,0
36492122,36477,1,438,0,340,-3057,-2378,1641,7,36477,0
36502120,36487,1,442,0,347,-3802,-3081,1642,7,36487,0
36512118,36497,1,445,0,362,-4507,-3892,1644,7,36497,0
36522118,36507,1,448,0,326,-5165,-4654,1645,7,36507,0
36532127,36517,1,451,0,304,-5768,-5250,1646,7,36517,0
36542118,36527,1,453,0,208,-6310,-5904,1647,7,36527,0
36552120,36537,1,454,0,106,-6784,-6344,1648,7,36537,0
36562122,36547,1,455,0,106,-7186,-6764,1650,7,36547,0
36572118,36557,1,455,0,47,-7511,-7125,1651,7,36557,0
36582118,36567,1,455,0,-10,-7756,-7487,1652,7,36567,0
36592118,36577,1,455,0,-76,-7917,-7702,1653,7,36577,0
36602128,36587,1,454,0,-98,-7993,-7946,1654,7,36587,0
36612118,36597,1,452,0,-142,-7983,-7926,1656,7,36597,0
36622122,36607,1,450,0,-179,-7886,-7936,1657,7,36607,0
36632123,36617,1,448,0,-252,-7704,-7770,1658,7,36617,0
36642118,36627,1,445,0,-267,-7438,-7477,1659,7,36627,0
36652118,36637,1,443,0,-304,-7091,-7262,1660,7,36637,0
36662118,36647,1,439,0,-311,-6666,-6881,1662,7,36647,0
36672129,36657,1,435,0,-406,-6168,-6598,1663,7,36657,0
36682118,36667,1,432,0,-391,-5603,-6002,1664,7,36667,0
36692118,36677,1,427,0,-435,-4976,-5494,1665,7,36677,0
36702122,36687,1,423,0,-413,-4294,-4840,1666,7,36687,0
36712118,36697,1,418,0,-479,-3565,-4224,1668,7,36697,0
36722121,36707,1,413,0,-538,-2796,-3472,1669,7,36707,0
36732119,36717,1,409,0,-479,-1996,-2681,1670,7,36717,0
36742128,36727,1,404,0,-465,-1172,-1919,1671,7,36727,0
36752118,36737,1,399,0,-472,-337,-1177,1672,7,36737,0
36762119,36747,1,394,0,-501,503,-454,1674,7,36747,0
36772126,36757,1,390,0,-340,1339,53,1675,7,36757,0
36782118,36767,1,389,0,-172,2160,893,1676,7,36767,0
36792120,36777,1,385,0,-428,2959,2554,1677,7,36777,0
36802118,36787,1,382,0,-362,3724,3091,1678,7,36787,0
36812126,36797,1,377,0,-406,4450,3746,1680,7,36797,0
36822118,36807,1,374,0,-318,5125,4449,1681,7,36807,0
36832119,36817,1,372,0,-260,5745,5025,1682,7,36817,0
36842124,36827,1,369,0,-223,6300,5670,1683,7,36827,0
36852118,36837,1,367,0,-201,6786,6148,1684,7,36837,0
36862118,36847,1,366,0,-142,7195,6803,1686,7,36847,0
36872118,36857,1,365,0,-84,7525,7145,1687,7,36857,0
36882126,36867,1,365,0,-18,7770,7467,1688,7,36867,0
36892120,36877,1,365,0,18,7928,7702,1689,7,36877,0
36902118,36887,1,366,0,69,7996,7819,1690,7,36887,0
36912125,36897,1,367,0,106,7975,7887,1692,7,36897,0
36922118,36907,1,369,0,150,7863,7858,1693,7,36907,0
36932119,36917,1,371,0,201,7663,7916,1694,7,36917,0
36942118,36927,1,373,0,260,7375,7506,1695,7,36927,0
36952126,36937,1,376,0,296,7003,7213,1696,7,36937,0
36962121,36947,1,379,0,326,6552,6754,1698,7,36947,0
36972118,36957,1,382,0,369,6026,6471,1699,7,36957,0
36982122,36967,1,386,0,362,5431,5865,1700,7,36967,0
36992118,36977,1,390,0,362,4774,5230,1701,7,36977,0
37002118,36987,1,394,0,413,4061,4683,1702,7,36987,0
37012122,36997,1,398,0,457,3301,3863,1704,7,36997,0
37022126,37007,1,402,0,421,2503,3228,1705,7,37007,0
37032121,37017,1,407,0,479,1676,2378,1706,7,37017,0
37042118,37027,1,411,0,399,829,1616,1707,7,37027,0
37052122,37037,1,415,0,443,-27,825,1708,7,37037,0
37062122,37047,1,419,0,318,-885,278,1710,7,37047,0
37072118,37057,1,421,0,157,-1732,-385,1711,7,37057,0
37082119,37067,1,423,0,252,-2561,-1841,1712,7,37067,0
37092126,37077,1,427,0,326,-3360,-2632,1713,7,37077,0
37102118,37087,1,430,0,296,-4121,-3394,1714,7,37087,0
37112118,37097,1,434,0,326,-4834,-4195,1716,7,37097,0
37122122,37107,1,436,0,274,-5493,-4957,1717,7,37107,0
37132121,37117,1,438,0,179,-6087,-5533,1718,7,37117,0
37142118,37127,1,440,0,128,-6611,-5982,1719,7,37127,0
37152118,37137,1,441,0,91,-7058,-6647,1720,7,37137,0
37162130,37147,1,442,0,62,-7424,-7037,1722,7,37147,0
37172118,37157,1,442,0,10,-7702,-7409,1723,7,37157,0
37182119,37167,1,441,0,-54,-7891,-7653,1724,7,37167,0
37192122,37177,1,441,0,-98,-7987,-7799,1725,7,37177,0
37202122,37187,1,440,0,-91,-7989,-7956,1726,7,37187,0
37212118,37197,1,438,0,-201,-7897,-7877,1728,7,37197,0
37222118,37207,1,436,0,-179,-7712,-7936,1729,7,37207,0
37232129,37217,1,434,0,-230,-7436,-7653,1730,7,37217,0
37242118,37227,1,431,0,-289,-7072,-7399,1731,7,37227,0
37252122,37237,1,428,0,-340,-6624,-6959,1732,7,37237,0
37262121,37247,1,424,0,-369,-6097,-6617,1734,7,37247,0
37272118,37257,1,421,0,-369,-5498,-5963,1735,7,37257,0
37282118,37267,1,417,0,-406,-4833,-5269,1736,7,37267,0
37292118,37277,1,413,0,-406,-4110,-4761,1737,7,37277,0
37302130,37287,1,408,0,-472,-3336,-4029,1738,7,37287,0
37312118,37297,1,404,0,-428,-2524,-3218,1740,7,37297,0
37322120,37307,1,399,0,-457,-1680,-2456,1741,7,37307,0
37332123,37317,1,395,0,-443,-816,-1587,1742,7,37317,0
37342118,37327,1,390,0,-421,57,-854,1743,7,37327,0
37352122,37337,1,387,0,-377,932,-249,1744,7,37337,0
37362118,37347,1,385,0,-113,1796,395,1746,7,37347,0
37372127,37357,1,382,0,-326,2640,1978,1747,7,37357,0
37382118,37367,1,379,0,-333,3451,2739,1748,7,37367,0
37392118,37377,1,375,0,-362,4222,3560,1749,7,37377,0
37402126,37387,1,372,0,-340,4942,4195,1750,7,37387,0
37412118,37397,1,369,0,-296,5603,4967,1752,7,37397,0
37422121,37407,1,367,0,-267,6197,5543,1753,7,37407,0
37432119,37417,1,366,0,-179,6715,6305,1754,7,37417,0
37442126,37427,1,364,0,-120,7153,6695,1755,7,37427,0
37452122,37437,1,364,0,-62,7504,7096,1756,7,37437,0
37462118,37447,1,364,0,-18,7764,7448,1758,7,37447,0
37472124,37457,1,364,0,54,7929,7692,1759,7,37457,0
37482118,37467,1,365,0,84,7997,7887,1760,7,37467,0
37492122,37477,1,367,0,142,7968,7819,1761,7,37477,0
37502118,37487,1,368,0,172,7842,7887,1762,7,37487,0
37512126,37497,1,371,0,230,7618,7897,1764,7,37497,0
37522120,37507,1,373,0,274,7302,7467,1765,7,37507,0
37532119,37517,1,376,0,326,6895,7233,1766,7,37517,0
37542126,37527,1,379,0,340,6403,6754,1767,7,37527,0
37552118,37537,1,383,0,333,5833,6363,1768,7,37537,0
37562118,37547,1,387,0,369,5189,5621,1770,7,37547,0
37572120,37557,1,391,0,406,4481,5015,1771,7,37557,0
37582126,37567,1,395,0,399,3716,4341,1772,7,37567,0
37592121,37577,1,400,0,457,2906,3609,1773,7,37577,0
37602118,37587,1,404,0,472,2059,2778,1774,7,37587,0
37612124,37597,1,409,0,421,1185,1987,1776,7,37597,0
37622118,37607,1,413,0,457,297,1147,1777,7,37607,0
37632119,37617,1,417,0,369,-595,493,1778,7,37617,0
37642121,37627,1,419,0,216,-1481,-112,1779,7,37627,0
37652126,37637,1,421,0,164,-2350,-1186,1780,7,37637,0
37662120,37647,1,425,0,355,-3189,-2573,1782,7,37647,0
37672119,37657,1,428,0,377,-3989,-3326,1783,7,37657,0
37682122,37667,1,432,0,355,-4740,-4117,1784,7,37667,0
37692122,37677,1,435,0,318,-5431,-4771,1785,7,37677,0
37702118,37687,1,437,0,282,-6054,-5601,1786,7,37687,0
37712119,37697,1,438,0,164,-6602,-6139,1788,7,37697,0
37722126,37707,1,440,0,120,-7068,-6520,1789,7,37707,0
37732119,37717,1,440,0,54,-7443,-7076,1790,7,37717,0
37742122,37727,1,441,0,3,-7725,-7418,1791,7,37727,0
37752122,37737,1,440,0,-32,-7910,-7643,1792,7,37737,0
37762120,37747,1,440,0,-69,-7994,-7838,1794,7,37747,0
37772118,37757,1,438,0,-128,-7977,-7926,1795,7,37757,0
37782119,37767,1,437,0,-157,-7858,-7995,1796,7,37767,0
37792126,37777,1,435,0,-238,-7639,-7672,1797,7,37777,0
37802118,37787,1,433,0,-223,-7323,-7526,1798,7,37787,0
37812120,37797,1,430,0,-267,-6913,-7330,1800,7,37797,0
37822122,37807,1,427,0,-296,-6414,-6832,1801,7,37807,0
37832121,37817,1,423,0,-318,-5833,-6295,1802,7,37817,0
37842118,37827,1,420,0,-347,-5177,-5768,1803,7,37827,0
37852118,37837,1,416,0,-428,-4454,-5064,1804,7,37837,0
37862127,37847,1,412,0,-377,-3672,-4293,1806,7,37847,0
37872118,37857,1,407,0,-443,-2845,-3638,1807,7,37857,0
37882122,37867,1,403,0,-413,-1978,-2710,1808,7,37867,0
37892122,37877,1,399,0,-421,-1086,-1948,1809,7,37877,0
37902118,37887,1,395,0,-435,-180,-1050,1810,7,37887,0
37912118,37897,1,391,0,-406,728,-415,1812,7,37897,0
37922118,37907,1,389,0,-208,1629,170,1813,7,37907,0
37932131,37917,1,388,0,-120,2510,1655,1814,7,37917,0
37942118,37927,1,384,0,-377,3357,2564,1815,7,37927,0
37952119,37937,1,381,0,-355,4162,3404,1816,7,37937,0
37962122,37947,1,377,0,-296,4914,4078,1818,7,37947,0
37972118,37957,1,375,0,-245,5601,4869,1819,7,37957,0
37982122,37967,1,372,0,-245,6217,5514,1820,7,37967,0
37992118,37977,1,371,0,-172,6751,6305,1821,7,37977,0
38002128,37987,1,370,0,-106,7197,6725,1822,7,37987,0
38012118,37997,1,369,0,-54,7549,7145,1824,7,37997,0
38022118,38007,1,369,0,-10,7802,7506,1825,7,38007,0
38032127,38017,1,370,0,40,7953,7760,1826,7,38017,0
38042118,38027,1,371,0,98,7999,7897,1827,7,38027,0
38052120,38037,1,372,0,135,7940,7838,1828,7,38037,0
38062118,38047,1,374,0,164,7776,7838,1830,7,38047,0
38072126,38057,1,376,0,208,7509,7838,1831,7,38057,0
38082118,38067,1,379,0,274,7143,7350,1832,7,38067,0
38092118,38077,1,382,0,318,6682,7067,1833,7,38077,0
38102124,38087,1,385,0,355,6132,6529,1834,7,38087,0
38112118,38097,1,388,0,340,5500,6109,1836,7,38097,0
38122118,38107,1,392,0,355,4795,5289,1837,7,38107,0
38132119,38117,1,396,0,421,4025,4595,1838,7,38117,0
38142126,38127,1,400,0,391,3201,3902,1839,7,38127,0
38152120,38137,1,405,0,450,2334,3111,1840,7,38137,0
38162118,38147,1,409,0,377,1435,2231,1842,7,38147,0
38172126,38157,1,413,0,428,516,1382,1843,7,38157,0
38182118,38167,1,417,0,355,-409,639,1844,7,38167,0
38192118,38177,1,420,0,274,-1330,4,1845,7,38177,0
38202118,38187,1,421,0,135,-2234,-962,1846,7,38187,0
38212126,38197,1,424,0,362,-3109,-2612,1848,7,38197,0
38222121,38207,1,427,0,274,-3942,-3169,1849,7,38207,0
38232119,38217,1,430,0,260,-4723,-3951,1850,7,38217,0
38242122,38227,1,433,0,216,-5440,-4771,1851,7,38227,0
38252118,38237,1,435,0,157,-6084,-5367,1852,7,38237,0
38262118,38247,1,437,0,179,-6647,-6051,1854,7,38247,0
38272122,38257,1,438,0,91,-7119,-6617,1855,7,38257,0
38282126,38267,1,438,0,69,-7495,-7037,1856,7,38267,0
38292120,38277,1,438,0,-3,-7770,-7467,1857,7,38277,0
38302118,38287,1,438,0,-47,-7939,-7702,1858,7,38287,0
38312122,38297,1,437,0,-69,-7999,-7926,1860,7,38297,0
38322122,38307,1,436,0,-106,-7951,-7965,1861,7,38307,0
38332119,38317,1,434,0,-164,-7794,-7809,1862,7,38317,0
38342120,38327,1,432,0,-223,-7530,-7643,1863,7,38327,0
38352126,38337,1,430,0,-230,-7163,-7496,1864,7,38337,0
38362118,38347,1,427,0,-282,-6697,-7115,1866,7,38347,0
38372118,38357,1,424,0,-304,-6139,-6666,1867,7,38357,0
38382122,38367,1,421,0,-311,-5496,-6031,1868,7,38367,0
38392120,38377,1,417,0,-355,-4778,-5318,1869,7,38377,0
38402118,38387,1,413,0,-399,-3993,-4752,1870,7,38387,0
38412118,38397,1,409,0,-406,-3152,-3843,1872,7,38397,0
38422126,38407,1,405,0,-413,-2266,-3062,1873,7,38407,0
38432119,38417,1,401,0,-384,-1350,-2163,1874,7,38417,0
38442120,38427,1,397,0,-450,-414,-1284,1875,7,38427,0
38452122,38437,1,393,0,-369,528,-581,1876,7,38437,0
38462121,38447,1,390,0,-252,1464,73,1878,7,38447,0
38472118,38457,1,389,0,-91,2380,1020,1879,7,38457,0
38482118,38467,1,386,0,-384,3263,2778,1880,7,38467,0
38492126,38477,1,383,0,-333,4102,3257,1881,7,38477,0
38502118,38487,1,380,0,-274,4883,4087,1882,7,38487,0
38512121,38497,1,377,0,-238,5597,4800,1884,7,38497,0
38522122,38507,1,375,0,-216,6233,5562,1885,7,38507,0
38532119,38517,1,374,0,-179,6782,6217,1886,7,38517,0
38542118,38527,1,373,0,-98,7236,6695,1887,7,38527,0
38552118,38537,1,372,0,-69,7589,7184,1888,7,38537,0
38562130,38547,1,372,0,-10,7835,7565,1890,7,38547,0
38572118,38557,1,372,0,54,7971,7760,1891,7,38557,0
38582120,38567,1,374,0,98,7995,7877,1892,7,38567,0
38592122,38577,1,375,0,150,7905,7868,1893,7,38577,0
38602118,38587,1,377,0,164,7704,7877,1894,7,38587,0
38612122,38597,1,379,0,223,7393,7604,1896,7,38597,0
38622118,38607,1,381,0,267,6978,7233,1897,7,38607,0
38632127,38617,1,384,0,274,6463,6705,1898,7,38617,0
38642118,38627,1,387,0,347,5856,6275,1899,7,38627,0
38652118,38637,1,390,0,369,5165,5641,1900,7,38637,0
38662122,38647,1,394,0,347,4400,5064,1902,7,38647,0
38672118,38657,1,398,0,369,3572,4175,1903,7,38657,0
38682120,38667,1,402,0,399,2692,3492,1904,7,38667,0
38692118,38677,1,406,0,377,1773,2583,1905,7,38677,0
38702126,38687,1,410,0,428,828,1645,1906,7,38687,0
38712118,38697,1,413,0,318,-128,884,1908,7,38697,0
38722118,38707,1,416,0,245,-1084,288,1909,7,38707,0
38732125,38717,1,418,0,201,-2025,-717,1910,7,38717,0
38742118,38727,1,420,0,245,-2937,-2427,1911,7,38727,0
38752121,38737,1,423,0,340,-3808,-3013,1912,7,38737,0
38762118,38747,1,426,0,311,-4624,-3931,1914,7,38747,0
38772125,38757,1,429,0,304,-5375,-4664,1915,7,38757,0
38782118,38767,1,431,0,230,-6047,-5514,1916,7,38767,0
38792118,38777,1,432,0,106,-6632,-6070,1917,7,38777,0
38802125,38787,1,433,0,120,-7122,-6608,1918,7,38787,0
38812118,38797,1,434,0,47,-7509,-7096,1920,7,38797,0
38822118,38807,1,434,0,3,-7786,-7496,1921,7,38807,0
38832119,38817,1,433,0,-54,-7951,-7741,1922,7,38817,0
38842124,38827,1,432,0,-106,-7999,-7907,1923,7,38827,0
38852121,38837,1,431,0,-120,-7931,-8024,1924,7,38837,0
38862118,38847,1,429,0,-194,-7747,-7741,1926,7,38847,0
38872124,38857,1,427,0,-230,-7449,-7633,1927,7,38857,0
38882118,38867,1,425,0,-238,-7042,-7487,1928,7,38867,0
38892118,38877,1,422,0,-289,-6532,-7008,1929,7,38877,0
38902122,38887,1,419,0,-318,-5925,-6539,1930,7,38887,0
38912124,38897,1,415,0,-340,-5231,-5836,1932,7,38897,0
38922120,38907,1,412,0,-333,-4459,-5054,1933,7,38907,0
38932119,38917,1,408,0,-413,-3621,-4400,1934,7,38917,0
38942122,38927,1,404,0,-377,-2729,-3492,1935,7,38927,0
38952118,38937,1,400,0,-384,-1797,-2603,1936,7,38937,0
38962118,38947,1,396,0,-399,-837,-1753,1938,7,38947,0
38972120,38957,1,392,0,-362,135,-854,1939,7,38957,0
38982124,38967,1,389,0,-362,1107,-190,1940,7,38967,0
38992118,38977,1,388,0,-84,2062,571,1941,7,38977,0
39002118,38987,1,386,0,-296,2988,2368,1942,7,38987,0
39012122,38997,1,383,0,-296,3870,2945,1944,7,38997,0
39022119,39007,1,380,0,-260,4694,3863,1945,7,39007,0
39032119,39017,1,377,0,-223,5449,4615,1946,7,39017,0
39042121,39027,1,375,0,-201,6123,5396,1947,7,39027,0
39052124,39037,1,374,0,-208,6706,6100,1948,7,39037,0
39062118,39047,1,372,0,-120,7188,6656,1950,7,39047,0
39072118,39057,1,372,0,-69,7564,7155,1951,7,39057,0
39082122,39067,1,372,0,-10,7826,7536,1952,7,39067,0
39092121,39077,1,372,0,47,7970,7750,1953,7,39077,0
39102118,39087,1,373,0,91,7994,7887,1954,7,39087,0
39112117,39097,1,374,0,128,7898,7858,1956,7,39097,0
39122124,39107,1,376,0,164,7683,7916,1957,7,39107,0
39132119,39117,1,379,0,216,7351,7487,1958,7,39117,0
39142122,39127,1,381,0,245,6908,7115,1959,7,39127,0
39152122,39137,1,383,0,245,6360,6695,1960,7,39137,0
39162119,39147,1,387,0,296,5716,6139,1962,7,39147,0
39172118,39157,1,390,0,347,4984,5445,1963,7,39157,0
39182118,39167,1,394,0,362,4176,4879,1964,7,39167,0
39192127,39177,1,397,0,333,3303,4048,1965,7,39177,0
39202118,39187,1,401,0,421,2381,3150,1966,7,39187,0
39212120,39197,1,405,0,384,1421,2319,1968,7,39197,0
39222122,39207,1,409,0,333,438,1372,1969,7,39207,0
39232119,39217,1,412,0,369,-550,551,1970,7,39217,0
39242118,39227,1,414,0,208,-1531,-73,1971,7,39227,0
39252118,39237,1,415,0,76,-2490,-1196,1972,7,39237,0
39262126,39247,1,418,0,384,-3412,-2788,1974,7,39247,0
39272118,39257,1,421,0,304,-4281,-3501,1975,7,39257,0
39282118,39267,1,424,0,267,-5084,-4244,1976,7,39267,0
39292125,39277,1,426,0,267,-5811,-5221,1977,7,39277,0
39302118,39287,1,427,0,142,-6447,-5894,1978,7,39287,0
39312120,39297,1,428,0,113,-6985,-6363,1980,7,39297,0
39322118,39307,1,429,0,62,-7415,-6969,1981,7,39307,0
39332129,39317,1,429,0,-3,-7731,-7399,1982,7,39317,0
39342118,39327,1,429,0,-47,-7926,-7672,1983,7,39327,0
39352117,39337,1,428,0,-98,-7999,-7858,1984,7,39337,0
39362124,39347,1,426,0,-150,-7948,-7936,1986,7,39347,0
39372118,39357,1,425,0,-164,-7773,-7907,1987,7,39357,0
39382122,39367,1,423,0,-194,-7476,-7702,1988,7,39367,0
39392118,39377,1,420,0,-267,-7063,-7360,1989,7,39377,0
39402124,39387,1,417,0,-274,-6540,-6793,1990,7,39387,0
39412118,39397,1,414,0,-318,-5914,-6412,1992,7,39397,0
39422118,39407,1,411,0,-369,-5195,-5738,1993,7,39407,0
39432126,39417,1,407,0,-362,-4393,-5103,1994,7,39417,0
39442118,39427,1,404,0,-362,-3524,-4214,1995,7,39427,0
39452119,39437,1,400,0,-391,-2598,-3413,1996,7,39437,0
39462118,39447,1,396,0,-377,-1630,-2525,1998,7,39447,0
39472124,39457,1,392,0,-406,-636,-1528,1999,7,39457,0
39482122,39467,1,388,0,-399,367,-737,2000,7,39467,0
39492118,39477,1,385,0,-260,1366,-112,2001,7,39477,0
39502123,39487,1,385,0,-54,2345,1001,2002,7,39487,0
39512118,39497,1,382,0,-311,3286,2495,2004,7,39497,0
39522118,39507,1,379,0,-289,4176,3404,2005,7,39507,0
39532123,39517,1,376,0,-267,5001,4283,2006,7,39517,0
39542124,39527,1,374,0,-223,5747,5054,2007,7,39527,0
39552120,39537,1,372,0,-172,6401,5680,2008,7,39537,0
39562118,39547,1,371,0,-135,6954,6422,2010,7,39547,0
39572122,39557,1,370,0,-69,7397,6910,2011,7,39557,0
39582122,39567,1,370,0,-25,7722,7291,2012,7,39567,0
39592118,39577,1,370,0,10,7924,7663,2013,7,39577,0
39602121,39587,1,371,0,76,7999,7887,2014,7,39587,0
39612124,39597,1,372,0,106,7946,7858,2016,7,39597,0
39622122,39607,1,373,0,142,7766,7868,2017,7,39607,0
39632118,39617,1,376,0,201,7461,7604,2018,7,39617,0
39642122,39627,1,377,0,208,7036,7291,2019,7,39627,0
39652119,39637,1,380,0,245,6497,6910,2020,7,39637,0
39662118,39647,1,383,0,252,5854,6422,2022,7,39647,0
39672121,39657,1,386,0,282,5116,5699,2023,7,39657,0
39682124,39667,1,389,0,318,4294,4927,2024,7,39667,0
39692118,39677,1,393,0,377,3403,4224,2025,7,39677,0
39702120,39687,1,397,0,347,2456,3277,2026,7,39687,0
39712122,39697,1,401,0,384,1469,2300,2028,7,39697,0
39722121,39707,1,404,0,391,458,1411,2029,7,39707,0
39732119,39717,1,408,0,326,-561,590,2030,7,39717,0
39742119,39727,1,410,0,201,-1572,-63,2031,7,39727,0
39752125,39737,1,410,0,25,-2558,-1343,2032,7,39737,0
39762118,39747,1,413,0,274,-3503,-2661,2034,7,39747,0
39772121,39757,1,416,0,245,-4391,-3550,2035,7,39757,0
39782122,39767,1,418,0,201,-5209,-4302,2036,7,39767,0
39792119,39777,1,421,0,208,-5941,-5181,2037,7,39777,0
39802118,39787,1,422,0,150,-6576,-5973,2038,7,39787,0
39812118,39797,1,423,0,98,-7104,-6520,2040,7,39797,0
39822127,39807,1,423,0,32,-7517,-7057,2041,7,39807,0
39832119,39817,1,423,0,-3,-7805,-7516,2042,7,39817,0
39842120,39827,1,423,0,-47,-7965,-7760,2043,7,39827,0
39852122,39837,1,422,0,-120,-7994,-7897,2044,7,39837,0
39862118,39847,1,420,0,-135,-7892,-7995,2046,7,39847,0
39872122,39857,1,418,0,-194,-7659,-7750,2047,7,39857,0
39882118,39867,1,417,0,-216,-7299,-7623,2048,7,39867,0
39892126,39877,1,414,0,-267,-6818,-7340,2049,7,39877,0
39902118,39887,1,411,0,-311,-6225,-6725,2050,7,39887,0
39912120,39897,1,408,0,-333,-5527,-6236,2052,7,39897,0
39922121,39907,1,405,0,-347,-4737,-5484,2053,7,39907,0
39932119,39917,1,401,0,-340,-3868,-4576,2054,7,39917,0
39942120,39927,1,397,0,-406,-2934,-3706,2055,7,39927,0
39952118,39937,1,394,0,-377,-1951,-2866,2056,7,39937,0
39962128,39947,1,390,0,-347,-934,-1860,2058,7,39947,0
39972118,39957,1,386,0,-384,97,-913,2059,7,39957,0
39982118,39967,1,383,0,-326,1128,-249,2060,7,39967,0
39992124,39977,1,383,0,-62,2142,581,2061,7,39977,0
40002118,39987,1,381,0,-296,3120,2466,2062,7,39987,0
40012122,39997,1,377,0,-296,4046,3091,2064,7,39997,0
40022117,40007,1,375,0,-252,4905,4029,2065,7,40007,0
40032126,40017,1,372,0,-245,5682,4810,2066,7,40017,0
40042118,40027,1,371,0,-216,6363,5787,2067,7,40027,0
40052118,40037,1,369,0,-128,6937,6334,2068,7,40037,0
40062125,40047,1,368,0,-91,7396,6881,2070,7,40047,0
40072117,40057,1,368,0,-25,7729,7350,2071,7,40057,0
40082119,40067,1,368,0,18,7931,7663,2072,7,40067,0
40092118,40077,1,369,0,62,7999,7819,2073,7,40077,0
40102124,40087,1,370,0,113,7932,7965,2074,7,40087,0
40112122,40097,1,372,0,142,7730,7780,2076,7,40097,0
40122118,40107,1,374,0,179,7397,7653,2077,7,40107,0
40132125,40117,1,376,0,252,6937,7321,2078,7,40117,0
40142119,40127,1,378,0,252,6359,6647,2079,7,40127,0
40152118,40137,1,381,0,311,5673,6129,2080,7,40137,0
40162122,40147,1,384,0,318,4888,5387,2082,7,40147,0
40172124,40157,1,388,0,369,4020,4722,2083,7,40157,0
40182120,40167,1,391,0,340,3083,3853,2084,7,40167,0
40192118,40177,1,394,0,296,2092,3003,2085,7,40177,0
40202122,40187,1,398,0,347,1065,1948,2086,7,40187,0
40212118,40197,1,402,0,384,19,1030,2088,7,40197,0
40222118,40207,1,405,0,311,-1027,297,2089,7,40207,0
40232121,40217,1,406,0,135,-2057,-493,2090,7,40217,0
40242139,40227,1,407,0,40,-3054,-1968,2091,7,40227,0
40252118,40237,1,410,0,326,-3995,-3267,2092,7,40237,0
40262118,40247,1,412,0,296,-4869,-4039,2094,7,40247,0
40272122,40257,1,414,0,238,-5660,-5035,2095,7,40257,0
40282120,40267,1,416,0,142,-6354,-5709,2096,7,40267,0
40292118,40277,1,417,0,135,-6937,-6315,2097,7,40277,0
40302122,40287,1,418,0,47,-7401,-6940,2098,7,40287,0
40312137,40297,1,418,0,-3,-7736,-7389,2100,7,40297,0
40322118,40307,1,417,0,-54,-7937,-7692,2101,7,40307,0
40332119,40317,1,416,0,-98,-7999,-7868,2102,7,40317,0
40342122,40327,1,415,0,-128,-7923,-8014,2103,7,40327,0
40352121,40337,1,413,0,-186,-7708,-7799,2104,7,40337,0
40362118,40347,1,411,0,-216,-7358,-7653,2106,7,40347,0
40372118,40357,1,409,0,-274,-6880,-7330,2107,7,40357,0
40382138,40367,1,406,0,-296,-6279,-6695,2108,7,40367,0
40392118,40377,1,403,0,-326,-5570,-6197,2109,7,40377,0
40402122,40387,1,400,0,-355,-4762,-5455,2110,7,40387,0
40412122,40397,1,396,0,-362,-3870,-4683,2112,7,40397,0
40422120,40407,1,393,0,-355,-2910,-3706,2113,7,40407,0
40432119,40417,1,389,0,-391,-1897,-2759,2114,7,40417,0
40442118,40427,1,385,0,-377,-851,-1890,2115,7,40427,0
40452141,40437,1,382,0,-340,213,-884,2116,7,40437,0
40462118,40447,1,379,0,-223,1269,-219,2118,7,40447,0
40472119,40457,1,378,0,-113,2306,776,2119,7,40457,0
40482122,40467,1,376,0,-223,3304,2769,2120,7,40467,0
40492118,40477,1,373,0,-274,4242,3384,2121,7,40477,0
40502118,40487,1,371,0,-238,5106,4371,2122,7,40487,0
40512118,40497,1,369,0,-179,5880,5142,2124,7,40497,0
40522139,40507,1,367,0,-150,6551,5748,2125,7,40507,0
40532119,40517,1,366,0,-106,7103,6559,2126,7,40517,0
40542118,40527,1,365,0,-54,7530,7057,2127,7,40527,0
40552122,40537,1,365,0,-3,7823,7487,2128,7,40537,0
40562118,40547,1,366,0,32,7976,7741,2130,7,40547,0
40572120,40557,1,366,0,98,7986,7848,2131,7,40557,0
40582118,40567,1,367,0,113,7854,7926,2132,7,40567,0
40592141,40577,1,369,0,164,7580,7692,2133,7,40577,0
40602118,40587,1,371,0,186,7171,7565,2134,7,40587,0
40612118,40597,1,374,0,238,6632,7086,2136,7,40597,0
40622122,40607,1,376,0,274,5974,6588,2137,7,40607,0
40632119,40617,1,379,0,326,5208,5787,2138,7,40617,0
40642121,40627,1,382,0,318,4347,5172,2139,7,40627,0
40652118,40637,1,385,0,340,3407,4214,2140,7,40637,0
40662139,40647,1,389,0,296,2404,3306,2142,7,40647,0
40672118,40657,1,392,0,326,1360,2241,2143,7,40657,0
40682118,40667,1,396,0,340,289,1284,2144,7,40667,0
40692126,40677,1,399,0,340,-788,473,2145,7,40677,0
40702118,40687,1,400,0,135,-1850,-297,2146,7,40687,0
40712119,40697,1,401,0,98,-2880,-1567,2148,7,40697,0
40722118,40707,1,404,0,311,-3859,-3247,2149,7,40707,0
40732138,40717,1,407,0,296,-4769,-4000,2150,7,40717,0
40742122,40727,1,408,0,194,-5590,-4918,2151,7,40727,0
40752117,40737,1,410,0,157,-6310,-5631,2152,7,40737,0
40762124,40747,1,411,0,135,-6916,-6315,2154,7,40747,0
40772118,40757,1,412,0,62,-7395,-6871,2155,7,40757,0
40782118,40767,1,412,0,-3,-7739,-7369,2156,7,40767,0
40792118,40777,1,412,0,-47,-7942,-7692,2157,7,40777,0
40802139,40787,1,410,0,-69,-7999,-7897,2158,7,40787,0
40812120,40797,1,409,0,-113,-7908,-8034,2160,7,40797,0
40822118,40807,1,408,0,-172,-7673,-7760,2161,7,40807,0
40832123,40817,1,406,0,-186,-7296,-7614,2162,7,40817,0
40842118,40827,1,403,0,-252,-6784,-7242,2163,7,40827,0
40852118,40837,1,401,0,-267,-6147,-6549,2164,7,40837,0
40862120,40847,1,398,0,-326,-5395,-5953,2166,7,40847,0
40872139,40857,1,394,0,-355,-4542,-5181,2167,7,40857,0
40882121,40867,1,391,0,-369,-3607,-4449,2168,7,40867,0
40892118,40877,1,388,0,-347,-2604,-3501,2169,7,40877,0
40902122,40887,1,385,0,-311,-1551,-2476,2170,7,40887,0
40912118,40897,1,381,0,-377,-470,-1460,2172,7,40897,0
40922118,40907,1,378,0,-347,620,-600,2173,7,40907,0
40932122,40917,1,375,0,-267,1701,180,2174,7,40917,0
40942138,40927,1,376,0,10,2752,1352,2175,7,40927,0
40952118,40937,1,372,0,-318,3748,3150,2176,7,40937,0
40962118,40947,1,370,0,-274,4677,3980,2178,7,40947,0
40972122,40957,1,368,0,-216,5519,4781,2179,7,40957,0
40982121,40967,1,366,0,-172,6258,5523,2180,7,40967,0
40992118,40977,1,365,0,-150,6880,6266,2181,7,40977,0
41002120,40987,1,364,0,-69,7373,6852,2182,7,40987,0
41012139,40997,1,364,0,-3,7729,7301,2184,7,40997,0
41022118,41007,1,364,0,25,7938,7643,2185,7,41007,0
41032122,41017,1,365,0,69,7999,7887,2186,7,41017,0
41042122,41027,1,367,0,120,7909,7829,2187,7,41027,0
41052120,41037,1,368,0,150,7669,7809,2188,7,41037,0
41062118,41047,1,371,0,223,7285,7604,2190,7,41047,0
41072118,41057,1,372,0,230,6762,7018,2191,7,41057,0
41082142,41067,1,375,0,260,6110,6520,2192,7,41067,0
41092118,41077,1,378,0,267,5345,5865,2193,7,41077,0
41102120,41087,1,381,0,318,4476,5094,2194,7,41087,0
41112122,41097,1,385,0,347,3521,4214,2196,7,41097,0
41122118,41107,1,388,0,347,2500,3472,2197,7,41107,0
41132119,41117,1,391,0,326,1430,2407,2198,7,41117,0
41142118,41127,1,395,0,289,332,1391,2199,7,41127,0
41152141,41137,1,398,0,252,-774,542,2200,7,41137,0
41162118,41147,1,399,0,76,-1862,-190,2202,7,41147,0
41172121,41157,1,400,0,91,-2918,-2007,2203,7,41157,0
41182122,41167,1,403,0,223,-3918,-2984,2204,7,41167,0
41192118,41177,1,405,0,201,-4843,-3970,2205,7,41177,0
41202118,41187,1,407,0,172,-5677,-4771,2206,7,41187,0
41212118,41197,1,409,0,179,-6401,-5660,2208,7,41197,0
41222142,41207,1,410,0,84,-7005,-6393,2209,7,41207,0
41232119,41217,1,410,0,40,-7471,-6930,2210,7,41217,0
41242118,41227,1,411,0,10,-7795,-7438,2211,7,41227,0
41252122,41237,1,410,0,-40,-7969,-7750,2212,7,41237,0
41262118,41247,1,409,0,-84,-7989,-7965,2214,7,41247,0
41272122,41257,1,408,0,-142,-7854,-7897,2215,7,41257,0
41282118,41267,1,406,0,-164,-7568,-7780,2216,7,41267,0
41292141,41277,1,404,0,-208,-7134,-7399,2217,7,41277,0
41302118,41287,1,402,0,-216,-6563,-6979,2218,7,41287,0
41312118,41297,1,399,0,-252,-5864,-6442,2220,7,41297,0
41322126,41307,1,396,0,-282,-5049,-5777,2221,7,41307,0
41332119,41317,1,393,0,-282,-4138,-4908,2222,7,41317,0
41342120,41327,1,390,0,-296,-3144,-3980,2223,7,41327,0
41352118,41337,1,386,0,-362,-2089,-3042,2224,7,41337,0
41362138,41347,1,383,0,-362,-990,-1987,2226,7,41347,0
41372118,41357,1,380,0,-311,124,-1079,2227,7,41357,0
41382118,41367,1,377,0,-267,1238,-239,2228,7,41367,0
41392123,41377,1,376,0,-113,2330,717,2229,7,41377,0
41402118,41387,1,375,0,-106,3376,2534,2230,7,41387,0
41412118,41397,1,372,0,-282,4356,3326,2232,7,41397,0
41422118,41407,1,370,0,-260,5251,4420,2233,7,41407,0
41432139,41417,1,368,0,-223,6046,5289,2234,7,41417,0
41442121,41427,1,366,0,-135,6718,6031,2235,7,41427,0
41452118,41437,1,365,0,-120,7260,6735,2236,7,41437,0
41462126,41447,1,365,0,-54,7659,7252,2238,7,41447,0
41472118,41457,1,365,0,3,7907,7604,2239,7,41457,0
41482118,41467,1,366,0,54,7999,7789,2240,7,41467,0
41492118,41477,1,367,0,98,7933,7868,2241,7,41477,0
41502139,41487,1,368,0,135,7708,7838,2242,7,41487,0
41512122,41497,1,370,0,179,7332,7653,2244,7,41497,0
41522118,41507,1,372,0,201,6810,7096,2245,7,41507,0
41532119,41517,1,375,0,230,6152,6627,2246,7,41517,0
41542117,41527,1,377,0,230,5371,6070,2247,7,41527,0
41552118,41537,1,380,0,260,4483,5240,2248,7,41537,0
41562122,41547,1,383,0,252,3505,4390,2250,7,41547,0
41572139,41557,1,387,0,289,2454,3365,2251,7,41557,0
41582119,41567,1,390,0,304,1358,2271,2252,7,41567,0
41592118,41577,1,393,0,340,232,1255,2253,7,41577,0
41602122,41587,1,396,0,318,-898,463,2254,7,41587,0
41612122,41597,1,396,0,3,-2012,-297,2256,7,41597,0
41622118,41607,1,397,0,150,-3086,-2329,2257,7,41607,0
41632121,41617,1,400,0,208,-4098,-3208,2258,7,41617,0
41642139,41627,1,402,0,179,-5031,-4087,2259,7,41627,0
41652118,41637,1,404,0,164,-5859,-5054,2260,7,41637,0
41662121,41647,1,405,0,128,-6571,-5894,2262,7,41647,0
41672121,41657,1,406,0,76,-7151,-6490,2263,7,41657,0
41682120,41667,1,407,0,32,-7587,-7096,2264,7,41667,0
41692118,41677,1,406,0,-3,-7870,-7575,2265,7,41677,0
41702118,41687,1,406,0,-62,-7994,-7838,2266,7,41687,0
41712141,41697,1,405,0,-106,-7955,-7907,2268,7,41697,0
41722118,41707,1,403,0,-120,-7756,-7956,2269,7,41707,0
41732121,41717,1,402,0,-179,-7399,-7565,2270,7,41717,0
41742122,41727,1,399,0,-201,-6891,-7272,2271,7,41727,0
41752121,41737,1,397,0,-223,-6243,-6910,2272,7,41737,0
41762118,41747,1,394,0,-274,-5468,-6188,2274,7,41747,0
41772118,41757,1,391,0,-296,-4580,-5484,2275,7,41757,0
41782136,41767,1,388,0,-304,-3597,-4537,2276,7,41767,0
41792118,41777,1,385,0,-296,-2543,-3531,2277,7,41777,0
41802122,41787,1,382,0,-318,-1435,-2417,2278,7,41787,0
41812122,41797,1,379,0,-326,-297,-1333,2280,7,41797,0
41822118,41807,1,375,0,-333,846,-463,2281,7,41807,0
41832121,41817,1,374,0,-150,1974,288,2282,7,41817,0
41842118,41827,1,374,0,-25,3062,1694,2283,7,41827,0
41852137,41837,1,371,0,-238,4090,3413,2284,7,41837,0
41862118,41847,1,369,0,-208,5030,4117,2286,7,41847,0
41872120,41857,1,367,0,-208,5869,4888,2287,7,41857,0
41882122,41867,1,366,0,-172,6587,5973,2288,7,41867,0
41892118,41877,1,364,0,-91,7169,6568,2289,7,41877,0
41902122,41887,1,364,0,-47,7604,7096,2290,7,41887,0
41912118,41897,1,364,0,-10,7882,7575,2292,7,41897,0
41922136,41907,1,365,0,54,7997,7838,2293,7,41907,0
41932119,41917,1,366,0,106,7945,7838,2294,7,41917,0
41942118,41927,1,367,0,142,7729,7848,2295,7,41927,0
41952125,41937,1,369,0,186,7352,7545,2296,7,41937,0
41962118,41947,1,372,0,194,6823,7262,2298,7,41947,0
41972120,41957,1,374,0,238,6150,6735,2299,7,41957,0
41982118,41967,1,377,0,267,5350,6158,2300,7,41967,0
41992135,41977,1,380,0,282,4435,5260,2301,7,41977,0
42002122,41987,1,383,0,267,3431,4410,2302,7,41987,0
42012118,41997,1,386,0,318,2353,3296,2304,7,41997,0
42022123,42007,1,390,0,296,1224,2183,2305,7,42007,0
42032119,42017,1,393,0,326,71,1147,2306,7,42017,0
42042122,42027,1,395,0,267,-1085,346,2307,7,42027,0
42052118,42037,1,395,0,18,-2219,-503,2308,7,42037,0
42062135,42047,1,397,0,179,-3308,-2554,2310,7,42047,0
42072120,42057,1,400,0,216,-4326,-3413,2311,7,42057,0
42082118,42067,1,402,0,164,-5254,-4302,2312,7,42067,0
42092126,42077,1,404,0,179,-6073,-5279,2313,7,42077,0
42102118,42087,1,405,0,120,-6763,-6090,2314,7,42087,0
42112118,42097,1,406,0,76,-7311,-6666,2316,7,42097,0
42122120,42107,1,406,0,32,-7705,-7252,2317,7,42107,0
42132136,42117,1,406,0,-18,-7936,-7682,2318,7,42117,0
42142122,42127,1,405,0,-84,-7998,-7877,2319,7,42127,0
42152118,42137,1,404,0,-113,-7891,-7916,2320,7,42137,0
42162124,42147,1,403,0,-150,-7616,-7829,2322,7,42147,0
42172118,42157,1,401,0,-179,-7180,-7448,2323,7,42157,0
42182118,42167,1,399,0,-208,-6591,-6998,2324,7,42167,0
42192122,42177,1,397,0,-238,-5860,-6520,2325,7,42177,0
42202134,42187,1,394,0,-260,-5003,-5797,2326,7,42187,0
42212119,42197,1,391,0,-274,-4042,-5006,2328,7,42197,0
42222118,42207,1,388,0,-289,-2992,-4000,2329,7,42207,0
42232123,42217,1,385,0,-274,-1878,-2964,2330,7,42217,0
42242122,42227,1,382,0,-282,-723,-1811,2331,7,42227,0
42252118,42237,1,379,0,-230,447,-864,2332,7,42237,0
42262120,42247,1,377,0,-179,1609,-34,2334,7,42247,0
42272135,42257,1,378,0,-10,2739,1216,2335,7,42257,0
42282118,42267,1,375,0,-296,3807,3081,2336,7,42267,0
42292122,42277,1,373,0,-252,4796,3951,2337,7,42277,0
42302121,42287,1,371,0,-179,5681,4908,2338,7,42287,0
42312120,42297,1,370,0,-142,6445,5689,2340,7,42297,0
42322118,42307,1,369,0,-91,7070,6432,2341,7,42307,0
42332119,42317,1,369,0,-40,7542,6989,2342,7,42317,0
42342136,42327,1,369,0,3,7852,7477,2343,7,42327,0
42352118,42337,1,369,0,47,7991,7770,2344,7,42337,0
42362120,42347,1,371,0,106,7958,7965,2346,7,42347,0
42372122,42357,1,372,0,142,7752,7760,2347,7,42357,0
42382118,42367,1,374,0,172,7377,7653,2348,7,42367,0
42392118,42377,1,376,0,223,6842,7360,2349,7,42377,0
42402118,42387,1,379,0,260,6158,6578,2350,7,42387,0
42412137,42397,1,381,0,304,5337,5934,2352,7,42397,0
42422118,42407,1,384,0,296,4403,5054,2353,7,42407,0
42432123,42417,1,387,0,362,3371,4185,2354,7,42417,0
42442122,42427,1,390,0,355,2264,3140,2355,7,42427,0
42452118,42437,1,394,0,311,1108,2212,2356,7,42437,0
42462118,42447,1,397,0,296,-72,1118,2358,7,42447,0
42472118,42457,1,399,0,260,-1253,258,2359,7,42457,0
42482141,42467,1,400,0,54,-2409,-805,2360,7,42467,0
42492118,42477,1,401,0,150,-3507,-2554,2361,7,42477,0
42502118,42487,1,404,0,260,-4532,-3687,2362,7,42487,0
42512122,42497,1,406,0,223,-5458,-4664,2364,7,42497,0
42522118,42507,1,407,0,142,-6263,-5465,2365,7,42507,0
42532123,42517,1,409,0,150,-6931,-6285,2366,7,42517,0
42542118,42527,1,409,0,76,-7446,-6940,2367,7,42527,0
42552138,42537,1,409,0,3,-7798,-7409,2368,7,42537,0
42562118,42547,1,409,0,-47,-7976,-7731,2370,7,42547,0
42572118,42557,1,408,0,-91,-7978,-7868,2371,7,42557,0
42582126,42567,1,407,0,-106,-7804,-7868,2372,7,42567,0
42592117,42577,1,405,0,-172,-7456,-7731,2373,7,42577,0
42602120,42587,1,403,0,-216,-6942,-7448,2374,7,42587,0
42612118,42597,1,401,0,-230,-6274,-6695,2376,7,42597,0
42622136,42607,1,399,0,-260,-5464,-6051,2377,7,42607,0
42632118,42617,1,396,0,-267,-4536,-5260,2378,7,42617,0
42642118,42627,1,393,0,-274,-3504,-4322,2379,7,42627,0
42652123,42637,1,390,0,-274,-2393,-3277,2380,7,42637,0
42662118,42647,1,387,0,-296,-1228,-2241,2382,7,42647,0
42672118,42657,1,384,0,-311,-36,-1147,2383,7,42657,0
42682118,42667,1,381,0,-260,1157,-336,2384,7,42667,0
42692136,42677,1,381,0,18,2328,532,2385,7,42677,0
42702120,42687,1,380,0,-135,3444,2612,2386,7,42687,0
42712118,42697,1,378,0,-216,4484,3355,2388,7,42697,0
42722125,42707,1,376,0,-216,5425,4507,2389,7,42707,0
42732119,42717,1,374,0,-164,6243,5465,2390,7,42717,0
42742118,42727,1,373,0,-128,6921,6139,2391,7,42727,0
42752118,42737,1,372,0,-69,7444,6891,2392,7,42737,0
42762136,42747,1,372,0,-18,7799,7409,2394,7,42747,0
42772121,42757,1,372,0,32,7978,7721,2395,7,42757,0
42782118,42767,1,374,0,76,7976,7877,2396,7,42767,0
42792122,42777,1,375,0,120,7794,7848,2397,7,42777,0
42802119,42787,1,376,0,150,7436,7789,2398,7,42787,0
42812118,42797,1,378,0,208,6908,7213,2400,7,42797,0
42822122,42807,1,381,0,216,6223,6666,2401,7,42807,0
42832137,42817,1,383,0,208,5395,6109,2402,7,42817,0
42842120,42827,1,385,0,238,4447,5279,2403,7,42827,0
42852118,42837,1,388,0,230,3396,4390,2404,7,42837,0
42862122,42847,1,391,0,252,2267,3306,2406,7,42847,0
42872122,42857,1,394,0,260,1085,2212,2407,7,42857,0
42882118,42867,1,397,0,238,-120,1089,2408,7,42867,0
42892120,42877,1,400,0,238,-1326,190,2409,7,42877,0
42902137,42887,1,401,0,10,-2503,-649,2410,7,42887,0
42912118,42897,1,401,0,47,-3619,-2642,2412,7,42897,0
42922118,42907,1,404,0,245,-4655,-3824,2413,7,42907,0
42932123,42917,1,405,0,186,-5585,-4781,2414,7,42917,0
42942120,42927,1,407,0,135,-6386,-5562,2415,7,42927,0
42952118,42937,1,408,0,106,-7041,-6442,2416,7,42937,0
42962118,42947,1,409,0,40,-7534,-7057,2418,7,42947,0
42972136,42957,1,409,0,3,-7855,-7526,2419,7,42957,0
42982118,42967,1,408,0,-54,-7994,-7770,2420,7,42967,0
42992120,42977,1,407,0,-76,-7948,-7887,2421,7,42977,0
43002122,42987,1,406,0,-120,-7719,-7897,2422,7,42987,0
43012122,42997,1,404,0,-179,-7311,-7594,2424,7,42997,0
43022118,43007,1,402,0,-186,-6734,-7174,2425,7,43007,0
43032119,43017,1,400,0,-216,-5999,-6647,2426,7,43017,0
43042138,43027,1,397,0,-289,-5124,-5992,2427,7,43027,0
43052118,43037,1,395,0,-296,-4133,-5006,2428,7,43037,0
43062121,43047,1,392,0,-326,-3044,-4078,2430,7,43047,0
43072122,43057,1,389,0,-326,-1882,-2896,2431,7,43057,0
43082118,43067,1,386,0,-333,-677,-1821,2432,7,43067,0
43092118,43077,1,383,0,-318,543,-747,2433,7,43077,0
43102118,43087,1,381,0,-186,1753,63,2434,7,43087,0
43112141,43097,1,382,0,3,2925,1421,2436,7,43097,0
43122118,43107,1,380,0,-201,4024,3228,2437,7,43107,0
43132121,43117,1,378,0,-194,5032,3970,2438,7,43117,0
43142122,43127,1,376,0,-201,5922,5084,2439,7,43127,0
43152118,43137,1,375,0,-142,6674,5934,2440,7,43137,0
43162122,43147,1,374,0,-84,7270,6598,2442,7,43147,0
43172118,43157,1,374,0,-32,7694,7194,2443,7,43157,0
43182138,43167,1,374,0,3,7939,7633,2444,7,43167,0
43192118,43177,1,374,0,54,7996,7868,2445,7,43177,0
43202119,43187,1,376,0,106,7865,7936,2446,7,43187,0
43212121,43197,1,377,0,128,7548,7770,2448,7,43197,0
43222118,43207,1,379,0,172,7053,7379,2449,7,43207,0
43232121,43217,1,381,0,208,6390,6832,2450,7,43217,0
43242118,43227,1,383,0,194,5577,6295,2451,7,43227,0
43252136,43237,1,385,0,245,4629,5474,2452,7,43237,0
43262118,43247,1,388,0,260,3574,4625,2454,7,43247,0
43272118,43257,1,391,0,282,2432,3492,2455,7,43257,0
43282123,43267,1,394,0,282,1231,2427,2456,7,43267,0
43292118,43277,1,396,0,274,2,1186,2457,7,43277,0
43302122,43287,1,399,0,252,-1228,297,2458,7,43287,0
43312118,43297,1,398,0,-18,-2430,-669,2460,7,43297,0
43322133,43307,1,399,0,135,-3576,-2759,2461,7,43307,0
43332119,43317,1,402,0,157,-4635,-3511,2462,7,43317,0
43342118,43327,1,404,0,201,-5584,-4703,2463,7,43327,0
43352125,43337,1,405,0,106,-6401,-5621,2464,7,43337,0
43362118,43347,1,405,0,62,-7064,-6315,2466,7,43347,0
43372117,43357,1,406,0,32,-7559,-7018,2467,7,43357,0
43382118,43367,1,406,0,-10,-7873,-7545,2468,7,43367,0
43392128,43377,1,405,0,-69,-7997,-7819,2469,7,43377,0
43402122,43387,1,404,0,-98,-7930,-7956,2470,7,43387,0
43412118,43397,1,403,0,-142,-7671,-7868,2472,7,43397,0
43422124,43407,1,401,0,-157,-7228,-7526,2473,7,43407,0
43432119,43417,1,399,0,-216,-6610,-7047,2474,7,43417,0
43442118,43427,1,397,0,-223,-5833,-6539,2475,7,43427,0
43452122,43437,1,394,0,-252,-4914,-5777,2476,7,43437,0
43462133,43447,1,391,0,-282,-3875,-4927,2478,7,43447,0
43472120,43457,1,389,0,-282,-2744,-3843,2479,7,43457,0
43482118,43467,1,385,0,-274,-1544,-2759,2480,7,43467,0
43492122,43477,1,382,0,-289,-307,-1538,2481,7,43477,0
43502118,43487,1,380,0,-230,938,-600,2482,7,43487,0
43512118,43497,1,380,0,-32,2161,356,2484,7,43497,0
43522120,43507,1,379,0,-54,3332,2192,2485,7,43507,0
43532129,43517,1,377,0,-201,4424,3452,2486,7,43517,0
43542118,43527,1,375,0,-164,5406,4410,2487,7,43527,0
43552118,43537,1,373,0,-186,6258,5308,2488,7,43537,0
43562121,43547,1,372,0,-98,6958,6246,2490,7,43547,0
43572120,43557,1,371,0,-62,7488,6930,2491,7,43557,0
43582118,43567,1,372,0,3,7835,7438,2492,7,43567,0
43592122,43577,1,372,0,32,7991,7741,2493,7,43577,0
43602123,43587,1,373,0,84,7951,7897,2494,7,43587,0
43612118,43597,1,374,0,128,7715,7838,2496,7,43597,0
43622118,43607,1,376,0,172,7291,7663,2497,7,43607,0
43632123,43617,1,377,0,172,6686,7076,2498,7,43617,0
43642122,43627,1,380,0,201,5917,6568,2499,7,43627,0
43652118,43637,1,382,0,238,5002,5934,2500,7,43637,0
43662118,43647,1,385,0,289,3963,4869,2502,7,43647,0
43672140,43657,1,388,0,311,2824,3921,2503,7,43657,0
43682118,43667,1,390,0,304,1619,2681,2504,7,43667,0
43692122,43677,1,393,0,311,371,1518,2505,7,43677,0
43702122,43687,1,396,0,267,-886,551,2506,7,43687,0
43712119,43697,1,395,0,-40,-2123,-239,2508,7,43697,0
43722118,43707,1,396,0,98,-3307,-2280,2509,7,43707,0
43732119,43717,1,399,0,201,-4410,-3345,2510,7,43717,0
43742143,43727,1,401,0,208,-5406,-4400,2511,7,43727,0
43752117,43737,1,402,0,106,-6264,-5465,2512,7,43737,0
43762120,43747,1,403,0,98,-6968,-6266,2514,7,43747,0
43772118,43757,1,404,0,54,-7500,-6959,2515,7,43757,0
43782118,43767,1,404,0,-3,-7844,-7496,2516,7,43767,0
43792122,43777,1,403,0,-62,-7993,-7770,2517,7,43777,0
43802118,43787,1,402,0,-98,-7943,-7868,2518,7,43787,0
43812141,43797,1,400,0,-120,-7693,-7877,2520,7,43797,0
43822118,43807,1,399,0,-172,-7252,-7545,2521,7,43807,0
43832119,43817,1,397,0,-194,-6628,-7203,2522,7,43817,0
43842121,43827,1,395,0,-238,-5838,-6559,2523,7,43827,0
43852118,43837,1,392,0,-282,-4901,-5758,2524,7,43837,0
43862120,43847,1,389,0,-304,-3840,-4664,2526,7,43847,0
43872118,43857,1,386,0,-318,-2683,-3677,2527,7,43857,0
43882143,43867,1,384,0,-326,-1453,-2437,2528,7,43867,0
43892118,43877,1,381,0,-311,-194,-1343,2529,7,43877,0
43902118,43887,1,379,0,-230,1074,-473,2530,7,43887,0
43912120,43897,1,378,0,3,2316,385,2532,7,43897,0
43922118,43907,1,378,0,-69,3500,2398,2533,7,43907,0
43932122,43917,1,376,0,-230,4596,3609,2534,7,43917,0
43942117,43927,1,374,0,-201,5576,4693,2535,7,43927,0
43952138,43937,1,372,0,-142,6418,5533,2536,7,43937,0
43962119,43947,1,371,0,-98,7093,6422,2538,7,43947,0
43972118,43957,1,371,0,-47,7591,7076,2539,7,43957,0
43982122,43967,1,371,0,-3,7895,7545,2540,7,43967,0
43992118,43977,1,372,0,32,7999,7789,2541,7,43977,0
44002120,43987,1,372,0,84,7900,7887,2542,7,43987,0
44012119,43997,1,374,0,120,7599,7799,2544,7,43997,0
44022138,44007,1,376,0,172,7103,7506,2545,7,44007,0
44032123,44017,1,377,0,179,6428,6901,2546,7,44017,0
44042118,44027,1,379,0,201,5587,6315,2547,7,44027,0
44052119,44037,1,382,0,252,4603,5592,2548,7,44037,0
44062118,44047,1,385,0,282,3501,4429,2550,7,44047,0
44072118,44057,1,387,0,311,2308,3394,2551,7,44057,0
44082122,44067,1,390,0,318,1055,2085,2552,7,44067,0
44092138,44077,1,393,0,289,-226,991,2553,7,44077,0
44102120,44087,1,394,0,120,-1499,219,2554,7,44087,0
44112118,44097,1,394,0,25,-2736,-1098,2556,7,44097,0
44122118,44107,1,396,0,194,-3903,-3003,2557,7,44107,0
44132123,44117,1,398,0,201,-4971,-4107,2558,7,44117,0
44142118,44127,1,399,0,135,-5910,-5045,2559,7,44127,0
44152120,44137,1,400,0,113,-6697,-5875,2560,7,44137,0
44162138,44147,1,401,0,62,-7313,-6686,2562,7,44147,0
44172122,44157,1,401,0,10,-7737,-7282,2563,7,44157,0
44182118,44167,1,401,0,-32,-7963,-7672,2564,7,44167,0
44192118,44177,1,400,0,-76,-7982,-7907,2565,7,44177,0
44202120,44187,1,399,0,-120,-7795,-7897,2566,7,44187,0
44212118,44197,1,397,0,-142,-7405,-7750,2568,7,44197,0
44222122,44207,1,395,0,-201,-6822,-7213,2569,7,44207,0
44232139,44217,1,394,0,-208,-6060,-6627,2570,7,44217,0
44242118,44227,1,391,0,-216,-5143,-5963,2571,7,44227,0
44252120,44237,1,389,0,-252,-4090,-5084,2572,7,44237,0
44262117,44247,1,385,0,-274,-2930,-4078,2574,7,44247,0
44272122,44257,1,383,0,-289,-1692,-2905,2575,7,44257,0
44282118,44267,1,380,0,-274,-410,-1743,2576,7,44267,0
44292120,44277,1,377,0,-296,882,-561,2577,7,44277,0
44302139,44287,1,376,0,-194,2155,376,2578,7,44287,0
44312118,44297,1,377,0,47,3368,1899,2580,7,44297,0
44322121,44307,1,375,0,-172,4495,3677,2581,7,44307,0
44332119,44317,1,373,0,-208,5505,4478,2582,7,44317,0
44342120,44327,1,371,0,-150,6371,5592,2583,7,44327,0
44352118,44337,1,371,0,-113,7069,6373,2584,7,44337,0
44362118,44347,1,370,0,-40,7581,7037,2586,7,44347,0
44372142,44357,1,370,0,-25,7895,7545,2587,7,44357,0
44382118,44367,1,371,0,47,7999,7838,2588,7,44367,0
44392120,44377,1,372,0,91,7893,7838,2589,7,44377,0
44402118,44387,1,373,0,128,7579,7789,2590,7,44387,0
44412118,44397,1,374,0,172,7063,7409,2592,7,44397,0
44422122,44407,1,376,0,186,6360,7057,2593,7,44407,0
44432119,44417,1,379,0,238,5489,6178,2594,7,44417,0
44442139,44427,1,381,0,267,4469,5260,2595,7,44427,0
44452118,44437,1,384,0,260,3335,4185,2596,7,44437,0
44462118,44447,1,387,0,274,2109,3101,2598,7,44447,0
44472118,44457,1,389,0,223,827,1978,2599,7,44457,0
44482118,44467,1,392,0,186,-477,932,2600,7,44467,0
44492120,44477,1,393,0,128,-1770,43,2601,7,44477,0
44502118,44487,1,392,0,-32,-3016,-1538,2602,7,44487,0
44512138,44497,1,395,0,201,-4185,-3286,2604,7,44497,0
44522118,44507,1,396,0,157,-5238,-4244,2605,7,44507,0
44532119,44517,1,398,0,157,-6154,-5289,2606,7,44517,0
44542120,44527,1,399,0,91,-6905,-6178,2607,7,44527,0
44552118,44537,1,399,0,18,-7471,-6862,2608,7,44537,0
44562122,44547,1,399,0,-10,-7838,-7448,2610,7,44547,0
44572118,44557,1,399,0,-62,-7994,-7799,2611,7,44557,0
44582138,44567,1,397,0,-98,-7935,-7956,2612,7,44567,0
44592118,44577,1,396,0,-142,-7664,-7750,2613,7,44577,0
44602118,44587,1,394,0,-172,-7185,-7575,2614,7,44587,0
44612121,44597,1,392,0,-230,-6513,-7174,2616,7,44597,0
44622118,44607,1,390,0,-245,-5665,-6256,2617,7,44607,0
44632118,44617,1,387,0,-260,-4664,-5435,2618,7,44617,0
44642118,44627,1,384,0,-252,-3536,-4420,2619,7,44627,0
44652138,44637,1,382,0,-282,-2310,-3326,2620,7,44637,0
44662122,44647,1,379,0,-252,-1025,-2114,2622,7,44647,0
44672118,44657,1,376,0,-282,289,-1020,2623,7,44657,0
44682120,44667,1,374,0,-186,1597,-151,2624,7,44667,0
44692118,44677,1,374,0,-3,2862,1069,2625,7,44677,0
44702118,44687,1,373,0,-84,4051,3120,2626,7,44687,0
44712122,44697,1,371,0,-194,5130,4263,2628,7,44697,0
44722137,44707,1,369,0,-157,6070,5142,2629,7,44707,0
44732120,44717,1,367,0,-128,6843,5963,2630,7,44717,0
44742118,44727,1,367,0,-62,7432,6793,2631,7,44727,0
44752118,44737,1,367,0,-18,7818,7379,2632,7,44737,0
44762118,44747,1,367,0,32,7990,7721,2634,7,44747,0
44772118,44757,1,368,0,69,7944,7887,2635,7,44757,0
44782120,44767,1,369,0,120,7681,7799,2636,7,44767,0
44792138,44777,1,371,0,150,7206,7663,2637,7,44777,0
44802118,44787,1,372,0,194,6536,6959,2638,7,44787,0
44812118,44797,1,375,0,201,5685,6315,2640,7,44797,0
44822118,44807,1,377,0,216,4678,5621,2641,7,44807,0
44832121,44817,1,380,0,252,3541,4595,2642,7,44817,0
44842118,44827,1,382,0,260,2307,3550,2643,7,44827,0
44852122,44837,1,385,0,274,1008,2222,2644,7,44837,0
44862138,44847,1,388,0,289,-321,971,2646,7,44847,0
44872118,44857,1,389,0,142,-1637,112,2647,7,44857,0
44882118,44867,1,389,0,40,-2911,-1216,2648,7,44867,0
44892118,44877,1,390,0,150,-4105,-3208,2649,7,44877,0
44902122,44887,1,392,0,201,-5187,-4244,2650,7,44887,0
44912118,44897,1,394,0,128,-6125,-5230,2652,7,44897,0
44922117,44907,1,395,0,98,-6893,-6061,2653,7,44907,0
44932139,44917,1,395,0,62,-7473,-6862,2654,7,44917,0
44942118,44927,1,395,0,3,-7842,-7457,2655,7,44927,0
44952122,44937,1,395,0,-54,-7996,-7799,2656,7,44937,0
44962118,44947,1,394,0,-84,-7926,-7916,2658,7,44947,0
44972119,44957,1,393,0,-120,-7636,-7907,2659,7,44957,0
44982118,44967,1,391,0,-164,-7134,-7487,2660,7,44967,0
44992118,44977,1,389,0,-194,-6432,-7067,2661,7,44977,0
45002142,44987,1,387,0,-252,-5548,-6285,2662,7,44987,0
45012118,44997,1,385,0,-238,-4513,-5269,2664,7,44997,0
45022120,45007,1,382,0,-245,-3349,-4322,2665,7,45007,0
45032119,45017,1,379,0,-238,-2091,-3208,2666,7,45017,0
45042118,45027,1,377,0,-223,-774,-2036,2667,7,45027,0
45052118,45037,1,374,0,-194,565,-971,2668,7,45037,0
45062118,45047,1,372,0,-194,1889,102,2670,7,45047,0
45072140,45057,1,373,0,32,3163,1518,2671,7,45057,0
45082118,45067,1,372,0,-179,4344,3472,2672,7,45067,0
45092118,45077,1,370,0,-194,5406,4429,2673,7,45077,0
45102118,45087,1,369,0,-135,6316,5445,2674,7,45087,0
45112118,45097,1,368,0,-91,7048,6227,2676,7,45097,0
45122119,45107,1,367,0,-47,7582,6989,2677,7,45107,0
45132119,45117,1,367,0,3,7902,7545,2678,7,45117,0
45142142,45127,1,368,0,54,7999,7819,2679,7,45127,0
45152118,45137,1,369,0,98,7869,7868,2680,7,45137,0
45162118,45147,1,371,0,135,7517,7848,2682,7,45147,0
45172118,45157,1,372,0,164,6952,7301,2683,7,45157,0
45182118,45167,1,374,0,201,6189,6813,2684,7,45167,0
45192121,45177,1,376,0,223,5250,6197,2685,7,45177,0
45202118,45187,1,379,0,274,4161,5035,2686,7,45187,0
45212138,45197,1,382,0,311,2951,3990,2688,7,45197,0
45222118,45207,1,384,0,274,1662,2691,2689,7,45207,0
45232119,45217,1,387,0,230,321,1518,2690,7,45217,0
45242122,45227,1,389,0,172,-1028,620,2691,7,45227,0
45252118,45237,1,389,0,69,-2348,-444,2692,7,45237,0
45262120,45247,1,389,0,-18,-3603,-2280,2694,7,45247,0
45272118,45257,1,392,0,179,-4754,-3833,2695,7,45257,0
45282138,45267,1,393,0,150,-5773,-4800,2696,7,45267,0
45292122,45277,1,394,0,128,-6623,-5768,2697,7,45277,0
45302118,45287,1,395,0,62,-7285,-6588,2698,7,45287,0
45312120,45297,1,395,0,10,-7738,-7242,2700,7,45297,0
45322118,45307,1,395,0,-25,-7970,-7672,2701,7,45307,0
45332119,45317,1,394,0,-76,-7972,-7897,2702,7,45317,0
45342118,45327,1,393,0,-120,-7745,-7897,2703,7,45327,0
45352138,45337,1,392,0,-142,-7294,-7672,2704,7,45337,0
45362120,45347,1,390,0,-186,-6634,-7106,2706,7,45347,0
45372118,45357,1,388,0,-194,-5782,-6432,2707,7,45357,0
45382118,45367,1,385,0,-216,-4762,-5709,2708,7,45367,0
45392118,45377,1,383,0,-252,-3605,-4703,2709,7,45377,0
45402118,45387,1,381,0,-274,-2342,-3599,2710,7,45387,0
45412120,45397,1,378,0,-296,-1011,-2251,2712,7,45397,0
45422138,45407,1,375,0,-304,351,-1010,2713,7,45407,0
45432123,45417,1,374,0,-98,1700,-161,2714,7,45417,0
45442118,45427,1,374,0,10,3002,1274,2715,7,45427,0
45452118,45437,1,373,0,-179,4217,3423,2716,7,45437,0
45462118,45447,1,372,0,-142,5311,4322,2718,7,45447,0
45472118,45457,1,370,0,-128,6251,5299,2719,7,45457,0
45482122,45467,1,369,0,-91,7009,6236,2720,7,45467,0
45492138,45477,1,369,0,-32,7563,6949,2721,7,45477,0
45502118,45487,1,369,0,-3,7896,7477,2722,7,45487,0
45512119,45497,1,370,0,54,7999,7819,2724,7,45497,0
45522118,45507,1,371,0,106,7868,7956,2725,7,45507,0
45532123,45517,1,372,0,135,7507,7663,2726,7,45517,0
45542118,45527,1,374,0,179,6926,7379,2727,7,45527,0
45552120,45537,1,376,0,216,6142,6901,2728,7,45537,0
45562138,45547,1,379,0,245,5175,5846,2730,7,45547,0
45572118,45557,1,381,0,252,4060,4918,2731,7,45557,0
45582121,45567,1,384,0,230,2823,3843,2732,7,45567,0
45592118,45577,1,386,0,230,1503,2681,2733,7,45577,0
45602121,45587,1,389,0,194,137,1548,2734,7,45587,0
45612118,45597,1,391,0,223,-1232,424,2736,7,45597,0
45622118,45607,1,391,0,-10,-2566,-639,2737,7,45607,0
45632143,45617,1,391,0,84,-3829,-2866,2738,7,45617,0
45642118,45627,1,394,0,164,-4972,-3912,2739,7,45627,0
45652120,45637,1,395,0,186,-5973,-4918,2740,7,45637,0
45662118,45647,1,396,0,98,-6796,-5973,2742,7,45647,0
45672118,45657,1,397,0,47,-7419,-6754,2743,7,45657,0
45682118,45667,1,397,0,10,-7822,-7389,2744,7,45667,0
45692118,45677,1,396,0,-40,-7994,-7760,2745,7,45677,0
45702145,45687,1,395,0,-91,-7927,-7926,2746,7,45687,0
45712118,45697,1,394,0,-128,-7626,-7838,2748,7,45697,0
45722121,45707,1,393,0,-164,-7097,-7536,2749,7,45707,0
45732119,45717,1,391,0,-186,-6357,-6920,2750,7,45717,0
45742118,45727,1,389,0,-208,-5427,-6275,2751,7,45727,0
45752118,45737,1,386,0,-260,-4335,-5387,2752,7,45737,0
45762118,45747,1,384,0,-289,-3113,-4097,2754,7,45747,0
45772142,45757,1,381,0,-296,-1794,-2945,2755,7,45757,0
45782118,45767,1,379,0,-260,-428,-1616,2756,7,45767,0
45792118,45777,1,377,0,-194,955,-659,2757,7,45777,0
45802118,45787,1,375,0,-91,2310,288,2758,7,45787,0
45812118,45797,1,376,0,54,3597,2212,2760,7,45797,0
45822121,45807,1,374,0,-157,4776,3775,2761,7,45807,0
45832119,45817,1,372,0,-179,5813,4703,2762,7,45817,0
45842140,45827,1,372,0,-120,6676,5875,2763,7,45827,0
45852118,45837,1,371,0,-76,7336,6656,2764,7,45837,0
45862118,45847,1,371,0,-25,7777,7272,2766,7,45847,0
45872122,45857,1,371,0,18,7984,7692,2767,7,45857,0
45882118,45867,1,372,0,62,7950,7848,2768,7,45867,0
45892120,45877,1,372,0,106,7676,7829,2769,7,45877,0
45902118,45887,1,374,0,135,7170,7526,2770,7,45887,0
45912138,45897,1,376,0,172,6445,7125,2772,7,45897,0
45922121,45907,1,378,0,194,5528,6168,2773,7,45907,0
45932119,45917,1,380,0,208,4442,5357,2774,7,45917,0
45942120,45927,1,382,0,216,3221,4439,2775,7,45927,0
45952118,45937,1,385,0,260,1901,3120,2776,7,45937,0
45962118,45947,1,387,0,282,523,1782,2778,7,45947,0
45972118,45957,1,389,0,157,-871,717,2779,7,45957,0
45982137,45967,1,390,0,40,-2242,-239,2780,7,45967,0
45992120,45977,1,390,0,-32,-3541,-2153,2781,7,45977,0
46002118,45987,1,391,0,142,-4734,-3775,2782,7,45987,0
46012122,45997,1,393,0,142,-5784,-4752,2784,7,45997,0
46022118,46007,1,394,0,98,-6658,-5777,2785,7,46007,0
46032119,46017,1,394,0,40,-7328,-6627,2786,7,46017,0
46042120,46027,1,394,0,3,-7775,-7301,2787,7,46027,0
46052138,46037,1,394,0,-40,-7984,-7711,2788,7,46037,0
46062122,46047,1,393,0,-76,-7948,-7916,2790,7,46047,0
46072117,46057,1,392,0,-128,-7669,-7926,2791,7,46057,0
46082118,46067,1,390,0,-150,-7154,-7467,2792,7,46067,0
46092118,46077,1,389,0,-186,-6420,-7037,2793,7,46077,0
46102119,46087,1,386,0,-238,-5487,-6432,2794,7,46087,0
46112122,46097,1,384,0,-267,-4385,-5250,2796,7,46097,0
46122138,46107,1,381,0,-274,-3146,-4175,2797,7,46107,0
46132121,46117,1,379,0,-252,-1814,-2915,2798,7,46117,0
46142118,46127,1,376,0,-238,-423,-1724,2799,7,46127,0
46152118,46137,1,374,0,-164,981,-737,2800,7,46137,0
46162122,46147,1,374,0,-40,2357,376,2802,7,46147,0
46172118,46157,1,374,0,25,3659,2153,2803,7,46157,0
46182120,46167,1,372,0,-208,4849,3746,2804,7,46167,0
46192138,46177,1,371,0,-186,5891,4996,2805,7,46177,0
46202118,46187,1,369,0,-106,6748,5885,2806,7,46187,0
46212122,46197,1,369,0,-54,7397,6686,2808,7,46197,0
46222118,46207,1,369,0,-3,7817,7321,2809,7,46207,0
46232122,46217,1,369,0,40,7994,7731,2810,7,46217,0
46242118,46227,1,370,0,91,7922,7936,2811,7,46227,0
46252118,46237,1,371,0,120,7604,7770,2812,7,46237,0
46262141,46247,1,373,0,150,7047,7477,2814,7,46247,0
46272118,46257,1,375,0,201,6273,6822,2815,7,46257,0
46282120,46267,1,377,0,201,5301,6139,2816,7,46267,0
46292118,46277,1,380,0,223,4164,5221,2817,7,46277,0
46302122,46287,1,382,0,274,2895,4166,2818,7,46287,0
46312118,46297,1,385,0,289,1536,2720,2820,7,46297,0
46322118,46307,1,387,0,282,128,1401,2821,7,46307,0
46332137,46317,1,389,0,142,-1287,493,2822,7,46317,0
46342118,46327,1,389,0,54,-2657,-766,2823,7,46327,0
46352122,46337,1,389,0,32,-3948,-2749,2824,7,46337,0
46362118,46347,1,391,0,150,-5114,-4117,2826,7,46347,0
46372117,46357,1,393,0,120,-6120,-5123,2827,7,46357,0
46382120,46367,1,394,0,91,-6935,-6100,2828,7,46367,0
46392118,46377,1,394,0,47,-7531,-6871,2829,7,46377,0
46402139,46387,1,394,0,3,-7890,-7506,2830,7,46387,0
46412117,46397,1,394,0,-47,-7999,-7819,2832,7,46397,0
46422119,46407,1,393,0,-84,-7856,-7926,2833,7,46407,0
46432119,46417,1,392,0,-128,-7465,-7809,2834,7,46417,0
46442118,46427,1,390,0,-164,-6837,-7262,2835,7,46427,0
46452122,46437,1,389,0,-186,-5993,-6715,2836,7,46437,0
46462118,46447,1,386,0,-223,-4958,-6002,2838,7,46447,0
46472136,46457,1,384,0,-267,-3763,-4722,2839,7,46457,0
46482118,46467,1,382,0,-260,-2453,-3560,2840,7,46467,0
46492118,46477,1,379,0,-208,-1062,-2300,2841,7,46477,0
46502122,46487,1,377,0,-201,363,-1167,2842,7,46487,0
46512118,46497,1,375,0,-223,1777,-83,2844,7,46497,0
46522120,46507,1,376,0,120,3135,1245,2845,7,46507,0
46532119,46517,1,375,0,-128,4394,3472,2846,7,46517,0
46542135,46527,1,374,0,-172,5515,4507,2847,7,46527,0
46552122,46537,1,372,0,-113,6457,5504,2848,7,46537,0
46562118,46547,1,372,0,-76,7195,6461,2850,7,46547,0
46572120,46557,1,372,0,-25,7703,7145,2851,7,46557,0
46582118,46567,1,372,0,10,7964,7614,2852,7,46567,0
46592118,46577,1,372,0,69,7970,7848,2853,7,46577,0
46602118,46587,1,374,0,113,7721,7858,2854,7,46587,0
46612134,46597,1,375,0,150,7223,7584,2856,7,46597,0
46622120,46607,1,377,0,150,6494,7125,2857,7,46607,0
46632119,46617,1,379,0,194,5556,6354,2858,7,46617,0
46642119,46627,1,381,0,245,4438,5338,2859,7,46627,0
46652118,46637,1,384,0,208,3177,4185,2860,7,46637,0
46662118,46647,1,386,0,201,1813,3052,2862,7,46647,0
46672120,46657,1,388,0,201,389,1880,2863,7,46657,0
46682134,46667,1,390,0,252,-1048,571,2864,7,46667,0
46692122,46677,1,390,0,-47,-2449,-327,2865,7,46677,0
46702118,46687,1,390,0,40,-3773,-2603,2866,7,46687,0
46712118,46697,1,392,0,179,-4976,-3912,2868,7,46697,0
46722118,46707,1,394,0,128,-6019,-5045,2869,7,46707,0
46732119,46717,1,394,0,84,-6866,-5963,2870,7,46717,0
46742122,46727,1,395,0,32,-7491,-6813,2871,7,46727,0
46752131,46737,1,395,0,-3,-7874,-7477,2872,7,46737,0
46762117,46747,1,394,0,-47,-7999,-7819,2874,7,46747,0
46772118,46757,1,394,0,-91,-7866,-7897,2875,7,46757,0
46782118,46767,1,392,0,-106,-7476,-7848,2876,7,46767,0
46792122,46777,1,391,0,-150,-6842,-7282,2877,7,46777,0
46802117,46787,1,389,0,-179,-5985,-6744,2878,7,46787,0
46812120,46797,1,387,0,-252,-4932,-5934,2880,7,46797,0
46822134,46807,1,384,0,-245,-3715,-4634,2881,7,46807,0
46832119,46817,1,382,0,-230,-2381,-3531,2882,7,46817,0
46842122,46827,1,380,0,-201,-966,-2319,2883,7,46827,0
46852118,46837,1,377,0,-223,480,-1089,2884,7,46837,0
46862119,46847,1,375,0,-230,1912,63,2886,7,46847,0
46872118,46857,1,377,0,98,3282,1431,2887,7,46857,0
46882118,46867,1,376,0,-128,4544,3706,2888,7,46867,0
46892132,46877,1,374,0,-157,5660,4673,2889,7,46877,0
46902118,46887,1,373,0,-128,6586,5621,2890,7,46887,0
46912120,46897,1,372,0,-69,7299,6578,2892,7,46897,0
46922118,46907,1,372,0,-25,7770,7233,2893,7,46907,0
46932119,46917,1,372,0,25,7986,7663,2894,7,46917,0
46942118,46927,1,373,0,62,7938,7887,2895,7,46927,0
46952118,46937,1,374,0,113,7629,7819,2896,7,46937,0
46962133,46947,1,376,0,157,7066,7575,2898,7,46947,0
46972118,46957,1,377,0,172,6271,6862,2899,7,46957,0
46982122,46967,1,379,0,179,5267,6148,2900,7,46967,0
46992118,46977,1,382,0,252,4088,5221,2901,7,46977,0
47002118,46987,1,384,0,245,2774,3794,2902,7,46987,0
47012118,46997,1,386,0,216,1366,2593,2904,7,46997,0
47022118,47007,1,388,0,164,-86,1450,2905,7,47007,0
47032136,47017,1,390,0,230,-1540,219,2906,7,47017,0
47042118,47027,1,389,0,-84,-2937,-991,2907,7,47027,0
47052118,47037,1,390,0,98,-4241,-3189,2908,7,47037,0
47062118,47047,1,392,0,172,-5403,-4390,2910,7,47047,0
47072118,47057,1,393,0,113,-6386,-5465,2911,7,47057,0
47082122,47067,1,394,0,69,-7156,-6373,2912,7,47067,0
47092118,47077,1,394,0,10,-7687,-7086,2913,7,47077,0
47102133,47087,1,394,0,-18,-7962,-7614,2914,7,47087,0
47112118,47097,1,393,0,-69,-7970,-7916,2916,7,47097,0
47122118,47107,1,392,0,-106,-7711,-7926,2917,7,47107,0
47132123,47117,1,390,0,-150,-7194,-7506,2918,7,47117,0
47142118,47127,1,389,0,-172,-6436,-7096,2919,7,47127,0
47152120,47137,1,387,0,-230,-5460,-6393,2920,7,47137,0
47162119,47147,1,384,0,-223,-4302,-5162,2922,7,47147,0
47172132,47157,1,382,0,-216,-2996,-4107,2923,7,47157,0
47182118,47167,1,380,0,-208,-1593,-2935,2924,7,47167,0
47192118,47177,1,377,0,-230,-133,-1626,2925,7,47177,0
47202120,47187,1,375,0,-260,1331,-444,2926,7,47187,0
47212118,47197,1,376,0,98,2751,561,2928,7,47197,0
47222118,47207,1,376,0,-54,4079,3003,2929,7,47207,0
47232119,47217,1,374,0,-164,5270,4214,2930,7,47217,0
47242131,47227,1,372,0,-106,6284,5240,2931,7,47227,0
47252119,47237,1,372,0,-84,7084,6295,2932,7,47237,0
47262118,47247,1,371,0,-54,7645,7028,2934,7,47247,0
47272122,47257,1,371,0,3,7947,7594,2935,7,47257,0
47282118,47267,1,372,0,40,7980,7829,2936,7,47267,0
47292118,47277,1,373,0,98,7742,7868,2937,7,47277,0
47302118,47287,1,374,0,113,7240,7604,2938,7,47287,0
47312132,47297,1,376,0,164,6492,7184,2940,7,47297,0
47322121,47307,1,377,0,186,5523,6236,2941,7,47307,0
47332119,47317,1,380,0,194,4366,5396,2942,7,47317,0
47342118,47327,1,382,0,223,3059,4371,2943,7,47327,0
47352118,47337,1,384,0,260,1647,2808,2944,7,47337,0
47362118,47347,1,386,0,172,179,1548,2946,7,47347,0
47372122,47357,1,388,0,150,-1296,551,2947,7,47357,0
47382131,47367,1,387,0,-62,-2729,-708,2948,7,47367,0
47392120,47377,1,388,0,84,-4067,-3023,2949,7,47377,0
47402118,47387,1,390,0,150,-5266,-4058,2950,7,47387,0
47412118,47397,1,390,0,106,-6286,-5289,2952,7,47397,0
47422122,47407,1,391,0,62,-7091,-6315,2953,7,47407,0
47432119,47417,1,392,0,18,-7653,-7067,2954,7,47417,0
47442120,47427,1,391,0,-18,-7951,-7584,2955,7,47427,0
47452131,47437,1,390,0,-62,-7976,-7858,2956,7,47437,0
47462118,47447,1,390,0,-106,-7727,-7897,2958,7,47447,0
47472118,47457,1,388,0,-135,-7212,-7575,2959,7,47457,0
47482118,47467,1,387,0,-179,-6447,-7213,2960,7,47467,0
47492121,47477,1,384,0,-216,-5460,-6197,2961,7,47477,0
47502118,47487,1,382,0,-186,-4284,-5269,2962,7,47487,0
47512118,47497,1,380,0,-194,-2959,-4234,2964,7,47497,0
47522131,47507,1,377,0,-238,-1529,-2915,2965,7,47507,0
47532119,47517,1,375,0,-260,-50,-1528,2966,7,47517,0
47542120,47527,1,374,0,-157,1433,-424,2967,7,47527,0
47552118,47537,1,374,0,-3,2867,815,2968,7,47537,0
47562121,47547,1,374,0,47,4203,2886,2970,7,47547,0
47572118,47557,1,372,0,-142,5393,4263,2971,7,47557,0
47582118,47567,1,371,0,-142,6396,5455,2972,7,47567,0
47592131,47577,1,370,0,-76,7178,6354,2973,7,47577,0
47602118,47587,1,370,0,-25,7708,7076,2974,7,47587,0
47612121,47597,1,370,0,10,7972,7633,2976,7,47597,0
47622118,47607,1,371,0,62,7957,7907,2977,7,47607,0
47632119,47617,1,372,0,106,7664,7760,2978,7,47617,0
47642118,47627,1,373,0,135,7104,7536,2979,7,47627,0
47652118,47637,1,375,0,172,6295,6910,2980,7,47637,0
47662135,47647,1,377,0,164,5264,6217,2982,7,47647,0
47672118,47657,1,379,0,216,4051,5152,2983,7,47657,0
47682120,47667,1,382,0,260,2695,3882,2984,7,47667,0
47692118,47677,1,384,0,216,1243,2485,2985,7,47677,0
47702118,47687,1,385,0,164,-252,1343,2986,7,47687,0
47712122,47697,1,388,0,223,-1740,92,2988,7,47697,0
47722118,47707,1,386,0,-98,-3167,-1264,2989,7,47707,0
47732134,47717,1,387,0,106,-4485,-3482,2990,7,47717,0
47742118,47727,1,389,0,150,-5642,-4576,2991,7,47727,0
47752118,47737,1,390,0,113,-6602,-5611,2992,7,47737,0
47762117,47747,1,390,0,62,-7330,-6598,2994,7,47747,0
47772118,47757,1,390,0,-3,-7800,-7291,2995,7,47757,0
47782120,47767,1,390,0,-40,-7994,-7721,2996,7,47767,0
47792118,47777,1,389,0,-91,-7906,-7916,2997,7,47777,0
47802133,47787,1,388,0,-128,-7538,-7799,2998,7,47787,0
47812118,47797,1,387,0,-150,-6903,-7536,3000,7,47797,0
47822118,47807,1,385,0,-172,-6023,-6656,3001,7,47807,0
47832121,47817,1,383,0,-201,-4929,-5885,3002,7,47817,0
47842118,47827,1,381,0,-201,-3660,-4957,3003,7,47827,0
47852122,47837,1,378,0,-274,-2260,-3482,3004,7,47837,0
47862118,47847,1,376,0,-267,-780,-2095,3006,7,47847,0
47872131,47857,1,374,0,-164,730,-942,3007,7,47857,0
47882118,47867,1,372,0,-142,2212,141,3008,7,47867,0
47892118,47877,1,374,0,98,3618,1890,3009,7,47877,0
47902122,47887,1,372,0,-164,4895,3853,3010,7,47887,0
47912118,47897,1,371,0,-128,5997,5015,3012,7,47897,0
47922118,47907,1,370,0,-98,6886,5982,3013,7,47907,0
47932119,47917,1,370,0,-54,7530,6842,3014,7,47917,0
47942133,47927,1,370,0,-3,7904,7477,3015,7,47927,0
47952122,47937,1,370,0,54,7995,7819,3016,7,47937,0
47962118,47947,1,371,0,76,7800,7858,3018,7,47947,0
47972120,47957,1,372,0,135,7324,7643,3019,7,47957,0
47982118,47967,1,374,0,150,6586,7174,3020,7,47967,0
47992118,47977,1,376,0,186,5611,6568,3021,7,47977,0
48002122,47987,1,378,0,230,4434,5308,3022,7,47987,0
48012133,47997,1,381,0,216,3096,4214,3024,7,47997,0
48022120,48007,1,383,0,179,1648,3091,3025,7,48007,0
48032119,48017,1,385,0,230,139,1616,3026,7,48017,0
48042118,48027,1,386,0,157,-1374,405,3027,7,48027,0
48052118,48037,1,387,0,-40,-2840,-698,3028,7,48037,0
48062118,48047,1,386,0,-10,-4204,-3003,3030,7,48047,0
48072120,48057,1,388,0,128,-5416,-4341,3031,7,48057,0
48082133,48067,1,389,0,113,-6434,-5367,3032,7,48067,0
48092118,48077,1,390,0,54,-7217,-6402,3033,7,48077,0
48102118,48087,1,390,0,18,-7740,-7164,3034,7,48087,0
48112118,48097,1,390,0,-18,-7983,-7672,3036,7,48097,0
48122119,48107,1,389,0,-69,-7936,-7907,3037,7,48107,0
48132119,48117,1,388,0,-120,-7601,-7819,3038,7,48117,0
48142122,48127,1,387,0,-142,-6989,-7575,3039,7,48127,0
48152133,48137,1,385,0,-157,-6122,-6764,3040,7,48137,0
48162118,48147,1,383,0,-179,-5034,-6041,3042,7,48147,0
48172118,48157,1,381,0,-238,-3761,-5006,3043,7,48157,0
48182118,48167,1,379,0,-252,-2350,-3472,3044,7,48167,0
48192122,48177,1,377,0,-208,-853,-2241,3045,7,48177,0
48202118,48187,1,375,0,-164,675,-1059,3046,7,48187,0
48212118,48197,1,374,0,-32,2179,73,3048,7,48197,0
48222135,48207,1,376,0,91,3607,1860,3049,7,48207,0
48232119,48217,1,374,0,-164,4899,3794,3050,7,48217,0
48242122,48227,1,372,0,-128,6015,4879,3051,7,48227,0
48252118,48237,1,372,0,-84,6909,6041,3052,7,48237,0
48262120,48247,1,371,0,-47,7551,6891,3054,7,48247,0
48272118,48257,1,371,0,3,7916,7487,3055,7,48257,0
48282118,48267,1,372,0,40,7990,7799,3056,7,48267,0
48292137,48277,1,373,0,84,7770,7868,3057,7,48277,0
48302118,48287,1,374,0,113,7265,7633,3058,7,48287,0
48312120,48297,1,376,0,172,6491,7203,3060,7,48297,0
48322118,48307,1,377,0,186,5478,6256,3061,7,48307,0
48332120,48317,1,379,0,179,4262,5357,3062,7,48317,0
48342122,48327,1,382,0,223,2889,4244,3063,7,48327,0
48352118,48337,1,384,0,238,1409,2622,3064,7,48337,0
48362135,48347,1,385,0,142,-127,1431,3066,7,48347,0
48372118,48357,1,388,0,201,-1653,278,3067,7,48357,0
48382118,48367,1,386,0,-113,-3122,-1147,3068,7,48367,0
48392122,48377,1,387,0,106,-4476,-3443,3069,7,48377,0
48402118,48387,1,389,0,120,-5664,-4586,3070,7,48387,0
48412120,48397,1,390,0,91,-6642,-5611,3072,7,48397,0
48422118,48407,1,390,0,47,-7374,-6637,3073,7,48407,0
48432138,48417,1,390,0,-10,-7833,-7350,3074,7,48417,0
48442118,48427,1,390,0,-62,-7999,-7760,3075,7,48427,0
48452118,48437,1,389,0,-91,-7868,-7926,3076,7,48437,0
48462120,48447,1,388,0,-128,-7444,-7750,3078,7,48447,0
48472118,48457,1,386,0,-150,-6742,-7409,3079,7,48457,0
48482122,48467,1,384,0,-201,-5787,-6500,3080,7,48467,0
48492118,48477,1,382,0,-194,-4617,-5592,3081,7,48477,0
48502133,48487,1,380,0,-194,-3272,-4605,3082,7,48487,0
48512120,48497,1,378,0,-252,-1807,-3199,3084,7,48497,0
48522118,48507,1,376,0,-289,-272,-1704,3085,7,48507,0
48532123,48517,1,374,0,-120,1273,-630,3086,7,48517,0
48542117,48527,1,374,0,-3,2771,649,3087,7,48527,0
48552119,48537,1,375,0,40,4166,2886,3088,7,48537,0
48562118,48547,1,373,0,-157,5405,4146,3090,7,48547,0
48572133,48557,1,372,0,-106,6443,5426,3091,7,48557,0
48582121,48567,1,371,0,-54,7236,6393,3092,7,48567,0
48592118,48577,1,371,0,-40,7758,7174,3093,7,48577,0
48602120,48587,1,371,0,10,7989,7672,3094,7,48587,0
48612118,48597,1,372,0,62,7918,7868,3096,7,48597,0
48622119,48607,1,373,0,113,7548,7789,3097,7,48607,0
48632123,48617,1,374,0,135,6893,7369,3098,7,48617,0
48642133,48627,1,376,0,164,5977,6842,3099,7,48627,0
48652120,48637,1,378,0,172,4836,5719,3100,7,48637,0
48662118,48647,1,380,0,186,3510,4703,3102,7,48647,0
48672119,48657,1,382,0,216,2051,3531,3103,7,48657,0
48682122,48667,1,384,0,223,514,1811,3104,7,48667,0
48692118,48677,1,385,0,98,-1042,815,3105,7,48677,0
48702120,48687,1,385,0,-54,-2561,-454,3106,7,48687,0
48712133,48697,1,385,0,54,-3984,-2925,3108,7,48697,0
48722119,48707,1,387,0,157,-5253,-4126,3109,7,48707,0
48732119,48717,1,387,0,84,-6325,-5318,3110,7,48717,0
48742118,48727,1,388,0,40,-7156,-6275,3111,7,48727,0
48752120,48737,1,388,0,3,-7714,-7145,3112,7,48737,0
48762118,48747,1,388,0,-40,-7979,-7672,3114,7,48747,0
48772120,48757,1,387,0,-91,-7939,-7956,3115,7,48757,0
48782133,48767,1,385,0,-113,-7595,-7750,3116,7,48767,0
48792118,48777,1,384,0,-150,-6962,-7506,3117,7,48777,0
48802120,48787,1,382,0,-179,-6061,-6774,3118,7,48787,0
48812118,48797,1,380,0,-179,-4929,-5992,3120,7,48797,0
48822122,48807,1,378,0,-245,-3606,-4859,3121,7,48807,0
48832119,48817,1,375,0,-289,-2146,-3511,3122,7,48817,0
48842118,48827,1,373,0,-245,-602,-1929,3123,7,48827,0
48852133,48837,1,371,0,-142,966,-727,3124,7,48837,0
48862118,48847,1,371,0,-91,2495,336,3126,7,48847,0
48872121,48857,1,372,0,84,3931,2231,3127,7,48857,0
48882118,48867,1,370,0,-172,5216,4185,3128,7,48867,0
48892118,48877,1,369,0,-128,6300,5260,3129,7,48877,0
48902118,48887,1,368,0,-76,7142,6275,3130,7,48887,0
48912118,48897,1,367,0,-62,7709,7096,3132,7,48897,0
48922137,48907,1,367,0,-10,7978,7692,3133,7,48907,0
48932119,48917,1,368,0,47,7939,7877,3134,7,48917,0
48942119,48927,1,369,0,84,7593,7780,3135,7,48927,0
48952118,48937,1,371,0,128,6953,7477,3136,7,48937,0
48962118,48947,1,372,0,164,6043,6725,3138,7,48947,0
48972121,48957,1,374,0,172,4899,5797,3139,7,48957,0
48982118,48967,1,376,0,223,3565,4849,3140,7,48967,0
48992135,48977,1,378,0,223,2089,3120,3141,7,48977,0
49002118,48987,1,380,0,157,536,1899,3142,7,48987,0
49012118,48997,1,382,0,194,-1040,659,3144,7,48997,0
49022118,49007,1,381,0,-113,-2576,-522,3145,7,49007,0
49032119,49017,1,381,0,-3,-4014,-2837,3146,7,49017,0
49042119,49027,1,382,0,106,-5295,-4244,3147,7,49027,0
49052118,49037,1,384,0,106,-6370,-5367,3148,7,49037,0
49062133,49047,1,384,0,54,-7198,-6432,3150,7,49047,0
49072118,49057,1,384,0,-3,-7743,-7233,3151,7,49057,0
49082117,49067,1,384,0,-54,-7987,-7711,3152,7,49067,0
49092120,49077,1,383,0,-69,-7919,-7907,3153,7,49077,0
49102118,49087,1,382,0,-120,-7540,-7809,3154,7,49087,0
49112122,49097,1,381,0,-150,-6866,-7379,3156,7,49097,0
49122118,49107,1,379,0,-208,-5923,-6588,3157,7,49107,0
49132134,49117,1,377,0,-194,-4745,-5611,3158,7,49117,0
49142118,49127,1,375,0,-194,-3383,-4576,3159,7,49127,0
49152118,49137,1,372,0,-245,-1887,-3189,3160,7,49137,0
49162122,49147,1,370,0,-260,-315,-1616,3162,7,49147,0
49172118,49157,1,369,0,-84,1268,-610,3163,7,49157,0
49182118,49167,1,370,0,76,2802,893,3164,7,49167,0
49192118,49177,1,369,0,-120,4227,3228,3165,7,49177,0
49202133,49187,1,368,0,-164,5488,4420,3166,7,49187,0
49212121,49197,1,367,0,-84,6529,5572,3168,7,49197,0
49222118,49207,1,367,0,-40,7314,6578,3169,7,49207,0
49232121,49217,1,367,0,-18,7811,7330,3170,7,49217,0
49242118,49227,1,367,0,62,7998,7750,3171,7,49227,0
49252118,49237,1,368,0,76,7869,7897,3172,7,49237,0
49262122,49247,1,369,0,135,7428,7682,3174,7,49247,0
49272133,49257,1,371,0,157,6691,7301,3175,7,49257,0
49282120,49267,1,373,0,201,5691,6383,3176,7,49267,0
49292118,49277,1,375,0,216,4463,5328,3177,7,49277,0
49302118,49287,1,377,0,186,3058,4234,3178,7,49287,0
49312118,49297,1,379,0,208,1530,2876,3180,7,49297,0
49322118,49307,1,382,0,260,-58,1313,3181,7,49307,0
49332121,49317,1,382,0,47,-1646,327,3182,7,49317,0
49342133,49327,1,382,0,-76,-3170,-1411,3183,7,49327,0
49352118,49337,1,383,0,135,-4565,-3560,3184,7,49337,0
49362118,49347,1,384,0,135,-5780,-4664,3186,7,49347,0
49372118,49357,1,385,0,84,-6764,-5924,3187,7,49357,0
49382119,49367,1,385,0,32,-7479,-6813,3188,7,49367,0
49392118,49377,1,385,0,3,-7894,-7506,3189,7,49377,0
49402122,49387,1,385,0,-47,-7994,-7829,3190,7,49387,0
49412133,49397,1,384,0,-76,-7772,-7907,3192,7,49397,0
49422117,49407,1,383,0,-128,-7241,-7623,3193,7,49407,0
49432119,49417,1,382,0,-164,-6417,-7125,3194,7,49417,0
49442118,49427,1,380,0,-164,-5336,-6100,3195,7,49427,0
49452121,49437,1,378,0,-194,-4039,-5142,3196,7,49437,0
49462118,49447,1,376,0,-252,-2580,-3882,3198,7,49447,0
49472118,49457,1,374,0,-223,-1017,-2192,3199,7,49457,0
49482133,49467,1,372,0,-142,589,-1069,3200,7,49467,0
49492118,49477,1,372,0,-25,2169,122,3201,7,49477,0
49502123,49487,1,373,0,128,3665,1997,3202,7,49487,0
49512118,49497,1,371,0,-142,5012,4039,3204,7,49497,0
49522120,49507,1,370,0,-106,6158,5142,3205,7,49507,0
49532119,49517,1,369,0,-69,7055,6197,3206,7,49517,0
49542118,49527,1,369,0,-25,7667,7057,3207,7,49527,0
49552137,49537,1,369,0,32,7969,7623,3208,7,49537,0
49562118,49547,1,370,0,84,7948,7907,3210,7,49547,0
49572120,49557,1,371,0,106,7604,7750,3211,7,49557,0
49582118,49567,1,373,0,142,6952,7409,3212,7,49567,0
49592118,49577,1,375,0,186,6018,6656,3213,7,49577,0
49602118,49587,1,377,0,186,4838,5826,3214,7,49587,0
49612118,49597,1,379,0,223,3462,4595,3216,7,49597,0
49622135,49607,1,381,0,267,1940,3130,3217,7,49607,0
49632120,49617,1,383,0,157,345,1714,3218,7,49617,0
49642118,49627,1,385,0,172,-1266,532,3219,7,49627,0
49652118,49637,1,384,0,-91,-2828,-786,3220,7,49637,0
49662118,49647,1,385,0,76,-4275,-3238,3222,7,49647,0
49672120,49657,1,386,0,128,-5547,-4566,3223,7,49657,0
49682118,49667,1,387,0,106,-6593,-5680,3224,7,49667,0
49692137,49677,1,388,0,54,-7371,-6647,3225,7,49677,0
49702118,49687,1,388,0,-3,-7845,-7399,3226,7,49687,0
49712117,49697,1,387,0,-47,-7999,-7799,3228,7,49697,0
49722118,49707,1,387,0,-91,-7825,-7916,3229,7,49707,0
49732119,49717,1,385,0,-120,-7330,-7584,3230,7,49717,0
49742122,49727,1,384,0,-150,-6533,-7174,3231,7,49727,0
49752118,49737,1,382,0,-223,-5469,-6266,3232,7,49737,0
49762133,49747,1,380,0,-186,-4176,-5191,3234,7,49747,0
49772118,49757,1,378,0,-223,-2715,-3990,3235,7,49757,0
49782118,49767,1,376,0,-267,-1140,-2505,3236,7,49767,0
49792122,49777,1,374,0,-164,482,-1040,3237,7,49777,0
49802118,49787,1,372,0,-120,2085,53,3238,7,49787,0
49812120,49797,1,374,0,128,3604,1860,3240,7,49797,0
49822118,49807,1,373,0,-164,4974,4117,3241,7,49807,0
49832134,49817,1,372,0,-106,6140,5191,3242,7,49817,0
49842121,49827,1,371,0,-84,7049,6236,3243,7,49827,0
49852118,49837,1,371,0,-32,7669,7106,3244,7,49837,0
49862120,49847,1,371,0,3,7971,7643,3246,7,49847,0
49872118,49857,1,371,0,54,7943,7838,3247,7,49857,0
49882118,49867,1,372,0,91,7585,7760,3248,7,49867,0
49892118,49877,1,374,0,113,6912,7389,3249,7,49877,0
49902133,49887,1,375,0,157,5950,6686,3250,7,49887,0
49912120,49897,1,377,0,157,4743,5699,3252,7,49897,0
49922118,49907,1,379,0,194,3337,4478,3253,7,49907,0
49932119,49917,1,381,0,230,1791,2954,3254,7,49917,0
49942117,49927,1,382,0,113,171,1675,3255,7,49927,0
49952118,49937,1,384,0,208,-1457,249,3256,7,49937,0
49962119,49947,1,384,0,-128,-3026,-942,3258,7,49947,0
49972133,49957,1,383,0,-25,-4470,-3472,3259,7,49957,0
49982121,49967,1,384,0,84,-5725,-4615,3260,7,49967,0
49992118,49977,1,385,0,54,-6741,-5865,3261,7,49977,0
50002118,49987,1,385,0,25,-7477,-6783,3262,7,49987,0
50012118,49997,1,385,0,-10,-7899,-7487,3264,7,49997,0
50022118,50007,1,385,0,-54,-7991,-7819,3265,7,50007,0
50032122,50017,1,384,0,-98,-7747,-7887,3266,7,50017,0
50042133,50027,1,383,0,-135,-7177,-7555,3267,7,50027,0
50052118,50037,1,381,0,-164,-6307,-7086,3268,7,50037,0
50062118,50047,1,379,0,-194,-5171,-5934,3270,7,50047,0
50072118,50057,1,377,0,-186,-3816,-4898,3271,7,50057,0
50082122,50067,1,375,0,-194,-2300,-3716,3272,7,50067,0
50092118,50077,1,373,0,-267,-687,-2007,3273,7,50077,0
50102120,50087,1,372,0,-120,954,-805,3274,7,50087,0
50112133,50097,1,371,0,-54,2560,463,3276,7,50097,0
50122118,50107,1,372,0,113,4053,2427,3277,7,50107,0
50132123,50117,1,371,0,-157,5378,4420,3278,7,50117,0
50142117,50127,1,370,0,-106,6475,5514,3279,7,50127,0
50152120,50137,1,369,0,-54,7300,6490,3280,7,50137,0
50162118,50147,1,369,0,-25,7815,7291,3282,7,50147,0
50172118,50157,1,369,0,32,7999,7770,3283,7,50157,0
50182137,50167,1,370,0,84,7844,7946,3284,7,50167,0
50192118,50177,1,371,0,113,7356,7653,3285,7,50177,0
50202120,50187,1,373,0,142,6555,7125,3286,7,50187,0
50212118,50197,1,374,0,179,5476,6236,3288,7,50197,0
50222118,50207,1,376,0,164,4163,5318,3289,7,50207,0
50232119,50217,1,379,0,238,2672,3843,3290,7,50217,0
50242118,50227,1,381,0,216,1067,2280,3291,7,50227,0
50252135,50237,1,382,0,120,-586,1128,3292,7,50237,0
50262118,50247,1,382,0,-47,-2210,-131,3294,7,50247,0
50272122,50257,1,382,0,-40,-3743,-2388,3295,7,50257,0
50282118,50267,1,383,0,135,-5116,-4009,3296,7,50267,0
50292118,50277,1,384,0,91,-6272,-5211,3297,7,50277,0
50302118,50287,1,385,0,62,-7159,-6344,3298,7,50287,0
50312118,50297,1,385,0,3,-7741,-7203,3300,7,50297,0
50322137,50307,1,385,0,-32,-7991,-7702,3301,7,50307,0
50332119,50317,1,384,0,-76,-7898,-7897,3302,7,50317,0
50342118,50327,1,383,0,-120,-7466,-7741,3303,7,50327,0
50352118,50337,1,382,0,-135,-6713,-7369,3304,7,50337,0
50362118,50347,1,380,0,-172,-5672,-6402,3306,7,50347,0
50372122,50357,1,378,0,-186,-4386,-5474,3307,7,50357,0
50382118,50367,1,376,0,-245,-2912,-4205,3308,7,50367,0
50392134,50377,1,374,0,-223,-1308,-2515,3309,7,50377,0
50402119,50387,1,372,0,-157,346,-1284,3310,7,50387,0
50412118,50397,1,371,0,-135,1989,34,3312,7,50397,0
50422122,50407,1,372,0,91,3548,1675,3313,7,50407,0
50432119,50417,1,371,0,-120,4953,4224,3314,7,50417,0
50442119,50427,1,370,0,-91,6145,5142,3315,7,50427,0
50452118,50437,1,369,0,-76,7072,6217,3316,7,50437,0
50462133,50447,1,369,0,-10,7693,7086,3318,7,50447,0
50472122,50457,1,369,0,10,7980,7633,3319,7,50457,0
50482118,50467,1,370,0,76,7922,7897,3320,7,50467,0
50492120,50477,1,371,0,106,7520,7770,3321,7,50477,0
50502118,50487,1,372,0,157,6792,7272,3322,7,50487,0
50512118,50497,1,374,0,164,5769,6529,3324,7,50497,0
50522122,50507,1,376,0,194,4494,5641,3325,7,50507,0
50532134,50517,1,378,0,216,3021,4048,3326,7,50517,0
50542120,50527,1,380,0,179,1420,2710,3327,7,50527,0
50552118,50537,1,382,0,150,-244,1421,3328,7,50537,0
50562122,50547,1,382,0,-25,-1900,170,3330,7,50547,0
50572118,50557,1,381,0,-76,-3472,-1811,3331,7,50557,0
50582117,50567,1,383,0,128,-4894,-3775,3332,7,50567,0
50592120,50577,1,384,0,106,-6103,-4957,3333,7,50577,0
50602133,50587,1,385,0,76,-7046,-6188,3334,7,50587,0
50612122,50597,1,385,0,18,-7679,-7086,3336,7,50597,0
50622118,50607,1,385,0,-32,-7977,-7643,3337,7,50607,0
50632119,50617,1,384,0,-69,-7926,-7897,3338,7,50617,0
50642119,50627,1,383,0,-120,-7527,-7770,3339,7,50627,0
50652118,50637,1,382,0,-157,-6798,-7438,3340,7,50637,0
50662121,50647,1,380,0,-150,-5770,-6510,3342,7,50647,0
50672133,50657,1,378,0,-179,-4486,-5572,3343,7,50657,0
50682120,50667,1,376,0,-260,-3008,-4214,3344,7,50667,0
50692118,50677,1,374,0,-186,-1396,-2661,3345,7,50677,0
50702118,50687,1,372,0,-164,278,-1362,3346,7,50687,0
50712121,50697,1,372,0,-54,1942,-112,3348,7,50697,0
50722117,50707,1,373,0,135,3519,1636,3349,7,50707,0
50732121,50717,1,372,0,-128,4943,3912,3350,7,50717,0
50742133,50727,1,371,0,-113,6149,5103,3351,7,50727,0
50752118,50737,1,370,0,-69,7082,6217,3352,7,50737,0
50762122,50747,1,370,0,-10,7704,7096,3354,7,50747,0
50772118,50757,1,370,0,25,7984,7663,3355,7,50757,0
50782120,50767,1,371,0,69,7911,7907,3356,7,50767,0
50792118,50777,1,372,0,84,7488,7663,3357,7,50777,0
50802118,50787,1,373,0,135,6732,7301,3358,7,50787,0
50812137,50797,1,375,0,164,5675,6422,3360,7,50797,0
50822118,50807,1,377,0,164,4369,5474,3361,7,50807,0
50832121,50817,1,379,0,216,2867,4078,3362,7,50817,0
50842118,50827,1,381,0,208,1238,2466,3363,7,50827,0
50852120,50837,1,382,0,113,-448,1255,3364,7,50837,0
50862118,50847,1,382,0,-18,-2114,-14,3366,7,50847,0
50872118,50857,1,382,0,-62,-3687,-2173,3367,7,50857,0
50882135,50867,1,383,0,120,-5098,-3980,3368,7,50867,0
50892118,50877,1,384,0,84,-6278,-5172,3369,7,50877,0
50902122,50887,1,385,0,54,-7180,-6344,3370,7,50887,0
50912118,50897,1,385,0,10,-7761,-7213,3372,7,50897,0
50922118,50907,1,384,0,-32,-7995,-7741,3373,7,50907,0
50932121,50917,1,384,0,-69,-7872,-7907,3374,7,50917,0
50942118,50927,1,382,0,-106,-7396,-7692,3375,7,50927,0
50952137,50937,1,381,0,-150,-6586,-7291,3376,7,50937,0
50962118,50947,1,380,0,-164,-5484,-6236,3378,7,50947,0
50972119,50957,1,378,0,-172,-4133,-5250,3379,7,50957,0
50982118,50967,1,376,0,-216,-2597,-3980,3380,7,50967,0
50992118,50977,1,374,0,-223,-943,-2202,3381,7,50977,0
51002122,50987,1,372,0,-135,753,-1020,3382,7,50987,0
51012118,50997,1,372,0,47,2415,200,3384,7,50997,0
51022134,51007,1,373,0,47,3973,2583,3385,7,51007,0
51032119,51017,1,372,0,-120,5348,4244,3386,7,51017,0
51042118,51027,1,371,0,-84,6484,5465,3387,7,51027,0
51052122,51037,1,370,0,-54,7328,6520,3388,7,51037,0
51062118,51047,1,370,0,-10,7840,7340,3390,7,51047,0
51072120,51057,1,371,0,32,7999,7799,3391,7,51057,0
51082118,51067,1,371,0,76,7796,7858,3392,7,51067,0
51092133,51077,1,372,0,106,7238,7584,3393,7,51077,0
51102122,51087,1,374,0,142,6355,7018,3394,7,51087,0
51112118,51097,1,376,0,179,5182,6148,3396,7,51097,0
51122120,51107,1,377,0,179,3774,4820,3397,7,51107,0
51132119,51117,1,379,0,179,2193,3550,3398,7,51117,0
51142118,51127,1,382,0,238,513,1929,3399,7,51127,0
51152118,51137,1,382,0,62,-1190,727,3400,7,51137,0
51162134,51147,1,382,0,-47,-2843,-864,3402,7,51147,0
51172119,51157,1,382,0,69,-4363,-3228,3403,7,51157,0
51182118,51167,1,383,0,113,-5686,-4605,3404,7,51167,0
51192119,51177,1,384,0,69,-6752,-5758,3405,7,51177,0
51202118,51187,1,384,0,25,-7509,-6793,3406,7,51187,0
51212117,51197,1,384,0,-3,-7923,-7526,3408,7,51197,0
51222120,51207,1,384,0,-62,-7976,-7858,3409,7,51207,0
51232134,51217,1,383,0,-84,-7664,-7848,3410,7,51217,0
51242122,51227,1,381,0,-113,-7001,-7584,3411,7,51227,0
51252117,51237,1,380,0,-142,-6019,-6715,3412,7,51237,0
51262118,51247,1,378,0,-179,-4759,-5816,3414,7,51247,0
51272118,51257,1,376,0,-216,-3281,-4439,3415,7,51257,0
51282118,51267,1,375,0,-157,-1652,-3003,3416,7,51267,0
51292122,51277,1,372,0,-186,54,-1548,3417,7,51277,0
51302133,51287,1,372,0,-40,1759,-327,3418,7,51287,0
51312117,51297,1,373,0,98,3380,1499,3420,7,51297,0
51322118,51307,1,372,0,-113,4849,3716,3421,7,51307,0
51332119,51317,1,371,0,-113,6095,5094,3422,7,51317,0
51342121,51327,1,371,0,-69,7060,6207,3423,7,51327,0
51352118,51337,1,371,0,-25,7700,7096,3424,7,51337,0
51362120,51347,1,371,0,25,7986,7643,3426,7,51347,0
51372133,51357,1,371,0,69,7902,7838,3427,7,51357,0
51382118,51367,1,372,0,91,7454,7702,3428,7,51367,0
51392122,51377,1,374,0,120,6660,7252,3429,7,51377,0
51402118,51387,1,375,0,164,5558,6412,3430,7,51387,0
51412120,51397,1,377,0,157,4199,5260,3432,7,51397,0
51422118,51407,1,379,0,186,2645,3941,3433,7,51407,0
51432119,51417,1,381,0,201,967,2251,3434,7,51417,0
51442133,51427,1,382,0,106,-758,1040,3435,7,51427,0
51452118,51437,1,381,0,-69,-2444,-317,3436,7,51437,0
51462119,51447,1,381,0,-18,-4020,-2632,3438,7,51447,0
51472118,51457,1,382,0,98,-5409,-4273,3439,7,51457,0
51482118,51467,1,383,0,84,-6547,-5494,3440,7,51467,0
51492118,51477,1,384,0,25,-7381,-6578,3441,7,51477,0
51502118,51487,1,384,0,-10,-7871,-7418,3442,7,51487,0
51512135,51497,1,383,0,-47,-7994,-7819,3444,7,51497,0
51522118,51507,1,382,0,-91,-7745,-7877,3445,7,51507,0
51532123,51517,1,381,0,-113,-7133,-7663,3446,7,51517,0
51542118,51527,1,380,0,-135,-6188,-6832,3447,7,51527,0
51552118,51537,1,378,0,-164,-4954,-5982,3448,7,51537,0
51562118,51547,1,376,0,-208,-3487,-4634,3450,7,51547,0
51572118,51557,1,375,0,-186,-1857,-3208,3451,7,51557,0
51582137,51567,1,372,0,-194,-136,-1714,3452,7,51567,0
51592118,51577,1,372,0,-62,1585,-444,3453,7,51577,0
51602118,51587,1,373,0,106,3236,1235,3454,7,51587,0
51612118,51597,1,372,0,-106,4736,3619,3456,7,51597,0
51622118,51607,1,371,0,-98,6014,4986,3457,7,51607,0
51632123,51617,1,371,0,-62,7010,6139,3458,7,51617,0
51642118,51627,1,371,0,-18,7676,7057,3459,7,51627,0
51652135,51637,1,371,0,10,7981,7633,3460,7,51637,0
51662118,51647,1,371,0,62,7910,7838,3462,7,51647,0
51672118,51657,1,372,0,98,7466,7721,3463,7,51657,0
51682122,51667,1,374,0,113,6670,7262,3464,7,51667,0
51692118,51677,1,375,0,157,5559,6402,3465,7,51677,0
51702120,51687,1,377,0,150,4184,5260,3466,7,51687,0
51712118,51697,1,379,0,186,2612,3912,3468,7,51697,0
51722134,51707,1,381,0,172,913,2231,3469,7,51707,0
51732119,51717,1,382,0,113,-825,1010,3470,7,51717,0
51742118,51727,1,381,0,-76,-2527,-376,3471,7,51727,0
51752120,51737,1,381,0,-47,-4110,-2691,3472,7,51737,0
51762118,51747,1,382,0,91,-5498,-4361,3474,7,51747,0
51772118,51757,1,383,0,69,-6626,-5611,3475,7,51757,0
51782118,51767,1,383,0,25,-7440,-6656,3476,7,51767,0
51792133,51777,1,383,0,3,-7900,-7477,3477,7,51777,0
51802120,51787,1,383,0,-54,-7985,-7848,3478,7,51787,0
51812118,51797,1,382,0,-91,-7689,-7907,3480,7,51797,0
51822121,51807,1,381,0,-113,-7027,-7536,3481,7,51807,0
51832119,51817,1,379,0,-157,-6030,-6705,3482,7,51817,0
51842118,51827,1,378,0,-164,-4746,-5777,3483,7,51827,0
51852118,51837,1,376,0,-208,-3234,-4576,3484,7,51837,0
51862133,51847,1,374,0,-179,-1565,-2847,3486,7,51847,0
51872121,51857,1,372,0,-150,175,-1499,3487,7,51857,0
51882118,51867,1,372,0,-54,1909,-190,3488,7,51867,0
51892118,51877,1,373,0,128,3553,1606,3489,7,51877,0
51902119,51887,1,372,0,-113,5027,3912,3490,7,51887,0
51912118,51897,1,371,0,-98,6261,5250,3492,7,51897,0
51922121,51907,1,371,0,-54,7195,6344,3493,7,51907,0
51932134,51917,1,371,0,-18,7784,7223,3494,7,51917,0
51942120,51927,1,371,0,25,7999,7721,3495,7,51927,0
51952118,51937,1,371,0,69,7830,7838,3496,7,51937,0
51962118,51947,1,372,0,113,7284,7643,3498,7,51947,0
51972122,51957,1,374,0,135,6387,7047,3499,7,51957,0
51982117,51967,1,376,0,164,5184,6178,3500,7,51967,0
51992120,51977,1,377,0,172,3729,4830,3501,7,51977,0
52002133,51987,1,379,0,179,2092,3492,3502,7,51987,0
52012118,51997,1,381,0,201,358,1743,3504,7,51997,0
52022118,52007,1,382,0,76,-1395,620,3505,7,52007,0
52032119,52017,1,381,0,-54,-3083,-1108,3506,7,52017,0
52042120,52027,1,381,0,10,-4622,-3472,3507,7,52027,0
52052118,52037,1,382,0,91,-5938,-4840,3508,7,52037,0
52062118,52047,1,383,0,54,-6966,-6031,3510,7,52047,0
52072137,52057,1,383,0,10,-7659,-6979,3511,7,52057,0
52082118,52067,1,383,0,-18,-7978,-7623,3512,7,52067,0
52092120,52077,1,382,0,-76,-7912,-7907,3513,7,52077,0
52102119,52087,1,381,0,-98,-7461,-7829,3514,7,52087,0
52112122,52097,1,380,0,-135,-6648,-7184,3516,7,52097,0
52122118,52107,1,378,0,-164,-5511,-6451,3517,7,52107,0
52132119,52117,1,377,0,-194,-4105,-5191,3518,7,52117,0
52142135,52127,1,375,0,-179,-2497,-3843,3519,7,52127,0
52152118,52137,1,372,0,-223,-772,-2290,3520,7,52137,0
52162122,52147,1,372,0,-128,994,-835,3522,7,52147,0
52172118,52157,1,371,0,-54,2712,493,3523,7,52157,0
52182118,52167,1,373,0,194,4298,2534,3524,7,52167,0
52192118,52177,1,371,0,-128,5675,4654,3525,7,52177,0
52202118,52187,1,371,0,-91,6776,5816,3526,7,52187,0
52212137,52197,1,370,0,-40,7546,6803,3528,7,52197,0
52222118,52207,1,370,0,3,7945,7536,3529,7,52207,0
52232121,52217,1,371,0,54,7956,7868,3530,7,52217,0
52242118,52227,1,372,0,76,7577,7750,3531,7,52227,0
52252118,52237,1,373,0,106,6826,7379,3532,7,52237,0
52262122,52247,1,374,0,150,5739,6529,3534,7,52247,0
52272118,52257,1,376,0,157,4372,5582,3535,7,52257,0
52282135,52267,1,378,0,194,2785,3941,3536,7,52267,0
52292118,52277,1,380,0,157,1067,2544,3537,7,52277,0
52302118,52287,1,382,0,223,-707,942,3538,7,52287,0
52312118,52297,1,381,0,-69,-2447,-122,3540,7,52297,0
52322118,52307,1,381,0,-91,-4067,-2398,3541,7,52307,0
52332121,52317,1,381,0,106,-5487,-4420,3542,7,52317,0
52342118,52327,1,382,0,84,-6637,-5650,3543,7,52327,0
52352133,52337,1,382,0,32,-7460,-6676,3544,7,52337,0
52362118,52347,1,382,0,-3,-7913,-7477,3546,7,52347,0
52372117,52357,1,382,0,-62,-7976,-7868,3547,7,52357,0
52382120,52367,1,381,0,-106,-7645,-7887,3548,7,52367,0
52392118,52377,1,380,0,-120,-6935,-7379,3549,7,52377,0
52402122,52387,1,378,0,-142,-5880,-6744,3550,7,52387,0
52412118,52397,1,377,0,-201,-4534,-5562,3552,7,52397,0
52422133,52407,1,375,0,-157,-2960,-4283,3553,7,52407,0
52432119,52417,1,373,0,-208,-1243,-2739,3554,7,52417,0
52442118,52427,1,371,0,-157,537,-1108,3555,7,52427,0
52452122,52437,1,370,0,-76,2293,43,3556,7,52437,0
52462118,52447,1,372,0,164,3934,2017,3558,7,52447,0
52472118,52457,1,371,0,-128,5381,4468,3559,7,52457,0
52482118,52467,1,370,0,-98,6560,5562,3560,7,52467,0
52492133,52477,1,370,0,-54,7413,6588,3561,7,52477,0
52502122,52487,1,370,0,-3,7895,7418,3562,7,52487,0
52512118,52497,1,370,0,47,7984,7838,3564,7,52497,0
52522120,52507,1,371,0,106,7674,7829,3565,7,52507,0
52532119,52517,1,372,0,120,6981,7418,3566,7,52517,0
52542118,52527,1,374,0,150,5938,6735,3567,7,52527,0
52552122,52537,1,376,0,179,4597,5719,3568,7,52537,0
52562133,52547,1,377,0,164,3024,4224,3570,7,52547,0
52572119,52557,1,379,0,164,1303,2818,3571,7,52557,0
52582118,52567,1,381,0,194,-485,1059,3572,7,52567,0
52592118,52577,1,382,0,32,-2250,14,3573,7,52577,0
52602121,52587,1,380,0,-113,-3904,-2114,3574,7,52587,0
52612118,52597,1,381,0,128,-5361,-4420,3576,7,52597,0
52622120,52607,1,382,0,69,-6549,-5562,3577,7,52607,0
52632134,52617,1,382,0,32,-7409,-6617,3578,7,52617,0
52642118,52627,1,382,0,3,-7895,-7438,3579,7,52627,0
52652121,52637,1,382,0,-62,-7984,-7838,3580,7,52637,0
52662118,52647,1,381,0,-91,-7670,-7887,3582,7,52647,0
52672120,52657,1,380,0,-120,-6969,-7409,3583,7,52657,0
52682118,52667,1,378,0,-142,-5916,-6793,3584,7,52667,0
52692122,52677,1,377,0,-179,-4564,-5601,3585,7,52677,0
52702133,52687,1,375,0,-157,-2979,-4322,3586,7,52687,0
52712118,52697,1,373,0,-208,-1246,-2710,3588,7,52697,0
52722120,52707,1,371,0,-157,552,-1147,3589,7,52707,0
52732120,52717,1,370,0,-128,2322,122,3590,7,52717,0
52742122,52727,1,372,0,186,3976,1968,3591,7,52727,0
52752118,52737,1,371,0,-135,5429,4537,3592,7,52737,0
52762118,52747,1,371,0,-91,6606,5621,3594,7,52747,0
52772135,52757,1,370,0,-40,7450,6656,3595,7,52757,0
52782118,52767,1,370,0,-10,7913,7457,3596,7,52767,0
52792121,52777,1,371,0,40,7975,7858,3597,7,52777,0
52802118,52787,1,371,0,98,7631,7770,3598,7,52787,0
52812119,52797,1,372,0,128,6898,7418,3600,7,52797,0
52822118,52807,1,374,0,142,5814,6637,3601,7,52807,0
52832119,52817,1,376,0,157,4432,5641,3602,7,52817,0
52842137,52827,1,377,0,164,2822,4029,3603,7,52827,0
52852118,52837,1,379,0,157,1072,2622,3604,7,52837,0
52862120,52847,1,381,0,172,-735,893,3606,7,52847,0
52872118,52857,1,382,0,3,-2506,-161,3607,7,52857,0
52882119,52867,1,380,0,-135,-4149,-2358,3608,7,52867,0
52892122,52877,1,381,0,135,-5581,-4673,3609,7,52877,0
52902118,52887,1,381,0,76,-6727,-5768,3610,7,52887,0
52912135,52897,1,382,0,25,-7529,-6793,3612,7,52897,0
52922118,52907,1,382,0,-3,-7944,-7545,3613,7,52907,0
52932119,52917,1,381,0,-54,-7952,-7897,3614,7,52917,0
52942122,52927,1,380,0,-84,-7551,-7770,3615,7,52927,0
52952118,52937,1,379,0,-135,-6763,-7330,3616,7,52937,0
52962120,52947,1,377,0,-128,-5626,-6520,3618,7,52947,0
52972118,52957,1,376,0,-186,-4199,-5484,3619,7,52957,0
52982137,52967,1,374,0,-179,-2553,-3794,3620,7,52967,0
52992118,52977,1,372,0,-157,-780,-2378,3621,7,52977,0
53002118,52987,1,370,0,-216,1036,-737,3622,7,52987,0
53012120,52997,1,371,0,76,2799,336,3624,7,52997,0
53022118,53007,1,372,0,172,4419,2837,3625,7,53007,0
53032123,53017,1,371,0,-113,5812,4722,3626,7,53017,0
53042118,53027,1,370,0,-76,6903,5934,3627,7,53027,0
53052133,53037,1,370,0,-18,7639,6910,3628,7,53037,0
53062120,53047,1,370,0,3,7978,7604,3630,7,53047,0
53072118,53057,1,371,0,47,7904,7897,3631,7,53057,0
53082122,53067,1,372,0,91,7421,7682,3632,7,53067,0
53092118,53077,1,373,0,120,6553,7213,3633,7,53077,0
53102119,53087,1,375,0,142,5344,6227,3634,7,53087,0
53112118,53097,1,376,0,142,3858,5142,3636,7,53097,0
53122133,53107,1,378,0,201,2167,3423,3637,7,53107,0
53132123,53117,1,379,0,120,368,1958,3638,7,53117,0
53142118,53127,1,382,0,230,-1452,444,3639,7,53127,0
53152119,53137,1,381,0,-135,-3198,-864,3640,7,53137,0
53162118,53147,1,379,0,-120,-4777,-3521,3642,7,53147,0
53172118,53157,1,381,0,98,-6108,-4996,3643,7,53157,0
53182122,53167,1,381,0,47,-7122,-6236,3644,7,53167,0
53192133,53177,1,382,0,18,-7763,-7164,3645,7,53177,0
53202120,53187,1,381,0,-40,-7999,-7711,3646,7,53187,0
53212118,53197,1,381,0,-84,-7816,-7868,3648,7,53197,0
53222118,53207,1,380,0,-98,-7225,-7594,3649,7,53207,0
53232123,53217,1,378,0,-128,-6255,-7018,3650,7,53217,0
53242118,53227,1,377,0,-164,-4958,-5924,3651,7,53227,0
53252120,53237,1,375,0,-150,-3399,-4732,3652,7,53237,0
53262133,53247,1,373,0,-208,-1660,-3081,3654,7,53247,0
53272118,53257,1,372,0,-150,161,-1509,3655,7,53257,0
53282118,53267,1,370,0,-186,1978,-122,3656,7,53267,0
53292118,53277,1,372,0,179,3691,1499,3657,7,53277,0
53302120,53287,1,372,0,-91,5211,4371,3658,7,53287,0
53312118,53297,1,371,0,-84,6458,5435,3660,7,53297,0
53322118,53307,1,371,0,-47,7364,6539,3661,7,53307,0
53332134,53317,1,371,0,-10,7883,7379,3662,7,53317,0
53342118,53327,1,371,0,47,7986,7789,3663,7,53327,0
53352120,53337,1,372,0,76,7667,7780,3664,7,53337,0
53362118,53347,1,373,0,98,6944,7467,3666,7,53347,0
53372121,53357,1,374,0,128,5854,6666,3667,7,53357,0
53382118,53367,1,376,0,157,4454,5670,3668,7,53367,0
53392118,53377,1,377,0,164,2818,4039,3669,7,53377,0
53402134,53387,1,379,0,135,1029,2612,3670,7,53387,0
53412118,53397,1,381,0,164,-809,884,3672,7,53397,0
53422121,53407,1,381,0,3,-2608,-239,3673,7,53407,0
53432119,53417,1,379,0,-172,-4269,-2398,3674,7,53417,0
53442118,53427,1,380,0,98,-5704,-4771,3675,7,53427,0
53452118,53437,1,381,0,69,-6836,-5865,3676,7,53437,0
53462118,53447,1,381,0,25,-7606,-6901,3678,7,53447,0
53472137,53457,1,381,0,-10,-7972,-7604,3679,7,53457,0
53482118,53467,1,381,0,-69,-7913,-7868,3680,7,53467,0
53492120,53477,1,380,0,-98,-7433,-7711,3681,7,53477,0
53502118,53487,1,378,0,-128,-6556,-7233,3682,7,53487,0
53512118,53497,1,377,0,-150,-5331,-6266,3684,7,53497,0
53522122,53507,1,375,0,-157,-3819,-5162,3685,7,53507,0
53532119,53517,1,374,0,-208,-2104,-3423,3686,7,53517,0
53542135,53527,1,372,0,-142,-273,-1899,3687,7,53527,0
53552118,53537,1,370,0,-223,1567,-385,3688,7,53537,0
53562118,53547,1,371,0,150,3327,923,3690,7,53547,0
53572118,53557,1,373,0,54,4910,3960,3691,7,53557,0
53582118,53567,1,371,0,-69,6230,5142,3692,7,53567,0
53592120,53577,1,371,0,-54,7218,6324,3693,7,53577,0
53602118,53587,1,371,0,-3,7817,7233,3694,7,53587,0
53612133,53597,1,371,0,32,7998,7711,3696,7,53597,0
53622118,53607,1,372,0,62,7750,7809,3697,7,53607,0
53632119,53617,1,373,0,91,7084,7565,3698,7,53617,0
53642120,53627,1,374,0,135,6038,6822,3699,7,53627,0
53652118,53637,1,376,0,150,4666,5855,3700,7,53637,0
53662122,53647,1,377,0,157,3043,4273,3702,7,53647,0
53672118,53657,1,379,0,150,1256,2827,3703,7,53657,0
53682133,53667,1,381,0,150,-602,1059,3704,7,53667,0
53692118,53677,1,382,0,47,-2423,-92,3705,7,53677,0
53702118,53687,1,380,0,-150,-4117,-2173,3706,7,53687,0
53712121,53697,1,380,0,98,-5590,-4703,3708,7,53697,0
53722118,53707,1,381,0,69,-6760,-5768,3709,7,53707,0
53732119,53717,1,381,0,32,-7565,-6832,3710,7,53717,0
53742118,53727,1,381,0,-3,-7961,-7575,3711,7,53727,0
53752133,53737,1,381,0,-47,-7926,-7858,3712,7,53737,0
53762122,53747,1,380,0,-98,-7461,-7721,3714,7,53747,0
53772118,53757,1,379,0,-128,-6593,-7262,3715,7,53757,0
53782119,53767,1,377,0,-142,-5365,-6315,3716,7,53767,0
53792119,53777,1,376,0,-157,-3846,-5211,3717,7,53777,0
53802118,53787,1,374,0,-186,-2118,-3433,3718,7,53787,0
53812122,53797,1,372,0,-142,-273,-1948,3720,7,53797,0
53822133,53807,1,371,0,-157,1587,-405,3721,7,53807,0
53832120,53817,1,371,0,84,3359,962,3722,7,53817,0
53842118,53827,1,373,0,120,4950,3951,3723,7,53827,0
53852118,53837,1,372,0,-54,6272,5172,3724,7,53837,0
53862118,53847,1,371,0,-40,7253,6354,3726,7,53847,0
53872118,53857,1,371,0,-3,7838,7272,3727,7,53857,0
53882120,53867,1,372,0,40,7995,7731,3728,7,53867,0
53892133,53877,1,372,0,69,7715,7829,3729,7,53877,0
53902118,53887,1,373,0,98,7014,7526,3730,7,53887,0
53912118,53897,1,375,0,142,5929,6725,3732,7,53897,0
53922118,53907,1,376,0,150,4518,5728,3733,7,53907,0
53932121,53917,1,378,0,172,2860,4078,3734,7,53917,0
53942118,53927,1,379,0,128,1044,2622,3735,7,53927,0
53952121,53937,1,381,0,201,-829,903,3736,7,53937,0
53962133,53947,1,381,0,-54,-2659,-229,3738,7,53947,0
53972118,53957,1,380,0,-142,-4340,-2505,3739,7,53957,0
53982118,53967,1,381,0,106,-5786,-4830,3740,7,53967,0
53992118,53977,1,381,0,62,-6913,-5953,3741,7,53977,0
54002122,53987,1,381,0,10,-7661,-6979,3742,7,53987,0
54012118,53997,1,381,0,-25,-7987,-7643,3744,7,53997,0
54022118,54007,1,381,0,-62,-7873,-7868,3745,7,54007,0
54032134,54017,1,380,0,-113,-7323,-7653,3746,7,54017,0
54042118,54027,1,379,0,-128,-6372,-7115,3747,7,54027,0
54052122,54037,1,377,0,-157,-5067,-6080,3748,7,54037,0
54062118,54047,1,376,0,-142,-3483,-4898,3750,7,54047,0
54072120,54057,1,374,0,-186,-1705,-3072,3751,7,54057,0
54082118,54067,1,372,0,-135,167,-1577,3752,7,54067,0
54092119,54077,1,372,0,-40,2031,-200,3753,7,54077,0
54102137,54087,1,374,0,179,3786,1724,3754,7,54087,0
54112118,54097,1,373,0,-113,5326,4146,3756,7,54097,0
54122120,54107,1,372,0,-76,6574,5523,3757,7,54107,0
54132119,54117,1,372,0,-47,7458,6647,3758,7,54117,0
54142118,54127,1,372,0,-3,7928,7457,3759,7,54127,0
54152118,54137,1,372,0,54,7958,7838,3760,7,54137,0
54162118,54147,1,373,0,91,7545,7799,3762,7,54147,0
54172135,54157,1,374,0,120,6711,7291,3763,7,54157,0
54182119,54167,1,376,0,135,5506,6559,3764,7,54167,0
54192118,54177,1,377,0,150,3993,5113,3765,7,54177,0
54202118,54187,1,379,0,164,2257,3726,3766,7,54187,0
54212118,54197,1,381,0,194,394,1919,3768,7,54197,0
54222120,54207,1,382,0,54,-1491,649,3769,7,54207,0
54232120,54217,1,381,0,-62,-3294,-1196,3770,7,54217,0
54242137,54227,1,381,0,-10,-4915,-3677,3771,7,54227,0
54252118,54237,1,382,0,62,-6258,-5142,3772,7,54237,0
54262118,54247,1,382,0,40,-7253,-6334,3774,7,54247,0
54272118,54257,1,382,0,3,-7843,-7282,3775,7,54257,0
54282118,54267,1,382,0,-47,-7993,-7770,3776,7,54267,0
54292122,54277,1,381,0,-76,-7696,-7897,3777,7,54277,0
54302118,54287,1,380,0,-113,-6967,-7448,3778,7,54287,0
54312133,54297,1,379,0,-157,-5845,-6764,3780,7,54297,0
54322118,54307,1,377,0,-157,-4397,-5523,3781,7,54307,0
54332119,54317,1,375,0,-157,-2700,-4214,3782,7,54317,0
54342122,54327,1,374,0,-194,-851,-2319,3783,7,54327,0
54352118,54337,1,372,0,-106,1044,-942,3784,7,54337,0
54362119,54347,1,373,0,106,2884,473,3786,7,54347,0
54372118,54357,1,374,0,54,4561,3081,3787,7,54357,0
54382134,54367,1,373,0,-84,5984,4742,3788,7,54367,0
54392122,54377,1,372,0,-62,7066,6100,3789,7,54377,0
54402118,54387,1,372,0,-18,7751,7067,3790,7,54387,0
54412120,54397,1,372,0,18,7999,7672,3792,7,54397,0
54422118,54407,1,372,0,62,7795,7877,3793,7,54407,0
54432119,54417,1,374,0,91,7150,7604,3794,7,54417,0
54442118,54427,1,375,0,135,6100,6871,3795,7,54427,0
54452133,54437,1,376,0,135,4702,5855,3796,7,54437,0
54462120,54447,1,378,0,179,3042,4293,3798,7,54447,0
54472118,54457,1,380,0,150,1206,2739,3799,7,54457,0
54482118,54467,1,381,0,186,-697,1079,3800,7,54467,0
54492118,54477,1,381,0,-40,-2563,-141,3801,7,54477,0
54502118,54487,1,380,0,-128,-4283,-2427,3802,7,54487,0
54512120,54497,1,381,0,91,-5761,-4791,3804,7,54497,0
54522133,54507,1,381,0,62,-6913,-5943,3805,7,54507,0
54532123,54517,1,381,0,18,-7669,-6979,3806,7,54517,0
54542118,54527,1,381,0,-25,-7990,-7653,3807,7,54527,0
54552118,54537,1,381,0,-54,-7856,-7877,3808,7,54537,0
54562118,54547,1,380,0,-91,-7274,-7614,3810,7,54547,0
54572118,54557,1,379,0,-128,-6277,-7057,3811,7,54557,0
54582121,54567,1,377,0,-142,-4920,-5982,3812,7,54567,0
54592133,54577,1,376,0,-164,-3281,-4761,3813,7,54577,0
54602118,54587,1,374,0,-172,-1459,-2866,3814,7,54587,0
54612118,54597,1,372,0,-135,450,-1391,3816,7,54597,0
54622118,54607,1,372,0,32,2334,-53,3817,7,54607,0
54632123,54617,1,374,0,106,4086,2222,3818,7,54617,0
54642118,54627,1,373,0,-135,5603,4429,3819,7,54627,0
54652119,54637,1,372,0,-76,6800,5758,3820,7,54637,0
54662133,54647,1,372,0,-25,7608,6842,3822,7,54647,0
54672118,54657,1,372,0,3,7977,7575,3823,7,54657,0
54682121,54667,1,373,0,47,7890,7877,3824,7,54667,0
54692118,54677,1,374,0,91,7349,7692,3825,7,54677,0
54702120,54687,1,375,0,120,6385,7115,3826,7,54687,0
54712118,54697,1,376,0,120,5053,6148,3828,7,54697,0
54722118,54707,1,378,0,157,3430,4673,3829,7,54707,0
54732138,54717,1,380,0,157,1605,3101,3830,7,54717,0
54742118,54727,1,381,0,179,-304,1470,3831,7,54727,0
54752120,54737,1,382,0,-10,-2202,122,3832,7,54737,0
54762118,54747,1,381,0,-76,-3973,-2056,3834,7,54747,0
54772118,54757,1,381,0,84,-5515,-4498,3835,7,54757,0
54782121,54767,1,382,0,54,-6739,-5719,3836,7,54767,0
54792117,54777,1,382,0,25,-7573,-6813,3837,7,54777,0
54802135,54787,1,382,0,-18,-7970,-7575,3838,7,54787,0
54812118,54797,1,381,0,-69,-7904,-7897,3840,7,54797,0
54822122,54807,1,380,0,-98,-7381,-7682,3841,7,54807,0
54832119,54817,1,379,0,-120,-6430,-7155,3842,7,54817,0
54842118,54827,1,378,0,-142,-5106,-6178,3843,7,54827,0
54852120,54837,1,376,0,-208,-3484,-4898,3844,7,54837,0
54862118,54847,1,374,0,-157,-1660,-3120,3846,7,54847,0
54872137,54857,1,373,0,-164,264,-1518,3847,7,54857,0
54882118,54867,1,372,0,-3,2167,-180,3848,7,54867,0
54892118,54877,1,374,0,113,3949,1968,3849,7,54877,0
54902120,54887,1,373,0,-113,5500,4429,3850,7,54887,0
54912118,54897,1,372,0,-84,6732,5670,3852,7,54897,0
54922122,54907,1,372,0,-47,7572,6803,3853,7,54907,0
54932119,54917,1,372,0,-3,7970,7565,3854,7,54917,0
54942135,54927,1,373,0,54,7902,7868,3855,7,54927,0
54952118,54937,1,374,0,76,7374,7711,3856,7,54937,0
54962118,54947,1,375,0,120,6414,7115,3858,7,54947,0
54972122,54957,1,376,0,113,5078,6197,3859,7,54957,0
54982118,54967,1,378,0,150,3446,4664,3860,7,54967,0
54992120,54977,1,379,0,135,1610,3150,3861,7,54977,0
55002118,54987,1,381,0,179,-319,1372,3862,7,54987,0
55012134,54997,1,382,0,18,-2234,122,3864,7,54997,0
55022122,55007,1,380,0,-106,-4013,-2026,3865,7,55007,0
55032119,55017,1,380,0,62,-5560,-4615,3866,7,55017,0
55042120,55027,1,381,0,47,-6780,-5728,3867,7,55027,0
55052118,55037,1,381,0,18,-7602,-6871,3868,7,55037,0
55062118,55047,1,381,0,-10,-7978,-7594,3870,7,55047,0
55072122,55057,1,381,0,-54,-7884,-7858,3871,7,55057,0
55082133,55067,1,380,0,-98,-7325,-7643,3872,7,55067,0
55092120,55077,1,379,0,-120,-6336,-7125,3873,7,55077,0
55102118,55087,1,377,0,-135,-4973,-6061,3874,7,55087,0
55112122,55097,1,376,0,-157,-3314,-4810,3876,7,55097,0
55122118,55107,1,374,0,-150,-1461,-2925,3877,7,55107,0
55132119,55117,1,372,0,-135,479,-1391,3878,7,55117,0
55142119,55127,1,373,0,40,2392,-43,3879,7,55127,0
55152133,55137,1,374,0,120,4166,2241,3880,7,55137,0
55162122,55147,1,374,0,-113,5690,4615,3882,7,55147,0
55172118,55157,1,373,0,-91,6879,5836,3883,7,55157,0
55182118,55167,1,372,0,-32,7662,6910,3884,7,55167,0
55192119,55177,1,373,0,3,7991,7643,3885,7,55177,0
55202118,55187,1,373,0,62,7845,7887,3886,7,55187,0
55212122,55197,1,374,0,91,7234,7633,3888,7,55197,0
55222133,55207,1,376,0,128,6191,7037,3889,7,55207,0
55232120,55217,1,377,0,106,4784,5885,3890,7,55217,0
55242118,55227,1,379,0,164,3089,4468,3891,7,55227,0
55252118,55237,1,380,0,135,1211,2749,3892,7,55237,0
55262122,55247,1,381,0,135,-740,1157,3894,7,55247,0
55272118,55257,1,381,0,-47,-2647,-180,3895,7,55257,0
55282120,55267,1,380,0,-135,-4398,-2485,3896,7,55267,0
55292133,55277,1,381,0,106,-5888,-4879,3897,7,55277,0
55302118,55287,1,381,0,62,-7024,-6061,3898,7,55287,0
55312122,55297,1,381,0,18,-7743,-7086,3900,7,55297,0
55322118,55307,1,381,0,-18,-7999,-7711,3901,7,55307,0
55332121,55317,1,381,0,-62,-7777,-7868,3902,7,55317,0
55342118,55327,1,379,0,-106,-7090,-7545,3903,7,55327,0
55352118,55337,1,378,0,-120,-5977,-6852,3904,7,55337,0
55362137,55347,1,377,0,-150,-4503,-5670,3906,7,55347,0
55372118,55357,1,375,0,-135,-2765,-4293,3907,7,55357,0
55382120,55367,1,374,0,-164,-857,-2368,3908,7,55367,0
55392118,55377,1,372,0,-113,1101,-942,3909,7,55377,0
55402119,55387,1,374,0,128,2996,522,3910,7,55387,0
55412118,55397,1,375,0,113,4710,3091,3912,7,55397,0
55422118,55407,1,373,0,-106,6142,4898,3913,7,55407,0
55432136,55417,1,373,0,-54,7207,6227,3914,7,55417,0
55442118,55427,1,373,0,-32,7834,7213,3915,7,55427,0
55452118,55437,1,373,0,25,7992,7760,3916,7,55437,0
55462118,55447,1,374,0,54,7668,7848,3918,7,55447,0
55472118,55457,1,375,0,98,6882,7457,3919,7,55457,0
55482120,55467,1,376,0,120,5680,6676,3920,7,55467,0
55492118,55477,1,377,0,128,4134,5260,3921,7,55477,0
55502137,55487,1,379,0,120,2335,3843,3922,7,55487,0
55512118,55497,1,381,0,150,401,1997,3924,7,55497,0
55522118,55507,1,382,0,84,-1560,620,3925,7,55507,0
55532119,55517,1,381,0,-113,-3429,-1118,3926,7,55517,0
55542118,55527,1,379,0,-113,-5090,-3785,3927,7,55527,0
55552121,55537,1,381,0,62,-6444,-5299,3928,7,55537,0
55562118,55547,1,381,0,10,-7407,-6520,3930,7,55547,0
55572133,55557,1,381,0,-10,-7921,-7438,3931,7,55557,0
55582118,55567,1,380,0,-54,-7954,-7809,3932,7,55567,0
55592118,55577,1,379,0,-84,-7504,-7770,3933,7,55577,0
55602122,55587,1,379,0,-106,-6597,-7330,3934,7,55587,0
55612118,55597,1,377,0,-135,-5290,-6315,3936,7,55597,0
55622119,55607,1,376,0,-157,-3659,-5103,3937,7,55607,0
55632120,55617,1,374,0,-150,-1805,-3267,3938,7,55617,0
55642133,55627,1,372,0,-135,160,-1684,3939,7,55627,0
55652122,55637,1,372,0,3,2113,-258,3940,7,55637,0
55662118,55647,1,374,0,113,3940,1890,3942,7,55647,0
55672120,55657,1,374,0,-91,5527,4449,3943,7,55657,0
55682118,55667,1,373,0,-54,6776,5680,3944,7,55667,0
55692118,55677,1,372,0,-25,7612,6832,3945,7,55677,0
55702118,55687,1,372,0,-3,7983,7604,3946,7,55687,0
55712133,55697,1,373,0,40,7865,7887,3948,7,55697,0
55722120,55707,1,374,0,91,7266,7653,3949,7,55707,0
55732119,55717,1,376,0,113,6221,7057,3950,7,55717,0
55742118,55727,1,377,0,120,4795,5963,3951,7,55727,0
55752118,55737,1,378,0,142,3074,4420,3952,7,55737,0
55762118,55747,1,380,0,135,1164,2759,3954,7,55747,0
55772120,55757,1,381,0,179,-818,1040,3955,7,55757,0
55782133,55767,1,381,0,-32,-2753,-239,3956,7,55767,0
55792121,55777,1,379,0,-186,-4515,-2525,3957,7,55777,0
55802118,55787,1,380,0,84,-6001,-4957,3958,7,55787,0
55812118,55797,1,381,0,47,-7119,-6158,3960,7,55797,0
55822118,55807,1,381,0,3,-7798,-7164,3961,7,55807,0
55832119,55817,1,380,0,-25,-7997,-7741,3962,7,55817,0
55842122,55827,1,380,0,-54,-7703,-7858,3963,7,55827,0
55852133,55837,1,379,0,-91,-6932,-7536,3964,7,55837,0
55862118,55847,1,377,0,-128,-5735,-6656,3966,7,55847,0
55872119,55857,1,376,0,-157,-4182,-5553,3967,7,55857,0
55882118,55867,1,374,0,-142,-2370,-3814,3968,7,55867,0
55892122,55877,1,373,0,-164,-411,-2163,3969,7,55877,0
55902118,55887,1,372,0,-69,1573,-649,3970,7,55887,0
55912120,55897,1,374,0,120,3461,1167,3972,7,55897,0
55922133,55907,1,374,0,-10,5138,3921,3973,7,55907,0
55932119,55917,1,373,0,-62,6492,5269,3974,7,55917,0
55942121,55927,1,372,0,-40,7446,6578,3975,7,55927,0
55952118,55937,1,372,0,-10,7938,7448,3976,7,55937,0
55962120,55947,1,373,0,47,7937,7838,3978,7,55947,0
55972118,55957,1,374,0,76,7442,7750,3979,7,55957,0
55982118,55967,1,375,0,120,6485,7223,3980,7,55967,0
55992133,55977,1,376,0,113,5121,6275,3981,7,55977,0
56002118,55987,1,378,0,150,3442,4683,3982,7,55987,0
56012120,55997,1,379,0,135,1547,3150,3984,7,55997,0
56022118,56007,1,381,0,150,-445,1294,3985,7,56007,0
56032119,56017,1,381,0,32,-2411,4,3986,7,56017,0
56042118,56027,1,380,0,-164,-4226,-2085,3987,7,56027,0
56052118,56037,1,380,0,76,-5779,-4791,3988,7,56037,0
56062135,56047,1,380,0,40,-6972,-5982,3990,7,56047,0
56072118,56057,1,380,0,10,-7726,-7018,3991,7,56057,0
56082122,56067,1,380,0,-25,-7999,-7692,3992,7,56067,0
56092118,56077,1,379,0,-84,-7771,-7877,3993,7,56077,0
56102118,56087,1,378,0,-98,-7056,-7584,3994,7,56087,0
56112118,56097,1,377,0,-135,-5899,-6774,3996,7,56097,0
56122118,56107,1,376,0,-142,-4371,-5728,3997,7,56107,0
56132138,56117,1,374,0,-164,-2565,-3980,3998,7,56117,0
56142118,56127,1,372,0,-142,-604,-2368,3999,7,56127,0
56152118,56137,2,372,0,-91,366,-757,0,7,56137,0
56162118,56147,2,372,0,-3,14,-112,0,7,56147,0
56172118,56157,2,371,0,-98,395,161,0,7,56157,0
56182122,56167,2,370,0,-69,278,258,0,7,56167,0
56192118,56177,2,369,0,-47,190,249,0,7,56177,0
56202135,56187,2,368,0,-120,483,327,0,7,56187,0
56212118,56197,2,367,0,-69,278,346,0,7,56197,0
56222118,56207,2,367,0,-91,366,346,0,7,56207,0
56232123,56217,2,366,0,-76,307,317,0,7,56217,0
56242118,56227,2,365,0,-76,307,297,0,7,56227,0
56252120,56237,2,365,0,-25,102,239,0,7,56237,0
56262118,56247,2,365,0,-10,43,151,0,7,56247,0
56272133,56257,2,365,0,-10,43,102,0,7,56257,0
56282118,56267,2,365,0,-10,43,43,0,7,56267,0
56292118,56277,2,365,0,-3,14,24,0,7,56277,0
56302120,56287,2,365,0,-10,43,14,0,7,56287,0
56312118,56297,2,365,0,10,-43,14,0,7,56297,0
56322119,56307,2,365,0,-10,43,4,0,7,56307,0
56332119,56317,2,365,0,-3,14,4,0,7,56317,0
56342133,56327,2,365,0,-3,14,14,0,7,56327,0
56352120,56337,3,365,0,-3,0,4,0,7,56337,0
56362118,56347,3,365,0,-3,0,-4,0,7,56347,0
56372122,56357,3,365,0,3,0,-14,0,7,56357,0
56382118,56367,3,365,0,-3,0,-14,0,7,56367,0
56392118,56377,3,365,0,-3,0,-4,0,7,56377,0
56402118,56387,3,365,0,-10,0,-14,0,7,56387,0
56412133,56397,3,365,0,3,0,-4,0,7,56397,0
56422122,56407,3,365,0,-3,0,-14,0,7,56407,0
56432119,56417,3,365,0,-10,0,-14,0,7,56417,0
56442118,56427,3,365,0,-10,0,-14,0,7,56427,0
56452118,56437,3,365,0,-3,0,-4,0,7,56437,0
56462118,56447,3,365,0,-3,0,-4,0,7,56447,0
56472122,56457,3,365,0,-10,0,-4,0,7,56457,0
56482134,56467,3,365,0,3,0,-14,0,7,56467,0
56492120,56477,3,365,0,-3,0,-14,0,7,56477,0
56502118,56487,3,365,0,3,0,-4,0,7,56487,0
56512118,56497,3,365,0,3,0,-4,0,7,56497,0
56522122,56507,3,365,0,-3,0,-4,0,7,56507,0
56532119,56517,3,365,0,3,0,-4,0,7,56517,0
56542120,56527,3,365,0,-10,0,-14,0,7,56527,0
56552134,56537,3,365,0,-3,0,-4,0,7,56537,0
56562118,56547,3,365,0,-10,0,4,0,7,56547,0
56572118,56557,3,365,0,-3,0,-4,0,7,56557,0
56582118,56567,3,365,0,-10,0,-14,0,7,56567,0
56592120,56577,3,365,0,3,0,-14,0,7,56577,0
56602119,56587,3,365,0,-3,0,-4,0,7,56587,0
56612118,56597,3,365,0,-10,0,-14,0,7,56597,0
56622138,56607,3,365,0,-18,0,-14,0,7,56607,0
56632119,56617,3,365,0,-3,0,-4,0,7,56617,0
56642120,56627,3,365,0,-10,0,-4,0,7,56627,0
56652119,56637,3,365,0,-10,0,-4,0,7,56637,0
56662122,56647,3,365,0,-18,0,-4,0,7,56647,0
56672118,56657,3,365,0,-3,0,-14,0,7,56657,0
56682118,56667,3,365,0,3,0,-14,0,7,56667,0
56692135,56677,3,365,0,3,0,-4,0,7,56677,0
56702118,56687,3,365,0,-3,0,-4,0,7,56687,0
56712122,56697,3,365,0,-3,0,-14,0,7,56697,0
56722118,56707,3,365,0,3,0,-4,0,7,56707,0
56732119,56717,3,365,0,-3,0,-14,0,7,56717,0
56742118,56727,3,365,0,-3,0,-14,0,7,56727,0
56752118,56737,3,365,0,-3,0,-4,0,7,56737,0
56762137,56747,3,365,0,3,0,-4,0,7,56747,0
56772118,56757,3,365,0,-10,0,-14,0,7,56757,0
56782120,56767,3,365,0,-3,0,-14,0,7,56767,0
56792118,56777,3,365,0,-3,0,-14,0,7,56777,0
56802119,56787,3,365,0,-18,0,-4,0,7,56787,0
56812122,56797,3,365,0,-10,0,-4,0,7,56797,0
56822118,56807,3,365,0,-3,0,-4,0,7,56807,0
56832136,56817,3,365,0,10,0,-4,0,7,56817,0
56842119,56827,3,365,0,-10,0,-14,0,7,56827,0
56852118,56837,3,365,0,-3,0,-4,0,7,56837,0
56862122,56847,3,365,0,-10,0,-4,0,7,56847,0
56872118,56857,3,365,0,-10,0,-4,0,7,56857,0
56882120,56867,3,365,0,-3,0,-4,0,7,56867,0
56892119,56877,3,365,0,-18,0,-14,0,7,56877,0
56902134,56887,3,365,0,3,0,-4,0,7,56887,0
56912118,56897,3,365,0,-10,0,-14,0,7,56897,0
56922118,56907,3,365,0,-10,0,-4,0,7,56907,0
56932121,56917,3,365,0,3,0,-14,0,7,56917,0
56942118,56927,3,365,0,-3,0,-14,0,7,56927,0
56952122,56937,3,365,0,-10,0,-14,0,7,56937,0
56962118,56947,3,365,0,-10,0,-4,0,7,56947,0
56972133,56957,3,365,0,-3,0,-14,0,7,56957,0
56982120,56967,3,365,0,-3,0,-4,0,7,56967,0
56992118,56977,3,365,0,-10,0,-14,0,7,56977,0
57002122,56987,3,365,0,-3,0,-14,0,7,56987,0
57012118,56997,3,365,0,10,0,-4,0,7,56997,0
57022118,57007,3,365,0,3,0,-14,0,7,57007,0
57032121,57017,3,365,0,-10,0,-4,0,7,57017,0
57042134,57027,3,365,0,-3,0,-4,0,7,57027,0
57052122,57037,3,365,0,-3,0,-4,0,7,57037,0
57062118,57047,3,365,0,3,0,-4,0,7,57047,0
57072120,57057,3,365,0,-3,0,-14,0,7,57057,0
57082119,57067,3,365,0,-10,0,-14,0,7,57067,0
57092118,57077,3,365,0,-3,0,-14,0,7,57077,0
57102123,57087,3,365,0,-10,0,-4,0,7,57087,0
57112133,57097,3,365,0,10,0,-4,0,7,57097,0
57122120,57107,3,365,0,-10,0,-14,0,7,57107,0
57132119,57117,3,365,0,-10,0,-4,0,7,57117,0
57142118,57127,3,365,0,-3,0,-4,0,7,57127,0
57152122,57137,3,365,0,-3,0,-4,0,7,57137,0
57162118,57147,3,365,0,-18,0,-14,0,7,57147,0
57172121,57157,3,365,0,-3,0,-14,0,7,57157,0
57182134,57167,3,365,0,3,0,-4,0,7,57167,0
57192118,57177,3,365,0,-10,0,-14,0,7,57177,0
57202122,57187,3,365,0,-10,0,-14,0,7,57187,0
57212118,57197,3,365,0,-10,0,-14,0,7,57197,0
57222120,57207,3,365,0,-3,0,-14,0,7,57207,0
57232120,57217,3,365,0,-3,0,-14,0,7,57217,0
57242122,57227,3,365,0,-10,0,-4,0,7,57227,0
57252133,57237,3,365,0,3,0,-4,0,7,57237,0
57262118,57247,3,365,0,-3,0,-14,0,7,57247,0
57272120,57257,3,365,0,-3,0,-14,0,7,57257,0
57282118,57267,3,365,0,3,0,-14,0,7,57267,0
57292122,57277,3,365,0,-3,0,-4,0,7,57277,0
57302119,57287,3,365,0,-18,0,-4,0,7,57287,0
57312118,57297,3,365,0,3,0,-14,0,7,57297,0
57322135,57307,3,365,0,-3,0,-14,0,7,57307,0
57332119,57317,3,365,0,-3,0,-14,0,7,57317,0
57342122,57327,3,365,0,3,0,-14,0,7,57327,0
57352118,57337,3,365,0,-10,0,-4,0,7,57337,0
57362120,57347,3,365,0,10,0,-4,0,7,57347,0
57372118,57357,3,365,0,-3,0,-14,0,7,57357,0
57382118,57367,3,365,0,-3,0,-14,0,7,57367,0
57392137,57377,3,365,0,-10,0,-4,0,7,57377,0
57402118,57387,3,365,0,-3,0,-4,0,7,57387,0
57412120,57397,3,365,0,-3,0,-4,0,7,57397,0
57422118,57407,3,365,0,-3,0,-14,0,7,57407,0
57432120,57417,3,365,0,-3,0,-4,0,7,57417,0
57442122,57427,3,365,0,-10,0,-4,0,7,57427,0
57452118,57437,3,365,0,3,0,-14,0,7,57437,0
57462135,57447,3,365,0,10,0,-14,0,7,57447,0
57472118,57457,3,365,0,-3,0,-4,0,7,57457,0
57482118,57467,3,365,0,-3,0,-4,0,7,57467,0
57492122,57477,3,365,0,10,0,-14,0,7,57477,0
57502118,57487,3,365,0,3,0,-14,0,7,57487,0
57512119,57497,3,365,0,-3,0,-14,0,7,57497,0
57522118,57507,3,365,0,-10,0,-4,0,7,57507,0
57532135,57517,3,365,0,-10,0,-4,0,7,57517,0
57542118,57527,3,365,0,-18,0,-14,0,7,57527,0
57552118,57537,3,365,0,3,0,-14,0,7,57537,0
57562120,57547,3,365,0,-18,0,-4,0,7,57547,0
57572118,57557,3,365,0,-3,0,-4,0,7,57557,0
57582118,57567,3,365,0,-10,0,-14,0,7,57567,0
57592118,57577,3,365,0,3,0,-14,0,7,57577,0
57602133,57587,3,365,0,-18,0,-4,0,7,57587,0
57612120,57597,3,365,0,3,0,-4,0,7,57597,0
57622118,57607,3,365,0,3,0,-4,0,7,57607,0
57632123,57617,3,365,0,-10,0,-4,0,7,57617,0
57642118,57627,3,365,0,-3,0,-14,0,7,57627,0
57652118,57637,3,365,0,10,0,-4,0,7,57637,0
57662118,57647,3,365,0,-10,0,-4,0,7,57647,0
57672134,57657,3,365,0,-10,0,-4,0,7,57657,0
57682121,57667,3,365,0,3,0,-14,0,7,57667,0
57692118,57677,3,365,0,-3,0,-4,0,7,57677,0
57702118,57687,3,365,0,3,0,-14,0,7,57687,0
57712118,57697,3,365,0,-3,0,-4,0,7,57697,0
57722118,57707,3,365,0,3,0,-14,0,7,57707,0
57732123,57717,3,365,0,-3,0,-14,0,7,57717,0
57742133,57727,3,365,0,-3,0,-14,0,7,57727,0
57752120,57737,3,365,0,-3,0,-14,0,7,57737,0
57762118,57747,3,365,0,-18,0,-4,0,7,57747,0
57772119,57757,3,365,0,-3,0,-4,0,7,57757,0
57782122,57767,3,365,0,3,0,-4,0,7,57767,0
57792118,57777,3,365,0,10,0,-4,0,7,57777,0
57802120,57787,3,365,0,10,0,-4,0,7,57787,0
57812133,57797,3,365,0,-10,0,-14,0,7,57797,0
57822118,57807,3,365,0,-3,0,-14,0,7,57807,0
57832119,57817,3,365,0,-3,0,-14,0,7,57817,0
57842118,57827,3,365,0,-3,0,-4,0,7,57827,0
57852120,57837,3,365,0,-3,0,-4,0,7,57837,0
57862118,57847,3,365,0,-3,0,-14,0,7,57847,0
57872118,57857,3,365,0,-10,0,-4,0,7,57857,0
57882133,57867,3,365,0,-3,0,-14,0,7,57867,0
57892118,57877,3,365,0,-3,0,-14,0,7,57877,0
57902120,57887,3,365,0,10,0,-14,0,7,57887,0
57912118,57897,3,365,0,-3,0,-14,0,7,57897,0
57922122,57907,3,365,0,-3,0,-4,0,7,57907,0
57932119,57917,3,365,0,3,0,-14,0,7,57917,0
57942118,57927,3,365,0,3,0,-4,0,7,57927,0
57952134,57937,3,365,0,-3,0,-14,0,7,57937,0
57962118,57947,3,365,0,-3,0,-14,0,7,57947,0
57972122,57957,3,365,0,-3,0,-4,0,7,57957,0
57982118,57967,3,365,0,-3,0,-4,0,7,57967,0
57992118,57977,3,365,0,-3,0,-4,0,7,57977,0
58002119,57987,3,365,0,-10,0,-14,0,7,57987,0
58012118,57997,3,365,0,-3,0,-4,0,7,57997,0
58022137,58007,3,365,0,-3,0,-4,0,7,58007,0
58032119,58017,3,365,0,-3,0,-14,0,7,58017,0
58042120,58027,3,365,0,-3,0,-4,0,7,58027,0
58052118,58037,3,365,0,-10,0,-4,0,7,58037,0
58062118,58047,3,365,0,-3,0,-4,0,7,58047,0
58072122,58057,3,365,0,-10,0,-4,0,7,58057,0
58082118,58067,3,365,0,-10,0,-4,0,7,58067,0
58092136,58077,3,365,0,3,0,-14,0,7,58077,0
58102118,58087,3,365,0,-3,0,-4,0,7,58087,0
58112118,58097,3,365,0,-18,0,-14,0,7,58097,0
58122118,58107,3,365,0,-18,0,-4,0,7,58107,0
58132119,58117,3,365,0,-10,0,-14,0,7,58117,0
58142120,58127,3,365,0,-10,0,-14,0,7,58127,0
58152118,58137,3,365,0,3,0,-4,0,7,58137,0
58162133,58147,3,365,0,-18,0,-4,0,7,58147,0
58172118,58157,3,365,0,-3,0,-4,0,7,58157,0
58182118,58167,3,365,0,-3,0,-4,0,7,58167,0
58192119,58177,3,365,0,-10,0,-14,0,7,58177,0
58202119,58187,3,365,0,-3,0,-4,0,7,58187,0
58212122,58197,3,365,0,-3,0,-14,0,7,58197,0
58222118,58207,3,365,0,-3,0,-14,0,7,58207,0
58232134,58217,3,365,0,3,0,-4,0,7,58217,0
58242118,58227,3,365,0,3,0,-14,0,7,58227,0
58252118,58237,3,365,0,3,0,-4,0,7,58237,0
58262121,58247,3,365,0,-3,0,-14,0,7,58247,0
58272118,58257,3,365,0,-3,0,-14,0,7,58257,0
58282118,58267,3,365,0,-3,0,-4,0,7,58267,0
58292118,58277,3,365,0,-10,0,-14,0,7,58277,0
58302134,58287,3,365,0,-3,0,-4,0,7,58287,0
58312122,58297,3,365,0,-3,0,-4,0,7,58297,0
58322118,58307,3,365,0,-3,0,-14,0,7,58307,0
58332121,58317,3,365,0,3,0,-14,0,7,58317,0
58342118,58327,3,365,0,-10,0,-14,0,7,58327,0
58352118,58337,3,365,0,3,0,-4,0,7,58337,0
58362122,58347,3,365,0,-3,0,-4,0,7,58347,0
58372133,58357,3,365,0,3,0,-14,0,7,58357,0
58382119,58367,3,365,0,-3,0,-14,0,7,58367,0
58392118,58377,3,365,0,3,0,-4,0,7,58377,0
58402119,58387,3,365,0,-3,0,-4,0,7,58387,0
58412118,58397,3,365,0,-3,0,-4,0,7,58397,0
58422118,58407,3,365,0,3,0,-14,0,7,58407,0
58432121,58417,3,365,0,3,0,-14,0,7,58417,0
58442133,58427,3,365,0,-3,0,-4,0,7,58427,0
58452118,58437,3,365,0,3,0,-4,0,7,58437,0
58462118,58447,3,365,0,-3,0,-4,0,7,58447,0
58472118,58457,3,365,0,-10,0,-4,0,7,58457,0
58482120,58467,3,365,0,-3,0,-14,0,7,58467,0
58492118,58477,3,365,0,-10,0,-14,0,7,58477,0
58502122,58487,3,365,0,3,0,-14,0,7,58487,0
58512133,58497,3,365,0,-3,0,-4,0,7,58497,0
58522118,58507,3,365,0,-18,0,-14,0,7,58507,0
58532119,58517,3,365,0,-3,0,-4,0,7,58517,0
58542118,58527,3,365,0,3,0,-4,0,7,58527,0
58552121,58537,3,365,0,-3,0,-14,0,7,58537,0
58562118,58547,3,365,0,-3,0,-14,0,7,58547,0
58572118,58557,3,365,0,-10,0,-14,0,7,58557,0
58582135,58567,3,365,0,-3,0,-14,0,7,58567,0
58592118,58577,3,365,0,-10,0,-4,0,7,58577,0
58602122,58587,3,365,0,-3,0,-14,0,7,58587,0
58612118,58597,3,365,0,3,0,-14,0,7,58597,0
58622120,58607,3,365,0,-10,0,-14,0,7,58607,0
58632119,58617,3,365,0,-3,0,-4,0,7,58617,0
58642118,58627,3,365,0,-3,0,-14,0,7,58627,0
58652138,58637,3,365,0,-18,0,-14,0,7,58637,0
58662118,58647,3,365,0,-10,0,-4,0,7,58647,0
58672120,58657,3,365,0,-3,0,-4,0,7,58657,0
58682118,58667,3,365,0,-3,0,-14,0,7,58667,0
58692118,58677,3,365,0,3,0,-14,0,7,58677,0
58702118,58687,3,365,0,-3,0,-14,0,7,58687,0
58712118,58697,3,365,0,-10,0,-14,0,7,58697,0
58722136,58707,3,365,0,-3,0,-14,0,7,58707,0
58732120,58717,3,365,0,3,0,-14,0,7,58717,0
58742118,58727,3,365,0,-10,0,-14,0,7,58727,0
58752118,58737,3,365,0,-3,0,-4,0,7,58737,0
58762117,58747,3,365,0,-10,0,-4,0,7,58747,0
58772120,58757,3,365,0,-3,0,-14,0,7,58757,0
58782118,58767,3,365,0,-3,0,-14,0,7,58767,0
58792137,58777,3,365,0,-3,0,-14,0,7,58777,0
58802118,58787,3,365,0,-10,0,-14,0,7,58787,0
58812118,58797,3,365,0,-3,0,-4,0,7,58797,0
58822118,58807,3,365,0,-10,0,-14,0,7,58807,0
58832119,58817,3,365,0,-3,0,-14,0,7,58817,0
58842122,58827,3,365,0,-3,0,-4,0,7,58827,0
58852118,58837,3,365,0,-3,0,-4,0,7,58837,0
58862134,58847,3,365,0,10,0,-14,0,7,58847,0
58872118,58857,3,365,0,-10,0,-4,0,7,58857,0
58882118,58867,3,365,0,-10,0,-4,0,7,58867,0
58892122,58877,3,365,0,3,0,-14,0,7,58877,0
58902118,58887,3,365,0,3,0,-14,0,7,58887,0
58912120,58897,3,365,0,3,0,-14,0,7,58897,0
58922118,58907,3,365,0,-10,0,-14,0,7,58907,0
58932134,58917,3,365,0,10,0,-4,0,7,58917,0
58942122,58927,3,365,0,3,0,-4,0,7,58927,0
58952118,58937,3,365,0,-10,0,-4,0,7,58937,0
58962120,58947,3,365,0,-10,0,-14,0,7,58947,0
58972118,58957,3,365,0,-3,0,-4,0,7,58957,0
58982118,58967,3,365,0,-18,0,-4,0,7,58967,0
58992118,58977,3,365,0,-3,0,-14,0,7,58977,0
59002134,58987,3,365,0,3,0,-14,0,7,58987,0
59012120,58997,3,365,0,3,0,-14,0,7,58997,0
59022118,59007,3,365,0,-3,0,-4,0,7,59007,0
59032119,59017,3,365,0,-3,0,-4,0,7,59017,0
59042118,59027,3,365,0,-10,0,-4,0,7,59027,0
59052118,59037,3,365,0,-10,0,-14,0,7,59037,0
59062120,59047,3,365,0,-10,0,-14,0,7,59047,0
59072134,59057,3,365,0,-10,0,-4,0,7,59057,0
59082122,59067,3,365,0,18,0,-4,0,7,59067,0
59092118,59077,3,365,0,3,0,-4,0,7,59077,0
59102118,59087,3,365,0,3,0,-4,0,7,59087,0
59112118,59097,3,365,0,-18,0,-4,0,7,59097,0
59122119,59107,3,365,0,-10,0,-4,0,7,59107,0
59132123,59117,3,365,0,-25,0,-14,0,7,59117,0
59142133,59127,3,365,0,-3,0,-14,0,7,59127,0
59152118,59137,3,365,0,10,0,-4,0,7,59137,0
59162118,59147,3,365,0,-3,0,-4,0,7,59147,0
59172118,59157,3,365,0,-10,0,-4,0,7,59157,0
59182122,59167,3,365,0,-18,0,-4,0,7,59167,0
59192118,59177,3,365,0,3,0,-14,0,7,59177,0
59202120,59187,3,365,0,10,0,-14,0,7,59187,0
59212134,59197,3,365,0,-3,0,-14,0,7,59197,0
59222118,59207,3,365,0,-10,0,-4,0,7,59207,0
59232123,59217,3,365,0,-3,0,-14,0,7,59217,0
