timestamp_us,sample_seq,state,position_mrad,gyro_yaw_mrad_s,motor_speed_mrad_s,torque_command_mNm,torque_feedback_mNm,frequency_mHz,imu_status,motor_rx_seq,imu_sample_seq
8822122,8807,0,-870,0,-3,0,-14,0,7,8807,0
8832119,8817,0,-870,0,-10,0,-14,0,7,8817,0
8842135,8827,0,-870,0,-3,0,-4,0,7,8827,0
8852118,8837,0,-870,0,3,0,-14,0,7,8837,0
8862118,8847,0,-870,0,-10,0,-4,0,7,8847,0
8872122,8857,0,-870,0,3,0,-24,0,7,8857,0
8882124,8867,0,-870,0,-3,0,-14,0,7,8867,0
8892120,8877,0,-870,0,-3,0,-4,0,7,8877,0
8902118,8887,0,-870,0,10,0,-14,0,7,8887,0
8912134,8897,0,-870,0,-3,0,-14,0,7,8897,0
8922122,8907,0,-870,0,-3,0,-4,0,7,8907,0
8932119,8917,0,-870,0,-18,0,-14,0,7,8917,0
8942121,8927,0,-870,0,-10,0,-4,0,7,8927,0
8952121,8937,0,-870,0,-25,0,-14,0,7,8937,0
8962122,8947,0,-870,0,-3,0,-4,0,7,8947,0
8972118,8957,0,-870,0,-10,0,-14,0,7,8957,0
8982133,8967,0,-870,0,-3,0,-14,0,7,8967,0
8992120,8977,0,-870,0,-3,0,-24,0,7,8977,0
9002119,8987,0,-870,0,-3,0,-4,0,7,8987,0
9012122,8997,0,-870,0,-10,0,-14,0,7,8997,0
9022124,9007,0,-870,0,-18,0,-4,0,7,9007,0
9032119,9017,0,-870,0,-10,0,-14,0,7,9017,0
9042120,9027,0,-870,0,-10,0,-14,0,7,9027,0
9052133,9037,0,-870,0,3,0,-14,0,7,9037,0
9062121,9047,0,-870,0,3,0,-14,0,7,9047,0
9072118,9057,0,-870,0,-18,0,-14,0,7,9057,0
9082120,9067,0,-870,0,-3,0,-14,0,7,9067,0
9092125,9077,0,-870,0,10,0,-14,0,7,9077,0
9102118,9087,0,-870,0,3,0,-4,0,7,9087,0
9112121,9097,0,-870,0,3,0,-24,0,7,9097,0
9122133,9107,0,-870,0,-10,0,-14,0,7,9107,0
9132121,9117,0,-870,0,-3,0,-14,0,7,9117,0
9142118,9127,0,-870,0,-3,0,-14,0,7,9127,0
9152118,9137,0,-870,0,-3,0,-24,0,7,9137,0
9162128,9147,0,-870,0,3,0,-24,0,7,9147,0
9172118,9157,0,-869,0,10,0,-14,0,7,9157,0
9182120,9167,0,-870,0,-10,0,-14,0,7,9167,0
9192134,9177,0,-870,0,-10,0,-14,0,7,9177,0
9202119,9187,0,-870,0,-3,0,-4,0,7,9187,0
9212122,9197,0,-870,0,3,0,-14,0,7,9197,0
9222118,9207,0,-870,0,-10,0,-14,0,7,9207,0
9232127,9217,0,-870,0,-10,0,-4,0,7,9217,0
9242118,9227,0,-870,0,-3,0,-14,0,7,9227,0
9252118,9237,0,-870,0,-3,0,-4,0,7,9237,0
9262133,9247,0,-870,0,-3,0,-14,0,7,9247,0
9272118,9257,0,-870,0,-10,0,-4,0,7,9257,0
9282120,9267,0,-870,0,-3,0,-4,0,7,9267,0
9292118,9277,0,-870,0,-3,0,-4,0,7,9277,0
9302126,9287,0,-870,0,10,0,-14,0,7,9287,0
9312118,9297,0,-870,0,-3,0,-4,0,7,9297,0
9322118,9307,0,-870,0,3,0,-14,0,7,9307,0
9332136,9317,0,-870,0,-3,0,-14,0,7,9317,0
9342118,9327,0,-870,0,-10,0,-14,0,7,9327,0
9352122,9337,0,-870,0,-3,0,-14,0,7,9337,0
9362118,9347,0,-870,0,-3,0,-14,0,7,9347,0
9372124,9357,0,-870,0,-3,0,-14,0,7,9357,0
9382119,9367,0,-870,0,-10,0,-14,0,7,9367,0
9392118,9377,0,-870,0,-3,0,-14,0,7,9377,0
9402137,9387,0,-870,0,-3,0,-14,0,7,9387,0
9412118,9397,0,-870,0,3,0,-14,0,7,9397,0
9422118,9407,0,-870,0,-3,0,-14,0,7,9407,0
9432119,9417,0,-870,0,10,0,-24,0,7,9417,0
9442124,9427,0,-870,0,10,0,-14,0,7,9427,0
9452122,9437,0,-870,0,-3,0,-14,0,7,9437,0
9462118,9447,0,-870,0,-3,0,-14,0,7,9447,0
9472135,9457,0,-870,0,3,0,-4,0,7,9457,0
9482118,9467,0,-870,0,-10,0,-14,0,7,9467,0
9492118,9477,0,-870,0,10,0,-4,0,7,9477,0
9502122,9487,0,-870,0,-10,0,-4,0,7,9487,0
9512124,9497,0,-870,0,3,0,-14,0,7,9497,0
9522120,9507,0,-870,0,-10,0,-14,0,7,9507,0
9532119,9517,0,-870,0,-3,0,-4,0,7,9517,0
9542133,9527,0,-870,0,-10,0,-14,0,7,9527,0
9552118,9537,0,-870,0,-10,0,-4,0,7,9537,0
9562118,9547,0,-870,0,-3,0,-4,0,7,9547,0
9572120,9557,0,-869,0,10,0,-14,0,7,9557,0
9582124,9567,0,-870,0,3,0,-4,0,7,9567,0
9592118,9577,0,-870,0,3,0,-24,0,7,9577,0
9602118,9587,0,-870,0,3,0,-14,0,7,9587,0
9612133,9597,0,-870,0,-3,0,-14,0,7,9597,0
9622120,9607,0,-870,0,-10,0,-4,0,7,9607,0
9632119,9617,0,-870,0,-3,0,-24,0,7,9617,0
9642122,9627,0,-870,0,-18,0,-24,0,7,9627,0
9652124,9637,0,-870,0,-3,0,-14,0,7,9637,0
9662118,9647,0,-870,0,-10,0,-14,0,7,9647,0
9672118,9657,0,-870,0,10,0,-14,0,7,9657,0
9682133,9667,0,-870,0,-10,0,-4,0,7,9667,0
9692122,9677,0,-870,0,3,0,-14,0,7,9677,0
9702118,9687,0,-870,0,-18,0,-4,0,7,9687,0
9712118,9697,0,-870,0,3,0,-4,0,7,9697,0
9722125,9707,0,-870,0,-3,0,-4,0,7,9707,0
9732119,9717,0,-870,0,18,0,-14,0,7,9717,0
9742122,9727,0,-870,0,3,0,-14,0,7,9727,0
9752133,9737,0,-870,0,3,0,-14,0,7,9737,0
9762120,9747,0,-870,0,-18,0,-14,0,7,9747,0
9772118,9757,0,-870,0,-3,0,-4,0,7,9757,0
9782118,9767,0,-870,0,-3,0,-4,0,7,9767,0
9792128,9777,0,-870,0,-10,0,-4,0,7,9777,0
9802118,9787,0,-870,0,-3,0,-4,0,7,9787,0
9812120,9797,0,-870,0,-10,0,-4,0,7,9797,0
9822133,9807,0,-870,0,-10,0,-4,0,7,9807,0
9832119,9817,0,-870,0,10,0,-4,0,7,9817,0
9842118,9827,0,-870,0,-10,0,-4,0,7,9827,0
9852118,9837,0,-870,0,3,0,-4,0,7,9837,0
9862126,9847,0,-870,0,-3,0,-14,0,7,9847,0
9872118,9857,0,-870,0,-3,0,-4,0,7,9857,0
9882118,9867,0,-870,0,-10,0,-4,0,7,9867,0
9892133,9877,0,-870,0,-3,0,-4,0,7,9877,0
9902118,9887,0,-870,0,-10,0,-4,0,7,9887,0
9912119,9897,0,-870,0,-3,0,-14,0,7,9897,0
9922118,9907,0,-870,0,-10,0,-14,0,7,9907,0
9932129,9917,0,-870,0,-3,0,-4,0,7,9917,0
9942118,9927,0,-870,0,-3,0,-4,0,7,9927,0
9952118,9937,0,-870,0,-10,0,-14,0,7,9937,0
9962133,9947,0,-870,0,-18,0,-14,0,7,9947,0
9972118,9957,0,-870,0,3,0,-4,0,7,9957,0
9982121,9967,0,-870,0,-10,0,-4,0,7,9967,0
9992118,9977,0,-870,0,3,0,-14,0,7,9977,0
10002124,9987,0,-870,0,10,0,-14,0,7,9987,0
10012119,9997,0,-870,0,-3,0,-14,0,7,9997,0
10022118,10007,0,-870,0,-3,0,-14,0,7,10007,0
10032138,10017,0,-870,0,-3,0,-14,0,7,10017,0
10042118,10027,0,-870,0,3,0,4,0,7,10027,0
10052120,10037,0,-870,0,3,0,4,0,7,10037,0
10062118,10047,0,-870,0,-10,0,-4,0,7,10047,0
10072124,10057,0,-870,0,-10,0,-4,0,7,10057,0
10082122,10067,0,-870,0,-10,0,-4,0,7,10067,0
10092118,10077,0,-870,0,-10,0,-14,0,7,10077,0
10102135,10087,0,-870,0,10,0,-4,0,7,10087,0
10112118,10097,0,-870,0,10,0,-4,0,7,10097,0
10122118,10107,0,-870,0,3,0,4,0,7,10107,0
10132119,10117,0,-870,0,-3,0,-14,0,7,10117,0
10142124,10127,0,-870,0,-3,0,-24,0,7,10127,0
10152120,10137,0,-870,0,-10,0,-4,0,7,10137,0
10162118,10147,0,-870,0,-10,0,-4,0,7,10147,0
10172133,10157,0,-870,0,-3,0,-4,0,7,10157,0
10182118,10167,0,-870,0,-18,0,4,0,7,10167,0
10192118,10177,0,-870,0,-3,0,-4,0,7,10177,0
10202121,10187,0,-870,0,-10,0,-4,0,7,10187,0
10212124,10197,0,-870,0,-10,0,-14,0,7,10197,0
10222121,10207,0,-870,0,3,0,-14,0,7,10207,0
10232119,10217,0,-870,0,10,0,-4,0,7,10217,0
10242133,10227,0,-870,0,-10,0,-4,0,7,10227,0
10252118,10237,0,-870,0,-10,0,-14,0,7,10237,0
10262118,10247,0,-870,0,-3,0,-4,0,7,10247,0
10272121,10257,0,-870,0,3,0,-4,0,7,10257,0
10282124,10267,0,-870,0,-3,0,-4,0,7,10267,0
10292118,10277,0,-870,0,-25,0,-14,0,7,10277,0
10302118,10287,0,-870,0,-3,0,-14,0,7,10287,0
10312134,10297,0,-870,0,3,0,-14,0,7,10297,0
10322121,10307,0,-870,0,3,0,-14,0,7,10307,0
10332119,10317,0,-870,0,-3,0,-14,0,7,10317,0
10342120,10327,0,-870,0,-3,0,-4,0,7,10327,0
10352125,10337,0,-870,0,-18,0,-14,0,7,10337,0
10362118,10347,0,-870,0,10,0,-4,0,7,10347,0
10372122,10357,0,-870,0,3,0,-4,0,7,10357,0
10382133,10367,0,-870,0,-10,0,-14,0,7,10367,0
10392119,10377,0,-870,0,-3,0,-14,0,7,10377,0
10402118,10387,0,-870,0,10,0,-14,0,7,10387,0
10412118,10397,0,-870,0,-3,0,-4,0,7,10397,0
10422124,10407,0,-870,0,-3,0,-4,0,7,10407,0
10432119,10417,0,-870,0,3,0,-4,0,7,10417,0
10442120,10427,0,-870,0,-10,0,-14,0,7,10427,0
10452134,10437,0,-870,0,-18,0,-14,0,7,10437,0
10462118,10447,0,-870,0,-3,0,-4,0,7,10447,0
10472118,10457,0,-870,0,-18,0,-14,0,7,10457,0
10482117,10467,0,-870,0,-18,0,-4,0,7,10467,0
10492126,10477,0,-870,0,3,0,-14,0,7,10477,0
10502118,10487,0,-870,0,-10,0,-4,0,7,10487,0
10512122,10497,0,-870,0,-10,0,-14,0,7,10497,0
10522133,10507,0,-870,0,-3,0,-14,0,7,10507,0
10532118,10517,0,-870,0,-3,0,-4,0,7,10517,0
10542117,10527,0,-870,0,-18,0,-14,0,7,10527,0
10552118,10537,0,-870,0,10,0,-4,0,7,10537,0
10562128,10547,0,-870,0,-3,0,-4,0,7,10547,0
10572118,10557,0,-870,0,3,0,-4,0,7,10557,0
10582118,10567,0,-870,0,-3,0,-4,0,7,10567,0
10592135,10577,0,-870,0,3,0,-4,0,7,10577,0
10602118,10587,0,-870,0,3,0,-4,0,7,10587,0
10612122,10597,0,-870,0,-10,0,-14,0,7,10597,0
10622117,10607,0,-870,0,-3,0,-4,0,7,10607,0
10632127,10617,0,-870,0,3,0,-14,0,7,10617,0
10642118,10627,0,-870,0,-18,0,-4,0,7,10627,0
10652118,10637,0,-870,0,-3,0,-14,0,7,10637,0
10662137,10647,0,-870,0,-3,0,-14,0,7,10647,0
10672117,10657,0,-870,0,-10,0,-4,0,7,10657,0
10682120,10667,0,-870,0,-10,0,4,0,7,10667,0
10692118,10677,0,-870,0,3,0,4,0,7,10677,0
10702125,10687,0,-870,0,-10,0,-4,0,7,10687,0
10712118,10697,0,-870,0,-3,0,-4,0,7,10697,0
10722118,10707,0,-870,0,3,0,-24,0,7,10707,0
10732136,10717,0,-870,0,-3,0,-14,0,7,10717,0
10742118,10727,0,-870,0,-10,0,-4,0,7,10727,0
10752118,10737,0,-870,0,3,0,-14,0,7,10737,0
10762118,10747,0,-870,0,3,0,-4,0,7,10747,0
10772124,10757,0,-870,0,-10,0,4,0,7,10757,0
10782120,10767,0,-870,0,-10,0,-14,0,7,10767,0
10792118,10777,0,-870,0,-10,0,-4,0,7,10777,0
10802137,10787,0,-870,0,10,0,-14,0,7,10787,0
10812117,10797,0,-870,0,-3,0,-14,0,7,10797,0
10822118,10807,0,-870,0,-3,0,-4,0,7,10807,0
10832122,10817,0,-870,0,-18,0,-14,0,7,10817,0
10842125,10827,0,-870,0,3,0,-4,0,7,10827,0
10852123,10837,0,-870,0,3,0,-4,0,7,10837,0
10862119,10847,0,-870,0,-3,0,-4,0,7,10847,0
10872134,10857,0,-870,0,-3,0,-14,0,7,10857,0
10882119,10867,0,-870,0,3,0,-14,0,7,10867,0
10892118,10877,0,-870,0,-10,0,-4,0,7,10877,0
10902122,10887,0,-870,0,-10,0,-14,0,7,10887,0
10912124,10897,0,-870,0,-10,0,-4,0,7,10897,0
10922119,10907,0,-870,0,-10,0,-4,0,7,10907,0
10932119,10917,0,-870,0,-10,0,-4,0,7,10917,0
10942133,10927,0,-870,0,-3,0,-4,0,7,10927,0
10952122,10937,0,-870,0,-10,0,-4,0,7,10937,0
10962118,10947,0,-870,0,-18,0,-4,0,7,10947,0
10972120,10957,0,-870,0,3,0,-4,0,7,10957,0
10982125,10967,0,-870,0,-18,0,-14,0,7,10967,0
10992118,10977,0,-870,0,-10,0,-14,0,7,10977,0
11002122,10987,0,-870,0,3,0,-4,0,7,10987,0
11012126,10997,0,-870,0,-3,0,-4,0,7,10997,0
11022121,11007,0,-870,0,-3,0,-24,0,7,11007,0
11032119,11017,0,-870,0,-10,0,-14,0,7,11017,0
11042118,11027,0,-870,0,-10,0,-14,0,7,11027,0
11052128,11037,0,-870,0,3,0,-14,0,7,11037,0
11062118,11047,0,-870,0,-3,0,-4,0,7,11047,0
11072120,11057,0,-870,0,-10,0,-14,0,7,11057,0
11082126,11067,0,-870,0,-10,0,-14,0,7,11067,0
11092122,11077,0,-870,0,-3,0,-14,0,7,11077,0
11102118,11087,0,-870,0,-10,0,-14,0,7,11087,0
11112117,11097,0,-870,0,-3,0,-4,0,7,11097,0
11122126,11107,0,-870,0,-3,0,-4,0,7,11107,0
11132119,11117,0,-870,0,-3,0,-14,0,7,11117,0
11142122,11127,0,-870,0,3,0,-4,0,7,11127,0
11152126,11137,0,-870,0,-18,0,-14,0,7,11137,0
11162118,11147,0,-870,0,-3,0,-4,0,7,11147,0
11172120,11157,0,-870,0,-10,0,-24,0,7,11157,0
11182118,11167,0,-870,0,3,0,-4,0,7,11167,0
11192128,11177,0,-870,0,-3,0,-4,0,7,11177,0
11202118,11187,0,-870,0,-10,0,-14,0,7,11187,0
11212119,11197,0,-870,0,3,0,-24,0,7,11197,0
11222126,11207,0,-870,0,3,0,-4,0,7,11207,0
11232119,11217,0,-870,0,-10,0,-14,0,7,11217,0
11242121,11227,0,-870,0,-10,0,-4,0,7,11227,0
11252118,11237,0,-870,0,-18,0,-4,0,7,11237,0
11262126,11247,0,-870,0,3,0,-14,0,7,11247,0
11272118,11257,0,-870,0,-3,0,-14,0,7,11257,0
11282118,11267,0,-870,0,-10,0,-14,0,7,11267,0
11292129,11277,0,-870,0,-18,0,-4,0,7,11277,0
11302118,11287,0,-870,0,3,0,-4,0,7,11287,0
11312120,11297,0,-870,0,-10,0,-14,0,7,11297,0
11322118,11307,0,-870,0,-10,0,-14,0,7,11307,0
11332125,11317,0,-870,0,-3,0,-4,0,7,11317,0
11342123,11327,0,-870,0,-3,0,-4,0,7,11327,0
11352118,11337,0,-870,0,-10,0,-14,0,7,11337,0
11362128,11347,0,-870,0,-18,0,-4,0,7,11347,0
11372118,11357,0,-870,0,-3,0,-14,0,7,11357,0
11382120,11367,0,-870,0,-3,0,-4,0,7,11367,0
11392118,11377,0,-870,0,-3,0,-4,0,7,11377,0
11402124,11387,0,-870,0,-3,0,-4,0,7,11387,0
11412120,11397,0,-870,0,3,0,-4,0,7,11397,0
11422118,11407,0,-870,0,3,0,-4,0,7,11407,0
11432128,11417,0,-870,0,-3,0,-14,0,7,11417,0
11442118,11427,0,-870,0,-10,0,-4,0,7,11427,0
11452118,11437,0,-870,0,-18,0,-4,0,7,11437,0
11462120,11447,0,-870,0,-3,0,-4,0,7,11447,0
11472125,11457,0,-870,0,-10,0,-4,0,7,11457,0
11482122,11467,0,-870,0,3,0,-14,0,7,11467,0
11492118,11477,0,-870,0,3,0,-14,0,7,11477,0
11502124,11487,0,-870,0,10,0,-4,0,7,11487,0
11512119,11497,0,-870,0,-3,0,-14,0,7,11497,0
11522118,11507,0,-870,0,-10,0,-4,0,7,11507,0
11532123,11517,0,-870,0,3,0,-4,0,7,11517,0
11542124,11527,0,-870,0,-10,0,-14,0,7,11527,0
11552118,11537,0,-870,0,3,0,-14,0,7,11537,0
11562119,11547,0,-870,0,-3,0,-4,0,7,11547,0
11572124,11557,0,-870,0,-3,0,-4,0,7,11557,0
11582121,11567,0,-870,0,3,0,-4,0,7,11567,0
11592118,11577,0,-870,0,-3,0,-14,0,7,11577,0
11602120,11587,0,-870,0,3,0,-4,0,7,11587,0
11612125,11597,0,-870,0,10,0,-4,0,7,11597,0
11622118,11607,0,-870,0,-10,0,-14,0,7,11607,0
11632122,11617,0,-870,0,18,0,-14,0,7,11617,0
11642124,11627,0,-870,0,-25,0,-14,0,7,11627,0
11652119,11637,0,-870,0,-3,0,-14,0,7,11637,0
11662118,11647,0,-870,0,-3,0,-14,0,7,11647,0
11672119,11657,0,-870,0,3,0,4,0,7,11657,0
11682124,11667,0,-870,0,-3,0,-14,0,7,11667,0
11692118,11677,0,-870,0,3,0,-14,0,7,11677,0
11702120,11687,0,-870,0,-10,0,-24,0,7,11687,0
11712124,11697,0,-870,0,-3,0,-4,0,7,11697,0
11722118,11707,0,-870,0,-3,0,-14,0,7,11707,0
11732119,11717,0,-870,0,-18,0,-24,0,7,11717,0
11742118,11727,0,-870,0,3,0,-14,0,7,11727,0
11752126,11737,0,-870,0,3,0,4,0,7,11737,0
11762118,11747,0,-870,0,3,0,-4,0,7,11747,0
11772122,11757,0,-870,0,-3,0,-4,0,7,11757,0
11782125,11767,0,-870,0,3,0,-4,0,7,11767,0
11792118,11777,0,-870,0,-10,0,-4,0,7,11777,0
11802119,11787,0,-870,0,3,0,-4,0,7,11787,0
11812118,11797,0,-870,0,3,0,-14,0,7,11797,0
11822128,11807,0,-870,0,-3,0,4,0,7,11807,0
11832119,11817,0,-870,0,10,0,-4,0,7,11817,0
11842118,11827,0,-870,0,3,0,-14,0,7,11827,0
11852124,11837,0,-870,0,-3,0,-14,0,7,11837,0
11862118,11847,0,-870,0,-3,0,-4,0,7,11847,0
11872122,11857,0,-870,0,-3,0,-14,0,7,11857,0
11882118,11867,0,-869,0,3,0,-14,0,7,11867,0
11892126,11877,0,-870,0,-3,0,-14,0,7,11877,0
11902119,11887,0,-870,0,3,0,-4,0,7,11887,0
11912118,11897,0,-870,0,-18,0,-14,0,7,11897,0
11922127,11907,0,-870,0,-18,0,-14,0,7,11907,0
11932119,11917,0,-870,0,-3,0,-24,0,7,11917,0
11942120,11927,0,-870,0,-18,0,-14,0,7,11927,0
11952118,11937,0,-870,0,-10,0,-4,0,7,11937,0
11962125,11947,0,-870,0,10,0,-24,0,7,11947,0
11972118,11957,0,-870,0,-3,0,-4,0,7,11957,0
11982118,11967,0,-870,0,-10,0,-4,0,7,11967,0
11992127,11977,0,-870,0,10,0,-14,0,7,11977,0
12002118,11987,0,-870,0,-10,0,-4,0,7,11987,0
12012118,11997,0,-870,0,-3,0,-14,0,7,11997,0
12022118,12007,0,-870,0,-3,0,4,0,7,12007,0
12032125,12017,0,-870,0,-3,0,4,0,7,12017,0
12042120,12027,0,-870,0,-10,0,-14,0,7,12027,0
12052118,12037,0,-870,0,3,0,-14,0,7,12037,0
12062127,12047,0,-870,0,-10,0,-4,0,7,12047,0
12072118,12057,0,-870,0,-10,0,-4,0,7,12057,0
12082118,12067,0,-870,0,-10,0,-4,0,7,12067,0
12092118,12077,0,-870,0,-10,0,-14,0,7,12077,0
12102124,12087,0,-870,0,-3,0,-4,0,7,12087,0
12112122,12097,0,-870,0,3,0,-4,0,7,12097,0
12122118,12107,0,-870,0,3,0,-14,0,7,12107,0
12132125,12117,0,-870,0,-10,0,4,0,7,12117,0
12142118,12127,0,-870,0,3,0,-4,0,7,12127,0
12152118,12137,0,-870,0,-3,0,-4,0,7,12137,0
12162122,12147,0,-870,0,3,0,-4,0,7,12147,0
12172124,12157,0,-870,0,3,0,-4,0,7,12157,0
12182120,12167,0,-870,0,-3,0,-4,0,7,12167,0
12192118,12177,0,-870,0,-10,0,-14,0,7,12177,0
12202124,12187,0,-870,0,3,0,-14,0,7,12187,0
12212122,12197,0,-870,0,3,0,-4,0,7,12197,0
12222118,12207,0,-870,0,-3,0,-4,0,7,12207,0
12232121,12217,0,-870,0,-10,0,-4,0,7,12217,0
12242125,12227,0,-870,0,3,0,-4,0,7,12227,0
12252118,12237,0,-870,0,3,0,-14,0,7,12237,0
12262118,12247,0,-870,0,3,0,-4,0,7,12247,0
12272124,12257,0,-870,0,-3,0,-4,0,7,12257,0
12282120,12267,0,-870,0,3,0,-4,0,7,12267,0
12292118,12277,0,-870,0,-3,0,-24,0,7,12277,0
12302118,12287,0,-870,0,-10,0,-4,0,7,12287,0
12312124,12297,0,-870,0,-10,0,-14,0,7,12297,0
12322118,12307,0,-870,0,-3,0,-14,0,7,12307,0
12332121,12317,0,-870,0,-18,0,-14,0,7,12317,0
12342124,12327,0,-870,0,-10,0,-4,0,7,12327,0
12352122,12337,0,-870,0,-10,0,-14,0,7,12337,0
12362118,12347,0,-870,0,3,0,-14,0,7,12347,0
12372118,12357,0,-870,0,3,0,-14,0,7,12357,0
12382125,12367,0,-870,0,-3,0,-14,0,7,12367,0
12392118,12377,0,-870,0,-3,0,-4,0,7,12377,0
12402122,12387,0,-870,0,-3,0,-14,0,7,12387,0
12412124,12397,0,-870,0,-10,0,-4,0,7,12397,0
12422118,12407,0,-870,0,-3,0,-14,0,7,12407,0
12432119,12417,0,-870,0,-3,0,-14,0,7,12417,0
12442118,12427,0,-870,0,-10,0,-24,0,7,12427,0
12452128,12437,0,-870,0,-3,0,-14,0,7,12437,0
12462118,12447,0,-870,0,-3,0,-14,0,7,12447,0
12472120,12457,0,-870,0,-3,0,-14,0,7,12457,0
12482124,12467,0,-870,0,-18,0,-14,0,7,12467,0
12492118,12477,0,-870,0,-10,0,-14,0,7,12477,0
12502122,12487,0,-870,0,-3,0,-4,0,7,12487,0
12512118,12497,0,-870,0,-18,0,-14,0,7,12497,0
12522126,12507,0,-870,0,-10,0,-14,0,7,12507,0
12532119,12517,0,-870,0,-3,0,-14,0,7,12517,0
12542118,12527,0,-870,0,3,0,-4,0,7,12527,0
12552124,12537,0,-869,0,18,0,-4,0,7,12537,0
12562118,12547,0,-869,0,3,0,-14,0,7,12547,0
12572120,12557,0,-870,0,-10,0,-4,0,7,12557,0
12582118,12567,0,-870,0,-3,0,-14,0,7,12567,0
12592125,12577,0,-870,0,-10,0,-14,0,7,12577,0
12602118,12587,0,-870,0,-10,0,-14,0,7,12587,0
12612118,12597,0,-870,0,-18,0,-4,0,7,12597,0
12622126,12607,0,-870,0,-18,0,-14,0,7,12607,0
12632119,12617,0,-870,0,3,0,-4,0,7,12617,0
12642122,12627,0,-870,0,-10,0,-14,0,7,12627,0
12652118,12637,0,-870,0,-3,0,-14,0,7,12637,0
12662124,12647,0,-870,0,-10,0,-4,0,7,12647,0
12672118,12657,0,-870,0,-10,0,-14,0,7,12657,0
12682118,12667,0,-870,0,10,0,-4,0,7,12667,0
12692128,12677,0,-870,0,-3,0,-4,0,7,12677,0
12702119,12687,0,-870,0,-10,0,-4,0,7,12687,0
12712118,12697,0,-870,0,-10,0,-14,0,7,12697,0
12722118,12707,0,-870,0,-3,0,-14,0,7,12707,0
12732126,12717,0,-870,0,-18,0,-24,0,7,12717,0
12742122,12727,0,-870,0,-18,0,-4,0,7,12727,0
12752118,12737,0,-870,0,-3,0,-4,0,7,12737,0
12762126,12747,0,-870,0,3,0,-4,0,7,12747,0
12772118,12757,0,-870,0,3,0,-4,0,7,12757,0
12782118,12767,0,-870,0,-3,0,-4,0,7,12767,0
12792122,12777,0,-870,0,3,0,-4,0,7,12777,0
12802126,12787,0,-870,0,-3,0,-4,0,7,12787,0
12812120,12797,0,-870,0,-3,0,-14,0,7,12797,0
12822118,12807,0,-870,0,-10,0,-4,0,7,12807,0
12832125,12817,0,-870,0,3,0,-4,0,7,12817,0
12842118,12827,0,-870,0,-3,0,-14,0,7,12827,0
12852118,12837,0,-870,0,-3,0,-4,0,7,12837,0
12862120,12847,0,-870,0,3,0,-24,0,7,12847,0
12872125,12857,0,-870,0,10,0,-24,0,7,12857,0
12882118,12867,0,-870,0,-10,0,-14,0,7,12867,0
12892118,12877,0,-870,0,10,0,-4,0,7,12877,0
12902122,12887,0,-870,0,-10,0,-14,0,7,12887,0
12912120,12897,0,-870,0,3,0,-24,0,7,12897,0
12922118,12907,0,-870,0,-10,0,-14,0,7,12907,0
12932123,12917,0,-870,0,-10,0,-4,0,7,12917,0
12942126,12927,0,-870,0,-3,0,-24,0,7,12927,0
12952118,12937,0,-870,0,-10,0,-14,0,7,12937,0
12962118,12947,0,-870,0,-10,0,-14,0,7,12947,0
12972124,12957,0,-870,0,10,0,-4,0,7,12957,0
12982122,12967,0,-870,0,-3,0,-14,0,7,12967,0
12992118,12977,0,-870,0,-10,0,-14,0,7,12977,0
13002118,12987,0,-870,0,10,0,-14,0,7,12987,0
13012128,12997,0,-870,0,-10,0,-14,0,7,12997,0
13022118,13007,0,-870,0,-10,0,-4,0,7,13007,0
13032123,13017,0,-870,0,3,0,-4,0,7,13017,0
13042122,13027,0,-869,0,18,0,-14,0,7,13027,0
13052120,13037,0,-870,0,10,0,-4,0,7,13037,0
13062118,13047,0,-870,0,-10,0,-14,0,7,13047,0
13072118,13057,0,-870,0,-3,0,-4,0,7,13057,0
13082130,13067,0,-870,0,-18,0,-4,0,7,13067,0
13092118,13077,0,-870,0,-10,0,-14,0,7,13077,0
13102120,13087,0,-870,0,3,0,-14,0,7,13087,0
13112122,13097,0,-870,0,-10,0,-14,0,7,13097,0
13122118,13107,0,-870,0,-3,0,-14,0,7,13107,0
13132123,13117,0,-870,0,-10,0,4,0,7,13117,0
13142118,13127,0,-870,0,-3,0,-14,0,7,13127,0
13152128,13137,0,-870,0,-18,0,-4,0,7,13137,0
13162118,13147,0,-870,0,10,0,-14,0,7,13147,0
13172118,13157,0,-870,0,10,0,-24,0,7,13157,0
13182125,13167,0,-870,0,-3,0,4,0,7,13167,0
13192118,13177,0,-870,0,3,0,-14,0,7,13177,0
13202120,13187,0,-870,0,-3,0,-14,0,7,13187,0
13212118,13197,0,-870,0,-18,0,-14,0,7,13197,0
13222130,13207,0,-870,0,-10,0,-14,0,7,13207,0
13232119,13217,0,-870,0,-3,0,-4,0,7,13217,0
13242118,13227,0,-870,0,-3,0,-4,0,7,13227,0
13252124,13237,0,-870,0,-10,0,-4,0,7,13237,0
13262118,13247,0,-870,0,-3,0,-4,0,7,13247,0
13272122,13257,0,-870,0,-3,0,-4,0,7,13257,0
13282118,13267,0,-870,0,-18,0,-4,0,7,13267,0
13292126,13277,0,-870,0,-3,0,-4,0,7,13277,0
13302120,13287,0,-870,0,-10,0,-14,0,7,13287,0
13312118,13297,0,-870,0,-3,0,-4,0,7,13297,0
13322126,13307,0,-870,0,-18,0,-14,0,7,13307,0
13332119,13317,0,-870,0,-10,0,-4,0,7,13317,0
13342120,13327,0,-869,0,10,0,-4,0,7,13327,0
13352119,13337,0,-870,0,-10,0,4,0,7,13337,0
13362126,13347,0,-870,0,3,0,-4,0,7,13347,0
13372121,13357,0,-870,0,-3,0,-4,0,7,13357,0
13382118,13367,0,-870,0,-3,0,-4,0,7,13367,0
13392123,13377,0,-870,0,-10,0,-4,0,7,13377,0
13402118,13387,0,-870,0,10,0,-14,0,7,13387,0
13412118,13397,0,-870,0,-3,0,-14,0,7,13397,0
13422122,13407,0,-870,0,-3,0,-4,0,7,13407,0
13432127,13417,0,-870,0,-3,0,-14,0,7,13417,0
13442120,13427,0,-870,0,10,0,-4,0,7,13427,0
13452118,13437,0,-870,0,3,0,-14,0,7,13437,0
13462122,13447,0,-870,0,3,0,-4,0,7,13447,0
13472122,13457,0,-870,0,-18,0,-14,0,7,13457,0
13482118,13467,0,-870,0,3,0,-14,0,7,13467,0
13492120,13477,0,-870,0,-10,0,-4,0,7,13477,0
13502127,13487,0,-870,0,-3,0,-14,0,7,13487,0
13512121,13497,0,-870,0,-3,0,-4,0,7,13497,0
13522118,13507,0,-870,0,3,0,4,0,7,13507,0
13532123,13517,0,-870,0,-3,0,-14,0,7,13517,0
13542120,13527,0,-870,0,-3,0,-14,0,7,13527,0
13552118,13537,0,-870,0,-3,0,-4,0,7,13537,0
13562122,13547,0,-870,0,3,0,-14,0,7,13547,0
13572126,13557,0,-870,0,3,0,-14,0,7,13557,0
13582118,13567,0,-870,0,-10,0,-4,0,7,13567,0
13592120,13577,0,-870,0,-10,0,-4,0,7,13577,0
13602123,13587,0,-870,0,-3,0,-4,0,7,13587,0
13612122,13597,0,-870,0,-3,0,-4,0,7,13597,0
13622118,13607,0,-870,0,-10,0,-14,0,7,13607,0
13632119,13617,0,-870,0,-3,0,-24,0,7,13617,0
13642126,13627,0,-870,0,-10,0,-14,0,7,13627,0
13652118,13637,0,-870,0,-10,0,-14,0,7,13637,0
13662122,13647,0,-870,0,3,0,-14,0,7,13647,0
13672122,13657,0,-870,0,-3,0,-14,0,7,13657,0
13682119,13667,0,-870,0,-3,0,-24,0,7,13667,0
13692118,13677,0,-870,0,3,0,-4,0,7,13677,0
13702118,13687,0,-870,0,10,0,-14,0,7,13687,0
13712130,13697,0,-870,0,-3,0,-14,0,7,13697,0
13722118,13707,0,-870,0,-3,0,-4,0,7,13707,0
13732121,13717,0,-870,0,-10,0,-4,0,7,13717,0
13742122,13727,0,-870,0,-10,0,-14,0,7,13727,0
13752118,13737,0,-870,0,-3,0,-14,0,7,13737,0
13762122,13747,0,-870,0,-10,0,-14,0,7,13747,0
13772118,13757,0,-870,0,3,0,-14,0,7,13757,0
13782128,13767,0,-870,0,3,0,-14,0,7,13767,0
13792118,13777,0,-870,0,-3,0,-14,0,7,13777,0
13802118,13787,0,-870,0,-10,0,-4,0,7,13787,0
13812122,13797,0,-870,0,-3,0,-14,0,7,13797,0
13822118,13807,0,-870,0,-3,0,-14,0,7,13807,0
13832121,13817,0,-869,0,10,0,-14,0,7,13817,0
13842118,13827,0,-870,0,-3,0,-14,0,7,13827,0
13852126,13837,0,-870,0,-10,0,-14,0,7,13837,0
13862118,13847,0,-870,0,10,0,-14,0,7,13847,0
13872118,13857,0,-870,0,-10,0,-4,0,7,13857,0
13882124,13867,0,-870,0,3,0,-4,0,7,13867,0
13892118,13877,0,-870,0,-3,0,-4,0,7,13877,0
13902122,13887,0,-870,0,3,0,4,0,7,13887,0
13912118,13897,0,-870,0,-3,0,-4,0,7,13897,0
13922126,13907,0,-870,0,-3,0,-4,0,7,13907,0
13932119,13917,0,-870,0,-3,0,-14,0,7,13917,0
13942118,13927,0,-870,0,-3,0,-14,0,7,13927,0
13952126,13937,0,-870,0,3,0,-4,0,7,13937,0
13962118,13947,0,-870,0,3,0,-14,0,7,13947,0
13972118,13957,0,-870,0,-10,0,-14,0,7,13957,0
13982118,13967,0,-870,0,-3,0,-14,0,7,13967,0
13992126,13977,0,-869,0,3,0,-14,0,7,13977,0
14002122,13987,0,-870,0,-25,0,-14,0,7,13987,0
14012118,13997,0,-870,0,3,0,-4,0,7,13997,0
14022124,14007,0,-870,0,-3,0,-4,0,7,14007,0
14032119,14017,0,-870,0,-10,0,-14,0,7,14017,0
14042118,14027,0,-870,0,-18,0,4,0,7,14027,0
14052122,14037,0,-870,0,10,0,-4,0,7,14037,0
14062126,14047,0,-870,0,10,0,-4,0,7,14047,0
14072120,14057,0,-870,0,3,0,-4,0,7,14057,0
14082118,14067,0,-870,0,-3,0,-14,0,7,14067,0
14092122,14077,0,-870,0,-10,0,-4,0,7,14077,0
14102118,14087,0,-870,0,-10,0,-4,0,7,14087,0
14112118,14097,0,-870,0,-3,0,-14,0,7,14097,0
14122120,14107,0,-870,0,-10,0,-14,0,7,14107,0
14132127,14117,0,-870,0,10,0,-14,0,7,14117,0
14142119,14127,0,-870,0,3,0,-14,0,7,14127,0
14152118,14137,0,-870,0,3,0,-4,0,7,14137,0
14162122,14147,0,-870,0,-10,0,-4,0,7,14147,0
14172120,14157,0,-870,0,10,0,-14,0,7,14157,0
14182118,14167,0,-870,0,3,0,-4,0,7,14167,0
14192122,14177,0,-870,0,-10,0,-4,0,7,14177,0
14202126,14187,0,-870,0,-3,0,4,0,7,14187,0
14212118,14197,0,-870,0,-10,0,-24,0,7,14197,0
14222118,14207,0,-870,0,3,0,-24,0,7,14207,0
14232123,14217,0,-869,0,10,0,-14,0,7,14217,0
14242122,14227,0,-869,0,10,0,-4,0,7,14227,0
14252118,14237,0,-869,0,3,0,-14,0,7,14237,0
14262118,14247,0,-869,0,10,0,-14,0,7,14247,0
14272126,14257,0,-869,0,18,0,-24,0,7,14257,0
14282118,14267,0,-869,0,10,0,-24,0,7,14267,0
14292122,14277,0,-869,0,18,0,-24,0,7,14277,0
14302122,14287,0,-868,0,54,0,-43,0,7,14287,0
14312120,14297,0,-867,0,54,0,4,0,7,14297,0
14322119,14307,0,-867,0,54,0,-4,0,7,14307,0
14332119,14317,0,-866,0,76,0,-43,0,7,14317,0
14342130,14327,0,-864,0,142,0,-73,0,7,14327,0
14352118,14337,0,-864,0,54,0,43,0,7,14337,0
14362120,14347,0,-863,0,128,0,-92,0,7,14347,0
14372122,14357,0,-861,0,128,0,53,0,7,14357,0
14382118,14367,0,-860,0,172,0,-131,0,7,14367,0
14392118,14377,0,-858,0,98,0,112,0,7,14377,0
14402119,14387,0,-855,0,289,0,-151,0,7,14387,0
14412128,14397,0,-854,0,150,0,-14,0,7,14397,0
14422118,14407,0,-852,0,186,0,34,0,7,14407,0
14432119,14417,0,-849,0,208,0,24,0,7,14417,0
14442122,14427,0,-846,0,260,0,-24,0,7,14427,0
14452118,14437,0,-844,0,296,0,-34,0,7,14437,0
14462120,14447,0,-841,0,311,0,-73,0,7,14447,0
14472118,14457,0,-838,0,296,0,-4,0,7,14457,0
14482130,14467,0,-836,0,296,0,-34,0,7,14467,0
14492117,14477,0,-833,0,282,0,-14,0,7,14477,0
14502118,14487,0,-830,0,274,0,14,0,7,14487,0
14512122,14497,0,-827,0,282,0,24,0,7,14497,0
14522118,14507,0,-824,0,260,0,24,0,7,14507,0
14532123,14517,0,-820,0,311,0,-4,0,7,14517,0
14542118,14527,0,-818,0,296,0,4,0,7,14527,0
14552126,14537,0,-815,0,318,0,-24,0,7,14537,0
14562118,14547,0,-812,0,296,0,-24,0,7,14547,0
14572118,14557,0,-809,0,282,0,-24,0,7,14557,0
14582125,14567,0,-806,0,274,0,-24,0,7,14567,0
14592118,14577,0,-804,0,260,0,-24,0,7,14577,0
14602120,14587,0,-801,0,238,0,4,0,7,14587,0
14612118,14597,0,-799,0,164,0,63,0,7,14597,0
14622126,14607,0,-797,0,164,0,83,0,7,14607,0
14632123,14617,0,-795,0,223,0,24,0,7,14617,0
14642118,14627,0,-793,0,238,0,-63,0,7,14627,0
14652123,14637,0,-792,0,120,0,24,0,7,14637,0
14662119,14647,0,-790,0,194,0,-4,0,7,14647,0
14672118,14657,0,-789,0,135,0,-14,0,7,14657,0
14682118,14667,0,-787,0,120,0,24,0,7,14667,0
14692126,14677,0,-786,0,84,0,34,0,7,14677,0
14702120,14687,0,-785,0,120,0,-34,0,7,14687,0
14712118,14697,0,-784,0,84,0,14,0,7,14697,0
14722122,14707,0,-784,0,54,0,4,0,7,14707,0
14732119,14717,0,-783,0,54,0,4,0,7,14717,0
14742118,14727,0,-782,0,47,0,4,0,7,14727,0
14752120,14737,0,-782,0,40,0,4,0,7,14737,0
14762126,14747,0,-782,0,18,0,14,0,7,14747,0
14772122,14757,0,-782,0,3,0,4,0,7,14757,0
14782118,14767,0,-782,0,-10,0,4,0,7,14767,0
14792122,14777,0,-782,0,-10,0,-4,0,7,14777,0
14802119,14787,0,-782,0,-10,0,-4,0,7,14787,0
14812118,14797,0,-782,0,-3,0,-4,0,7,14797,0
14822122,14807,0,-781,0,-3,0,-4,0,7,14807,0
14832127,14817,0,-782,0,-3,0,-14,0,7,14817,0
14842118,14827,0,-782,0,-10,0,-4,0,7,14827,0
14852118,14837,0,-782,0,-10,0,-4,0,7,14837,0
14862122,14847,0,-782,0,3,0,-4,0,7,14847,0
14872122,14857,0,-782,0,-18,0,-4,0,7,14857,0
14882118,14867,0,-782,0,-3,0,-4,0,7,14867,0
14892120,14877,0,-782,0,-10,0,-4,0,7,14877,0
14902127,14887,0,-782,0,-10,0,-14,0,7,14887,0
14912118,14897,0,-782,0,3,0,-14,0,7,14897,0
14922122,14907,0,-782,0,-3,0,-14,0,7,14907,0
14932123,14917,0,-782,0,3,0,-4,0,7,14917,0
14942120,14927,0,-782,0,-10,0,-14,0,7,14927,0
14952118,14937,0,-782,0,-3,0,-4,0,7,14937,0
14962118,14947,0,-782,0,3,0,-4,0,7,14947,0
14972130,14957,0,-782,0,-10,0,-4,0,7,14957,0
14982118,14967,0,-782,0,-3,0,-4,0,7,14967,0
14992120,14977,0,-782,0,-3,0,-4,0,7,14977,0
15002122,14987,0,-782,0,-3,0,-4,0,7,14987,0
15012118,14997,0,-782,0,-10,0,-14,0,7,14997,0
15022118,15007,0,-782,0,-10,0,-14,0,7,15007,0
15032119,15017,0,-782,0,-10,0,-4,0,7,15017,0
15042128,15027,0,-782,0,3,0,-4,0,7,15027,0
15052118,15037,0,-782,0,-10,0,-4,0,7,15037,0
15062122,15047,0,-782,0,-3,0,-14,0,7,15047,0
15072122,15057,0,-782,0,-3,0,-14,0,7,15057,0
15082118,15067,0,-782,0,-3,0,-14,0,7,15067,0
15092118,15077,0,-782,0,-3,0,-14,0,7,15077,0
15102119,15087,0,-782,0,-10,0,-14,0,7,15087,0
15112130,15097,0,-782,0,-3,0,-14,0,7,15097,0
15122118,15107,0,-782,0,-3,0,-4,0,7,15107,0
15132119,15117,0,-782,0,3,0,-4,0,7,15117,0
15142122,15127,0,-782,0,-10,0,-4,0,7,15127,0
15152118,15137,0,-782,0,-3,0,-14,0,7,15137,0
15162122,15147,0,-782,0,-10,0,-14,0,7,15147,0
15172118,15157,0,-782,0,-3,0,-14,0,7,15157,0
15182128,15167,0,-782,0,-10,0,-14,0,7,15167,0
15192118,15177,0,-782,0,-3,0,-14,0,7,15177,0
15202118,15187,0,-782,0,-18,0,-14,0,7,15187,0
15212126,15197,0,-782,0,-3,0,-14,0,7,15197,0
15222118,15207,0,-782,0,-3,0,-4,0,7,15207,0
15232121,15217,0,-782,0,-18,0,-4,0,7,15217,0
15242118,15227,0,-782,0,-3,0,-4,0,7,15227,0
15252127,15237,0,-782,0,-3,0,-4,0,7,15237,0
15262122,15247,0,-782,0,-18,0,-4,0,7,15247,0
15272118,15257,0,-782,0,3,0,-4,0,7,15257,0
15282124,15267,0,-782,0,-3,0,-4,0,7,15267,0
15292118,15277,0,-782,0,-18,0,-4,0,7,15277,0
15302118,15287,0,-782,0,-3,0,-14,0,7,15287,0
15312122,15297,0,-782,0,-18,0,-4,0,7,15297,0
15322126,15307,0,-782,0,3,0,-14,0,7,15307,0
15332121,15317,0,-782,0,-3,0,-14,0,7,15317,0
15342119,15327,0,-782,0,3,0,-4,0,7,15327,0
15352126,15337,0,-782,0,-10,0,-4,0,7,15337,0
15362118,15347,0,-782,0,10,0,-4,0,7,15347,0
15372118,15357,0,-782,0,-18,0,-14,0,7,15357,0
15382120,15367,0,-782,0,3,0,-14,0,7,15367,0
15392126,15377,0,-782,0,3,0,-14,0,7,15377,0
15402122,15387,0,-782,0,-3,0,-14,0,7,15387,0
15412118,15397,0,-782,0,-10,0,-14,0,7,15397,0
15422122,15407,0,-782,0,3,0,-4,0,7,15407,0
15432121,15417,0,-782,0,3,0,-4,0,7,15417,0
15442118,15427,0,-782,0,-3,0,-4,0,7,15427,0
15452121,15437,0,-782,0,-10,0,-4,0,7,15437,0
15462126,15447,0,-782,0,-3,0,-14,0,7,15447,0
15472120,15457,0,-782,0,-18,0,-4,0,7,15457,0
15482118,15467,0,-782,0,3,0,-4,0,7,15467,0
15492122,15477,0,-782,0,-3,0,-14,0,7,15477,0
15502122,15487,0,-782,0,3,0,-14,0,7,15487,0
15512118,15497,0,-782,0,-3,0,-4,0,7,15497,0
15522120,15507,0,-782,0,-3,0,-14,0,7,15507,0
15532128,15517,0,-782,0,-10,0,-4,0,7,15517,0
15542118,15527,0,-782,0,-3,0,-4,0,7,15527,0
15552122,15537,0,-782,0,3,0,-14,0,7,15537,0
15562122,15547,0,-782,0,-3,0,-14,0,7,15547,0
15572121,15557,0,-782,0,3,0,-4,0,7,15557,0
15582119,15567,0,-782,0,-18,0,-4,0,7,15567,0
15592119,15577,0,-782,0,-10,0,-4,0,7,15577,0
15602130,15587,0,-782,0,3,0,-14,0,7,15587,0
15612118,15597,0,-782,0,-18,0,-14,0,7,15597,0
15622120,15607,0,-782,0,10,0,-4,0,7,15607,0
15632124,15617,0,-782,0,3,0,-14,0,7,15617,0
15642121,15627,0,-782,0,-10,0,-14,0,7,15627,0
15652118,15637,0,-782,0,3,0,-4,0,7,15637,0
15662118,15647,0,-782,0,-3,0,-4,0,7,15647,0
15672128,15657,0,-782,0,-10,0,-4,0,7,15657,0
15682118,15667,0,-782,0,-18,0,-14,0,7,15667,0
15692122,15677,0,-782,0,-18,0,-14,0,7,15677,0
15702122,15687,0,-782,0,-3,0,-14,0,7,15687,0
15712118,15697,0,-782,0,3,0,-4,0,7,15697,0
15722120,15707,0,-782,0,-10,0,-14,0,7,15707,0
15732119,15717,0,-782,0,-10,0,-4,0,7,15717,0
15742129,15727,0,-782,0,-18,0,-4,0,7,15727,0
15752118,15737,0,-782,0,-3,0,-4,0,7,15737,0
15762120,15747,0,-782,0,-3,0,-14,0,7,15747,0
15772122,15757,0,-782,0,-10,0,-4,0,7,15757,0
15782118,15767,0,-782,0,-10,0,-4,0,7,15767,0
15792122,15777,0,-782,0,3,0,-14,0,7,15777,0
15802118,15787,0,-782,0,10,0,-4,0,7,15787,0
15812128,15797,0,-782,0,-3,0,-14,0,7,15797,0
15822118,15807,0,-782,0,-3,0,-14,0,7,15807,0
15832119,15817,0,-782,0,-10,0,-4,0,7,15817,0
15842126,15827,0,-782,0,-3,0,-4,0,7,15827,0
15852118,15837,0,-782,0,-10,0,-4,0,7,15837,0
15862120,15847,0,-782,0,-3,0,-4,0,7,15847,0
15872118,15857,0,-782,0,-10,0,-14,0,7,15857,0
15882126,15867,0,-782,0,3,0,-4,0,7,15867,0
15892122,15877,0,-782,0,-18,0,-4,0,7,15877,0
15902118,15887,0,-782,0,3,0,-4,0,7,15887,0
15912123,15897,0,-782,0,18,0,-4,0,7,15897,0
15922118,15907,0,-782,0,-10,0,-14,0,7,15907,0
15932119,15917,0,-782,0,-18,0,-14,0,7,15917,0
15942117,15927,0,-782,0,-10,0,-14,0,7,15927,0
15952125,15937,0,-782,0,3,0,-14,0,7,15937,0
15962120,15947,0,-782,0,10,0,-14,0,7,15947,0
15972118,15957,0,-782,0,3,0,-14,0,7,15957,0
15982122,15967,0,-782,0,10,0,-24,0,7,15967,0
15992118,15977,0,-781,0,3,0,-14,0,7,15977,0
16002118,15987,0,-781,0,3,0,-14,0,7,15987,0
16012120,15997,0,-781,0,3,0,-4,0,7,15997,0
16022126,16007,0,-781,0,-3,0,-4,0,7,16007,0
16032123,16017,0,-781,0,3,0,-4,0,7,16017,0
16042118,16027,0,-781,0,-10,0,-4,0,7,16027,0
16052122,16037,0,-781,0,-3,0,-14,0,7,16037,0
16062118,16047,0,-781,0,-18,0,-14,0,7,16047,0
16072117,16057,0,-781,0,-3,0,-4,0,7,16057,0
16082122,16067,0,-781,0,-3,0,4,0,7,16067,0
16092126,16077,0,-781,0,3,0,-14,0,7,16077,0
16102118,16087,0,-781,0,3,0,-14,0,7,16087,0
16112118,16097,0,-781,0,3,0,-4,0,7,16097,0
16122122,16107,0,-781,0,10,0,-14,0,7,16107,0
16132123,16117,0,-781,0,3,0,-14,0,7,16117,0
16142118,16127,0,-781,0,-10,0,-4,0,7,16127,0
16152120,16137,0,-781,0,-10,0,-14,0,7,16137,0
16162126,16147,0,-781,0,-10,0,-4,0,7,16147,0
16172118,16157,0,-781,0,-10,0,-4,0,7,16157,0
16182122,16167,0,-781,0,-3,0,-14,0,7,16167,0
16192122,16177,0,-781,0,-10,0,-4,0,7,16177,0
16202120,16187,0,-781,0,3,0,-24,0,7,16187,0
16212118,16197,0,-781,0,10,0,-14,0,7,16197,0
16222118,16207,0,-781,0,-3,0,-24,0,7,16207,0
16232127,16217,0,-781,0,10,0,-14,0,7,16217,0
16242118,16227,0,-781,0,3,0,-14,0,7,16227,0
16252120,16237,0,-780,0,25,0,-14,0,7,16237,0
16262122,16247,0,-780,0,18,0,-24,0,7,16247,0
16272118,16257,0,-779,0,54,0,-24,0,7,16257,0
16282118,16267,0,-779,0,32,0,-4,0,7,16267,0
16292118,16277,0,-779,0,32,0,-14,0,7,16277,0
16302128,16287,0,-778,0,32,0,-24,0,7,16287,0
16312118,16297,0,-777,0,54,0,-14,0,7,16297,0
16322122,16307,0,-777,0,91,0,-53,0,7,16307,0
16332123,16317,0,-776,0,69,0,14,0,7,16317,0
16342118,16327,0,-775,0,47,0,14,0,7,16327,0
16352119,16337,0,-774,0,91,0,-34,0,7,16337,0
16362118,16347,0,-773,0,113,0,-4,0,7,16347,0
16372129,16357,0,-772,0,84,0,4,0,7,16357,0
16382118,16367,0,-771,0,142,0,-73,0,7,16367,0
16392118,16377,0,-770,0,98,0,63,0,7,16377,0
16402122,16387,0,-768,0,157,0,-92,0,7,16387,0
16412118,16397,0,-767,0,91,0,73,0,7,16397,0
16422121,16407,0,-765,0,186,0,-112,0,7,16407,0
16432119,16417,0,-764,0,91,0,43,0,7,16417,0
16442127,16427,0,-761,0,230,0,-53,0,7,16427,0
16452118,16437,0,-760,0,150,0,-53,0,7,16437,0
16462118,16447,0,-758,0,128,0,83,0,7,16447,0
16472126,16457,0,-756,0,230,0,-83,0,7,16457,0
16482118,16467,0,-755,0,150,0,-14,0,7,16467,0
16492119,16477,0,-753,0,157,0,73,0,7,16477,0
16502118,16487,0,-751,0,208,0,-63,0,7,16487,0
16512126,16497,0,-750,0,135,0,4,0,7,16497,0
16522118,16507,0,-748,0,164,0,14,0,7,16507,0
16532119,16517,0,-746,0,128,0,-14,0,7,16517,0
16542124,16527,0,-745,0,128,0,53,0,7,16527,0
16552118,16537,0,-744,0,106,0,4,0,7,16537,0
16562118,16547,0,-743,0,128,0,-14,0,7,16547,0
16572117,16557,0,-742,0,69,0,24,0,7,16557,0
16582126,16567,0,-741,0,54,0,-4,0,7,16567,0
16592119,16577,0,-741,0,47,0,-4,0,7,16577,0
16602118,16587,0,-741,0,25,0,14,0,7,16587,0
16612125,16597,0,-741,0,10,0,14,0,7,16597,0
16622118,16607,0,-741,0,-10,0,4,0,7,16607,0
16632119,16617,0,-740,0,-10,0,4,0,7,16617,0
16642118,16627,0,-740,0,-10,0,-4,0,7,16627,0
16652126,16637,0,-740,0,-3,0,-4,0,7,16637,0
16662121,16647,0,-740,0,-3,0,-4,0,7,16647,0
16672118,16657,0,-741,0,-18,0,-14,0,7,16657,0
16682121,16667,0,-740,0,-10,0,4,0,7,16667,0
16692118,16677,0,-740,0,-3,0,-4,0,7,16677,0
16702118,16687,0,-740,0,3,0,-4,0,7,16687,0
16712122,16697,0,-740,0,3,0,-14,0,7,16697,0
16722126,16707,0,-741,0,-10,0,-14,0,7,16707,0
16732121,16717,0,-740,0,-3,0,-14,0,7,16717,0
16742118,16727,0,-741,0,-10,0,-4,0,7,16727,0
16752122,16737,0,-740,0,-18,0,-4,0,7,16737,0
16762122,16747,0,-740,0,-3,0,-24,0,7,16747,0
16772118,16757,0,-740,0,-3,0,-4,0,7,16757,0
16782120,16767,0,-740,0,-3,0,-14,0,7,16767,0
16792126,16777,0,-740,0,3,0,-14,0,7,16777,0
16802118,16787,0,-740,0,-10,0,-14,0,7,16787,0
16812117,16797,0,-740,0,-10,0,-14,0,7,16797,0
16822121,16807,0,-740,0,-3,0,4,0,7,16807,0
16832121,16817,0,-740,0,-3,0,-14,0,7,16817,0
16842118,16827,0,-740,0,-10,0,-14,0,7,16827,0
16852118,16837,0,-740,0,-3,0,-4,0,7,16837,0
16862126,16847,0,-740,0,3,0,-4,0,7,16847,0
16872118,16857,0,-740,0,-3,0,-14,0,7,16857,0
16882120,16867,0,-740,0,-3,0,-4,0,7,16867,0
16892122,16877,0,-741,0,-3,0,-4,0,7,16877,0
16902122,16887,0,-740,0,10,0,-4,0,7,16887,0
16912118,16897,0,-740,0,-3,0,-14,0,7,16897,0
16922118,16907,0,-741,0,-10,0,-4,0,7,16907,0
16932128,16917,0,-740,0,-3,0,-4,0,7,16917,0
16942118,16927,0,-740,0,-10,0,4,0,7,16927,0
16952121,16937,0,-740,0,3,0,-14,0,7,16937,0
16962122,16947,0,-740,0,-3,0,-4,0,7,16947,0
16972118,16957,0,-740,0,3,0,-4,0,7,16957,0
16982118,16967,0,-740,0,3,0,4,0,7,16967,0
16992118,16977,0,-740,0,-10,0,-14,0,7,16977,0
17002130,16987,0,-740,0,-3,0,-14,0,7,16987,0
17012118,16997,0,-740,0,3,0,-14,0,7,16997,0
17022120,17007,0,-740,0,-3,0,-4,0,7,17007,0
17032123,17017,0,-740,0,-3,0,-14,0,7,17017,0
17042118,17027,0,-740,0,-10,0,-4,0,7,17027,0
17052121,17037,0,-741,0,-25,0,-14,0,7,17037,0
17062118,17047,0,-740,0,3,0,-4,0,7,17047,0
17072128,17057,0,-740,0,-3,0,-4,0,7,17057,0
17082118,17067,0,-740,0,10,0,-14,0,7,17067,0
17092118,17077,0,-740,0,3,0,-14,0,7,17077,0
17102122,17087,0,-740,0,-3,0,-14,0,7,17087,0
17112118,17097,0,-741,0,-3,0,-14,0,7,17097,0
17122120,17107,0,-740,0,-3,0,-4,0,7,17107,0
17132119,17117,0,-740,0,3,0,-14,0,7,17117,0
17142126,17127,0,-740,0,-10,0,-14,0,7,17127,0
17152118,17137,0,-740,0,-3,0,-14,0,7,17137,0
17162118,17147,0,-741,0,-3,0,-4,0,7,17147,0
17172124,17157,0,-740,0,-3,0,-4,0,7,17157,0
17182118,17167,0,-740,0,10,0,-4,0,7,17167,0
17192122,17177,0,-740,0,3,0,-4,0,7,17177,0
17202118,17187,0,-740,0,-10,0,-4,0,7,17187,0
17212126,17197,0,-741,0,-18,0,-4,0,7,17197,0
17222118,17207,0,-740,0,-10,0,-4,0,7,17207,0
17232119,17217,0,-740,0,-3,0,-4,0,7,17217,0
17242126,17227,0,-740,0,-10,0,-14,0,7,17227,0
17252118,17237,0,-740,0,3,0,-4,0,7,17237,0
17262118,17247,0,-740,0,-10,0,-4,0,7,17247,0
17272118,17257,0,-740,0,3,0,4,0,7,17257,0
17282126,17267,0,-740,0,-3,0,-14,0,7,17267,0
17292121,17277,0,-740,0,-10,0,-14,0,7,17277,0
17302118,17287,0,-740,0,-10,0,-14,0,7,17287,0
17312123,17297,0,-740,0,3,0,-14,0,7,17297,0
17322118,17307,0,-740,0,3,0,-14,0,7,17307,0
17332119,17317,0,-740,0,-10,0,-4,0,7,17317,0
17342122,17327,0,-740,0,-3,0,-14,0,7,17327,0
17352126,17337,0,-740,0,-10,0,-4,0,7,17337,0
17362120,17347,0,-740,0,-3,0,-14,0,7,17347,0
17372118,17357,0,-741,0,3,0,-4,0,7,17357,0
17382122,17367,0,-740,0,3,0,-14,0,7,17367,0
17392122,17377,0,-740,0,-10,0,-4,0,7,17377,0
17402118,17387,0,-740,0,-3,0,-4,0,7,17387,0
17412120,17397,0,-740,0,-3,0,-14,0,7,17397,0
17422126,17407,0,-740,0,-3,0,-14,0,7,17407,0
17432120,17417,0,-740,0,3,0,-4,0,7,17417,0
17442123,17427,0,-740,0,10,0,-4,0,7,17427,0
17452122,17437,1,-740,0,-10,19,-4,400,7,17437,0
17462119,17447,1,-740,0,3,221,53,401,7,17447,0
17472118,17457,1,-740,0,-18,423,180,402,7,17457,0
17482122,17467,1,-740,0,3,625,346,403,7,17467,0
17492126,17477,1,-740,0,-3,827,542,404,7,17477,0
17502118,17487,1,-740,0,3,1030,747,406,7,17487,0
17512119,17497,1,-740,0,-3,1232,981,407,7,17497,0
17522122,17507,1,-740,0,10,1434,1196,408,7,17507,0
17532123,17517,1,-740,0,10,1636,1421,409,7,17517,0
17542118,17527,1,-740,0,10,1837,1626,410,7,17527,0
17552118,17537,1,-740,0,-3,2038,1841,412,7,17537,0
17562127,17547,1,-740,0,25,2238,2056,413,7,17547,0
17572118,17557,1,-739,0,-3,2437,2251,414,7,17557,0
17582121,17567,1,-739,0,10,2635,2456,415,7,17567,0
17592122,17577,1,-739,0,3,2831,2652,416,7,17577,0
17602119,17587,1,-739,0,10,3027,2837,418,7,17587,0
17612118,17597,1,-739,0,10,3220,3042,419,7,17597,0
17622118,17607,1,-739,0,3,3412,3238,420,7,17607,0
17632130,17617,1,-739,0,3,3603,3433,421,7,17617,0
17642118,17627,1,-739,0,18,3791,3619,422,7,17627,0
17652120,17637,1,-739,0,3,3977,3814,424,7,17637,0
17662122,17647,1,-739,0,3,4161,4000,425,7,17647,0
17672118,17657,1,-739,0,10,4342,4175,426,7,17657,0
17682122,17667,1,-739,0,18,4521,4351,427,7,17667,0
17692118,17677,1,-738,0,10,4697,4527,428,7,17677,0
17702128,17687,1,-738,0,32,4870,4703,430,7,17687,0
17712118,17697,1,-738,0,40,5040,4888,431,7,17697,0
17722118,17707,1,-737,0,62,5207,5074,432,7,17707,0
17732127,17717,1,-736,0,54,5370,5211,433,7,17717,0
17742118,17727,1,-736,0,62,5530,5308,434,7,17727,0
17752120,17737,1,-734,0,113,5686,5484,436,7,17737,0
17762118,17747,1,-733,0,113,5838,5680,437,7,17747,0
17772130,17757,1,-732,0,142,5986,5777,438,7,17757,0
17782118,17767,1,-731,0,120,6130,6051,439,7,17767,0
17792118,17777,1,-729,0,223,6270,6031,440,7,17777,0
17802124,17787,1,-727,0,201,6406,6178,442,7,17787,0
17812118,17797,1,-725,0,172,6536,6520,443,7,17797,0
17822122,17807,1,-722,0,230,6663,6578,444,7,17807,0
17832119,17817,1,-719,0,260,6784,6754,445,7,17817,0
17842126,17827,1,-716,0,274,6900,6813,446,7,17827,0
17852119,17837,1,-713,0,304,7011,6969,448,7,17837,0
17862118,17847,1,-709,0,384,7117,6949,449,7,17847,0
17872125,17857,1,-705,0,377,7217,6998,450,7,17857,0
17882118,17867,1,-701,0,435,7312,7184,451,7,17867,0
17892120,17877,1,-696,0,472,7401,7321,452,7,17877,0
17902118,17887,1,-691,0,501,7485,7369,454,7,17887,0
17912126,17897,1,-686,0,553,7562,7389,455,7,17897,0
17922121,17907,1,-680,0,575,7634,7506,456,7,17907,0
17932119,17917,1,-674,0,641,7699,7594,457,7,17917,0
17942123,17927,1,-667,0,626,7759,7614,458,7,17927,0
17952118,17937,1,-660,0,663,7812,7741,460,7,17937,0
17962118,17947,1,-653,0,706,7858,7741,461,7,17947,0
17972122,17957,1,-645,0,809,7898,7711,462,7,17957,0
17982126,17967,1,-637,0,802,7932,7858,463,7,17967,0
17992120,17977,1,-629,0,853,7959,7887,464,7,17977,0
18002118,17987,1,-620,0,831,7979,7946,466,7,17987,0
18012122,17997,1,-611,0,919,7992,7877,467,7,17997,0
18022122,18007,1,-601,0,1000,7999,7907,468,7,18007,0
18032119,18017,1,-591,0,1000,7998,7975,469,7,18017,0
18042120,18027,1,-580,0,1029,7991,7965,470,7,18027,0
18052126,18037,1,-570,0,1058,7977,7907,472,7,18037,0
18062118,18047,1,-558,0,1117,7955,7897,473,7,18047,0
18072117,18057,1,-547,0,1153,7926,7858,474,7,18057,0
18082121,18067,1,-535,0,1190,7891,7926,475,7,18067,0
18092120,18077,1,-523,0,1205,7848,7819,476,7,18077,0
18102118,18087,1,-510,0,1293,7798,7702,478,7,18087,0
18112118,18097,1,-497,0,1307,7741,7780,479,7,18097,0
18122125,18107,1,-484,0,1307,7676,7682,480,7,18107,0
18132119,18117,1,-469,0,1402,7605,7496,481,7,18117,0
18142120,18127,1,-456,0,1410,7526,7584,482,7,18127,0
18152122,18137,1,-441,0,1402,7440,7506,484,7,18137,0
18162122,18147,1,-427,0,1505,7347,7262,485,7,18147,0
18172118,18157,1,-411,0,1520,7247,7252,486,7,18157,0
18182117,18167,1,-396,0,1483,7140,7223,487,7,18167,0
18192126,18177,1,-381,0,1571,7026,7018,488,7,18177,0
18202118,18187,1,-364,0,1586,6905,7018,490,7,18187,0
18212122,18197,1,-349,0,1593,6777,6803,491,7,18197,0
18222121,18207,1,-331,0,1673,6643,6686,492,7,18207,0
18232119,18217,1,-315,0,1659,6501,6647,493,7,18217,0
18242118,18227,1,-298,0,1695,6353,6344,494,7,18227,0
18252118,18237,1,-281,0,1739,6199,6344,496,7,18237,0
18262129,18247,1,-264,0,1688,6038,6227,497,7,18247,0
18272118,18257,1,-245,0,1827,5871,5953,498,7,18257,0
18282119,18267,1,-227,0,1769,5698,5904,499,7,18267,0
18292122,18277,1,-209,0,1849,5519,5494,500,7,18277,0
18302118,18287,1,-191,0,1842,5333,5494,502,7,18287,0
18312122,18297,1,-172,0,1842,5142,5211,503,7,18297,0
18322118,18307,1,-153,0,1915,4946,5064,504,7,18307,0
18332129,18317,1,-135,0,1849,4744,4937,505,7,18317,0
18342118,18327,1,-115,0,1930,4537,4595,506,7,18327,0
18352118,18337,1,-96,0,1901,4324,4517,508,7,18337,0
18362122,18347,1,-77,0,1959,4107,4097,509,7,18347,0
18372117,18357,1,-57,0,1945,3885,4117,510,7,18357,0
18382119,18367,1,-38,0,1923,3658,3736,511,7,18367,0
18392118,18377,1,-18,0,1967,3427,3667,512,7,18377,0
18402126,18387,1,0,0,1923,3192,3384,514,7,18387,0
18412118,18397,1,20,0,2010,2954,3111,515,7,18397,0
18422118,18407,1,40,0,1930,2711,2945,516,7,18407,0
18432124,18417,1,60,0,2025,2465,2564,517,7,18417,0
18442118,18427,1,79,0,1945,2216,2495,518,7,18427,0
18452121,18437,1,99,0,1989,1964,2036,520,7,18437,0
18462118,18447,1,119,0,1959,1709,1997,521,7,18447,0
18472125,18457,1,138,0,1967,1452,1597,522,7,18457,0
18482118,18467,1,158,0,1952,1193,1479,523,7,18467,0
18492118,18477,1,177,0,1915,932,1128,524,7,18477,0
18502125,18487,1,197,0,1981,669,893,526,7,18487,0
18512118,18497,1,216,0,1879,405,717,527,7,18497,0
18522117,18507,1,235,0,1871,140,434,528,7,18507,0
18532119,18517,1,253,0,1813,-125,288,529,7,18517,0
18542126,18527,1,271,0,1827,-392,-4,530,7,18527,0
18552122,18537,1,290,0,1842,-659,-210,532,7,18537,0
18562118,18547,1,308,0,1827,-925,-454,533,7,18547,0
18572123,18557,1,326,0,1776,-1191,-835,534,7,18557,0
18582118,18567,1,343,0,1761,-1456,-1157,535,7,18567,0
18592118,18577,1,361,0,1688,-1720,-1421,536,7,18577,0
18602121,18587,1,378,0,1725,-1983,-1782,538,7,18587,0
18612126,18597,1,395,0,1688,-2245,-1987,539,7,18597,0
18622120,18607,1,411,0,1666,-2504,-2280,540,7,18607,0
18632119,18617,1,428,0,1673,-2760,-2534,541,7,18617,0
18642122,18627,1,444,0,1622,-3015,-2798,542,7,18627,0
18652118,18637,1,460,0,1600,-3266,-3091,544,7,18637,0
18662118,18647,1,475,0,1534,-3514,-3218,545,7,18647,0
18672120,18657,1,490,0,1490,-3758,-3433,546,7,18657,0
18682126,18667,1,505,0,1483,-3999,-3824,547,7,18667,0
18692118,18677,1,519,0,1446,-4235,-3990,548,7,18677,0
18702118,18687,1,533,0,1358,-4467,-4185,550,7,18687,0
18712122,18697,1,546,0,1336,-4694,-4449,551,7,18697,0
18722119,18707,1,559,0,1315,-4915,-4732,552,7,18707,0
18732119,18717,1,572,0,1212,-5132,-4869,553,7,18717,0
18742121,18727,1,583,0,1183,-5342,-5064,554,7,18727,0
18752126,18737,1,595,0,1146,-5547,-5347,556,7,18737,0
18762118,18747,1,606,0,1087,-5745,-5484,557,7,18747,0
18772118,18757,1,616,0,1043,-5937,-5709,558,7,18757,0
18782122,18767,1,626,0,978,-6121,-5943,559,7,18767,0
18792121,18777,1,636,0,941,-6299,-6109,560,7,18777,0
18802118,18787,1,644,0,853,-6469,-6207,562,7,18787,0
18812118,18797,1,652,0,802,-6631,-6432,563,7,18797,0
18822126,18807,1,660,0,750,-6786,-6568,564,7,18807,0
18832119,18817,1,667,0,684,-6932,-6705,565,7,18817,0
18842122,18827,1,673,0,648,-7069,-6920,566,7,18827,0
18852122,18837,1,679,0,575,-7198,-7028,568,7,18837,0
18862120,18847,1,684,0,516,-7318,-7164,569,7,18847,0
18872118,18857,1,689,0,465,-7429,-7291,570,7,18857,0
18882118,18867,1,693,0,355,-7531,-7360,571,7,18867,0
18892130,18877,1,696,0,296,-7623,-7350,572,7,18877,0
18902118,18887,1,698,0,216,-7705,-7496,574,7,18887,0
18912119,18897,1,700,0,157,-7778,-7467,575,7,18897,0
18922122,18907,1,702,0,172,-7841,-7770,576,7,18907,0
18932119,18917,1,703,0,69,-7893,-7780,577,7,18917,0
18942118,18927,1,703,0,10,-7935,-7858,578,7,18927,0
18952118,18937,1,702,0,-25,-7967,-7877,580,7,18937,0
18962128,18947,1,701,0,-113,-7988,-7848,581,7,18947,0
18972118,18957,1,700,0,-120,-7998,-7946,582,7,18957,0
18982118,18967,1,698,0,-201,-7998,-7887,583,7,18967,0
18992121,18977,1,697,0,-164,-7987,-8063,584,7,18977,0
19002118,18987,1,694,0,-216,-7965,-8004,586,7,18987,0
19012120,18997,1,691,0,-304,-7933,-8063,587,7,18997,0
19022118,19007,1,687,0,-355,-7889,-7907,588,7,19007,0
19032130,19017,1,683,0,-362,-7835,-7829,589,7,19017,0
19042118,19027,1,679,0,-450,-7769,-7829,590,7,19027,0
19052118,19037,1,675,0,-479,-7693,-7633,592,7,19037,0
19062122,19047,1,670,0,-516,-7606,-7584,593,7,19047,0
19072118,19057,1,664,0,-538,-7509,-7545,594,7,19057,0
19082121,19067,1,658,0,-575,-7400,-7428,595,7,19067,0
19092118,19077,1,652,0,-619,-7281,-7311,596,7,19077,0
19102126,19087,1,646,0,-677,-7151,-7213,598,7,19087,0
19112118,19097,1,638,0,-692,-7012,-7096,599,7,19097,0
19122118,19107,1,631,0,-743,-6862,-6949,600,7,19107,0
19132127,19117,1,623,0,-772,-6701,-6852,601,7,19117,0
19142117,19127,1,615,0,-809,-6531,-6637,602,7,19127,0
19152120,19137,1,606,0,-853,-6352,-6451,604,7,19137,0
19162118,19147,1,598,0,-882,-6162,-6295,605,7,19147,0
19172126,19157,1,589,0,-941,-5963,-6061,606,7,19157,0
19182122,19167,1,579,0,-934,-5756,-5904,607,7,19167,0
19192118,19177,1,570,0,-970,-5539,-5709,608,7,19177,0
19202124,19187,1,560,0,-970,-5314,-5474,610,7,19187,0
19212118,19197,1,550,0,-1021,-5081,-5221,611,7,19197,0
19222118,19207,1,539,0,-1029,-4840,-5025,612,7,19207,0
19232119,19217,1,529,0,-1051,-4591,-4810,613,7,19217,0
19242126,19227,1,518,0,-1080,-4335,-4527,614,7,19227,0
19252120,19237,1,507,0,-1109,-4071,-4273,616,7,19237,0
19262118,19247,1,496,0,-1117,-3802,-4009,617,7,19247,0
19272122,19257,1,485,0,-1109,-3526,-3814,618,7,19257,0
19282118,19267,1,474,0,-1109,-3244,-3452,619,7,19267,0
19292118,19277,1,463,0,-1131,-2956,-3218,620,7,19277,0
19302120,19287,1,451,0,-1197,-2664,-2915,622,7,19287,0
19312126,19297,1,440,0,-1131,-2366,-2652,623,7,19297,0
19322121,19307,1,428,0,-1139,-2065,-2329,624,7,19307,0
19332119,19317,1,417,0,-1139,-1760,-2007,625,7,19317,0
19342122,19327,1,405,0,-1146,-1452,-1763,626,7,19327,0
19352118,19337,1,394,0,-1139,-1141,-1431,628,7,19337,0
19362118,19347,1,383,0,-1124,-827,-1128,629,7,19347,0
19372122,19357,1,371,0,-1168,-511,-825,630,7,19357,0
19382126,19367,1,361,0,-1117,-194,-581,631,7,19367,0
19392118,19377,1,350,0,-1087,122,-317,632,7,19377,0
19402118,19387,1,340,0,-919,440,-180,634,7,19387,0
19412122,19397,1,330,0,-1043,759,249,635,7,19397,0
19422121,19407,1,320,0,-1021,1076,600,636,7,19407,0
19432119,19417,1,310,0,-992,1392,1001,637,7,19417,0
19442119,19427,1,300,0,-978,1707,1352,638,7,19427,0
19452126,19437,1,291,0,-963,2020,1665,640,7,19437,0
19462118,19447,1,281,0,-948,2330,2075,641,7,19447,0
19472122,19457,1,272,0,-963,2636,2271,642,7,19457,0
19482122,19467,1,262,0,-926,2939,2642,643,7,19467,0
19492120,19477,1,254,0,-875,3238,2896,644,7,19477,0
19502118,19487,1,246,0,-824,3532,3208,646,7,19487,0
19512118,19497,1,237,0,-802,3821,3550,647,7,19497,0
19522130,19507,1,230,0,-780,4104,3794,648,7,19507,0
19532118,19517,1,222,0,-750,4380,4097,649,7,19517,0
19542120,19527,1,215,0,-684,4650,4332,650,7,19527,0
19552121,19537,1,209,0,-655,4912,4644,652,7,19537,0
19562118,19547,1,203,0,-604,5167,4898,653,7,19547,0
19572118,19557,1,198,0,-545,5414,5113,654,7,19557,0
19582118,19567,1,193,0,-523,5651,5416,655,7,19567,0
19592128,19577,1,188,0,-450,5880,5601,656,7,19577,0
19602118,19587,1,184,0,-450,6099,5875,658,7,19587,0
19612122,19597,1,180,0,-318,6308,5992,659,7,19597,0
19622121,19607,1,178,0,-260,6507,6168,660,7,19607,0
19632119,19617,1,175,0,-194,6694,6402,661,7,19617,0
19642118,19627,1,173,0,-172,6871,6451,662,7,19627,0
19652118,19637,1,172,0,-113,7035,6842,664,7,19637,0
19662130,19647,1,172,0,-62,7188,6949,665,7,19647,0
19672118,19657,1,171,0,-18,7329,7155,666,7,19657,0
19682118,19667,1,172,0,25,7457,7262,667,7,19667,0
19692124,19677,1,173,0,98,7572,7340,668,7,19677,0
19702118,19687,1,174,0,98,7674,7545,670,7,19687,0
19712122,19697,1,175,0,186,7762,7545,671,7,19697,0
19722118,19707,1,177,0,194,7837,7809,672,7,19707,0
19732129,19717,1,180,0,230,7898,7838,673,7,19717,0
19742118,19727,1,183,0,296,7944,7956,674,7,19727,0
19752118,19737,1,186,0,340,7977,7897,676,7,19737,0
19762125,19747,1,190,0,333,7995,7985,677,7,19747,0
19772118,19757,1,194,0,435,7999,7926,678,7,19757,0
19782119,19767,1,198,0,428,7988,7868,679,7,19767,0
19792118,19777,1,203,0,479,7963,7956,680,7,19777,0
19802126,19787,1,208,0,531,7923,7946,682,7,19787,0
19812122,19797,1,214,0,560,7868,7838,683,7,19797,0
19822118,19807,1,220,0,604,7799,7789,684,7,19807,0
19832124,19817,1,227,0,677,7715,7682,685,7,19817,0
19842118,19827,1,234,0,699,7617,7663,686,7,19827,0
19852118,19837,1,241,0,728,7505,7594,688,7,19837,0
19862122,19847,1,249,0,758,7378,7438,689,7,19847,0
19872126,19857,1,257,0,824,7237,7282,690,7,19857,0
19882120,19867,1,266,0,897,7082,7086,691,7,19867,0
19892118,19877,1,275,0,897,6913,7047,692,7,19877,0
19902126,19887,1,284,0,934,6731,6793,694,7,19887,0
19912117,19897,1,294,0,948,6537,6666,695,7,19897,0
19922118,19907,1,303,0,948,6329,6422,696,7,19907,0
19932121,19917,1,314,0,1036,6108,6217,697,7,19917,0
19942126,19927,1,325,0,1051,5876,5992,698,7,19927,0
19952122,19937,1,335,0,1051,5632,5826,700,7,19937,0
19962118,19947,1,346,0,1073,5376,5514,701,7,19947,0
19972121,19957,1,357,0,1117,5110,5250,702,7,19957,0
19982119,19967,1,369,0,1146,4833,5054,703,7,19967,0
19992118,19977,1,381,0,1146,4546,4800,704,7,19977,0
20002121,19987,1,392,0,1153,4250,4468,706,7,19987,0
20012126,19997,1,404,0,1212,3945,4126,707,7,19997,0
20022120,20007,1,416,0,1212,3632,3873,708,7,20007,0
20032119,20017,1,428,0,1161,3311,3658,709,7,20017,0
20042122,20027,1,441,0,1256,2982,3159,710,7,20027,0
20052121,20037,1,453,0,1227,2648,2964,712,7,20037,0
20062118,20047,1,465,0,1256,2307,2622,713,7,20047,0
20072120,20057,1,477,0,1183,1961,2261,714,7,20057,0
20082126,20067,1,490,0,1256,1611,1870,715,7,20067,0
20092118,20077,1,502,0,1227,1257,1548,716,7,20077,0
20102122,20087,1,514,0,1183,899,1343,718,7,20087,0
20112121,20097,1,526,0,1190,540,825,719,7,20097,0
20122120,20107,1,538,0,1205,178,522,720,7,20107,0
20132119,20117,1,550,0,1168,-183,288,721,7,20117,0
20142118,20127,1,560,0,1036,-546,131,722,7,20127,0
20152130,20137,1,571,0,1131,-908,-376,724,7,20137,0
20162118,20147,1,582,0,1109,-1269,-786,725,7,20147,0
20172120,20157,1,593,0,1051,-1628,-1216,726,7,20157,0
20182122,20167,1,603,0,1043,-1984,-1665,727,7,20167,0
20192118,20177,1,614,0,1029,-2336,-2026,728,7,20177,0
20202118,20187,1,624,0,1021,-2684,-2300,730,7,20187,0
20212118,20197,1,634,0,1007,-3027,-2730,731,7,20197,0
20222128,20207,1,644,0,963,-3365,-3023,732,7,20207,0
20232119,20217,1,653,0,934,-3695,-3404,733,7,20217,0
20242119,20227,1,662,0,897,-4019,-3648,734,7,20227,0
20252122,20237,1,670,0,853,-4334,-4048,736,7,20237,0
20262118,20247,1,679,0,824,-4640,-4293,737,7,20247,0
20272120,20257,1,687,0,794,-4937,-4654,738,7,20257,0
20282118,20267,1,694,0,714,-5224,-4888,739,7,20267,0
20292130,20277,1,701,0,677,-5501,-5191,740,7,20277,0
20302118,20287,1,706,0,597,-5765,-5484,742,7,20287,0
20312117,20297,1,713,0,575,-6017,-5738,743,7,20297,0
20322122,20307,1,718,0,501,-6257,-6021,744,7,20307,0
20332119,20317,1,722,0,465,-6483,-6266,745,7,20317,0
20342122,20327,1,726,0,384,-6696,-6402,746,7,20327,0
20352118,20337,1,730,0,362,-6894,-6666,748,7,20337,0
20362126,20347,1,733,0,296,-7077,-6901,749,7,20347,0
20372118,20357,1,736,0,238,-7245,-7135,750,7,20357,0
20382118,20367,1,737,0,157,-7397,-7164,751,7,20367,0
20392125,20377,1,738,0,113,-7533,-7301,752,7,20377,0
20402118,20387,1,739,0,40,-7652,-7487,754,7,20387,0
20412119,20397,1,739,0,3,-7754,-7623,755,7,20397,0
20422118,20407,1,738,0,-32,-7838,-7711,756,7,20407,0
20432127,20417,1,737,0,-106,-7905,-7780,757,7,20417,0
20442122,20427,1,736,0,-142,-7955,-7985,758,7,20427,0
20452118,20437,1,734,0,-216,-7986,-7780,760,7,20437,0
20462124,20447,1,732,0,-186,-7999,-7907,761,7,20447,0
20472118,20457,1,729,0,-208,-7994,-8092,762,7,20457,0
20482118,20467,1,726,0,-274,-7970,-7995,763,7,20467,0
20492117,20477,1,723,0,-347,-7928,-7946,764,7,20477,0
20502126,20487,1,719,0,-391,-7868,-7916,766,7,20487,0
20512120,20497,1,714,0,-450,-7789,-7770,767,7,20497,0
20522118,20507,1,710,0,-465,-7692,-7741,768,7,20507,0
20532123,20517,1,705,0,-487,-7577,-7643,769,7,20517,0
20542118,20527,1,699,0,-523,-7444,-7526,770,7,20527,0
20552118,20537,1,693,0,-567,-7294,-7409,772,7,20537,0
20562120,20547,1,687,0,-670,-7126,-7233,773,7,20547,0
20572126,20557,1,680,0,-648,-6940,-7028,774,7,20557,0
20582122,20567,1,673,0,-743,-6738,-6852,775,7,20567,0
20592118,20577,1,665,0,-758,-6520,-6686,776,7,20577,0
20602121,20587,1,657,0,-758,-6286,-6471,778,7,20587,0
20612118,20597,1,649,0,-802,-6037,-6188,779,7,20597,0
20622118,20607,1,641,0,-824,-5772,-5963,780,7,20607,0
20632123,20617,1,632,0,-890,-5494,-5699,781,7,20617,0
20642126,20627,1,623,0,-912,-5201,-5494,782,7,20627,0
20652118,20637,1,614,0,-926,-4896,-5142,784,7,20637,0
20662118,20647,1,605,0,-941,-4578,-4820,785,7,20647,0
20672122,20657,1,595,0,-970,-4249,-4488,786,7,20657,0
20682121,20667,1,585,0,-1000,-3908,-4195,787,7,20667,0
20692118,20677,1,575,0,-1000,-3558,-3863,788,7,20677,0
20702120,20687,1,565,0,-985,-3198,-3521,790,7,20687,0
20712126,20697,1,555,0,-1014,-2830,-3111,791,7,20697,0
20722118,20707,1,545,0,-1043,-2455,-2778,792,7,20707,0
20732123,20717,1,535,0,-1036,-2072,-2437,793,7,20717,0
20742121,20727,1,525,0,-1014,-1684,-2056,794,7,20727,0
20752120,20737,1,514,0,-1029,-1291,-1636,796,7,20737,0
20762118,20747,1,504,0,-1029,-895,-1304,797,7,20747,0
20772118,20757,1,494,0,-1014,-495,-884,798,7,20757,0
20782126,20767,1,484,0,-992,-94,-590,799,7,20767,0
20792118,20777,1,475,0,-897,307,-307,800,7,20777,0
20802120,20787,1,467,0,-802,709,-43,802,7,20787,0
20812122,20797,1,457,0,-897,1110,522,803,7,20797,0
20822118,20807,1,448,0,-919,1509,1010,804,7,20807,0
20832118,20817,1,440,0,-882,1904,1499,805,7,20817,0
20842117,20827,1,431,0,-912,2295,1968,806,7,20827,0
20852128,20837,1,423,0,-824,2681,2251,808,7,20837,0
20862118,20847,1,414,0,-816,3060,2759,809,7,20847,0
20872121,20857,1,406,0,-780,3432,3032,810,7,20857,0
20882122,20867,1,398,0,-772,3796,3433,811,7,20867,0
20892118,20877,1,390,0,-758,4150,3716,812,7,20877,0
20902118,20887,1,384,0,-670,4494,4097,814,7,20887,0
20912118,20897,1,377,0,-670,4827,4468,815,7,20897,0
20922129,20907,1,371,0,-619,5148,4781,816,7,20907,0
20932119,20917,1,366,0,-567,5455,5103,817,7,20917,0
20942118,20927,1,360,0,-523,5748,5387,818,7,20927,0
20952122,20937,1,356,0,-523,6027,5738,820,7,20937,0
20962118,20947,1,351,0,-399,6290,5982,821,7,20947,0
20972122,20957,1,348,0,-384,6537,6315,822,7,20957,0
20982118,20967,1,344,0,-326,6767,6432,823,7,20967,0
20992127,20977,1,342,0,-267,6979,6735,824,7,20977,0
21002118,20987,1,340,0,-223,7172,6949,826,7,20987,0
21012118,20997,1,339,0,-106,7346,7115,827,7,20997,0
21022125,21007,1,338,0,-84,7501,7340,828,7,21007,0
21032119,21017,1,338,0,-18,7635,7467,829,7,21017,0
21042120,21027,1,338,0,32,7749,7555,830,7,21027,0
21052118,21037,1,339,0,69,7843,7663,832,7,21037,0
21062126,21047,1,340,0,113,7914,7780,833,7,21047,0
21072118,21057,1,342,0,172,7964,7809,834,7,21057,0
21082118,21067,1,344,0,172,7993,7926,835,7,21067,0
21092124,21077,1,346,0,216,7999,7965,836,7,21077,0
21102118,21087,1,349,0,289,7983,8073,838,7,21087,0
21112118,21097,1,353,0,340,7945,7946,839,7,21097,0
21122118,21107,1,356,0,340,7885,7907,840,7,21107,0
21132127,21117,1,361,0,457,7803,7848,841,7,21117,0
21142120,21127,1,365,0,443,7698,7663,842,7,21127,0
21152118,21137,1,370,0,472,7573,7614,844,7,21137,0
21162125,21147,1,375,0,523,7425,7516,845,7,21147,0
21172118,21157,1,381,0,560,7256,7330,846,7,21157,0
21182118,21167,1,387,0,567,7067,7155,847,7,21167,0
21192118,21177,1,393,0,633,6857,6949,848,7,21177,0
21202126,21187,1,400,0,692,6628,6735,850,7,21187,0
21212121,21197,1,407,0,743,6379,6568,851,7,21197,0
21222118,21207,1,415,0,736,6112,6285,852,7,21207,0
21232123,21217,1,423,0,765,5826,6051,853,7,21217,0
21242118,21227,1,430,0,780,5524,5748,854,7,21227,0
21252118,21237,1,439,0,816,5205,5426,856,7,21237,0
21262121,21247,1,448,0,860,4870,5133,857,7,21247,0
21272126,21257,1,456,0,875,4521,4771,858,7,21257,0
21282120,21267,1,465,0,904,4159,4488,859,7,21267,0
21292118,21277,1,474,0,882,3784,4097,860,7,21277,0
21302122,21287,1,483,0,926,3397,3687,862,7,21287,0
21312121,21297,1,493,0,919,2999,3355,863,7,21297,0
21322118,21307,1,502,0,956,2592,2915,864,7,21307,0
21332121,21317,1,511,0,912,2177,2593,865,7,21317,0
21342126,21327,1,521,0,934,1755,2075,866,7,21327,0
21352118,21337,1,530,0,934,1328,1714,868,7,21337,0
21362117,21347,1,540,0,978,895,1245,869,7,21347,0
21372122,21357,1,549,0,926,459,932,870,7,21357,0
21382120,21367,1,558,0,897,22,503,871,7,21367,0
21392118,21377,1,567,0,831,-415,219,872,7,21377,0
21402118,21387,1,574,0,750,-853,-112,874,7,21387,0
21412126,21397,1,583,0,824,-1289,-688,875,7,21397,0
21422118,21407,1,590,0,780,-1721,-1167,876,7,21407,0
21432121,21417,1,598,0,794,-2149,-1821,877,7,21417,0
21442122,21427,1,606,0,802,-2571,-2153,878,7,21427,0
21452122,21437,1,614,0,787,-2985,-2622,880,7,21437,0
21462118,21447,1,621,0,728,-3391,-3003,881,7,21447,0
21472118,21457,1,629,0,684,-3787,-3384,882,7,21457,0
21482126,21467,1,636,0,699,-4172,-3785,883,7,21467,0
21492118,21477,1,642,0,641,-4545,-4185,884,7,21477,0
21502121,21487,1,648,0,597,-4904,-4586,886,7,21487,0
21512122,21497,1,653,0,560,-5248,-4957,887,7,21497,0
21522117,21507,1,658,0,501,-5576,-5250,888,7,21507,0
21532119,21517,1,662,0,450,-5888,-5514,889,7,21517,0
21542118,21527,1,667,0,391,-6182,-5885,890,7,21527,0
21552130,21537,1,670,0,355,-6457,-6266,892,7,21537,0
21562118,21547,1,673,0,326,-6711,-6393,893,7,21547,0
21572120,21557,1,675,0,274,-6945,-6783,894,7,21557,0
21582122,21567,1,677,0,186,-7157,-6959,895,7,21567,0
21592118,21577,1,678,0,98,-7347,-7028,896,7,21577,0
21602122,21587,1,678,0,40,-7513,-7301,898,7,21587,0
21612118,21597,1,678,0,-3,-7656,-7496,899,7,21597,0
21622128,21607,1,678,0,-32,-7775,-7604,900,7,21607,0
21632119,21617,1,677,0,-113,-7869,-7711,901,7,21617,0
21642118,21627,1,675,0,-150,-7938,-7916,902,7,21627,0
21652125,21637,1,674,0,-208,-7981,-7838,904,7,21637,0
21662118,21647,1,671,0,-216,-7999,-7965,905,7,21647,0
21672120,21657,1,669,0,-252,-7991,-8102,906,7,21657,0
21682118,21667,1,665,0,-289,-7957,-7985,907,7,21667,0
21692126,21677,1,662,0,-326,-7897,-7946,908,7,21677,0
21702118,21687,1,658,0,-406,-7811,-7907,910,7,21687,0
21712118,21697,1,654,0,-435,-7699,-7721,911,7,21697,0
21722123,21707,1,649,0,-479,-7562,-7584,912,7,21707,0
21732119,21717,1,644,0,-531,-7400,-7487,913,7,21717,0
21742122,21727,1,638,0,-560,-7213,-7369,914,7,21727,0
21752117,21737,1,632,0,-597,-7003,-7174,916,7,21737,0
21762126,21747,1,626,0,-619,-6768,-6989,917,7,21747,0
21772118,21757,1,619,0,-677,-6511,-6715,918,7,21757,0
21782118,21767,1,612,0,-706,-6232,-6442,919,7,21767,0
21792125,21777,1,604,0,-736,-5932,-6197,920,7,21777,0
21802118,21787,1,597,0,-765,-5611,-5836,922,7,21787,0
21812118,21797,1,589,0,-794,-5272,-5514,923,7,21797,0
21822117,21807,1,581,0,-809,-4914,-5221,924,7,21807,0
21832127,21817,1,572,0,-846,-4538,-4840,925,7,21817,0
21842122,21827,1,564,0,-846,-4148,-4498,926,7,21827,0
21852118,21837,1,555,0,-882,-3742,-4068,928,7,21837,0
21862123,21847,1,546,0,-912,-3323,-3687,929,7,21847,0
21872118,21857,1,537,0,-904,-2893,-3267,930,7,21857,0
21882118,21867,1,528,0,-919,-2452,-2837,931,7,21867,0
21892121,21877,1,519,0,-904,-2002,-2388,932,7,21877,0
21902125,21887,1,510,0,-934,-1544,-1929,934,7,21887,0
21912119,21897,1,501,0,-912,-1081,-1528,935,7,21897,0
21922118,21907,1,492,0,-919,-613,-1040,936,7,21907,0
21932123,21917,1,483,0,-875,-143,-698,937,7,21917,0
21942122,21927,1,474,0,-824,328,-346,938,7,21927,0
21952117,21937,1,468,0,-728,799,-53,940,7,21937,0
21962120,21947,1,460,0,-809,1268,590,941,7,21947,0
21972126,21957,1,452,0,-736,1733,1216,942,7,21957,0
21982117,21967,1,444,0,-772,2192,1772,943,7,21967,0
21992121,21977,1,436,0,-787,2644,2251,944,7,21977,0
22002122,21987,1,428,0,-758,3088,2583,946,7,21987,0
22012120,21997,1,421,0,-728,3521,3062,947,7,21997,0
22022118,22007,1,414,0,-692,3943,3589,948,7,22007,0
22032123,22017,1,408,0,-670,4351,3960,949,7,22017,0
22042126,22027,1,402,0,-626,4744,4302,950,7,22027,0
22052118,22037,1,396,0,-597,5120,4732,952,7,22037,0
22062119,22047,1,390,0,-509,5478,5035,953,7,22047,0
22072122,22057,1,385,0,-472,5818,5387,954,7,22057,0
22082122,22067,1,381,0,-428,6137,5807,955,7,22067,0
22092118,22077,1,377,0,-399,6434,6021,956,7,22077,0
22102118,22087,1,374,0,-296,6708,6354,958,7,22087,0
22112127,22097,1,371,0,-245,6958,6598,959,7,22097,0
22122118,22107,1,369,0,-201,7183,6842,960,7,22107,0
22132122,22117,1,367,0,-179,7383,7028,961,7,22117,0
22142122,22127,1,367,0,-69,7555,7301,962,7,22127,0
22152119,22137,1,366,0,-32,7701,7467,964,7,22137,0
22162118,22147,1,367,0,3,7818,7633,965,7,22147,0
22172118,22157,1,367,0,69,7906,7770,966,7,22157,0
22182130,22167,1,369,0,120,7966,7838,967,7,22167,0
22192118,22177,1,370,0,186,7996,7965,968,7,22177,0
22202120,22187,1,372,0,186,7996,7819,970,7,22187,0
22212122,22197,1,374,0,216,7967,7907,971,7,22197,0
22222118,22207,1,377,0,252,7908,7965,972,7,22207,0
22232123,22217,1,381,0,296,7819,7789,973,7,22217,0
22242118,22227,1,384,0,340,7701,7653,974,7,22227,0
22252128,22237,1,388,0,391,7554,7760,976,7,22237,0
22262118,22247,1,393,0,472,7378,7428,977,7,22247,0
22272118,22257,1,397,0,450,7175,7233,978,7,22257,0
22282126,22267,1,403,0,501,6943,7106,979,7,22267,0
22292118,22277,1,409,0,531,6686,6862,980,7,22277,0
22302120,22287,1,415,0,582,6402,6568,982,7,22287,0
22312118,22297,1,421,0,648,6094,6285,983,7,22297,0
22322128,22307,1,427,0,633,5762,6012,984,7,22307,0
22332119,22317,1,434,0,699,5408,5631,985,7,22317,0
22342118,22327,1,441,0,714,5033,5318,986,7,22327,0
22352123,22337,1,449,0,750,4637,4937,988,7,22337,0
22362118,22347,1,457,0,772,4224,4537,989,7,22347,0
22372120,22357,1,464,0,758,3793,4195,990,7,22357,0
22382118,22367,1,472,0,758,3348,3746,991,7,22367,0
22392126,22377,1,480,0,802,2888,3208,992,7,22377,0
22402120,22387,1,488,0,802,2418,2818,994,7,22387,0
22412118,22397,1,496,0,802,1937,2339,995,7,22397,0
22422126,22407,1,504,0,809,1447,1909,996,7,22407,0
22432119,22417,1,512,0,758,952,1431,997,7,22417,0
22442118,22427,1,520,0,772,452,903,998,7,22427,0
22452118,22437,1,528,0,758,-49,522,1000,7,22437,0
22462126,22447,1,535,0,692,-552,229,1001,7,22447,0
22472122,22457,1,541,0,706,-1053,-346,1002,7,22457,0
22482118,22467,1,548,0,714,-1550,-893,1003,7,22467,0
22492122,22477,1,555,0,604,-2042,-1518,1004,7,22477,0
22502118,22487,1,562,0,699,-2526,-2124,1006,7,22487,0
22512118,22497,1,568,0,684,-3001,-2525,1007,7,22497,0
22522122,22507,1,575,0,633,-3464,-3032,1008,7,22507,0
22532127,22517,1,581,0,626,-3915,-3492,1009,7,22517,0
22542120,22527,1,587,0,597,-4349,-3960,1010,7,22527,0
22552118,22537,1,592,0,553,-4766,-4400,1012,7,22537,0
22562122,22547,1,597,0,501,-5166,-4713,1013,7,22547,0
22572121,22557,1,601,0,443,-5544,-5123,1014,7,22557,0
22582118,22567,1,606,0,399,-5900,-5553,1015,7,22567,0
22592119,22577,1,609,0,340,-6233,-5973,1016,7,22577,0
22602126,22587,1,612,0,311,-6541,-6188,1018,7,22587,0
22612118,22597,1,614,0,260,-6822,-6617,1019,7,22597,0
22622118,22607,1,616,0,186,-7075,-6842,1020,7,22607,0
22632122,22617,1,617,0,106,-7300,-6969,1021,7,22617,0
22642119,22627,1,618,0,47,-7495,-7272,1022,7,22627,0
22652118,22637,1,618,0,-10,-7659,-7477,1024,7,22637,0
22662118,22647,1,617,0,-62,-7792,-7594,1025,7,22647,0
22672126,22657,1,616,0,-69,-7892,-7741,1026,7,22657,0
22682118,22667,1,615,0,-142,-7960,-7829,1027,7,22667,0
22692120,22677,1,614,0,-142,-7995,-8004,1028,7,22677,0
22702122,22687,1,611,0,-238,-7996,-7897,1030,7,22687,0
22712122,22697,1,608,0,-311,-7964,-7877,1031,7,22697,0
22722118,22707,1,606,0,-318,-7898,-7780,1032,7,22707,0
22732119,22717,1,602,0,-355,-7799,-7868,1033,7,22717,0
22742126,22727,1,598,0,-391,-7667,-7692,1034,7,22727,0
22752118,22737,1,595,0,-406,-7502,-7526,1036,7,22737,0
22762121,22747,1,590,0,-479,-7305,-7477,1037,7,22747,0
22772122,22757,1,585,0,-523,-7077,-7291,1038,7,22757,0
22782118,22767,1,579,0,-560,-6819,-7008,1039,7,22767,0
22792118,22777,1,573,0,-575,-6531,-6764,1040,7,22777,0
22802118,22787,1,567,0,-626,-6215,-6490,1042,7,22787,0
22812130,22797,1,561,0,-641,-5872,-6129,1043,7,22797,0
22822117,22807,1,554,0,-677,-5504,-5807,1044,7,22807,0
22832121,22817,1,547,0,-699,-5111,-5435,1045,7,22817,0
22842122,22827,1,540,0,-743,-4695,-5045,1046,7,22827,0
22852118,22837,1,533,0,-728,-4259,-4625,1048,7,22837,0
22862122,22847,1,525,0,-743,-3804,-4224,1049,7,22847,0
22872118,22857,1,517,0,-772,-3332,-3706,1050,7,22857,0
22882128,22867,1,509,0,-809,-2844,-3257,1051,7,22867,0
22892118,22877,1,502,0,-824,-2344,-2798,1052,7,22877,0
22902118,22887,1,493,0,-809,-1833,-2280,1054,7,22887,0
22912121,22897,1,486,0,-787,-1314,-1831,1055,7,22897,0
22922118,22907,1,478,0,-787,-788,-1284,1056,7,22907,0
22932120,22917,1,470,0,-802,-257,-786,1057,7,22917,0
22942118,22927,1,462,0,-758,273,-415,1058,7,22927,0
22952126,22937,1,456,0,-604,805,-131,1060,7,22937,0
22962118,22947,1,450,0,-633,1333,610,1061,7,22947,0
22972117,22957,1,443,0,-655,1856,1216,1062,7,22957,0
22982123,22967,1,437,0,-714,2371,1978,1063,7,22967,0
22992118,22977,1,430,0,-706,2876,2339,1064,7,22977,0
23002122,22987,1,423,0,-641,3370,2837,1066,7,22987,0
23012118,22997,1,417,0,-589,3848,3374,1067,7,22997,0
23022126,23007,1,411,0,-589,4310,3824,1068,7,23007,0
23032119,23017,1,405,0,-582,4752,4302,1069,7,23017,0
23042118,23027,1,400,0,-501,5174,4742,1070,7,23027,0
23052125,23037,1,395,0,-450,5573,5162,1072,7,23037,0
23062118,23047,1,391,0,-428,5946,5514,1073,7,23047,0
23072118,23057,1,387,0,-340,6294,5885,1074,7,23057,0
23082118,23067,1,384,0,-318,6613,6305,1075,7,23067,0
23092126,23077,1,382,0,-245,6902,6666,1076,7,23077,0
23102122,23087,1,380,0,-194,7160,6891,1078,7,23087,0
23112118,23097,1,378,0,-120,7385,7028,1079,7,23097,0
23122123,23107,1,377,0,-91,7576,7360,1080,7,23107,0
23132119,23117,1,377,0,-32,7733,7506,1081,7,23117,0
23142118,23127,1,377,0,10,7854,7663,1082,7,23127,0
23152122,23137,1,378,0,40,7939,7780,1084,7,23137,0
23162125,23147,1,379,0,106,7988,7887,1085,7,23147,0
23172119,23157,1,381,0,142,7999,7887,1086,7,23157,0
23182118,23167,1,382,0,172,7973,7995,1087,7,23167,0
23192122,23177,1,385,0,238,7909,7907,1088,7,23177,0
23202118,23187,1,387,0,289,7809,7916,1090,7,23187,0
23212118,23197,1,390,0,333,7672,7711,1091,7,23197,0
23222120,23207,1,394,0,333,7498,7682,1092,7,23207,0
23232127,23217,1,399,0,435,7289,7340,1093,7,23217,0
23242118,23227,1,402,0,428,7045,7203,1094,7,23227,0
23252118,23237,1,407,0,494,6768,6940,1096,7,23237,0
23262121,23247,1,413,0,516,6458,6666,1097,7,23247,0
23272120,23257,1,418,0,560,6118,6344,1098,7,23257,0
23282118,23267,1,424,0,575,5747,6061,1099,7,23267,0
23292121,23277,1,430,0,597,5349,5670,1100,7,23277,0
23302126,23287,1,436,0,597,4925,5289,1102,7,23287,0
23312118,23297,1,443,0,677,4477,4849,1103,7,23297,0
23322118,23307,1,449,0,670,4007,4400,1104,7,23307,0
23332123,23317,1,456,0,684,3516,3892,1105,7,23317,0
23342121,23327,1,463,0,684,3009,3472,1106,7,23327,0
23352117,23337,1,470,0,684,2486,2984,1108,7,23337,0
23362118,23347,1,477,0,699,1951,2388,1109,7,23347,0
23372126,23357,1,484,0,706,1405,1880,1110,7,23357,0
23382118,23367,1,491,0,692,853,1382,1111,7,23367,0
23392121,23377,1,498,0,692,295,825,1112,7,23377,0
23402122,23387,1,505,0,684,-263,415,1114,7,23387,0
23412120,23397,1,511,0,560,-822,131,1115,7,23397,0
23422118,23407,1,516,0,531,-1378,-600,1116,7,23407,0
23432119,23417,1,522,0,560,-1927,-1304,1117,7,23417,0
23442130,23427,1,527,0,582,-2468,-1997,1118,7,23427,0
23452118,23437,1,533,0,575,-2996,-2485,1120,7,23437,0
23462120,23447,1,539,0,545,-3511,-2974,1121,7,23447,0
23472121,23457,1,545,0,516,-4008,-3501,1122,7,23457,0
23482118,23467,1,549,0,472,-4486,-3990,1123,7,23467,0
23492118,23477,1,554,0,457,-4943,-4527,1124,7,23477,0
23502118,23487,1,558,0,413,-5375,-4898,1126,7,23487,0
23512128,23497,1,562,0,406,-5781,-5357,1127,7,23497,0
23522118,23507,1,565,0,296,-6157,-5748,1128,7,23507,0
23532119,23517,1,568,0,252,-6504,-5992,1129,7,23517,0
23542122,23527,1,570,0,216,-6818,-6510,1130,7,23527,0
23552118,23537,1,571,0,157,-7098,-6813,1132,7,23537,0
23562120,23547,1,573,0,84,-7342,-6969,1133,7,23547,0
23572118,23557,1,573,0,25,-7550,-7282,1134,7,23557,0
23582130,23567,1,573,0,3,-7719,-7536,1135,7,23567,0
23592118,23577,1,572,0,-54,-7849,-7672,1136,7,23577,0
23602118,23587,1,571,0,-135,-7939,-7760,1138,7,23587,0
23612122,23597,1,570,0,-120,-7989,-8014,1139,7,23597,0
23622118,23607,1,568,0,-208,-7998,-7829,1140,7,23607,0
23632123,23617,1,565,0,-238,-7966,-7877,1141,7,23617,0
23642118,23627,1,563,0,-252,-7892,-7936,1142,7,23627,0
23652125,23637,1,559,0,-318,-7778,-7799,1144,7,23637,0
23662118,23647,1,556,0,-347,-7624,-7633,1145,7,23647,0
23672118,23657,1,552,0,-406,-7430,-7633,1146,7,23657,0
23682125,23667,1,547,0,-443,-7197,-7311,1147,7,23667,0
23692118,23677,1,543,0,-472,-6926,-7106,1148,7,23677,0
23702120,23687,1,537,0,-516,-6619,-6852,1150,7,23687,0
23712118,23697,1,532,0,-538,-6278,-6539,1151,7,23697,0
23722126,23707,1,526,0,-567,-5902,-6227,1152,7,23707,0
23732123,23717,1,520,0,-589,-5496,-5836,1153,7,23717,0
23742117,23727,1,514,0,-633,-5061,-5387,1154,7,23727,0
23752123,23737,1,507,0,-677,-4598,-4996,1156,7,23737,0
23762118,23747,1,501,0,-692,-4110,-4507,1157,7,23747,0
23772118,23757,1,493,0,-721,-3601,-4039,1158,7,23757,0
23782118,23767,1,486,0,-699,-3071,-3570,1159,7,23767,0
23792126,23777,1,479,0,-728,-2525,-3003,1160,7,23777,0
23802120,23787,1,472,0,-721,-1965,-2417,1162,7,23787,0
23812118,23797,1,465,0,-736,-1394,-1958,1163,7,23797,0
23822122,23807,1,458,0,-721,-814,-1362,1164,7,23807,0
23832119,23817,1,450,0,-736,-230,-805,1165,7,23817,0
23842118,23827,1,443,0,-684,355,-424,1166,7,23827,0
23852120,23837,1,438,0,-538,940,-112,1168,7,23837,0
23862126,23847,1,433,0,-545,1521,737,1169,7,23847,0
23872122,23857,1,427,0,-582,2093,1470,1170,7,23857,0
23882118,23867,1,421,0,-648,2655,2163,1171,7,23867,0
23892122,23877,1,415,0,-619,3203,2730,1172,7,23877,0
23902118,23887,1,409,0,-575,3734,3228,1174,7,23887,0
23912118,23897,1,404,0,-538,4246,3736,1175,7,23897,0
23922122,23907,1,399,0,-516,4735,4234,1176,7,23907,0
23932127,23917,1,394,0,-509,5199,4654,1177,7,23917,0
23942118,23927,1,389,0,-450,5634,5211,1178,7,23927,0
23952118,23937,1,385,0,-384,6039,5572,1180,7,23937,0
23962122,23947,1,382,0,-304,6411,5943,1181,7,23947,0
23972121,23957,1,380,0,-252,6749,6373,1182,7,23957,0
23982118,23967,1,377,0,-186,7049,6608,1183,7,23967,0
23992119,23977,1,376,0,-179,7311,6959,1184,7,23977,0
24002126,23987,1,375,0,-106,7532,7223,1186,7,23987,0
24012118,23997,1,374,0,-54,7712,7409,1187,7,23997,0
24022122,24007,1,374,0,-3,7849,7653,1188,7,24007,0
24032123,24017,1,375,0,47,7942,7770,1189,7,24017,0
24042119,24027,1,376,0,84,7991,7926,1190,7,24027,0
24052118,24037,1,377,0,135,7996,7897,1192,7,24037,0
24062118,24047,1,379,0,179,7955,7936,1193,7,24047,0
24072130,24057,1,381,0,245,7870,7809,1194,7,24057,0
24082118,24067,1,383,0,230,7741,7692,1195,7,24067,0
24092120,24077,1,386,0,282,7567,7575,1196,7,24077,0
24102122,24087,1,390,0,347,7351,7350,1198,7,24087,0
24112118,24097,1,394,0,406,7093,7282,1199,7,24097,0
24122121,24107,1,398,0,391,6794,6910,1200,7,24107,0
24132119,24117,1,402,0,435,6456,6764,1201,7,24117,0
24142128,24127,1,407,0,494,6081,6354,1202,7,24127,0
24152118,24137,1,413,0,538,5671,5953,1204,7,24137,0
24162122,24147,1,418,0,560,5228,5553,1205,7,24147,0
24172121,24157,1,423,0,567,4755,5172,1206,7,24157,0
24182118,24167,1,429,0,604,4254,4673,1207,7,24167,0
24192119,24177,1,435,0,604,3727,4156,1208,7,24177,0
24202118,24187,1,441,0,619,3179,3658,1210,7,24187,0
24212130,24197,1,448,0,633,2612,3101,1211,7,24197,0
24222117,24207,1,455,0,648,2030,2534,1212,7,24207,0
24232118,24217,1,461,0,633,1434,1968,1213,7,24217,0
24242123,24227,1,467,0,589,830,1440,1214,7,24227,0
24252118,24237,1,473,0,604,221,854,1216,7,24237,0
24262121,24247,1,479,0,567,-390,376,1217,7,24247,0
24272117,24257,1,483,0,443,-999,14,1218,7,24257,0
24282128,24267,1,488,0,487,-1604,-805,1219,7,24267,0
24292118,24277,1,493,0,443,-2199,-1567,1220,7,24277,0
24302118,24287,1,499,0,575,-2783,-2378,1222,7,24287,0
24312125,24297,1,504,0,545,-3351,-2866,1223,7,24297,0
24322118,24307,1,509,0,479,-3898,-3355,1224,7,24307,0
24332121,24317,1,513,0,472,-4424,-3863,1225,7,24317,0
24342118,24327,1,517,0,435,-4924,-4478,1226,7,24327,0
24352126,24337,1,521,0,377,-5395,-4947,1228,7,24337,0
24362122,24347,1,524,0,311,-5835,-5279,1229,7,24347,0
24372118,24357,1,527,0,223,-6240,-5777,1230,7,24357,0
24382123,24367,1,529,0,179,-6608,-6070,1231,7,24367,0
24392118,24377,1,531,0,172,-6937,-6578,1232,7,24377,0
24402119,24387,1,532,0,84,-7225,-6881,1234,7,24387,0
24412122,24397,1,532,0,47,-7469,-7135,1235,7,24397,0
24422126,24407,1,532,0,-3,-7669,-7448,1236,7,24407,0
24432120,24417,1,532,0,-47,-7822,-7623,1237,7,24417,0
24442118,24427,1,531,0,-98,-7929,-7838,1238,7,24427,0
24452124,24437,1,529,0,-150,-7987,-7789,1240,7,24437,0
24462118,24447,1,528,0,-164,-7997,-7965,1241,7,24447,0
24472118,24457,1,525,0,-245,-7959,-8053,1242,7,24457,0
24482120,24467,1,522,0,-282,-7872,-7780,1243,7,24467,0
24492126,24477,1,519,0,-347,-7736,-7809,1244,7,24477,0
24502122,24487,1,516,0,-377,-7554,-7643,1246,7,24487,0
24512118,24497,1,512,0,-384,-7325,-7467,1247,7,24497,0
24522121,24507,1,508,0,-457,-7050,-7252,1248,7,24507,0
24532121,24517,1,503,0,-457,-6732,-6910,1249,7,24517,0
24542118,24527,1,498,0,-501,-6372,-6647,1250,7,24527,0
24552122,24537,1,493,0,-553,-5972,-6275,1252,7,24537,0
24562126,24547,1,487,0,-560,-5535,-5875,1253,7,24547,0
24572118,24557,1,481,0,-567,-5064,-5445,1254,7,24557,0
24582118,24567,1,476,0,-597,-4560,-4967,1255,7,24567,0
24592122,24577,1,469,0,-611,-4028,-4498,1256,7,24577,0
24602122,24587,1,463,0,-648,-3470,-3970,1258,7,24587,0
24612117,24597,1,456,0,-670,-2889,-3404,1259,7,24597,0
24622120,24607,1,449,0,-648,-2290,-2857,1260,7,24607,0
24632127,24617,1,443,0,-670,-1676,-2271,1261,7,24617,0
24642118,24627,1,436,0,-633,-1051,-1636,1262,7,24627,0
24652122,24637,1,429,0,-692,-419,-1069,1264,7,24637,0
24662121,24647,1,423,0,-633,215,-542,1265,7,24647,0
24672120,24657,1,418,0,-501,850,-200,1266,7,24657,0
24682118,24667,1,413,0,-501,1480,600,1267,7,24667,0
24692118,24677,1,408,0,-479,2101,1440,1268,7,24677,0
24702130,24687,1,402,0,-597,2710,2241,1270,7,24687,0
24712118,24697,1,397,0,-597,3301,2798,1271,7,24697,0
24722120,24707,1,391,0,-553,3872,3277,1272,7,24707,0
24732123,24717,1,386,0,-501,4420,3892,1273,7,24717,0
24742118,24727,1,382,0,-443,4939,4371,1274,7,24727,0
24752118,24737,1,377,0,-465,5426,4937,1276,7,24737,0
24762117,24747,1,374,0,-347,5880,5377,1277,7,24747,0
24772128,24757,1,371,0,-311,6297,5865,1278,7,24757,0
24782118,24767,1,368,0,-267,6672,6305,1279,7,24767,0
24792118,24777,1,366,0,-194,7005,6637,1280,7,24777,0
24802122,24787,1,364,0,-150,7293,6901,1282,7,24787,0
24812118,24797,1,363,0,-98,7534,7203,1283,7,24797,0
24822120,24807,1,363,0,-40,7726,7428,1284,7,24807,0
24832119,24817,1,363,0,-10,7868,7663,1285,7,24817,0
24842129,24827,1,364,0,69,7959,7780,1286,7,24827,0
24852118,24837,1,365,0,91,7998,7956,1288,7,24837,0
24862118,24847,1,366,0,157,7984,7848,1289,7,24847,0
24872122,24857,1,368,0,186,7919,7946,1290,7,24857,0
24882118,24867,1,371,0,252,7801,7975,1291,7,24867,0
24892121,24877,1,374,0,289,7631,7672,1292,7,24877,0
24902118,24887,1,377,0,340,7411,7633,1294,7,24887,0
24912125,24897,1,380,0,355,7142,7330,1295,7,24897,0
24922118,24907,1,384,0,355,6825,7018,1296,7,24907,0
24932120,24917,1,388,0,457,6463,6774,1297,7,24917,0
24942125,24927,1,393,0,450,6057,6275,1298,7,24927,0
24952118,24937,1,397,0,457,5611,5924,1300,7,24937,0
24962119,24947,1,403,0,501,5126,5553,1301,7,24947,0
24972118,24957,1,408,0,509,4607,5025,1302,7,24957,0
24982126,24967,1,414,0,523,4057,4537,1303,7,24967,0
24992122,24977,1,420,0,538,3479,3970,1304,7,24977,0
25002118,24987,1,425,0,523,2877,3443,1306,7,24987,0
25012124,24997,1,431,0,553,2255,2808,1307,7,24997,0
25022118,25007,1,437,0,597,1618,2173,1308,7,25007,0
25032119,25017,1,443,0,626,968,1567,1309,7,25017,0
25042118,25027,1,449,0,597,312,942,1310,7,25027,0
25052126,25037,1,455,0,531,-346,463,1312,7,25037,0
25062120,25047,1,459,0,435,-1003,53,1313,7,25047,0
25072118,25057,1,463,0,428,-1654,-786,1314,7,25057,0
25082122,25067,1,467,0,413,-2295,-1655,1315,7,25067,0
25092118,25077,1,473,0,501,-2920,-2349,1316,7,25077,0
25102118,25087,1,477,0,465,-3526,-2974,1318,7,25087,0
25112120,25097,1,482,0,443,-4108,-3579,1319,7,25097,0
25122126,25107,1,486,0,399,-4663,-4039,1320,7,25107,0
25132122,25117,1,490,0,391,-5186,-4713,1321,7,25117,0
25142118,25127,1,493,0,333,-5673,-5230,1322,7,25127,0
25152122,25137,1,496,0,296,-6122,-5601,1324,7,25137,0
25162118,25147,1,498,0,260,-6529,-6158,1325,7,25147,0
25172118,25157,1,500,0,194,-6891,-6559,1326,7,25157,0
25182121,25167,1,501,0,98,-7205,-6813,1327,7,25167,0
25192126,25177,1,502,0,69,-7470,-7194,1328,7,25177,0
25202118,25187,1,502,0,3,-7683,-7448,1330,7,25187,0
25212118,25197,1,501,0,-47,-7842,-7623,1331,7,25197,0
25222122,25207,1,500,0,-91,-7947,-7789,1332,7,25207,0
25232123,25217,1,499,0,-142,-7996,-7868,1333,7,25217,0
25242118,25227,1,497,0,-157,-7988,-8034,1334,7,25227,0
25252120,25237,1,495,0,-252,-7925,-7946,1336,7,25237,0
25262126,25247,1,492,0,-304,-7806,-7887,1337,7,25247,0
25272118,25257,1,489,0,-326,-7631,-7653,1338,7,25257,0
25282122,25267,1,486,0,-362,-7403,-7653,1339,7,25267,0
25292122,25277,1,482,0,-384,-7122,-7301,1340,7,25277,0
25302120,25287,1,478,0,-413,-6790,-6949,1342,7,25287,0
25312118,25297,1,473,0,-457,-6409,-6744,1343,7,25297,0
25322118,25307,1,469,0,-501,-5982,-6363,1344,7,25307,0
25332127,25317,1,463,0,-516,-5512,-5885,1345,7,25317,0
25342118,25327,1,458,0,-531,-5003,-5396,1346,7,25327,0
25352120,25337,1,452,0,-575,-4457,-4888,1348,7,25337,0
25362122,25347,1,446,0,-582,-3879,-4361,1349,7,25347,0
25372118,25357,1,441,0,-604,-3273,-3794,1350,7,25357,0
25382118,25367,1,435,0,-633,-2642,-3189,1351,7,25367,0
25392118,25377,1,429,0,-626,-1991,-2583,1352,7,25377,0
25402128,25387,1,423,0,-589,-1326,-1919,1354,7,25387,0
25412118,25397,1,417,0,-582,-651,-1284,1355,7,25397,0
25422121,25407,1,410,0,-619,29,-727,1356,7,25407,0
25432122,25417,1,405,0,-560,711,-278,1357,7,25417,0
25442117,25427,1,402,0,-318,1387,170,1358,7,25427,0
25452118,25437,1,398,0,-369,2054,1343,1360,7,25437,0
25462118,25447,1,392,0,-553,2707,2163,1361,7,25447,0
25472129,25457,1,387,0,-494,3341,2739,1362,7,25457,0
25482118,25467,1,382,0,-501,3950,3306,1363,7,25467,0
25492118,25477,1,378,0,-457,4531,4000,1364,7,25477,0
25502122,25487,1,374,0,-399,5080,4507,1366,7,25487,0
25512118,25497,1,370,0,-355,5591,5142,1367,7,25497,0
25522122,25507,1,367,0,-340,6061,5543,1368,7,25507,0
25532119,25517,1,364,0,-296,6487,6109,1369,7,25517,0
25542128,25527,1,362,0,-252,6866,6461,1370,7,25527,0
25552118,25537,1,361,0,-150,7194,6871,1372,7,25537,0
25562118,25547,1,360,0,-113,7468,7164,1373,7,25547,0
25572125,25557,1,359,0,-40,7688,7428,1374,7,25557,0
25582118,25567,1,359,0,10,7850,7633,1375,7,25567,0
25592120,25577,1,360,0,76,7954,7741,1376,7,25577,0
25602118,25587,1,361,0,113,7998,7819,1378,7,25587,0
25612126,25597,1,362,0,135,7982,7946,1379,7,25597,0
25622118,25607,1,364,0,201,7906,7946,1380,7,25607,0
25632119,25617,1,367,0,230,7771,7692,1381,7,25617,0
25642124,25627,1,370,0,260,7577,7594,1382,7,25627,0
25652118,25637,1,373,0,274,7326,7389,1384,7,25637,0
25662118,25647,1,376,0,369,7019,7184,1385,7,25647,0
25672118,25657,1,380,0,377,6659,6881,1386,7,25657,0
25682126,25667,1,384,0,377,6248,6549,1387,7,25667,0
25692120,25677,1,389,0,443,5789,6246,1388,7,25677,0
25702118,25687,1,394,0,501,5285,5641,1390,7,25687,0
25712126,25697,1,399,0,501,4741,5113,1391,7,25697,0
25722118,25707,1,404,0,494,4160,4673,1392,7,25707,0
25732118,25717,1,409,0,501,3547,4068,1393,7,25717,0
25742118,25727,1,415,0,523,2906,3462,1394,7,25727,0
25752125,25737,1,420,0,538,2242,2818,1396,7,25737,0
25762121,25747,1,425,0,494,1560,2231,1397,7,25747,0
25772118,25757,1,431,0,509,866,1538,1398,7,25757,0
25782122,25767,1,436,0,494,164,884,1399,7,25767,0
25792118,25777,1,441,0,523,-538,317,1400,7,25777,0
25802118,25787,1,446,0,413,-1238,-102,1402,7,25787,0
25812122,25797,1,448,0,340,-1929,-1040,1403,7,25797,0
25822125,25807,1,453,0,413,-2605,-2124,1404,7,25807,0
25832121,25817,1,458,0,479,-3262,-2661,1405,7,25817,0
25842118,25827,1,462,0,450,-3894,-3306,1406,7,25827,0
25852122,25837,1,466,0,377,-4496,-3902,1408,7,25837,0
25862122,25847,1,469,0,326,-5063,-4468,1409,7,25847,0
25872118,25857,1,473,0,333,-5591,-5103,1410,7,25857,0
25882119,25867,1,475,0,282,-6076,-5709,1411,7,25867,0
25892126,25877,1,478,0,208,-6513,-6109,1412,7,25877,0
25902118,25887,1,479,0,120,-6899,-6412,1414,7,25887,0
25912118,25897,1,480,0,113,-7231,-6910,1415,7,25897,0
25922121,25907,1,481,0,40,-7507,-7194,1416,7,25907,0
25932120,25917,1,481,0,10,-7723,-7496,1417,7,25917,0
25942118,25927,1,480,0,-54,-7878,-7663,1418,7,25927,0
25952118,25937,1,479,0,-91,-7970,-7799,1420,7,25937,0
25962129,25947,1,478,0,-128,-7999,-7956,1421,7,25947,0
25972118,25957,1,476,0,-201,-7965,-7887,1422,7,25957,0
25982120,25967,1,474,0,-186,-7867,-7926,1423,7,25967,0
25992122,25977,1,472,0,-223,-7705,-7887,1424,7,25977,0
26002122,25987,1,469,0,-289,-7482,-7789,1426,7,25987,0
26012118,25997,1,466,0,-318,-7199,-7457,1427,7,25997,0
26022118,26007,1,462,0,-355,-6857,-7115,1428,7,26007,0
26032129,26017,1,458,0,-421,-6460,-6862,1429,7,26017,0
26042118,26027,1,453,0,-450,-6010,-6344,1430,7,26027,0
26052121,26037,1,449,0,-494,-5512,-5914,1432,7,26037,0
26062121,26047,1,444,0,-450,-4968,-5396,1433,7,26047,0
26072118,26057,1,439,0,-472,-4384,-4879,1434,7,26057,0
26082118,26067,1,434,0,-523,-3764,-4293,1435,7,26067,0
26092118,26077,1,429,0,-538,-3112,-3697,1436,7,26077,0
26102130,26087,1,423,0,-553,-2434,-3042,1438,7,26087,0
26112118,26097,1,417,0,-545,-1737,-2368,1439,7,26097,0
26122119,26107,1,412,0,-560,-1024,-1694,1440,7,26107,0
26132123,26117,1,407,0,-545,-302,-1040,1441,7,26117,0
26142118,26127,1,401,0,-509,421,-493,1442,7,26127,0
26152122,26137,1,397,0,-347,1143,-53,1444,7,26137,0
26162118,26147,1,394,0,-369,1856,942,1445,7,26147,0
26172128,26157,1,390,0,-428,2555,1958,1446,7,26157,0
26182118,26167,1,385,0,-465,3232,2515,1447,7,26167,0
26192118,26177,1,381,0,-421,3884,3267,1448,7,26177,0
26202125,26187,1,377,0,-421,4504,3833,1450,7,26187,0
26212118,26197,1,373,0,-362,5087,4527,1451,7,26197,0
26222120,26207,1,370,0,-340,5628,5152,1452,7,26207,0
26232119,26217,1,367,0,-340,6123,5582,1453,7,26217,0
26242126,26227,1,364,0,-282,6567,6207,1454,7,26227,0
26252122,26237,1,363,0,-186,6957,6568,1456,7,26237,0
26262118,26247,1,362,0,-120,7289,6832,1457,7,26247,0
26272124,26257,1,361,0,-76,7560,7242,1458,7,26257,0
26282118,26267,1,361,0,-3,7767,7516,1459,7,26267,0
26292122,26277,1,362,0,32,7910,7682,1460,7,26277,0
26302118,26287,1,362,0,113,7986,7819,1462,7,26287,0
26312126,26297,1,364,0,142,7995,7897,1463,7,26297,0
26322120,26307,1,366,0,172,7936,7975,1464,7,26307,0
26332119,26317,1,368,0,216,7810,7897,1465,7,26317,0
26342126,26327,1,371,0,289,7617,7809,1466,7,26327,0
26352118,26337,1,374,0,304,7360,7526,1468,7,26337,0
26362118,26347,1,377,0,340,7040,7399,1469,7,26347,0
26372119,26357,1,381,0,355,6660,6910,1470,7,26357,0
26382126,26367,1,385,0,428,6222,6471,1471,7,26367,0
26392121,26377,1,389,0,399,5732,6148,1472,7,26377,0
26402117,26387,1,394,0,479,5191,5660,1474,7,26387,0
26412123,26397,1,399,0,509,4605,5025,1475,7,26397,0
26422118,26407,1,404,0,538,3980,4517,1476,7,26407,0
26432119,26417,1,410,0,531,3320,3863,1477,7,26417,0
26442122,26427,1,415,0,509,2630,3218,1478,7,26427,0
26452126,26437,1,420,0,516,1917,2544,1480,7,26437,0
26462119,26447,1,425,0,472,1188,1919,1481,7,26447,0
26472118,26457,1,430,0,487,447,1177,1482,7,26457,0
26482122,26467,1,435,0,494,-297,542,1483,7,26467,0
26492122,26477,1,440,0,421,-1040,63,1484,7,26477,0
26502118,26487,1,443,0,384,-1775,-796,1486,7,26487,0
26512120,26497,1,446,0,355,-2495,-1753,1487,7,26497,0
26522126,26507,1,451,0,472,-3194,-2603,1488,7,26507,0
26532119,26517,1,455,0,399,-3865,-3218,1489,7,26517,0
26542122,26527,1,460,0,421,-4503,-3941,1490,7,26527,0
26552122,26537,1,463,0,369,-5102,-4429,1492,7,26537,0
26562120,26547,1,466,0,289,-5656,-5054,1493,7,26547,0
26572118,26557,1,468,0,223,-6162,-5504,1494,7,26557,0
26582121,26567,1,471,0,179,-6613,-6109,1495,7,26567,0
26592126,26577,1,472,0,186,-7007,-6588,1496,7,26577,0
26602118,26587,1,473,0,76,-7338,-6920,1498,7,26587,0
26612120,26597,1,473,0,32,-7605,-7291,1499,7,26597,0
26622122,26607,1,473,0,-10,-7805,-7584,1500,7,26607,0
26632122,26617,1,473,0,-62,-7935,-7760,1501,7,26617,0
26642118,26627,1,471,0,-135,-7995,-7848,1502,7,26627,0
26652117,26637,1,470,0,-150,-7984,-8043,1504,7,26637,0
26662128,26647,1,468,0,-216,-7901,-7799,1505,7,26647,0
26672118,26657,1,466,0,-216,-7748,-7809,1506,7,26657,0
26682122,26667,1,463,0,-238,-7525,-7770,1507,7,26667,0
26692122,26677,1,460,0,-311,-7235,-7467,1508,7,26677,0
26702120,26687,1,456,0,-340,-6879,-7106,1510,7,26687,0
26712118,26697,1,453,0,-377,-6461,-6901,1511,7,26697,0
26722118,26707,1,448,0,-435,-5985,-6373,1512,7,26707,0
26732131,26717,1,444,0,-443,-5453,-5855,1513,7,26717,0
26742118,26727,1,440,0,-435,-4873,-5357,1514,7,26727,0
26752119,26737,1,435,0,-523,-4248,-4820,1516,7,26737,0
26762122,26747,1,429,0,-531,-3584,-4195,1517,7,26747,0
26772118,26757,1,424,0,-538,-2886,-3511,1518,7,26757,0
26782122,26767,1,419,0,-545,-2162,-2808,1519,7,26767,0
26792118,26777,1,413,0,-553,-1418,-2056,1520,7,26777,0
26802128,26787,1,409,0,-509,-659,-1372,1522,7,26787,0
26812118,26797,1,403,0,-494,104,-727,1523,7,26797,0
26822118,26807,1,399,0,-413,868,-297,1524,7,26807,0
26832127,26817,1,396,0,-289,1626,434,1525,7,26817,0
26842117,26827,1,393,0,-318,2368,1587,1526,7,26827,0
26852120,26837,1,388,0,-487,3089,2417,1528,7,26837,0
26862118,26847,1,384,0,-413,3783,3140,1529,7,26847,0
26872126,26857,1,380,0,-384,4442,3746,1530,7,26857,0
26882117,26867,1,377,0,-333,5060,4400,1531,7,26867,0
26892118,26877,1,373,0,-311,5632,5084,1532,7,26877,0
26902124,26887,1,371,0,-267,6153,5699,1534,7,26887,0
26912118,26897,1,369,0,-216,6616,6129,1535,7,26897,0
26922118,26907,1,367,0,-150,7019,6481,1536,7,26907,0
26932118,26917,1,366,0,-128,7356,7018,1537,7,26917,0
26942126,26927,1,365,0,-62,7625,7301,1538,7,26927,0
26952120,26937,1,365,0,-10,7823,7584,1540,7,26937,0
26962118,26947,1,366,0,47,7948,7731,1541,7,26947,0
26972126,26957,1,366,0,91,7998,7838,1542,7,26957,0
26982118,26967,1,368,0,120,7974,7946,1543,7,26967,0
26992118,26977,1,370,0,186,7874,7848,1544,7,26977,0
27002118,26987,1,372,0,194,7700,7780,1546,7,26987,0
27012127,26997,1,374,0,238,7453,7643,1547,7,26997,0
27022121,27007,1,377,0,260,7136,7487,1548,7,27007,0
27032118,27017,1,381,0,304,6751,7047,1549,7,27017,0
27042121,27027,1,384,0,318,6302,6627,1550,7,27027,0
27052118,27037,1,388,0,406,5792,6285,1552,7,27037,0
27062118,27047,1,392,0,399,5227,5641,1553,7,27047,0
27072122,27057,1,397,0,450,4612,5094,1554,7,27057,0
27082126,27067,1,401,0,479,3952,4498,1555,7,27067,0
27092119,27077,1,406,0,457,3254,3873,1556,7,27077,0
27102118,27087,1,411,0,472,2525,3189,1558,7,27087,0
27112122,27097,1,416,0,501,1770,2456,1559,7,27097,0
27122122,27107,1,421,0,516,998,1684,1560,7,27107,0
27132119,27117,1,425,0,421,216,1050,1561,7,27117,0
27142120,27127,1,430,0,443,-567,405,1562,7,27127,0
27152126,27137,1,432,0,223,-1348,-43,1564,7,27137,0
27162118,27147,1,435,0,260,-2115,-1118,1565,7,27147,0
27172118,27157,1,439,0,406,-2862,-2261,1566,7,27157,0
27182121,27167,1,443,0,406,-3583,-2945,1567,7,27167,0
27192120,27177,1,446,0,311,-4269,-3492,1568,7,27177,0
27202118,27187,1,450,0,311,-4915,-4312,1570,7,27187,0
27212118,27197,1,453,0,274,-5513,-4967,1571,7,27197,0
27222126,27207,1,455,0,216,-6058,-5543,1572,7,27207,0
27232119,27217,1,457,0,150,-6543,-5953,1573,7,27217,0
27242120,27227,1,459,0,150,-6966,-6510,1574,7,27227,0
27252122,27237,1,460,0,69,-7321,-6920,1576,7,27237,0
27262121,27247,1,460,0,10,-7604,-7242,1577,7,27247,0
27272118,27257,1,460,0,-25,-7812,-7536,1578,7,27257,0
27282118,27267,1,459,0,-69,-7944,-7799,1579,7,27267,0
27292126,27277,1,457,0,-135,-7998,-7819,1580,7,27277,0
27302118,27287,1,456,0,-128,-7973,-7985,1582,7,27287,0
27312122,27297,1,454,0,-230,-7869,-7887,1583,7,27297,0
27322122,27307,1,451,0,-260,-7688,-7682,1584,7,27307,0
27332119,27317,1,448,0,-296,-7430,-7545,1585,7,27317,0
27342118,27327,1,445,0,-318,-7098,-7223,1586,7,27327,0
27352118,27337,1,442,0,-347,-6695,-6969,1588,7,27337,0
27362130,27347,1,438,0,-384,-6225,-6627,1589,7,27347,0
27372118,27357,1,434,0,-391,-5694,-6100,1590,7,27357,0
27382120,27367,1,429,0,-465,-5104,-5660,1591,7,27367,0
27392122,27377,1,425,0,-479,-4463,-4996,1592,7,27377,0
27402118,27387,1,420,0,-472,-3778,-4361,1594,7,27387,0
27412121,27397,1,415,0,-523,-3053,-3667,1595,7,27397,0
27422118,27407,1,410,0,-523,-2298,-2993,1596,7,27407,0
27432129,27417,1,404,0,-531,-1518,-2271,1597,7,27417,0
27442118,27427,1,399,0,-516,-723,-1518,1598,7,27427,0
27452118,27437,1,394,0,-531,79,-757,1600,7,27437,0
27462122,27447,1,390,0,-428,882,-249,1601,7,27447,0
27472117,27457,1,388,0,-208,1676,356,1602,7,27457,0
27482120,27467,1,385,0,-252,2454,1587,1603,7,27467,0
27492118,27477,1,380,0,-435,3208,2485,1604,7,27477,0
27502126,27487,1,376,0,-399,3930,3228,1606,7,27487,0
27512118,27497,1,372,0,-413,4612,3941,1607,7,27497,0
27522118,27507,1,369,0,-340,5248,4586,1608,7,27507,0
27532125,27517,1,366,0,-282,5831,5133,1609,7,27517,0
27542118,27527,1,364,0,-223,6354,5748,1610,7,27527,0
27552121,27537,1,361,0,-201,6813,6158,1612,7,27537,0
27562117,27547,1,360,0,-157,7202,6813,1613,7,27547,0
27572126,27557,1,359,0,-91,7517,7135,1614,7,27557,0
27582118,27567,1,359,0,-18,7756,7448,1615,7,27567,0
27592118,27577,1,359,0,10,7914,7692,1616,7,27577,0
27602125,27587,1,360,0,84,7992,7809,1618,7,27587,0
27612118,27597,1,361,0,135,7986,7838,1619,7,27597,0
27622118,27607,1,363,0,164,7898,7877,1620,7,27607,0
27632119,27617,1,365,0,194,7728,7926,1621,7,27617,0
27642126,27627,1,367,0,252,7478,7526,1622,7,27627,0
27652122,27637,1,371,0,296,7150,7301,1624,7,27637,0
27662118,27647,1,374,0,333,6747,6940,1625,7,27647,0
27672124,27657,1,377,0,377,6274,6695,1626,7,27657,0
27682118,27667,1,381,0,355,5735,6119,1627,7,27667,0
27692118,27677,1,385,0,384,5135,5553,1628,7,27677,0
27702122,27687,1,389,0,406,4481,5103,1630,7,27687,0
27712126,27697,1,394,0,479,3779,4341,1631,7,27697,0
27722119,27707,1,398,0,435,3039,3638,1632,7,27707,0
27732119,27717,1,403,0,450,2265,3023,1633,7,27717,0
27742122,27727,1,407,0,487,1466,2202,1634,7,27727,0
27752118,27737,1,412,0,457,652,1411,1636,7,27737,0
27762118,27747,1,416,0,413,-169,747,1637,7,27747,0
27772120,27757,1,420,0,377,-990,151,1638,7,27757,0
27782126,27767,1,422,0,216,-1802,-581,1639,7,27767,0
27792118,27777,1,425,0,216,-2593,-1811,1640,7,27777,0
27802118,27787,1,429,0,428,-3359,-2661,1642,7,27787,0
27812121,27797,1,433,0,311,-4089,-3365,1643,7,27797,0
27822120,27807,1,436,0,289,-4776,-4048,1644,7,27807,0
27832119,27817,1,439,0,274,-5413,-4800,1645,7,27817,0
27842121,27827,1,441,0,186,-5992,-5396,1646,7,27827,0
27852126,27837,1,443,0,157,-6508,-5943,1648,7,27837,0
27862118,27847,1,445,0,164,-6954,-6412,1649,7,27847,0
27872118,27857,1,445,0,69,-7326,-6881,1650,7,27857,0
27882122,27867,1,446,0,18,-7619,-7252,1651,7,27867,0
27892121,27877,1,446,0,-10,-7831,-7575,1652,7,27877,0
27902118,27887,1,445,0,-69,-7958,-7780,1654,7,27887,0
27912118,27897,1,444,0,-135,-7999,-7887,1655,7,27897,0
27922126,27907,1,442,0,-128,-7954,-8043,1656,7,27907,0
27932119,27917,1,440,0,-208,-7823,-7799,1657,7,27917,0
27942122,27927,1,438,0,-230,-7607,-7750,1658,7,27927,0
27952122,27937,1,435,0,-267,-7308,-7653,1660,7,27937,0
27962120,27947,1,432,0,-296,-6930,-7262,1661,7,27947,0
27972118,27957,1,429,0,-311,-6476,-6871,1662,7,27957,0
27982118,27967,1,425,0,-355,-5951,-6422,1663,7,27967,0
27992130,27977,1,421,0,-421,-5359,-5894,1664,7,27977,0
28002118,27987,1,417,0,-413,-4710,-5181,1666,7,27987,0
28012119,27997,1,412,0,-457,-4009,-4673,1667,7,27997,0
28022122,28007,1,408,0,-509,-3262,-3960,1668,7,28007,0
28032119,28017,1,403,0,-457,-2480,-3169,1669,7,28017,0
28042117,28027,1,399,0,-443,-1669,-2437,1670,7,28027,0
28052118,28037,1,394,0,-494,-840,-1665,1672,7,28037,0
28062128,28047,1,389,0,-457,0,-874,1673,7,28047,0
28072118,28057,1,385,0,-391,838,-327,1674,7,28057,0
28082118,28067,1,383,0,-223,1669,307,1675,7,28067,0
28092122,28077,1,381,0,-289,2483,1645,1676,7,28077,0
28102118,28087,1,376,0,-406,3269,2554,1678,7,28087,0
28112120,28097,1,372,0,-421,4020,3316,1679,7,28097,0
28122118,28107,1,369,0,-347,4726,4000,1680,7,28107,0
28132131,28117,1,366,0,-289,5381,4615,1681,7,28117,0
28142117,28127,1,364,0,-238,5974,5308,1682,7,28127,0
28152118,28137,1,361,0,-216,6503,5807,1684,7,28137,0
28162122,28147,1,360,0,-186,6959,6520,1685,7,28147,0
28172118,28157,1,359,0,-91,7337,6881,1686,7,28157,0
28182122,28167,1,358,0,-40,7633,7252,1687,7,28167,0
28192118,28177,1,358,0,3,7844,7584,1688,7,28177,0
28202126,28187,1,359,0,69,7966,7809,1690,7,28187,0
28212118,28197,1,360,0,106,7999,7858,1691,7,28197,0
28222118,28207,1,362,0,164,7941,7897,1692,7,28207,0
28232127,28217,1,364,0,186,7794,7780,1693,7,28217,0
28242117,28227,1,366,0,216,7558,7741,1694,7,28227,0
28252120,28237,1,369,0,260,7237,7496,1696,7,28237,0
28262118,28247,1,372,0,274,6833,7194,1697,7,28247,0
28272126,28257,1,376,0,318,6350,6686,1698,7,28257,0
28282121,28267,1,379,0,377,5796,6207,1699,7,28267,0
28292118,28277,1,383,0,369,5175,5797,1700,7,28277,0
28302123,28287,1,388,0,443,4495,5035,1702,7,28287,0
28312118,28297,1,392,0,406,3763,4371,1703,7,28297,0
28322118,28307,1,396,0,479,2987,3658,1704,7,28307,0
28332122,28317,1,401,0,494,2176,2876,1705,7,28317,0
28342125,28327,1,406,0,435,1339,2134,1706,7,28327,0
28352120,28337,1,410,0,465,487,1304,1708,7,28337,0
28362118,28347,1,415,0,421,-370,610,1709,7,28347,0
28372122,28357,1,418,0,326,-1225,83,1710,7,28357,0
28382121,28367,1,420,0,194,-2066,-962,1711,7,28367,0
28392118,28377,1,423,0,384,-2884,-2280,1712,7,28377,0
28402119,28387,1,427,0,347,-3669,-2905,1714,7,28387,0
28412126,28397,1,430,0,311,-4413,-3638,1715,7,28397,0
28422122,28407,1,434,0,318,-5105,-4459,1716,7,28407,0
28432118,28417,1,437,0,252,-5738,-5162,1717,7,28417,0
28442122,28427,1,438,0,179,-6305,-5738,1718,7,28427,0
28452120,28437,1,440,0,135,-6799,-6188,1720,7,28437,0
28462118,28447,1,441,0,106,-7214,-6813,1721,7,28447,0
28472122,28457,1,442,0,47,-7546,-7174,1722,7,28457,0
28482126,28467,1,442,0,10,-7788,-7526,1723,7,28467,0
28492118,28477,1,442,0,-40,-7940,-7731,1724,7,28477,0
28502117,28487,1,441,0,-113,-7999,-7848,1726,7,28487,0
28512122,28497,1,440,0,-106,-7963,-7956,1727,7,28497,0
28522121,28507,1,438,0,-208,-7834,-7858,1728,7,28507,0
28532119,28517,1,436,0,-164,-7613,-7897,1729,7,28517,0
28542120,28527,1,434,0,-238,-7301,-7555,1730,7,28527,0
28552126,28537,1,431,0,-274,-6903,-7262,1732,7,28537,0
28562118,28547,1,428,0,-333,-6423,-6803,1733,7,28547,0
28572122,28557,1,424,0,-384,-5866,-6442,1734,7,28557,0
28582122,28567,1,420,0,-377,-5240,-5768,1735,7,28567,0
28592120,28577,1,417,0,-391,-4550,-5025,1736,7,28577,0
28602118,28587,1,412,0,-413,-3807,-4527,1738,7,28587,0
28612118,28597,1,408,0,-457,-3017,-3736,1739,7,28597,0
28622130,28607,1,404,0,-421,-2190,-2954,1740,7,28607,0
28632119,28617,1,399,0,-457,-1337,-2144,1741,7,28617,0
28642120,28627,1,395,0,-428,-467,-1313,1742,7,28627,0
28652122,28637,1,391,0,-450,408,-610,1744,7,28637,0
28662118,28647,1,388,0,-304,1279,-63,1745,7,28647,0
28672122,28657,1,386,0,-216,2136,903,1746,7,28657,0
28682118,28667,1,383,0,-347,2968,2515,1747,7,28667,0
28692128,28677,1,380,0,-333,3765,2964,1748,7,28677,0
28702118,28687,1,377,0,-289,4516,3687,1750,7,28687,0
28712121,28697,1,374,0,-252,5214,4468,1751,7,28697,0
28722121,28707,1,372,0,-208,5849,5094,1752,7,28707,0
28732118,28717,1,370,0,-194,6413,5738,1753,7,28717,0
28742120,28727,1,368,0,-179,6900,6354,1754,7,28727,0
28752118,28737,1,367,0,-91,7304,6822,1756,7,28737,0
28762130,28747,1,367,0,-40,7619,7233,1757,7,28747,0
28772117,28757,1,367,0,18,7841,7575,1758,7,28757,0
28782118,28767,1,367,0,62,7968,7770,1759,7,28767,0
28792124,28777,1,369,0,106,7998,7868,1760,7,28777,0
28802119,28787,1,371,0,172,7929,8024,1762,7,28787,0
28812122,28797,1,372,0,186,7764,7741,1763,7,28797,0
28822118,28807,1,375,0,223,7503,7643,1764,7,28807,0
28832129,28817,1,377,0,230,7150,7496,1765,7,28817,0
28842118,28827,1,380,0,289,6709,7047,1766,7,28827,0
28852118,28837,1,384,0,289,6185,6608,1768,7,28837,0
28862126,28847,1,387,0,369,5583,6090,1769,7,28847,0
28872118,28857,1,391,0,377,4914,5514,1770,7,28857,0
28882120,28867,1,395,0,399,4182,4781,1771,7,28867,0
28892118,28877,1,400,0,435,3398,4107,1772,7,28877,0
28902126,28887,1,404,0,465,2571,3296,1774,7,28887,0
28912122,28897,1,409,0,413,1713,2525,1775,7,28897,0
28922118,28907,1,413,0,443,832,1675,1776,7,28907,0
28932124,28917,1,417,0,399,-59,893,1777,7,28917,0
28942118,28927,1,422,0,421,-950,200,1778,7,28927,0
28952118,28937,1,423,0,201,-1831,-346,1780,7,28937,0
28962122,28947,1,425,0,128,-2689,-1919,1781,7,28947,0
28972126,28957,1,429,0,391,-3514,-2739,1782,7,28957,0
28982120,28967,1,432,0,333,-4295,-3550,1783,7,28967,0
28992118,28977,1,435,0,260,-5023,-4166,1784,7,28977,0
29002122,28987,1,438,0,230,-5689,-4957,1786,7,28987,0
29012118,28997,1,440,0,216,-6283,-5533,1787,7,28997,0
29022118,29007,1,442,0,172,-6798,-6344,1788,7,29007,0
29032121,29017,1,443,0,91,-7229,-6783,1789,7,29017,0
29042126,29027,1,443,0,32,-7568,-7164,1790,7,29027,0
29052118,29037,1,443,0,3,-7811,-7545,1792,7,29037,0
29062118,29047,1,443,0,-40,-7955,-7789,1793,7,29047,0
29072122,29057,1,442,0,-98,-7999,-7907,1794,7,29057,0
29082119,29067,1,440,0,-157,-7941,-7868,1795,7,29067,0
29092119,29077,1,438,0,-179,-7783,-7868,1796,7,29077,0
29102122,29087,1,436,0,-194,-7524,-7868,1798,7,29087,0
29112126,29097,1,433,0,-274,-7170,-7399,1799,7,29097,0
29122118,29107,1,431,0,-296,-6724,-7135,1800,7,29107,0
29132119,29117,1,427,0,-362,-6192,-6656,1801,7,29117,0
29142122,29127,1,424,0,-377,-5579,-6168,1802,7,29127,0
29152121,29137,1,420,0,-384,-4896,-5435,1804,7,29137,0
29162118,29147,1,416,0,-443,-4148,-4761,1805,7,29147,0
29172117,29157,1,412,0,-391,-3347,-4039,1806,7,29157,0
29182126,29167,1,407,0,-472,-2502,-3335,1807,7,29167,0
29192118,29177,1,403,0,-435,-1625,-2388,1808,7,29177,0
29202122,29187,1,399,0,-421,-725,-1645,1810,7,29187,0
29212122,29197,1,394,0,-457,183,-786,1811,7,29197,0
29222119,29207,1,391,0,-384,1090,-210,1812,7,29207,0
29232119,29217,1,389,0,-179,1984,561,1813,7,29217,0
29242118,29227,1,387,0,-216,2852,2271,1814,7,29227,0
29252130,29237,1,383,0,-369,3686,2808,1816,7,29237,0
29262118,29247,1,380,0,-333,4469,3658,1817,7,29247,0
29272119,29257,1,377,0,-267,5196,4351,1818,7,29257,0
29282122,29267,1,375,0,-223,5856,5094,1819,7,29267,0
29292118,29277,1,372,0,-230,6440,5680,1820,7,29277,0
29302118,29287,1,371,0,-164,6940,6490,1822,7,29287,0
29312118,29297,1,370,0,-98,7349,6891,1823,7,29297,0
29322128,29307,1,370,0,-54,7662,7252,1824,7,29307,0
29332119,29317,1,370,0,-3,7875,7604,1825,7,29317,0
29342118,29327,1,370,0,62,7984,7829,1826,7,29327,0
29352122,29337,1,371,0,106,7988,7858,1828,7,29337,0
29362117,29347,1,373,0,142,7887,7897,1829,7,29347,0
29372119,29357,1,375,0,186,7682,7741,1830,7,29357,0
29382118,29367,1,377,0,208,7375,7663,1831,7,29367,0
29392129,29377,1,380,0,252,6970,7330,1832,7,29377,0
29402118,29387,1,382,0,274,6473,7008,1834,7,29387,0
29412118,29397,1,385,0,289,5889,6422,1835,7,29397,0
29422122,29407,1,389,0,296,5227,5826,1836,7,29407,0
29432119,29417,1,393,0,406,4495,5113,1837,7,29417,0
29442122,29427,1,397,0,377,3702,4371,1838,7,29427,0
29452118,29437,1,401,0,450,2860,3570,1840,7,29437,0
29462126,29447,1,405,0,391,1978,2847,1841,7,29447,0
29472118,29457,1,410,0,435,1070,1880,1842,7,29457,0
29482118,29467,1,413,0,362,147,1108,1843,7,29467,0
29492126,29477,1,417,0,311,-779,434,1844,7,29477,0
29502118,29487,1,418,0,120,-1694,-219,1846,7,29487,0
29512119,29497,1,421,0,252,-2588,-1753,1847,7,29497,0
29522118,29507,1,424,0,340,-3447,-2622,1848,7,29507,0
29532127,29517,1,427,0,274,-4262,-3433,1849,7,29517,0
29542121,29527,1,430,0,230,-5018,-4156,1850,7,29527,0
29552117,29537,1,432,0,201,-5707,-4976,1852,7,29537,0
29562123,29547,1,434,0,201,-6320,-5562,1853,7,29547,0
29572118,29557,1,436,0,128,-6847,-6344,1854,7,29557,0
29582118,29567,1,437,0,91,-7281,-6803,1855,7,29567,0
29592117,29577,1,437,0,25,-7617,-7242,1856,7,29577,0
29602126,29587,1,437,0,-3,-7850,-7584,1858,7,29587,0
29612119,29597,1,436,0,-69,-7976,-7770,1859,7,29597,0
29622118,29607,1,435,0,-142,-7993,-7819,1860,7,29607,0
29632123,29617,1,434,0,-142,-7901,-7936,1861,7,29617,0
29642118,29627,1,432,0,-194,-7701,-7829,1862,7,29627,0
29652117,29637,1,429,0,-238,-7396,-7536,1864,7,29637,0
29662120,29647,1,427,0,-267,-6988,-7301,1865,7,29647,0
29672126,29657,1,424,0,-289,-6485,-6910,1866,7,29657,0
29682121,29667,1,420,0,-318,-5892,-6363,1867,7,29667,0
29692118,29677,1,417,0,-333,-5218,-5709,1868,7,29677,0
29702122,29687,1,413,0,-399,-4471,-5240,1870,7,29687,0
29712118,29697,1,409,0,-377,-3663,-4351,1871,7,29697,0
29722118,29707,1,405,0,-443,-2803,-3589,1872,7,29707,0
29732122,29717,1,401,0,-377,-1903,-2739,1873,7,29717,0
29742126,29727,1,397,0,-457,-977,-1860,1874,7,29727,0
29752118,29737,1,393,0,-384,-37,-1030,1876,7,29737,0
29762118,29747,1,389,0,-391,903,-317,1877,7,29747,0
29772122,29757,1,387,0,-179,1833,376,1878,7,29757,0
29782122,29767,1,386,0,-128,2737,1665,1879,7,29767,0
29792118,29777,1,382,0,-333,3604,2759,1880,7,29777,0
29802120,29787,1,379,0,-318,4421,3667,1882,7,29787,0
29812126,29797,1,376,0,-282,5178,4507,1883,7,29797,0
29822118,29807,1,374,0,-238,5861,5221,1884,7,29807,0
29832123,29817,1,372,0,-179,6464,5836,1885,7,29817,0
29842122,29827,1,370,0,-150,6976,6422,1886,7,29827,0
29852120,29837,1,369,0,-91,7390,6891,1888,7,29837,0
29862118,29847,1,369,0,-32,7700,7262,1889,7,29847,0
29872118,29857,1,369,0,10,7903,7623,1890,7,29857,0
29882126,29867,1,370,0,69,7994,7858,1891,7,29867,0
29892118,29877,1,371,0,113,7972,7946,1892,7,29877,0
29902120,29887,1,373,0,157,7838,7838,1894,7,29887,0
29912122,29897,1,375,0,201,7593,7692,1895,7,29897,0
29922118,29907,1,377,0,194,7240,7594,1896,7,29907,0
29932119,29917,1,380,0,260,6784,7194,1897,7,29917,0
29942118,29927,1,383,0,282,6231,6822,1898,7,29927,0
29952128,29937,1,386,0,296,5589,6178,1900,7,29937,0
29962118,29947,1,389,0,318,4868,5494,1901,7,29947,0
29972121,29957,1,394,0,413,4076,4791,1902,7,29957,0
29982122,29967,1,397,0,384,3226,3960,1903,7,29967,0
29992118,29977,1,402,0,428,2329,3111,1904,7,29977,0
30002118,29987,1,405,0,384,1398,2329,1906,7,29987,0
30012118,29997,1,409,0,399,447,1343,1907,7,29997,0
30022130,30007,1,413,0,369,-512,600,1908,7,30007,0
30032119,30017,1,415,0,223,-1462,24,1909,7,30017,0
30042118,30027,1,416,0,62,-2394,-1196,1910,7,30027,0
30052122,30037,1,420,0,326,-3291,-2466,1912,7,30037,0
30062118,30047,1,423,0,311,-4141,-3384,1913,7,30047,0
30072121,30057,1,426,0,304,-4933,-4263,1914,7,30057,0
30082117,30067,1,428,0,245,-5653,-5006,1915,7,30067,0
30092128,30077,1,430,0,142,-6292,-5650,1916,7,30077,0
30102118,30087,1,431,0,157,-6840,-6285,1918,7,30087,0
30112118,30097,1,432,0,76,-7289,-6793,1919,7,30097,0
30122126,30107,1,432,0,3,-7633,-7203,1920,7,30107,0
30132119,30117,1,432,0,-18,-7866,-7575,1921,7,30117,0
30142120,30127,1,431,0,-76,-7984,-7848,1922,7,30127,0
30152118,30137,1,430,0,-113,-7986,-7887,1924,7,30137,0
30162126,30147,1,428,0,-135,-7871,-7936,1925,7,30147,0
30172118,30157,1,427,0,-223,-7641,-7741,1926,7,30157,0
30182118,30167,1,424,0,-245,-7300,-7565,1927,7,30167,0
30192124,30177,1,421,0,-274,-6850,-7252,1928,7,30177,0
30202118,30187,1,418,0,-304,-6301,-6793,1930,7,30187,0
30212118,30197,1,415,0,-318,-5658,-6178,1931,7,30197,0
30222118,30207,1,411,0,-362,-4931,-5523,1932,7,30207,0
30232127,30217,1,407,0,-406,-4131,-4947,1933,7,30217,0
30242120,30227,1,404,0,-377,-3271,-4009,1934,7,30227,0
30252118,30237,1,399,0,-413,-2361,-3199,1936,7,30237,0
30262126,30247,1,395,0,-399,-1415,-2300,1937,7,30247,0
30272118,30257,1,391,0,-443,-449,-1421,1938,7,30257,0
30282118,30267,1,388,0,-355,524,-630,1939,7,30267,0
30292117,30277,1,385,0,-208,1491,-34,1940,7,30277,0
30302126,30287,1,384,0,-194,2437,1177,1942,7,30287,0
30312122,30297,1,381,0,-384,3346,2759,1943,7,30297,0
30322118,30307,1,377,0,-340,4206,3316,1944,7,30307,0
30332123,30317,1,375,0,-289,5005,4156,1945,7,30317,0
30342118,30327,1,372,0,-260,5728,4879,1946,7,30327,0
30352118,30337,1,370,0,-245,6367,5719,1948,7,30337,0
30362122,30347,1,368,0,-157,6911,6354,1949,7,30347,0
30372126,30357,1,367,0,-98,7352,6783,1950,7,30357,0
30382120,30367,1,367,0,-47,7682,7291,1951,7,30367,0
30392118,30377,1,367,0,-3,7897,7643,1952,7,30377,0
30402122,30387,1,367,0,47,7994,7819,1954,7,30387,0
30412121,30397,1,369,0,113,7970,7877,1955,7,30397,0
30422118,30407,1,370,0,128,7826,7975,1956,7,30407,0
30432121,30417,1,372,0,186,7564,7663,1957,7,30417,0
30442126,30427,1,374,0,201,7187,7487,1958,7,30427,0
30452118,30437,1,377,0,230,6702,7242,1960,7,30437,0
30462118,30447,1,380,0,296,6114,6627,1961,7,30447,0
30472121,30457,1,383,0,296,5433,6148,1962,7,30457,0
30482120,30467,1,386,0,311,4669,5357,1963,7,30467,0
30492118,30477,1,390,0,347,3835,4517,1964,7,30477,0
30502118,30487,1,394,0,413,2940,3746,1966,7,30487,0
30512130,30497,1,397,0,340,2000,2866,1967,7,30497,0
30522118,30507,1,402,0,428,1030,1929,1968,7,30507,0
30532121,30517,1,405,0,355,43,1079,1969,7,30517,0
30542122,30527,1,408,0,318,-944,336,1970,7,30527,0
30552122,30537,1,410,0,98,-1918,-288,1972,7,30537,0
30562117,30547,1,410,0,84,-2863,-2065,1973,7,30547,0
30572118,30557,1,414,0,252,-3766,-2896,1974,7,30557,0
30582128,30567,1,417,0,267,-4611,-3843,1975,7,30567,0
30592118,30577,1,419,0,208,-5384,-4654,1976,7,30577,0
30602122,30587,1,421,0,142,-6076,-5357,1978,7,30587,0
30612121,30597,1,423,0,172,-6675,-5963,1979,7,30597,0
30622118,30607,1,424,0,84,-7170,-6647,1980,7,30607,0
30632119,30617,1,424,0,25,-7555,-7115,1981,7,30617,0
30642118,30627,1,424,0,-3,-7823,-7526,1982,7,30627,0
30652129,30637,1,423,0,-62,-7970,-7760,1984,7,30637,0
30662118,30647,1,422,0,-128,-7993,-7926,1985,7,30647,0
30672119,30657,1,421,0,-150,-7892,-7936,1986,7,30657,0
30682122,30667,1,419,0,-208,-7669,-7741,1987,7,30667,0
30692118,30677,1,417,0,-230,-7325,-7643,1988,7,30677,0
30702122,30687,1,414,0,-274,-6867,-7379,1990,7,30687,0
30712117,30697,1,411,0,-318,-6302,-6793,1991,7,30697,0
30722127,30707,1,408,0,-340,-5637,-6334,1992,7,30707,0
30732119,30717,1,404,0,-347,-4884,-5592,1993,7,30717,0
30742118,30727,1,400,0,-347,-4054,-4732,1994,7,30727,0
30752126,30737,1,397,0,-421,-3159,-4000,1996,7,30737,0
30762118,30747,1,393,0,-362,-2215,-3111,1997,7,30747,0
30772120,30757,1,389,0,-406,-1235,-2124,1998,7,30757,0
30782118,30767,1,385,0,-384,-235,-1255,1999,7,30767,0
30792126,30777,1,382,0,-333,769,-483,2000,7,30777,0
30802122,30787,1,381,0,-91,1761,92,2002,7,30787,0
30812117,30797,1,379,0,-157,2726,1880,2003,7,30797,0
30822123,30807,1,375,0,-333,3649,2818,2004,7,30807,0
30832119,30817,1,372,0,-340,4515,3638,2005,7,30817,0
30842122,30827,1,370,0,-296,5309,4576,2006,7,30827,0
30852117,30837,1,367,0,-260,6019,5289,2008,7,30837,0
30862125,30847,1,366,0,-164,6635,6061,2009,7,30847,0
30872120,30857,1,365,0,-128,7145,6617,2010,7,30857,0
30882118,30867,1,364,0,-62,7541,7086,2011,7,30867,0
30892126,30877,1,364,0,-10,7818,7516,2012,7,30877,0
30902118,30887,1,364,0,25,7969,7741,2014,7,30887,0
30912118,30897,1,366,0,91,7993,7897,2015,7,30897,0
30922119,30907,1,367,0,135,7889,7858,2016,7,30907,0
30932127,30917,1,369,0,172,7659,7789,2017,7,30917,0
30942121,30927,1,371,0,201,7305,7711,2018,7,30927,0
30952118,30937,1,374,0,274,6834,7164,2020,7,30937,0
30962123,30947,1,376,0,311,6252,6774,2021,7,30947,0
30972118,30957,1,379,0,326,5570,6100,2022,7,30957,0
30982118,30967,1,383,0,362,4797,5553,2023,7,30967,0
30992122,30977,1,386,0,326,3946,4654,2024,7,30977,0
31002126,30987,1,390,0,340,3030,3765,2026,7,30987,0
31012119,30997,1,394,0,399,2066,2993,2027,7,30997,0
31022118,31007,1,397,0,340,1067,2017,2028,7,31007,0
31032123,31017,1,402,0,413,50,962,2029,7,31017,0
31042122,31027,1,405,0,355,-967,356,2030,7,31027,0
31052118,31037,1,407,0,179,-1970,-376,2032,7,31037,0
31062120,31047,1,407,0,47,-2941,-1821,2033,7,31047,0
31072126,31057,1,410,0,267,-3866,-3072,2034,7,31057,0
31082118,31067,1,413,0,238,-4727,-3775,2035,7,31067,0
31092122,31077,1,415,0,223,-5512,-4664,2036,7,31077,0
31102122,31087,1,418,0,216,-6207,-5435,2038,7,31087,0
31112120,31097,1,419,0,128,-6801,-6256,2039,7,31097,0
31122118,31107,1,420,0,106,-7283,-6822,2040,7,31107,0
31132119,31117,1,420,0,32,-7647,-7262,2041,7,31117,0
31142125,31127,1,420,0,-10,-7885,-7623,2042,7,31127,0
31152117,31137,1,420,0,-47,-7993,-7799,2044,7,31137,0
31162120,31147,1,418,0,-113,-7969,-7838,2045,7,31147,0
31172122,31157,1,417,0,-157,-7814,-7897,2046,7,31157,0
31182119,31167,1,415,0,-186,-7530,-7692,2047,7,31167,0
31192118,31177,1,413,0,-238,-7121,-7301,2048,7,31177,0
31202118,31187,1,410,0,-267,-6594,-6979,2050,7,31187,0
31212128,31197,1,407,0,-274,-5957,-6490,2051,7,31197,0
31222118,31207,1,404,0,-296,-5222,-5777,2052,7,31207,0
31232123,31217,1,401,0,-304,-4399,-4996,2053,7,31217,0
31242121,31227,1,397,0,-369,-3502,-4263,2054,7,31227,0
31252118,31237,1,394,0,-377,-2547,-3374,2056,7,31237,0
31262118,31247,1,390,0,-340,-1548,-2388,2057,7,31247,0
31272118,31257,1,387,0,-369,-523,-1391,2058,7,31257,0
31282130,31267,1,383,0,-377,511,-590,2059,7,31267,0
31292118,31277,1,381,0,-223,1536,73,2060,7,31277,0
31302118,31287,1,381,0,-54,2538,1313,2062,7,31287,0
31312122,31297,1,377,0,-355,3497,2739,2063,7,31297,0
31322118,31307,1,375,0,-282,4398,3589,2064,7,31307,0
31332123,31317,1,372,0,-260,5226,4351,2065,7,31317,0
31342117,31327,1,370,0,-238,5966,5387,2066,7,31327,0
31352128,31337,1,369,0,-157,6607,6031,2068,7,31337,0
31362118,31347,1,368,0,-106,7135,6549,2069,7,31347,0
31372118,31357,1,367,0,-54,7544,7115,2070,7,31357,0
31382126,31367,1,367,0,-18,7826,7526,2071,7,31367,0
31392118,31377,1,368,0,47,7975,7750,2072,7,31377,0
31402120,31387,1,369,0,106,7989,7858,2074,7,31387,0
31412118,31397,1,370,0,142,7868,8004,2075,7,31397,0
31422126,31407,1,372,0,164,7612,7663,2076,7,31407,0
31432119,31417,1,374,0,208,7228,7487,2077,7,31417,0
31442118,31427,1,377,0,238,6720,7223,2078,7,31427,0
31452123,31437,1,379,0,282,6097,6598,2080,7,31437,0
31462118,31447,1,382,0,289,5370,6080,2081,7,31447,0
31472118,31457,1,385,0,311,4551,5240,2082,7,31457,0
31482118,31467,1,389,0,304,3653,4371,2083,7,31467,0
31492126,31477,1,393,0,406,2692,3404,2084,7,31477,0
31502120,31487,1,396,0,369,1685,2515,2086,7,31487,0
31512118,31497,1,400,0,347,649,1548,2087,7,31497,0
31522125,31507,1,403,0,340,-400,678,2088,7,31507,0
31532119,31517,1,406,0,267,-1441,-53,2089,7,31517,0
31542118,31527,1,407,0,40,-2459,-1069,2090,7,31527,0
31552118,31537,1,409,0,260,-3436,-3042,2092,7,31537,0
31562126,31547,1,412,0,296,-4354,-3648,2093,7,31547,0
31572122,31557,1,414,0,238,-5196,-4576,2094,7,31557,0
31582117,31567,1,416,0,150,-5949,-5328,2095,7,31567,0
31592121,31577,1,418,0,142,-6601,-5894,2096,7,31577,0
31602118,31587,1,418,0,54,-7137,-6647,2098,7,31587,0
31612118,31597,1,419,0,32,-7550,-7125,2099,7,31597,0
31622122,31607,1,418,0,-18,-7832,-7555,2100,7,31607,0
31632127,31617,1,418,0,-54,-7978,-7780,2101,7,31617,0
31642120,31627,1,417,0,-91,-7985,-7946,2102,7,31627,0
31652118,31637,1,416,0,-157,-7853,-7868,2104,7,31637,0
31662122,31647,1,414,0,-179,-7584,-7829,2105,7,31647,0
31672122,31657,1,412,0,-223,-7182,-7457,2106,7,31657,0
31682118,31667,1,409,0,-274,-6654,-7028,2107,7,31667,0
31692120,31677,1,406,0,-311,-6009,-6393,2108,7,31677,0
31702126,31687,1,403,0,-355,-5258,-5855,2110,7,31687,0
31712118,31697,1,400,0,-377,-4415,-5064,2111,7,31697,0
31722118,31707,1,396,0,-347,-3494,-4263,2112,7,31707,0
31732123,31717,1,393,0,-355,-2510,-3267,2113,7,31717,0
31742119,31727,1,389,0,-399,-1482,-2339,2114,7,31727,0
31752118,31737,1,385,0,-347,-427,-1431,2116,7,31737,0
31762118,31747,1,382,0,-326,635,-551,2117,7,31747,0
31772126,31757,1,381,0,-98,1688,53,2118,7,31757,0
31782117,31767,1,380,0,-106,2710,1782,2119,7,31767,0
31792120,31777,1,377,0,-260,3686,2827,2120,7,31777,0
31802122,31787,1,374,0,-252,4598,3824,2122,7,31787,0
31812122,31797,1,372,0,-194,5427,4654,2123,7,31797,0
31822118,31807,1,369,0,-186,6161,5396,2124,7,31807,0
31832119,31817,1,368,0,-172,6785,6139,2125,7,31817,0
31842126,31827,1,367,0,-91,7289,6764,2126,7,31827,0
31852118,31837,1,367,0,-32,7663,7242,2128,7,31837,0
31862122,31847,1,367,0,3,7901,7633,2129,7,31847,0
31872122,31857,1,367,0,47,7997,7848,2130,7,31857,0
31882118,31867,1,369,0,106,7951,7907,2131,7,31867,0
31892118,31877,1,370,0,157,7762,7946,2132,7,31877,0
31902118,31887,1,372,0,186,7433,7536,2134,7,31887,0
31912130,31897,1,374,0,208,6970,7272,2135,7,31897,0
31922118,31907,1,377,0,245,6383,6940,2136,7,31907,0
31932121,31917,1,380,0,282,5680,6256,2137,7,31917,0
31942122,31927,1,383,0,267,4874,5611,2138,7,31927,0
31952118,31937,1,386,0,289,3980,4693,2140,7,31937,0
31962122,31947,1,389,0,333,3013,3746,2141,7,31947,0
31972117,31957,1,393,0,391,1992,2827,2142,7,31957,0
31982128,31967,1,397,0,326,933,1880,2143,7,31967,0
31992118,31977,1,400,0,340,-141,854,2144,7,31977,0
32002118,31987,1,404,0,326,-1214,131,2146,7,31987,0
32012121,31997,1,404,0,-10,-2267,-659,2147,7,31997,0
32022118,32007,1,405,0,150,-3278,-2720,2148,7,32007,0
32032121,32017,1,408,0,208,-4231,-3394,2149,7,32017,0
32042118,32027,1,410,0,186,-5107,-4322,2150,7,32027,0
32052126,32037,1,412,0,172,-5891,-5054,2152,7,32037,0
32062118,32047,1,414,0,164,-6566,-5963,2153,7,32047,0
32072118,32057,1,415,0,76,-7123,-6588,2154,7,32057,0
32082124,32067,1,415,0,25,-7549,-7096,2155,7,32067,0
32092118,32077,1,415,0,-18,-7837,-7545,2156,7,32077,0
32102122,32087,1,415,0,-62,-7982,-7829,2158,7,32087,0
32112118,32097,1,413,0,-150,-7980,-7868,2159,7,32097,0
32122126,32107,1,412,0,-157,-7831,-7897,2160,7,32107,0
32132119,32117,1,410,0,-216,-7539,-7663,2161,7,32117,0
32142118,32127,1,408,0,-223,-7107,-7457,2162,7,32127,0
32152125,32137,1,405,0,-260,-6543,-7018,2164,7,32137,0
32162118,32147,1,402,0,-274,-5859,-6500,2165,7,32147,0
32172118,32157,1,399,0,-296,-5066,-5728,2166,7,32157,0
32182118,32167,1,396,0,-311,-4179,-4888,2167,7,32167,0
32192126,32177,1,392,0,-369,-3213,-4000,2168,7,32177,0
32202122,32187,1,389,0,-384,-2188,-3052,2170,7,32187,0
32212118,32197,1,385,0,-340,-1122,-2056,2171,7,32197,0
32222123,32207,1,381,0,-355,-33,-1030,2172,7,32207,0
32232119,32217,1,379,0,-296,1054,-317,2173,7,32217,0
32242118,32227,1,378,0,-47,2125,551,2174,7,32227,0
32252122,32237,1,376,0,-252,3156,2661,2176,7,32237,0
32262126,32247,1,373,0,-326,4129,3296,2177,7,32247,0
32272120,32257,1,370,0,-289,5025,4341,2178,7,32257,0
32282118,32267,1,368,0,-230,5827,5181,2179,7,32267,0
32292122,32277,1,366,0,-150,6521,5885,2180,7,32277,0
32302118,32287,1,365,0,-135,7093,6549,2182,7,32287,0
32312117,32297,1,364,0,-69,7532,7096,2183,7,32297,0
32322120,32307,1,364,0,-3,7830,7506,2184,7,32307,0
32332127,32317,1,365,0,40,7981,7770,2185,7,32317,0
32342118,32327,1,366,0,76,7981,7877,2186,7,32327,0
32352118,32337,1,367,0,128,7831,7858,2188,7,32337,0
32362122,32347,1,369,0,164,7532,7692,2189,7,32347,0
32372119,32357,1,371,0,194,7092,7536,2190,7,32357,0
32382118,32367,1,373,0,260,6517,6881,2191,7,32367,0
32392122,32377,1,376,0,304,5818,6324,2192,7,32377,0
32402124,32387,1,379,0,311,5008,5523,2194,7,32387,0
32412118,32397,1,382,0,355,4104,4840,2195,7,32397,0
32422118,32407,1,385,0,362,3120,3863,2196,7,32407,0
32432123,32417,1,389,0,318,2076,2984,2197,7,32417,0
32442122,32427,1,392,0,289,993,1919,2198,7,32427,0
32452118,32437,1,395,0,296,-108,932,2200,7,32437,0
32462118,32447,1,397,0,201,-1210,210,2201,7,32447,0
32472124,32457,1,399,0,120,-2290,-884,2202,7,32457,0
32482118,32467,1,400,0,186,-3325,-2759,2203,7,32467,0
32492122,32477,1,402,0,216,-4298,-3462,2204,7,32477,0
32502122,32487,1,405,0,179,-5189,-4400,2206,7,32487,0
32512120,32497,1,407,0,194,-5980,-5152,2207,7,32497,0
32522118,32507,1,408,0,128,-6657,-6070,2208,7,32507,0
32532119,32517,1,409,0,76,-7207,-6676,2209,7,32517,0
32542128,32527,1,409,0,18,-7619,-7203,2210,7,32527,0
32552118,32537,1,409,0,-10,-7883,-7614,2212,7,32537,0
32562119,32547,1,409,0,-84,-7995,-7819,2213,7,32547,0
32572122,32557,1,407,0,-128,-7954,-7838,2214,7,32557,0
32582118,32567,1,406,0,-142,-7758,-7887,2215,7,32567,0
32592117,32577,1,404,0,-186,-7412,-7623,2216,7,32577,0
32602118,32587,1,402,0,-216,-6923,-7213,2218,7,32587,0
32612127,32597,1,400,0,-230,-6298,-6783,2219,7,32597,0
32622118,32607,1,397,0,-267,-5552,-6236,2220,7,32607,0
32632119,32617,1,394,0,-267,-4696,-5435,2221,7,32617,0
32642125,32627,1,391,0,-282,-3749,-4566,2222,7,32627,0
32652118,32637,1,387,0,-318,-2729,-3560,2224,7,32637,0
32662120,32647,1,384,0,-362,-1654,-2485,2225,7,32647,0
32672118,32657,1,380,0,-362,-547,-1577,2226,7,32657,0
32682128,32667,1,377,0,-326,572,-610,2227,7,32667,0
32692118,32677,1,375,0,-223,1678,141,2228,7,32677,0
32702118,32687,1,375,0,10,2754,1372,2230,7,32687,0
32712123,32697,1,372,0,-318,3777,3140,2231,7,32697,0
32722118,32707,1,370,0,-282,4725,4039,2232,7,32707,0
32732123,32717,1,368,0,-238,5582,4888,2233,7,32717,0
32742118,32727,1,366,0,-157,6328,5660,2234,7,32727,0
32752123,32737,1,365,0,-120,6951,6393,2236,7,32737,0
32762118,32747,1,364,0,-62,7437,6969,2237,7,32747,0
32772118,32757,1,364,0,-10,7777,7409,2238,7,32757,0
32782125,32767,1,365,0,40,7963,7721,2239,7,32767,0
32792117,32777,1,366,0,91,7991,7858,2240,7,32777,0
32802119,32787,1,367,0,128,7862,7887,2242,7,32787,0
32812118,32797,1,369,0,164,7577,7711,2243,7,32797,0
32822124,32807,1,371,0,201,7140,7575,2244,7,32807,0
32832123,32817,1,373,0,260,6562,6949,2245,7,32817,0
32842118,32827,1,376,0,296,5854,6373,2246,7,32827,0
32852123,32837,1,379,0,318,5028,5543,2248,7,32837,0
32862118,32847,1,382,0,355,4102,4849,2249,7,32847,0
32872118,32857,1,385,0,347,3093,3853,2250,7,32857,0
32882122,32867,1,388,0,311,2022,2974,2251,7,32867,0
32892124,32877,1,392,0,282,910,1870,2252,7,32877,0
32902121,32887,1,395,0,274,-219,893,2254,7,32887,0
32912118,32897,1,397,0,164,-1346,190,2255,7,32897,0
32922122,32907,1,397,0,91,-2447,-1128,2256,7,32907,0
32932123,32917,1,399,0,230,-3499,-2778,2257,7,32917,0
32942118,32927,1,402,0,201,-4481,-3560,2258,7,32927,0
32952120,32937,1,404,0,194,-5374,-4537,2260,7,32937,0
32962124,32947,1,406,0,208,-6159,-5377,2261,7,32947,0
32972121,32957,1,407,0,91,-6820,-6197,2262,7,32957,0
32982118,32967,1,408,0,69,-7343,-6832,2263,7,32967,0
32992122,32977,1,409,0,32,-7719,-7350,2264,7,32977,0
33002119,32987,1,408,0,-32,-7939,-7692,2266,7,32987,0
33012118,32997,1,407,0,-76,-7998,-7829,2267,7,32997,0
33022122,33007,1,407,0,-106,-7895,-7916,2268,7,33007,0
33032125,33017,1,405,0,-157,-7632,-7760,2269,7,33017,0
33042118,33027,1,403,0,-186,-7214,-7653,2270,7,33027,0
33052120,33037,1,401,0,-223,-6649,-7008,2272,7,33037,0
33062122,33047,1,399,0,-260,-5948,-6373,2273,7,33047,0
33072121,33057,1,396,0,-267,-5125,-5660,2274,7,33057,0
33082117,33067,1,393,0,-289,-4199,-4849,2275,7,33067,0
33092119,33077,1,390,0,-304,-3185,-3863,2276,7,33077,0
33102124,33087,1,387,0,-347,-2105,-2974,2278,7,33087,0
33112118,33097,1,383,0,-355,-983,-1938,2279,7,33097,0
33122122,33107,1,380,0,-326,160,-991,2280,7,33107,0
33132123,33117,1,378,0,-252,1301,-161,2281,7,33117,0
33142120,33127,1,378,0,-10,2415,893,2282,7,33127,0
33152118,33137,1,376,0,-238,3481,2935,2284,7,33137,0
33162118,33147,1,374,0,-230,4475,3677,2285,7,33147,0
33172127,33157,1,372,0,-179,5379,4556,2286,7,33157,0
33182118,33167,1,370,0,-157,6171,5426,2287,7,33167,0
33192120,33177,1,369,0,-113,6837,6207,2288,7,33177,0
33202122,33187,1,368,0,-62,7362,6754,2290,7,33187,0
33212118,33197,1,368,0,-10,7734,7321,2291,7,33197,0
33222122,33207,1,368,0,32,7947,7692,2292,7,33207,0
33232119,33217,1,369,0,84,7996,7887,2293,7,33217,0
33242126,33227,1,370,0,113,7878,7985,2294,7,33227,0
33252118,33237,1,372,0,142,7598,7663,2296,7,33237,0
33262119,33247,1,374,0,194,7159,7467,2297,7,33247,0
33272121,33257,1,376,0,230,6570,7145,2298,7,33257,0
33282117,33267,1,379,0,267,5845,6295,2299,7,33267,0
33292120,33277,1,382,0,311,4997,5621,2300,7,33277,0
33302118,33287,1,384,0,333,4045,4673,2302,7,33287,0
33312126,33297,1,388,0,355,3007,3843,2303,7,33297,0
33322118,33307,1,391,0,333,1907,2778,2304,7,33307,0
33332119,33317,1,394,0,289,766,1841,2305,7,33317,0
33342123,33327,1,397,0,267,-392,796,2306,7,33327,0
33352118,33337,1,399,0,172,-1542,4,2308,7,33337,0
33362121,33347,1,399,0,25,-2660,-1333,2309,7,33347,0
33372117,33357,1,401,0,304,-3723,-2905,2310,7,33357,0
33382124,33367,1,404,0,267,-4709,-3980,2311,7,33367,0
33392118,33377,1,405,0,186,-5595,-4869,2312,7,33377,0
33402118,33387,1,407,0,128,-6365,-5621,2314,7,33387,0
33412125,33397,1,408,0,91,-7000,-6471,2315,7,33397,0
33422118,33407,1,408,0,32,-7487,-7028,2316,7,33407,0
33432119,33417,1,408,0,-10,-7817,-7496,2317,7,33417,0
33442118,33427,1,408,0,-47,-7981,-7760,2318,7,33427,0
33452124,33437,1,407,0,-84,-7976,-7907,2320,7,33437,0
33462121,33447,1,406,0,-142,-7801,-7907,2321,7,33447,0
33472118,33457,1,404,0,-172,-7461,-7672,2322,7,33457,0
33482123,33467,1,402,0,-208,-6962,-7282,2323,7,33467,0
33492118,33477,1,400,0,-216,-6315,-6852,2324,7,33477,0
33502118,33487,1,397,0,-252,-5533,-6305,2326,7,33487,0
33512122,33497,1,394,0,-296,-4632,-5406,2327,7,33497,0
33522124,33507,1,391,0,-296,-3631,-4586,2328,7,33507,0
33532121,33517,1,388,0,-304,-2553,-3511,2329,7,33517,0
33542118,33527,1,385,0,-304,-1420,-2417,2330,7,33527,0
33552122,33537,1,382,0,-289,-256,-1313,2332,7,33537,0
33562118,33547,1,380,0,-216,913,-522,2333,7,33547,0
33572118,33557,1,379,0,-84,2065,424,2334,7,33557,0
33582120,33567,1,378,0,-54,3173,2124,2335,7,33567,0
33592124,33577,1,375,0,-267,4213,3326,2336,7,33577,0
33602118,33587,1,373,0,-260,5163,4341,2338,7,33587,0
33612118,33597,1,372,0,-164,6002,5289,2339,7,33597,0
33622122,33607,1,370,0,-120,6712,6021,2340,7,33607,0
33632120,33617,1,369,0,-84,7277,6725,2341,7,33617,0
33642118,33627,1,369,0,-10,7686,7262,2342,7,33627,0
33652122,33637,1,369,0,47,7928,7614,2344,7,33637,0
33662124,33647,1,370,0,84,7999,7877,2345,7,33647,0
33672118,33657,1,371,0,120,7896,7848,2346,7,33657,0
33682118,33667,1,373,0,150,7622,7809,2347,7,33667,0
33692122,33677,1,375,0,208,7182,7409,2348,7,33677,0
33702122,33687,1,377,0,208,6586,6989,2350,7,33687,0
33712118,33697,1,380,0,238,5846,6422,2351,7,33697,0
33722118,33707,1,382,0,238,4978,5758,2352,7,33707,0
33732125,33717,1,385,0,267,4001,4820,2353,7,33717,0
33742118,33727,1,389,0,260,2937,3853,2354,7,33727,0
33752121,33737,1,392,0,318,1807,2739,2356,7,33737,0
33762122,33747,1,395,0,318,637,1597,2357,7,33747,0
33772120,33757,1,398,0,311,-546,649,2358,7,33757,0
33782118,33767,1,400,0,179,-1718,-170,2359,7,33767,0
33792118,33777,1,401,0,54,-2854,-1411,2360,7,33777,0
33802143,33787,1,402,0,201,-3930,-3345,2362,7,33787,0
33812118,33797,1,405,0,186,-4915,-4097,2363,7,33797,0
33822119,33807,1,407,0,186,-5795,-4908,2364,7,33807,0
33832123,33817,1,409,0,157,-6548,-5934,2365,7,33817,0
33842118,33827,1,409,0,76,-7156,-6608,2366,7,33827,0
33852118,33837,1,410,0,25,-7607,-7135,2368,7,33837,0
33862118,33847,1,410,0,3,-7890,-7614,2369,7,33847,0
33872139,33857,1,409,0,-62,-7998,-7887,2370,7,33857,0
33882118,33867,1,408,0,-120,-7930,-7868,2371,7,33867,0
33892118,33877,1,407,0,-157,-7685,-7829,2372,7,33877,0
33902122,33887,1,405,0,-194,-7270,-7526,2374,7,33887,0
33912118,33897,1,403,0,-194,-6693,-7223,2375,7,33897,0
33922119,33907,1,400,0,-260,-5967,-6568,2376,7,33907,0
33932119,33917,1,397,0,-304,-5108,-5904,2377,7,33917,0
33942143,33927,1,394,0,-311,-4132,-4967,2378,7,33927,0
33952118,33937,1,391,0,-318,-3068,-4068,2380,7,33937,0
33962118,33947,1,388,0,-318,-1933,-2925,2381,7,33947,0
33972122,33957,1,385,0,-289,-753,-1821,2382,7,33957,0
33982118,33967,1,382,0,-289,442,-796,2383,7,33967,0
33992121,33977,1,381,0,-135,1629,-73,2384,7,33977,0
34002118,33987,1,381,0,3,2780,1479,2386,7,33987,0
34012136,33997,1,378,0,-289,3872,3023,2387,7,33997,0
34022118,34007,1,376,0,-260,4873,4146,2388,7,34007,0
34032119,34017,1,374,0,-164,5767,4996,2389,7,34017,0
34042125,34027,1,373,0,-128,6532,5738,2390,7,34027,0
34052118,34037,1,372,0,-91,7149,6598,2392,7,34037,0
34062119,34047,1,371,0,-32,7606,7155,2393,7,34047,0
34072118,34057,1,371,0,-10,7892,7575,2394,7,34057,0
34082138,34067,1,372,0,32,7999,7799,2395,7,34067,0
34092122,34077,1,373,0,84,7925,7926,2396,7,34077,0
34102118,34087,1,374,0,128,7672,7809,2398,7,34087,0
34112123,34097,1,376,0,164,7244,7643,2399,7,34097,0
34122118,34107,1,378,0,201,6653,6940,2400,7,34107,0
34132119,34117,1,380,0,208,5909,6422,2401,7,34117,0
34142118,34127,1,382,0,208,5032,5797,2402,7,34127,0
34152138,34137,1,385,0,252,4037,4869,2404,7,34137,0
34162120,34147,1,388,0,252,2953,3951,2405,7,34147,0
34172118,34157,1,391,0,252,1800,2837,2406,7,34157,0
34182122,34167,1,394,0,252,604,1724,2407,7,34167,0
34192117,34177,1,397,0,208,-603,708,2408,7,34177,0
34202118,34187,1,398,0,142,-1800,-180,2410,7,34187,0
34212120,34197,1,398,0,3,-2955,-1665,2411,7,34197,0
34222137,34207,1,400,0,267,-4046,-3247,2412,7,34207,0
34232123,34217,1,402,0,157,-5040,-4263,2413,7,34217,0
34242118,34227,1,404,0,150,-5921,-5133,2414,7,34227,0
34252122,34237,1,405,0,120,-6666,-6021,2416,7,34237,0
34262118,34247,1,406,0,54,-7258,-6686,2417,7,34247,0
34272118,34257,1,406,0,18,-7684,-7262,2418,7,34257,0
34282121,34267,1,406,0,-25,-7932,-7633,2419,7,34267,0
34292137,34277,1,405,0,-69,-7997,-7877,2420,7,34277,0
34302118,34287,1,404,0,-98,-7878,-7975,2422,7,34287,0
34312118,34297,1,403,0,-157,-7577,-7770,2423,7,34297,0
34322122,34307,1,401,0,-172,-7100,-7438,2424,7,34307,0
34332123,34317,1,399,0,-230,-6458,-6862,2425,7,34317,0
34342118,34327,1,396,0,-238,-5667,-6207,2426,7,34327,0
34352120,34337,1,394,0,-260,-4743,-5465,2428,7,34337,0
34362137,34347,1,391,0,-252,-3706,-4566,2429,7,34347,0
34372118,34357,1,388,0,-260,-2587,-3531,2430,7,34357,0
34382122,34367,1,385,0,-252,-1405,-2407,2431,7,34367,0
34392122,34377,1,382,0,-282,-189,-1284,2432,7,34377,0
34402120,34387,1,380,0,-179,1030,-503,2434,7,34387,0
34412118,34397,1,379,0,-76,2226,600,2435,7,34397,0
34422118,34407,1,379,0,-47,3372,2329,2436,7,34407,0
34432144,34417,1,376,0,-252,4442,3570,2437,7,34417,0
34442118,34427,1,374,0,-230,5402,4625,2438,7,34427,0
34452120,34437,1,372,0,-142,6240,5426,2440,7,34437,0
34462122,34447,1,371,0,-135,6932,6305,2441,7,34447,0
34472118,34457,1,370,0,-76,7460,6969,2442,7,34457,0
34482118,34467,1,370,0,-18,7814,7457,2443,7,34467,0
34492118,34477,1,371,0,40,7984,7741,2444,7,34477,0
34502141,34487,1,371,0,76,7966,7829,2446,7,34487,0
34512118,34497,1,373,0,113,7760,7868,2447,7,34497,0
34522121,34507,1,374,0,150,7371,7594,2448,7,34507,0
34532123,34517,1,376,0,186,6807,7330,2449,7,34517,0
34542118,34527,1,379,0,238,6083,6549,2450,7,34527,0
34552118,34537,1,381,0,267,5214,5797,2452,7,34537,0
34562118,34547,1,384,0,252,4221,4879,2453,7,34547,0
34572142,34557,1,386,0,282,3124,3902,2454,7,34557,0
34582118,34567,1,389,0,267,1958,2798,2455,7,34567,0
34592118,34577,1,392,0,274,743,1772,2456,7,34577,0
34602122,34587,1,395,0,245,-491,776,2458,7,34587,0
34612118,34597,1,396,0,54,-1713,34,2459,7,34597,0
34622122,34607,1,396,0,25,-2896,-1675,2460,7,34607,0
34632119,34617,1,399,0,252,-4010,-3120,2461,7,34617,0
34642140,34627,1,400,0,238,-5031,-4175,2462,7,34627,0
34652118,34637,1,402,0,135,-5927,-5133,2464,7,34637,0
34662117,34647,1,403,0,120,-6685,-6021,2465,7,34647,0
34672126,34657,1,404,0,54,-7283,-6774,2466,7,34657,0
34682118,34667,1,404,0,3,-7707,-7311,2467,7,34667,0
34692120,34677,1,404,0,-47,-7945,-7663,2468,7,34677,0
34702118,34687,1,403,0,-76,-7993,-7848,2470,7,34687,0
34712139,34697,1,402,0,-113,-7849,-7868,2471,7,34697,0
34722118,34707,1,400,0,-157,-7516,-7741,2472,7,34707,0
34732119,34717,1,398,0,-208,-7002,-7457,2473,7,34717,0
34742124,34727,1,396,0,-223,-6318,-6705,2474,7,34727,0
34752118,34737,1,394,0,-245,-5482,-6080,2476,7,34737,0
34762118,34747,1,391,0,-245,-4513,-5279,2477,7,34747,0
34772118,34757,1,388,0,-252,-3434,-4293,2478,7,34757,0
34782138,34767,1,385,0,-260,-2269,-3228,2479,7,34767,0
34792119,34777,1,382,0,-274,-1053,-2105,2480,7,34777,0
34802118,34787,1,379,0,-267,190,-1001,2482,7,34787,0
34812126,34797,1,377,0,-230,1431,-92,2483,7,34797,0
34822118,34807,1,376,0,-3,2636,884,2484,7,34807,0
34832119,34817,1,376,0,-76,3779,2984,2485,7,34817,0
34842118,34827,1,373,0,-260,4830,3931,2486,7,34827,0
34852138,34837,1,371,0,-186,5765,5035,2488,7,34837,0
34862122,34847,1,370,0,-135,6558,5807,2489,7,34847,0
34872118,34857,1,369,0,-106,7191,6578,2490,7,34857,0
34882122,34867,1,368,0,-54,7650,7155,2491,7,34867,0
34892118,34877,1,369,0,18,7921,7614,2492,7,34877,0
34902118,34887,1,369,0,47,7998,7829,2494,7,34887,0
34912122,34897,1,370,0,106,7880,7956,2495,7,34897,0
34922139,34907,1,371,0,135,7567,7721,2496,7,34907,0
34932121,34917,1,373,0,164,7070,7457,2497,7,34917,0
34942118,34927,1,376,0,230,6398,6862,2498,7,34927,0
34952122,34937,1,377,0,216,5568,6080,2500,7,34937,0
34962122,34947,1,380,0,230,4600,5318,2501,7,34947,0
34972117,34957,1,383,0,223,3520,4420,2502,7,34957,0
34982119,34967,1,385,0,238,2351,3316,2503,7,34967,0
34992138,34977,1,388,0,208,1121,2261,2504,7,34977,0
35002119,34987,1,391,0,230,-131,1089,2506,7,34987,0
35012121,34997,1,394,0,201,-1384,210,2507,7,34997,0
35022122,35007,1,393,0,-32,-2604,-1040,2508,7,35007,0
35032121,35017,1,395,0,201,-3759,-3013,2509,7,35017,0
35042118,35027,1,397,0,164,-4821,-3931,2510,7,35027,0
35052118,35037,1,398,0,157,-5765,-4908,2512,7,35037,0
35062142,35047,1,399,0,120,-6567,-5855,2513,7,35047,0
35072118,35057,1,400,0,62,-7202,-6549,2514,7,35057,0
35082120,35067,1,400,0,10,-7660,-7194,2515,7,35067,0
35092122,35077,1,400,0,-25,-7928,-7653,2516,7,35077,0
35102122,35087,1,400,0,-76,-7997,-7887,2518,7,35087,0
35112118,35097,1,399,0,-106,-7867,-7956,2519,7,35097,0
35122118,35107,1,397,0,-135,-7540,-7760,2520,7,35107,0
35132141,35117,1,395,0,-179,-7022,-7369,2521,7,35117,0
35142118,35127,1,394,0,-208,-6332,-6793,2522,7,35127,0
35152122,35137,1,391,0,-223,-5480,-6168,2524,7,35137,0
35162121,35147,1,389,0,-238,-4491,-5328,2525,7,35147,0
35172118,35157,1,386,0,-260,-3388,-4400,2526,7,35157,0
35182120,35167,1,383,0,-267,-2199,-3277,2527,7,35167,0
35192118,35177,1,380,0,-267,-955,-2163,2528,7,35177,0
35202142,35187,1,377,0,-289,316,-923,2530,7,35187,0
35212118,35197,1,375,0,-245,1575,-34,2531,7,35197,0
35222120,35207,1,376,0,76,2798,1128,2532,7,35207,0
35232123,35217,1,374,0,-164,3951,3247,2533,7,35217,0
35242118,35227,1,372,0,-186,5003,3960,2534,7,35227,0
35252121,35237,1,371,0,-186,5930,5162,2536,7,35237,0
35262118,35247,1,369,0,-120,6707,5982,2537,7,35247,0
35272139,35257,1,369,0,-62,7315,6676,2538,7,35257,0
35282118,35267,1,369,0,-25,7736,7282,2539,7,35267,0
35292118,35277,1,369,0,32,7961,7682,2540,7,35277,0
35302126,35287,1,370,0,76,7984,7946,2542,7,35287,0
35312118,35297,1,371,0,113,7804,7887,2543,7,35297,0
35322120,35307,1,373,0,164,7424,7623,2544,7,35307,0
35332119,35317,1,374,0,186,6855,7194,2545,7,35317,0
35342134,35327,1,377,0,194,6110,6754,2546,7,35327,0
35352122,35337,1,379,0,238,5210,5953,2548,7,35337,0
35362118,35347,1,382,0,282,4175,5123,2549,7,35347,0
35372124,35357,1,385,0,296,3032,3970,2550,7,35357,0
35382118,35367,1,388,0,311,1813,2925,2551,7,35367,0
35392121,35377,1,390,0,318,545,1597,2552,7,35377,0
35402118,35387,1,393,0,296,-735,610,2554,7,35387,0
35412135,35397,1,394,0,18,-2002,-190,2555,7,35397,0
35422120,35407,1,394,0,32,-3213,-2095,2556,7,35407,0
35432119,35417,1,396,0,164,-4343,-3296,2557,7,35417,0
35442125,35427,1,398,0,186,-5363,-4439,2558,7,35427,0
35452118,35437,1,400,0,142,-6244,-5474,2560,7,35437,0
35462118,35447,1,401,0,91,-6964,-6227,2561,7,35447,0
35472120,35457,1,401,0,47,-7505,-6979,2562,7,35457,0
35482135,35467,1,401,0,-10,-7852,-7516,2563,7,35467,0
35492122,35477,1,401,0,-47,-7996,-7819,2564,7,35477,0
35502118,35487,1,400,0,-98,-7932,-7916,2566,7,35487,0
35512122,35497,1,399,0,-135,-7663,-7838,2567,7,35497,0
35522118,35507,1,397,0,-150,-7194,-7555,2568,7,35507,0
35532119,35517,1,395,0,-208,-6538,-7067,2569,7,35517,0
35542121,35527,1,393,0,-245,-5712,-6295,2570,7,35527,0
35552135,35537,1,390,0,-223,-4735,-5406,2572,7,35537,0
35562120,35547,1,388,0,-252,-3637,-4507,2573,7,35547,0
35572118,35557,1,385,0,-245,-2443,-3413,2574,7,35557,0
35582122,35567,1,382,0,-245,-1184,-2280,2575,7,35567,0
35592122,35577,1,380,0,-223,106,-1216,2576,7,35577,0
35602118,35587,1,377,0,-208,1394,-190,2578,7,35587,0
35612119,35597,1,378,0,40,2647,942,2579,7,35597,0
35622135,35607,1,377,0,-172,3832,3130,2580,7,35607,0
35632119,35617,1,375,0,-157,4914,3951,2581,7,35617,0
35642121,35627,1,373,0,-179,5870,4908,2582,7,35627,0
35652121,35637,1,372,0,-106,6671,5953,2584,7,35637,0
35662120,35647,1,371,0,-69,7297,6695,2585,7,35647,0
35672118,35657,1,371,0,-10,7731,7282,2586,7,35657,0
35682118,35667,1,371,0,18,7962,7682,2587,7,35667,0
35692135,35677,1,372,0,69,7982,7858,2588,7,35677,0
35702118,35687,1,373,0,120,7792,7877,2590,7,35687,0
35712119,35697,1,374,0,150,7396,7594,2591,7,35697,0
35722122,35707,1,376,0,157,6804,7340,2592,7,35707,0
35732119,35717,1,379,0,223,6031,6559,2593,7,35717,0
35742118,35727,1,381,0,252,5099,5719,2594,7,35727,0
35752117,35737,1,383,0,216,4031,4791,2596,7,35737,0
35762136,35747,1,386,0,230,2852,3775,2597,7,35747,0
35772118,35757,1,389,0,216,1602,2700,2598,7,35757,0
35782122,35767,1,391,0,208,306,1538,2599,7,35767,0
35792121,35777,1,394,0,216,-998,493,2600,7,35777,0
35802118,35787,1,394,0,-3,-2275,-483,2602,7,35787,0
35812118,35797,1,394,0,98,-3494,-2652,2603,7,35797,0
35822118,35807,1,396,0,142,-4619,-3589,2604,7,35807,0
35832139,35817,1,398,0,172,-5624,-4732,2605,7,35817,0
35842118,35827,1,399,0,106,-6474,-5689,2606,7,35827,0
35852118,35837,1,400,0,47,-7154,-6451,2608,7,35837,0
35862122,35847,1,400,0,18,-7642,-7145,2609,7,35847,0
35872118,35857,1,400,0,-25,-7926,-7614,2610,7,35857,0
35882122,35867,1,399,0,-69,-7996,-7877,2611,7,35867,0
35892117,35877,1,398,0,-106,-7852,-7965,2612,7,35877,0
35902136,35887,1,397,0,-135,-7496,-7682,2614,7,35887,0
35912118,35897,1,395,0,-157,-6939,-7409,2615,7,35897,0
35922118,35907,1,393,0,-208,-6195,-6725,2616,7,35907,0
35932127,35917,1,391,0,-216,-5281,-5924,2617,7,35917,0
35942118,35927,1,388,0,-238,-4227,-5094,2618,7,35927,0
35952120,35937,1,385,0,-245,-3057,-4097,2620,7,35937,0
35962118,35947,1,383,0,-245,-1804,-2935,2621,7,35947,0
35972135,35957,1,380,0,-238,-499,-1792,2622,7,35957,0
35982118,35967,1,377,0,-282,814,-571,2623,7,35967,0
35992118,35977,1,376,0,-194,2109,366,2624,7,35977,0
36002123,35987,1,377,0,69,3349,1968,2626,7,35987,0
36012118,35997,1,375,0,-179,4496,3726,2627,7,35997,0
36022118,36007,1,373,0,-194,5523,4556,2628,7,36007,0
36032119,36017,1,372,0,-128,6399,5650,2629,7,36017,0
36042135,36027,1,371,0,-106,7103,6451,2630,7,36027,0
36052119,36037,1,370,0,-54,7611,7106,2632,7,36037,0
36062118,36047,1,370,0,3,7913,7594,2633,7,36047,0
36072126,36057,1,371,0,54,7998,7829,2634,7,36057,0
36082118,36067,1,372,0,98,7865,7809,2635,7,36067,0
36092118,36077,1,373,0,120,7517,7750,2636,7,36077,0
36102118,36087,1,375,0,172,6962,7301,2638,7,36087,0
36112136,36097,1,377,0,186,6215,6852,2639,7,36097,0
36122121,36107,1,379,0,238,5300,6041,2640,7,36107,0
36132119,36117,1,382,0,296,4237,5094,2641,7,36117,0
36142122,36127,1,384,0,267,3057,3873,2642,7,36127,0
36152118,36137,1,387,0,267,1794,2749,2644,7,36137,0
36162118,36147,1,389,0,201,479,1626,2645,7,36147,0
36172121,36157,1,391,0,179,-848,649,2646,7,36157,0
36182137,36167,1,392,0,62,-2156,-366,2647,7,36167,0
36192119,36177,1,392,0,-10,-3400,-2153,2648,7,36177,0
36202118,36187,1,394,0,164,-4553,-3667,2650,7,36187,0
36212122,36197,1,395,0,142,-5580,-4576,2651,7,36197,0
36222121,36207,1,397,0,120,-6454,-5728,2652,7,36207,0
36232119,36217,1,397,0,69,-7148,-6510,2653,7,36217,0
36242120,36227,1,398,0,10,-7645,-7174,2654,7,36227,0
36252136,36237,1,398,0,-18,-7930,-7614,2656,7,36237,0
36262118,36247,1,397,0,-69,-7995,-7838,2657,7,36247,0
36272118,36257,1,396,0,-106,-7837,-7877,2658,7,36257,0
36282122,36267,1,395,0,-128,-7460,-7711,2659,7,36267,0
36292120,36277,1,393,0,-179,-6876,-7369,2660,7,36277,0
36302118,36287,1,391,0,-201,-6100,-6608,2662,7,36287,0
36312118,36297,1,389,0,-216,-5153,-5914,2663,7,36297,0
36322136,36307,1,386,0,-252,-4059,-5074,2664,7,36307,0
36332119,36317,1,383,0,-267,-2856,-3931,2665,7,36317,0
36342120,36327,1,381,0,-267,-1570,-2808,2666,7,36327,0
36352122,36337,1,377,0,-304,-239,-1460,2668,7,36337,0
36362121,36347,1,375,0,-296,1098,-385,2669,7,36347,0
36372118,36357,1,375,0,-3,2405,424,2670,7,36357,0
36382117,36367,1,376,0,-3,3646,2739,2671,7,36367,0
36392138,36377,1,373,0,-223,4787,3765,2672,7,36377,0
36402118,36387,1,371,0,-157,5789,4967,2674,7,36387,0
36412121,36397,1,370,0,-120,6631,5836,2675,7,36397,0
36422121,36407,1,369,0,-69,7287,6627,2676,7,36407,0
36432119,36417,1,369,0,-25,7736,7262,2677,7,36417,0
36442118,36427,1,370,0,40,7968,7682,2678,7,36427,0
36452118,36437,1,371,0,84,7974,7907,2680,7,36437,0
36462141,36447,1,372,0,113,7754,7780,2681,7,36447,0
36472118,36457,1,373,0,150,7316,7633,2682,7,36457,0
36482120,36467,1,376,0,216,6669,7125,2683,7,36467,0
36492122,36477,1,377,0,201,5833,6393,2684,7,36477,0
36502119,36487,1,380,0,223,4831,5621,2686,7,36487,0
36512122,36497,1,382,0,223,3691,4732,2687,7,36497,0
36522118,36507,1,385,0,252,2446,3531,2688,7,36507,0
36532139,36517,1,388,0,260,1127,2378,2689,7,36517,0
36542118,36527,1,390,0,282,-217,1010,2690,7,36527,0
36552118,36537,1,392,0,201,-1560,102,2692,7,36537,0
36562122,36547,1,392,0,3,-2860,-1245,2693,7,36547,0
36572118,36557,1,394,0,157,-4077,-3257,2694,7,36557,0
36582120,36567,1,395,0,186,-5179,-4107,2695,7,36567,0
36592118,36577,1,397,0,142,-6132,-5347,2696,7,36577,0
36602136,36587,1,398,0,106,-6912,-6217,2698,7,36587,0
36612118,36597,1,399,0,32,-7492,-6930,2699,7,36597,0
36622118,36607,1,399,0,10,-7858,-7506,2700,7,36607,0
36632125,36617,1,398,0,-47,-7998,-7848,2701,7,36617,0
36642118,36627,1,397,0,-98,-7909,-7887,2702,7,36627,0
36652122,36637,1,396,0,-142,-7591,-7750,2704,7,36637,0
36662118,36647,1,394,0,-172,-7055,-7448,2705,7,36647,0
36672136,36657,1,392,0,-208,-6314,-6998,2706,7,36657,0
36682118,36667,1,390,0,-238,-5393,-5982,2707,7,36667,0
36692118,36677,1,388,0,-245,-4315,-5094,2708,7,36677,0
36702126,36687,1,385,0,-216,-3110,-4058,2710,7,36687,0
36712117,36697,1,382,0,-238,-1817,-2905,2711,7,36697,0
36722118,36707,1,380,0,-216,-469,-1763,2712,7,36707,0
36732119,36717,1,377,0,-230,891,-600,2713,7,36717,0
36742123,36727,1,376,0,-164,2228,405,2714,7,36727,0
36752122,36737,1,377,0,54,3500,2134,2716,7,36737,0
36762118,36747,1,375,0,-179,4671,3863,2717,7,36747,0
36772124,36757,1,373,0,-208,5707,4771,2718,7,36757,0
36782118,36767,1,372,0,-128,6577,5807,2719,7,36767,0
36792118,36777,1,371,0,-91,7255,6617,2720,7,36777,0
36802122,36787,1,371,0,-47,7723,7262,2722,7,36787,0
36812136,36797,1,371,0,10,7965,7682,2723,7,36797,0
36822120,36807,1,371,0,47,7975,7858,2724,7,36807,0
36832119,36817,1,372,0,91,7751,7838,2725,7,36817,0
36842122,36827,1,374,0,135,7301,7594,2726,7,36827,0
36852118,36837,1,376,0,172,6636,7164,2728,7,36837,0
36862118,36847,1,377,0,186,5777,6354,2729,7,36847,0
36872120,36857,1,379,0,201,4747,5582,2730,7,36857,0
36882135,36867,1,382,0,238,3576,4673,2731,7,36867,0
36892118,36877,1,384,0,282,2303,3286,2732,7,36877,0
36902118,36887,1,387,0,274,960,2007,2734,7,36887,0
36912122,36897,1,389,0,164,-411,971,2735,7,36897,0
36922120,36907,1,390,0,135,-1772,-14,2736,7,36907,0
36932119,36917,1,390,0,-40,-3081,-1587,2737,7,36917,0
36942122,36927,1,391,0,142,-4299,-3433,2738,7,36927,0
36952128,36937,1,393,0,135,-5392,-4420,2740,7,36937,0
36962118,36947,1,394,0,113,-6324,-5494,2741,7,36947,0
36972118,36957,1,395,0,62,-7070,-6354,2742,7,36957,0
36982122,36967,1,395,0,3,-7607,-7086,2743,7,36967,0
36992121,36977,1,395,0,-18,-7919,-7584,2744,7,36977,0
37002118,36987,1,394,0,-69,-7996,-7858,2746,7,36987,0
37012118,36997,1,393,0,-113,-7835,-7965,2747,7,36997,0
37022140,37007,1,392,0,-150,-7440,-7711,2748,7,37007,0
37032119,37017,1,390,0,-194,-6826,-7272,2749,7,37017,0
37042122,37027,1,388,0,-208,-6007,-6578,2750,7,37027,0
37052121,37037,1,385,0,-208,-5008,-5797,2752,7,37037,0
37062119,37047,1,383,0,-230,-3860,-4859,2753,7,37047,0
37072118,37057,1,381,0,-260,-2597,-3775,2754,7,37057,0
37082118,37067,1,378,0,-282,-1255,-2466,2755,7,37067,0
37092142,37077,1,375,0,-267,128,-1225,2756,7,37077,0
37102118,37087,1,374,0,-157,1502,-210,2758,7,37087,0
37112120,37097,1,373,0,-10,2835,1098,2759,7,37097,0
37122122,37107,1,373,0,-69,4083,3179,2760,7,37107,0
37132119,37117,1,371,0,-172,5209,4341,2761,7,37117,0
37142122,37127,1,369,0,-128,6180,5260,2762,7,37127,0
37152118,37137,1,369,0,-106,6964,6188,2764,7,37137,0
37162129,37147,1,368,0,-40,7540,6930,2765,7,37147,0
37172118,37157,1,368,0,-3,7888,7526,2766,7,37157,0
37182118,37167,1,368,0,40,7999,7809,2767,7,37167,0
37192126,37177,1,369,0,91,7869,7897,2768,7,37177,0
37202118,37187,1,371,0,128,7501,7819,2770,7,37187,0
37212120,37197,1,372,0,172,6906,7242,2771,7,37197,0
37222118,37207,1,374,0,201,6102,6705,2772,7,37207,0
37232145,37217,1,376,0,201,5110,6041,2773,7,37217,0
37242118,37227,1,379,0,252,3969,4810,2774,7,37227,0
37252118,37237,1,381,0,274,2703,3658,2776,7,37237,0
37262124,37247,1,383,0,201,1354,2417,2777,7,37247,0
37272118,37257,1,385,0,186,-34,1304,2778,7,37257,0
37282122,37267,1,388,0,201,-1423,258,2779,7,37267,0
37292118,37277,1,387,0,-76,-2770,-1010,2780,7,37277,0
37302125,37287,1,388,0,120,-4033,-3150,2782,7,37287,0
37312120,37297,1,390,0,157,-5173,-4048,2783,7,37297,0
37322118,37307,1,391,0,113,-6156,-5357,2784,7,37307,0
37332122,37317,1,392,0,62,-6951,-6236,2785,7,37317,0
37342117,37327,1,392,0,40,-7535,-6979,2786,7,37327,0
37352119,37337,1,392,0,-10,-7888,-7565,2788,7,37337,0
37362118,37347,1,392,0,-69,-7999,-7838,2789,7,37347,0
37372121,37357,1,391,0,-91,-7866,-7868,2790,7,37357,0
37382122,37367,1,389,0,-135,-7491,-7770,2791,7,37367,0
37392117,37377,1,388,0,-164,-6886,-7301,2792,7,37377,0
37402120,37387,1,386,0,-186,-6069,-6725,2794,7,37387,0
37412118,37397,1,384,0,-238,-5066,-5924,2795,7,37397,0
37422118,37407,1,381,0,-274,-3906,-4888,2796,7,37407,0
37432123,37417,1,379,0,-282,-2624,-3550,2797,7,37417,0
37442138,37427,1,376,0,-282,-1260,-2339,2798,7,37427,0
37452120,37437,1,374,0,-216,139,-1177,2800,7,37437,0
37462118,37447,1,372,0,-157,1536,-239,2801,7,37447,0
37472118,37457,1,373,0,98,2888,1089,2802,7,37457,0
37482121,37467,1,372,0,-135,4150,3296,2803,7,37467,0
37492118,37477,1,370,0,-164,5285,4273,2804,7,37477,0
37502120,37487,1,369,0,-142,6256,5406,2806,7,37487,0
37512139,37497,1,368,0,-91,7035,6256,2807,7,37497,0
37522122,37507,1,367,0,-25,7593,7008,2808,7,37507,0
37532119,37517,1,367,0,3,7917,7565,2809,7,37517,0
37542118,37527,1,368,0,54,7995,7848,2810,7,37527,0
37552120,37537,1,369,0,106,7824,7877,2812,7,37537,0
37562118,37547,1,371,0,142,7410,7770,2813,7,37547,0
37572122,37557,1,372,0,179,6764,7145,2814,7,37557,0
37582138,37567,1,374,0,201,5905,6520,2815,7,37567,0
37592118,37577,1,377,0,201,4865,5836,2816,7,37577,0
37602120,37587,1,379,0,267,3670,4644,2818,7,37587,0
37612118,37597,1,382,0,289,2361,3462,2819,7,37597,0
37622122,37607,1,384,0,252,976,2036,2820,7,37607,0
37632119,37617,1,386,0,194,-438,962,2821,7,37617,0
37642119,37627,1,388,0,142,-1840,-4,2822,7,37627,0
37652138,37637,1,387,0,-84,-3188,-1645,2824,7,37637,0
37662118,37647,1,389,0,157,-4431,-3540,2825,7,37647,0
37672122,37657,1,390,0,135,-5538,-4468,2826,7,37657,0
37682117,37667,1,391,0,120,-6470,-5699,2827,7,37667,0
37692119,37677,1,392,0,76,-7200,-6539,2828,7,37677,0
37702118,37687,1,392,0,18,-7703,-7223,2830,7,37687,0
37712118,37697,1,392,0,-25,-7963,-7663,2831,7,37697,0
37722146,37707,1,391,0,-69,-7972,-7877,2832,7,37707,0
37732119,37717,1,390,0,-98,-7729,-7848,2833,7,37717,0
37742120,37727,1,389,0,-157,-7241,-7584,2834,7,37727,0
37752118,37737,1,387,0,-186,-6525,-7115,2836,7,37737,0
37762118,37747,1,385,0,-186,-5601,-6236,2837,7,37747,0
37772122,37757,1,383,0,-201,-4498,-5426,2838,7,37757,0
37782118,37767,1,381,0,-245,-3254,-4420,2839,7,37767,0
37792140,37777,1,378,0,-274,-1901,-3013,2840,7,37777,0
37802119,37787,1,376,0,-296,-494,-1704,2842,7,37787,0
37812118,37797,1,374,0,-172,931,-630,2843,7,37797,0
37822118,37807,1,373,0,-47,2328,336,2844,7,37807,0
37832118,37817,1,374,0,47,3652,2310,2845,7,37817,0
37842120,37827,1,372,0,-150,4860,3912,2846,7,37827,0
37852118,37837,1,371,0,-150,5913,4996,2848,7,37837,0
37862138,37847,1,369,0,-91,6779,5963,2849,7,37847,0
37872118,37857,1,369,0,-69,7426,6793,2850,7,37857,0
37882118,37867,1,369,0,-18,7837,7409,2851,7,37867,0
37892120,37877,1,369,0,47,7997,7780,2852,7,37877,0
37902118,37887,1,371,0,106,7901,7936,2854,7,37887,0
37912121,37897,1,372,0,128,7552,7682,2855,7,37897,0
37922118,37907,1,373,0,142,6959,7409,2856,7,37907,0
37932140,37917,1,376,0,208,6141,6774,2857,7,37917,0
37942118,37927,1,377,0,208,5129,5807,2858,7,37927,0
37952118,37937,1,380,0,208,3949,4888,2860,7,37937,0
37962122,37947,1,382,0,216,2641,3843,2861,7,37947,0
37972118,37957,1,385,0,245,1249,2495,2862,7,37957,0
37982118,37967,1,388,0,274,-184,1137,2863,7,37967,0
37992118,37977,1,389,0,91,-1613,170,2864,7,37977,0
38002138,37987,1,389,0,32,-2993,-1333,2866,7,37987,0
38012122,37997,1,390,0,142,-4271,-3394,2867,7,37997,0
38022118,38007,1,391,0,157,-5414,-4547,2868,7,38007,0
38032121,38017,1,393,0,106,-6382,-5533,2869,7,38017,0
38042118,38027,1,394,0,69,-7144,-6422,2870,7,38027,0
38052118,38037,1,394,0,18,-7674,-7135,2872,7,38037,0
38062122,38047,1,394,0,-18,-7955,-7643,2873,7,38047,0
38072137,38057,1,393,0,-69,-7977,-7897,2874,7,38057,0
38082120,38067,1,392,0,-98,-7740,-7907,2875,7,38067,0
38092118,38077,1,390,0,-150,-7251,-7516,2876,7,38077,0
38102118,38087,1,389,0,-164,-6525,-7115,2878,7,38087,0
38112117,38097,1,387,0,-223,-5586,-6402,2879,7,38097,0
38122118,38107,1,385,0,-238,-4464,-5211,2880,7,38107,0
38132121,38117,1,382,0,-208,-3196,-4195,2881,7,38117,0
38142138,38127,1,380,0,-208,-1820,-3042,2882,7,38127,0
38152118,38137,1,377,0,-230,-390,-1733,2884,7,38137,0
38162118,38147,1,375,0,-260,1056,-542,2885,7,38147,0
38172118,38157,1,376,0,76,2469,385,2886,7,38157,0
38182120,38167,1,376,0,-18,3802,2720,2887,7,38167,0
38192118,38177,1,374,0,-164,5009,4048,2888,7,38177,0
38202121,38187,1,372,0,-135,6053,5084,2890,7,38187,0
38212138,38197,1,372,0,-84,6900,6139,2891,7,38197,0
38222118,38207,1,371,0,-47,7517,6901,2892,7,38207,0
38232119,38217,1,371,0,-3,7888,7516,2893,7,38217,0
38242118,38227,1,371,0,32,7999,7809,2894,7,38227,0
38252121,38237,1,372,0,84,7846,7858,2896,7,38237,0
38262118,38247,1,374,0,113,7434,7711,2897,7,38247,0
38272118,38257,1,375,0,164,6776,7233,2898,7,38257,0
38282138,38267,1,377,0,157,5891,6588,2899,7,38267,0
38292118,38277,1,379,0,194,4815,5709,2900,7,38277,0
38302122,38287,1,381,0,260,3577,4576,2902,7,38287,0
38312118,38297,1,384,0,230,2220,3199,2903,7,38297,0
38322120,38307,1,385,0,186,788,2056,2904,7,38307,0
38332119,38317,1,388,0,208,-669,854,2905,7,38317,0
38342118,38327,1,388,0,-25,-2105,-131,2906,7,38327,0
38352142,38337,1,387,0,-25,-3475,-2173,2908,7,38337,0
38362118,38347,1,390,0,172,-4724,-3609,2909,7,38347,0
38372120,38357,1,391,0,135,-5820,-4879,2910,7,38357,0
38382118,38367,1,392,0,91,-6721,-5924,2911,7,38367,0
38392118,38377,1,392,0,40,-7398,-6774,2912,7,38377,0
38402118,38387,1,392,0,-3,-7828,-7428,2914,7,38387,0
38412118,38397,1,392,0,-62,-7997,-7770,2915,7,38397,0
38422140,38407,1,391,0,-91,-7898,-7868,2916,7,38407,0
38432119,38417,1,390,0,-120,-7535,-7809,2917,7,38417,0
38442118,38427,1,388,0,-164,-6919,-7340,2918,7,38427,0
38452118,38437,1,386,0,-179,-6071,-6822,2920,7,38437,0
38462118,38447,1,384,0,-238,-5018,-5836,2921,7,38447,0
38472119,38457,1,382,0,-252,-3796,-4713,2922,7,38457,0
38482118,38467,1,380,0,-216,-2446,-3492,2923,7,38467,0
38492141,38477,1,377,0,-216,-1010,-2290,2924,7,38477,0
38502118,38487,1,375,0,-201,453,-1069,2926,7,38487,0
38512118,38497,1,374,0,-120,1906,63,2927,7,38497,0
38522118,38507,1,374,0,10,3295,1616,2928,7,38507,0
38532119,38517,1,373,0,-128,4574,3794,2929,7,38517,0
38542121,38527,1,372,0,-135,5698,4781,2930,7,38527,0
38552118,38537,1,371,0,-128,6630,5807,2932,7,38537,0
38562137,38547,1,370,0,-69,7339,6666,2933,7,38547,0
38572118,38557,1,370,0,-18,7797,7311,2934,7,38557,0
38582118,38567,1,370,0,40,7993,7741,2935,7,38567,0
38592121,38577,1,371,0,62,7917,7916,2936,7,38577,0
38602118,38587,1,372,0,128,7572,7721,2938,7,38587,0
38612120,38597,1,374,0,150,6970,7418,2939,7,38597,0
38622118,38607,1,376,0,172,6131,6774,2940,7,38607,0
38632139,38617,1,377,0,186,5079,5816,2941,7,38617,0
38642121,38627,1,380,0,194,3859,4879,2942,7,38627,0
38652118,38637,1,382,0,230,2505,3785,2944,7,38637,0
38662120,38647,1,385,0,274,1064,2231,2945,7,38647,0
38672118,38657,1,386,0,201,-412,962,2946,7,38657,0
38682118,38667,1,388,0,91,-1876,34,2947,7,38667,0
38692118,38677,1,387,0,-84,-3276,-1714,2948,7,38677,0
38702137,38687,1,388,0,150,-4567,-3628,2950,7,38687,0
38712120,38697,1,390,0,135,-5698,-4605,2951,7,38697,0
38722118,38707,1,391,0,76,-6635,-5797,2952,7,38707,0
38732119,38717,1,391,0,54,-7346,-6686,2953,7,38717,0
38742117,38727,1,391,0,-3,-7804,-7360,2954,7,38727,0
38752118,38737,1,391,0,-32,-7994,-7741,2956,7,38737,0
38762120,38747,1,390,0,-84,-7910,-7887,2957,7,38747,0
38772138,38757,1,389,0,-120,-7551,-7809,2958,7,38757,0
38782121,38767,1,388,0,-150,-6935,-7350,2959,7,38767,0
38792118,38777,1,386,0,-164,-6078,-6783,2960,7,38777,0
38802118,38787,1,384,0,-238,-5011,-5865,2962,7,38787,0
38812118,38797,1,382,0,-252,-3770,-4713,2963,7,38797,0
38822118,38807,1,380,0,-194,-2398,-3482,2964,7,38807,0
38832122,38817,1,377,0,-194,-943,-2251,2965,7,38817,0
38842138,38827,1,375,0,-216,547,-1001,2966,7,38827,0
38852117,38837,1,375,0,-25,2014,14,2968,7,38837,0
38862118,38847,1,376,0,91,3415,1860,2969,7,38847,0
38872118,38857,1,374,0,-172,4698,3706,2970,7,38857,0
38882122,38867,1,372,0,-142,5819,4791,2971,7,38867,0
38892118,38877,1,372,0,-98,6736,5934,2972,7,38877,0
38902120,38887,1,371,0,-54,7421,6764,2974,7,38887,0
38912138,38897,1,371,0,-10,7847,7418,2975,7,38897,0
38922118,38907,1,371,0,32,7999,7760,2976,7,38907,0
38932123,38917,1,372,0,69,7873,7868,2977,7,38917,0
38942118,38927,1,373,0,120,7472,7741,2978,7,38927,0
38952120,38937,1,375,0,164,6809,7262,2980,7,38937,0
38962118,38947,1,377,0,164,5908,6627,2981,7,38947,0
38972118,38957,1,379,0,201,4800,5699,2982,7,38957,0
38982141,38967,1,381,0,260,3521,4507,2983,7,38967,0
38992118,38977,1,383,0,201,2124,3199,2984,7,38977,0
39002120,38987,1,385,0,172,647,2017,2986,7,38987,0
39012118,38997,1,388,0,252,-850,698,2987,7,38997,0
39022118,39007,1,387,0,-62,-2320,-239,2988,7,39007,0
39032118,39017,1,387,0,-10,-3708,-2515,2989,7,39017,0
39042118,39027,1,389,0,157,-4967,-3931,2990,7,39027,0
39052140,39037,1,390,0,113,-6054,-5045,2992,7,39037,0
39062118,39047,1,391,0,69,-6923,-6168,2993,7,39047,0
39072121,39057,1,391,0,10,-7551,-6940,2994,7,39057,0
39082118,39067,1,391,0,-10,-7911,-7555,2995,7,39067,0
39092117,39077,1,390,0,-54,-7993,-7819,2996,7,39077,0
39102118,39087,1,390,0,-98,-7792,-7916,2998,7,39087,0
39112118,39097,1,388,0,-135,-7316,-7623,2999,7,39097,0
39122142,39107,1,387,0,-172,-6578,-7272,3000,7,39107,0
39132119,39117,1,385,0,-194,-5610,-6256,3001,7,39117,0
39142118,39127,1,383,0,-208,-4441,-5347,3002,7,39127,0
39152117,39137,1,381,0,-194,-3114,-4332,3004,7,39137,0
39162118,39147,1,378,0,-245,-1676,-2935,3005,7,39147,0
39172122,39157,1,376,0,-282,-177,-1509,3006,7,39157,0
39182118,39167,1,374,0,-128,1327,-473,3007,7,39167,0
39192140,39177,1,374,0,10,2789,864,3008,7,39177,0
39202118,39187,1,374,0,32,4146,2984,3010,7,39187,0
39212118,39197,1,372,0,-142,5358,4234,3011,7,39197,0
39222121,39207,1,371,0,-120,6380,5504,3012,7,39207,0
39232119,39217,1,371,0,-62,7174,6373,3013,7,39217,0
39242120,39227,1,370,0,-25,7712,7155,3014,7,39227,0
39252118,39237,1,371,0,18,7974,7692,3016,7,39237,0
39262138,39247,1,371,0,54,7951,7868,3017,7,39247,0
39272122,39257,1,372,0,98,7643,7741,3018,7,39257,0
39282118,39267,1,374,0,135,7060,7457,3019,7,39267,0
39292120,39277,1,375,0,172,6223,6832,3020,7,39277,0
39302118,39287,1,377,0,172,5163,6002,3022,7,39287,0
39312118,39297,1,379,0,208,3917,4986,3023,7,39297,0
39322117,39307,1,382,0,252,2529,3687,3024,7,39307,0
39332139,39317,1,383,0,186,1047,2212,3025,7,39317,0
39342120,39327,1,385,0,142,-468,1108,3026,7,39327,0
39352118,39337,1,386,0,69,-1969,-92,3028,7,39337,0
39362122,39347,1,386,0,-10,-3400,-1753,3029,7,39347,0
39372117,39357,1,387,0,142,-4709,-3843,3030,7,39357,0
39382118,39367,1,388,0,106,-5848,-4869,3031,7,39367,0
39392120,39377,1,389,0,84,-6776,-5894,3032,7,39377,0
39402139,39387,1,389,0,54,-7460,-6832,3034,7,39387,0
39412122,39397,1,389,0,-10,-7871,-7477,3035,7,39397,0
39422118,39407,1,389,0,-62,-7999,-7829,3036,7,39407,0
39432119,39417,1,388,0,-91,-7836,-7887,3037,7,39417,0
39442117,39427,1,387,0,-113,-7389,-7819,3038,7,39427,0
39452118,39437,1,385,0,-142,-6672,-7164,3040,7,39437,0
39462122,39447,1,384,0,-186,-5712,-6520,3041,7,39447,0
39472137,39457,1,382,0,-223,-4543,-5474,3042,7,39457,0
39482120,39467,1,380,0,-194,-3211,-4224,3043,7,39467,0
39492118,39477,1,377,0,-194,-1760,-3052,3044,7,39477,0
39502118,39487,1,375,0,-238,-244,-1704,3046,7,39487,0
39512122,39497,1,374,0,-179,1282,-424,3047,7,39497,0
39522118,39507,1,373,0,32,2761,639,3048,7,39507,0
39532121,39517,1,374,0,62,4141,2866,3049,7,39517,0
39542138,39527,1,372,0,-142,5371,4283,3050,7,39527,0
39552118,39537,1,371,0,-128,6400,5553,3052,7,39537,0
39562122,39547,1,371,0,-54,7198,6432,3053,7,39547,0
39572118,39557,1,371,0,-10,7731,7184,3054,7,39557,0
39582120,39567,1,371,0,18,7981,7672,3055,7,39567,0
39592118,39577,1,371,0,54,7938,7868,3056,7,39577,0
39602118,39587,1,372,0,106,7602,7780,3058,7,39587,0
39612142,39597,1,374,0,142,6985,7399,3059,7,39597,0
39622118,39607,1,376,0,179,6114,6832,3060,7,39607,0
39632121,39617,1,377,0,186,5014,5816,3061,7,39617,0
39642118,39627,1,379,0,172,3730,4810,3062,7,39627,0
39652121,39637,1,382,0,238,2307,3609,3064,7,39637,0
39662118,39647,1,384,0,216,799,1958,3065,7,39647,0
39672118,39657,1,385,0,120,-738,913,3066,7,39657,0
39682139,39667,1,385,0,-3,-2254,-278,3067,7,39667,0
39692118,39677,1,385,0,-54,-3680,-2134,3068,7,39677,0
39702122,39687,1,387,0,164,-4973,-3980,3070,7,39687,0
39712117,39697,1,388,0,106,-6082,-5123,3071,7,39697,0
39722118,39707,1,389,0,62,-6966,-6109,3072,7,39707,0
39732121,39717,1,389,0,32,-7591,-6989,3073,7,39717,0
39742118,39727,1,389,0,-10,-7934,-7584,3074,7,39727,0
39752141,39737,1,388,0,-54,-7982,-7858,3076,7,39737,0
39762117,39747,1,387,0,-106,-7733,-7916,3077,7,39747,0
39772120,39757,1,386,0,-128,-7195,-7584,3078,7,39757,0
39782118,39767,1,384,0,-172,-6389,-6979,3079,7,39767,0
39792118,39777,1,383,0,-186,-5344,-6129,3080,7,39777,0
39802122,39787,1,381,0,-186,-4098,-5221,3082,7,39787,0
39812118,39797,1,378,0,-252,-2699,-3863,3083,7,39797,0
39822139,39807,1,376,0,-267,-1195,-2417,3084,7,39807,0
39832119,39817,1,374,0,-157,347,-1177,3085,7,39817,0
39842118,39827,1,372,0,-201,1880,-4,3086,7,39827,0
39852122,39837,1,374,0,135,3344,1509,3088,7,39837,0
39862118,39847,1,373,0,-135,4683,3873,3089,7,39847,0
39872120,39857,1,372,0,-113,5846,4869,3090,7,39857,0
39882118,39867,1,371,0,-98,6790,5934,3091,7,39867,0
39892134,39877,1,371,0,-62,7480,6842,3092,7,39877,0
39902122,39887,1,371,0,3,7886,7477,3094,7,39887,0
39912118,39897,1,371,0,47,7997,7789,3095,7,39897,0
39922120,39907,1,372,0,76,7806,7819,3096,7,39907,0
39932119,39917,1,373,0,113,7320,7682,3097,7,39917,0
39942118,39927,1,374,0,150,6557,7106,3098,7,39927,0
39952118,39937,1,376,0,172,5547,6451,3100,7,39937,0
39962134,39947,1,379,0,230,4324,5201,3101,7,39947,0
39972120,39957,1,381,0,194,2940,3990,3102,7,39957,0
39982118,39967,1,382,0,172,1444,2818,3103,7,39967,0
39992118,39977,1,385,0,245,-108,1284,3104,7,39977,0
40002118,39987,1,385,0,47,-1657,307,3106,7,39987,0
40012118,39997,1,384,0,-54,-3143,-1343,3107,7,39997,0
40022120,40007,1,385,0,128,-4511,-3501,3108,7,40007,0
40032135,40017,1,387,0,113,-5709,-4654,3109,7,40017,0
40042122,40027,1,388,0,76,-6688,-5807,3110,7,40027,0
40052118,40037,1,388,0,25,-7413,-6705,3112,7,40037,0
40062117,40047,1,388,0,-10,-7856,-7418,3113,7,40047,0
40072118,40057,1,387,0,-69,-7999,-7829,3114,7,40057,0
40082118,40067,1,386,0,-98,-7838,-7936,3115,7,40067,0
40092122,40077,1,385,0,-128,-7376,-7623,3116,7,40077,0
40102134,40087,1,384,0,-164,-6631,-7233,3118,7,40087,0
40112118,40097,1,382,0,-208,-5635,-6442,3119,7,40097,0
40122118,40107,1,380,0,-186,-4421,-5299,3120,7,40107,0
40132119,40117,1,377,0,-194,-3037,-4234,3121,7,40117,0
40142122,40127,1,375,0,-223,-1535,-2974,3122,7,40127,0
40152117,40137,1,372,0,-260,23,-1382,3124,7,40137,0
40162120,40147,1,372,0,-98,1584,-346,3125,7,40147,0
40172134,40157,1,372,0,47,3086,1128,3126,7,40157,0
40182118,40167,1,372,0,-135,4465,3609,3127,7,40167,0
40192122,40177,1,370,0,-128,5676,4634,3128,7,40177,0
40202118,40187,1,369,0,-91,6667,5758,3130,7,40187,0
40212119,40197,1,368,0,-40,7403,6637,3131,7,40197,0
40222118,40207,1,368,0,-10,7853,7379,3132,7,40207,0
40232119,40217,1,369,0,32,7999,7770,3133,7,40217,0
40242134,40227,1,369,0,62,7837,7907,3134,7,40227,0
40252117,40237,1,371,0,128,7371,7760,3136,7,40237,0
40262120,40247,1,372,0,142,6620,7067,3137,7,40247,0
40272118,40257,1,374,0,186,5612,6402,3138,7,40257,0
40282118,40267,1,376,0,201,4386,5484,3139,7,40267,0
40292118,40277,1,378,0,223,2990,3980,3140,7,40277,0
40302118,40287,1,380,0,179,1477,2749,3142,7,40287,0
40312135,40297,1,382,0,186,-96,1489,3143,7,40297,0
40322118,40307,1,382,0,40,-1661,278,3144,7,40307,0
40332122,40317,1,382,0,-54,-3166,-1382,3145,7,40317,0
40342118,40327,1,383,0,128,-4547,-3521,3146,7,40327,0
40352118,40337,1,384,0,120,-5751,-4615,3148,7,40337,0
40362118,40347,1,385,0,84,-6732,-5885,3149,7,40347,0
40372118,40357,1,385,0,40,-7450,-6793,3150,7,40357,0
40382137,40367,1,385,0,-3,-7878,-7448,3151,7,40367,0
40392117,40377,1,385,0,-47,-7997,-7789,3152,7,40377,0
40402118,40387,1,384,0,-98,-7804,-7907,3154,7,40387,0
40412118,40397,1,383,0,-120,-7305,-7653,3155,7,40397,0
40422118,40407,1,381,0,-157,-6520,-7252,3156,7,40407,0
40432123,40417,1,379,0,-194,-5478,-6168,3157,7,40417,0
40442118,40427,1,377,0,-186,-4222,-5240,3158,7,40427,0
40452135,40437,1,375,0,-208,-2796,-4156,3160,7,40437,0
40462118,40447,1,372,0,-260,-1265,-2564,3161,7,40447,0
40472118,40457,1,371,0,-208,318,-1128,3162,7,40457,0
40482121,40467,1,369,0,-69,1891,-180,3163,7,40467,0
40492118,40477,1,371,0,106,3388,1675,3164,7,40477,0
40502120,40487,1,370,0,-164,4754,3765,3166,7,40487,0
40512118,40497,1,369,0,-142,5931,4937,3167,7,40497,0
40522132,40507,1,367,0,-91,6877,5934,3168,7,40507,0
40532119,40517,1,367,0,-47,7549,6881,3169,7,40517,0
40542118,40527,1,367,0,3,7923,7545,3170,7,40527,0
40552119,40537,1,368,0,54,7985,7858,3172,7,40537,0
40562118,40547,1,369,0,91,7730,7838,3173,7,40547,0
40572118,40557,1,370,0,120,7168,7643,3174,7,40557,0
40582118,40567,1,372,0,157,6323,6920,3175,7,40567,0
40592131,40577,1,374,0,186,5224,6129,3176,7,40577,0
40602120,40587,1,376,0,230,3920,5025,3178,7,40587,0
40612118,40597,1,378,0,194,2459,3531,3179,7,40597,0
40622122,40607,1,380,0,164,899,2310,3180,7,40607,0
40632119,40617,1,382,0,216,-696,932,3181,7,40617,0
40642117,40627,1,382,0,-62,-2265,-92,3182,7,40627,0
40652118,40637,1,381,0,-40,-3744,-2319,3184,7,40637,0
40662131,40647,1,383,0,128,-5077,-3980,3185,7,40647,0
40672122,40657,1,384,0,113,-6203,-5103,3186,7,40657,0
40682118,40667,1,385,0,69,-7084,-6285,3187,7,40667,0
40692118,40677,1,385,0,10,-7682,-7106,3188,7,40677,0
40702118,40687,1,385,0,-32,-7972,-7643,3190,7,40687,0
40712118,40697,1,384,0,-84,-7944,-7897,3191,7,40697,0
40722121,40707,1,383,0,-106,-7597,-7809,3192,7,40707,0
40732132,40717,1,381,0,-150,-6944,-7536,3193,7,40717,0
40742120,40727,1,380,0,-164,-6014,-6656,3194,7,40727,0
40752118,40737,1,378,0,-164,-4841,-5855,3196,7,40737,0
40762118,40747,1,376,0,-267,-3473,-4703,3197,7,40747,0
40772122,40757,1,374,0,-230,-1964,-3101,3198,7,40757,0
40782118,40767,1,372,0,-186,-377,-1821,3199,7,40767,0
40792120,40777,1,369,0,-186,1226,-600,3200,7,40777,0
40802131,40787,1,371,0,120,2782,639,3202,7,40787,0
40812118,40797,1,371,0,-25,4223,3111,3203,7,40797,0
40822118,40807,1,369,0,-113,5496,4371,3204,7,40807,0
40832119,40817,1,368,0,-120,6548,5494,3205,7,40817,0
40842120,40827,1,367,0,-47,7335,6578,3206,7,40827,0
40852118,40837,1,367,0,-18,7826,7321,3208,7,40837,0
40862118,40847,1,367,0,32,7999,7750,3209,7,40847,0
40872131,40857,1,368,0,76,7848,7877,3210,7,40857,0
40882118,40867,1,370,0,128,7380,7731,3211,7,40867,0
40892120,40877,1,371,0,150,6611,7213,3212,7,40877,0
40902118,40887,1,373,0,186,5574,6354,3214,7,40887,0
40912122,40897,1,375,0,194,4309,5221,3215,7,40897,0
40922118,40907,1,377,0,164,2869,4117,3216,7,40907,0
40932119,40917,1,379,0,216,1311,2691,3217,7,40917,0
40942133,40927,1,381,0,230,-302,1098,3218,7,40927,0
40952118,40937,1,382,0,47,-1900,190,3220,7,40937,0
40962121,40947,1,381,0,-69,-3424,-1724,3221,7,40947,0
40972118,40957,1,382,0,120,-4807,-3775,3222,7,40957,0
40982117,40967,1,383,0,128,-5995,-5006,3223,7,40967,0
40992118,40977,1,384,0,84,-6938,-6041,3224,7,40977,0
41002118,40987,1,384,0,18,-7597,-6959,3226,7,40987,0
41012136,40997,1,384,0,-10,-7946,-7594,3227,7,40997,0
41022118,41007,1,384,0,-62,-7969,-7887,3228,7,41007,0
41032121,41017,1,383,0,-106,-7665,-7829,3229,7,41017,0
41042118,41027,1,381,0,-128,-7047,-7594,3230,7,41027,0
41052118,41037,1,380,0,-157,-6138,-6783,3232,7,41037,0
41062121,41047,1,378,0,-186,-4977,-5973,3233,7,41047,0
41072118,41057,1,376,0,-252,-3611,-4771,3234,7,41057,0
41082133,41067,1,374,0,-201,-2093,-3267,3235,7,41067,0
41092118,41077,1,372,0,-172,-494,-1997,3236,7,41077,0
41102118,41087,1,370,0,-252,1129,-590,3238,7,41087,0
41112118,41097,1,371,0,128,2706,424,3239,7,41097,0
41122118,41107,1,371,0,54,4172,2905,3240,7,41107,0
41132121,41117,1,370,0,-113,5467,4322,3241,7,41117,0
41142118,41127,1,369,0,-106,6535,5553,3242,7,41127,0
41152132,41137,1,368,0,-54,7335,6539,3244,7,41137,0
41162117,41147,1,368,0,-10,7829,7311,3245,7,41147,0
41172118,41157,1,369,0,40,7999,7750,3246,7,41157,0
41182120,41167,1,369,0,76,7838,7887,3247,7,41167,0
41192118,41177,1,371,0,106,7352,7750,3248,7,41177,0
41202122,41187,1,372,0,150,6560,7047,3250,7,41187,0
41212118,41197,1,374,0,157,5496,6334,3251,7,41197,0
41222131,41207,1,376,0,208,4200,5318,3252,7,41207,0
41232119,41217,1,378,0,201,2733,3804,3253,7,41217,0
41242118,41227,1,380,0,164,1149,2554,3254,7,41227,0
41252122,41237,1,382,0,223,-482,1118,3256,7,41237,0
41262118,41247,1,382,0,-25,-2095,73,3257,7,41247,0
41272118,41257,1,381,0,-69,-3620,-2017,3258,7,41257,0
41282117,41267,1,382,0,113,-4995,-3873,3259,7,41267,0
41292132,41277,1,384,0,128,-6163,-5094,3260,7,41277,0
41302122,41287,1,384,0,62,-7071,-6227,3262,7,41287,0
41312118,41297,1,384,0,18,-7685,-7096,3263,7,41297,0
41322119,41307,1,384,0,-25,-7976,-7653,3264,7,41307,0
41332120,41317,1,384,0,-62,-7933,-7897,3265,7,41317,0
41342118,41327,1,382,0,-113,-7558,-7789,3266,7,41327,0
41352122,41337,1,381,0,-135,-6864,-7477,3268,7,41337,0
41362133,41347,1,380,0,-179,-5881,-6549,3269,7,41347,0
41372119,41357,1,378,0,-164,-4653,-5680,3270,7,41357,0
41382118,41367,1,376,0,-230,-3226,-4547,3271,7,41367,0
41392118,41377,1,373,0,-223,-1664,-2837,3272,7,41377,0
41402122,41387,1,372,0,-150,-30,-1557,3274,7,41387,0
41412118,41397,1,369,0,-208,1603,-317,3275,7,41397,0
41422120,41407,1,371,0,157,3172,1098,3276,7,41407,0
41432132,41417,1,371,0,-54,4608,3716,3277,7,41417,0
41442118,41427,1,370,0,-98,5846,4752,3278,7,41427,0
41452117,41437,1,369,0,-91,6840,5894,3280,7,41437,0
41462117,41447,1,368,0,-40,7544,6832,3281,7,41447,0
41472119,41457,1,368,0,-3,7929,7516,3282,7,41457,0
41482118,41467,1,369,0,54,7978,7829,3283,7,41467,0
41492122,41477,1,370,0,91,7688,7897,3284,7,41477,0
41502133,41487,1,371,0,120,7071,7526,3286,7,41487,0
41512117,41497,1,373,0,172,6156,6852,3287,7,41497,0
41522120,41507,1,375,0,186,4976,5846,3288,7,41507,0
41532119,41517,1,377,0,186,3585,4840,3289,7,41517,0
41542122,41527,1,379,0,216,2041,3326,3290,7,41527,0
41552118,41537,1,381,0,186,409,1743,3292,7,41537,0
41562118,41547,1,382,0,98,-1240,698,3293,7,41547,0
41572135,41557,1,381,0,-54,-2840,-844,3294,7,41557,0
41582118,41567,1,382,0,32,-4314,-3150,3295,7,41567,0
41592122,41577,1,383,0,98,-5607,-4527,3296,7,41577,0
41602118,41587,1,384,0,69,-6661,-5621,3298,7,41587,0
41612119,41597,1,384,0,40,-7430,-6686,3299,7,41597,0
41622118,41607,1,384,0,-3,-7881,-7457,3300,7,41607,0
41632119,41617,1,384,0,-54,-7995,-7829,3301,7,41617,0
41642136,41627,1,383,0,-76,-7764,-7877,3302,7,41627,0
41652118,41637,1,382,0,-120,-7202,-7672,3304,7,41637,0
41662119,41647,1,380,0,-142,-6330,-7008,3305,7,41647,0
41672118,41657,1,379,0,-201,-5185,-6119,3306,7,41657,0
41682118,41667,1,377,0,-208,-3817,-4869,3307,7,41667,0
41692122,41677,1,375,0,-172,-2283,-3619,3308,7,41677,0
41702118,41687,1,372,0,-223,-652,-2153,3310,7,41687,0
41712135,41697,1,371,0,-172,1011,-727,3311,7,41697,0
41722118,41707,1,370,0,-10,2626,346,3312,7,41707,0
41732119,41717,1,372,0,135,4131,2505,3313,7,41717,0
41742122,41727,1,370,0,-157,5458,4439,3314,7,41727,0
41752118,41737,1,369,0,-98,6549,5562,3316,7,41737,0
41762120,41747,1,369,0,-40,7358,6559,3317,7,41747,0
41772118,41757,1,369,0,-3,7848,7350,3318,7,41757,0
41782137,41767,1,370,0,40,7999,7789,3319,7,41767,0
41792118,41777,1,371,0,76,7802,7946,3320,7,41777,0
41802118,41787,1,372,0,128,7267,7555,3322,7,41787,0
41812119,41797,1,373,0,142,6416,7076,3323,7,41797,0
41822118,41807,1,376,0,208,5287,6148,3324,7,41807,0
41832123,41817,1,377,0,186,3926,4996,3325,7,41817,0
41842118,41827,1,379,0,179,2395,3746,3326,7,41827,0
41852133,41837,1,382,0,252,756,2212,3328,7,41837,0
41862119,41847,1,383,0,98,-911,864,3329,7,41847,0
41872118,41857,1,383,0,32,-2542,-444,3330,7,41857,0
41882121,41867,1,383,0,-69,-4063,-2427,3331,7,41867,0
41892118,41877,1,384,0,164,-5406,-4322,3332,7,41877,0
41902120,41887,1,385,0,113,-6514,-5572,3334,7,41887,0
41912118,41897,1,386,0,47,-7337,-6568,3335,7,41897,0
41922133,41907,1,386,0,10,-7840,-7350,3336,7,41907,0
41932122,41917,1,386,0,-25,-7999,-7780,3337,7,41917,0
41942118,41927,1,385,0,-76,-7808,-7877,3338,7,41927,0
41952120,41937,1,384,0,-106,-7274,-7663,3340,7,41937,0
41962118,41947,1,383,0,-135,-6421,-7057,3341,7,41947,0
41972118,41957,1,381,0,-164,-5286,-6324,3342,7,41957,0
41982122,41967,1,379,0,-186,-3917,-4918,3343,7,41967,0
41992133,41977,1,377,0,-164,-2374,-3697,3344,7,41977,0
42002120,41987,1,376,0,-201,-729,-2290,3346,7,41987,0
42012118,41997,1,374,0,-142,948,-805,3347,7,41997,0
42022118,42007,1,373,0,-98,2586,434,3348,7,42007,0
42032123,42017,1,375,0,157,4111,2319,3349,7,42017,0
42042117,42027,1,374,0,-128,5453,4556,3350,7,42027,0
42052120,42037,1,373,0,-91,6557,5562,3352,7,42037,0
42062133,42047,1,373,0,-47,7371,6588,3353,7,42047,0
42072118,42057,1,373,0,10,7857,7379,3354,7,42057,0
42082118,42067,1,373,0,47,7998,7799,3355,7,42067,0
42092118,42077,1,374,0,69,7783,7868,3356,7,42077,0
42102119,42087,1,375,0,120,7224,7633,3358,7,42087,0
42112118,42097,1,377,0,128,6344,7047,3359,7,42097,0
42122119,42107,1,378,0,164,5182,6061,3360,7,42107,0
42132134,42117,1,380,0,194,3787,4849,3361,7,42117,0
42142118,42127,1,382,0,164,2228,3648,3362,7,42127,0
42152120,42137,1,384,0,223,566,1929,3364,7,42137,0
42162118,42147,1,385,0,84,-1120,776,3365,7,42147,0
42172121,42157,1,385,0,-47,-2758,-678,3366,7,42157,0
42182118,42167,1,385,0,69,-4273,-3052,3367,7,42167,0
42192118,42177,1,386,0,113,-5598,-4537,3368,7,42177,0
42202133,42187,1,387,0,62,-6675,-5719,3370,7,42187,0
42212118,42197,1,387,0,25,-7452,-6725,3371,7,42197,0
42222122,42207,1,387,0,-3,-7897,-7477,3372,7,42207,0
42232119,42217,1,387,0,-62,-7989,-7829,3373,7,42217,0
42242118,42227,1,385,0,-91,-7723,-7829,3374,7,42227,0
42252118,42237,1,384,0,-120,-7111,-7575,3376,7,42237,0
42262118,42247,1,383,0,-157,-6180,-6901,3377,7,42247,0
42272137,42257,1,381,0,-172,-4968,-6090,3378,7,42257,0
42282118,42267,1,379,0,-208,-3539,-4576,3379,7,42267,0
42292120,42277,1,377,0,-186,-1946,-3306,3380,7,42277,0
42302118,42287,1,375,0,-201,-267,-1899,3382,7,42287,0
42312118,42297,1,374,0,-120,1425,-483,3383,7,42297,0
42322122,42307,1,374,0,10,3055,874,3384,7,42307,0
42332119,42317,1,375,0,120,4546,3179,3385,7,42317,0
42342135,42327,1,373,0,-142,5836,4664,3386,7,42327,0
42352118,42337,1,372,0,-91,6858,5904,3388,7,42337,0
42362118,42347,1,372,0,-40,7573,6862,3389,7,42347,0
42372118,42357,1,372,0,3,7947,7545,3390,7,42357,0
42382118,42367,1,373,0,40,7961,7858,3391,7,42367,0
42392120,42377,1,374,0,84,7615,7838,3392,7,42377,0
42402118,42387,1,375,0,135,6924,7418,3394,7,42387,0
42412133,42397,1,376,0,128,5917,6754,3395,7,42397,0
42422118,42407,1,378,0,186,4645,5601,3396,7,42407,0
42432118,42417,1,380,0,179,3160,4322,3397,7,42417,0
42442120,42427,1,382,0,186,1530,3052,3398,7,42427,0
42452118,42437,1,384,0,201,-168,1274,3400,7,42437,0
42462122,42447,1,385,0,62,-1861,258,3401,7,42447,0
42472117,42457,1,384,0,-76,-3468,-1606,3402,7,42457,0
42482133,42467,1,384,0,113,-4921,-3824,3403,7,42467,0
42492118,42477,1,385,0,91,-6146,-5133,3404,7,42477,0
42502118,42487,1,386,0,62,-7093,-6246,3406,7,42487,0
42512122,42497,1,386,0,18,-7717,-7125,3407,7,42497,0
42522117,42507,1,386,0,-18,-7988,-7672,3408,7,42507,0
42532119,42517,1,385,0,-76,-7895,-7868,3409,7,42517,0
42542118,42527,1,384,0,-113,-7441,-7770,3410,7,42527,0
42552133,42537,1,383,0,-120,-6644,-7252,3412,7,42537,0
42562122,42547,1,381,0,-157,-5545,-6529,3413,7,42547,0
42572117,42557,1,380,0,-179,-4192,-5221,3414,7,42557,0
42582119,42567,1,378,0,-172,-2644,-4000,3415,7,42567,0
42592118,42577,1,376,0,-252,-976,-2437,3416,7,42577,0
42602118,42587,1,375,0,-120,738,-1010,3418,7,42587,0
42612121,42597,1,374,0,-91,2420,307,3419,7,42597,0
42622133,42607,1,375,0,120,3992,2085,3420,7,42607,0
42632121,42617,1,374,0,-128,5377,4488,3421,7,42617,0
42642118,42627,1,373,0,-106,6517,5465,3422,7,42627,0
42652118,42637,1,373,0,-62,7357,6549,3424,7,42637,0
42662118,42647,1,373,0,-3,7858,7360,3425,7,42647,0
42672118,42657,1,373,0,47,7997,7789,3426,7,42657,0
42682120,42667,1,374,0,76,7766,7868,3427,7,42667,0
42692133,42677,1,375,0,120,7175,7614,3428,7,42677,0
42702118,42687,1,376,0,120,6255,7008,3430,7,42687,0
42712118,42697,1,378,0,164,5043,5934,3431,7,42697,0
42722118,42707,1,380,0,157,3597,4732,3432,7,42707,0
42732121,42717,1,382,0,172,1984,3482,3433,7,42717,0
42742119,42727,1,383,0,164,280,1675,3434,7,42727,0
42752121,42737,1,385,0,98,-1439,571,3436,7,42737,0
42762133,42747,1,384,0,-62,-3094,-1050,3437,7,42747,0
42772117,42757,1,384,0,32,-4601,-3404,3438,7,42757,0
42782118,42767,1,385,0,84,-5897,-4810,3439,7,42767,0
42792118,42777,1,386,0,62,-6919,-6002,3440,7,42777,0
42802121,42787,1,386,0,18,-7620,-6949,3442,7,42787,0
42812118,42797,1,386,0,-10,-7965,-7594,3443,7,42797,0
42822117,42807,1,385,0,-47,-7939,-7858,3444,7,42807,0
42832134,42817,1,384,0,-98,-7542,-7819,3445,7,42817,0
42842118,42827,1,383,0,-135,-6794,-7369,3446,7,42827,0
42852122,42837,1,381,0,-164,-5727,-6676,3448,7,42837,0
42862118,42847,1,380,0,-164,-4392,-5416,3449,7,42847,0
42872120,42857,1,378,0,-179,-2851,-4205,3450,7,42857,0
42882118,42867,1,376,0,-245,-1177,-2622,3451,7,42867,0
42892118,42877,1,375,0,-128,553,-1147,3452,7,42877,0
42902137,42887,1,373,0,-157,2261,180,3454,7,42887,0
42912117,42897,1,374,0,150,3858,1880,3455,7,42897,0
42922120,42907,1,374,0,-106,5277,4537,3456,7,42907,0
42932119,42917,1,373,0,-106,6449,5357,3457,7,42917,0
42942118,42927,1,373,0,-47,7318,6481,3458,7,42927,0
42952118,42937,1,372,0,-18,7842,7321,3460,7,42937,0
42962118,42947,1,373,0,40,7998,7770,3461,7,42947,0
42972135,42957,1,374,0,76,7776,7848,3462,7,42957,0
42982118,42967,1,375,0,106,7189,7594,3463,7,42967,0
42992118,42977,1,376,0,128,6262,7057,3464,7,42977,0
43002118,42987,1,378,0,164,5038,5894,3466,7,42987,0
43012118,42997,1,380,0,164,3576,4761,3467,7,42997,0
43022120,43007,1,382,0,194,1944,3443,3468,7,43007,0
43032119,43017,1,383,0,150,220,1704,3469,7,43017,0
43042137,43027,1,385,0,135,-1517,483,3470,7,43027,0
43052118,43037,1,384,0,-106,-3178,-1069,3472,7,43037,0
43062118,43047,1,384,0,-3,-4692,-3531,3473,7,43047,0
43072118,43057,1,385,0,84,-5983,-4849,3474,7,43057,0
43082118,43067,1,385,0,40,-6991,-6080,3475,7,43067,0
43092121,43077,1,385,0,3,-7668,-6998,3476,7,43077,0
43102118,43087,1,385,0,-18,-7980,-7614,3478,7,43087,0
43112133,43097,1,385,0,-84,-7912,-7887,3479,7,43097,0
43122118,43107,1,384,0,-98,-7468,-7780,3480,7,43107,0
43132119,43117,1,382,0,-135,-6667,-7252,3481,7,43117,0
43142121,43127,1,381,0,-157,-5548,-6520,3482,7,43127,0
43152118,43137,1,379,0,-201,-4165,-5211,3484,7,43137,0
43162120,43147,1,377,0,-186,-2582,-3873,3485,7,43147,0
43172118,43157,1,375,0,-172,-875,-2495,3486,7,43157,0
43182133,43167,1,373,0,-230,875,-796,3487,7,43167,0
43192121,43177,1,373,0,10,2581,200,3488,7,43177,0
43202118,43187,1,375,0,135,4166,2437,3490,7,43187,0
43212119,43197,1,373,0,-179,5552,4507,3491,7,43197,0
43222118,43207,1,372,0,-106,6673,5680,3492,7,43207,0
43232119,43217,1,372,0,-54,7473,6705,3493,7,43217,0
43242118,43227,1,372,0,-3,7915,7467,3494,7,43227,0
43252133,43237,1,372,0,47,7977,7829,3496,7,43237,0
43262120,43247,1,373,0,91,7656,7848,3497,7,43247,0
43272118,43257,1,375,0,128,6966,7438,3498,7,43257,0
43282118,43267,1,376,0,135,5941,6832,3499,7,43267,0
43292118,43277,1,378,0,164,4629,5572,3500,7,43277,0
43302118,43287,1,379,0,157,3094,4380,3502,7,43287,0
43312120,43297,1,382,0,216,1408,2945,3503,7,43297,0
43322133,43307,1,383,0,113,-347,1284,3504,7,43307,0
43332123,43317,1,385,0,186,-2083,-34,3505,7,43317,0
43342118,43327,1,383,0,-135,-3720,-1724,3506,7,43327,0
43352118,43337,1,383,0,69,-5178,-4322,3508,7,43337,0
43362118,43347,1,384,0,69,-6386,-5299,3509,7,43347,0
43372118,43357,1,385,0,40,-7285,-6461,3510,7,43357,0
43382121,43367,1,385,0,10,-7832,-7311,3511,7,43367,0
43392133,43377,1,384,0,-47,-7998,-7760,3512,7,43377,0
43402118,43387,1,384,0,-106,-7777,-7887,3514,7,43387,0
43412118,43397,1,382,0,-106,-7178,-7594,3515,7,43397,0
43422118,43407,1,381,0,-135,-6230,-7076,3516,7,43407,0
43432123,43417,1,379,0,-179,-4978,-5875,3517,7,43417,0
43442118,43427,1,377,0,-179,-3484,-4752,3518,7,43427,0
43452120,43437,1,376,0,-216,-1819,-3365,3520,7,43437,0
43462133,43447,1,374,0,-164,-64,-1548,3521,7,43447,0
43472118,43457,1,372,0,-120,1690,-454,3522,7,43457,0
43482122,43467,1,374,0,106,3367,1264,3523,7,43467,0
43492118,43477,1,374,0,-32,4877,3804,3524,7,43477,0
43502120,43487,1,372,0,-69,6152,5006,3526,7,43487,0
43512118,43497,1,372,0,-62,7125,6227,3527,7,43497,0
43522119,43507,1,372,0,-10,7750,7115,3528,7,43507,0
43532138,43517,1,372,0,25,7996,7653,3529,7,43517,0
43542118,43527,1,372,0,54,7851,7868,3530,7,43527,0
43552120,43537,1,374,0,91,7320,7682,3532,7,43537,0
43562118,43547,1,375,0,142,6430,7067,3533,7,43547,0
43572118,43557,1,376,0,150,5224,6275,3534,7,43557,0
43582118,43567,1,378,0,179,3761,4840,3535,7,43567,0
43592118,43577,1,380,0,164,2113,3482,3536,7,43577,0
43602135,43587,1,382,0,179,356,2026,3538,7,43587,0
43612118,43597,1,382,0,54,-1411,620,3539,7,43597,0
43622122,43607,1,381,0,-62,-3113,-1089,3540,7,43607,0
43632119,43617,1,382,0,69,-4663,-3462,3541,7,43617,0
43642118,43627,1,383,0,91,-5982,-4849,3542,7,43627,0
43652118,43637,1,383,0,47,-7007,-6031,3544,7,43637,0
43662118,43647,1,383,0,-3,-7687,-7018,3545,7,43647,0
43672137,43657,1,383,0,-25,-7986,-7633,3546,7,43657,0
43682118,43667,1,382,0,-69,-7891,-7887,3547,7,43667,0
43692118,43677,1,381,0,-106,-7405,-7829,3548,7,43677,0
43702117,43687,1,380,0,-113,-6552,-7174,3550,7,43687,0
43712118,43697,1,379,0,-172,-5374,-6334,3551,7,43697,0
43722122,43707,1,377,0,-172,-3929,-5074,3552,7,43707,0
43732118,43717,1,375,0,-157,-2289,-3785,3553,7,43717,0
43742135,43727,1,373,0,-223,-531,-2007,3554,7,43727,0
43752118,43737,1,372,0,-106,1246,-766,3556,7,43737,0
43762118,43747,1,373,0,106,2966,717,3557,7,43747,0
43772122,43757,1,373,0,-18,4540,3257,3558,7,43757,0
43782118,43767,1,372,0,-120,5887,4742,3559,7,43767,0
43792120,43777,1,371,0,-69,6943,5982,3560,7,43777,0
43802118,43787,1,371,0,-25,7651,6949,3562,7,43787,0
43812133,43797,1,371,0,3,7979,7604,3563,7,43797,0
43822122,43807,1,372,0,47,7908,7838,3564,7,43807,0
43832119,43817,1,372,0,84,7442,7750,3565,7,43817,0
43842120,43827,1,374,0,113,6603,7223,3566,7,43827,0
43852118,43837,1,376,0,164,5435,6393,3568,7,43837,0
43862118,43847,1,377,0,164,3994,5162,3569,7,43847,0
43872122,43857,1,379,0,179,2352,3755,3570,7,43857,0
43882133,43867,1,381,0,172,589,2046,3571,7,43867,0
43892120,43877,1,382,0,106,-1199,805,3572,7,43877,0
43902118,43887,1,381,0,-91,-2929,-717,3574,7,43887,0
43912122,43897,1,381,0,-32,-4514,-3072,3575,7,43897,0
43922118,43907,1,382,0,84,-5871,-4732,3576,7,43907,0
43932119,43917,1,382,0,40,-6935,-5943,3577,7,43917,0
43942119,43927,1,382,0,10,-7649,-6930,3578,7,43927,0
43952133,43937,1,382,0,-25,-7979,-7614,3580,7,43937,0
43962122,43947,1,382,0,-76,-7906,-7926,3581,7,43947,0
43972118,43957,1,381,0,-106,-7435,-7731,3582,7,43957,0
43982118,43967,1,379,0,-150,-6588,-7174,3583,7,43967,0
43992120,43977,1,378,0,-142,-5408,-6363,3584,7,43977,0
44002118,43987,1,376,0,-201,-3955,-5289,3586,7,43987,0
44012121,43997,1,374,0,-201,-2301,-3570,3587,7,43997,0
44022133,44007,1,372,0,-164,-528,-2163,3588,7,44007,0
44032120,44017,1,370,0,-230,1267,-620,3589,7,44017,0
44042118,44027,1,371,0,106,3001,522,3590,7,44027,0
44052118,44037,1,372,0,120,4585,3218,3592,7,44037,0
44062121,44047,1,371,0,-113,5936,4742,3593,7,44047,0
44072118,44057,1,370,0,-91,6986,5982,3594,7,44057,0
44082119,44067,1,369,0,-32,7681,6949,3595,7,44067,0
44092133,44077,1,370,0,18,7987,7614,3596,7,44077,0
44102118,44087,1,371,0,69,7886,7897,3598,7,44087,0
44112122,44097,1,371,0,98,7383,7692,3599,7,44097,0
44122117,44107,1,373,0,120,6505,7184,3600,7,44107,0
44132121,44117,1,374,0,150,5294,6217,3601,7,44117,0
44142118,44127,1,376,0,172,3813,5162,3602,7,44127,0
44152118,44137,1,378,0,186,2138,3413,3604,7,44137,0
44162137,44147,1,379,0,128,348,1987,3605,7,44147,0
44172118,44157,1,382,0,238,-1452,444,3606,7,44157,0
44182120,44167,1,381,0,-142,-3183,-786,3607,7,44167,0
44192118,44177,1,380,0,-98,-4751,-3433,3608,7,44177,0
44202119,44187,1,381,0,106,-6077,-4918,3610,7,44187,0
44212118,44197,1,382,0,54,-7091,-6158,3611,7,44197,0
44222118,44207,1,382,0,-3,-7742,-7086,3612,7,44207,0
44232135,44217,1,382,0,-32,-7997,-7692,3613,7,44217,0
44242118,44227,1,381,0,-69,-7840,-7907,3614,7,44227,0
44252120,44237,1,380,0,-98,-7281,-7633,3616,7,44237,0
44262117,44247,1,379,0,-150,-6348,-7106,3617,7,44247,0
44272118,44257,1,377,0,-164,-5087,-6061,3618,7,44257,0
44282120,44267,1,375,0,-157,-3564,-4967,3619,7,44267,0
44292118,44277,1,373,0,-208,-1857,-3199,3620,7,44277,0
44302137,44287,1,372,0,-157,-50,-1724,3622,7,44287,0
44312118,44297,1,370,0,-230,1752,-268,3623,7,44297,0
44322118,44307,1,371,0,164,3468,1128,3624,7,44307,0
44332119,44317,1,372,0,-18,5007,4117,3625,7,44317,0
44342118,44327,1,371,0,-84,6287,5172,3626,7,44327,0
44352122,44337,1,370,0,-62,7242,6354,3628,7,44337,0
44362118,44347,1,370,0,-10,7822,7242,3629,7,44347,0
44372133,44357,1,371,0,40,7998,7741,3630,7,44357,0
44382118,44367,1,371,0,84,7760,7809,3631,7,44367,0
44392118,44377,1,372,0,113,7119,7555,3632,7,44377,0
44402122,44387,1,374,0,128,6107,6891,3634,7,44387,0
44412118,44397,1,376,0,179,4780,5865,3635,7,44397,0
44422119,44407,1,377,0,142,3203,4498,3636,7,44407,0
44432120,44417,1,379,0,186,1458,2974,3637,7,44417,0
44442133,44427,1,380,0,135,-363,1304,3638,7,44427,0
44452121,44437,1,382,0,106,-2164,53,3640,7,44437,0
44462118,44447,1,380,0,-135,-3853,-1831,3641,7,44447,0
44472120,44457,1,380,0,62,-5343,-4449,3642,7,44457,0
44482118,44467,1,381,0,69,-6555,-5484,3643,7,44467,0
44492118,44477,1,381,0,25,-7424,-6627,3644,7,44477,0
44502118,44487,1,381,0,10,-7907,-7438,3646,7,44487,0
44512133,44497,1,381,0,-54,-7976,-7809,3647,7,44497,0
44522120,44507,1,380,0,-76,-7628,-7799,3648,7,44507,0
44532119,44517,1,379,0,-142,-6881,-7448,3649,7,44517,0
44542118,44527,1,378,0,-128,-5773,-6686,3650,7,44527,0
44552118,44537,1,376,0,-186,-4362,-5631,3652,7,44537,0
44562118,44547,1,374,0,-164,-2723,-4039,3653,7,44547,0
44572120,44557,1,372,0,-179,-938,-2573,3654,7,44557,0
44582133,44567,1,371,0,-164,896,-903,3655,7,44567,0
44592122,44577,1,370,0,-3,2681,229,3656,7,44577,0
44602118,44587,1,373,0,208,4326,2407,3658,7,44587,0
44612118,44597,1,371,0,-98,5746,4673,3659,7,44597,0
44622118,44607,1,371,0,-84,6863,5846,3660,7,44607,0
44632119,44617,1,371,0,-32,7620,6881,3661,7,44617,0
44642122,44627,1,371,0,3,7974,7584,3662,7,44627,0
44652133,44637,1,371,0,47,7908,7848,3664,7,44637,0
44662118,44647,1,372,0,91,7426,7702,3665,7,44647,0
44672118,44657,1,373,0,113,6550,7223,3666,7,44657,0
44682118,44667,1,375,0,135,5328,6256,3667,7,44667,0
44692122,44677,1,376,0,150,3823,5162,3668,7,44677,0
44702118,44687,1,378,0,179,2117,3433,3670,7,44687,0
44712120,44697,1,380,0,135,297,1948,3671,7,44697,0
44722133,44707,1,382,0,223,-1540,415,3672,7,44707,0
44732119,44717,1,381,0,-120,-3293,-884,3673,7,44717,0
44742122,44727,1,379,0,-128,-4874,-3589,3674,7,44727,0
44752118,44737,1,381,0,76,-6196,-5084,3676,7,44737,0
44762119,44747,1,381,0,62,-7190,-6285,3677,7,44747,0
44772118,44757,1,381,0,-3,-7802,-7213,3678,7,44757,0
44782118,44767,1,381,0,-32,-7999,-7731,3679,7,44767,0
44792133,44777,1,380,0,-62,-7770,-7858,3680,7,44777,0
44802118,44787,1,379,0,-113,-7128,-7604,3682,7,44787,0
44812120,44797,1,378,0,-135,-6105,-6920,3683,7,44797,0
44822118,44807,1,376,0,-164,-4757,-5855,3684,7,44807,0
44832119,44817,1,375,0,-150,-3154,-4498,3685,7,44817,0
44842118,44827,1,373,0,-208,-1382,-2935,3686,7,44827,0
44852118,44837,1,371,0,-142,463,-1274,3688,7,44837,0
44862135,44847,1,370,0,-150,2288,43,3689,7,44847,0
44872118,44857,1,372,0,186,3986,1811,3690,7,44857,0
44882121,44867,1,372,0,-106,5474,4527,3691,7,44867,0
44892117,44877,1,371,0,-84,6668,5680,3692,7,44877,0
44902118,44887,1,371,0,-32,7506,6715,3694,7,44887,0
44912118,44897,1,371,0,3,7941,7496,3695,7,44897,0
44922118,44907,1,371,0,32,7950,7829,3696,7,44907,0
44932138,44917,1,372,0,98,7531,7760,3697,7,44917,0
44942118,44927,1,373,0,106,6709,7340,3698,7,44927,0
44952118,44937,1,375,0,142,5525,6422,3700,7,44937,0
44962118,44947,1,376,0,150,4044,5357,3701,7,44947,0
44972118,44957,1,378,0,172,2344,3658,3702,7,44957,0
44982122,44967,1,379,0,135,516,2163,3703,7,44967,0
44992118,44977,1,381,0,201,-1337,571,3704,7,44977,0
45002135,44987,1,381,0,-98,-3124,-639,3706,7,44987,0
45012118,44997,1,379,0,-164,-4737,-3179,3707,7,44997,0
45022118,45007,1,381,0,91,-6097,-5006,3708,7,45007,0
45032123,45017,1,381,0,47,-7129,-6197,3709,7,45017,0
45042118,45027,1,381,0,-3,-7774,-7145,3710,7,45027,0
45052120,45037,1,381,0,-25,-7999,-7721,3712,7,45037,0
45062118,45047,1,380,0,-54,-7791,-7868,3713,7,45047,0
45072133,45057,1,379,0,-98,-7160,-7604,3714,7,45057,0
45082118,45067,1,378,0,-135,-6142,-6949,3715,7,45067,0
45092118,45077,1,376,0,-179,-4789,-5875,3716,7,45077,0
45102120,45087,1,375,0,-150,-3176,-4556,3718,7,45087,0
45112118,45097,1,373,0,-201,-1390,-2905,3719,7,45097,0
45122118,45107,1,372,0,-128,471,-1304,3720,7,45107,0
45132119,45117,1,370,0,-150,2309,92,3721,7,45117,0
45142133,45127,1,372,0,179,4024,1782,3722,7,45127,0
45152120,45137,1,372,0,-98,5515,4586,3724,7,45137,0
45162118,45147,1,371,0,-84,6708,5728,3725,7,45147,0
45172121,45157,1,371,0,-32,7536,6744,3726,7,45157,0
45182118,45167,1,371,0,3,7953,7526,3727,7,45167,0
45192118,45177,1,372,0,40,7936,7838,3728,7,45177,0
45202118,45187,1,372,0,91,7484,7760,3730,7,45187,0
45212133,45197,1,374,0,113,6622,7262,3731,7,45197,0
45222121,45207,1,375,0,135,5400,6383,3732,7,45207,0
45232119,45217,1,377,0,150,3880,5152,3733,7,45217,0
45242118,45227,1,379,0,172,2148,3579,3734,7,45227,0
45252118,45237,1,380,0,135,297,1919,3736,7,45237,0
45262118,45247,1,382,0,164,-1570,512,3737,7,45247,0
45272121,45257,1,381,0,-135,-3353,-1010,3738,7,45257,0
45282133,45267,1,379,0,-91,-4953,-3638,3739,7,45267,0
45292120,45277,1,381,0,91,-6278,-5133,3740,7,45277,0
45302118,45287,1,381,0,40,-7260,-6363,3742,7,45287,0
45312118,45297,1,381,0,3,-7843,-7291,3743,7,45297,0
45322121,45307,1,381,0,-32,-7994,-7760,3744,7,45307,0
45332118,45317,1,380,0,-62,-7705,-7848,3745,7,45317,0
45342120,45327,1,379,0,-113,-6990,-7526,3746,7,45327,0
45352133,45337,1,378,0,-142,-5888,-6783,3748,7,45337,0
45362118,45347,1,376,0,-186,-4464,-5641,3749,7,45347,0
45372117,45357,1,375,0,-150,-2791,-4205,3750,7,45357,0
45382118,45367,1,373,0,-194,-963,-2573,3751,7,45367,0
45392120,45377,1,372,0,-98,919,-1020,3752,7,45377,0
45402118,45387,1,372,0,47,2749,278,3754,7,45387,0
45412118,45397,1,374,0,135,4429,2866,3755,7,45397,0
45422137,45407,1,372,0,-84,5866,4595,3756,7,45407,0
45432119,45417,1,372,0,-62,6974,5963,3757,7,45417,0
45442120,45427,1,372,0,-10,7697,6959,3758,7,45427,0
45452118,45437,1,372,0,25,7993,7594,3760,7,45437,0
45462122,45447,1,372,0,69,7845,7868,3761,7,45447,0
45472118,45457,1,374,0,113,7261,7672,3762,7,45457,0
45482118,45467,1,375,0,135,6272,6998,3763,7,45467,0
45492135,45477,1,376,0,142,4932,6070,3764,7,45477,0
45502118,45487,1,378,0,172,3321,4566,3766,7,45487,0
45512121,45497,1,380,0,157,1521,3042,3767,7,45497,0
45522118,45507,1,382,0,172,-361,1460,3768,7,45507,0
45532119,45517,1,382,0,-25,-2227,131,3769,7,45517,0
45542118,45527,1,381,0,-84,-3968,-2056,3770,7,45527,0
45552118,45537,1,381,0,84,-5487,-4351,3772,7,45537,0
45562137,45547,1,382,0,69,-6703,-5641,3773,7,45547,0
45572118,45557,1,382,0,32,-7540,-6735,3774,7,45557,0
45582120,45567,1,382,0,10,-7957,-7526,3775,7,45567,0
45592118,45577,1,382,0,-54,-7928,-7877,3776,7,45577,0
45602118,45587,1,381,0,-98,-7455,-7780,3778,7,45587,0
45612122,45597,1,379,0,-135,-6563,-7174,3779,7,45597,0
45622118,45607,1,378,0,-142,-5303,-6373,3780,7,45607,0
45632136,45617,1,376,0,-194,-3741,-5015,3781,7,45617,0
45642118,45627,1,375,0,-164,-1975,-3492,3782,7,45627,0
45652118,45637,1,373,0,-194,-94,-1802,3784,7,45637,0
45662117,45647,1,372,0,-62,1792,-473,3785,7,45647,0
45672118,45657,1,374,0,91,3579,1431,3786,7,45657,0
45682120,45667,1,373,0,-62,5165,4019,3787,7,45667,0
45692118,45677,1,372,0,-91,6459,5318,3788,7,45677,0
45702133,45687,1,372,0,-47,7391,6520,3790,7,45687,0
45712118,45697,1,372,0,-10,7904,7369,3791,7,45697,0
45722118,45707,1,372,0,32,7972,7780,3792,7,45707,0
45732121,45717,1,373,0,84,7588,7819,3793,7,45717,0
45742118,45727,1,374,0,113,6776,7379,3794,7,45727,0
45752122,45737,1,376,0,142,5579,6617,3796,7,45737,0
45762117,45747,1,377,0,150,4067,5289,3797,7,45747,0
45772133,45757,1,379,0,157,2321,3824,3798,7,45757,0
45782118,45767,1,380,0,150,448,2056,3799,7,45767,0
45792118,45777,1,382,0,113,-1453,678,3800,7,45777,0
45802122,45787,1,381,0,-106,-3274,-913,3802,7,45787,0
45812118,45797,1,379,0,-113,-4908,-3443,3803,7,45797,0
45822118,45807,1,381,0,69,-6263,-5094,3804,7,45807,0
45832118,45817,1,381,0,47,-7264,-6344,3805,7,45817,0
45842133,45827,1,381,0,3,-7851,-7282,3806,7,45827,0
45852122,45837,1,381,0,-40,-7991,-7780,3808,7,45837,0
45862118,45847,1,381,0,-69,-7676,-7848,3809,7,45847,0
45872119,45857,1,379,0,-113,-6922,-7467,3810,7,45857,0
45882118,45867,1,378,0,-142,-5774,-6715,3811,7,45867,0
45892118,45877,1,376,0,-172,-4296,-5484,3812,7,45877,0
45902122,45887,1,375,0,-142,-2571,-4087,3814,7,45887,0
45912133,45897,1,373,0,-194,-697,-2300,3815,7,45897,0
45922120,45907,1,372,0,-106,1213,-884,3816,7,45907,0
45932119,45917,1,373,0,113,3056,630,3817,7,45917,0
45942118,45927,1,374,0,76,4725,3238,3818,7,45927,0
45952121,45937,1,373,0,-91,6124,4840,3820,7,45937,0
45962118,45947,1,372,0,-47,7172,6188,3821,7,45947,0
45972120,45957,1,372,0,-3,7809,7164,3822,7,45957,0
45982133,45967,1,372,0,25,7998,7702,3823,7,45967,0
45992118,45977,1,373,0,62,7727,7848,3824,7,45977,0
46002121,45987,1,374,0,106,7012,7516,3826,7,45987,0
46012118,45997,1,376,0,135,5894,6862,3827,7,45997,0
46022120,46007,1,377,0,150,4435,5582,3828,7,46007,0
46032119,46017,1,379,0,172,2721,4205,3829,7,46017,0
46042122,46027,1,380,0,164,849,2407,3830,7,46027,0
46052133,46037,1,382,0,98,-1073,981,3832,7,46037,0
46062118,46047,1,381,0,-98,-2931,-473,3833,7,46047,0
46072119,46057,1,380,0,-91,-4622,-2925,3834,7,46057,0
46082118,46067,1,381,0,84,-6046,-4869,3835,7,46067,0
46092122,46077,1,382,0,54,-7122,-6139,3836,7,46077,0
46102118,46087,1,382,0,3,-7786,-7115,3838,7,46087,0
46112118,46097,1,382,0,-47,-7999,-7731,3839,7,46097,0
46122134,46107,1,381,0,-62,-7749,-7897,3840,7,46107,0
46132119,46117,1,380,0,-113,-7050,-7516,3841,7,46117,0
46142121,46127,1,379,0,-142,-5941,-6852,3842,7,46127,0
46152118,46137,1,377,0,-150,-4489,-5660,3844,7,46137,0
46162119,46147,1,376,0,-164,-2774,-4361,3845,7,46147,0
46172118,46157,1,374,0,-179,-898,-2417,3846,7,46157,0
46182118,46167,1,372,0,-120,1030,-1010,3847,7,46167,0
46192137,46177,1,373,0,113,2903,366,3848,7,46177,0
46202118,46187,1,374,0,106,4601,2905,3850,7,46187,0
46212119,46197,1,373,0,-120,6035,4761,3851,7,46197,0
46222118,46207,1,372,0,-76,7118,6109,3852,7,46207,0
46232119,46217,1,372,0,-18,7786,7096,3853,7,46217,0
46242122,46227,1,372,0,-3,7999,7702,3854,7,46227,0
46252118,46237,1,373,0,47,7746,7868,3856,7,46237,0
46262135,46247,1,374,0,98,7038,7555,3857,7,46247,0
46272118,46257,1,376,0,135,5922,6852,3858,7,46257,0
46282118,46267,1,377,0,135,4457,5631,3859,7,46267,0
46292122,46277,1,379,0,179,2731,4166,3860,7,46277,0
46302118,46287,1,380,0,128,845,2456,3862,7,46287,0
46312119,46297,1,382,0,142,-1092,913,3863,7,46297,0
46322118,46307,1,381,0,-84,-2964,-434,3864,7,46307,0
46332136,46317,1,379,0,-150,-4667,-2837,3865,7,46317,0
46342118,46327,1,381,0,98,-6090,-5006,3866,7,46327,0
46352118,46337,1,381,0,54,-7159,-6197,3868,7,46337,0
46362120,46347,1,381,0,3,-7808,-7184,3869,7,46347,0
46372118,46357,1,381,0,-18,-7997,-7750,3870,7,46357,0
46382122,46367,1,381,0,-54,-7716,-7858,3871,7,46367,0
46392118,46377,1,379,0,-120,-6980,-7506,3872,7,46377,0
46402133,46387,1,378,0,-135,-5830,-6754,3874,7,46387,0
46412120,46397,1,377,0,-157,-4340,-5543,3875,7,46397,0
46422118,46407,1,375,0,-135,-2592,-4136,3876,7,46407,0
46432123,46417,1,373,0,-179,-689,-2271,3877,7,46417,0
46442118,46427,1,372,0,-91,1252,-864,3878,7,46427,0
46452118,46437,1,374,0,120,3122,669,3880,7,46437,0
46462118,46447,1,374,0,113,4808,3238,3881,7,46447,0
46472133,46457,1,373,0,-91,6212,4908,3882,7,46457,0
46482122,46467,1,373,0,-54,7244,6256,3883,7,46467,0
46492118,46477,1,372,0,-10,7849,7242,3884,7,46477,0
46502119,46487,1,373,0,32,7989,7750,3886,7,46487,0
46512118,46497,1,374,0,69,7655,7848,3887,7,46497,0
46522118,46507,1,375,0,106,6867,7448,3888,7,46507,0
46532123,46517,1,376,0,135,5669,6695,3889,7,46517,0
46542133,46527,1,377,0,142,4133,5289,3890,7,46527,0
46552120,46537,1,379,0,150,2354,3892,3892,7,46537,0
46562118,46547,1,381,0,157,433,2056,3893,7,46547,0
46572118,46557,1,382,0,84,-1513,688,3894,7,46557,0
46582122,46567,1,381,0,-113,-3372,-1040,3895,7,46567,0
46592118,46577,1,380,0,-98,-5029,-3570,3896,7,46577,0
46602120,46587,1,381,0,69,-6388,-5201,3898,7,46587,0
46612133,46597,1,381,0,47,-7366,-6451,3899,7,46597,0
46622118,46607,1,381,0,-3,-7902,-7379,3900,7,46607,0
46632119,46617,1,381,0,-47,-7968,-7799,3901,7,46617,0
46642118,46627,1,380,0,-69,-7557,-7809,3902,7,46627,0
46652119,46637,1,379,0,-113,-6693,-7379,3904,7,46637,0
46662118,46647,1,378,0,-142,-5428,-6451,3905,7,46647,0
46672118,46657,1,376,0,-186,-3838,-5201,3906,7,46657,0
46682133,46667,1,375,0,-142,-2014,-3570,3907,7,46667,0
46692118,46677,1,373,0,-186,-75,-1841,3908,7,46677,0
46702120,46687,1,372,0,-32,1873,-463,3910,7,46687,0
46712118,46697,1,374,0,120,3708,1509,3911,7,46697,0
46722122,46707,1,374,0,-3,5322,4214,3912,7,46707,0
46732119,46717,1,373,0,-62,6615,5387,3913,7,46717,0
46742118,46727,1,373,0,-40,7511,6647,3914,7,46727,0
46752133,46737,1,373,0,-3,7956,7496,3916,7,46737,0
46762118,46747,1,373,0,47,7920,7848,3917,7,46747,0
46772121,46757,1,374,0,76,7407,7731,3918,7,46757,0
46782117,46767,1,375,0,98,6448,7233,3919,7,46767,0
46792118,46777,1,376,0,113,5099,6246,3920,7,46777,0
46802118,46787,1,378,0,157,3441,4722,3922,7,46787,0
46812118,46797,1,379,0,128,1576,3179,3923,7,46797,0
46822137,46807,1,381,0,172,-389,1391,3924,7,46807,0
46832118,46817,1,381,0,10,-2324,112,3925,7,46817,0
46842120,46827,1,380,0,-120,-4124,-2036,3926,7,46827,0
46852118,46837,1,380,0,62,-5673,-4693,3928,7,46837,0
46862118,46847,1,381,0,54,-6879,-5816,3929,7,46847,0
46872121,46857,1,381,0,18,-7669,-6920,3930,7,46857,0
46882118,46867,1,381,0,-18,-7993,-7633,3931,7,46867,0
46892135,46877,1,380,0,-54,-7831,-7848,3932,7,46877,0
46902119,46887,1,379,0,-91,-7194,-7633,3934,7,46887,0
46912118,46897,1,378,0,-106,-6120,-6989,3935,7,46897,0
46922118,46907,1,376,0,-150,-4672,-5875,3936,7,46907,0
46932119,46917,1,375,0,-142,-2939,-4449,3937,7,46917,0
46942120,46927,1,373,0,-179,-1027,-2612,3938,7,46927,0
46952118,46937,1,372,0,-91,946,-1089,3940,7,46937,0
46962134,46947,1,373,0,98,2867,297,3941,7,46947,0
46972117,46957,1,374,0,106,4608,2847,3942,7,46957,0
46982118,46967,1,373,0,-106,6071,4781,3943,7,46967,0
46992119,46977,1,372,0,-69,7163,6139,3944,7,46977,0
47002118,46987,1,372,0,-10,7818,7145,3946,7,46987,0
47012121,46997,1,373,0,32,7995,7731,3947,7,46997,0
47022118,47007,1,374,0,54,7682,7868,3948,7,47007,0
47032134,47017,1,374,0,106,6897,7457,3949,7,47017,0
47042118,47027,1,376,0,120,5693,6725,3950,7,47027,0
47052118,47037,1,377,0,128,4137,5357,3952,7,47037,0
47062121,47047,1,379,0,142,2326,3882,3953,7,47047,0
47072118,47057,1,380,0,142,373,2075,3954,7,47057,0
47082118,47067,1,382,0,113,-1603,600,3955,7,47067,0
47092118,47077,1,381,0,-120,-3481,-1020,3956,7,47077,0
47102134,47087,1,379,0,-142,-5149,-3804,3958,7,47087,0
47112122,47097,1,380,0,54,-6497,-5338,3959,7,47097,0
47122118,47107,1,381,0,18,-7446,-6549,3960,7,47107,0
47132120,47117,1,381,0,-3,-7937,-7448,3961,7,47117,0
47142118,47127,1,380,0,-40,-7938,-7809,3962,7,47127,0
47152118,47137,1,379,0,-84,-7451,-7770,3964,7,47137,0
47162122,47147,1,378,0,-98,-6502,-7272,3965,7,47147,0
47172133,47157,1,377,0,-135,-5150,-6227,3966,7,47157,0
47182119,47167,1,376,0,-142,-3483,-4976,3967,7,47167,0
47192118,47177,1,374,0,-157,-1599,-3120,3968,7,47177,0
47202118,47187,1,372,0,-128,384,-1538,3970,7,47187,0
47212118,47197,1,372,0,18,2345,-151,3971,7,47197,0
47222118,47207,1,374,0,113,4162,2134,3972,7,47207,0
47232121,47217,1,373,0,-113,5721,4566,3973,7,47217,0
47242134,47227,1,373,0,-69,6927,5826,3974,7,47227,0
47252118,47237,1,372,0,-18,7700,6949,3976,7,47237,0
47262118,47247,1,373,0,3,7997,7643,3977,7,47247,0
47272118,47257,1,373,0,40,7797,7887,3978,7,47257,0
47282120,47267,1,374,0,91,7112,7584,3979,7,47267,0
47292118,47277,1,376,0,128,5985,6920,3980,7,47277,0
47302121,47287,1,377,0,128,4484,5728,3982,7,47287,0
47312133,47297,1,378,0,157,2702,4175,3983,7,47297,0
47322118,47307,1,380,0,135,756,2456,3984,7,47307,0
47332119,47317,1,381,0,164,-1241,776,3985,7,47317,0
47342118,47327,1,381,0,-62,-3160,-561,3986,7,47327,0
47352121,47337,1,379,0,-245,-4884,-3091,3988,7,47337,0
47362118,47347,1,380,0,62,-6303,-5133,3989,7,47347,0
47372118,47357,1,380,0,32,-7328,-6383,3990,7,47357,0
47382133,47367,1,380,0,3,-7895,-7330,3991,7,47367,0
47392118,47377,1,380,0,-40,-7968,-7780,3992,7,47377,0
47402122,47387,1,379,0,-76,-7542,-7848,3994,7,47387,0
47412118,47397,1,378,0,-106,-6644,-7379,3995,7,47397,0
47422120,47407,1,376,0,-157,-5328,-6383,3996,7,47407,0
47432119,47417,1,375,0,-128,-3678,-5094,3997,7,47417,0
47442118,47427,1,373,0,-186,-1797,-3345,3998,7,47427,0
47452137,47437,2,372,0,-142,571,-1684,0,7,47437,0
47462118,47447,2,371,0,-91,366,-336,0,7,47447,0
47472120,47457,2,371,0,-54,219,92,0,7,47457,0
47482118,47467,2,370,0,-91,366,219,0,7,47467,0
47492118,47477,2,370,0,-32,131,200,0,7,47477,0
47502118,47487,2,369,0,-84,336,249,0,7,47487,0
47512118,47497,2,367,0,-150,600,336,0,7,47497,0
47522135,47507,2,367,0,-91,366,376,0,7,47507,0
47532119,47517,2,366,0,-69,278,336,0,7,47517,0
47542118,47527,2,365,0,-113,454,336,0,7,47527,0
47552118,47537,2,365,0,-32,131,278,0,7,47537,0
47562117,47547,2,365,0,-32,131,200,0,7,47547,0
47572120,47557,2,364,0,-32,131,141,0,7,47557,0
47582118,47567,2,364,0,-3,14,73,0,7,47567,0
47592137,47577,2,364,0,3,-14,34,0,7,47577,0
47602118,47587,2,364,0,-3,14,4,0,7,47587,0
47612118,47597,2,364,0,-10,43,-4,0,7,47597,0
47622118,47607,2,364,0,-3,14,14,0,7,47607,0
47632119,47617,2,364,0,-3,14,4,0,7,47617,0
47642122,47627,2,364,0,-10,43,14,0,7,47627,0
47652118,47637,2,364,0,-3,14,14,0,7,47637,0
47662133,47647,3,364,0,-10,0,4,0,7,47647,0
47672118,47657,3,364,0,-3,0,-4,0,7,47657,0
47682119,47667,3,364,0,3,0,-14,0,7,47667,0
47692122,47677,3,364,0,-3,0,-4,0,7,47677,0
47702118,47687,3,364,0,-3,0,-4,0,7,47687,0
47712120,47697,3,364,0,-3,0,-14,0,7,47697,0
47722118,47707,3,364,0,10,0,-4,0,7,47707,0
47732134,47717,3,364,0,-10,0,-4,0,7,47717,0
47742122,47727,3,364,0,-10,0,-4,0,7,47727,0
47752118,47737,3,364,0,3,0,-14,0,7,47737,0
47762120,47747,3,364,0,-10,0,-14,0,7,47747,0
47772118,47757,3,364,0,-3,0,-4,0,7,47757,0
47782118,47767,3,364,0,3,0,-4,0,7,47767,0
47792118,47777,3,364,0,18,0,-14,0,7,47777,0
47802133,47787,3,364,0,10,0,-14,0,7,47787,0
47812120,47797,3,364,0,-3,0,-4,0,7,47797,0
47822118,47807,3,364,0,-10,0,-4,0,7,47807,0
47832119,47817,3,364,0,3,0,-14,0,7,47817,0
47842118,47827,3,364,0,-3,0,-14,0,7,47827,0
47852118,47837,3,364,0,-18,0,-14,0,7,47837,0
47862120,47847,3,364,0,-18,0,-4,0,7,47847,0
47872134,47857,3,364,0,-10,0,-4,0,7,47857,0
47882121,47867,3,364,0,3,0,-4,0,7,47867,0
47892118,47877,3,364,0,-3,0,-4,0,7,47877,0
47902118,47887,3,364,0,3,0,-14,0,7,47887,0
47912118,47897,3,364,0,-3,0,-14,0,7,47897,0
47922118,47907,3,364,0,-3,0,-14,0,7,47907,0
47932123,47917,3,364,0,-10,0,-4,0,7,47917,0
47942133,47927,3,364,0,10,0,-4,0,7,47927,0
47952117,47937,3,364,0,3,0,-14,0,7,47937,0
47962118,47947,3,364,0,-10,0,-14,0,7,47947,0
47972118,47957,3,364,0,-10,0,-14,0,7,47957,0
47982122,47967,3,364,0,-3,0,-14,0,7,47967,0
47992118,47977,3,364,0,3,0,-14,0,7,47977,0
48002120,47987,3,364,0,-3,0,-4,0,7,47987,0
48012133,47997,3,364,0,-10,0,-4,0,7,47997,0
48022118,48007,3,364,0,-3,0,-14,0,7,48007,0
48032123,48017,3,364,0,-18,0,-4,0,7,48017,0
48042118,48027,3,364,0,10,0,-14,0,7,48027,0
48052120,48037,3,364,0,-3,0,-14,0,7,48037,0
48062118,48047,3,364,0,-18,0,-14,0,7,48047,0
48072118,48057,3,364,0,3,0,-14,0,7,48057,0
48082137,48067,3,364,0,-3,0,-4,0,7,48067,0
48092118,48077,3,364,0,-10,0,-4,0,7,48077,0
48102120,48087,3,364,0,3,0,-4,0,7,48087,0
48112118,48097,3,364,0,-3,0,-4,0,7,48097,0
48122118,48107,3,364,0,3,0,-4,0,7,48107,0
48132123,48117,3,364,0,-18,0,-4,0,7,48117,0
48142118,48127,3,364,0,-3,0,-4,0,7,48127,0
48152135,48137,3,364,0,-3,0,-14,0,7,48137,0
48162118,48147,3,364,0,-10,0,-4,0,7,48147,0
48172122,48157,3,364,0,-10,0,-4,0,7,48157,0
48182118,48167,3,364,0,-10,0,-14,0,7,48167,0
48192118,48177,3,364,0,-3,0,-14,0,7,48177,0
48202120,48187,3,364,0,3,0,-4,0,7,48187,0
48212118,48197,3,364,0,-3,0,-14,0,7,48197,0
48222137,48207,3,364,0,-3,0,-14,0,7,48207,0
48232119,48217,3,364,0,3,0,-14,0,7,48217,0
48242118,48227,3,364,0,-10,0,-4,0,7,48227,0
48252120,48237,3,364,0,-3,0,-4,0,7,48237,0
48262118,48247,3,364,0,3,0,-4,0,7,48247,0
48272121,48257,3,364,0,-10,0,-4,0,7,48257,0
48282118,48267,3,364,0,-3,0,-14,0,7,48267,0
48292135,48277,3,364,0,3,0,-4,0,7,48277,0
48302118,48287,3,364,0,10,0,-4,0,7,48287,0
48312118,48297,3,364,0,-10,0,-14,0,7,48297,0
48322122,48307,3,364,0,-3,0,-14,0,7,48307,0
48332119,48317,3,364,0,-3,0,-4,0,7,48317,0
48342120,48327,3,364,0,-3,0,-4,0,7,48327,0
48352118,48337,3,364,0,-3,0,-4,0,7,48337,0
48362134,48347,3,364,0,3,0,-4,0,7,48347,0
48372122,48357,3,364,0,3,0,-4,0,7,48357,0
48382118,48367,3,364,0,-10,0,-4,0,7,48367,0
48392120,48377,3,364,0,3,0,-4,0,7,48377,0
48402118,48387,3,364,0,-10,0,-4,0,7,48387,0
48412119,48397,3,364,0,-10,0,-4,0,7,48397,0
48422122,48407,3,364,0,3,0,-4,0,7,48407,0
48432134,48417,3,364,0,3,0,-4,0,7,48417,0
48442120,48427,3,364,0,-10,0,-14,0,7,48427,0
48452118,48437,3,364,0,3,0,-4,0,7,48437,0
48462122,48447,3,364,0,-10,0,-4,0,7,48447,0
48472118,48457,3,364,0,-10,0,-14,0,7,48457,0
48482118,48467,3,364,0,-3,0,-4,0,7,48467,0
48492120,48477,3,364,0,-3,0,-4,0,7,48477,0
48502133,48487,3,364,0,3,0,-14,0,7,48487,0
48512122,48497,3,364,0,10,0,-4,0,7,48497,0
48522118,48507,3,364,0,-3,0,-4,0,7,48507,0
48532119,48517,3,364,0,-10,0,-4,0,7,48517,0
48542120,48527,3,364,0,-10,0,-14,0,7,48527,0
48552118,48537,3,364,0,-3,0,-4,0,7,48537,0
48562122,48547,3,364,0,3,0,-4,0,7,48547,0
48572133,48557,3,364,0,-10,0,-24,0,7,48557,0
48582120,48567,3,364,0,-3,0,-14,0,7,48567,0
48592119,48577,3,364,0,3,0,-14,0,7,48577,0
48602118,48587,3,364,0,-10,0,-4,0,7,48587,0
48612122,48597,3,364,0,-10,0,-14,0,7,48597,0
48622118,48607,3,364,0,-3,0,-4,0,7,48607,0
48632120,48617,3,364,0,-3,0,-14,0,7,48617,0
48642133,48627,3,364,0,-3,0,-4,0,7,48627,0
48652118,48637,3,364,0,-3,0,-14,0,7,48637,0
48662122,48647,3,364,0,3,0,-4,0,7,48647,0
48672118,48657,3,364,0,10,0,-4,0,7,48657,0
48682120,48667,3,364,0,3,0,-14,0,7,48667,0
48692118,48677,3,364,0,-3,0,-14,0,7,48677,0
48702119,48687,3,364,0,-3,0,-4,0,7,48687,0
48712137,48697,3,364,0,3,0,-14,0,7,48697,0
48722118,48707,3,364,0,-3,0,-14,0,7,48707,0
48732121,48717,3,364,0,-10,0,-4,0,7,48717,0
48742118,48727,3,364,0,10,0,-14,0,7,48727,0
48752118,48737,3,364,0,-10,0,-14,0,7,48737,0
48762118,48747,3,364,0,-18,0,-14,0,7,48747,0
48772118,48757,3,364,0,3,0,-14,0,7,48757,0
48782135,48767,3,364,0,-10,0,-14,0,7,48767,0
48792118,48777,3,364,0,-10,0,-14,0,7,48777,0
48802119,48787,3,364,0,-3,0,-4,0,7,48787,0
48812118,48797,3,364,0,-10,0,-4,0,7,48797,0
48822118,48807,3,364,0,3,0,-14,0,7,48807,0
48832121,48817,3,364,0,-10,0,-4,0,7,48817,0
48842118,48827,3,364,0,-3,0,-14,0,7,48827,0
48852137,48837,3,364,0,-3,0,-14,0,7,48837,0
48862118,48847,3,364,0,-10,0,-14,0,7,48847,0
48872118,48857,3,364,0,10,0,-14,0,7,48857,0
48882118,48867,3,364,0,-10,0,-14,0,7,48867,0
48892118,48877,3,364,0,-3,0,-4,0,7,48877,0
48902122,48887,3,364,0,-10,0,-4,0,7,48887,0
48912118,48897,3,364,0,-10,0,-4,0,7,48897,0
48922133,48907,3,364,0,-3,0,-4,0,7,48907,0
48932119,48917,3,364,0,3,0,-14,0,7,48917,0
48942119,48927,3,364,0,3,0,-4,0,7,48927,0
48952122,48937,3,364,0,-3,0,-4,0,7,48937,0
48962118,48947,3,364,0,-10,0,-14,0,7,48947,0
48972119,48957,3,364,0,-10,0,-4,0,7,48957,0
48982118,48967,3,364,0,-3,0,-14,0,7,48967,0
48992134,48977,3,364,0,3,0,-14,0,7,48977,0
49002122,48987,3,364,0,-3,0,-14,0,7,48987,0
49012118,48997,3,364,0,-3,0,-14,0,7,48997,0
49022120,49007,3,364,0,-3,0,-4,0,7,49007,0
49032119,49017,3,364,0,-3,0,-4,0,7,49017,0
49042119,49027,3,364,0,10,0,-4,0,7,49027,0
49052118,49037,3,364,0,-3,0,-14,0,7,49037,0
49062133,49047,3,364,0,-3,0,-4,0,7,49047,0
49072120,49057,3,364,0,-18,0,-14,0,7,49057,0
49082118,49067,3,364,0,10,0,-4,0,7,49067,0
49092118,49077,3,364,0,10,0,-14,0,7,49077,0
49102118,49087,3,364,0,-3,0,-4,0,7,49087,0
49112118,49097,3,364,0,3,0,-14,0,7,49097,0
49122120,49107,3,364,0,-10,0,-14,0,7,49107,0
49132134,49117,3,364,0,-10,0,-14,0,7,49117,0
49142121,49127,3,364,0,-3,0,-14,0,7,49127,0
49152118,49137,3,364,0,3,0,-4,0,7,49137,0
49162118,49147,3,364,0,-10,0,-14,0,7,49147,0
49172118,49157,3,364,0,-10,0,-14,0,7,49157,0
49182118,49167,3,364,0,3,0,-4,0,7,49167,0
49192122,49177,3,364,0,-10,0,-14,0,7,49177,0
49202134,49187,3,364,0,10,0,-4,0,7,49187,0
49212118,49197,3,364,0,-10,0,-14,0,7,49197,0
49222118,49207,3,364,0,-18,0,-4,0,7,49207,0
49232119,49217,3,364,0,3,0,-14,0,7,49217,0
49242122,49227,3,364,0,-10,0,-14,0,7,49227,0
49252118,49237,3,364,0,-10,0,-4,0,7,49237,0
49262120,49247,3,364,0,-10,0,-14,0,7,49247,0
49272134,49257,3,364,0,-3,0,-4,0,7,49257,0
49282118,49267,3,364,0,-10,0,-4,0,7,49267,0
49292122,49277,3,364,0,10,0,-4,0,7,49277,0
49302118,49287,3,364,0,-3,0,-4,0,7,49287,0
49312120,49297,3,364,0,-18,0,-14,0,7,49297,0
49322118,49307,3,364,0,3,0,-14,0,7,49307,0
49332119,49317,3,364,0,-3,0,-14,0,7,49317,0
49342133,49327,3,364,0,-10,0,-14,0,7,49327,0
49352117,49337,3,364,0,-3,0,-14,0,7,49337,0
49362120,49347,3,364,0,-3,0,-14,0,7,49347,0
49372118,49357,3,364,0,-10,0,-14,0,7,49357,0
49382118,49367,3,364,0,-3,0,-4,0,7,49367,0
49392118,49377,3,364,0,-3,0,-4,0,7,49377,0
49402118,49387,3,364,0,10,0,-14,0,7,49387,0
49412135,49397,3,364,0,3,0,-4,0,7,49397,0
49422118,49407,3,364,0,-3,0,-4,0,7,49407,0
49432123,49417,3,364,0,-25,0,-4,0,7,49417,0
49442118,49427,3,364,0,3,0,-4,0,7,49427,0
49452118,49437,3,364,0,-3,0,-4,0,7,49437,0
49462118,49447,3,364,0,-10,0,-4,0,7,49447,0
49472118,49457,3,364,0,-3,0,-4,0,7,49457,0
49482137,49467,3,364,0,-3,0,-14,0,7,49467,0
49492118,49477,3,364,0,3,0,-4,0,7,49477,0
49502118,49487,3,364,0,-3,0,-4,0,7,49487,0
49512118,49497,3,364,0,-3,0,-14,0,7,49497,0
49522118,49507,3,364,0,-3,0,-4,0,7,49507,0
49532122,49517,3,364,0,-10,0,-4,0,7,49517,0
49542118,49527,3,364,0,3,0,-4,0,7,49527,0
49552135,49537,3,364,0,-10,0,-4,0,7,49537,0
49562118,49547,3,364,0,-3,0,-14,0,7,49547,0
49572118,49557,3,364,0,3,0,-14,0,7,49557,0
49582122,49567,3,364,0,-3,0,-14,0,7,49567,0
49592118,49577,3,364,0,-10,0,-4,0,7,49577,0
49602120,49587,3,364,0,3,0,-14,0,7,49587,0
49612118,49597,3,364,0,-3,0,-4,0,7,49597,0
49622134,49607,3,364,0,3,0,-4,0,7,49607,0
49632119,49617,3,364,0,-18,0,-14,0,7,49617,0
49642118,49627,3,364,0,3,0,-4,0,7,49627,0
49652120,49637,3,364,0,3,0,-14,0,7,49637,0
49662118,49647,3,364,0,3,0,-4,0,7,49647,0
49672118,49657,3,364,0,-25,0,-14,0,7,49657,0
49682118,49667,3,364,0,3,0,-14,0,7,49667,0
49692133,49677,3,364,0,-10,0,-4,0,7,49677,0
49702121,49687,3,364,0,-10,0,-4,0,7,49687,0
49712118,49697,3,364,0,-10,0,-14,0,7,49697,0
49722122,49707,3,364,0,-3,0,-14,0,7,49707,0
49732119,49717,3,364,0,-10,0,-14,0,7,49717,0
49742118,49727,3,364,0,3,0,-4,0,7,49727,0
49752118,49737,3,364,0,-3,0,-14,0,7,49737,0
49762134,49747,3,364,0,3,0,-4,0,7,49747,0
49772121,49757,3,364,0,-3,0,-4,0,7,49757,0
49782118,49767,3,364,0,3,0,-14,0,7,49767,0
49792118,49777,3,364,0,-3,0,-4,0,7,49777,0
49802119,49787,3,364,0,3,0,-14,0,7,49787,0
49812118,49797,3,364,0,3,0,-14,0,7,49797,0
49822122,49807,3,364,0,-18,0,-14,0,7,49807,0
49832134,49817,3,364,0,3,0,-14,0,7,49817,0
49842120,49827,3,364,0,-3,0,-14,0,7,49827,0
49852118,49837,3,364,0,-3,0,4,0,7,49837,0
49862118,49847,3,364,0,-10,0,-4,0,7,49847,0
49872122,49857,3,364,0,3,0,-14,0,7,49857,0
49882118,49867,3,364,0,-3,0,-4,0,7,49867,0
49892120,49877,3,364,0,-3,0,-14,0,7,49877,0
49902134,49887,3,364,0,3,0,-4,0,7,49887,0
49912118,49897,3,364,0,-10,0,-4,0,7,49897,0
49922118,49907,3,364,0,-18,0,-4,0,7,49907,0
49932119,49917,3,364,0,-3,0,-14,0,7,49917,0
49942120,49927,3,364,0,-3,0,-4,0,7,49927,0
49952118,49937,3,364,0,-3,0,-14,0,7,49937,0
49962118,49947,3,364,0,-10,0,-14,0,7,49947,0
49972138,49957,3,364,0,3,0,-14,0,7,49957,0
49982118,49967,3,364,0,10,0,-4,0,7,49967,0
49992120,49977,3,364,0,-3,0,-14,0,7,49977,0
50002118,49987,3,364,0,10,0,-14,0,7,49987,0
50012122,49997,3,364,0,-3,0,-4,0,7,49997,0
50022118,50007,3,364,0,3,0,-14,0,7,50007,0
50032119,50017,3,364,0,-3,0,-14,0,7,50017,0
50042136,50027,3,364,0,3,0,-4,0,7,50027,0
50052118,50037,3,364,0,-10,0,-14,0,7,50037,0
50062122,50047,3,364,0,-10,0,-14,0,7,50047,0
50072118,50057,3,364,0,-10,0,-4,0,7,50057,0
50082118,50067,3,364,0,10,0,-14,0,7,50067,0
50092118,50077,3,364,0,-3,0,-14,0,7,50077,0
50102119,50087,3,364,0,3,0,-14,0,7,50087,0
50112138,50097,3,364,0,-3,0,-4,0,7,50097,0
50122118,50107,3,364,0,-10,0,-14,0,7,50107,0
50132121,50117,3,364,0,-10,0,-4,0,7,50117,0
50142118,50127,3,364,0,3,0,-4,0,7,50127,0
50152119,50137,3,364,0,10,0,-4,0,7,50137,0
50162122,50147,3,364,0,-3,0,-14,0,7,50147,0
50172118,50157,3,364,0,-3,0,-4,0,7,50157,0
50182135,50167,3,364,0,10,0,-4,0,7,50167,0
50192118,50177,3,364,0,-10,0,-4,0,7,50177,0
50202118,50187,3,364,0,3,0,-4,0,7,50187,0
50212122,50197,3,364,0,-10,0,-4,0,7,50197,0
50222118,50207,3,364,0,3,0,-4,0,7,50207,0
50232121,50217,3,364,0,-10,0,-4,0,7,50217,0
50242118,50227,3,364,0,-10,0,-4,0,7,50227,0
50252133,50237,3,364,0,3,0,-4,0,7,50237,0
50262122,50247,3,364,0,-3,0,-4,0,7,50247,0
50272118,50257,3,364,0,3,0,-4,0,7,50257,0
50282120,50267,3,364,0,-18,0,-14,0,7,50267,0
50292118,50277,3,364,0,3,0,-14,0,7,50277,0
50302122,50287,3,364,0,3,0,-14,0,7,50287,0
50312118,50297,3,364,0,-3,0,-4,0,7,50297,0
50322133,50307,3,364,0,-18,0,-4,0,7,50307,0
50332121,50317,3,364,0,3,0,-14,0,7,50317,0
50342118,50327,3,364,0,10,0,-4,0,7,50327,0
50352122,50337,3,364,0,3,0,-14,0,7,50337,0
50362118,50347,3,364,0,-10,0,-14,0,7,50347,0
50372118,50357,3,364,0,-3,0,-4,0,7,50357,0
50382120,50367,3,364,0,-10,0,-14,0,7,50367,0
50392133,50377,3,364,0,-3,0,-14,0,7,50377,0
50402122,50387,3,364,0,-3,0,-4,0,7,50387,0
50412118,50397,3,364,0,3,0,-4,0,7,50397,0
50422120,50407,3,364,0,18,0,-4,0,7,50407,0
50432119,50417,3,364,0,3,0,-4,0,7,50417,0
50442118,50427,3,364,0,10,0,-4,0,7,50427,0
50452122,50437,3,364,0,-10,0,-14,0,7,50437,0
50462133,50447,3,364,0,-3,0,-14,0,7,50447,0
50472120,50457,3,364,0,-3,0,-4,0,7,50457,0
50482118,50467,3,364,0,-10,0,-4,0,7,50467,0
50492118,50477,3,364,0,-3,0,-4,0,7,50477,0
50502122,50487,3,364,0,-10,0,-14,0,7,50487,0
50512118,50497,3,364,0,-10,0,-4,0,7,50497,0
50522120,50507,3,364,0,3,0,-14,0,7,50507,0
50532135,50517,3,364,0,-10,0,-4,0,7,50517,0
50542118,50527,3,364,0,-3,0,-14,0,7,50527,0
50552122,50537,3,364,0,-3,0,-4,0,7,50537,0
50562118,50547,3,364,0,-3,0,-14,0,7,50547,0
50572120,50557,3,364,0,3,0,-4,0,7,50557,0
50582118,50567,3,364,0,-10,0,-4,0,7,50567,0
50592122,50577,3,364,0,-3,0,-4,0,7,50577,0
50602133,50587,3,364,0,3,0,-14,0,7,50587,0
50612118,50597,3,364,0,-10,0,-14,0,7,50597,0
50622120,50607,3,364,0,-3,0,-4,0,7,50607,0
50632119,50617,3,364,0,-3,0,-4,0,7,50617,0
50642122,50627,3,364,0,-3,0,-14,0,7,50627,0
50652118,50637,3,364,0,3,0,-4,0,7,50637,0
50662118,50647,3,364,0,-3,0,-4,0,7,50647,0
50672135,50657,3,364,0,-10,0,-4,0,7,50657,0
50682118,50667,3,364,0,-18,0,-4,0,7,50667,0
50692122,50677,3,364,0,10,0,-4,0,7,50677,0
50702118,50687,3,364,0,-10,0,-4,0,7,50687,0
50712120,50697,3,364,0,3,0,-4,0,7,50697,0
50722118,50707,3,364,0,-10,0,-4,0,7,50707,0
50732119,50717,3,364,0,-3,0,-4,0,7,50717,0
50742137,50727,3,364,0,10,0,-14,0,7,50727,0
50752118,50737,3,364,0,3,0,-14,0,7,50737,0
50762120,50747,3,364,0,-3,0,-14,0,7,50747,0
50772118,50757,3,364,0,-10,0,-14,0,7,50757,0
50782118,50767,3,364,0,-10,0,-14,0,7,50767,0
50792122,50777,3,364,0,-3,0,-14,0,7,50777,0
50802118,50787,3,364,0,3,0,-14,0,7,50787,0
50812135,50797,3,364,0,-3,0,-14,0,7,50797,0
50822118,50807,3,364,0,-3,0,-4,0,7,50807,0
50832119,50817,3,364,0,-10,0,-14,0,7,50817,0
50842122,50827,3,364,0,3,0,-14,0,7,50827,0
50852118,50837,3,364,0,-3,0,-4,0,7,50837,0
50862120,50847,3,364,0,3,0,-4,0,7,50847,0
50872118,50857,3,364,0,-10,0,-14,0,7,50857,0
50882133,50867,3,364,0,3,0,-4,0,7,50867,0
50892118,50877,3,364,0,3,0,-14,0,7,50877,0
50902118,50887,3,364,0,-3,0,-4,0,7,50887,0
50912120,50897,3,364,0,-10,0,-14,0,7,50897,0
50922118,50907,3,364,0,-10,0,-4,0,7,50907,0
50932120,50917,3,364,0,-10,0,-4,0,7,50917,0
50942118,50927,3,364,0,-3,0,-14,0,7,50927,0
50952133,50937,3,364,0,-10,0,-4,0,7,50937,0
50962120,50947,3,364,0,3,0,-4,0,7,50947,0
50972118,50957,3,364,0,-3,0,-4,0,7,50957,0
50982122,50967,3,364,0,-3,0,-4,0,7,50967,0
50992118,50977,3,364,0,10,0,-4,0,7,50977,0
51002118,50987,3,364,0,-3,0,-4,0,7,50987,0
51012118,50997,3,364,0,3,0,-14,0,7,50997,0
51022133,51007,3,364,0,-10,0,-14,0,7,51007,0
51032122,51017,3,364,0,3,0,-4,0,7,51017,0
51042118,51027,3,364,0,-3,0,-4,0,7,51027,0
51052118,51037,3,364,0,3,0,-4,0,7,51037,0
51062118,51047,3,364,0,3,0,-14,0,7,51047,0
51072118,51057,3,364,0,-3,0,-4,0,7,51057,0
51082122,51067,3,364,0,-3,0,-4,0,7,51067,0
51092133,51077,3,364,0,-3,0,-14,0,7,51077,0
51102120,51087,3,364,0,-3,0,-14,0,7,51087,0
51112118,51097,3,364,0,-3,0,-4,0,7,51097,0
51122118,51107,3,364,0,3,0,-4,0,7,51107,0
51132123,51117,3,364,0,-3,0,-14,0,7,51117,0
51142118,51127,3,364,0,-3,0,-4,0,7,51127,0
51152120,51137,3,364,0,-10,0,-4,0,7,51137,0
51162133,51147,3,364,0,-10,0,-4,0,7,51147,0
51172118,51157,3,364,0,3,0,-4,0,7,51157,0
51182118,51167,3,364,0,-10,0,-14,0,7,51167,0
51192118,51177,3,364,0,-10,0,-4,0,7,51177,0
51202120,51187,3,364,0,3,0,-14,0,7,51187,0
51212118,51197,3,364,0,-3,0,-14,0,7,51197,0
51222118,51207,3,364,0,-3,0,-4,0,7,51207,0
51232134,51217,3,364,0,-10,0,-14,0,7,51217,0
51242118,51227,3,364,0,-10,0,-14,0,7,51227,0
51252120,51237,3,364,0,3,0,-4,0,7,51237,0
51262118,51247,3,364,0,-3,0,-4,0,7,51247,0
51272122,51257,3,364,0,3,0,-4,0,7,51257,0
51282118,51267,3,364,0,-10,0,-4,0,7,51267,0
51292118,51277,3,364,0,-3,0,-14,0,7,51277,0
51302134,51287,3,364,0,-10,0,-4,0,7,51287,0
51312118,51297,3,364,0,-3,0,-4,0,7,51297,0
51322122,51307,3,364,0,-3,0,-14,0,7,51307,0
51332119,51317,3,364,0,-3,0,-14,0,7,51317,0
51342118,51327,3,364,0,-3,0,-4,0,7,51327,0
51352118,51337,3,364,0,-3,0,-4,0,7,51337,0
51362118,51347,3,364,0,-10,0,-14,0,7,51347,0
51372137,51357,3,364,0,10,0,-4,0,7,51357,0
51382118,51367,3,364,0,-10,0,-14,0,7,51367,0
51392120,51377,3,364,0,3,0,-14,0,7,51377,0
51402119,51387,3,364,0,-10,0,-4,0,7,51387,0
51412119,51397,3,364,0,-3,0,-14,0,7,51397,0
51422121,51407,3,364,0,10,0,-4,0,7,51407,0
51432119,51417,3,364,0,3,0,-14,0,7,51417,0
51442135,51427,3,364,0,3,0,-14,0,7,51427,0
51452118,51437,3,364,0,3,0,-4,0,7,51437,0
51462118,51447,3,364,0,-3,0,-4,0,7,51447,0
51472118,51457,3,364,0,-3,0,-14,0,7,51457,0
51482118,51467,3,364,0,-10,0,-14,0,7,51467,0
51492120,51477,3,364,0,-3,0,-4,0,7,51477,0
51502119,51487,3,364,0,-18,0,-14,0,7,51487,0
51512134,51497,3,364,0,3,0,-4,0,7,51497,0
51522118,51507,3,364,0,3,0,-4,0,7,51507,0
51532119,51517,3,364,0,-10,0,-14,0,7,51517,0
51542120,51527,3,364,0,-10,0,-14,0,7,51527,0
51552118,51537,3,364,0,-10,0,-4,0,7,51537,0
51562121,51547,3,364,0,3,0,-4,0,7,51547,0
51572118,51557,3,364,0,-3,0,-4,0,7,51557,0
51582133,51567,3,364,0,-18,0,-4,0,7,51567,0
51592118,51577,3,364,0,3,0,-4,0,7,51577,0
51602119,51587,3,364,0,-3,0,-4,0,7,51587,0
51612122,51597,3,364,0,-3,0,-14,0,7,51597,0
51622118,51607,3,364,0,-10,0,-14,0,7,51607,0
51632119,51617,3,364,0,-3,0,-4,0,7,51617,0
51642118,51627,3,364,0,-18,0,-4,0,7,51627,0
51652133,51637,3,364,0,3,0,-4,0,7,51637,0
51662122,51647,3,364,0,-18,0,-14,0,7,51647,0
51672118,51657,3,364,0,-3,0,-4,0,7,51657,0
51682120,51667,3,364,0,3,0,-4,0,7,51667,0
51692118,51677,3,364,0,-18,0,-14,0,7,51677,0
51702118,51687,3,364,0,-10,0,-4,0,7,51687,0
51712122,51697,3,364,0,-3,0,-4,0,7,51697,0
51722133,51707,3,364,0,3,0,-4,0,7,51707,0
51732121,51717,3,364,0,-10,0,-4,0,7,51717,0
51742118,51727,3,364,0,3,0,-4,0,7,51727,0
51752118,51737,3,364,0,-3,0,-4,0,7,51737,0
51762118,51747,3,364,0,3,0,-4,0,7,51747,0
51772118,51757,3,364,0,10,0,-4,0,7,51757,0
51782120,51767,3,364,0,-3,0,-14,0,7,51767,0
51792133,51777,3,364,0,3,0,-4,0,7,51777,0
51802118,51787,3,364,0,-10,0,-4,0,7,51787,0
51812118,51797,3,364,0,-3,0,-4,0,7,51797,0
